Feature	Gain	Cover	Frequency
urban_wealth_interaction	0.295914675317036	0.00164373390420197	0.000847314014573801
NE.CON.PRVT.PC.KD	0.206044034536255	0.0008890908980512	0.000847314014573801
SP.URB.TOTL.IN.ZS	0.1793593991437	0.00121957249039999	0.000677851211659041
rural_poverty_interaction	0.0708892873577677	0.00185624831398007	0.00101677681748856
economic_capacity_index	0.0674907918855627	0.00113109710347197	0.00118623962040332
SP.POP.2024.FE.5Y_rank	0.0251303643258258	0.00203406649359031	0.00101677681748856
SH.DTH.MORT_lag1	0.0199657142156353	0.000148326383967566	0.00016946280291476
SH.DTH.NMRT_delta1	0.0123155375214944	0.000888223492297003	0.00101677681748856
EN.URB.LCTY_min2	0.00966162173440587	0.000145724166704977	0.00016946280291476
BG.GSR.NFSV.GD.ZS_max2	0.0085452502357125	0.00232378001549187	0.00152516522623284
YearsSinceFirst	0.0077913867865391	0.000217718844303269	0.000508388408744281
NY.GDP.DEFL.ZS	0.0061899102898186	0.000567283363244375	0.00101677681748856
SP.DYN.LE00.FE.IN	0.00516174290458548	0.000169144122068277	0.000677851211659041
SE.TER.ENRR_lag1	0.00457043370022892	0.00855869257665482	0.00508388408744281
BG.GSR.NFSV.GD.ZS	0.00433593045394365	0.000690454980340249	0.000847314014573801
EN.URB.LCTY	0.00382077277730392	7.63317063692737e-05	0.00016946280291476
EN.GHG.N2O.BU.MT.CE.AR5_min2	0.00338941218472385	0.000117967182570696	0.00033892560582952
NY.GDP.PCAP.CD	0.00323581460170956	0.000377321503075387	0.00016946280291476
SH.IMM.MEAS_rank	0.00321035776045072	0.000938533026040388	0.000847314014573801
EG.ELC.PETR.ZS_avg2	0.00293358318533743	0.000418956979276809	0.00033892560582952
EN.GHG.N2O.PI.MT.CE.AR5_max2	0.00275968027646818	0.000275835029834421	0.00033892560582952
SP.POP.6569.FE.5Y_delta1	0.00258584079980515	0.00215376848766939	0.00186409083206236
ER.FSH.AQUA.MT_min2	0.00251102199102681	0.000182155208381221	0.00033892560582952
FP.CPI.TOTL_rank	0.00222286747099211	0.000351299330449498	0.000677851211659041
SP.POP.2024.MA.5Y_lag1	0.00214564451886741	0.00200630950945602	0.00101677681748856
DT.ODA.ODAT.GN.ZS	0.00209592028200857	0.0011232904516842	0.000677851211659041
SP.POP.5054.FE.5Y_lag1	0.00192644519625399	0.00120222437531606	0.000847314014573801
NV.AGR.TOTL.KD_lag1	0.0018647197339751	0.00023159733637041	0.00016946280291476
BX.GSR.CMCP.ZS_avg2	0.00147215591086449	0.000138784920671407	0.00033892560582952
NV.SRV.TOTL.ZS_rank	0.00143279719653591	0.000150928601230155	0.00016946280291476
SP.DYN.IMRT.IN	0.00140322058304048	0.00039293480665092	0.000508388408744281
NE.CON.PRVT.PC.KD_min2	0.00138296093081125	8.50057639112366e-05	0.00016946280291476
NE.TRD.GNFS.ZS_lag1	0.00135844871565413	0.00202365762453995	0.00118623962040332
SP.DYN.LE00.MA.IN	0.00124772455889866	0.000226392901845232	0.00033892560582952
NV.IND.TOTL.CN_lag1	0.00112123167519348	0.000228995119107821	0.00016946280291476
TX.VAL.MRCH.WR.ZS_rank	0.00109242742166347	8.58731696654329e-05	0.00016946280291476
EN.GHG.CH4.WA.MT.CE.AR5_max2	0.0010341129867624	0.000155265630001136	0.00033892560582952
EN.GHG.N2O.PI.MT.CE.AR5	0.00101327736322727	8.58731696654329e-05	0.00016946280291476
FP.CPI.TOTL	0.000924976555759861	0.00224224387459742	0.00288086764955092
SP.POP.5559.MA.5Y	0.000856926965397078	0.0050769258793109	0.00271140484663616
NE.EXP.GNFS.CN_lag1	0.000811317239479719	0.000136182703408818	0.00033892560582952
SP.POP.0014.MA.ZS	0.000789206471004634	0.0101876805830355	0.00457549567869853
SE.PRM.TCHR_rank	0.000655742900643453	0.00033221640385718	0.000847314014573801
SP.POP.4549.FE.5Y_rank	0.000651975619243772	0.000379923720337976	0.00033892560582952
SE.TER.ENRR	0.000633591329164661	0.0120057630438309	0.00711743772241993
AG.LND.AGRI.ZS	0.000631476901762932	0.000564681145981786	0.000677851211659041
economic_capacity_index_lag1	0.000623400375823614	0.000196901106202558	0.000508388408744281
SP.POP.4549.MA.5Y_lag1	0.000622809559794496	0.0064578358399914	0.00305033045246568
TX.VAL.MRCH.RS.ZS_rank	0.00060843511243792	0.000280172058605402	0.00016946280291476
SH.MMR.RISK_lag1	0.000567357539197394	0.000552537465423038	0.00033892560582952
FP.CPI.TOTL_min2	0.000541554218013029	0.00112676007470098	0.00186409083206236
NY.ADJ.NNTY.PC.CD	0.000521211503285636	0.00332650106734278	0.0025419420437214
SP.DYN.LE00.MA.IN_lag1	0.000497056731400726	0.000677443894027304	0.000677851211659041
FM.AST.NFRG.CN	0.000493038390225621	0.000824035466486478	0.000847314014573801
BX.GRT.EXTA.CD.WD_min2	0.000492033590606513	0.000195166294694166	0.00016946280291476
SP.POP.0509.MA.5Y	0.00045621487146356	0.0109570694870076	0.00525334689035757
NE.CON.PRVT.PC.KD_lag1	0.000441824943958467	4.33702877098146e-05	0.00016946280291476
EG.USE.PCAP.KG.OE	0.000441150852708046	0.00894121851425538	0.00423657007286901
FI.RES.TOTL.CD_lag1	0.000425123619209382	0.000425028819556183	0.000508388408744281
IT.CEL.SETS.P2_lag1	0.000405075921190982	0.00217892325454109	0.0016946280291476
BM.GSR.NFSV.CD_max2	0.000392652149453921	6.07184027937405e-05	0.00033892560582952
BM.TRF.PWKR.CD.DT_min2	0.000380940435306041	0.000686985357323464	0.000677851211659041
SM.POP.RHCR.EA_delta1	0.000354198407168195	0.00124993169179686	0.00203355363497712
TM.VAL.MRCH.R5.ZS_delta1	0.0003355943274856	0.000652289127155612	0.00135570242331808
DT.ODA.ALLD.CD_min2	0.000331744064401991	0.000182155208381221	0.00016946280291476
TX.VAL.MRCH.RS.ZS	0.000293935652713612	0.000583764072574105	0.00033892560582952
NY.GDP.FRST.RT.ZS_lag1	0.000292850165736768	0.000375586691566995	0.00033892560582952
SP.RUR.TOTL.ZS_delta1	0.000292487090132488	0.00195426516420425	0.0016946280291476
DT.ODA.ALLD.CD_rank	0.000287887389073634	0.000377321503075387	0.00016946280291476
SP.POP.0509.MA.5Y_lag1	0.000284114174116521	0.00324496492644833	0.00152516522623284
SP.POP.80UP.FE.5Y_delta1	0.000281869948780982	0.0050526385181934	0.00237247924080664
SH.DYN.MORT.FE	0.000266212122004196	0.000652289127155612	0.000508388408744281
SP.POP.6569.MA.5Y_lag1	0.000265472911576656	8.76079811738255e-05	0.00016946280291476
SP.POP.5559.MA.5Y_lag1	0.000261234225837691	0.00773812673318512	0.00355871886120996
SP.POP.80UP.MA.5Y_lag1	0.000252993680494541	0.00149974454900539	0.00118623962040332
FS.AST.CGOV.GD.ZS_min2	0.000250325615776299	0.000151796006984351	0.000508388408744281
DC.DAC.TOTL.CD	0.000247121851906772	0.000434570282852342	0.00033892560582952
EG.USE.PCAP.KG.OE_lag1	0.00024446025550102	0.00637543229334275	0.00305033045246568
BM.GSR.NFSV.CD_lag1	0.000238724607871432	0.000280172058605402	0.00016946280291476
SP.POP.2529.MA.5Y_lag1	0.0002322820931046	0.000499625714417064	0.00033892560582952
DC.DAC.CANL.CD_rank	0.000222296502810888	0.00125513612632203	0.00101677681748856
SP.DYN.CBRT.IN	0.000219948391064308	0.0042346748919863	0.00203355363497712
NY.GDP.PCAP.KD	0.000216274109713167	0.000351299330449498	0.000508388408744281
IT.CEL.SETS.P2	0.000216101092914331	0.000742499325592026	0.000677851211659041
AG.LND.AGRI.ZS_rank	0.000215899884777833	0.000222055873074251	0.00016946280291476
IT.MLT.MAIN.P2_tend2	0.000215477314129243	0.00155178889425717	0.00101677681748856
EN.GHG.CH4.TR.MT.CE.AR5_avg2	0.000212928242437674	5.46465625143664e-05	0.00016946280291476
SP.POP.0509.FE.5Y	0.000212221805021919	0.00710058350385085	0.00355871886120996
AG.LND.AGRI.K2_ratioavg2	0.000202917279760292	0.0126302951868522	0.00643958651076089
NY.ADJ.NNTY.PC.CD_lag1	0.000190485243365014	0.000696526820619623	0.000677851211659041
DC.DAC.CECL.CD	0.000182426292221466	0.000963687792912081	0.00118623962040332
AG.YLD.CREL.KG	0.000179533028271976	0.000495288685646083	0.000508388408744281
NV.AGR.TOTL.ZS_lag1	0.000178296749902318	0.000382525937600565	0.00033892560582952
SP.POP.4044.FE.5Y_delta1	0.000174330265940318	0.00211213301146797	0.00118623962040332
FP.CPI.TOTL_max2	0.000173503541058829	0.000744234137100419	0.00101677681748856
NY.GDP.DEFL.ZS_lag1	0.00017247291827598	0.000574222609277946	0.000847314014573801
PA.NUS.FCRF_lag1	0.000170064377680787	0.00344099862689669	0.0016946280291476
NY.GSR.NFCY.CD	0.000158499785904906	0.000287111304638973	0.00033892560582952
SP.POP.5559.FE.5Y	0.000148188868021246	0.00276789176164037	0.0016946280291476
SP.DYN.AMRT.MA	0.000146775201461309	0.00246603455918006	0.00152516522623284
AG.LND.AGRI.K2_min2	0.000140370459587434	0.000377321503075387	0.00016946280291476
BX.GRT.EXTA.CD.WD_max2	0.000128014349237811	0.000327011969332002	0.000508388408744281
SP.POP.5054.MA.5Y_lag1	0.000124963556226025	0.00159862880498377	0.000847314014573801
YearsSinceFirst_lag1	0.000119632153439896	7.28620833524886e-05	0.00016946280291476
TM.VAL.SERV.CD.WT	0.000113732616997436	3.38288244136554e-05	0.00016946280291476
EN.GHG.N2O.FE.MT.CE.AR5	0.000110550461101129	0.000661830590451771	0.000677851211659041
NE.GDI.TOTL.ZS_delta1	0.000110520701511333	0.000242873611174962	0.000847314014573801
SH.IMM.MEAS_lag1	0.000107936129128273	0.000152663412738547	0.00016946280291476
SP.POP.TOTL.FE.IN_delta1	0.000104484095610178	8.15361408944515e-05	0.00033892560582952
NY.GSR.NFCY.CN	0.000100378611629044	0.000425028819556183	0.000677851211659041
SP.POP.3034.FE.5Y_delta1	9.58256830997609e-05	0.00156393257481591	0.000847314014573801
DC.DAC.CECL.CD_tend2	9.12652068198071e-05	0.00104522393380653	0.00118623962040332
SP.POP.5054.FE.5Y	8.95706139527669e-05	0.000824035466486478	0.000508388408744281
SP.POP.5559.FE.5Y_lag1	8.7884385786694e-05	0.00523219150931204	0.0025419420437214
DC.DAC.DEUL.CD_min2	8.60799237562487e-05	0.000222055873074251	0.000508388408744281
DC.DAC.JPNL.CD_lag1	8.51985436037286e-05	0.00020123813497354	0.000677851211659041
SP.POP.0509.FE.5Y_lag1	8.06576791120356e-05	0.00143208690017808	0.000677851211659041
SP.POP.6064.MA.5Y_lag1	8.05303308547113e-05	0.000588968507099282	0.00033892560582952
SP.POP.1564.TO.ZS_rank	7.83797911494027e-05	0.00013791751491721	0.00016946280291476
SP.POP.3539.MA.5Y_delta1	7.50793870977165e-05	0.000294050550672543	0.000677851211659041
TM.VAL.MRCH.R1.ZS_lag1	7.43517022859501e-05	0.000146591572459173	0.00033892560582952
SP.POP.6064.MA.5Y	7.14175251602858e-05	0.000451918397936268	0.000508388408744281
SP.POP.1014.FE.5Y_lag1	7.03691541536591e-05	0.000310531260002273	0.00033892560582952
NE.EXP.GNFS.CN	7.01382374653754e-05	0.000299254985197721	0.000508388408744281
SP.POP.7074.MA.5Y_lag1	6.8181116153895e-05	0.000841383581570404	0.000677851211659041
SM.POP.RHCR.EO_lag1	6.69406664203994e-05	0.000948074489336547	0.00101677681748856
DT.ODA.ODAT.CD	6.66521976021176e-05	0.000271498001063439	0.00033892560582952
EN.GHG.CO2.FE.MT.CE.AR5	6.27186386928114e-05	0.000219453655811662	0.00033892560582952
NY.ADJ.DNGY.GN.ZS_isNA_rank	6.22008810025587e-05	0.000243741016929158	0.000677851211659041
DC.DAC.GBRL.CD_isNA_rank	6.14646995261091e-05	0.0027609525156068	0.00237247924080664
SP.POP.0014.MA.IN	6.03509452093244e-05	5.6381374022759e-05	0.00016946280291476
NY.GSR.NFCY.CN_lag1	5.8733218976342e-05	0.000709537906932567	0.000508388408744281
SE.SEC.ENRR.MA	5.67190624089178e-05	0.00216504476247395	0.00186409083206236
IT.CEL.SETS.P2_max2	5.63883098815058e-05	0.000519576046763579	0.000677851211659041
NE.IMP.GNFS.KD_delta1	5.50698741056102e-05	0.00147892681090468	0.00118623962040332
AG.LND.AGRI.K2_ratiomax2	5.50286841421535e-05	0.00324062789767735	0.00186409083206236
SP.POP.1014.MA.5Y	5.31270288318091e-05	0.00144336317498263	0.000847314014573801
FM.AST.DOMS.CN_avg2	4.75204037234675e-05	0.000965422604420473	0.000677851211659041
TX.VAL.FOOD.ZS.UN_delta1	4.75119901478007e-05	0.000804085134139963	0.00186409083206236
year	4.72287604713213e-05	0.00536056756093309	0.00508388408744281
SP.POP.65UP.MA.ZS_lag1	4.69458165763331e-05	0.000349564518941106	0.00016946280291476
BX.PEF.TOTL.CD.WD_avg2	4.62634475151144e-05	0.000229862524862017	0.000677851211659041
BX.KLT.DINV.WD.GD.ZS_lag1	4.54107653663038e-05	0.000778062961514074	0.00101677681748856
SH.IMM.IDPT	4.43135419544133e-05	0.000433702877098146	0.00101677681748856
SH.DYN.NMRT	4.33419599675446e-05	0.0013340700499539	0.000847314014573801
EN.GHG.N2O.TR.MT.CE.AR5	4.32319232099708e-05	6.2453214302133e-05	0.00016946280291476
IT.CEL.SETS.P2_tend2	4.29450819501118e-05	0.00270196892432145	0.00203355363497712
DC.DAC.CECL.CD_max2	4.1397201268397e-05	0.000240271393912373	0.000508388408744281
SP.POP.0004.MA.5Y_lag1	4.13036848500975e-05	0.0013809099606805	0.000847314014573801
EN.GHG.CH4.TR.MT.CE.AR5_ratiomax2	4.11408787504691e-05	0.000338288244136554	0.00033892560582952
EN.GHG.CH4.PI.MT.CE.AR5_tend2	4.01499925570831e-05	0.00400481236712428	0.00237247924080664
NV.IND.MANF.KD	3.98038030977159e-05	0.000411150327489043	0.000508388408744281
SP.POP.1014.FE.5Y	3.95785574357271e-05	0.00220234320990439	0.00118623962040332
SP.POP.7074.FE.5Y_delta1	3.84389685646979e-05	0.00047967538207055	0.000847314014573801
NY.GNP.PCAP.CD_delta1	3.72827453822025e-05	0.00255537735186228	0.00152516522623284
SP.POP.1519.FE.5Y	3.66666533372489e-05	0.000424161413801987	0.000508388408744281
FM.AST.PRVT.GD.ZS_max2	3.64704739165828e-05	0.000190829265923184	0.00033892560582952
AG.LND.PRCP.MM	3.61470621025718e-05	8.84753869280218e-05	0.00016946280291476
SP.DYN.CBRT.IN_rank	3.60265502100682e-05	5.46465625143664e-05	0.00016946280291476
AG.PRD.FOOD.XD_lag1	3.5792934745285e-05	0.000911643447660303	0.000847314014573801
IT.CEL.SETS	3.51216386051304e-05	0.00116145630486884	0.00118623962040332
EG.USE.PCAP.KG.OE_min2	3.50057957805701e-05	0.000728620833524885	0.00033892560582952
SP.POP.5559.MA.5Y_delta1	3.45663863290352e-05	0.000554272276931431	0.000677851211659041
FM.AST.DOMS.CN_tend2	3.38030918614224e-05	0.0013332026441997	0.00101677681748856
SP.DYN.AMRT.FE_rank	3.25282407949809e-05	0.000761582252184345	0.000508388408744281
IT.CEL.SETS_tend2	3.08039430341562e-05	0.00371683365673111	0.00220301643789188
NY.GDP.FCST.KD	2.87752138414047e-05	0.000291448333409954	0.00033892560582952
NY.GDP.PETR.RT.ZS	2.83969950798899e-05	0.000521310858271972	0.000677851211659041
EG.ELC.COAL.ZS_lag1	2.80051361653252e-05	4.42376934640109e-05	0.00016946280291476
NY.GNP.PCAP.CN_lag1	2.78292007192988e-05	0.000186492237152203	0.00016946280291476
NY.GDP.PETR.RT.ZS_delta1	2.77152983102925e-05	0.000187359642906399	0.000508388408744281
SE.PRM.ENRL	2.68267448718541e-05	0.000134447891900425	0.000508388408744281
BX.KLT.DINV.WD.GD.ZS_max2	2.66641037701129e-05	0.000320072723298432	0.000847314014573801
AG.CON.FERT.ZS_lag1	2.64105779855569e-05	0.00215029886465261	0.0016946280291476
TM.VAL.FUEL.ZS.UN	2.5545622167519e-05	0.000534321944584916	0.00118623962040332
FM.AST.NFRG.CN_rank	2.54344044157477e-05	0.000151796006984351	0.00016946280291476
TX.VAL.FOOD.ZS.UN_rank	2.53991673506622e-05	0.000831842118274244	0.000508388408744281
FP.CPI.TOTL.ZG_tend2	2.47060204315615e-05	0.000600244781903834	0.00118623962040332
FM.AST.NFRG.CN_avg2	2.44510059372556e-05	5.29117510059738e-05	0.00016946280291476
TM.VAL.MRCH.AL.ZS_lag1	2.42846816754551e-05	0.000237669176649784	0.000677851211659041
SP.POP.2529.FE.5Y_delta1	2.41612620190222e-05	0.000661830590451771	0.000677851211659041
NY.GNP.PCAP.CD	2.41363085401242e-05	0.000397271835421902	0.00033892560582952
SP.POP.0014.FE.ZS	2.34353217564592e-05	0.00240011172186114	0.00135570242331808
SP.DYN.CDRT.IN_lag1	2.2848556883401e-05	0.00127855608168533	0.00135570242331808
SP.RUR.TOTL.ZS_rank	2.25112270023184e-05	0.000732957862295867	0.000508388408744281
EN.GHG.CO2.IC.MT.CE.AR5_ratiomax2	2.16218058209304e-05	5.46465625143664e-05	0.00016946280291476
NY.GDS.TOTL.ZS_lag1	2.1257798123493e-05	0.00299601947499399	0.00152516522623284
BM.GSR.FCTY.CD_ratioavg2	2.09452623247921e-05	0.000108425719274537	0.00033892560582952
TM.VAL.MRCH.HI.ZS_lag1	2.06143892796283e-05	0.00022465809033684	0.00033892560582952
EN.POP.DNST_tend2	2.00143541893163e-05	0.00104609133956073	0.00101677681748856
EN.GHG.CH4.BU.MT.CE.AR5	1.96406958505621e-05	0.000160470064526314	0.000508388408744281
IT.CEL.SETS.P2_delta1	1.93797143534235e-05	0.0010998704963209	0.000847314014573801
SP.POP.GROW_delta1	1.93634591282528e-05	0.000861333913916918	0.00118623962040332
SP.POP.4044.MA.5Y_delta1	1.93557170965898e-05	0.00183022614135418	0.00101677681748856
SE.PRM.ENRR_rank	1.92230821443043e-05	3.81658531846369e-05	0.00016946280291476
TM.VAL.MRCH.R4.ZS	1.91757213228147e-05	0.000103221284749359	0.00016946280291476
PA.NUS.ATLS_lag1	1.88734054096326e-05	3.20940129052628e-05	0.00016946280291476
AG.PRD.CROP.XD_lag1	1.87047678160326e-05	0.000288846116147365	0.00033892560582952
FM.AST.DOMS.CN_ratioavg2	1.86866015846445e-05	0.000513504206484205	0.000847314014573801
DC.DAC.JPNL.CD_tend2	1.81326043950815e-05	0.00095674854687851	0.00118623962040332
SP.POP.1564.FE.ZS_delta1	1.78838906147872e-05	0.0008422509873246	0.000847314014573801
BX.GSR.FCTY.CD_tend2	1.77439178564928e-05	0.00262476981219798	0.0016946280291476
SP.POP.1564.FE.ZS_lag1	1.76059887956403e-05	0.0010053232691135	0.000677851211659041
EN.GHG.CO2.BU.MT.CE.AR5_max2	1.71462795388704e-05	0.000130110863129444	0.00033892560582952
NY.GDP.MINR.RT.ZS_delta1	1.71167681646155e-05	0.000196033700448362	0.000508388408744281
DC.DAC.FRAL.CD_lag1	1.70866224046412e-05	0.00036951485128762	0.000847314014573801
SP.POP.1519.MA.5Y	1.70248387466921e-05	0.000306194231231291	0.00033892560582952
ER.FSH.CAPT.MT_ratioavg2	1.69724644463603e-05	0.000401608864192883	0.000847314014573801
SP.POP.3539.FE.5Y_delta1	1.62384620003096e-05	0.00100358845760511	0.00118623962040332
EG.USE.PCAP.KG.OE_avg2	1.61482217592429e-05	0.00181027580900766	0.000847314014573801
EN.GHG.N2O.IP.MT.CE.AR5_lag1	1.58907922825677e-05	8.93427926822181e-05	0.00016946280291476
IT.CEL.SETS_delta1	1.57737710392904e-05	0.00373504917756923	0.00203355363497712
SP.RUR.TOTL.ZS	1.57032013259943e-05	0.00162118135459287	0.00118623962040332
NV.IND.MANF.KD_delta1	1.55145780629793e-05	0.00115972149336044	0.00203355363497712
TX.VAL.FOOD.ZS.UN_lag1	1.54257287039336e-05	0.000431100659835557	0.000508388408744281
BM.GSR.TRAN.ZS_tend2	1.51760224356526e-05	0.000140519732179799	0.000508388408744281
NY.GDP.FCST.KD_isNA_rank	1.51307094464114e-05	0.000318337911790039	0.000847314014573801
TM.VAL.TRVL.ZS.WT_delta1	1.49808571485173e-05	0.000282774275867991	0.000508388408744281
EG.ELC.COAL.ZS_delta1	1.47988926620886e-05	0.000987975154029577	0.000847314014573801
EN.GHG.CO2.IC.MT.CE.AR5_ratioavg2	1.41439192701935e-05	0.000520443452517775	0.000677851211659041
TX.VAL.MANF.ZS.UN_isNA_rank	1.40573009299763e-05	0.000389465183634135	0.00101677681748856
SP.RUR.TOTL.ZG	1.39182352123197e-05	0.00040941551598065	0.000508388408744281
BX.GSR.GNFS.CD_isNA_rank	1.37325302569333e-05	0.00155352370576556	0.00237247924080664
FS.AST.PRVT.GD.ZS_tend2	1.35624160002045e-05	0.000236801770895588	0.000508388408744281
EN.GHG.N2O.BU.MT.CE.AR5_delta1	1.33145080627452e-05	0.00069479200911123	0.00101677681748856
NE.CON.TOTL.KD.ZG_ratioavg2	1.27402528738146e-05	0.0014728549706253	0.00186409083206236
BX.KLT.DINV.WD.GD.ZS	1.26704978930636e-05	0.00071821196447453	0.000677851211659041
EN.GHG.ALL.PC.CE.AR5_lag1	1.26689994834219e-05	0.000555139682685627	0.000677851211659041
AG.PRD.LVSK.XD_avg2	1.24554240803555e-05	0.000162204876034707	0.00033892560582952
TX.VAL.MRCH.R6.ZS_lag1	1.22618428459243e-05	0.000523913075534561	0.00118623962040332
AG.LND.AGRI.K2_tend2	1.1983553754034e-05	0.000217718844303269	0.00033892560582952
SE.SEC.ENRR	1.18030107427581e-05	0.00381571791270949	0.00372818166412472
NY.ADJ.DMIN.GN.ZS_lag1	1.15890582024212e-05	0.000200370729219344	0.00033892560582952
BX.GSR.GNFS.CD_avg2	1.14082055766277e-05	0.000342625272907535	0.00016946280291476
TM.VAL.MRCH.WR.ZS	1.13814311171199e-05	0.000647084692630434	0.000508388408744281
TX.VAL.MRCH.R3.ZS_rank	1.13336675817311e-05	0.000121436805587481	0.000508388408744281
BM.KLT.DINV.WD.GD.ZS_ratioavg2	1.12101927023765e-05	0.000529117510059738	0.000847314014573801
DT.ODA.ODAT.PC.ZS	1.10027116656712e-05	0.000642747663859453	0.000677851211659041
SP.DYN.LE00.IN_delta1	1.04217782744333e-05	0.000207309975252914	0.000508388408744281
DT.ODA.ODAT.KD_isNA_rank	1.02229971726551e-05	0.000843985798832992	0.00135570242331808
SP.DYN.TFRT.IN	1.00971721095298e-05	0.00377321503075387	0.0016946280291476
NY.GNP.MKTP.CD_isNA_rank	1.00250556541035e-05	0.000371249662796013	0.000508388408744281
SP.POP.1014.FE.5Y_delta1	1.00174225462292e-05	0.00251807890443184	0.00135570242331808
DT.NFL.UNDP.CD_ratioavg2	9.74079281723073e-06	0.00210085673666342	0.00237247924080664
NV.AGR.TOTL.CD_isNA_rank	9.70385602775386e-06	0.00362228642952372	0.00271140484663616
TX.VAL.MRCH.R4.ZS_delta1	9.66885148859778e-06	4.1635476201422e-05	0.00016946280291476
BM.GSR.INSF.ZS_delta1	9.53785762037775e-06	0.000475338353299568	0.00101677681748856
TM.VAL.MRCH.R2.ZS_delta1	9.49296433657089e-06	0.000246343234191747	0.000508388408744281
SP.POP.5559.FE.5Y_delta1	9.43498730709947e-06	7.02598660898997e-05	0.00033892560582952
EN.GHG.CO2.PC.CE.AR5	9.37833114023691e-06	0.00102527360146002	0.000677851211659041
AG.PRD.CROP.XD_max2	9.35629569702311e-06	0.000427631036818772	0.000508388408744281
FP.CPI.TOTL_ratioavg2	9.20049020583346e-06	0.000367780039779228	0.000508388408744281
IT.MLT.MAIN.P2	8.71457897522788e-06	0.000407680704472257	0.000508388408744281
NY.GDS.TOTL.ZS_isNA_rank	8.61602473891758e-06	0.000430233254081361	0.000847314014573801
NY.GDP.PCAP.KD.ZG_rank	8.56436306674624e-06	2.86243898884776e-05	0.00016946280291476
NV.SRV.TOTL.KD.ZG_rank	8.2851759929341e-06	0.000153530818492744	0.00033892560582952
EN.GHG.CH4.FE.MT.CE.AR5_ratiomax2	8.2277710738497e-06	0.000202972946481932	0.000508388408744281
SP.POP.2024.FE.5Y_delta1	8.14953046227459e-06	0.000994914400063147	0.000677851211659041
NE.CON.TOTL.KD.ZG_min2	7.93737108649531e-06	0.000579427043803123	0.000677851211659041
PA.NUS.FCRF_delta1	7.91767418037071e-06	0.00378102168254164	0.00203355363497712
TM.VAL.TRAN.ZS.WT	7.88589877760862e-06	0.00105563280285689	0.00118623962040332
DC.DAC.FRAL.CD_tend2	7.74446965368309e-06	0.000874345000229863	0.00118623962040332
NY.ADJ.DMIN.GN.ZS_rank	7.72650607569044e-06	0.000226392901845232	0.000508388408744281
NV.IND.MANF.ZS_delta1	7.61533405792727e-06	0.00180940840325347	0.00135570242331808
DT.ODA.ALLD.CD	7.58632129702894e-06	0.00244261460381676	0.00118623962040332
FM.LBL.BMNY.GD.ZS_ratioavg2	7.51697138423065e-06	0.00107211351218662	0.00186409083206236
SP.POP.65UP.FE.ZS_lag1	7.29494933445437e-06	5.29117510059738e-05	0.00016946280291476
SH.DTH.NMRT	7.19521465785369e-06	0.00126814721263498	0.000847314014573801
SP.POP.7579.MA.5Y_delta1	7.1215935691918e-06	3.99006646930294e-05	0.00016946280291476
TM.VAL.SERV.CD.WT_delta1	7.07079004484636e-06	0.000235066959387195	0.000508388408744281
BM.GSR.TRVL.ZS_delta1	7.04301940680263e-06	0.000112762748045518	0.00016946280291476
TM.VAL.MRCH.R6.ZS_rank	6.99242064123243e-06	0.000155265630001136	0.00033892560582952
EN.GHG.CH4.FE.MT.CE.AR5	6.8715430094762e-06	9.97516617325736e-05	0.00016946280291476
FM.AST.DOMS.CN_lag1	6.86134159458361e-06	0.000985372936766988	0.000847314014573801
EN.GHG.CH4.FE.MT.CE.AR5_ratioavg2	6.78478487811577e-06	0.000272365406817636	0.00101677681748856
AG.CON.FERT.ZS_ratioavg2	6.59130906275479e-06	0.000359105982237265	0.000847314014573801
IS.AIR.GOOD.MT.K1_lag1	6.57556111407424e-06	0.00221969132498831	0.00118623962040332
NV.SRV.TOTL.KD.ZG_lag1	6.34684102136393e-06	0.000274100218326028	0.00033892560582952
EN.GHG.N2O.FE.MT.CE.AR5_tend2	6.23867587924794e-06	0.000150928601230155	0.00033892560582952
ER.H2O.INTR.PC	6.20535678576649e-06	0.000405945892963865	0.000677851211659041
EN.GHG.CO2.MT.CE.AR5_tend2	6.04285136381744e-06	3.03592013968702e-05	0.00016946280291476
EG.USE.ELEC.KH.PC_tend2	6.03789824937643e-06	0.00210432635968021	0.00118623962040332
TM.VAL.MRCH.R1.ZS_rank	6.00491548820905e-06	0.000317470506035843	0.00016946280291476
NE.TRD.GNFS.ZS	5.99734393032067e-06	0.00190916006498604	0.00186409083206236
SP.POP.5054.FE.5Y_delta1	5.89722964003929e-06	0.00145463944978718	0.00135570242331808
EG.ELC.NUCL.ZS_min2	5.81277588075517e-06	8.32709524028441e-05	0.00016946280291476
SP.DYN.LE00.IN_rank	5.71442432198911e-06	0.000160470064526314	0.00016946280291476
TX.VAL.MRCH.HI.ZS	5.70126874643609e-06	0.000248945451454336	0.00033892560582952
SH.MMR.RISK_delta1	5.66935978417688e-06	0.00469873697048131	0.00288086764955092
FI.RES.TOTL.MO_isNA_rank	5.56951627403531e-06	0.00182155208381221	0.00118623962040332
NY.GNP.ATLS.CD_delta1	5.55365678959342e-06	0.000958483358386903	0.000677851211659041
NY.ADJ.DNGY.CD_lag1	5.51959823020976e-06	0.000245475828437551	0.00016946280291476
NE.EXP.GNFS.KD_isNA_rank	5.4018798118357e-06	0.000553404871177234	0.000677851211659041
SP.RUR.TOTL.ZS_lag1	5.36353247356405e-06	0.00120135696956186	0.000677851211659041
NY.GDP.MKTP.KD.ZG_delta1	5.34182078322115e-06	0.000117099776816499	0.000508388408744281
NE.GDI.TOTL.CD_delta1	5.30499715743011e-06	0.00033915564989075	0.00033892560582952
BM.GSR.TRVL.ZS	5.2649485749395e-06	0.000170011527822473	0.00033892560582952
FP.CPI.TOTL_isNA_rank	5.20396728270308e-06	7.1127271844096e-05	0.00033892560582952
NY.GDP.PCAP.KN_lag1	5.14868491892166e-06	4.68399107265998e-05	0.00016946280291476
NY.ADJ.DFOR.GN.ZS_rank	5.1316722100628e-06	0.0029699973023681	0.00152516522623284
DC.DAC.CECL.CD_lag1	5.10909711681083e-06	0.00147198756487111	0.00135570242331808
TM.VAL.AGRI.ZS.UN_isNA_rank	5.09484725591471e-06	0.000350431924695302	0.000677851211659041
NY.ADJ.DMIN.GN.ZS	5.04046105725074e-06	0.000248945451454336	0.00016946280291476
SP.POP.4549.FE.5Y	4.97126636578874e-06	0.000740764514083634	0.000508388408744281
SE.SEC.ENRR_lag1	4.96018734805366e-06	0.000662697996205967	0.000508388408744281
BX.KLT.DINV.WD.GD.ZS_rank	4.88740686900328e-06	0.000170011527822473	0.00016946280291476
BX.TRF.PWKR.DT.GD.ZS	4.85475378809152e-06	0.00103568247051037	0.00135570242331808
NV.AGR.TOTL.CD_delta1	4.78214676828206e-06	9.71494444699847e-05	0.00033892560582952
DC.DAC.USAL.CD_ratiomax2	4.75531056179649e-06	0.00054733303089786	0.000677851211659041
EG.ELC.NUCL.ZS	4.65464659969848e-06	0.000915113070677088	0.000508388408744281
SH.DYN.MORT.FE_lag1	4.65270744753181e-06	0.000359105982237265	0.00016946280291476
SE.PRM.ENRR.FE_delta1	4.63102691707668e-06	0.00127074942989757	0.00101677681748856
NE.GDI.FTOT.ZS_isNA_rank	4.62109546016075e-06	0.000226392901845232	0.00033892560582952
EN.GHG.CH4.BU.MT.CE.AR5_ratioavg2	4.61859222926856e-06	0.000256752103242102	0.00033892560582952
AG.PRD.LVSK.XD_max2	4.54374001480485e-06	0.000297520173689328	0.000508388408744281
year_cycle	4.48142694839821e-06	0.00084919023335817	0.000677851211659041
SM.POP.NETM_delta1	4.40356357589364e-06	0.000480542787824746	0.00101677681748856
TX.VAL.OTHR.ZS.WT_delta1	4.39297559539393e-06	0.000992312182800558	0.00135570242331808
FS.AST.PRVT.GD.ZS_ratioavg2	4.28842532580106e-06	3.46962301678517e-05	0.00016946280291476
BX.GRT.EXTA.CD.WD_isNA_rank	4.27165426290535e-06	0.00373591658332343	0.00271140484663616
NY.GDP.FCST.CN_isNA_rank	4.27078583570631e-06	0.0128167874240044	0.00660904931367565
AG.PRD.CREL.MT_tend2	4.23427923568501e-06	0.000448448774919483	0.000508388408744281
SP.DYN.TO65.MA.ZS	4.20690483649996e-06	0.000607184027937405	0.000508388408744281
FD.AST.PRVT.GD.ZS	4.20589670782675e-06	0.000148326383967566	0.00033892560582952
TM.VAL.MANF.ZS.UN_delta1	4.17486972259545e-06	0.00082577027799487	0.000847314014573801
TX.VAL.MRCH.OR.ZS	4.17391879145826e-06	5.55139682685627e-05	0.00016946280291476
SH.DYN.MORT.MA_lag1	4.14929893096374e-06	0.00071821196447453	0.00033892560582952
BX.GRT.EXTA.CD.WD	4.14352038433522e-06	0.00039293480665092	0.00033892560582952
NV.IND.TOTL.CD_isNA_rank	4.10959505889001e-06	0.00130284344280283	0.0016946280291476
NY.GDP.MKTP.KD.ZG_isNA_rank	4.09286916854978e-06	0.000392067400896724	0.000677851211659041
DT.ODA.ODAT.CD_isNA_rank	4.04545922464954e-06	0.00254670329432031	0.00152516522623284
IT.CEL.SETS_ratioavg2	3.96573917438364e-06	0.0029951520692398	0.00288086764955092
EG.ELC.NUCL.ZS_delta1	3.95429202514424e-06	0.00272885850270154	0.00135570242331808
TM.VAL.OTHR.ZS.WT_isNA_rank	3.93866625675081e-06	0.000769388903972111	0.00101677681748856
NV.IND.MANF.CD	3.93751184039924e-06	0.000140519732179799	0.00033892560582952
BX.GSR.CMCP.ZS_isNA_rank	3.93113681722688e-06	0.000109293125028733	0.000508388408744281
EN.GHG.CH4.AG.MT.CE.AR5_delta1	3.92020107524014e-06	0.000191696671677381	0.00033892560582952
DC.DAC.USAL.CD_ratioavg2	3.90365928734808e-06	0.00432315027891432	0.0033892560582952
ER.FSH.PROD.MT_ratioavg2	3.8977126418575e-06	0.00202886205906513	0.00203355363497712
FM.LBL.BMNY.GD.ZS_tend2	3.81081849709214e-06	0.000398139241176098	0.000677851211659041
BX.GRT.TECH.CD.WD_ratioavg2	3.80565464763478e-06	0.000535189350339112	0.000847314014573801
NY.GDP.MINR.RT.ZS_lag1	3.67313486947894e-06	0.000318337911790039	0.000508388408744281
SP.URB.GROW_delta1	3.65924719010473e-06	0.000843118393078796	0.00101677681748856
NY.GDP.DEFL.KD.ZG_isNA_rank	3.64255938057415e-06	0.000435437688606539	0.000847314014573801
BM.GSR.FCTY.CD_tend2	3.62811810539206e-06	8.93427926822181e-05	0.000508388408744281
EG.ELC.HYRO.ZS_ratioavg2	3.60765381817794e-06	0.00202452503029415	0.00271140484663616
BM.KLT.DINV.WD.GD.ZS_isNA_rank	3.59949754361005e-06	0.000488349439612513	0.000847314014573801
SE.PRM.ENRR.MA_lag1	3.56134317845031e-06	0.000138784920671407	0.000508388408744281
NE.EXP.GNFS.ZS_lag1	3.54109418891276e-06	0.00260134985683468	0.00152516522623284
SP.POP.1564.FE.ZS	3.54029612199433e-06	2.77569841342814e-05	0.00016946280291476
TM.VAL.MRCH.R6.ZS_delta1	3.52713245501189e-06	0.00134361151325006	0.00186409083206236
FS.AST.CGOV.GD.ZS_isNA_rank	3.37817217220414e-06	0.000491819062629298	0.00118623962040332
NE.EXP.GNFS.CD_lag1	3.35577890237628e-06	0.000360840793745658	0.000508388408744281
IS.AIR.GOOD.MT.K1_avg2	3.31966740360797e-06	0.00145637426129557	0.000847314014573801
EN.GHG.N2O.PI.MT.CE.AR5_tend2	3.30415831585241e-06	0.000993179588554755	0.000847314014573801
EN.GHG.CH4.MT.CE.AR5_ratioavg2	3.28905520985232e-06	0.000342625272907535	0.000677851211659041
SP.URB.GROW_lag1	3.28558123675996e-06	0.000424161413801987	0.000508388408744281
BM.GSR.TOTL.CD_isNA_rank	3.27923210166148e-06	0.0030177046188489	0.00186409083206236
SP.DYN.CDRT.IN_delta1	3.25025622131657e-06	0.000438039905869128	0.000508388408744281
SP.POP.1564.MA.ZS_delta1	3.22345567225335e-06	0.000952411518107529	0.00118623962040332
DT.ODA.ODAT.PC.ZS_rank	3.1826551532494e-06	0.00358845760511006	0.00186409083206236
NV.IND.MANF.KD_lag1	3.17764490405844e-06	0.000183022614135418	0.00033892560582952
BX.GSR.CMCP.ZS_ratioavg2	3.1584157595647e-06	0.000544730813635271	0.00101677681748856
SP.DYN.CBRT.IN_lag1	3.11022277205325e-06	0.000360840793745658	0.00016946280291476
TG.VAL.TOTL.GD.ZS_lag1	3.0891791913465e-06	6.50554315647219e-05	0.00016946280291476
NV.SRV.TOTL.ZS	3.08290019141656e-06	0.000873477594475666	0.00101677681748856
NE.GDI.TOTL.ZS_isNA_rank	3.0639126064479e-06	0.000235934365141392	0.00033892560582952
DC.DAC.JPNL.CD_rank	3.06046453032125e-06	0.000644482475367845	0.00033892560582952
BX.GSR.FCTY.CD_delta1	3.06030539382863e-06	0.000765919280955326	0.000677851211659041
TX.VAL.MRCH.R3.ZS_isNA_rank	3.04626472250489e-06	7.1127271844096e-05	0.00033892560582952
NV.IND.TOTL.ZS_isNA_rank	3.00195311570115e-06	0.00244001238655417	0.0033892560582952
DC.DAC.DEUL.CD	2.96160027790828e-06	0.000384260749108957	0.000508388408744281
SP.POP.1564.MA.ZS_lag1	2.95961628253669e-06	8.76079811738255e-05	0.00033892560582952
BM.GSR.TOTL.CD_tend2	2.84842007305998e-06	3.38288244136554e-05	0.00016946280291476
SP.POP.2024.FE.5Y_lag1	2.83075243895305e-06	0.000556007088439823	0.000677851211659041
year_cycle_lag1	2.82509808219469e-06	0.000449316180673679	0.000508388408744281
FP.CPI.TOTL.ZG_min2	2.82479694042095e-06	0.000477940570562157	0.00101677681748856
SH.DTH.IMRT	2.82298879973351e-06	0.000883886463526022	0.000508388408744281
BX.GSR.TRAN.ZS_ratioavg2	2.76649121661173e-06	0.00122911395369615	0.00118623962040332
SE.PRM.ENRL.FE.ZS_delta1	2.71107523538616e-06	0.000532587133076523	0.000677851211659041
DC.DAC.GBRL.CD_lag1	2.68913333486476e-06	0.000129243457375248	0.00016946280291476
SH.DTH.IMRT_delta1	2.67789256741e-06	0.000324409752069413	0.00033892560582952
NY.ADJ.DRES.GN.ZS_delta1	2.65791485031089e-06	0.000209044786761306	0.000508388408744281
DT.ODA.ODAT.CD_ratioavg2	2.58626487546951e-06	9.36798214531995e-05	0.00016946280291476
FP.CPI.TOTL.ZG_isNA_rank	2.55039072639327e-06	0.000200370729219344	0.000847314014573801
MS.MIL.MPRT.KD_isNA_rank	2.53730876855556e-06	0.00213468556107707	0.00152516522623284
SP.RUR.TOTL.ZG_delta1	2.53103836252227e-06	0.000992312182800558	0.00101677681748856
NE.CON.TOTL.KD.ZG_lag1	2.52094456152404e-06	0.000558609305702412	0.00033892560582952
SE.SEC.ENRL	2.51648296181129e-06	0.000724283804753904	0.00118623962040332
SE.PRM.ENRL.FE.ZS_lag1	2.49499781566675e-06	0.00018475742564381	0.000677851211659041
EG.ELC.FOSL.ZS_max2	2.49054144571216e-06	9.10776041906107e-05	0.00033892560582952
NY.ADJ.DRES.GN.ZS_isNA_rank	2.48887265559132e-06	0.00116666073939401	0.00135570242331808
DT.ODA.ODAT.GN.ZS_isNA_rank	2.46239452302929e-06	0.000935063403023603	0.000677851211659041
EN.GHG.N2O.BU.MT.CE.AR5_ratiomax2	2.41830831131163e-06	2.60221726258888e-05	0.00016946280291476
DC.DAC.GBRL.CD_rank	2.41565508599001e-06	0.00131932415213256	0.000677851211659041
DC.DAC.TOTL.CD_isNA_rank	2.41114216707255e-06	3.99006646930294e-05	0.00016946280291476
BX.GSR.NFSV.CD_isNA_rank	2.39934337808954e-06	0.000117967182570696	0.00033892560582952
NV.SRV.TOTL.KD_isNA_rank	2.38891773861643e-06	0.00043283547134395	0.000677851211659041
BM.GSR.NFSV.CD	2.38779364737097e-06	0.000549067842406253	0.00033892560582952
BX.GSR.NFSV.CD_tend2	2.35703210064969e-06	0.00240618356214051	0.00152516522623284
TM.VAL.TRAN.ZS.WT_lag1	2.31624728697145e-06	0.000461459861232428	0.00033892560582952
SP.DYN.LE00.IN_lag1	2.29831388378861e-06	0.000190829265923184	0.00033892560582952
BX.KLT.DINV.WD.GD.ZS_tend2	2.25155700295127e-06	0.000173481150839258	0.000508388408744281
SP.POP.65UP.TO.ZS_lag1	2.25065916255228e-06	0.000307061636985487	0.000508388408744281
SP.POP.2024.FE.5Y	2.24995579396444e-06	0.00148846827420084	0.00101677681748856
EG.ELC.PETR.ZS_ratioavg2	2.21949787204062e-06	0.000366912634025032	0.000508388408744281
NE.CON.TOTL.KD.ZG	2.20565375393762e-06	4.42376934640109e-05	0.00016946280291476
SP.DYN.LE00.IN	2.20246838890017e-06	0.000322674940561021	0.00033892560582952
FM.AST.PRVT.GD.ZS_ratioavg2	2.19471445087149e-06	0.000317470506035843	0.00033892560582952
EG.ELC.NUCL.ZS_tend2	2.19354567506601e-06	0.00241485761968248	0.00118623962040332
SE.SEC.ENRR.FE_lag1	2.15449690462492e-06	0.00116839555090241	0.000677851211659041
SP.POP.80UP.MA.5Y	2.14758142787209e-06	0.000749438571625596	0.000508388408744281
BM.GSR.CMCP.ZS_avg2	2.13772294121873e-06	7.1127271844096e-05	0.00033892560582952
DC.DAC.CECL.CD_ratioavg2	2.12165099122129e-06	0.000710405312686763	0.00135570242331808
NV.AGR.TOTL.CN_isNA_rank	2.12067405374669e-06	0.000342625272907535	0.000677851211659041
FS.AST.CGOV.GD.ZS_max2	2.11717861724703e-06	0.000106690907766144	0.00033892560582952
ER.FSH.AQUA.MT_ratioavg2	2.06894624962351e-06	0.000236801770895588	0.000677851211659041
NY.ADJ.DKAP.CD_isNA_rank	2.06094687300277e-06	7.89339236318626e-05	0.00033892560582952
TX.VAL.AGRI.ZS.UN_delta1	2.05186075767459e-06	0.000266293566538262	0.000677851211659041
SP.DYN.LE00.FE.IN_lag1	2.04981869137488e-06	3.46962301678517e-05	0.00016946280291476
SP.POP.2529.FE.5Y	2.04474992842777e-06	5.89835912853479e-05	0.00033892560582952
SP.POP.0014.TO.ZS_delta1	2.03365177209251e-06	0.000699129037882212	0.00033892560582952
NE.RSB.GNFS.CN_isNA_rank	2.01514043859761e-06	0.000845720610341385	0.000847314014573801
EG.ELC.NUCL.ZS_ratioavg2	2.01352307788767e-06	0.00027843724709701	0.00033892560582952
DT.NFL.UNDP.CD_ratiomax2	2.00750087115983e-06	0.000800615511123178	0.000508388408744281
NY.GDP.FCST.CD_isNA_rank	1.98011949234892e-06	0.00038599556061735	0.000847314014573801
SP.POP.65UP.MA.ZS_delta1	1.97266717059287e-06	0.00108685941000795	0.00101677681748856
NE.EXP.GNFS.KD.ZG	1.96914486416503e-06	0.000994046994308951	0.00135570242331808
DC.DAC.CECL.CD_rank	1.95975391392325e-06	0.000771123715480504	0.000847314014573801
NY.GSR.NFCY.CN_isNA_rank	1.95172629519871e-06	4.25028819556183e-05	0.00016946280291476
EN.GHG.N2O.IP.MT.CE.AR5_tend2	1.92239895144418e-06	0.000680913517044089	0.000677851211659041
BX.GSR.CMCP.ZS_rank	1.9110920340456e-06	9.71494444699847e-05	0.00033892560582952
TX.VAL.MRCH.R4.ZS_rank	1.90046796347218e-06	2.94917956426739e-05	0.00016946280291476
BX.KLT.DINV.CD.WD	1.89403260560474e-06	0.000498758308662868	0.000847314014573801
DC.DAC.GBRL.CD_tend2	1.87429717474872e-06	0.000961085575649492	0.00152516522623284
NV.SRV.TOTL.CD_isNA_rank	1.86278206996405e-06	0.00073469267380426	0.00118623962040332
NE.IMP.GNFS.ZS_isNA_rank	1.85769819783275e-06	0.00024807804570014	0.000677851211659041
NV.SRV.TOTL.ZS_isNA_rank	1.84690746534469e-06	0.000373851880058602	0.000677851211659041
NY.GNP.PCAP.CD_isNA_rank	1.83746210318402e-06	0.000234199553632999	0.00101677681748856
EN.GHG.ALL.PC.CE.AR5_tend2	1.80761163532898e-06	3.81658531846369e-05	0.00016946280291476
EG.USE.ELEC.KH.PC_delta1	1.80701254690902e-06	0.00129416938526087	0.000677851211659041
EN.GHG.CH4.BU.MT.CE.AR5_tend2	1.79879961775696e-06	0.000577692232294731	0.00152516522623284
TM.VAL.INSF.ZS.WT_lag1	1.76943287530511e-06	5.29117510059738e-05	0.00016946280291476
AG.PRD.CROP.XD_tend2	1.75690883290121e-06	0.000196901106202558	0.00033892560582952
NV.IND.MANF.ZS	1.74684294662522e-06	0.000358238576483069	0.000508388408744281
DT.ODA.ALLD.KD	1.72050259333588e-06	0.000404211081455472	0.00033892560582952
EN.GHG.CO2.PC.CE.AR5_ratiomax2	1.69446192781246e-06	0.000291448333409954	0.00016946280291476
AG.PRD.CROP.XD_rank	1.69319315244225e-06	7.719911212347e-05	0.00033892560582952
BM.KLT.DINV.CD.WD_min2	1.69146211604823e-06	0.00130457825431122	0.00101677681748856
BX.GSR.MRCH.CD_delta1	1.67792236572636e-06	3.29614186594591e-05	0.00016946280291476
SP.POP.0004.FE.5Y	1.67047094355281e-06	0.000320940129052628	0.00016946280291476
urban_wealth_interaction_delta1	1.65946192782319e-06	0.00160817026827993	0.000847314014573801
FI.RES.TOTL.MO_lag1	1.64802392657071e-06	2.68895783800851e-05	0.00016946280291476
PA.NUS.ATLS_delta1	1.64285422128145e-06	0.000140519732179799	0.000508388408744281
EN.GHG.CH4.PI.MT.CE.AR5_delta1	1.58695013088569e-06	0.00209305008487565	0.00101677681748856
SP.URB.TOTL.IN.ZS_rank	1.5866058919444e-06	0.000404211081455472	0.00033892560582952
BX.KLT.DINV.CD.WD_tend2	1.56687787152054e-06	0.000283641681622188	0.00033892560582952
NV.AGR.TOTL.ZS_isNA_rank	1.52198426973949e-06	0.00102093657268904	0.00135570242331808
BX.GSR.CMCP.ZS	1.50474923621482e-06	0.000265426160784065	0.00101677681748856
SE.PRM.ENRL_lag1	1.49812828970696e-06	5.37791567601701e-05	0.00016946280291476
SE.PRM.ENRR.FE_isNA_rank	1.43422614949377e-06	0.000143121949442388	0.00016946280291476
IT.CEL.SETS.P2_ratioavg2	1.41050267571207e-06	0.00218933212359144	0.00237247924080664
BM.GSR.INSF.ZS_isNA_rank	1.40822912360409e-06	0.000249812857208532	0.000677851211659041
BX.GSR.CMCP.ZS_min2	1.40043812946813e-06	0.000134447891900425	0.000677851211659041
BM.KLT.DINV.CD.WD_avg2	1.39518192343737e-06	0.000417222167768417	0.00033892560582952
TX.VAL.SERV.CD.WT	1.38313063920306e-06	0.000168276716314081	0.00033892560582952
FS.AST.PRVT.GD.ZS_min2	1.38125748203415e-06	0.00090296939011834	0.000508388408744281
EN.GHG.CH4.AG.MT.CE.AR5_tend2	1.37939818815359e-06	0.000337420838382358	0.000508388408744281
SP.POP.7579.FE.5Y_delta1	1.3773132678974e-06	0.000433702877098146	0.000508388408744281
NY.GDP.PCAP.KD_delta1	1.37186273592283e-06	0.00107298091794081	0.000508388408744281
BX.GSR.CMCP.ZS_tend2	1.36969666295956e-06	0.000976698879225025	0.00135570242331808
NE.CON.GOVT.CD	1.34916720139127e-06	0.000114497559553911	0.00033892560582952
FM.AST.NFRG.CN_ratioavg2	1.3398457830886e-06	0.00092638934548164	0.00152516522623284
NY.GSR.NFCY.CD_lag1	1.33359956946577e-06	0.00015439822424694	0.00033892560582952
BM.TRF.PWKR.CD.DT_tend2	1.3097274318025e-06	0.0012863627334731	0.00101677681748856
TM.VAL.MRCH.R1.ZS_delta1	1.30961323938065e-06	8.93427926822181e-05	0.000508388408744281
SH.STA.MMRT_rank	1.30839610274933e-06	0.00159949621073796	0.000847314014573801
FP.CPI.TOTL.ZG	1.29382223905494e-06	0.000794543670843804	0.00118623962040332
FM.LBL.BMNY.GD.ZS_avg2	1.26879810714813e-06	0.000431100659835557	0.00033892560582952
rural_poverty_interaction_delta1	1.26183991534072e-06	0.000458857643969839	0.00101677681748856
BX.GSR.NFSV.CD_max2	1.26123974654866e-06	0.000171746339330866	0.00016946280291476
NY.ADJ.DFOR.CD_isNA_rank	1.25498267157693e-06	0.000573355203523749	0.000847314014573801
SP.DYN.IMRT.IN_lag1	1.22983247286601e-06	0.000163939687543099	0.00016946280291476
SP.POP.5054.MA.5Y_delta1	1.21101524489788e-06	0.00151882747559771	0.00101677681748856
TX.VAL.MRCH.OR.ZS_delta1	1.20720181926548e-06	0.00123605319972972	0.00186409083206236
AG.PRD.CREL.MT_ratioavg2	1.1916778207078e-06	0.000992312182800558	0.00135570242331808
NE.CON.TOTL.KD.ZG_max2	1.18194337191732e-06	7.45968948608811e-05	0.00016946280291476
AG.CON.FERT.ZS_min2	1.17757728227954e-06	0.000136182703408818	0.00033892560582952
NE.EXP.GNFS.ZS_isNA_rank	1.16721057008289e-06	7.98013293860589e-05	0.00016946280291476
TM.VAL.FUEL.ZS.UN_isNA_rank	1.16627518745009e-06	0.0021997409926418	0.00237247924080664
year_cycle_rank	1.16420337329327e-06	0.00168189975738661	0.00135570242331808
AG.PRD.LVSK.XD	1.14531467776105e-06	0.00130371084855703	0.00186409083206236
BG.GSR.NFSV.GD.ZS_isNA_rank	1.14162598124136e-06	0.000272365406817636	0.000677851211659041
NE.EXP.GNFS.KD.ZG_delta1	1.11636669776776e-06	0.000106690907766144	0.00033892560582952
MS.MIL.XPND.GD.ZS_min2	1.1132425972689e-06	0.00103568247051037	0.000847314014573801
EG.ELC.FOSL.ZS	1.09909923629691e-06	7.54643006150774e-05	0.00033892560582952
AG.PRD.LVSK.XD_rank	1.09095276903537e-06	0.000164807093297296	0.000508388408744281
DC.DAC.USAL.CD_tend2	1.07970287060362e-06	0.00157347403811207	0.0016946280291476
NY.GDP.PCAP.CD_lag1	1.06247246281248e-06	2.94917956426739e-05	0.00016946280291476
EN.URB.MCTY.TL.ZS	1.04523934605698e-06	0.000473603541791176	0.000677851211659041
SP.POP.TOTL.FE.ZS_delta1	1.03608406928938e-06	0.002479045645493	0.00152516522623284
BX.PEF.TOTL.CD.WD_isNA_rank	1.01784627964616e-06	0.00138611439520568	0.0016946280291476
IT.MLT.MAIN.P2_delta1	1.01384974794619e-06	0.000713007529949352	0.000847314014573801
PA.NUS.FCRF	1.0068335455289e-06	0.000630603983300704	0.00033892560582952
TX.VAL.FUEL.ZS.UN_delta1	9.9586255940066e-07	0.00156393257481591	0.0016946280291476
TM.VAL.MRCH.OR.ZS	9.91983527595235e-07	0.000312266071510665	0.000677851211659041
TX.VAL.TRVL.ZS.WT	9.83465926234354e-07	0.000795411076598	0.00118623962040332
BX.KLT.DINV.CD.WD_lag1	9.64917941270473e-07	0.000484012410841531	0.00118623962040332
EN.GHG.CO2.PC.CE.AR5_ratioavg2	9.58254957717519e-07	0.000144856760950781	0.000508388408744281
DT.ODA.ODAT.PC.ZS_max2	9.48848850723108e-07	0.000478807976316353	0.00033892560582952
SE.PRM.ENRR.FE_rank	9.47965492512502e-07	5.98509970395442e-05	0.00033892560582952
DT.ODA.ALLD.KD_isNA_rank	9.45283133083015e-07	0.000148326383967566	0.00016946280291476
BM.GSR.INSF.ZS_rank	9.41590622445511e-07	5.29117510059738e-05	0.00016946280291476
NY.ADJ.DFOR.CD	9.39829410341062e-07	9.45472272073958e-05	0.00033892560582952
EN.GHG.N2O.WA.MT.CE.AR5_ratioavg2	9.37913767273511e-07	0.000876947217492451	0.0016946280291476
SE.SEC.ENRR.MA_lag1	9.36260936915092e-07	0.00125340131481364	0.00118623962040332
BX.GSR.MRCH.CD_max2	9.35615595559288e-07	0.000220321061565858	0.00016946280291476
SP.POP.0014.MA.ZS_delta1	9.28906121174619e-07	0.000627134360283919	0.000508388408744281
ER.FSH.PROD.MT_tend2	9.13271049871587e-07	0.000269763189555047	0.00033892560582952
DC.DAC.CANL.CD_tend2	9.08446368563907e-07	0.000874345000229863	0.00118623962040332
DT.NFL.UNDP.CD_avg2	9.05664867159901e-07	3.38288244136554e-05	0.00016946280291476
IT.CEL.SETS.P2_min2	8.91584648961998e-07	0.00114150597252232	0.000847314014573801
DC.DAC.DEUL.CD_rank	8.89688246102047e-07	0.00187359642906399	0.000847314014573801
FI.RES.TOTL.CD_avg2	8.82847316768654e-07	2.77569841342814e-05	0.00016946280291476
DT.ODA.ALLD.KD_rank	8.79933549988527e-07	0.00165587758476072	0.00118623962040332
AG.PRD.LVSK.XD_ratiomax2	8.77541414266946e-07	0.000698261632128015	0.000508388408744281
DT.ODA.ALLD.KD_lag1	8.72511378665693e-07	0.000346962301678517	0.00016946280291476
TM.VAL.MRCH.HI.ZS_delta1	8.6259638643826e-07	0.000944604866319762	0.00152516522623284
BX.KLT.DINV.CD.WD_max2	8.55610710458507e-07	0.000111027936537125	0.00033892560582952
NY.ADJ.DFOR.CD_lag1	8.4977252563568e-07	8.84753869280218e-05	0.00016946280291476
NE.CON.PRVT.ZS_avg2	8.4938078082839e-07	0.000655758750172397	0.00033892560582952
EN.GHG.ALL.PC.CE.AR5_rank	8.43233793766864e-07	0.000261089132013084	0.00016946280291476
TM.VAL.OTHR.ZS.WT_lag1	8.39949635051743e-07	0.000330481592348787	0.000508388408744281
SE.SEC.ENRL.GC.FE.ZS_isNA_rank	8.39498157306375e-07	0.000737294891066848	0.000508388408744281
FS.AST.PRVT.GD.ZS_isNA_rank	8.11037261313459e-07	0.000698261632128015	0.00135570242331808
EG.ELC.NUCL.ZS_ratiomax2	7.92237190967869e-07	0.000523913075534561	0.00033892560582952
BM.GSR.MRCH.CD_isNA_rank	7.85970876639868e-07	0.000600244781903834	0.000847314014573801
FP.CPI.TOTL.ZG_lag1	7.82164451215563e-07	0.0014268824656529	0.00152516522623284
IT.MLT.MAIN_tend2	7.79999403513705e-07	0.000189961860168988	0.000677851211659041
BM.TRF.PWKR.CD.DT_ratioavg2	7.75069226987637e-07	0.000758112629167559	0.00118623962040332
TM.VAL.TRAN.ZS.WT_isNA_rank	7.7249907166517e-07	0.000153530818492744	0.000508388408744281
TX.VAL.MRCH.R2.ZS	7.70149386178406e-07	0.00202625984180254	0.00186409083206236
BX.GSR.TRAN.ZS_min2	7.47047549903292e-07	0.000108425719274537	0.00033892560582952
BX.KLT.DINV.WD.GD.ZS_min2	7.3885649973025e-07	0.00021511662704068	0.000677851211659041
TX.VAL.FUEL.ZS.UN	7.37857351554581e-07	0.000623664737267134	0.000677851211659041
IS.AIR.GOOD.MT.K1	7.2689802519102e-07	0.00094287005481137	0.000677851211659041
EN.GHG.N2O.AG.MT.CE.AR5_tend2	7.21364893953772e-07	0.00261609575465602	0.00220301643789188
TX.VAL.MRCH.R2.ZS_delta1	7.14858500814387e-07	0.000844853204587189	0.000847314014573801
EG.ELC.NUCL.ZS_rank	7.12439299481736e-07	0.000368647445533424	0.000508388408744281
FD.AST.PRVT.GD.ZS_delta1	7.12077321946643e-07	6.76576488273108e-05	0.00016946280291476
SH.DYN.MORT.MA	7.10136413142448e-07	2.77569841342814e-05	0.00016946280291476
SP.POP.6064.FE.5Y_delta1	7.09897155673115e-07	0.00109726827905831	0.000677851211659041
SP.POP.1564.TO.ZS_delta1	7.0396380113099e-07	0.000840516175816207	0.000508388408744281
AG.LND.ARBL.HA_ratioavg2	6.97356406835771e-07	0.000359105982237265	0.000508388408744281
BX.GRT.TECH.CD.WD_lag1	6.91631759208853e-07	3.99006646930294e-05	0.00016946280291476
SE.SEC.ENRL.GC_isNA_rank	6.87402917513802e-07	0.00462067045260365	0.00237247924080664
SP.DYN.AMRT.FE_isNA_rank	6.72690432833507e-07	0.000696526820619623	0.00101677681748856
TM.VAL.AGRI.ZS.UN	6.70859344781769e-07	9.1945009944807e-05	0.00016946280291476
EN.URB.MCTY.TL.ZS_lag1	6.70506604646914e-07	0.00108252238123697	0.000508388408744281
EN.GHG.CH4.IC.MT.CE.AR5_ratioavg2	6.69601017906008e-07	0.000163939687543099	0.00033892560582952
EN.GHG.CO2.IP.MT.CE.AR5_tend2	6.65470976275165e-07	0.000227260307599429	0.00016946280291476
SP.POP.GROW	6.62782091211737e-07	3.12266071510665e-05	0.00016946280291476
BM.GSR.TOTL.CD_lag1	6.58547657896983e-07	0.000328746780840395	0.00016946280291476
NE.RSB.GNFS.ZS	6.55016305900931e-07	0.00271931703940538	0.00152516522623284
TX.VAL.OTHR.ZS.WT_isNA_rank	6.49670407809103e-07	0.000371249662796013	0.000847314014573801
BX.TRF.PWKR.DT.GD.ZS_min2	6.366786908557e-07	0.000731223050787474	0.000508388408744281
SP.POP.TOTL.FE.ZS	6.2820853219413e-07	0.000167409310559884	0.00033892560582952
TX.VAL.OTHR.ZS.WT	6.24620062207879e-07	0.00111548379989643	0.00101677681748856
FS.AST.CGOV.GD.ZS	6.24342125354267e-07	0.00184063501040453	0.00101677681748856
BX.GSR.TRVL.ZS_tend2	6.20057639086625e-07	0.000287978710393169	0.000508388408744281
NV.IND.TOTL.KD_delta1	6.19326789528646e-07	0.00098016850224181	0.000847314014573801
NE.RSB.GNFS.CN_delta1	6.1642413317174e-07	0.000159602658772118	0.00033892560582952
NV.AGR.TOTL.KD.ZG_lag1	6.16005961619846e-07	0.000572487797769553	0.000847314014573801
SE.SEC.ENRL.GC_delta1	6.08403850181528e-07	0.000377321503075387	0.000677851211659041
BX.GSR.TRAN.ZS	5.99600846527371e-07	0.000233332147878803	0.000677851211659041
AG.LND.ARBL.ZS_tend2	5.84826450559811e-07	0.000219453655811662	0.000677851211659041
SP.ADO.TFRT	5.82541550784983e-07	0.00256144919214165	0.0016946280291476
TX.VAL.MRCH.R1.ZS_delta1	5.82521828525981e-07	8.32709524028441e-05	0.00033892560582952
SE.SEC.ENRL_delta1	5.80877619831536e-07	0.00162898800638064	0.00118623962040332
NY.GSR.NFCY.CD_delta1	5.79421767868287e-07	0.0007251512105081	0.000677851211659041
AG.CON.FERT.ZS_tend2	5.74614706444137e-07	0.00039293480665092	0.000677851211659041
SP.POP.2529.FE.5Y_lag1	5.73025643616562e-07	0.00109640087330411	0.000847314014573801
AG.YLD.CREL.KG_lag1	5.69463533180454e-07	3.12266071510665e-05	0.00016946280291476
BM.KLT.DINV.CD.WD_tend2	5.66082397091253e-07	0.000524780481288757	0.000847314014573801
DC.DAC.CANL.CD_isNA_rank	5.59695965099237e-07	0.00115972149336044	0.000677851211659041
SP.POP.3539.MA.5Y_rank	5.58839213750052e-07	8.41383581570404e-05	0.00016946280291476
SP.POP.6064.FE.5Y_lag1	5.56204993475977e-07	0.000797145888106393	0.000677851211659041
NE.CON.PRVT.ZS_max2	5.54857622789759e-07	0.000658360967434986	0.000508388408744281
NY.GDP.MKTP.CD_isNA_rank	5.52394871628026e-07	0.000464062078495016	0.000847314014573801
SP.POP.0004.MA.5Y	5.51562050019236e-07	0.00104609133956073	0.000508388408744281
IS.AIR.GOOD.MT.K1_max2	5.42377902546477e-07	0.00130197603704863	0.000677851211659041
BX.KLT.DINV.CD.WD_isNA_rank	5.38476890213575e-07	0.000663565401960164	0.000847314014573801
DT.ODA.ALLD.CD_max2	5.31642638647395e-07	0.00139739067001023	0.000677851211659041
NY.GDP.COAL.RT.ZS_isNA_rank	5.24192713161042e-07	0.00108772681576215	0.00152516522623284
SP.DYN.IMRT.FE.IN_delta1	5.22830379376893e-07	0.000117967182570696	0.00033892560582952
SP.DYN.TFRT.IN_delta1	5.18199765484198e-07	0.000403343675701276	0.000847314014573801
SP.POP.DPND.YG	5.15298228469075e-07	0.00129416938526087	0.000677851211659041
TX.VAL.MMTL.ZS.UN_lag1	5.14478342148347e-07	0.000120569399833285	0.000508388408744281
BM.KLT.DINV.WD.GD.ZS_tend2	5.05145152849084e-07	0.00142081062537353	0.00203355363497712
NY.GDP.FCST.CN	5.03403715092164e-07	0.00035563635922048	0.00016946280291476
EN.URB.LCTY.UR.ZS_delta1	4.98395135158059e-07	0.00017087893357667	0.00033892560582952
BM.KLT.DINV.CD.WD_lag1	4.96892523573644e-07	0.000303592013968702	0.00033892560582952
TX.VAL.MRCH.R3.ZS	4.9670830043013e-07	0.000779797773022467	0.00118623962040332
TM.VAL.MMTL.ZS.UN_lag1	4.95526853071666e-07	0.00022465809033684	0.000508388408744281
SP.POP.5559.MA.5Y_rank	4.934310496299e-07	0.000314868288773254	0.00016946280291476
SP.POP.7074.FE.5Y_lag1	4.85417660927344e-07	0.00061759289698776	0.000677851211659041
NY.GDP.TOTL.RT.ZS_delta1	4.84375434973362e-07	0.000500493120171261	0.000847314014573801
NV.IND.TOTL.ZS_lag1	4.79432405172819e-07	0.000281906870113795	0.00033892560582952
NY.GNP.PCAP.CN_isNA_rank	4.77406932341252e-07	0.000815361408944515	0.00101677681748856
TM.VAL.TRAN.ZS.WT_delta1	4.76346464218327e-07	6.76576488273108e-05	0.00033892560582952
NE.CON.GOVT.ZS_tend2	4.7626878881757e-07	3.20940129052628e-05	0.00016946280291476
FM.AST.DOMS.CN_isNA_rank	4.74911043873705e-07	0.000139652326425603	0.00033892560582952
NY.GDP.FRST.RT.ZS	4.65859803870754e-07	4.33702877098146e-05	0.00016946280291476
SM.POP.RHCR.EA_rank	4.62701252487043e-07	0.00010061906748677	0.00016946280291476
DT.NFL.UNDP.CD_isNA_rank	4.62014111353009e-07	0.000579427043803123	0.000677851211659041
AG.YLD.CREL.KG_avg2	4.61465312057406e-07	5.72487797769553e-05	0.00033892560582952
SE.PRM.ENRL.FE.ZS	4.60331237684202e-07	0.000907306418889322	0.00118623962040332
DT.NFL.UNDP.CD_tend2	4.53543009785367e-07	0.00133493745570809	0.00271140484663616
TM.VAL.MRCH.R3.ZS_rank	4.52237445810722e-07	6.93924603357034e-05	0.00033892560582952
BX.KLT.DINV.CD.WD_avg2	4.50785808333688e-07	7.98013293860589e-05	0.00033892560582952
NE.GDI.FTOT.ZS_delta1	4.49838747660235e-07	0.00118227404296955	0.00101677681748856
EN.GHG.CO2.FE.MT.CE.AR5_tend2	4.32039974112122e-07	0.000366912634025032	0.000847314014573801
TX.VAL.MRCH.OR.ZS_lag1	4.31144226498744e-07	0.00021511662704068	0.00033892560582952
FP.CPI.TOTL_tend2	4.30425306222184e-07	0.000794543670843804	0.000677851211659041
EN.GHG.N2O.IP.MT.CE.AR5_min2	4.22286087949554e-07	9.88842559783773e-05	0.00016946280291476
AG.LND.ARBL.HA.PC_rank	4.21008456198472e-07	4.94421279891887e-05	0.00016946280291476
PA.NUS.ATLS	4.19288686101027e-07	0.00116232371062303	0.000847314014573801
MS.MIL.XPND.GD.ZS_ratioavg2	4.18211682446204e-07	0.000505697554696438	0.00101677681748856
clase_isNA_rank	4.1192621749011e-07	0.000695659414865426	0.00033892560582952
AG.LND.CREL.HA_ratioavg2	4.1060675353491e-07	0.000938533026040388	0.000677851211659041
SP.POP.6569.MA.5Y_delta1	4.09733219363994e-07	0.00101312992090127	0.00101677681748856
SP.RUR.TOTL.ZG_lag1	4.07298708780898e-07	0.000343492678661732	0.000677851211659041
NY.ADJ.DNGY.GN.ZS	4.07022933204679e-07	0.00022465809033684	0.000508388408744281
EN.GHG.N2O.MT.CE.AR5_delta1	4.05356462213168e-07	0.000753775600396578	0.000508388408744281
SP.ADO.TFRT_rank	4.04512477226609e-07	0.00102353878995162	0.000508388408744281
EN.GHG.N2O.AG.MT.CE.AR5_delta1	4.03994800259245e-07	0.000259354320504691	0.000508388408744281
EN.GHG.CO2.RT.GDP.KD_tend2	4.02155790527063e-07	0.000447581369165287	0.000677851211659041
TX.VAL.MRCH.R2.ZS_lag1	3.98914134763397e-07	0.00108772681576215	0.00152516522623284
FM.AST.DOMS.CN_min2	3.97796489447028e-07	0.000522178264026168	0.00033892560582952
NV.SRV.TOTL.KD.ZG_delta1	3.9337893386538e-07	0.000425028819556183	0.00101677681748856
BX.GSR.TOTL.CD_isNA_rank	3.91797594248399e-07	3.03592013968702e-05	0.00016946280291476
SE.PRM.TCHR_delta1	3.88285766727014e-07	0.000519576046763579	0.000847314014573801
NV.IND.TOTL.KD_isNA_rank	3.86285139428611e-07	0.000327011969332002	0.000677851211659041
IS.AIR.PSGR_ratioavg2	3.85943829131446e-07	0.000458857643969839	0.000508388408744281
EN.URB.MCTY.TL.ZS_isNA_rank	3.82926999083438e-07	0.000237669176649784	0.00033892560582952
EN.GHG.N2O.AG.MT.CE.AR5_ratiomax2	3.81751465369873e-07	0.00115191484157268	0.000677851211659041
NY.ADJ.DNGY.CD_delta1	3.78117560966453e-07	0.000359105982237265	0.000508388408744281
EN.GHG.CO2.IC.MT.CE.AR5_tend2	3.77384750215882e-07	0.000324409752069413	0.00033892560582952
FS.AST.CGOV.GD.ZS_ratioavg2	3.765864591003e-07	8.32709524028441e-05	0.00033892560582952
NY.GDP.DEFL.KD.ZG_lag1	3.76130596394249e-07	0.000326144563577806	0.000677851211659041
NY.GDP.MKTP.KD_isNA_rank	3.75643198635089e-07	0.00250073078934791	0.00186409083206236
EN.URB.MCTY.TL.ZS_max2	3.73701470188227e-07	0.000451918397936268	0.000508388408744281
BX.KLT.DINV.WD.GD.ZS_avg2	3.72040047875567e-07	5.55139682685627e-05	0.00016946280291476
NE.CON.PRVT.KD.ZG_isNA_rank	3.71787838642549e-07	5.81161855311516e-05	0.00033892560582952
FP.CPI.TOTL.ZG_avg2	3.62586903501866e-07	0.000338288244136554	0.00033892560582952
DC.DAC.TOTL.CD_ratiomax2	3.57350488601607e-07	9.28124156990033e-05	0.00016946280291476
DC.DAC.CECL.CD_isNA_rank	3.53903266112453e-07	0.00163939687543099	0.00118623962040332
NV.IND.TOTL.ZS_rank	3.53316165578533e-07	0.000118834588324892	0.00016946280291476
BX.TRF.PWKR.DT.GD.ZS_max2	3.49133366142194e-07	0.00113022969771777	0.000677851211659041
NE.CON.PRVT.ZS_lag1	3.45125580922299e-07	0.000422426602293594	0.000508388408744281
SE.PRM.ENRL_isNA_rank	3.44232366825087e-07	0.000182155208381221	0.00033892560582952
AG.PRD.LVSK.XD_min2	3.4417318475184e-07	0.000266293566538262	0.000508388408744281
TM.VAL.MMTL.ZS.UN_delta1	3.40126524477288e-07	0.00204707757990325	0.0025419420437214
SE.PRM.ENRL.FE.ZS_rank	3.32637057881455e-07	3.81658531846369e-05	0.00016946280291476
FP.CPI.TOTL.ZG_ratioavg2	3.28770317136791e-07	0.00067137205374793	0.00101677681748856
TM.VAL.MRCH.AL.ZS	3.26835996665044e-07	3.12266071510665e-05	0.00016946280291476
FP.CPI.TOTL.ZG_max2	3.24945179183447e-07	0.000807554757156748	0.00101677681748856
EN.GHG.ALL.PC.CE.AR5_avg2	3.22648348463107e-07	0.000222923278828447	0.00016946280291476
SP.POP.80UP.FE.5Y	3.21058955408262e-07	0.000605449216429012	0.000508388408744281
SP.URB.GROW	3.19938285281581e-07	0.0012161028673832	0.000677851211659041
EN.GHG.CO2.TR.MT.CE.AR5_tend2	3.18674051665672e-07	0.000365177822516639	0.000508388408744281
ER.FSH.CAPT.MT_tend2	3.1793668933975e-07	0.000393802212405117	0.000677851211659041
DC.DAC.CECL.CD_min2	3.15840809711623e-07	0.000414619950505828	0.00101677681748856
SP.ADO.TFRT_lag1	3.15726600079715e-07	0.0021286137207977	0.00118623962040332
SP.DYN.TO65.FE.ZS_delta1	3.15042349031129e-07	0.000615858085479368	0.000677851211659041
SP.POP.DPND.YG_delta1	3.1298590518821e-07	0.000299254985197721	0.00016946280291476
DC.DAC.DEUL.CD_isNA_rank	3.12855506026815e-07	0.000824902872240674	0.00101677681748856
NY.ADJ.AEDU.GN.ZS_delta1	3.11766808363207e-07	0.000591570724361871	0.000508388408744281
FM.LBL.BMNY.GD.ZS_isNA_rank	3.07851387991165e-07	0.000631471389054901	0.000677851211659041
SP.DYN.IMRT.FE.IN_lag1	3.06360908321376e-07	0.000833576929782637	0.000677851211659041
SP.POP.7074.FE.5Y	3.01442220888065e-07	0.000176950773856044	0.00033892560582952
SP.POP.DPND_delta1	2.89356085604222e-07	0.000320940129052628	0.00016946280291476
SE.PRM.ENRR.MA_isNA_rank	2.85945954449272e-07	0.000118834588324892	0.00016946280291476
NY.GDP.DEFL.KD.ZG	2.81421558833303e-07	4.42376934640109e-05	0.00016946280291476
SE.ENR.PRIM.FM.ZS_rank	2.75527893541898e-07	3.38288244136554e-05	0.00016946280291476
SE.TER.ENRR_delta1	2.73002103666981e-07	0.00158128068989984	0.00101677681748856
SE.PRM.ENRL_delta1	2.72559673476908e-07	0.000987975154029577	0.000677851211659041
NV.SRV.TOTL.KD.ZG	2.70531096294573e-07	0.000230729930616214	0.000677851211659041
SE.SEC.ENRR.MA_isNA_rank	2.62313113800408e-07	0.00017781817961024	0.000508388408744281
BX.GSR.TRAN.ZS_tend2	2.62102557019226e-07	3.12266071510665e-05	0.00016946280291476
IT.MLT.MAIN.P2_rank	2.61960182233804e-07	0.00164980574448135	0.000847314014573801
FD.AST.PRVT.GD.ZS_avg2	2.59872505677996e-07	0.000310531260002273	0.00016946280291476
FP.CPI.TOTL_delta1	2.56451528916007e-07	0.000368647445533424	0.00033892560582952
SP.POP.2024.MA.5Y	2.55162586462796e-07	0.00186839199453881	0.00135570242331808
SP.POP.6569.FE.5Y	2.54781110183244e-07	0.0007017312551448	0.000677851211659041
FI.RES.TOTL.CD	2.54400377011543e-07	0.000163939687543099	0.00033892560582952
IS.AIR.DPRT_tend2	2.52654245185669e-07	0.000715609747211941	0.000847314014573801
BM.GSR.TRAN.ZS_lag1	2.48389748909503e-07	0.000150928601230155	0.00033892560582952
BM.GSR.TRVL.ZS_lag1	2.46520543138608e-07	0.000143989355196585	0.000508388408744281
BX.GSR.TRAN.ZS_max2	2.45210069213399e-07	0.000304459419722899	0.000508388408744281
NY.GDP.MKTP.KD.ZG_lag1	2.43969790569537e-07	5.98509970395442e-05	0.00033892560582952
IT.MLT.MAIN_ratioavg2	2.37715553467632e-07	9.28124156990033e-05	0.00033892560582952
DC.DAC.CANL.CD_delta1	2.34093748049926e-07	0.0010755831352034	0.000847314014573801
EN.GHG.N2O.MT.CE.AR5_tend2	2.33214910398682e-07	0.00174782259470553	0.00135570242331808
AG.YLD.CREL.KG_ratioavg2	2.32921863260129e-07	0.000530852321568131	0.000677851211659041
EG.USE.PCAP.KG.OE_delta1	2.32266198363726e-07	0.000207309975252914	0.00033892560582952
DC.DAC.USAL.CD	2.3197724323692e-07	0.000176083368101847	0.00033892560582952
EG.USE.ELEC.KH.PC_lag1	2.31807573410207e-07	0.000442376934640109	0.000508388408744281
is_high_income_rank	2.30033153358619e-07	0.00020817738100711	0.000508388408744281
FP.CPI.TOTL.ZG_rank	2.29546724569897e-07	0.000503962743188046	0.000508388408744281
TM.VAL.TRVL.ZS.WT_isNA_rank	2.22705510315415e-07	3.03592013968702e-05	0.00016946280291476
NE.EXP.GNFS.KD.ZG_isNA_rank	2.22590769862828e-07	0.00013097826888364	0.000677851211659041
IT.MLT.MAIN_isNA_rank	2.10785588962004e-07	0.000322674940561021	0.000677851211659041
SM.POP.RHCR.EA_lag1	2.09532210106756e-07	7.19946775982923e-05	0.00033892560582952
NV.IND.TOTL.CN	2.09002240798931e-07	0.000568150768998572	0.00033892560582952
SP.RUR.TOTL	2.08047980399041e-07	7.45968948608811e-05	0.00016946280291476
FI.RES.TOTL.CD_tend2	2.08019881517923e-07	0.000351299330449498	0.00033892560582952
SP.POP.DPND.OL_delta1	2.06123745012712e-07	0.000329614186594591	0.00016946280291476
NY.GDP.TOTL.RT.ZS_lag1	2.06004119936813e-07	6.85250545815071e-05	0.00033892560582952
TM.VAL.MRCH.WR.ZS_delta1	2.05797432294349e-07	0.0029934172577314	0.00203355363497712
SP.DYN.LE00.FE.IN_delta1	2.00368891954902e-07	0.000199503323465147	0.00033892560582952
TX.VAL.TRVL.ZS.WT_delta1	1.98913552794575e-07	0.000307061636985487	0.000508388408744281
DT.NFL.UNDP.CD_lag1	1.98099397339382e-07	0.000372117068550209	0.00033892560582952
DC.DAC.CANL.CD	1.97600400367034e-07	0.000317470506035843	0.000508388408744281
DC.DAC.FRAL.CD_rank	1.96818496481286e-07	0.000391199995142528	0.00033892560582952
EN.GHG.CH4.WA.MT.CE.AR5_ratioavg2	1.956321331717e-07	0.000871742782967274	0.00118623962040332
AG.LND.CROP.ZS_avg2	1.93980373280357e-07	0.000143989355196585	0.00016946280291476
BX.KLT.DINV.WD.GD.ZS_ratioavg2	1.93346025179636e-07	0.000462327266986624	0.000847314014573801
SP.POP.1564.TO.ZS	1.92566781901761e-07	0.000899499767101555	0.000677851211659041
NY.ADJ.DFOR.CD_rank	1.92161462952451e-07	0.000113630153799714	0.00016946280291476
BM.KLT.DINV.CD.WD_ratioavg2	1.90923962851199e-07	0.000830974712520048	0.00101677681748856
TX.VAL.MRCH.R4.ZS_lag1	1.90665816244451e-07	0.000136182703408818	0.00033892560582952
MS.MIL.XPND.CD	1.8849945376385e-07	0.000264558755029869	0.000508388408744281
TX.VAL.FOOD.ZS.UN	1.87135342910256e-07	0.000394669618159313	0.00033892560582952
NE.EXP.GNFS.ZS	1.84246180071578e-07	0.00104522393380653	0.00118623962040332
SP.POP.1519.MA.5Y_delta1	1.82795497977506e-07	0.00038599556061735	0.000508388408744281
SP.DYN.AMRT.MA_lag1	1.80762820766299e-07	0.000708670501178371	0.000508388408744281
EN.URB.LCTY_ratioavg2	1.80655222526546e-07	0.00103481506475618	0.00118623962040332
NY.GDS.TOTL.ZS	1.7880788507278e-07	0.00033221640385718	0.00016946280291476
is_low_income_rank	1.77687584586207e-07	0.000366912634025032	0.000847314014573801
NV.AGR.TOTL.KD_delta1	1.75537649511304e-07	0.00056381374022759	0.000508388408744281
NY.GDP.MKTP.KN_isNA_rank	1.74986302290735e-07	0.000665300213468556	0.000847314014573801
IS.AIR.PSGR_lag1	1.72710244887133e-07	0.000312266071510665	0.00016946280291476
NE.CON.TOTL.KD_isNA_rank	1.67354733279074e-07	0.00279998577454563	0.00152516522623284
BM.GSR.FCTY.CD_isNA_rank	1.61912070949138e-07	0.000125773834358462	0.000508388408744281
economic_capacity_index_delta1	1.59823815480623e-07	0.000304459419722899	0.00016946280291476
IS.AIR.DPRT_isNA_rank	1.59206271451972e-07	0.00121350065012061	0.000847314014573801
BX.TRF.CURR.CD_tend2	1.5884809490423e-07	0.000471001324528587	0.000677851211659041
BM.GSR.INSF.ZS_ratioavg2	1.58554053259808e-07	0.000127508645866855	0.000677851211659041
EN.GHG.CO2.MT.CE.AR5_ratioavg2	1.58461884931133e-07	0.000333083809611376	0.000508388408744281
IS.AIR.GOOD.MT.K1_isNA_rank	1.56732050906135e-07	0.000723416398999708	0.000847314014573801
SP.POP.4044.MA.5Y	1.56454188086957e-07	0.000372984474304406	0.00033892560582952
TX.VAL.MRCH.R3.ZS_delta1	1.55883120863403e-07	0.000296652767935132	0.000677851211659041
BX.GSR.FCTY.CD	1.54920990049602e-07	0.000710405312686763	0.00033892560582952
BM.GSR.TRAN.ZS_isNA_rank	1.54430259232273e-07	0.000445846557656894	0.000508388408744281
EN.GHG.CH4.TR.MT.CE.AR5	1.53193443793292e-07	0.000114497559553911	0.00033892560582952
SP.POP.2529.MA.5Y_delta1	1.53087517699796e-07	0.000428498442572968	0.000847314014573801
NV.IND.TOTL.KD.ZG_isNA_rank	1.51723046969955e-07	0.000641880258105256	0.000847314014573801
FI.RES.TOTL.CD_ratioavg2	1.5026433463099e-07	0.000429365848327165	0.000847314014573801
SP.DYN.IMRT.FE.IN	1.48925972948535e-07	0.000307929042739684	0.00016946280291476
AG.LND.AGRI.ZS_ratioavg2	1.47949637470382e-07	0.00155872814029074	0.000847314014573801
SP.POP.5054.FE.5Y_rank	1.4783728952151e-07	0.00170618711850411	0.000847314014573801
DC.DAC.FRAL.CD_ratiomax2	1.4750037800168e-07	0.000305326825477095	0.000677851211659041
EN.GHG.N2O.MT.CE.AR5_ratioavg2	1.46680385400664e-07	0.000574222609277946	0.000677851211659041
SP.POP.80UP.MA.5Y_delta1	1.46563064915299e-07	8.84753869280218e-05	0.00033892560582952
DC.DAC.USAL.CD_lag1	1.46091272331674e-07	0.000346094895924321	0.00016946280291476
EN.GHG.CO2.PI.MT.CE.AR5_delta1	1.45208718538973e-07	0.000149193789721762	0.00033892560582952
IS.AIR.PSGR_isNA_rank	1.44536612277264e-07	0.000417222167768417	0.000508388408744281
DC.DAC.TOTL.CD_max2	1.42461151603691e-07	0.000108425719274537	0.00016946280291476
SP.DYN.AMRT.FE_lag1	1.4159227658216e-07	0.00118140663721535	0.00101677681748856
SP.POP.4044.FE.5Y_lag1	1.41072860837526e-07	0.00150928601230155	0.000677851211659041
EN.GHG.CH4.FE.MT.CE.AR5_delta1	1.39923016789862e-07	0.000284509087376384	0.00033892560582952
EG.ELC.FOSL.ZS_ratioavg2	1.39584688057175e-07	0.000703466066653193	0.00118623962040332
NY.ADJ.DMIN.CD_rank	1.38557727353712e-07	2.60221726258888e-05	0.00016946280291476
SE.SEC.ENRL_isNA_rank	1.37369732149593e-07	0.000445846557656894	0.00033892560582952
FD.AST.PRVT.GD.ZS_isNA_rank	1.36946374812686e-07	0.000400741458438687	0.00101677681748856
TM.VAL.FUEL.ZS.UN_lag1	1.36400327319834e-07	0.00130891528308221	0.00118623962040332
NY.GDP.DEFL.ZS_isNA_rank	1.36346957356429e-07	0.000544730813635271	0.00118623962040332
DT.ODA.ALLD.CD_tend2	1.36028772398733e-07	0.000386862966371546	0.000508388408744281
SM.POP.RHCR.EA_isNA_rank	1.35781523338342e-07	0.000118834588324892	0.00033892560582952
EG.ELC.COAL.ZS_tend2	1.34638656644429e-07	0.0018241543010748	0.00186409083206236
NY.ADJ.DNGY.CD	1.3427807526127e-07	3.38288244136554e-05	0.00016946280291476
AG.YLD.CREL.KG_min2	1.33453145955564e-07	0.00226479642420652	0.00118623962040332
SP.POP.1564.TO.ZS_lag1	1.33256202614876e-07	0.000622797331512938	0.00033892560582952
NY.GSR.NFCY.CD_isNA_rank	1.33025028158448e-07	0.00557915381099055	0.00355871886120996
TX.VAL.MRCH.AL.ZS_delta1	1.32007650534198e-07	3.12266071510665e-05	0.00016946280291476
NE.EXP.GNFS.ZS_delta1	1.30795804615498e-07	0.000531719727322327	0.000508388408744281
EG.ELC.FOSL.ZS_delta1	1.29534690532233e-07	0.000263691349275673	0.00033892560582952
FS.AST.CGOV.GD.ZS_lag1	1.28072606808723e-07	0.000307929042739684	0.00016946280291476
BX.TRF.PWKR.DT.GD.ZS_tend2	1.27843839137268e-07	0.000300989796706113	0.000847314014573801
NE.EXP.GNFS.KD.ZG_lag1	1.26536718038716e-07	0.00189267935565631	0.00288086764955092
SP.POP.TOTL_delta1	1.26515347640546e-07	4.07680704472257e-05	0.00016946280291476
TM.VAL.SERV.CD.WT_lag1	1.26138548890886e-07	0.000282774275867991	0.00016946280291476
NE.RSB.GNFS.CD	1.25639082822035e-07	0.00113456672648875	0.00101677681748856
NY.GNP.PCAP.CN_delta1	1.25021634834929e-07	3.12266071510665e-05	0.00016946280291476
TX.VAL.MRCH.HI.ZS_lag1	1.23476780178806e-07	0.000294050550672543	0.00033892560582952
TM.VAL.INSF.ZS.WT	1.23372521204085e-07	0.000459725049724035	0.000508388408744281
BM.GSR.CMCP.ZS	1.23302074596199e-07	0.000199503323465147	0.00033892560582952
SP.POP.3539.MA.5Y	1.20206156603863e-07	0.00105650020861108	0.000677851211659041
TX.VAL.MANF.ZS.UN	1.19488731656421e-07	0.000562078928719197	0.000508388408744281
DC.DAC.FRAL.CD	1.19445416299423e-07	0.000551670059668842	0.00118623962040332
IS.AIR.PSGR_tend2	1.18727659605809e-07	0.00106690907766144	0.000847314014573801
NY.GDP.PCAP.KN_isNA_rank	1.16914660753452e-07	0.00135922481682559	0.00118623962040332
SP.POP.BRTH.MF_delta1	1.1682079449551e-07	0.000654891344418201	0.00033892560582952
EG.ELC.PETR.ZS_tend2	1.13699358269543e-07	0.0007017312551448	0.000677851211659041
EN.GHG.N2O.PI.MT.CE.AR5_ratioavg2	1.13023879833459e-07	0.000110160530782929	0.00033892560582952
DC.DAC.JPNL.CD_isNA_rank	1.12465006669086e-07	0.000372984474304406	0.000847314014573801
DT.ODA.ODAT.GN.ZS_tend2	1.11953908999133e-07	0.000156133035755333	0.000677851211659041
NV.IND.TOTL.KD.ZG_delta1	1.11287649250407e-07	0.000304459419722899	0.00033892560582952
SE.SEC.ENRR_delta1	1.10706819039003e-07	0.00020817738100711	0.000508388408744281
NY.ADJ.DKAP.GN.ZS_delta1	1.10675687013266e-07	0.00107124610643242	0.00152516522623284
NY.GDP.PCAP.CN	1.10325210035965e-07	2.86243898884776e-05	0.00016946280291476
SH.DYN.MORT	1.10201060136162e-07	6.41880258105256e-05	0.00033892560582952
AG.LND.ARBL.HA.PC_tend2	1.09073402343275e-07	0.00283207978745089	0.00237247924080664
NY.GDP.FRST.RT.ZS_delta1	1.0889965591006e-07	0.00078847183056443	0.00118623962040332
EN.GHG.ALL.PC.CE.AR5	1.08791943608685e-07	3.12266071510665e-05	0.00016946280291476
NY.ADJ.DRES.GN.ZS_rank	1.08007019406789e-07	4.68399107265998e-05	0.00016946280291476
NE.RSB.GNFS.CD_isNA_rank	1.07582740365875e-07	0.000688720168831856	0.000508388408744281
BM.GSR.INSF.ZS_tend2	1.07293757860405e-07	0.000212514409778092	0.00033892560582952
SH.DTH.NMRT_rank	1.06562902334033e-07	0.000227260307599429	0.00016946280291476
FD.AST.PRVT.GD.ZS_lag1	1.05315901949837e-07	0.000299254985197721	0.00016946280291476
AG.CON.FERT.ZS_max2	1.03360478413431e-07	0.000471001324528587	0.00033892560582952
SH.MMR.DTHS	1.03129605521689e-07	0.000291448333409954	0.00016946280291476
SH.DTH.NMRT_lag1	1.02638757309281e-07	0.000640145446596864	0.00033892560582952
AG.PRD.CREL.MT_delta1	1.00425459669741e-07	4.42376934640109e-05	0.00016946280291476
BX.GSR.GNFS.CD_rank	9.96855493044889e-08	2.68895783800851e-05	0.00016946280291476
PA.NUS.FCRF_isNA_rank	9.84317711422862e-08	0.00190308822470667	0.00135570242331808
NY.ADJ.DKAP.GN.ZS_isNA_rank	9.8413224520062e-08	0.000111895342291322	0.000508388408744281
BM.GSR.INSF.ZS_max2	9.66808482324774e-08	0.000707803095424174	0.000677851211659041
NY.ADJ.DNGY.GN.ZS_lag1	9.6551244500658e-08	0.000320940129052628	0.000508388408744281
EG.USE.ELEC.KH.PC_isNA_rank	9.53931683660636e-08	0.000968892227437258	0.00152516522623284
EN.GHG.N2O.TR.MT.CE.AR5_ratioavg2	9.52202782831455e-08	0.000840516175816207	0.00101677681748856
NE.CON.PRVT.KD.ZG_avg2	9.51075524561295e-08	6.33206200563293e-05	0.00033892560582952
TM.VAL.MRCH.RS.ZS_delta1	9.49766588651725e-08	0.000696526820619623	0.000847314014573801
EN.GHG.ALL.PC.CE.AR5_ratiomax2	9.49687183932243e-08	6.07184027937405e-05	0.00033892560582952
MS.MIL.XPND.GD.ZS_isNA_rank	9.42095968635743e-08	0.000503962743188046	0.000508388408744281
TM.VAL.MRCH.R3.ZS	9.38038318930168e-08	0.000194298888939969	0.00033892560582952
TX.VAL.TRAN.ZS.WT_isNA_rank	9.36519257264628e-08	0.000368647445533424	0.000508388408744281
FP.CPI.TOTL.ZG_delta1	9.2434753034619e-08	0.000328746780840395	0.000508388408744281
BX.GRT.TECH.CD.WD_rank	9.14895577413892e-08	0.000848322827603974	0.000508388408744281
NV.SRV.TOTL.ZS_delta1	9.12093182065934e-08	0.000310531260002273	0.000508388408744281
FI.RES.TOTL.MO_min2	9.09208152811812e-08	0.00051697382950099	0.00033892560582952
BM.GSR.TRAN.ZS_max2	8.98691953048858e-08	0.000743366731346222	0.000677851211659041
ER.FSH.PROD.MT_delta1	8.9806084213318e-08	0.00028537649313058	0.00033892560582952
TM.VAL.OTHR.ZS.WT_rank	8.92737734083097e-08	0.000130110863129444	0.000508388408744281
EN.GHG.ALL.PC.CE.AR5_ratioavg2	8.86144071609846e-08	5.81161855311516e-05	0.00016946280291476
FI.RES.TOTL.MO_delta1	8.84384068337341e-08	0.000126641240112659	0.00033892560582952
NE.CON.PRVT.KD_isNA_rank	8.82104263578388e-08	0.000340890461399143	0.000847314014573801
SP.POP.0004.MA.5Y_delta1	8.81637526811487e-08	0.000149193789721762	0.000677851211659041
AG.PRD.FOOD.XD_avg2	8.80207149119324e-08	4.77073164807961e-05	0.00016946280291476
NY.ADJ.DMIN.GN.ZS_isNA_rank	8.76139462792042e-08	0.00226392901845232	0.00101677681748856
SE.SEC.ENRR.FE_delta1	8.73921042562739e-08	0.000309663854248076	0.000677851211659041
IT.MLT.MAIN.P2_ratioavg2	8.48037838482708e-08	0.000359973387991461	0.000847314014573801
AG.LND.CREL.HA	8.40508568264586e-08	6.07184027937405e-05	0.00033892560582952
NE.RSB.GNFS.CD_lag1	8.32799194220096e-08	0.000300989796706113	0.000847314014573801
FM.AST.NFRG.CN_tend2	8.31260493824469e-08	4.33702877098146e-05	0.00016946280291476
BX.TRF.PWKR.DT.GD.ZS_isNA_rank	8.2945437268011e-08	0.00166541904805688	0.00118623962040332
EN.GHG.N2O.WA.MT.CE.AR5_tend2	8.27021202166433e-08	0.000245475828437551	0.000508388408744281
EN.GHG.CO2.PC.CE.AR5_delta1	8.2696588103575e-08	0.000150061195475959	0.00016946280291476
NY.GDP.MKTP.KN	8.22627882959762e-08	0.000529117510059738	0.00033892560582952
TM.VAL.MRCH.R3.ZS_delta1	8.1759729365601e-08	0.000425896225310379	0.000847314014573801
rural_poverty_interaction_lag1	8.11328661447079e-08	0.00107298091794081	0.00101677681748856
SP.URB.TOTL_lag1	8.07443343486814e-08	9.97516617325736e-05	0.00016946280291476
MS.MIL.MPRT.KD_tend2	7.79661547593918e-08	0.000408548110226454	0.000677851211659041
NE.EXP.GNFS.KD_delta1	7.76807588580153e-08	0.00180593878023668	0.00186409083206236
NE.IMP.GNFS.KD_isNA_rank	7.74745475746425e-08	0.000601112187658031	0.00101677681748856
NV.IND.TOTL.ZS	7.73829664009526e-08	0.000359105982237265	0.000508388408744281
SP.POP.3034.MA.5Y_delta1	7.72700273693922e-08	0.000250680262962728	0.00016946280291476
BX.TRF.CURR.CD_min2	7.72583867580704e-08	9.88842559783773e-05	0.00033892560582952
SP.DYN.AMRT.FE	7.67517355840064e-08	0.00107037870067822	0.000847314014573801
TX.VAL.AGRI.ZS.UN	7.615833001797e-08	0.000192564077431577	0.00033892560582952
DT.ODA.ALLD.KD_ratioavg2	7.56473554112829e-08	0.000143121949442388	0.00016946280291476
SE.SEC.ENRR.FE	7.50596200065033e-08	0.00201932059576897	0.0025419420437214
NE.RSB.GNFS.ZS_delta1	7.41734019015403e-08	0.000969759633191455	0.00135570242331808
EG.USE.ELEC.KH.PC	7.40594726529999e-08	0.00025501729173371	0.000508388408744281
EN.GHG.CO2.PC.CE.AR5_tend2	7.39203163111524e-08	0.00087261018872147	0.000508388408744281
AG.PRD.FOOD.XD_ratioavg2	7.32879523902723e-08	0.000213381815532288	0.00033892560582952
BX.GSR.MRCH.CD_isNA_rank	7.21454280301757e-08	0.00134794854202104	0.00118623962040332
DT.ODA.ALLD.KD_max2	7.19474156609023e-08	0.000346962301678517	0.00016946280291476
EN.URB.LCTY_lag1	7.18300137194774e-08	3.64310416762443e-05	0.00016946280291476
TM.VAL.AGRI.ZS.UN_delta1	7.1809299758322e-08	0.000346094895924321	0.000508388408744281
ER.FSH.PROD.MT_ratiomax2	7.15831183149797e-08	0.000263691349275673	0.00016946280291476
NE.CON.PRVT.KD.ZG_ratioavg2	7.09866685753054e-08	0.00104435652805234	0.00101677681748856
BM.GSR.MRCH.CD_tend2	7.03487093178788e-08	0.000722548993245511	0.00101677681748856
DC.DAC.USAL.CD_isNA_rank	6.80879733087931e-08	0.000327879375086198	0.00033892560582952
BX.PEF.TOTL.CD.WD_min2	6.71745611143828e-08	0.00255190772884549	0.00186409083206236
SH.MMR.RISK.ZS	6.64385162022768e-08	0.000643615069613649	0.00033892560582952
EN.POP.DNST_ratioavg2	6.62924334935531e-08	0.000310531260002273	0.00016946280291476
TM.VAL.MRCH.R5.ZS_rank	6.58396308935338e-08	3.12266071510665e-05	0.00016946280291476
AG.PRD.CROP.XD	6.50082008513797e-08	0.00101920176118064	0.0016946280291476
NY.GNP.MKTP.CN_lag1	6.46045317285873e-08	0.000243741016929158	0.00016946280291476
AG.LND.CREL.HA_tend2	6.42420552358154e-08	0.00138871661246826	0.00101677681748856
TM.VAL.MRCH.R4.ZS_delta1	6.4171491300753e-08	4.1635476201422e-05	0.00016946280291476
SH.MMR.RISK	6.36833818875318e-08	0.000605449216429012	0.00033892560582952
EN.GHG.CO2.PC.CE.AR5_min2	6.34817548948818e-08	0.000359105982237265	0.00016946280291476
DC.DAC.JPNL.CD_ratioavg2	6.34263882546424e-08	0.000640145446596864	0.00101677681748856
SP.POP.4044.MA.5Y_rank	6.23001896016808e-08	0.0030185720246031	0.00135570242331808
SE.SEC.DURS_rank	6.19057010310725e-08	0.00043283547134395	0.000677851211659041
TM.VAL.INSF.ZS.WT_delta1	6.16203109872988e-08	0.000328746780840395	0.000677851211659041
NY.GDS.TOTL.CD_isNA_rank	6.05128448836276e-08	0.000438039905869128	0.00118623962040332
NY.GDP.PETR.RT.ZS_isNA_rank	5.98782950297695e-08	0.00231076892917892	0.00118623962040332
FI.RES.TOTL.CD_isNA_rank	5.92363670266802e-08	0.00179206028816954	0.00118623962040332
BX.GSR.GNFS.CD_delta1	5.92256342186999e-08	0.000338288244136554	0.00033892560582952
FI.RES.TOTL.MO_rank	5.91115755174513e-08	0.000404211081455472	0.000508388408744281
NY.ADJ.DNGY.GN.ZS_rank	5.85705431207683e-08	0.000272365406817636	0.00033892560582952
NE.CON.PRVT.KD_ratioavg2	5.84673928162011e-08	0.000206442569498718	0.00033892560582952
NV.AGR.TOTL.CN_delta1	5.80609417448827e-08	0.000341757867153339	0.00033892560582952
IS.AIR.PSGR_ratiomax2	5.8048808051354e-08	3.81658531846369e-05	0.00016946280291476
NE.CON.TOTL.CD_isNA_rank	5.77277788835319e-08	2.60221726258888e-05	0.00016946280291476
NY.ADJ.DKAP.GN.ZS_lag1	5.75394892985471e-08	0.000333083809611376	0.00016946280291476
BM.TRF.PWKR.CD.DT_max2	5.71121529892684e-08	0.000320072723298432	0.000508388408744281
TM.VAL.MRCH.OR.ZS_rank	5.61506843213485e-08	0.00051003458346742	0.000847314014573801
BM.GSR.NFSV.CD_isNA_rank	5.54400719481829e-08	0.00147805940515048	0.00152516522623284
NV.AGR.TOTL.CN	5.53594289336218e-08	5.6381374022759e-05	0.00016946280291476
TX.VAL.MMTL.ZS.UN	5.52974435167679e-08	0.000359105982237265	0.00101677681748856
EG.ELC.FOSL.ZS_ratiomax2	5.51614046490052e-08	3.81658531846369e-05	0.00016946280291476
TM.VAL.TRVL.ZS.WT_lag1	5.49855249762203e-08	4.51050992182072e-05	0.00016946280291476
BX.GSR.FCTY.CD_ratioavg2	5.43079201481361e-08	0.000254149885979514	0.000677851211659041
SE.SEC.ENRR.MA_rank	5.36556055825029e-08	0.000579427043803123	0.000508388408744281
SE.ENR.PRIM.FM.ZS_delta1	5.26345474037866e-08	0.000269763189555047	0.000847314014573801
TX.VAL.MRCH.R1.ZS_lag1	5.25903840167266e-08	8.15361408944515e-05	0.00033892560582952
BX.GSR.NFSV.CD_delta1	5.20350480992641e-08	0.00167582791710724	0.00101677681748856
MS.MIL.XPND.GD.ZS_delta1	5.19319639777454e-08	0.000514371612238401	0.000677851211659041
NV.AGR.TOTL.KD.ZG_rank	5.18983772483426e-08	2.77569841342814e-05	0.00016946280291476
NE.CON.GOVT.ZS	5.1598171554545e-08	0.000277569841342813	0.00016946280291476
BX.TRF.PWKR.CD.DT_ratioavg2	5.12877705369612e-08	0.000159602658772118	0.00033892560582952
NE.CON.PRVT.ZS	5.10199669930275e-08	0.000340023055644947	0.00033892560582952
EG.ELC.COAL.ZS_ratioavg2	5.07221146760179e-08	0.00132279377514935	0.00101677681748856
SP.DYN.TO65.FE.ZS_rank	5.06073584554356e-08	0.000690454980340249	0.00033892560582952
FM.AST.PRVT.GD.ZS_avg2	5.0529789577991e-08	0.00053345453883072	0.00033892560582952
NY.ADJ.NNTY.PC.CD_delta1	4.97166630237665e-08	0.00107992016397438	0.00135570242331808
EN.GHG.CO2.PC.CE.AR5_avg2	4.87131560813353e-08	0.000642747663859453	0.00033892560582952
NY.ADJ.DFOR.GN.ZS	4.83585110926604e-08	7.98013293860589e-05	0.00016946280291476
BM.TRF.PWKR.CD.DT	4.80657526027619e-08	0.00252241593320282	0.0025419420437214
TM.VAL.MRCH.R3.ZS_lag1	4.79375109512129e-08	0.000192564077431577	0.00016946280291476
BM.GSR.INSF.ZS	4.74936570813328e-08	0.000705200878161586	0.00101677681748856
DC.DAC.CANL.CD_min2	4.72888330312555e-08	0.000753775600396578	0.000677851211659041
TM.VAL.MRCH.OR.ZS_delta1	4.62977717613844e-08	0.00229081859683241	0.00288086764955092
MS.MIL.MPRT.KD_max2	4.60725291444851e-08	8.58731696654329e-05	0.00016946280291476
AG.LND.CROP.ZS_ratioavg2	4.57910605173726e-08	0.000467531701511802	0.000677851211659041
NE.IMP.GNFS.KD	4.54625770193185e-08	7.63317063692737e-05	0.00016946280291476
FD.AST.PRVT.GD.ZS_min2	4.514245590501e-08	0.00108946162727054	0.000508388408744281
BX.TRF.PWKR.CD.DT_tend2	4.50237046135045e-08	0.000159602658772118	0.00033892560582952
SP.DYN.TO65.FE.ZS	4.47935725959339e-08	0.000387730372125743	0.00033892560582952
TX.VAL.TRAN.ZS.WT_delta1	4.45214109283144e-08	0.000104088690503555	0.00033892560582952
FI.RES.XGLD.CD_tend2	4.44997993612374e-08	0.000438907311623324	0.000847314014573801
FM.LBL.BMNY.GD.ZS_min2	4.44103985443664e-08	6.67902430731145e-05	0.00033892560582952
NY.ADJ.NNTY.CD_isNA_rank	4.37448388846002e-08	0.000345227490170124	0.000677851211659041
BX.TRF.PWKR.CD.DT_avg2	4.37204280917049e-08	2.68895783800851e-05	0.00016946280291476
DC.DAC.GBRL.CD	4.36438711749994e-08	0.000431968065589753	0.00033892560582952
SP.DYN.IMRT.MA.IN_delta1	4.31297767926434e-08	0.000593305535870264	0.000508388408744281
SP.POP.6064.FE.5Y	4.27821251883963e-08	0.000461459861232428	0.00033892560582952
DC.DAC.JPNL.CD_max2	4.2400735850822e-08	8.24035466486478e-05	0.00016946280291476
NE.CON.PRVT.KD.ZG_min2	4.21714218033391e-08	0.00010061906748677	0.00033892560582952
BM.GSR.CMCP.ZS_lag1	4.21574195952867e-08	0.000117099776816499	0.00016946280291476
EN.URB.MCTY.TL.ZS_ratioavg2	4.18994263816068e-08	0.000435437688606539	0.000677851211659041
FS.AST.CGOV.GD.ZS_avg2	4.16454036719427e-08	5.55139682685627e-05	0.00016946280291476
EN.GHG.CO2.BU.MT.CE.AR5_min2	4.13183763188964e-08	0.000269763189555047	0.00016946280291476
DC.DAC.FRAL.CD_isNA_rank	4.07649696238094e-08	0.000118834588324892	0.000508388408744281
NE.TRD.GNFS.ZS_delta1	4.07211208175365e-08	0.00188660751537694	0.000847314014573801
IS.AIR.GOOD.MT.K1_tend2	4.01186460956242e-08	0.000341757867153339	0.000508388408744281
TX.VAL.FOOD.ZS.UN_isNA_rank	3.89344996045581e-08	0.00106517426615305	0.00118623962040332
NE.CON.PRVT.PC.KD_delta1	3.8772165489835e-08	0.000212514409778092	0.00033892560582952
DT.ODA.ODAT.KD_tend2	3.87582161896234e-08	8.84753869280218e-05	0.00016946280291476
TG.VAL.TOTL.GD.ZS_delta1	3.87283964670422e-08	0.000136182703408818	0.00033892560582952
FM.AST.NFRG.CN_max2	3.8355908970194e-08	0.000619327708496153	0.000508388408744281
SP.URB.TOTL_delta1	3.81775742935364e-08	2.60221726258888e-05	0.00016946280291476
SP.POP.6064.MA.5Y_delta1	3.67358799167034e-08	0.000287978710393169	0.00016946280291476
DC.DAC.DEUL.CD_tend2	3.56989652966681e-08	0.00110854455386286	0.00118623962040332
NE.CON.TOTL.KD.ZG_tend2	3.56642624062418e-08	0.000143121949442388	0.00033892560582952
MS.MIL.MPRT.KD_avg2	3.56452824867058e-08	5.0309533743385e-05	0.00016946280291476
AG.LND.ARBL.HA_tend2	3.51140033631516e-08	0.000553404871177234	0.000677851211659041
BX.PEF.TOTL.CD.WD_rank	3.46943633577793e-08	0.000326144563577806	0.00016946280291476
TX.VAL.MRCH.R6.ZS_rank	3.45997208513208e-08	4.25028819556183e-05	0.00016946280291476
AG.LND.CROP.ZS_tend2	3.41656951168056e-08	0.000338288244136554	0.000508388408744281
TX.VAL.MRCH.R6.ZS	3.38536412259643e-08	0.000212514409778092	0.000508388408744281
NE.CON.PRVT.PC.KD_tend2	3.31711646950682e-08	0.000347829707432713	0.000508388408744281
SE.ENR.PRIM.FM.ZS_lag1	3.3095285559112e-08	0.000753775600396578	0.000847314014573801
NV.AGR.TOTL.KD_isNA_rank	3.28827084231925e-08	0.00154658445973199	0.000847314014573801
DC.DAC.FRAL.CD_avg2	3.28445105917576e-08	0.000133580486146229	0.00016946280291476
FI.RES.XGLD.CD_min2	3.28205398088295e-08	0.000302724608214506	0.00016946280291476
NV.IND.TOTL.CN_isNA_rank	3.19411085079515e-08	0.000156133035755333	0.00016946280291476
EN.GHG.CO2.PC.CE.AR5_max2	3.18117541120162e-08	6.33206200563293e-05	0.00016946280291476
BX.GSR.TRAN.ZS_ratiomax2	3.17949928622741e-08	0.000189094454414792	0.00016946280291476
EN.GHG.CO2.BU.MT.CE.AR5_delta1	3.17529177338277e-08	4.42376934640109e-05	0.00016946280291476
BM.GSR.GNFS.CD_isNA_rank	3.17244631007307e-08	0.000753775600396578	0.000847314014573801
SE.PRM.ENRL.FE.ZS_isNA_rank	3.16591631572118e-08	0.00161857913733028	0.0016946280291476
SP.POP.65UP.TO_delta1	3.12071597313087e-08	3.03592013968702e-05	0.00016946280291476
DC.DAC.JPNL.CD	3.11807494015743e-08	0.000311398665756469	0.000677851211659041
NE.RSB.GNFS.ZS_rank	3.08117442835177e-08	3.90332589388331e-05	0.00016946280291476
SP.URB.TOTL.IN.ZS_delta1	3.0308696332127e-08	0.000457990238215642	0.00033892560582952
FM.AST.NFRG.CN_min2	3.02942242292541e-08	5.20443452517775e-05	0.00016946280291476
EN.GHG.N2O.PI.MT.CE.AR5_delta1	3.00469463901279e-08	0.00023853658240398	0.00033892560582952
EN.GHG.CH4.PI.MT.CE.AR5_ratioavg2	3.00229169382512e-08	0.000229862524862017	0.000508388408744281
EN.GHG.N2O.AG.MT.CE.AR5_ratioavg2	2.99577237923398e-08	0.000997516617325736	0.00101677681748856
TM.VAL.MRCH.R6.ZS	2.9676618605673e-08	0.000564681145981786	0.000847314014573801
BM.TRF.PWKR.CD.DT_rank	2.96420780366418e-08	2.60221726258888e-05	0.00016946280291476
AG.LND.AGRI.ZS_ratiomax2	2.95880998591154e-08	0.000342625272907535	0.00016946280291476
IT.MLT.MAIN_delta1	2.93835888244622e-08	0.000252415074471121	0.00016946280291476
NY.GDP.MINR.RT.ZS	2.92805181175329e-08	3.99006646930294e-05	0.00016946280291476
SH.IMM.IDPT_delta1	2.91678175116693e-08	0.00134794854202104	0.00135570242331808
EN.GHG.CO2.BU.MT.CE.AR5	2.89913517926976e-08	0.00027843724709701	0.00016946280291476
NY.GDP.DEFL.KD.ZG_delta1	2.88023728046793e-08	0.00031573569452745	0.000677851211659041
TM.VAL.MANF.ZS.UN_isNA_rank	2.85607770618095e-08	0.000395537023913509	0.00033892560582952
NE.GDI.FTOT.CD_isNA_rank	2.84833120915905e-08	0.000109293125028733	0.00016946280291476
NY.ADJ.NNTY.CD_delta1	2.84232556308575e-08	0.000276702435588617	0.00033892560582952
NE.CON.GOVT.ZS_max2	2.83782230813353e-08	0.000326144563577806	0.00016946280291476
NY.GDP.FCST.KD_delta1	2.80480465895547e-08	3.12266071510665e-05	0.00016946280291476
EG.ELC.NGAS.ZS_max2	2.79355888508375e-08	2.60221726258888e-05	0.00016946280291476
BX.GRT.EXTA.CD.WD_rank	2.77788144409956e-08	7.98013293860589e-05	0.00016946280291476
SE.PRM.DURS_rank	2.73545711175197e-08	0.000719079370228726	0.000677851211659041
SE.PRM.ENRR	2.71923010817185e-08	0.00040247626994708	0.000677851211659041
SP.POP.3034.MA.5Y	2.71876999660236e-08	0.000499625714417064	0.00033892560582952
NY.GDP.PCAP.CN_rank	2.71781139401408e-08	0.000269763189555047	0.00016946280291476
TX.VAL.MANF.ZS.UN_delta1	2.71370472485797e-08	0.0016385294696768	0.00101677681748856
SE.SEC.ENRL.GC.FE.ZS_lag1	2.63637078731849e-08	0.000146591572459173	0.00033892560582952
FM.LBL.BMNY.GD.ZS_max2	2.6179858919339e-08	3.12266071510665e-05	0.00016946280291476
NE.CON.PRVT.PC.KD_max2	2.60261256882167e-08	7.89339236318626e-05	0.00016946280291476
AG.PRD.CROP.XD_delta1	2.59326890402276e-08	3.72984474304406e-05	0.00016946280291476
DT.ODA.ALLD.KD_tend2	2.57876676333434e-08	3.5563635922048e-05	0.00016946280291476
NY.ADJ.DMIN.CD_isNA_rank	2.56756085743635e-08	0.00143035208866969	0.00152516522623284
DC.DAC.DEUL.CD_lag1	2.55614056658326e-08	0.000975831473470829	0.000508388408744281
NY.GDP.TOTL.RT.ZS_isNA_rank	2.54579342751083e-08	0.000360840793745658	0.000677851211659041
ER.H2O.INTR.PC_min2	2.51331024044692e-08	4.25028819556183e-05	0.00016946280291476
SH.DYN.MORT.MA_delta1	2.4899638186463e-08	0.000179552991118632	0.000508388408744281
SE.PRM.TCHR	2.47749024209553e-08	0.000171746339330866	0.000508388408744281
BX.GRT.TECH.CD.WD_isNA_rank	2.45827335500903e-08	0.000719079370228726	0.000508388408744281
DT.ODA.ODAT.GN.ZS_min2	2.45409545325767e-08	3.99006646930294e-05	0.00016946280291476
SP.POP.1519.FE.5Y_lag1	2.42736254080058e-08	0.000582896666819908	0.000508388408744281
SE.SEC.ENRR.MA_delta1	2.41910198932559e-08	0.000607184027937405	0.00101677681748856
gdp_acceleration_rank	2.40946362809412e-08	0.000319205317544236	0.000677851211659041
NE.CON.TOTL.CD_tend2	2.39987024857897e-08	0.000314000883019058	0.00016946280291476
SP.POP.0004.FE.5Y_lag1	2.39604736615963e-08	0.000319205317544236	0.00016946280291476
TX.VAL.MRCH.OR.ZS_rank	2.38022152590097e-08	5.72487797769553e-05	0.00016946280291476
TM.VAL.MRCH.R5.ZS	2.36595307747322e-08	0.000300989796706113	0.000677851211659041
FI.RES.TOTL.MO	2.36308168417509e-08	3.12266071510665e-05	0.00016946280291476
NE.IMP.GNFS.CD_isNA_rank	2.33979101503038e-08	0.000317470506035843	0.000677851211659041
NY.GDP.PCAP.CD_delta1	2.31558148922282e-08	0.000466664295757605	0.000508388408744281
SP.DYN.TO65.FE.ZS_lag1	2.29783928579567e-08	0.000455388020953053	0.000677851211659041
EG.USE.PCAP.KG.OE_isNA_rank	2.27836953200223e-08	0.000431100659835557	0.00033892560582952
TX.VAL.MRCH.R3.ZS_lag1	2.27483498516456e-08	6.15858085479368e-05	0.00016946280291476
EN.URB.LCTY.UR.ZS_tend2	2.22157047951696e-08	0.000169144122068277	0.00033892560582952
NE.GDI.FTOT.ZS_rank	2.21260818218343e-08	0.000153530818492744	0.00033892560582952
NE.IMP.GNFS.KD.ZG_delta1	2.19129410765981e-08	9.28124156990033e-05	0.00033892560582952
NY.GDP.MKTP.KD.ZG	2.1748605348607e-08	4.85747222349924e-05	0.00016946280291476
BX.GSR.NFSV.CD	2.16976427321695e-08	3.20940129052628e-05	0.00016946280291476
EN.GHG.N2O.TR.MT.CE.AR5_tend2	2.16860055803716e-08	0.000361708199499854	0.00033892560582952
TX.VAL.SERV.CD.WT_isNA_rank	2.1586397942516e-08	7.98013293860589e-05	0.00033892560582952
TX.VAL.MRCH.R2.ZS_rank	2.11467355858979e-08	2.86243898884776e-05	0.00016946280291476
BX.TRF.CURR.CD_ratioavg2	2.1012501138548e-08	0.000591570724361871	0.00118623962040332
BX.GRT.EXTA.CD.WD_ratioavg2	2.09089925230977e-08	0.000166541904805688	0.000508388408744281
EN.GHG.N2O.BU.MT.CE.AR5_tend2	2.09067155703351e-08	0.00109813568481251	0.00101677681748856
SP.DYN.TO65.MA.ZS_lag1	2.09004858972243e-08	0.000229862524862017	0.000508388408744281
AG.PRD.LVSK.XD_tend2	2.08764319570656e-08	0.000188227048660595	0.00033892560582952
NE.CON.TOTL.KD.ZG_avg2	2.07005899762927e-08	0.000178685585364436	0.00033892560582952
SE.ENR.PRIM.FM.ZS	2.044951098363e-08	0.000206442569498718	0.000677851211659041
SP.URB.TOTL	2.03942103674011e-08	5.6381374022759e-05	0.00016946280291476
IT.CEL.SETS_max2	2.01211611918811e-08	4.51050992182072e-05	0.00016946280291476
FD.AST.PRVT.GD.ZS_tend2	1.97682966285337e-08	2.86243898884776e-05	0.00016946280291476
DT.NFL.UNDP.CD_delta1	1.97484685824414e-08	5.29117510059738e-05	0.00016946280291476
SM.POP.NETM_lag1	1.96777661163247e-08	0.000272365406817636	0.000677851211659041
SP.DYN.LE00.MA.IN_delta1	1.93067931832607e-08	0.000228995119107821	0.00016946280291476
NE.CON.PRVT.ZS_min2	1.88728103925861e-08	0.000651421721401415	0.000508388408744281
EN.GHG.CH4.TR.MT.CE.AR5_tend2	1.88057821337101e-08	0.000156133035755333	0.00033892560582952
EN.GHG.ALL.PC.CE.AR5_min2	1.87377139877326e-08	3.12266071510665e-05	0.00016946280291476
TM.VAL.FOOD.ZS.UN	1.85651991110307e-08	0.000213381815532288	0.000508388408744281
TM.VAL.MRCH.AL.ZS_delta1	1.83719902684915e-08	0.000898632361347359	0.000847314014573801
EN.GHG.ALL.MT.CE.AR5_tend2	1.83511202326509e-08	0.000115364965308107	0.00033892560582952
MS.MIL.MPRT.KD	1.83231850141692e-08	0.000477073164807961	0.000847314014573801
NE.CON.PRVT.KD_delta1	1.81823823106884e-08	5.6381374022759e-05	0.00016946280291476
IS.AIR.PSGR_avg2	1.80586345161953e-08	0.000103221284749359	0.00016946280291476
DC.DAC.FRAL.CD_max2	1.77531431382465e-08	0.000181287802627025	0.00033892560582952
NE.CON.GOVT.CD_lag1	1.77220408079467e-08	0.000273232812571832	0.00016946280291476
AG.LND.AGRI.K2_delta1	1.74182102194179e-08	0.000165674499051492	0.00016946280291476
BM.GSR.NFSV.CD_ratioavg2	1.66001493407126e-08	0.000830974712520048	0.000847314014573801
BX.GSR.FCTY.CD_max2	1.63777830891395e-08	0.000240271393912373	0.00016946280291476
NE.IMP.GNFS.ZS_delta1	1.6359619356321e-08	0.000997516617325736	0.000677851211659041
FM.AST.DOMS.CN_delta1	1.63079067701667e-08	0.000157867847263725	0.00033892560582952
EN.GHG.N2O.IP.MT.CE.AR5_delta1	1.62810966617245e-08	4.1635476201422e-05	0.00016946280291476
SP.POP.0004.FE.5Y_rank	1.61435336450094e-08	0.000287111304638973	0.00016946280291476
EG.ELC.HYRO.ZS	1.60605808336531e-08	0.000266293566538262	0.000677851211659041
NY.GNP.ATLS.CD_isNA_rank	1.60178448003576e-08	0.00198549177135531	0.00152516522623284
DC.DAC.CECL.CD_avg2	1.5876555847944e-08	0.000131845674637836	0.00016946280291476
NV.AGR.TOTL.KD.ZG_isNA_rank	1.56968757310395e-08	0.000754643006150774	0.00033892560582952
TX.VAL.MMTL.ZS.UN_delta1	1.5482608814319e-08	0.000349564518941106	0.000677851211659041
NV.IND.TOTL.KD.ZG	1.50440651954976e-08	0.000481410193578942	0.00033892560582952
ER.H2O.INTR.K3_rank	1.50025188881402e-08	3.72984474304406e-05	0.00016946280291476
FI.RES.TOTL.MO_ratioavg2	1.49986987733399e-08	7.54643006150774e-05	0.00033892560582952
BX.GSR.FCTY.CD_ratiomax2	1.4976251667611e-08	3.29614186594591e-05	0.00016946280291476
DT.NFL.UNDP.CD_rank	1.49571957171775e-08	0.00177644698459401	0.000847314014573801
DC.DAC.GBRL.CD_max2	1.48576822941626e-08	4.59725049724035e-05	0.00016946280291476
SE.TER.ENRR_isNA_rank	1.48409567547114e-08	0.000345227490170124	0.000508388408744281
EN.GHG.CO2.MT.CE.AR5	1.48208488302865e-08	0.000179552991118632	0.00033892560582952
SH.IMM.MEAS	1.46003897912986e-08	2.94917956426739e-05	0.00016946280291476
EN.GHG.CO2.TR.MT.CE.AR5_delta1	1.45824656841099e-08	0.000230729930616214	0.00016946280291476
TM.VAL.SERV.CD.WT_isNA_rank	1.43689923671335e-08	0.000196901106202558	0.00033892560582952
BX.TRF.PWKR.DT.GD.ZS_ratioavg2	1.42979363091006e-08	0.000948941895090744	0.00101677681748856
NE.IMP.GNFS.KD_lag1	1.42426286008431e-08	0.000310531260002273	0.00016946280291476
NE.RSB.GNFS.ZS_isNA_rank	1.41695854166504e-08	2.86243898884776e-05	0.00016946280291476
NE.CON.GOVT.CD_isNA_rank	1.40647269650707e-08	0.000307929042739684	0.00033892560582952
SP.POP.3034.FE.5Y	1.39409617871854e-08	0.000193431483185773	0.00016946280291476
BX.GSR.CMCP.ZS_max2	1.39357631808201e-08	0.000106690907766144	0.00033892560582952
IS.AIR.GOOD.MT.K1_ratioavg2	1.39298556294005e-08	0.00026195653776728	0.00033892560582952
NE.CON.PRVT.ZS_ratiomax2	1.38450402290271e-08	0.000387730372125743	0.00033892560582952
IT.CEL.SETS_avg2	1.38278233514263e-08	0.000249812857208532	0.00016946280291476
SM.POP.RHCR.EA	1.38158037078178e-08	0.000185624831398007	0.000508388408744281
DT.ODA.ODAT.GN.ZS_ratioavg2	1.38144936526379e-08	0.000670504647993734	0.000847314014573801
NY.GDP.MINR.RT.ZS_rank	1.37483233806757e-08	0.000103221284749359	0.00033892560582952
NE.IMP.GNFS.CN_lag1	1.37402581014038e-08	0.000440642123131716	0.00033892560582952
NV.IND.MANF.CD_isNA_rank	1.36929483560945e-08	5.81161855311516e-05	0.00016946280291476
FI.RES.TOTL.MO_avg2	1.35523684059174e-08	0.000425896225310379	0.00033892560582952
EN.GHG.CH4.WA.MT.CE.AR5_tend2	1.34912552608084e-08	6.85250545815071e-05	0.00016946280291476
BX.TRF.CURR.CD_lag1	1.34218328542279e-08	0.000245475828437551	0.00033892560582952
AG.PRD.FOOD.XD_max2	1.34205152617178e-08	0.000248945451454336	0.000508388408744281
SP.DYN.AMRT.FE_delta1	1.33263087964238e-08	0.000235934365141392	0.000677851211659041
NE.CON.PRVT.ZS_ratioavg2	1.32778338652797e-08	9.45472272073958e-05	0.00016946280291476
NV.IND.TOTL.CN_delta1	1.32542705341974e-08	0.000108425719274537	0.00033892560582952
NY.GDP.MKTP.CN_isNA_rank	1.30031472170565e-08	0.00340370017946625	0.00288086764955092
NY.GDP.COAL.RT.ZS_lag1	1.29555279902285e-08	0.000250680262962728	0.000508388408744281
AG.LND.ARBL.HA.PC_ratioavg2	1.29222651551654e-08	0.000144856760950781	0.00033892560582952
SP.DYN.TFRT.IN_lag1	1.28986963631819e-08	0.000681780922798286	0.00033892560582952
NY.GDS.TOTL.CD_delta1	1.27275872879116e-08	6.41880258105256e-05	0.00016946280291476
TX.VAL.MMTL.ZS.UN_isNA_rank	1.26937463978756e-08	5.81161855311516e-05	0.00016946280291476
SE.SEC.ENRL.GC.FE.ZS_delta1	1.25802822379461e-08	0.000173481150839258	0.00033892560582952
IT.MLT.MAIN.P2_min2	1.25788998151041e-08	0.000373851880058602	0.00033892560582952
FI.RES.XGLD.CD_ratioavg2	1.2472910528116e-08	0.000189961860168988	0.00016946280291476
NE.CON.TOTL.KD_ratioavg2	1.24554603470936e-08	6.33206200563293e-05	0.00033892560582952
is_vulnerable_region_rank	1.22238450810407e-08	0.00112762748045518	0.00118623962040332
DC.DAC.DEUL.CD_ratioavg2	1.13150177590034e-08	0.000593305535870264	0.000677851211659041
BM.GSR.INSF.ZS_ratiomax2	1.12037983546778e-08	0.000150061195475959	0.00033892560582952
EG.USE.PCAP.KG.OE_max2	1.10846938700971e-08	0.000360840793745658	0.00016946280291476
NE.CON.GOVT.ZS_isNA_rank	1.08232952270125e-08	0.000699129037882212	0.00033892560582952
SP.POP.1014.MA.5Y_rank	1.07096426088105e-08	5.55139682685627e-05	0.00016946280291476
BX.PEF.TOTL.CD.WD_ratiomax2	1.0615536242764e-08	2.60221726258888e-05	0.00016946280291476
NV.IND.TOTL.KD.ZG_rank	1.03375012930687e-08	0.000371249662796013	0.00033892560582952
NE.CON.PRVT.ZS_tend2	1.02177138432557e-08	0.00047967538207055	0.000847314014573801
urbanization_momentum_rank	1.0130903307845e-08	0.00123171617095874	0.00152516522623284
FM.AST.DOMS.CN_max2	1.00000388154857e-08	6.2453214302133e-05	0.00016946280291476
MS.MIL.XPND.CD_max2	9.8624639048707e-09	2.94917956426739e-05	0.00016946280291476
SP.POP.1564.FE.ZS_rank	9.78395147090723e-09	0.0007251512105081	0.00033892560582952
DT.ODA.ODAT.CD_min2	9.76751947633714e-09	9.1945009944807e-05	0.00016946280291476
FD.AST.PRVT.GD.ZS_ratioavg2	9.63374086413149e-09	0.000218586250057466	0.00033892560582952
TM.VAL.AGRI.ZS.UN_lag1	9.33307595071761e-09	0.000448448774919483	0.000508388408744281
AG.LND.CROP.ZS	9.19293980955092e-09	0.000145724166704977	0.00016946280291476
MS.MIL.XPND.CD_min2	9.09072020712028e-09	0.000126641240112659	0.000508388408744281
NV.AGR.TOTL.CD	9.05816545491082e-09	3.38288244136554e-05	0.00016946280291476
NE.CON.PRVT.CD_isNA_rank	8.88327023107368e-09	2.77569841342814e-05	0.00016946280291476
NY.GNP.MKTP.CN_isNA_rank	8.83712833235898e-09	0.000627134360283919	0.000508388408744281
EG.USE.PCAP.KG.OE_tend2	8.69413114715961e-09	6.15858085479368e-05	0.00033892560582952
DT.ODA.ODAT.CD_tend2	8.69018420221488e-09	0.000272365406817636	0.00033892560582952
SP.POP.5054.MA.5Y	8.59875373492297e-09	0.000320072723298432	0.00033892560582952
EN.GHG.ALL.PC.CE.AR5_max2	8.59798100668603e-09	0.00048661462810412	0.000508388408744281
SP.DYN.CDRT.IN_rank	8.59223889769897e-09	0.00108078756972858	0.000847314014573801
NV.IND.TOTL.KD.ZG_lag1	8.58257532782372e-09	0.000546465625143664	0.000508388408744281
EG.ELC.FOSL.ZS_avg2	8.55971152951436e-09	0.000232464742124606	0.000508388408744281
FS.AST.PRVT.GD.ZS_avg2	8.40422694307119e-09	0.00033915564989075	0.00016946280291476
SE.PRM.ENRR.MA_delta1	8.3726655861451e-09	0.00114497559553911	0.0016946280291476
TM.VAL.FUEL.ZS.UN_delta1	8.34827256083492e-09	0.000167409310559884	0.000508388408744281
NY.ADJ.NNTY.CD	8.31387649049745e-09	0.000303592013968702	0.00033892560582952
EN.GHG.CO2.BU.MT.CE.AR5_tend2	8.28811293088434e-09	9.54146329615921e-05	0.00033892560582952
TX.VAL.MRCH.AL.ZS_lag1	8.27863855326889e-09	0.000217718844303269	0.000508388408744281
TM.VAL.INSF.ZS.WT_isNA_rank	8.24948913486274e-09	0.000145724166704977	0.00016946280291476
AG.LND.ARBL.ZS_ratioavg2	8.2404872824494e-09	0.000346962301678517	0.000508388408744281
EG.ELC.HYRO.ZS_delta1	8.08631949690008e-09	0.000659228373189182	0.000677851211659041
TX.VAL.MRCH.RS.ZS_lag1	8.07968894611092e-09	0.00017781817961024	0.000508388408744281
AG.CON.FERT.ZS_delta1	8.0199130784882e-09	0.000140519732179799	0.00016946280291476
NV.AGR.TOTL.CD_lag1	8.01052879144647e-09	0.00010755831352034	0.00016946280291476
SE.PRM.TCHR_isNA_rank	7.90076227631648e-09	8.24035466486478e-05	0.00033892560582952
EN.GHG.CO2.PC.CE.AR5_rank	7.68302659731842e-09	4.51050992182072e-05	0.00016946280291476
SP.DYN.AMRT.MA_isNA_rank	7.60765087567998e-09	0.000395537023913509	0.000847314014573801
NE.RSB.GNFS.CN_lag1	7.56076874251984e-09	0.00030879644849388	0.00016946280291476
NE.GDI.TOTL.ZS_rank	7.52656154323897e-09	0.000221188467320055	0.00033892560582952
SP.POP.0004.FE.5Y_delta1	7.38841386075133e-09	0.000213381815532288	0.00033892560582952
AG.LND.CROP.ZS_delta1	7.29760568512692e-09	0.000114497559553911	0.00033892560582952
EN.GHG.N2O.PI.MT.CE.AR5_ratiomax2	7.18964841515878e-09	7.02598660898997e-05	0.00016946280291476
DT.ODA.ODAT.KD_delta1	7.15483359770187e-09	0.000105823502011948	0.00016946280291476
TX.VAL.MRCH.WR.ZS_lag1	7.03654350217288e-09	0.000632338794809097	0.000677851211659041
BX.PEF.TOTL.CD.WD_lag1	6.736754023395e-09	0.000469266513020194	0.000508388408744281
TX.VAL.MRCH.WR.ZS_delta1	6.69353646584688e-09	2.86243898884776e-05	0.00016946280291476
NE.CON.PRVT.KD.ZG_lag1	6.59928379911311e-09	0.00040941551598065	0.000508388408744281
AG.SRF.TOTL.K2_ratioavg2	6.57703114149335e-09	0.000360840793745658	0.00016946280291476
DC.DAC.JPNL.CD_ratiomax2	6.32595082827901e-09	0.000130110863129444	0.00033892560582952
BX.GSR.TOTL.CD_delta1	6.32408579159523e-09	0.00014745897821337	0.00033892560582952
EN.GHG.CO2.RT.GDP.KD	6.2885140893945e-09	0.000869140565704685	0.000677851211659041
NE.IMP.GNFS.CD_delta1	6.28644532544762e-09	0.000377321503075387	0.00016946280291476
BM.TRF.PWKR.CD.DT_avg2	6.19958015723662e-09	0.000136182703408818	0.000508388408744281
FI.RES.XGLD.CD	6.16657951690727e-09	3.12266071510665e-05	0.00016946280291476
IT.CEL.SETS.P2_avg2	6.09898145159237e-09	0.000234199553632999	0.00016946280291476
SP.ADO.TFRT_delta1	6.09779616442341e-09	0.000800615511123178	0.00152516522623284
TX.VAL.MANF.ZS.UN_lag1	6.09455371861602e-09	6.07184027937405e-05	0.00016946280291476
EG.ELC.HYRO.ZS_tend2	6.07206382093678e-09	0.000549067842406253	0.000677851211659041
EN.GHG.CH4.WA.MT.CE.AR5_delta1	5.91090778663706e-09	0.000314000883019058	0.00033892560582952
NE.EXP.GNFS.CN_rank	5.82539384837187e-09	3.20940129052628e-05	0.00016946280291476
BX.GSR.CMCP.ZS_lag1	5.82466145861104e-09	0.000169144122068277	0.00033892560582952
EG.ELC.HYRO.ZS_min2	5.77225933718929e-09	0.000261089132013084	0.00033892560582952
FI.RES.TOTL.MO_max2	5.7674673535277e-09	0.000103221284749359	0.00016946280291476
TM.VAL.MRCH.R6.ZS_isNA_rank	5.75279587057997e-09	0.00102353878995162	0.000677851211659041
NY.GDP.TOTL.RT.ZS	5.71283409659e-09	0.000334818621119769	0.00033892560582952
SP.POP.5054.MA.5Y_rank	5.66627588278678e-09	0.000283641681622188	0.00016946280291476
rural_poverty_interaction_rank	5.63543477154943e-09	0.000331348998102984	0.00033892560582952
MS.MIL.MPRT.KD_delta1	5.56526367827791e-09	0.000232464742124606	0.00033892560582952
IS.AIR.PSGR	5.52447404167775e-09	0.000600244781903834	0.000508388408744281
EN.GHG.CH4.TR.MT.CE.AR5_delta1	5.45984181037143e-09	0.000234199553632999	0.00033892560582952
SP.POP.7074.MA.5Y_delta1	5.4044184096396e-09	0.000351299330449498	0.00016946280291476
FI.RES.XGLD.CD_rank	5.37012372157561e-09	4.07680704472257e-05	0.00016946280291476
NE.CON.PRVT.PC.KD_avg2	5.35178195551642e-09	3.5563635922048e-05	0.00016946280291476
FS.AST.CGOV.GD.ZS_tend2	5.26125803445075e-09	0.00115625187034366	0.00118623962040332
BM.GSR.TRVL.ZS_ratiomax2	5.25468716134021e-09	0.000542128596372683	0.000508388408744281
SE.SEC.AGES_rank	5.25193373065508e-09	0.000132713080392033	0.00033892560582952
TM.VAL.OTHR.ZS.WT	5.22677992640315e-09	0.000937665620286192	0.000847314014573801
NE.CON.GOVT.ZS_min2	5.20546239807397e-09	0.000113630153799714	0.00033892560582952
MS.MIL.MPRT.KD_rank	5.17917676487276e-09	7.80665178776663e-05	0.00016946280291476
IS.AIR.DPRT_ratioavg2	5.14339471746146e-09	0.00131758934062417	0.00118623962040332
SP.POP.TOTL.MA.ZS_delta1	5.05283621456011e-09	0.000754643006150774	0.00033892560582952
NY.ADJ.DFOR.GN.ZS_isNA_rank	5.04433745124076e-09	5.72487797769553e-05	0.00016946280291476
DC.DAC.CANL.CD_ratioavg2	5.01367641750809e-09	0.00133060042693711	0.00186409083206236
BX.GRT.TECH.CD.WD_max2	5.01189317953067e-09	0.000106690907766144	0.00016946280291476
SE.PRM.ENRR.FE	5.00320348480818e-09	0.000183022614135418	0.00033892560582952
BG.GSR.NFSV.GD.ZS_min2	4.9900885838483e-09	0.000205575163744521	0.000508388408744281
BM.KLT.DINV.WD.GD.ZS	4.97998290747361e-09	0.00120829621559544	0.000847314014573801
TX.VAL.AGRI.ZS.UN_lag1	4.95441362084911e-09	0.000109293125028733	0.00033892560582952
NE.CON.PRVT.PC.KD_rank	4.91307774402884e-09	3.64310416762443e-05	0.00016946280291476
IT.MLT.MAIN_min2	4.86552501720872e-09	7.19946775982923e-05	0.00016946280291476
SE.PRM.ENRR.MA	4.77964793795057e-09	0.000452785803690465	0.000847314014573801
BX.GSR.FCTY.CD_isNA_rank	4.70425745794081e-09	0.000140519732179799	0.00016946280291476
NY.ADJ.DRES.GN.ZS	4.65261271490619e-09	0.000376454097321191	0.000508388408744281
TM.VAL.INSF.ZS.WT_rank	4.5385823510171e-09	0.000237669176649784	0.00033892560582952
SP.POP.DPND.OL	4.52562251749228e-09	7.63317063692737e-05	0.00016946280291476
BM.GSR.NFSV.CD_tend2	4.51400396554874e-09	0.0014728549706253	0.00101677681748856
DC.DAC.TOTL.CD_tend2	4.51136959046098e-09	0.000281039464359599	0.000508388408744281
SP.POP.65UP.TO.ZS_delta1	4.43940866896221e-09	0.000178685585364436	0.00016946280291476
TX.VAL.MRCH.R4.ZS	4.42656718831898e-09	0.00100358845760511	0.00152516522623284
SP.POP.1014.MA.5Y_delta1	4.38148995089875e-09	0.000248945451454336	0.000508388408744281
SP.POP.3034.MA.5Y_rank	4.28134560080902e-09	5.29117510059738e-05	0.00016946280291476
BM.GSR.TRVL.ZS_isNA_rank	4.26392325322789e-09	0.000768521498217915	0.000677851211659041
TM.VAL.MMTL.ZS.UN	4.2440626275708e-09	0.000668769836485341	0.000508388408744281
SH.MMR.RISK.ZS_lag1	4.2337274575393e-09	3.29614186594591e-05	0.00016946280291476
NV.AGR.TOTL.KD	4.23218399529504e-09	4.77073164807961e-05	0.00016946280291476
EG.USE.ELEC.KH.PC_avg2	4.03653574591753e-09	0.000313133477264861	0.00016946280291476
EN.GHG.CO2.PI.MT.CE.AR5_ratiomax2	4.02025208200325e-09	0.000122304211341677	0.00016946280291476
BM.TRF.PWKR.CD.DT_delta1	3.9913805548479e-09	4.77073164807961e-05	0.00016946280291476
NE.IMP.GNFS.CN_isNA_rank	3.98854528927079e-09	0.000257619508996299	0.000508388408744281
BX.GSR.FCTY.CD_lag1	3.97769845281362e-09	5.11769394975812e-05	0.00016946280291476
SP.POP.1564.TO_delta1	3.96879632617659e-09	0.000213381815532288	0.00016946280291476
NY.GDP.MKTP.KN_delta1	3.96651315484846e-09	4.33702877098146e-05	0.00016946280291476
SP.POP.6064.FE.5Y_rank	3.8849068201667e-09	0.000307929042739684	0.00016946280291476
EN.GHG.CO2.PI.MT.CE.AR5_tend2	3.87864799842383e-09	0.000130110863129444	0.00033892560582952
BX.GSR.MRCH.CD_tend2	3.84330927754806e-09	7.02598660898997e-05	0.00016946280291476
TM.VAL.MRCH.R6.ZS_lag1	3.78398233316979e-09	0.000112762748045518	0.00033892560582952
EN.GHG.CH4.IC.MT.CE.AR5_delta1	3.73483513757303e-09	0.000156133035755333	0.00033892560582952
DC.DAC.FRAL.CD_ratioavg2	3.66385601141e-09	0.00136009222257979	0.00135570242331808
TM.VAL.MRCH.WR.ZS_lag1	3.6431783287937e-09	0.000537791567601701	0.000677851211659041
NV.SRV.TOTL.KD.ZG_isNA_rank	3.63726228257693e-09	0.000691322386094445	0.000847314014573801
AG.YLD.CREL.KG_tend2	3.62408499548959e-09	0.0007251512105081	0.00135570242331808
BX.GSR.MRCH.CD_ratioavg2	3.57358247427114e-09	0.000117967182570696	0.00033892560582952
NE.CON.PRVT.KD.ZG_tend2	3.55464791452416e-09	0.00123778801123811	0.000677851211659041
SH.DTH.MORT	3.55058095841371e-09	5.98509970395442e-05	0.00016946280291476
AG.LND.AGRI.ZS_tend2	3.51502334403353e-09	0.000151796006984351	0.00033892560582952
SE.SEC.ENRL.GC	3.50605324919073e-09	0.000391199995142528	0.000508388408744281
SE.SEC.ENRL_lag1	3.46885510576281e-09	0.000458857643969839	0.000677851211659041
NE.IMP.GNFS.KD.ZG	3.46597667476403e-09	0.000723416398999708	0.000847314014573801
FM.AST.NFRG.CN_isNA_rank	3.40674276584336e-09	3.64310416762443e-05	0.00016946280291476
TX.VAL.MMTL.ZS.UN_rank	3.35707749941327e-09	0.000176950773856044	0.00016946280291476
NE.IMP.GNFS.KD.ZG_lag1	3.35165271048688e-09	0.000420691790785202	0.000677851211659041
TM.VAL.MRCH.WL.CD_delta1	3.34489660196919e-09	0.000377321503075387	0.00033892560582952
TM.VAL.MANF.ZS.UN	3.34296415773336e-09	0.000275835029834421	0.00033892560582952
NY.GDP.MINR.RT.ZS_isNA_rank	3.29918611444676e-09	0.000130110863129444	0.00033892560582952
EN.GHG.N2O.IP.MT.CE.AR5_ratioavg2	3.25132107268471e-09	0.000205575163744521	0.00033892560582952
BM.GSR.MRCH.CD_ratioavg2	3.23510120892909e-09	0.000498758308662868	0.000508388408744281
FS.AST.PRVT.GD.ZS_rank	3.22565980489963e-09	0.000586366289836694	0.00033892560582952
TX.VAL.MRCH.R6.ZS_delta1	3.19453612296331e-09	0.000478807976316353	0.00118623962040332
NY.ADJ.DNGY.GN.ZS_delta1	3.18856289542883e-09	3.03592013968702e-05	0.00016946280291476
SP.POP.2024.MA.5Y_delta1	3.15837257493696e-09	6.15858085479368e-05	0.00033892560582952
TX.VAL.TRVL.ZS.WT_isNA_rank	3.15148063175186e-09	0.000349564518941106	0.000508388408744281
SE.PRM.TCHR_lag1	3.14392478522549e-09	0.000840516175816207	0.000677851211659041
TX.VAL.OTHR.ZS.WT_lag1	3.13914859636279e-09	0.000306194231231291	0.000508388408744281
IT.MLT.MAIN_ratiomax2	3.11955620352364e-09	0.000160470064526314	0.00033892560582952
EN.GHG.N2O.WA.MT.CE.AR5_delta1	3.11259438367649e-09	0.000255884697487906	0.00033892560582952
MS.MIL.XPND.CD_lag1	3.11070839998723e-09	5.0309533743385e-05	0.00016946280291476
BX.GSR.TRAN.ZS_rank	3.07375222308593e-09	6.33206200563293e-05	0.00033892560582952
AG.LND.AGRI.K2	3.05440976833103e-09	5.89835912853479e-05	0.00016946280291476
TX.VAL.MRCH.R1.ZS	2.99611697138979e-09	0.000527382698551346	0.000677851211659041
SH.MMR.RISK.ZS_rank	2.92984655550638e-09	0.000281039464359599	0.00016946280291476
AG.CON.FERT.ZS	2.89641165916975e-09	9.45472272073958e-05	0.00016946280291476
NV.SRV.TOTL.ZS_lag1	2.88879321599157e-09	0.000119701994079088	0.00033892560582952
DT.ODA.ALLD.CD_ratioavg2	2.875498237527e-09	0.000209044786761306	0.00033892560582952
SH.DYN.NMRT_delta1	2.87085647153419e-09	3.20940129052628e-05	0.00016946280291476
ER.FSH.AQUA.MT_tend2	2.83886462547898e-09	0.000162204876034707	0.00016946280291476
TX.VAL.MRCH.HI.ZS_delta1	2.7899570483643e-09	0.000461459861232428	0.000508388408744281
AG.LND.CREL.HA_delta1	2.74331110632745e-09	0.00115711927609785	0.000677851211659041
NY.GDS.TOTL.ZS_delta1	2.69928742255717e-09	3.90332589388331e-05	0.00016946280291476
FS.AST.PRVT.GD.ZS_delta1	2.68836813623843e-09	0.000144856760950781	0.00033892560582952
BX.GRT.EXTA.CD.WD_delta1	2.65526301686147e-09	0.000529117510059738	0.000508388408744281
SH.MMR.DTHS_delta1	2.64575282173849e-09	0.000412017733243239	0.000677851211659041
EN.GHG.CH4.WA.MT.CE.AR5_avg2	2.64299839751244e-09	7.98013293860589e-05	0.00016946280291476
NV.AGR.TOTL.KD.ZG_delta1	2.63995566325803e-09	0.00017781817961024	0.00033892560582952
NE.EXP.GNFS.KD.ZG_rank	2.62594345993372e-09	4.77073164807961e-05	0.00016946280291476
BM.GSR.MRCH.CD	2.62435905522625e-09	2.60221726258888e-05	0.00016946280291476
SP.POP.DPND.OL_rank	2.62256856582968e-09	5.72487797769553e-05	0.00016946280291476
IT.MLT.MAIN_max2	2.5746535325195e-09	6.07184027937405e-05	0.00016946280291476
AG.CON.FERT.ZS_rank	2.57231157787827e-09	7.28620833524886e-05	0.00016946280291476
BX.KLT.DINV.CD.WD_rank	2.56185092148433e-09	0.000207309975252914	0.00033892560582952
TM.VAL.SERV.CD.WT_rank	2.55726968286205e-09	4.33702877098146e-05	0.00016946280291476
MS.MIL.XPND.CD_ratioavg2	2.55396220345784e-09	0.000351299330449498	0.000508388408744281
SE.SEC.ENRR.FE_isNA_rank	2.53750210695811e-09	0.000768521498217915	0.000847314014573801
EN.GHG.CO2.RT.GDP.KD_ratioavg2	2.53234635866007e-09	9.97516617325736e-05	0.00033892560582952
BX.TRF.PWKR.CD.DT	2.51650737221106e-09	0.000476205759053764	0.000508388408744281
MS.MIL.MPRT.KD_ratioavg2	2.51459547068459e-09	0.000961085575649492	0.000847314014573801
SP.POP.0014.MA.ZS_lag1	2.46864983561422e-09	0.00017781817961024	0.00016946280291476
SP.POP.DPND_rank	2.46312717765813e-09	0.00036257560525405	0.00016946280291476
BM.TRF.PWKR.CD.DT_isNA_rank	2.3287373108452e-09	0.00090296939011834	0.00118623962040332
BM.GSR.TRVL.ZS_ratioavg2	2.30231088610533e-09	0.00022465809033684	0.00033892560582952
NV.AGR.TOTL.CN_lag1	2.30044904760475e-09	0.000314868288773254	0.00016946280291476
FM.LBL.BMNY.GD.ZS	2.29876485993877e-09	0.000254149885979514	0.00033892560582952
EG.USE.ELEC.KH.PC_ratioavg2	2.28087417942411e-09	0.00061065365095419	0.000847314014573801
NV.AGR.TOTL.ZS_delta1	2.27410182916209e-09	0.000835311741291029	0.000508388408744281
IT.CEL.SETS.P2_rank	2.18945334366316e-09	5.46465625143664e-05	0.00016946280291476
TM.VAL.FOOD.ZS.UN_lag1	2.18904757869261e-09	3.29614186594591e-05	0.00016946280291476
BX.GSR.NFSV.CD_ratioavg2	2.15998519049504e-09	0.00100966029788448	0.00118623962040332
DT.ODA.ODAT.PC.ZS_ratiomax2	2.15694777262269e-09	5.6381374022759e-05	0.00016946280291476
SE.SEC.ENRR_isNA_rank	2.08938819093592e-09	0.00150234676626798	0.00152516522623284
NY.ADJ.DKAP.GN.ZS	2.08721455213331e-09	0.000114497559553911	0.00033892560582952
NE.EXP.GNFS.CN_isNA_rank	2.08533701711576e-09	0.000222923278828447	0.000508388408744281
DC.DAC.TOTL.CD_lag1	2.08405394836568e-09	2.86243898884776e-05	0.00016946280291476
NY.GDP.PCAP.KN_delta1	2.04327273899389e-09	5.72487797769553e-05	0.00016946280291476
SH.STA.MMRT_lag1	2.04309364430846e-09	8.32709524028441e-05	0.00016946280291476
NY.GDP.MKTP.CD_delta1	2.03605182654786e-09	0.000216851438549073	0.00033892560582952
SE.PRM.ENRR_delta1	2.01473203237357e-09	0.000541261190618486	0.000847314014573801
TX.VAL.TRAN.ZS.WT	1.97820857470762e-09	0.000295785362180936	0.000508388408744281
EN.GHG.CO2.IP.MT.CE.AR5_ratiomax2	1.97793703068226e-09	4.59725049724035e-05	0.00016946280291476
AG.LND.ARBL.HA_ratiomax2	1.97432974807196e-09	2.60221726258888e-05	0.00016946280291476
BM.GSR.CMCP.ZS_delta1	1.96676431280355e-09	3.64310416762443e-05	0.00016946280291476
BX.TRF.CURR.CD	1.96558910399931e-09	4.51050992182072e-05	0.00016946280291476
NE.CON.TOTL.KD.ZG_delta1	1.88453755113045e-09	4.07680704472257e-05	0.00016946280291476
NE.CON.PRVT.CD	1.86688917656407e-09	7.37294891066848e-05	0.00016946280291476
EN.GHG.CH4.TR.MT.CE.AR5_ratioavg2	1.86522145826838e-09	0.000408548110226454	0.000677851211659041
EN.URB.MCTY.TL.ZS_avg2	1.82957458156307e-09	0.000117099776816499	0.00016946280291476
SP.POP.4549.FE.5Y_delta1	1.8010097226063e-09	0.000235066959387195	0.000508388408744281
BX.GSR.TRAN.ZS_avg2	1.79936577513449e-09	0.000235934365141392	0.000508388408744281
NE.CON.PRVT.PC.KD_isNA_rank	1.79630263755234e-09	0.0020583538547078	0.00152516522623284
BM.GSR.INSF.ZS_min2	1.76197468641742e-09	0.000280172058605402	0.00033892560582952
TX.VAL.MRCH.RS.ZS_delta1	1.7598272156242e-09	0.00101746694967225	0.00101677681748856
ER.FSH.AQUA.MT_max2	1.72890941589388e-09	0.000181287802627025	0.00016946280291476
SP.POP.1519.FE.5Y_delta1	1.7141116031461e-09	0.000691322386094445	0.000847314014573801
NE.EXP.GNFS.KD	1.70059347110239e-09	5.98509970395442e-05	0.00016946280291476
DC.DAC.CANL.CD_max2	1.69085305324941e-09	6.59228373189182e-05	0.00016946280291476
EN.GHG.N2O.MT.CE.AR5	1.6706673896084e-09	3.72984474304406e-05	0.00016946280291476
NE.GDI.TOTL.CD_isNA_rank	1.6528675965468e-09	7.54643006150774e-05	0.00016946280291476
TM.VAL.FOOD.ZS.UN_isNA_rank	1.65195971457984e-09	0.000209912192515503	0.00033892560582952
SP.POP.GROW_rank	1.64146100342436e-09	3.03592013968702e-05	0.00016946280291476
NY.GDP.PCAP.KD.ZG_isNA_rank	1.61701009631437e-09	0.000380791126092172	0.000508388408744281
SM.POP.NETM	1.60215601001648e-09	4.1635476201422e-05	0.00016946280291476
BM.GSR.TRAN.ZS	1.58657572795274e-09	0.000427631036818772	0.000847314014573801
TX.VAL.MRCH.R5.ZS_delta1	1.58541096997938e-09	0.000811891785927729	0.000677851211659041
ER.FSH.PROD.MT	1.58432876949352e-09	4.25028819556183e-05	0.00016946280291476
BX.KLT.DINV.WD.GD.ZS_isNA_rank	1.57130649299409e-09	0.000214249221286484	0.000508388408744281
TM.VAL.MRCH.CD.WT_delta1	1.54067815676455e-09	0.000157867847263725	0.00033892560582952
TG.VAL.TOTL.GD.ZS	1.52827757419982e-09	0.000851792450620759	0.00101677681748856
AG.PRD.FOOD.XD_min2	1.5175072386065e-09	2.94917956426739e-05	0.00016946280291476
BX.GSR.GNFS.CD_tend2	1.48806720590756e-09	0.000612388462462582	0.000508388408744281
ER.H2O.INTR.PC_delta1	1.46595049899489e-09	6.59228373189182e-05	0.00016946280291476
NY.GDP.FRST.RT.ZS_isNA_rank	1.46113018690849e-09	0.000418089573522613	0.00033892560582952
AG.PRD.CROP.XD_ratioavg2	1.44105507971197e-09	9.28124156990033e-05	0.00016946280291476
EN.GHG.CH4.FE.MT.CE.AR5_tend2	1.44074498772849e-09	0.000202105540727736	0.00033892560582952
BM.KLT.DINV.WD.GD.ZS_min2	1.43928004336123e-09	0.00013791751491721	0.000508388408744281
SP.POP.0014.TO.ZS	1.42765076885962e-09	3.5563635922048e-05	0.00016946280291476
TX.VAL.OTHR.ZS.WT_rank	1.42467016754501e-09	0.000353901547712087	0.000508388408744281
SP.POP.3539.MA.5Y_lag1	1.41940207764533e-09	0.000420691790785202	0.000508388408744281
health_crisis_indicator	1.40758027019193e-09	5.37791567601701e-05	0.00016946280291476
MS.MIL.XPND.GD.ZS_max2	1.40150862190876e-09	0.000682648328552482	0.000508388408744281
SP.POP.7579.MA.5Y	1.38993990113511e-09	6.93924603357034e-05	0.00016946280291476
NE.IMP.GNFS.ZS	1.38713357690464e-09	0.000527382698551346	0.000508388408744281
BX.GSR.TRVL.ZS_avg2	1.38407638716593e-09	0.00076505187520113	0.000847314014573801
EN.GHG.CH4.AG.MT.CE.AR5_lag1	1.37621068095882e-09	5.6381374022759e-05	0.00016946280291476
EN.URB.MCTY.TL.ZS_min2	1.37023468243247e-09	0.000347829707432713	0.00016946280291476
BM.KLT.DINV.CD.WD_delta1	1.36815965435304e-09	0.000157000441509529	0.00016946280291476
BX.GSR.CMCP.ZS_delta1	1.36457599514374e-09	0.00059417294162446	0.000677851211659041
NE.EXP.GNFS.CN_delta1	1.3370526422598e-09	0.000641880258105256	0.000847314014573801
SP.POP.0509.FE.5Y_delta1	1.33600808408645e-09	0.000794543670843804	0.000677851211659041
DC.DAC.GBRL.CD_ratioavg2	1.33244522311952e-09	0.00151796006984351	0.00152516522623284
BX.GRT.EXTA.CD.WD_tend2	1.29114893604578e-09	0.000911643447660303	0.00118623962040332
DT.ODA.ODAT.PC.ZS_avg2	1.27913217299113e-09	0.000203840352236129	0.00033892560582952
SP.POP.0014.FE.IN	1.27912535043856e-09	7.45968948608811e-05	0.00016946280291476
TM.VAL.MRCH.OR.ZS_lag1	1.26915303012812e-09	0.000171746339330866	0.000508388408744281
BX.GSR.TRVL.ZS_lag1	1.25943704337487e-09	0.000270630595309243	0.000508388408744281
NE.DAB.TOTL.CD_isNA_rank	1.25459655847653e-09	0.00119701994079088	0.000847314014573801
NE.CON.PRVT.ZS_isNA_rank	1.25086933260439e-09	0.000870007971458881	0.000677851211659041
EN.GHG.N2O.IC.MT.CE.AR5_ratioavg2	1.24640596081491e-09	0.000345227490170124	0.00033892560582952
MS.MIL.XPND.GD.ZS_tend2	1.24255972803963e-09	6.41880258105256e-05	0.00016946280291476
TM.VAL.TRVL.ZS.WT_rank	1.23635073344603e-09	0.00108772681576215	0.000677851211659041
MS.MIL.XPND.GD.ZS	1.2360986849808e-09	0.00217718844303269	0.00101677681748856
FM.AST.PRVT.GD.ZS_ratiomax2	1.23516778359995e-09	0.000117099776816499	0.00016946280291476
TX.VAL.FUEL.ZS.UN_isNA_rank	1.19835074341538e-09	0.000669637242239538	0.000847314014573801
SP.DYN.TO65.MA.ZS_delta1	1.15707278245854e-09	0.00040941551598065	0.000677851211659041
SP.RUR.TOTL_delta1	1.15270302956391e-09	4.51050992182072e-05	0.00016946280291476
BM.GSR.TRVL.ZS_rank	1.14229490932649e-09	0.00159689399347537	0.000847314014573801
EG.ELC.FOSL.ZS_rank	1.13214705392327e-09	0.000164807093297296	0.00016946280291476
TM.VAL.FOOD.ZS.UN_delta1	1.11462379403496e-09	6.50554315647219e-05	0.00016946280291476
BX.TRF.CURR.CD_delta1	1.09285286795331e-09	0.000334818621119769	0.00033892560582952
EN.GHG.CH4.AG.MT.CE.AR5_ratioavg2	1.0738555078429e-09	3.12266071510665e-05	0.00016946280291476
FS.AST.CGOV.GD.ZS_ratiomax2	1.0444719461514e-09	0.000601979593412227	0.000847314014573801
NY.GDP.MKTP.CN_delta1	1.03706172842136e-09	0.000128376051621051	0.00016946280291476
NE.IMP.GNFS.KD.ZG_rank	1.01465555443401e-09	0.000719946775982923	0.000847314014573801
SE.SEC.ENRL.GC.FE.ZS	1.00552519214881e-09	0.00128289311045632	0.00118623962040332
BG.GSR.NFSV.GD.ZS_tend2	1.00437708949962e-09	0.000816228814698711	0.000677851211659041
BM.GSR.TRAN.ZS_avg2	9.9340645534218e-10	0.000119701994079088	0.00033892560582952
BX.GRT.TECH.CD.WD_tend2	9.92916200080711e-10	0.000123171617095874	0.00033892560582952
PA.NUS.FCRF_rank	9.78953508510045e-10	7.19946775982923e-05	0.00016946280291476
AG.LND.ARBL.HA.PC_delta1	9.60193340211624e-10	0.000447581369165287	0.00033892560582952
BX.TRF.CURR.CD_isNA_rank	9.45308353182893e-10	0.000205575163744521	0.00016946280291476
NY.ADJ.AEDU.GN.ZS	9.44634024809736e-10	0.000781532584530859	0.00101677681748856
BM.KLT.DINV.CD.WD_isNA_rank	9.34693304818754e-10	0.000105823502011948	0.00033892560582952
FI.RES.XGLD.CD_isNA_rank	9.30704198714948e-10	0.000146591572459173	0.000508388408744281
TX.VAL.MRCH.R1.ZS_rank	9.28061311965702e-10	0.000320072723298432	0.00033892560582952
NE.TRD.GNFS.ZS_rank	9.22288181629072e-10	0.000723416398999708	0.00033892560582952
SE.SEC.ENRL.GC.FE.ZS_rank	9.03925100900663e-10	0.00046319467274082	0.00033892560582952
EN.GHG.CO2.PI.MT.CE.AR5	8.98117532577347e-10	9.02101984364144e-05	0.00016946280291476
EN.GHG.CO2.RT.GDP.KD_delta1	8.9714561368164e-10	0.000186492237152203	0.00033892560582952
AG.LND.CROP.ZS_max2	8.84466937941432e-10	9.71494444699847e-05	0.00016946280291476
SH.DYN.NMRT_lag1	8.81739918290096e-10	0.000194298888939969	0.00016946280291476
EN.GHG.CH4.FE.MT.CE.AR5_min2	8.5559380968417e-10	2.60221726258888e-05	0.00016946280291476
economic_capacity_index_rank	8.53358842960066e-10	3.03592013968702e-05	0.00016946280291476
EN.GHG.CO2.FE.MT.CE.AR5_ratioavg2	8.2575104267187e-10	0.000167409310559884	0.00016946280291476
BX.GSR.TRVL.ZS_delta1	8.23634100031649e-10	0.000229862524862017	0.00016946280291476
SE.TER.ENRR_rank	8.19515965842195e-10	0.000146591572459173	0.00033892560582952
ER.FSH.CAPT.MT_delta1	7.99995717297172e-10	5.72487797769553e-05	0.00016946280291476
EN.GHG.CO2.TR.MT.CE.AR5_ratioavg2	7.86396100602527e-10	0.00058029444955732	0.00101677681748856
EN.GHG.CO2.TR.MT.CE.AR5_ratiomax2	7.8187759086592e-10	7.98013293860589e-05	0.00016946280291476
SE.PRM.ENRR.MA_rank	7.79661437089295e-10	9.71494444699847e-05	0.00016946280291476
DC.DAC.TOTL.CD_delta1	7.74769327375921e-10	7.54643006150774e-05	0.00016946280291476
NY.GNP.MKTP.CN_delta1	7.73231068712876e-10	5.0309533743385e-05	0.00016946280291476
TG.VAL.TOTL.GD.ZS_rank	7.70578614664922e-10	0.000401608864192883	0.00033892560582952
EN.URB.LCTY.UR.ZS_ratioavg2	7.69954985469756e-10	0.000279304652851206	0.000508388408744281
BX.GSR.FCTY.CD_avg2	7.6853943983191e-10	2.86243898884776e-05	0.00016946280291476
FS.AST.CGOV.GD.ZS_delta1	7.46750294068223e-10	0.000281906870113795	0.00033892560582952
BM.GSR.CMCP.ZS_tend2	7.43487169743712e-10	0.000122304211341677	0.00016946280291476
TX.VAL.TRAN.ZS.WT_lag1	7.40372626247186e-10	0.000204707757990325	0.00016946280291476
NY.ADJ.DNGY.CD_isNA_rank	7.39336604752533e-10	0.000999251428834129	0.000847314014573801
SP.POP.7579.FE.5Y_lag1	7.34948893516439e-10	0.000101486473240966	0.00016946280291476
DT.ODA.ODAT.PC.ZS_min2	7.20723596214801e-10	0.000376454097321191	0.00033892560582952
BM.GSR.FCTY.CD_lag1	7.19723272055688e-10	3.5563635922048e-05	0.00016946280291476
NE.GDI.FTOT.ZS_lag1	7.14762543688893e-10	0.000124906428604266	0.00016946280291476
NY.ADJ.NNTY.CD_lag1	7.00751300847044e-10	0.000105823502011948	0.00016946280291476
BX.GSR.GNFS.CD	6.85122716344084e-10	3.99006646930294e-05	0.00016946280291476
DC.DAC.JPNL.CD_min2	6.74914204910354e-10	9.8016850224181e-05	0.00016946280291476
NY.ADJ.DFOR.GN.ZS_delta1	6.72423354938981e-10	0.000338288244136554	0.000508388408744281
NY.GDP.COAL.RT.ZS	6.66625071577207e-10	3.81658531846369e-05	0.00016946280291476
TX.VAL.MRCH.WR.ZS	6.60941467139961e-10	0.000300989796706113	0.000508388408744281
BM.KLT.DINV.CD.WD	6.6067560559684e-10	6.76576488273108e-05	0.00016946280291476
EN.GHG.CO2.PI.MT.CE.AR5_ratioavg2	6.58261352984291e-10	0.000280172058605402	0.00033892560582952
EN.GHG.CH4.BU.MT.CE.AR5_delta1	6.53730039793211e-10	0.000310531260002273	0.00033892560582952
NE.CON.GOVT.ZS_ratioavg2	6.52695084657449e-10	7.19946775982923e-05	0.00016946280291476
EN.POP.DNST	6.52626180092973e-10	5.72487797769553e-05	0.00016946280291476
NE.GDI.TOTL.ZS	6.48662369969839e-10	0.00023853658240398	0.00033892560582952
DC.DAC.CANL.CD_avg2	6.44163327202251e-10	0.000518708641009383	0.000508388408744281
EN.GHG.N2O.IC.MT.CE.AR5_delta1	6.43708213983442e-10	0.000106690907766144	0.00016946280291476
TM.VAL.MANF.ZS.UN_rank	6.40026921509379e-10	0.00134968335352943	0.00101677681748856
DC.DAC.JPNL.CD_delta1	6.38928181403987e-10	0.000256752103242102	0.00016946280291476
DC.DAC.USAL.CD_delta1	6.37363769027102e-10	0.00155439111151976	0.00101677681748856
DC.DAC.TOTL.CD_ratioavg2	6.31732679303052e-10	0.000426763631064576	0.000508388408744281
SE.PRM.ENRR_lag1	6.1108149706774e-10	0.000651421721401415	0.000677851211659041
DC.DAC.GBRL.CD_delta1	6.07367725097725e-10	0.000799748105368981	0.000677851211659041
BX.PEF.TOTL.CD.WD_max2	6.05138501611958e-10	0.00058723369559089	0.000508388408744281
SP.POP.0509.MA.5Y_delta1	6.00871747281749e-10	0.000386862966371546	0.000508388408744281
AG.PRD.FOOD.XD	5.67407491453565e-10	0.00137050109163014	0.00135570242331808
MS.MIL.XPND.GD.ZS_avg2	5.66825555238127e-10	0.000261089132013084	0.00033892560582952
IT.MLT.MAIN.P2_ratiomax2	5.59367425962891e-10	3.12266071510665e-05	0.00016946280291476
FM.LBL.BMNY.GD.ZS_delta1	5.51756297863753e-10	0.000176083368101847	0.00033892560582952
TM.VAL.MMTL.ZS.UN_rank	5.49097628600854e-10	0.000340023055644947	0.00033892560582952
EN.GHG.N2O.BU.MT.CE.AR5	5.47036882672145e-10	0.000360840793745658	0.00016946280291476
DT.ODA.ODAT.PC.ZS_isNA_rank	5.46527274806079e-10	3.03592013968702e-05	0.00016946280291476
FM.LBL.BMNY.GD.ZS_lag1	5.46251027543852e-10	0.000138784920671407	0.00016946280291476
SP.POP.BRTH.MF	5.4378275739812e-10	0.000189961860168988	0.00016946280291476
BX.GSR.TRVL.ZS_ratioavg2	5.40704753334539e-10	0.000127508645866855	0.00016946280291476
BM.GSR.CMCP.ZS_isNA_rank	5.40504501230975e-10	0.00021511662704068	0.00033892560582952
NY.ADJ.DMIN.GN.ZS_delta1	5.40193658730981e-10	0.000117967182570696	0.00016946280291476
BX.GSR.TRVL.ZS_min2	5.39755932478261e-10	0.000609786245199993	0.000508388408744281
AG.PRD.FOOD.XD_tend2	5.39482254841649e-10	0.000523913075534561	0.000677851211659041
BM.GSR.TOTL.CD_ratioavg2	5.33939089915069e-10	0.000290580927655758	0.000677851211659041
SP.POP.3034.MA.5Y_lag1	5.31518631245663e-10	0.000406813298718061	0.00033892560582952
BM.GSR.CMCP.ZS_ratioavg2	5.30066596209306e-10	0.000282774275867991	0.000508388408744281
AG.YLD.CREL.KG_ratiomax2	5.2833022262784e-10	0.00030185720246031	0.00033892560582952
EN.GHG.CH4.FE.MT.CE.AR5_max2	5.26956834575189e-10	0.000223790684582643	0.00016946280291476
NY.ADJ.DKAP.CD_lag1	5.24924121332042e-10	0.000185624831398007	0.00016946280291476
MS.MIL.XPND.CD_tend2	5.22917654723827e-10	0.000114497559553911	0.00016946280291476
EG.ELC.FOSL.ZS_tend2	5.10205627458947e-10	0.000160470064526314	0.00033892560582952
IT.MLT.MAIN.P2_max2	5.05955248684467e-10	0.000195166294694166	0.00033892560582952
SH.DYN.MORT.FE_delta1	5.0442681464008e-10	0.000155265630001136	0.00016946280291476
NY.ADJ.AEDU.GN.ZS_rank	4.89240706087257e-10	9.97516617325736e-05	0.00016946280291476
EN.GHG.CO2.FE.MT.CE.AR5_delta1	4.80182872289171e-10	3.90332589388331e-05	0.00016946280291476
TX.VAL.FUEL.ZS.UN_lag1	4.76131612695696e-10	0.000591570724361871	0.000508388408744281
ER.H2O.INTR.PC_avg2	4.710530174961e-10	9.88842559783773e-05	0.00016946280291476
BX.GSR.CMCP.ZS_ratiomax2	4.62051536767135e-10	0.000361708199499854	0.00033892560582952
EN.GHG.CO2.RT.GDP.KD_avg2	4.61315515935888e-10	8.41383581570404e-05	0.00016946280291476
FP.CPI.TOTL_avg2	4.60468861821553e-10	0.00044671396341109	0.00033892560582952
BX.GSR.TRVL.ZS_ratiomax2	4.46099243766665e-10	9.10776041906107e-05	0.00016946280291476
EN.POP.DNST_max2	4.44557425510974e-10	0.000728620833524885	0.00033892560582952
BM.GSR.TRAN.ZS_ratioavg2	4.27796761886557e-10	6.41880258105256e-05	0.00016946280291476
AG.LND.ARBL.ZS_min2	4.23671669336779e-10	0.000120569399833285	0.00033892560582952
NE.CON.PRVT.ZS_delta1	4.23497374383204e-10	6.59228373189182e-05	0.00016946280291476
FirstYear_rank	4.22847534291987e-10	0.000300122390951917	0.00033892560582952
AG.LND.ARBL.ZS	4.22832345267141e-10	0.000150928601230155	0.00016946280291476
TM.VAL.MRCH.R4.ZS_lag1	4.20468915131726e-10	0.000123171617095874	0.00033892560582952
EN.GHG.CO2.FE.MT.CE.AR5_ratiomax2	4.19409989927814e-10	0.00013097826888364	0.00016946280291476
EG.ELC.PETR.ZS_min2	4.17704787799219e-10	0.000329614186594591	0.00016946280291476
AG.LND.ARBL.HA.PC_ratiomax2	4.15309024697268e-10	9.10776041906107e-05	0.00016946280291476
SP.POP.7579.MA.5Y_lag1	4.13999977353863e-10	0.00036951485128762	0.00033892560582952
NE.TRD.GNFS.ZS_isNA_rank	4.13091748719749e-10	0.001029610630231	0.000847314014573801
TX.VAL.MRCH.AL.ZS	4.03736839039012e-10	0.000163072281788903	0.00033892560582952
BX.GSR.TRVL.ZS	4.0247928070289e-10	0.000166541904805688	0.00016946280291476
SP.POP.BRTH.MF_lag1	3.96319069683207e-10	0.00018475742564381	0.00016946280291476
BX.GSR.NFSV.CD_avg2	3.94384080838971e-10	7.1127271844096e-05	0.00016946280291476
NE.RSB.GNFS.CN	3.87663541331902e-10	6.93924603357034e-05	0.00016946280291476
SP.POP.GROW_lag1	3.68666324177021e-10	0.000169144122068277	0.00016946280291476
TX.VAL.AGRI.ZS.UN_isNA_rank	3.67035320434797e-10	0.000203840352236129	0.00033892560582952
NY.ADJ.DMIN.CD_delta1	3.65722018824227e-10	0.000386862966371546	0.000508388408744281
DT.ODA.ODAT.KD_avg2	3.60755737081908e-10	0.000203840352236129	0.00016946280291476
BM.KLT.DINV.WD.GD.ZS_delta1	3.589713447386e-10	0.00034869711318691	0.00033892560582952
BX.GRT.EXTA.CD.WD_lag1	3.53404763696541e-10	0.000320940129052628	0.00033892560582952
AG.PRD.LVSK.XD_delta1	3.43117026309217e-10	0.000112762748045518	0.00016946280291476
TX.VAL.MRCH.R5.ZS	3.38432688160177e-10	0.00033915564989075	0.00033892560582952
NY.GDP.PCAP.KD.ZG_lag1	3.34869344718345e-10	0.000314000883019058	0.000508388408744281
NE.CON.GOVT.CD_ratioavg2	3.31993272485782e-10	0.000455388020953053	0.000508388408744281
EN.GHG.N2O.FE.MT.CE.AR5_delta1	3.31038549353143e-10	0.00024807804570014	0.00033892560582952
TX.VAL.TRVL.ZS.WT_rank	3.30933527074529e-10	9.28124156990033e-05	0.00016946280291476
NY.GDP.COAL.RT.ZS_delta1	3.30460115548141e-10	0.000141387137933996	0.00016946280291476
SP.POP.65UP.FE.ZS_delta1	3.30186069801045e-10	0.000247210639945943	0.00033892560582952
BX.GSR.TRAN.ZS_isNA_rank	3.25661334351195e-10	0.000321807534806824	0.00033892560582952
EN.GHG.CO2.RT.GDP.KD_max2	3.20473328138275e-10	0.000235934365141392	0.00033892560582952
EN.URB.LCTY_tend2	3.1502949675377e-10	0.000146591572459173	0.00033892560582952
BM.GSR.CMCP.ZS_ratiomax2	3.11198745168698e-10	0.000128376051621051	0.00016946280291476
NV.IND.TOTL.ZS_delta1	3.08312129965949e-10	0.000497023497154475	0.000508388408744281
TM.VAL.MRCH.R1.ZS	3.04852198766098e-10	0.000269763189555047	0.00033892560582952
SP.POP.6569.FE.5Y_lag1	2.88613830310853e-10	0.000158735253017921	0.00016946280291476
SP.POP.0014.FE.ZS_lag1	2.86011953928691e-10	0.000105823502011948	0.00016946280291476
EN.GHG.CO2.IP.MT.CE.AR5_delta1	2.83792426401607e-10	0.000141387137933996	0.00016946280291476
IT.CEL.SETS_min2	2.79539728173686e-10	0.000251547668716925	0.00016946280291476
BM.GSR.CMCP.ZS_min2	2.75562129989879e-10	0.000234199553632999	0.00033892560582952
BX.GSR.NFSV.CD_min2	2.74118339913598e-10	5.89835912853479e-05	0.00016946280291476
SP.POP.2529.MA.5Y	2.7378022149887e-10	0.000119701994079088	0.00016946280291476
SH.DTH.MORT_delta1	2.70349460374499e-10	0.000294917956426739	0.00033892560582952
EG.USE.PCAP.KG.OE_rank	2.65381812960151e-10	5.46465625143664e-05	0.00016946280291476
FS.AST.PRVT.GD.ZS_lag1	2.6482145588166e-10	0.000178685585364436	0.00016946280291476
AG.LND.ARBL.ZS_ratiomax2	2.61766381884763e-10	9.45472272073958e-05	0.00016946280291476
EN.GHG.CO2.PI.MT.CE.AR5_min2	2.60779760013005e-10	9.02101984364144e-05	0.00016946280291476
MS.MIL.XPND.GD.ZS_rank	2.5870759104414e-10	6.2453214302133e-05	0.00016946280291476
FM.AST.PRVT.GD.ZS_isNA_rank	2.56013536937551e-10	0.000109293125028733	0.00016946280291476
BG.GSR.NFSV.GD.ZS_delta1	2.48212182161351e-10	0.000442376934640109	0.000508388408744281
TX.VAL.AGRI.ZS.UN_rank	2.47001305952883e-10	4.59725049724035e-05	0.00016946280291476
AG.PRD.LVSK.XD_ratioavg2	2.41885999773707e-10	0.000229862524862017	0.00033892560582952
TX.VAL.TRAN.ZS.WT_rank	2.34087568438054e-10	0.000294050550672543	0.00033892560582952
FM.AST.PRVT.GD.ZS_lag1	2.32941300980448e-10	0.00025501729173371	0.00016946280291476
SP.DYN.CBRT.IN_delta1	2.29941675858959e-10	0.000242006205420766	0.00033892560582952
SP.POP.2529.FE.5Y_rank	2.29728489854002e-10	0.000488349439612513	0.000508388408744281
SE.SEC.ENRL.GC_lag1	2.2933773521388e-10	0.000122304211341677	0.00016946280291476
NE.CON.GOVT.ZS_avg2	2.28307354655014e-10	5.98509970395442e-05	0.00016946280291476
BX.KLT.DINV.WD.GD.ZS_delta1	2.2486727283022e-10	0.000398139241176098	0.000508388408744281
DT.NFL.UNDP.CD	2.23824510535688e-10	0.000685250545815071	0.000508388408744281
TM.VAL.AGRI.ZS.UN_rank	2.20930449136875e-10	4.07680704472257e-05	0.00016946280291476
EG.USE.ELEC.KH.PC_max2	2.19162632487035e-10	7.98013293860589e-05	0.00016946280291476
BG.GSR.NFSV.GD.ZS_ratioavg2	2.17796806781813e-10	0.000474470947545372	0.00033892560582952
FP.CPI.TOTL_lag1	2.1538815802596e-10	0.00069479200911123	0.000508388408744281
DC.DAC.GBRL.CD_ratiomax2	2.00211236152752e-10	0.000434570282852342	0.00033892560582952
BM.GSR.FCTY.CD_delta1	1.93085757243299e-10	0.000222923278828447	0.00016946280291476
DC.DAC.TOTL.CD_rank	1.91027068980721e-10	3.03592013968702e-05	0.00016946280291476
BM.GSR.NFSV.CD_delta1	1.82974298317501e-10	0.000211647004023895	0.00016946280291476
DC.DAC.DEUL.CD_ratiomax2	1.79821514217245e-10	0.000211647004023895	0.00033892560582952
SE.PRM.ENRL_rank	1.7959830345589e-10	0.000220321061565858	0.00016946280291476
TM.VAL.OTHR.ZS.WT_delta1	1.77723134352329e-10	0.000212514409778092	0.00033892560582952
DC.DAC.USAL.CD_max2	1.77380804110359e-10	0.000852659856374955	0.000508388408744281
SH.MMR.RISK.ZS_delta1	1.7559559155971e-10	0.00013097826888364	0.00016946280291476
NE.GDI.FTOT.ZS	1.68136686750735e-10	6.67902430731145e-05	0.00016946280291476
AG.YLD.CREL.KG_delta1	1.68084808189638e-10	0.000148326383967566	0.00016946280291476
DC.DAC.GBRL.CD_min2	1.64739906155359e-10	0.00017781817961024	0.00016946280291476
MS.MIL.XPND.GD.ZS_lag1	1.62372326735745e-10	0.000635808417825882	0.000508388408744281
DC.DAC.DEUL.CD_delta1	1.59698379324162e-10	0.000199503323465147	0.00016946280291476
NE.CON.TOTL.CD_ratioavg2	1.52074889815848e-10	9.28124156990033e-05	0.00016946280291476
health_vulnerability_index_delta1	1.49779881770002e-10	0.000123171617095874	0.00016946280291476
SE.PRM.AGES_rank	1.48119982248217e-10	0.000179552991118632	0.00016946280291476
IS.AIR.DPRT_ratiomax2	1.4808896089865e-10	0.000126641240112659	0.00016946280291476
EN.GHG.CO2.IP.MT.CE.AR5_ratioavg2	1.47497832642765e-10	0.000126641240112659	0.00033892560582952
SP.URB.TOTL.IN.ZS_lag1	1.4068648063656e-10	0.000198635917710951	0.00016946280291476
TM.VAL.MRCH.HI.ZS	1.38537730391368e-10	0.000367780039779228	0.000508388408744281
BG.GSR.NFSV.GD.ZS_lag1	1.36463549323448e-10	0.000361708199499854	0.00033892560582952
EN.GHG.CH4.PI.MT.CE.AR5_max2	1.35840531263164e-10	4.07680704472257e-05	0.00016946280291476
BM.KLT.DINV.WD.GD.ZS_avg2	1.33330289374423e-10	3.5563635922048e-05	0.00016946280291476
EN.URB.MCTY.TL.ZS_tend2	1.32265099144498e-10	8.15361408944515e-05	0.00016946280291476
EG.ELC.NGAS.ZS_lag1	1.30330796486797e-10	0.000228995119107821	0.00016946280291476
TM.VAL.MRCH.R4.ZS_rank	1.30097046329144e-10	0.000128376051621051	0.00033892560582952
NY.ADJ.AEDU.GN.ZS_lag1	1.23421065166667e-10	0.000295785362180936	0.000508388408744281
DC.DAC.CANL.CD_lag1	1.15784638183073e-10	0.000379923720337976	0.00033892560582952
DC.DAC.CANL.CD_ratiomax2	1.12782019036745e-10	5.46465625143664e-05	0.00016946280291476
SP.POP.TOTL.FE.ZS_lag1	1.11776105316488e-10	0.000198635917710951	0.00033892560582952
BX.PEF.TOTL.CD.WD_tend2	1.06430705067286e-10	4.1635476201422e-05	0.00016946280291476
SP.POP.BRTH.MF_rank	1.06410062289049e-10	8.76079811738255e-05	0.00016946280291476
DT.ODA.ALLD.KD_avg2	1.05938502036749e-10	0.000111895342291322	0.00016946280291476
SE.SEC.ENRL.GC_rank	1.04630151601543e-10	6.85250545815071e-05	0.00016946280291476
NY.ADJ.AEDU.GN.ZS_isNA_rank	1.03585146692166e-10	0.000433702877098146	0.000508388408744281
NE.CON.PRVT.CD_max2	1.01863504677856e-10	0.000120569399833285	0.00016946280291476
FM.AST.NFRG.CN_ratiomax2	1.01614955049171e-10	0.000189094454414792	0.00016946280291476
NE.GDI.TOTL.ZS_lag1	9.84106569244154e-11	0.000222923278828447	0.00016946280291476
EN.GHG.CO2.FE.MT.CE.AR5_rank	9.7374586735536e-11	0.000235934365141392	0.00016946280291476
BM.KLT.DINV.CD.WD_rank	9.69630392138726e-11	0.000144856760950781	0.00016946280291476
EG.ELC.NGAS.ZS_tend2	9.69570708205803e-11	0.000170011527822473	0.00016946280291476
FS.AST.PRVT.GD.ZS	9.61898749625735e-11	0.000795411076598	0.000508388408744281
NY.ADJ.NNTY.PC.CD_isNA_rank	9.26112906745168e-11	0.000226392901845232	0.00033892560582952
health_vulnerability_index	9.20810007174429e-11	0.00023853658240398	0.00016946280291476
NY.ADJ.DKAP.GN.ZS_rank	8.87755401133274e-11	0.00014745897821337	0.00016946280291476
AG.LND.ARBL.HA_delta1	8.76946390708801e-11	0.000136182703408818	0.00016946280291476
BX.GRT.EXTA.CD.WD_avg2	8.7235766121686e-11	4.33702877098146e-05	0.00016946280291476
TX.VAL.MRCH.R5.ZS_lag1	8.70689727594404e-11	5.11769394975812e-05	0.00016946280291476
TM.VAL.MMTL.ZS.UN_isNA_rank	8.54176791604387e-11	2.94917956426739e-05	0.00016946280291476
NY.GSR.NFCY.CN_rank	7.98018070523394e-11	0.000132713080392033	0.00016946280291476
BX.TRF.PWKR.DT.GD.ZS_delta1	7.67262832671688e-11	0.000240271393912373	0.00016946280291476
BM.KLT.DINV.CD.WD_max2	7.67191140474417e-11	0.000180420396872829	0.00016946280291476
BX.GSR.TRAN.ZS_lag1	7.60407880569663e-11	0.00017781817961024	0.00033892560582952
BX.GSR.TOTL.CD_ratioavg2	7.55664886427295e-11	0.000567283363244375	0.00033892560582952
TM.VAL.MRCH.R2.ZS_lag1	7.52302107804244e-11	0.000157000441509529	0.00016946280291476
EN.GHG.N2O.BU.MT.CE.AR5_max2	7.4200930979123e-11	7.37294891066848e-05	0.00016946280291476
TX.VAL.MRCH.WL.CD_delta1	7.12253831424302e-11	0.000346962301678517	0.00016946280291476
SP.DYN.AMRT.MA_rank	7.10029086020447e-11	8.67405754196292e-05	0.00016946280291476
SP.POP.TOTL.MA.ZS_lag1	7.03747906033006e-11	0.000129243457375248	0.00016946280291476
TX.VAL.MRCH.CD.WT_delta1	6.99240589714237e-11	0.000120569399833285	0.00016946280291476
NY.GDP.FCST.CD_delta1	6.96628434829615e-11	0.00025501729173371	0.00016946280291476
TX.VAL.MANF.ZS.UN_rank	6.65604297629819e-11	9.8016850224181e-05	0.00016946280291476
BX.TRF.PWKR.CD.DT_delta1	6.55050462822752e-11	9.88842559783773e-05	0.00016946280291476
SP.POP.3034.FE.5Y_lag1	6.53471018672103e-11	0.000150061195475959	0.00016946280291476
AG.PRD.LVSK.XD_lag1	6.43592686707202e-11	0.000122304211341677	0.00033892560582952
AG.PRD.CREL.MT_ratiomax2	6.29188950081887e-11	4.77073164807961e-05	0.00016946280291476
BX.KLT.DINV.CD.WD_ratioavg2	6.21680103759219e-11	0.000194298888939969	0.00033892560582952
BM.GSR.TRAN.ZS_min2	6.02292224885309e-11	6.93924603357034e-05	0.00016946280291476
TM.VAL.FUEL.ZS.UN_rank	5.95261171675961e-11	4.59725049724035e-05	0.00016946280291476
health_crisis_indicator_delta1	5.76266634937229e-11	0.000171746339330866	0.00016946280291476
DT.ODA.ODAT.PC.ZS_tend2	5.74976282602994e-11	0.000148326383967566	0.00016946280291476
EG.ELC.PETR.ZS_max2	5.72610475831926e-11	5.81161855311516e-05	0.00016946280291476
FI.RES.TOTL.CD_min2	5.58893142407783e-11	0.000129243457375248	0.00016946280291476
BX.PEF.TOTL.CD.WD_ratioavg2	5.35885879738138e-11	3.99006646930294e-05	0.00016946280291476
AG.PRD.FOOD.XD_delta1	5.35738653413781e-11	0.000288846116147365	0.00033892560582952
BX.TRF.PWKR.DT.GD.ZS_avg2	5.28549723693244e-11	4.59725049724035e-05	0.00016946280291476
SP.POP.0509.MA.5Y_rank	5.28004026704144e-11	0.000271498001063439	0.00016946280291476
BM.KLT.DINV.WD.GD.ZS_max2	5.10934207454964e-11	8.15361408944515e-05	0.00016946280291476
NE.CON.GOVT.CD_tend2	5.1009259252299e-11	6.85250545815071e-05	0.00016946280291476
BM.GSR.GNFS.CD_ratioavg2	5.04199715488366e-11	3.46962301678517e-05	0.00016946280291476
NV.SRV.TOTL.CD_delta1	4.73043773291792e-11	0.000149193789721762	0.00016946280291476
BG.GSR.NFSV.GD.ZS_avg2	4.71710712993579e-11	0.000219453655811662	0.00016946280291476
BX.GRT.TECH.CD.WD_ratiomax2	3.89022376511806e-11	0.000163939687543099	0.00016946280291476
SP.POP.0014.FE.IN_delta1	3.76918582131731e-11	0.000216851438549073	0.00016946280291476
DT.NFL.UNDP.CD_max2	3.48078841138024e-11	0.000122304211341677	0.00016946280291476
BM.GSR.TOTL.CD_delta1	3.44268611712463e-11	0.000244608422683354	0.00016946280291476
NE.CON.PRVT.CD_ratioavg2	3.31997487886913e-11	0.000234199553632999	0.00016946280291476
EN.GHG.CO2.RT.GDP.KD_ratiomax2	3.29184945090975e-11	5.46465625143664e-05	0.00016946280291476
NE.CON.PRVT.KD.ZG	3.25829921805316e-11	3.46962301678517e-05	0.00016946280291476
NE.CON.PRVT.KD.ZG_delta1	2.85707880372947e-11	6.50554315647219e-05	0.00016946280291476
NE.RSB.GNFS.CD_rank	2.78015800802319e-11	0.00021511662704068	0.00016946280291476
NY.ADJ.DMIN.CD	2.75201113673461e-11	3.72984474304406e-05	0.00016946280291476
DT.ODA.ODAT.GN.ZS_rank	2.48533278146586e-11	0.000200370729219344	0.00016946280291476
health_crisis_indicator_rank	2.19019019363647e-11	0.000193431483185773	0.00016946280291476
SP.POP.4044.FE.5Y	1.91101895477943e-11	0.000174348556593455	0.00016946280291476
SM.POP.RHCR.EO	1.83841881121128e-11	0.000132713080392033	0.00016946280291476
IS.AIR.DPRT_delta1	1.6989040441163e-11	8.24035466486478e-05	0.00016946280291476
SG.LAW.INDX_lag1	1.68039309018977e-11	9.28124156990033e-05	0.00016946280291476
MS.MIL.XPND.CD_avg2	1.35050185544348e-11	4.85747222349924e-05	0.00016946280291476
AG.LND.CROP.ZS_min2	1.34350695211326e-11	0.000182155208381221	0.00016946280291476
SP.DYN.AMRT.MA_delta1	1.21322076847285e-11	0.000111895342291322	0.00016946280291476
NE.CON.PRVT.CD_delta1	1.04408561598487e-11	0.000183890019889614	0.00016946280291476
NY.GDP.DEFL.ZS_delta1	9.87261955135019e-12	5.20443452517775e-05	0.00016946280291476
DC.DAC.FRAL.CD_delta1	9.53790973249244e-12	0.000140519732179799	0.00016946280291476
NE.CON.GOVT.ZS_delta1	9.30237441768387e-12	6.33206200563293e-05	0.00016946280291476
NY.GDP.DEFL.KD.ZG_rank	6.41969987340944e-12	0.000140519732179799	0.00016946280291476
DT.ODA.ODAT.GN.ZS_ratiomax2	3.53931127737428e-12	0.00010755831352034	0.00016946280291476
BX.TRF.PWKR.CD.DT_rank	1.02090651630326e-12	8.50057639112366e-05	0.00016946280291476
