Feature	Gain	Cover	Frequency
urban_wealth_interaction	0.229438023896261	0.00404346528900963	0.00141218005295675
rural_poverty_interaction	0.134302937684156	0.00512303126423064	0.00158870255957635
SP.URB.TOTL.IN.ZS	0.133793693239927	0.00251506158106036	0.00105913503971756
NE.CON.PRVT.PC.KD	0.10498649599864	0.00259880972944114	0.00105913503971756
SP.RUR.TOTL.ZS	0.0825554913282696	0.00287622547095248	0.00123565754633716
economic_capacity_index	0.0620085543068857	0.00234625671948034	0.00141218005295675
SP.URB.TOTL.IN.ZS_rank	0.0518482273832794	0.00113845139205125	0.000353045013239188
TX.VAL.MRCH.R2.ZS	0.0239841203755198	0.00119733680888149	0.00158870255957635
EN.URB.LCTY_min2	0.0177095743398788	0.000679145140775403	0.000529567519858782
health_vulnerability_index	0.0144118400478999	0.000219838889499552	0.000176522506619594
BG.GSR.NFSV.GD.ZS_max2	0.0129304355220516	0.00124051944789033	0.00105913503971756
year	0.00931169688039006	0.00725991761275903	0.00406001765225066
EN.GHG.N2O.PI.MT.CE.AR5_max2	0.00853414070709161	0.00013739930593722	0.000353045013239188
NY.GDP.DEFL.ZS	0.00609400143085874	0.000849258567173866	0.00141218005295675
EN.URB.LCTY_lag1	0.00576152734441414	0.000223764583954902	0.000176522506619594
TX.VAL.MRCH.OR.ZS_lag1	0.00510394792757768	0.000298352778606536	0.000706090026478376
NY.GDP.DEFL.ZS_lag1	0.00426833838136282	0.00235410810839104	0.00317740511915269
SP.POP.2024.FE.5Y_rank	0.00396137772504681	0.00341535417615376	0.00105913503971756
SH.DTH.NMRT_delta1	0.00368202649376401	0.000582311344210124	0.00088261253309797
EN.GHG.CH4.WA.MT.CE.AR5_lag1	0.00282844696671616	0.00013739930593722	0.000176522506619594
SH.IMM.IDPT_lag1	0.0027775963866869	0.00101937199357233	0.000706090026478376
NY.GNP.PCAP.CN_delta1	0.00262213827288619	0.000650356714769509	0.000706090026478376
SP.DYN.AMRT.FE_lag1	0.00248774351982782	0.00221801736727227	0.00123565754633716
FP.CPI.TOTL_lag1	0.00243436955936349	0.000440986343817555	0.00105913503971756
SP.POP.1564.FE.ZS_lag1	0.00240291399616217	0.00575768520117876	0.00194174757281553
SP.POP.0014.TO_lag1	0.00218628254429682	0.000109919444749776	0.000176522506619594
SH.IMM.MEAS_rank	0.00210420154688538	0.00197985857031442	0.00123565754633716
DT.ODA.ODAT.GN.ZS_max2	0.00205680423189021	0.000772053242885333	0.000353045013239188
SP.POP.4549.FE.5Y_rank	0.00195748959532471	0.00122612523488739	0.00105913503971756
EN.GHG.CH4.TR.MT.CE.AR5_lag1	0.00191338787088213	8.89824076545808e-05	0.000176522506619594
FP.CPI.TOTL_rank	0.00187048777219979	0.000180581944946061	0.000529567519858782
EN.URB.LCTY_tend2	0.00172955233508858	0.000604556946123769	0.000706090026478376
EG.ELC.PETR.ZS_avg2	0.00169136489553949	0.000442294908636004	0.000706090026478376
SP.POP.5054.MA.5Y	0.00167833958274887	0.00874121298724411	0.00335392762577229
SP.POP.2024.MA.5Y_rank	0.00164566776997454	0.002316159728656	0.00088261253309797
BG.GSR.NFSV.GD.ZS_min2	0.0016270145422672	0.000307512732335684	0.000353045013239188
ER.FSH.AQUA.MT_min2	0.00151795976913202	0.000151793518940167	0.000176522506619594
NE.CON.PRVT.PC.KD_avg2	0.00143775550068286	0.000541745834838183	0.000353045013239188
BG.GSR.NFSV.GD.ZS_avg2	0.00138335018147909	0.000362472454710572	0.000353045013239188
SP.DYN.AMRT.MA_lag1	0.0013604770969764	0.00041612361226701	0.000529567519858782
FM.AST.NFRG.CN_avg2	0.00115348302462478	0.000697465048233699	0.000529567519858782
SP.DYN.AMRT.FE	0.00112223974792306	0.0053297845055457	0.00247131509267432
SP.URB.TOTL_delta1	0.00110777129114536	0.000242084491413198	0.000353045013239188
SP.POP.BRTH.MF_lag1	0.0010763233684387	0.000683070835230752	0.000353045013239188
SE.PRM.ENRR.FE	0.00106153143218962	0.000489403242100194	0.000706090026478376
ER.FSH.AQUA.MT_lag1	0.00103322767355546	0.000153102083758617	0.000176522506619594
BG.GSR.NFSV.GD.ZS	0.000926216784211834	0.000227690278410251	0.000176522506619594
TX.VAL.MRCH.WR.ZS_lag1	0.000819697545639241	0.000225073148773351	0.000353045013239188
BM.TRF.PWKR.CD.DT_min2	0.00081845334782139	0.000798224539254327	0.000706090026478376
NY.GDP.MKTP.KN_delta1	0.000784253145184807	0.00132819329072646	0.00088261253309797
EN.GHG.ALL.PC.CE.AR5	0.000738597954503657	0.000151793518940167	0.000176522506619594
PA.NUS.ATLS	0.000731743882143735	0.000429209260451507	0.000706090026478376
EN.GHG.N2O.BU.MT.CE.AR5_max2	0.000701073267519417	0.000113845139205125	0.000176522506619594
EN.URB.LCTY_delta1	0.00069306279657688	0.000117770833660475	0.000176522506619594
FM.AST.NFRG.CN	0.000653911593080158	0.00174300833817502	0.00141218005295675
NE.EXP.GNFS.ZS_rank	0.000639720858148107	0.000319289815701731	0.000353045013239188
EN.GHG.ALL.PC.CE.AR5_min2	0.000625622906493994	0.000259095834053044	0.000353045013239188
EN.GHG.N2O.PI.MT.CE.AR5	0.000620248239803826	0.000567917131207177	0.000706090026478376
NY.ADJ.NNTY.PC.CD_lag1	0.000602603544210983	0.000667368057409356	0.000353045013239188
NV.AGR.TOTL.CN_lag1	0.000596658324782031	0.0151937461070197	0.00529567519858782
NE.CON.PRVT.PC.KD_lag1	0.00058985533038545	0.000142633565211019	0.000176522506619594
SM.POP.RHCR.EO_lag1	0.000589665677060413	0.000401729399264063	0.000706090026478376
EG.ELC.NGAS.ZS_lag1	0.000584473003079182	0.000209370370951955	0.000353045013239188
EN.GHG.CH4.TR.MT.CE.AR5_ratioavg2	0.000577043530117477	0.000363781019529021	0.00088261253309797
SH.DTH.MORT_lag1	0.00056357720496259	0.000209370370951955	0.000176522506619594
SM.POP.RHCR.EO	0.00056150135144286	0.000628111112855864	0.000353045013239188
FM.AST.NFRG.CN_min2	0.000553477468732547	0.00105208611403357	0.00141218005295675
EN.GHG.N2O.BU.MT.CE.AR5	0.000499940427465812	0.0002316159728656	0.000353045013239188
EN.GHG.ALL.PC.CE.AR5_lag1	0.000492911405562371	0.000226381713591801	0.000529567519858782
SE.PRM.TCHR_rank	0.000473969913235122	0.00014001643557412	0.000529567519858782
BG.GSR.NFSV.GD.ZS_lag1	0.000464540335942422	0.000565300001570278	0.000529567519858782
TM.VAL.MMTL.ZS.UN	0.000455826696124228	3.79483797350418e-05	0.000176522506619594
NV.SRV.TOTL.ZS_rank	0.000435821098049075	0.000239467361776298	0.000353045013239188
SP.POP.6569.FE.5Y	0.000417056525436261	0.000443603473454454	0.000706090026478376
SE.PRM.ENRL_rank	0.000394679980948571	0.00032321551015708	0.000529567519858782
SP.POP.5054.MA.5Y_rank	0.000388923810484557	0.00332637176849918	0.00141218005295675
NV.AGR.TOTL.ZS	0.00038633914443627	0.000656899538861758	0.000529567519858782
SP.POP.5559.FE.5Y_lag1	0.000384517646461765	0.000160953472669315	0.000176522506619594
TX.VAL.MRCH.RS.ZS_rank	0.000375277212254009	0.000845332872718517	0.000353045013239188
NY.ADJ.NNTY.PC.CD	0.000368415439283251	0.00176525394008867	0.00123565754633716
SP.POP.2024.MA.5Y_lag1	0.000328042363827182	0.0015977576433271	0.00088261253309797
AG.LND.CROP.ZS	0.000312132471635133	0.000251244445142346	0.000529567519858782
FI.RES.XGLD.CD_lag1	0.000308174254156019	0.000420049306722359	0.000706090026478376
NY.GDP.FRST.RT.ZS	0.000307130644636005	0.000450146297546703	0.000529567519858782
AG.LND.AGRI.ZS	0.000303467982153477	0.00124967940161948	0.00105913503971756
FP.CPI.TOTL_max2	0.000298416788921994	0.000770744678066883	0.00158870255957635
DT.ODA.ODAT.GN.ZS_rank	0.000284464676913283	0.000422666436359259	0.000176522506619594
NE.IMP.GNFS.ZS_lag1	0.000271486792877379	0.000143942130029469	0.000529567519858782
SE.TER.ENRR_lag1	0.000270670485975702	0.00466372501295479	0.00229479258605472
DC.DAC.CANL.CD_max2	0.000267473326471392	0.00046454051054965	0.000706090026478376
FI.RES.TOTL.MO_max2	0.000266979137717207	0.000228998843228701	0.000529567519858782
FP.CPI.TOTL_min2	0.000261529240221143	0.000465849075368099	0.00105913503971756
AG.LND.AGRI.K2_min2	0.000257880676212558	0.000227690278410251	0.000176522506619594
TM.VAL.INSF.ZS.WT	0.000246242091812	0.000454071992002052	0.00105913503971756
IT.CEL.SETS	0.000245427475486434	0.00109526875304241	0.00088261253309797
AG.PRD.FOOD.XD_avg2	0.000244112277716637	7.06625001962847e-05	0.000176522506619594
FP.CPI.TOTL	0.000240448318720723	0.00363519306565331	0.00370697263901147
SP.POP.0509.FE.5Y_delta1	0.000228962966145088	0.000265638658145293	0.00105913503971756
IT.CEL.SETS.P2_avg2	0.000228475270621513	0.00110966296604536	0.000706090026478376
TX.VAL.MRCH.R6.ZS	0.000210626641206726	0.00055614004784113	0.000706090026478376
SP.POP.DPND.YG_lag1	0.000209797621917219	0.0108859507246832	0.00353045013239188
SP.POP.0014.MA.ZS	0.000209483283151398	0.0085383854403844	0.00264783759929391
EN.GHG.CH4.PI.MT.CE.AR5_tend2	0.000199993422886544	0.00565692571015813	0.00211827007943513
NV.IND.TOTL.CN	0.0001999681435494	0.000628111112855864	0.000353045013239188
SH.DYN.MORT.FE_delta1	0.000195141166639712	4.97254631010893e-05	0.000176522506619594
BX.TRF.PWKR.DT.GD.ZS	0.000176794817727769	0.000244701621050097	0.000529567519858782
SP.POP.2024.FE.5Y_lag1	0.000176023364518877	0.00123135949416118	0.00088261253309797
TM.VAL.MRCH.R5.ZS	0.00016946910862524	0.000208061806133505	0.000529567519858782
SP.POP.DPND_lag1	0.000169207593088462	0.00211464074661474	0.000706090026478376
SE.TER.ENRR	0.000163808404301299	0.00482336992080566	0.0028243601059135
SP.POP.6064.FE.5Y_delta1	0.00016331433299608	0.00255693565525075	0.00123565754633716
SP.POP.TOTL.FE.ZS_lag1	0.000162896988633618	0.000268255787782192	0.000353045013239188
FM.AST.DOMS.CN_min2	0.00016155658402758	0.00358677616737067	0.00158870255957635
SH.DTH.IMRT	0.00015708031668845	0.000150484954121717	0.000529567519858782
DC.DAC.JPNL.CD_isNA_rank	0.000154562063892515	0.000526043057016786	0.000529567519858782
SP.DYN.LE00.MA.IN	0.000152658753410837	0.00115677129950955	0.00123565754633716
SH.DYN.MORT.FE	0.00014808937985907	0.00181628796800821	0.00088261253309797
SP.POP.TOTL.FE.ZS	0.000146033316927414	0.000163570602306215	0.000353045013239188
SE.SEC.ENRL	0.000140924498936275	0.000121696528115824	0.000353045013239188
BX.TRF.PWKR.DT.GD.ZS_lag1	0.000140054338135904	0.000329758334249329	0.000529567519858782
SP.POP.3539.FE.5Y_delta1	0.000137401373630719	0.000515574538469189	0.00105913503971756
TX.VAL.MRCH.RS.ZS	0.000136468112523327	0.00041481504744856	0.000529567519858782
SE.SEC.ENRR.FE	0.000136026536341677	0.000939549539646897	0.00105913503971756
SP.POP.4549.MA.5Y	0.000133704524446435	0.00359986181555517	0.00123565754633716
DC.DAC.FRAL.CD_isNA_rank	0.000128531602007541	0.000389952315898016	0.000353045013239188
SH.MMR.RISK.ZS	0.000124579777025372	0.000285267130422038	0.000176522506619594
DC.DAC.JPNL.CD	0.000123743229431397	0.000638579631403462	0.000353045013239188
SP.POP.5054.FE.5Y_lag1	0.000119008418275192	0.00734104863150291	0.00264783759929391
SP.POP.TOTL.MA.IN_delta1	0.000118714286179916	4.31826390088407e-05	0.000176522506619594
EN.GHG.CO2.BU.MT.CE.AR5_max2	0.000117386035041595	5.49597223748881e-05	0.000176522506619594
SP.DYN.TFRT.IN	0.000117265684422554	0.0085697909960272	0.0030008826125331
NE.TRD.GNFS.ZS	0.000116833183525889	0.000174039120853812	0.000706090026478376
NV.IND.MANF.KD_lag1	0.000113927807887332	0.000422666436359259	0.000176522506619594
NY.GSR.NFCY.CN_lag1	0.000110261340806625	0.0062614826562819	0.0030008826125331
FM.AST.DOMS.CN_avg2	0.000108010136006442	0.00158074630068726	0.000706090026478376
SH.IMM.IDPT_rank	0.000105808309956361	0.0029953048694314	0.00158870255957635
TM.VAL.MRCH.R5.ZS_lag1	0.000103319937994484	0.000395186575171815	0.000706090026478376
SP.POP.GROW_lag1	9.51785799095935e-05	0.000448837732728253	0.000529567519858782
DC.DAC.JPNL.CD_isNA_lag1	9.46464030362677e-05	0.000422666436359259	0.000176522506619594
health_crisis_indicator	9.22425323457208e-05	0.000422666436359259	0.000529567519858782
NV.AGR.TOTL.ZS_lag1	9.20534081327625e-05	0.000422666436359259	0.000176522506619594
AG.PRD.FOOD.XD	9.17578982542462e-05	0.00036901527880282	0.00123565754633716
BM.TRF.PWKR.CD.DT	9.10444765266195e-05	0.00141325000392569	0.00158870255957635
DC.DAC.DEUL.CD_lag1	8.78263053824788e-05	0.000164879167124664	0.000176522506619594
IT.CEL.SETS.P2	8.76577591411542e-05	0.000387335186261116	0.000353045013239188
EN.GHG.CH4.PI.MT.CE.AR5_delta1	8.23365249515893e-05	0.00174824259744882	0.00088261253309797
EN.GHG.N2O.IP.MT.CE.AR5	7.81397817429213e-05	0.000410889352993211	0.000706090026478376
BX.GRT.EXTA.CD.WD	7.66491372724785e-05	0.00281472292448534	0.00176522506619594
SP.POP.2529.FE.5Y	7.53049783788854e-05	0.000121696528115824	0.000353045013239188
EN.GHG.CH4.BU.MT.CE.AR5_ratiomax2	7.44661320953833e-05	0.00018319907458296	0.000176522506619594
FM.AST.DOMS.CN_lag1	7.41300976801307e-05	0.00501834607875467	0.00194174757281553
SH.MMR.RISK_delta1	7.37087279394621e-05	0.00413375626148266	0.00194174757281553
DC.DAC.DEUL.CD	7.13176866131952e-05	0.000198901852404357	0.000353045013239188
ER.H2O.INTR.PC_min2	7.12176338125763e-05	0.000200210417222807	0.000353045013239188
TM.VAL.FUEL.ZS.UN	7.08666374317113e-05	0.000747190511334788	0.00247131509267432
FM.AST.DOMS.CN_delta1	7.04776136619433e-05	0.00262890672026548	0.00123565754633716
NE.EXP.GNFS.CN_lag1	6.94484268930494e-05	0.00142764421692864	0.00088261253309797
TM.VAL.MRCH.R1.ZS_lag1	6.94074514517933e-05	0.000434443519725306	0.00088261253309797
DC.DAC.GBRL.CD_min2	6.73162235498197e-05	6.41196761040361e-05	0.000353045013239188
SP.ADO.TFRT	6.52565141863413e-05	0.00326879491648739	0.00141218005295675
ER.H2O.INTR.PC	6.46371358793247e-05	0.000146559259666368	0.000176522506619594
NV.SRV.TOTL.CD	6.43613293681892e-05	0.00149045532821423	0.000706090026478376
NV.IND.TOTL.ZS_isNA_rank	6.3229617041268e-05	0.000133473611481871	0.000353045013239188
EN.GHG.CH4.PI.MT.CE.AR5_ratioavg2	6.24634935410154e-05	0.000596705557213071	0.00105913503971756
IT.CEL.SETS.P2_tend2	5.91328654905494e-05	0.00469513056859759	0.0030008826125331
IT.CEL.SETS.P2_lag1	5.8581288016686e-05	0.00308428727708598	0.00141218005295675
EG.USE.PCAP.KG.OE	5.83063819821746e-05	0.00064643102031416	0.000706090026478376
DC.DAC.CECL.CD	5.80441189050493e-05	0.000704007872325948	0.000529567519858782
SP.POP.1564.FE.ZS_delta1	5.53223622626784e-05	0.000679145140775403	0.00105913503971756
BX.PEF.TOTL.CD.WD_avg2	5.46138618812212e-05	8.24395835623322e-05	0.000176522506619594
BM.GSR.NFSV.CD_lag1	5.34635613735332e-05	3.00969908243435e-05	0.000176522506619594
NE.RSB.GNFS.CN_delta1	5.31933395039156e-05	0.00868363613523232	0.00353045013239188
YearsSinceFirst	5.29978623435397e-05	0.000645122455495711	0.000706090026478376
EN.URB.MCTY.TL.ZS	5.23998219692139e-05	0.000512957408832289	0.000529567519858782
SP.POP.5559.MA.5Y	5.20156804162035e-05	0.000654282409224859	0.000353045013239188
NV.IND.TOTL.CN_lag1	5.08864801438455e-05	0.00163308889342525	0.00088261253309797
SP.DYN.LE00.MA.IN_lag1	4.84333642518354e-05	8.37481483807819e-05	0.000176522506619594
NE.RSB.GNFS.CD_rank	4.79918370062984e-05	0.000192359028312108	0.000529567519858782
SH.DYN.MORT	4.73573181617872e-05	0.000303587037880334	0.000176522506619594
NV.AGR.TOTL.CN	4.73277360078278e-05	0.00688435950986396	0.00229479258605472
SP.POP.4549.FE.5Y_lag1	4.72358217211146e-05	0.00227690278410251	0.000706090026478376
EG.ELC.FOSL.ZS	4.66748976363667e-05	0.000382100926987317	0.00105913503971756
NY.GDP.PCAP.CN	4.57777318467784e-05	0.00170636852325843	0.00123565754633716
NE.CON.PRVT.PC.KD_min2	4.41215931281524e-05	0.000174039120853812	0.000353045013239188
SP.POP.0014.FE.ZS_lag1	4.40926956485523e-05	3.66398149165921e-05	0.000176522506619594
BM.GSR.GNFS.CD_tend2	4.38471953945314e-05	0.000145250694847919	0.000529567519858782
SP.ADO.TFRT_lag1	4.22577457342307e-05	0.000243393056231647	0.000176522506619594
AG.LND.AGRI.K2_rank	4.19230321667513e-05	0.000158336343032416	0.000176522506619594
DT.ODA.ODAT.GN.ZS	4.07242220926371e-05	0.00309475579563358	0.00105913503971756
EG.ELC.HYRO.ZS_min2	4.0311003441437e-05	0.00036901527880282	0.000353045013239188
TM.VAL.SERV.CD.WT	3.99626551904858e-05	6.28111112855864e-05	0.000176522506619594
NY.GDP.PCAP.KD	3.90146730182252e-05	0.000523425927379887	0.000176522506619594
IT.CEL.SETS.P2_max2	3.85507943676124e-05	0.000889824076545808	0.000706090026478376
BX.GSR.FCTY.CD	3.81695723576615e-05	0.00174824259744882	0.00105913503971756
SP.URB.GROW	3.80662493957846e-05	0.000548288658930431	0.000706090026478376
SE.PRM.ENRR.FE_rank	3.7938055443587e-05	0.000310129861972583	0.000353045013239188
NY.ADJ.DKAP.CD_delta1	3.74536736977522e-05	0.000251244445142346	0.000529567519858782
EG.ELC.HYRO.ZS_max2	3.72069510012205e-05	0.000387335186261116	0.000529567519858782
BM.KLT.DINV.WD.GD.ZS_tend2	3.70377457804398e-05	0.000268255787782192	0.00105913503971756
FP.CPI.TOTL.ZG_avg2	3.67936135739299e-05	0.000146559259666368	0.000529567519858782
year_cycle_lag1	3.56879261623917e-05	0.000478934723552596	0.00088261253309797
SH.DYN.NMRT	3.56761948898545e-05	0.00143811273547624	0.000529567519858782
EN.GHG.CH4.MT.CE.AR5_tend2	3.46105570267874e-05	0.000177964815309162	0.000529567519858782
SP.POP.6064.MA.5Y_delta1	3.42400239140567e-05	0.00196153866285613	0.00088261253309797
SP.DYN.CDRT.IN_delta1	3.27553849457666e-05	7.58967594700836e-05	0.000529567519858782
EG.USE.PCAP.KG.OE_avg2	3.22876057740826e-05	0.00113845139205125	0.000353045013239188
BM.GSR.INSF.ZS_lag1	3.13881849232175e-05	0.000269564352600642	0.000176522506619594
IS.AIR.PSGR_lag1	3.1133998275276e-05	0.00107825741040257	0.000529567519858782
BX.GRT.TECH.CD.WD_rank	3.06854164173623e-05	0.000166187731943114	0.000176522506619594
SP.POP.5559.FE.5Y_delta1	3.05755595975944e-05	0.00478673010588907	0.00247131509267432
BM.GSR.TRAN.ZS_lag1	2.97078798455154e-05	0.000344152547252276	0.000706090026478376
TM.VAL.MRCH.R3.ZS	2.92913896367957e-05	0.000412197917811661	0.000706090026478376
SP.POP.5559.MA.5Y_lag1	2.88046907106198e-05	0.0018319907458296	0.000706090026478376
SP.POP.1564.TO.ZS_delta1	2.84225437953692e-05	8.50567131992316e-05	0.000176522506619594
NY.GSR.NFCY.CN_delta1	2.79695927646761e-05	0.010722380122377	0.00388349514563107
SH.MMR.RISK	2.77237413540536e-05	0.000204136111678156	0.000353045013239188
SE.PRM.ENRR.MA_rank	2.72678376957875e-05	0.000116462268842025	0.000176522506619594
BX.TRF.CURR.CD_delta1	2.571427881862e-05	0.00129940486472057	0.00105913503971756
TX.VAL.MRCH.R6.ZS_lag1	2.49969872714988e-05	0.000982732178655738	0.00088261253309797
NE.IMP.GNFS.KD_delta1	2.48509729862982e-05	0.000239467361776298	0.000529567519858782
FS.AST.PRVT.GD.ZS_ratioavg2	2.47558947736001e-05	0.000108610879931327	0.000353045013239188
EG.ELC.FOSL.ZS_min2	2.45208019174481e-05	0.000149176389303268	0.000353045013239188
SP.DYN.TO65.FE.ZS_lag1	2.42603340967755e-05	0.00496076922674288	0.00158870255957635
SP.POP.2529.MA.5Y_rank	2.33221264597783e-05	7.72053242885333e-05	0.000176522506619594
DC.DAC.DEUL.CD_min2	2.29857448485882e-05	0.000672602316683155	0.000706090026478376
AG.LND.PRCP.MM	2.26971183692316e-05	0.000217221759862653	0.000353045013239188
SH.IMM.MEAS	2.23123978031456e-05	0.00130202199435747	0.00105913503971756
DC.DAC.JPNL.CD_min2	2.21694123739891e-05	0.000344152547252276	0.000353045013239188
EN.GHG.CO2.BU.MT.CE.AR5_tend2	2.19019315264555e-05	0.000243393056231647	0.000353045013239188
SP.POP.1014.MA.5Y	2.17934731847543e-05	0.00242869630304268	0.00105913503971756
FP.CPI.TOTL.ZG_min2	2.17160196727076e-05	0.000520808797742988	0.00088261253309797
BX.GSR.NFSV.CD_ratioavg2	2.10354331876786e-05	0.000244701621050097	0.000529567519858782
EN.GHG.N2O.IP.MT.CE.AR5_ratioavg2	2.10144582383996e-05	0.000477626158734147	0.00105913503971756
SP.POP.1519.FE.5Y	2.09957324469226e-05	0.00105862893812582	0.000353045013239188
NV.AGR.TOTL.ZS_delta1	2.05962334275398e-05	0.0016134604211485	0.00141218005295675
AG.LND.ARBL.ZS	2.01711767790613e-05	9.81423613837288e-05	0.000353045013239188
TM.VAL.TRAN.ZS.WT_lag1	1.98824299380062e-05	0.000270872917419091	0.000353045013239188
BX.PEF.TOTL.CD.WD_rank	1.97339704911535e-05	0.000406963658537862	0.00088261253309797
SE.SEC.ENRR.FE_rank	1.97030746967286e-05	0.000269564352600642	0.000529567519858782
SP.POP.0014.MA.IN_delta1	1.9192877232553e-05	0.000274798611874441	0.000353045013239188
SP.POP.6569.FE.5Y_lag1	1.89185754599752e-05	0.000158336343032416	0.000353045013239188
TM.VAL.MMTL.ZS.UN_lag1	1.87532682270094e-05	0.000481551853189496	0.00088261253309797
AG.LND.ARBL.HA	1.82562319736265e-05	0.000123005092934273	0.000176522506619594
EN.GHG.CO2.MT.CE.AR5	1.79787393214285e-05	0.000149176389303268	0.000353045013239188
FM.AST.NFRG.CN_delta1	1.79583760181903e-05	0.00150877523567252	0.000706090026478376
EG.USE.PCAP.KG.OE_ratioavg2	1.75853105030414e-05	0.000168804861580014	0.000353045013239188
SP.POP.2024.FE.5Y	1.71311841091705e-05	0.00340881135206151	0.00211827007943513
NY.GDP.PCAP.KD.ZG_delta1	1.71104801002982e-05	9.15995372914802e-05	0.000353045013239188
NE.CON.TOTL.CD_rank	1.67629331863847e-05	0.000193667593130558	0.000353045013239188
TM.VAL.INSF.ZS.WT_lag1	1.67603877545046e-05	0.000350695371344524	0.000529567519858782
AG.LND.ARBL.HA.PC_ratiomax2	1.66837261030017e-05	0.000174039120853812	0.000353045013239188
BM.KLT.DINV.WD.GD.ZS_min2	1.64854564107736e-05	0.000577077084936325	0.00105913503971756
SH.DTH.NMRT_rank	1.64559801575258e-05	6.0193981648687e-05	0.000176522506619594
FM.AST.NFRG.CN_rank	1.59055248942811e-05	0.000121696528115824	0.000176522506619594
NY.ADJ.DFOR.GN.ZS_isNA_rank	1.5528209673136e-05	0.00123005092934273	0.00211827007943513
NY.GDP.COAL.RT.ZS	1.50987237658126e-05	0.000315364121246382	0.000706090026478376
SP.POP.1519.MA.5Y	1.49193758394657e-05	0.00198640139440667	0.00105913503971756
SP.DYN.TO65.FE.ZS	1.46915768786944e-05	0.00585321043292558	0.00211827007943513
FM.AST.PRVT.GD.ZS_avg2	1.44152115744913e-05	0.000130856481844972	0.000176522506619594
EG.USE.PCAP.KG.OE_max2	1.41659300472884e-05	0.000569225696025627	0.000176522506619594
DC.DAC.JPNL.CD_max2	1.41003098818582e-05	0.000177964815309162	0.000529567519858782
NE.IMP.GNFS.KD.ZG_delta1	1.4069299944269e-05	0.000372940973258169	0.000706090026478376
AG.CON.FERT.ZS	1.40213483576081e-05	0.000905526854367204	0.000706090026478376
BX.TRF.CURR.CD_tend2	1.39855625464912e-05	0.000431826390088407	0.000706090026478376
TM.VAL.MRCH.RS.ZS_lag1	1.37160002707315e-05	7.06625001962847e-05	0.000176522506619594
TM.VAL.MRCH.R2.ZS_rank	1.35182059071697e-05	4.57997686457401e-05	0.000176522506619594
SH.DTH.NMRT_lag1	1.34769725381495e-05	0.000550905788567331	0.000176522506619594
NY.GSR.NFCY.CD_lag1	1.31766425495542e-05	5.1034027919539e-05	0.000176522506619594
BX.GSR.TRAN.ZS	1.31381410259403e-05	0.00041612361226701	0.000529567519858782
NY.GDS.TOTL.CD_lag1	1.30637440346315e-05	0.000205444676496606	0.000176522506619594
SP.RUR.TOTL_rank	1.29366178719151e-05	0.000136090741118771	0.000176522506619594
BM.GSR.CMCP.ZS_ratioavg2	1.27403101459819e-05	0.000159644907850866	0.000353045013239188
TX.VAL.AGRI.ZS.UN	1.26248862111752e-05	0.000570534260844077	0.00123565754633716
SE.PRM.ENRR.FE_isNA_rank	1.24246802018656e-05	7.72053242885333e-05	0.000176522506619594
AG.LND.ARBL.HA.PC_ratioavg2	1.21371369866498e-05	7.72053242885333e-05	0.000353045013239188
FM.AST.NFRG.CN_tend2	1.20876741942471e-05	0.00443080047527074	0.00194174757281553
SP.POP.6569.FE.5Y_delta1	1.14571710817946e-05	0.000590162733120822	0.000706090026478376
TX.VAL.FOOD.ZS.UN	1.14284609605932e-05	0.00122612523488739	0.00105913503971756
SP.DYN.LE00.FE.IN	1.14091058971239e-05	0.000798224539254327	0.000529567519858782
SP.POP.TOTL.FE.IN_delta1	1.13196567579245e-05	9.68337965652791e-05	0.000353045013239188
YearsSinceFirst_lag1	1.10611544034449e-05	0.000590162733120822	0.000529567519858782
SP.POP.7579.MA.5Y	1.09064038933933e-05	0.00174824259744882	0.000706090026478376
FM.AST.PRVT.GD.ZS_ratioavg2	1.08080997615403e-05	0.000334992593523128	0.000529567519858782
TM.VAL.MRCH.AL.ZS	1.07526202209733e-05	0.000529968751472135	0.00105913503971756
TM.VAL.MRCH.CD.WT_lag1	1.05674268516426e-05	0.000790373150343629	0.000529567519858782
BX.TRF.PWKR.CD.DT_avg2	1.02827408452378e-05	3.53312500981424e-05	0.000176522506619594
SP.POP.0004.MA.5Y	1.02380747471809e-05	0.00107564028076567	0.000353045013239188
DC.DAC.FRAL.CD_delta1	1.02222051687018e-05	0.000484168982826395	0.00088261253309797
TX.VAL.MRCH.R1.ZS	9.96202173489996e-06	0.000429209260451507	0.00123565754633716
SP.DYN.CBRT.IN	9.81425947590302e-06	0.000529968751472135	0.000529567519858782
NY.ADJ.DRES.GN.ZS	9.80589214872347e-06	0.00041743217708546	0.000706090026478376
EN.GHG.CO2.PI.MT.CE.AR5	9.70850629529373e-06	5.1034027919539e-05	0.000353045013239188
NY.ADJ.DNGY.GN.ZS	9.6123526102758e-06	0.000813927317075724	0.00105913503971756
NE.EXP.GNFS.ZS_isNA_rank	9.59618814235397e-06	0.0023004569508346	0.00229479258605472
FP.CPI.TOTL_delta1	9.5218606870806e-06	0.000361163889892122	0.00088261253309797
SE.PRM.ENRR_rank	9.42027431185511e-06	0.000379483797350418	0.000353045013239188
EN.GHG.CO2.BU.MT.CE.AR5	9.25789059340208e-06	0.000247318750686997	0.000529567519858782
SP.POP.TOTL.MA.ZS_lag1	9.01729550463183e-06	5.36511575564384e-05	0.000176522506619594
SP.DYN.AMRT.MA	8.86513125076515e-06	0.000870195604269062	0.00088261253309797
IS.AIR.GOOD.MT.K1_delta1	8.56342368226591e-06	0.000684379400049202	0.000353045013239188
IT.MLT.MAIN_ratioavg2	8.39897500100348e-06	0.000176656250490712	0.000529567519858782
SP.POP.80UP.FE.5Y_lag1	8.36381049602988e-06	0.00382231783469162	0.00123565754633716
SP.POP.DPND.OL_delta1	8.34587561188307e-06	0.00129417060544677	0.00141218005295675
EN.GHG.CO2.IP.MT.CE.AR5_delta1	8.1980777193949e-06	0.00060063125166842	0.000706090026478376
SP.ADO.TFRT_delta1	8.11511781902602e-06	0.000159644907850866	0.000706090026478376
BM.GSR.FCTY.CD_ratioavg2	8.11261981934297e-06	0.000569225696025627	0.00141218005295675
EN.GHG.CH4.FE.MT.CE.AR5_ratioavg2	7.99965253798992e-06	0.000442294908636004	0.000529567519858782
SP.POP.3539.FE.5Y	7.9959945675474e-06	0.000336301158341577	0.000529567519858782
BX.PEF.TOTL.CD.WD_min2	7.94533362037555e-06	0.00032190694533863	0.000706090026478376
SP.POP.0509.MA.5Y_lag1	7.93329327414101e-06	0.00203612685750776	0.00088261253309797
BX.GSR.FCTY.CD_avg2	7.87244758425041e-06	0.000598014122031521	0.000353045013239188
SP.DYN.LE00.MA.IN_delta1	7.83687704966182e-06	0.000722327779784244	0.00088261253309797
rural_poverty_interaction_lag1	7.70959127047014e-06	0.000142633565211019	0.000353045013239188
SP.DYN.IMRT.MA.IN_lag1	7.52723562823768e-06	0.000327141204612429	0.000353045013239188
MS.MIL.MPRT.KD_avg2	7.34443558182987e-06	0.000204136111678156	0.000353045013239188
BM.KLT.DINV.CD.WD	7.31688950702874e-06	0.000577077084936325	0.00088261253309797
SP.POP.5559.FE.5Y_rank	7.25799851644104e-06	0.000130856481844972	0.000176522506619594
IT.MLT.MAIN.P2_avg2	7.24234360388711e-06	0.000238158796957849	0.000353045013239188
EN.GHG.CO2.BU.MT.CE.AR5_ratioavg2	7.20102246706721e-06	0.000812618752257274	0.000706090026478376
TM.VAL.OTHR.ZS.WT_lag1	7.16194409481199e-06	0.000269564352600642	0.000529567519858782
NY.GSR.NFCY.CD	7.12674334597193e-06	0.00123135949416118	0.00105913503971756
SP.POP.5054.FE.5Y	7.12302569163482e-06	0.00915079377541887	0.00353045013239188
SE.SEC.ENRL.GC.FE.ZS_lag1	6.97718936146007e-06	0.000248627315505446	0.000706090026478376
SP.POP.7074.FE.5Y_delta1	6.94950085381331e-06	0.000847950002355417	0.000706090026478376
TM.VAL.AGRI.ZS.UN	6.93433075862125e-06	0.00032583263979398	0.000706090026478376
SP.RUR.TOTL.ZG	6.92742716566316e-06	0.00111228009568226	0.00105913503971756
BM.GSR.CMCP.ZS_max2	6.88644440573298e-06	0.000558757177478029	0.000529567519858782
SE.SEC.ENRR.MA	6.77444872295066e-06	0.00190657894048124	0.00123565754633716
NY.GSR.NFCY.CN	6.74172756463876e-06	0.00122350810525049	0.00088261253309797
SP.URB.GROW_delta1	6.70060142752827e-06	0.000495946066192443	0.000529567519858782
SP.POP.DPND.YG	6.63549582956759e-06	0.00376997524195364	0.00123565754633716
SP.POP.65UP.MA.ZS	6.49654032123123e-06	0.00060193981648687	0.000353045013239188
TX.VAL.AGRI.ZS.UN_rank	6.39755427130917e-06	0.000200210417222807	0.000176522506619594
SP.POP.0509.FE.5Y_lag1	6.39202618798252e-06	0.00160430046741935	0.000706090026478376
TM.VAL.FOOD.ZS.UN_lag1	6.3724667028364e-06	0.000208061806133505	0.000353045013239188
FI.RES.TOTL.MO_ratiomax2	6.31387297796943e-06	0.000167496296761564	0.000529567519858782
SP.POP.2529.MA.5Y_delta1	6.22606463384621e-06	0.000282650000785139	0.000176522506619594
TM.VAL.MRCH.R6.ZS_delta1	6.16860842591417e-06	0.00126538217944088	0.00158870255957635
SE.PRM.ENRR	6.15235376352315e-06	6.28111112855864e-05	0.000353045013239188
EN.GHG.CO2.PC.CE.AR5_rank	6.14142063279419e-06	0.000125622222571173	0.000176522506619594
BM.GSR.INSF.ZS_avg2	6.07460254578918e-06	0.000349386806526075	0.000529567519858782
NY.ADJ.AEDU.GN.ZS_isNA_rank	6.01387449353758e-06	0.000149176389303268	0.000529567519858782
BX.GSR.TRVL.ZS_max2	5.96350899388631e-06	0.000389952315898016	0.000353045013239188
EN.GHG.CH4.BU.MT.CE.AR5_lag1	5.96318063352494e-06	5.36511575564384e-05	0.000353045013239188
NE.CON.PRVT.KD.ZG_min2	5.89708943244933e-06	0.00130725625363127	0.00105913503971756
NY.ADJ.AEDU.GN.ZS_rank	5.87819173978966e-06	0.000192359028312108	0.000176522506619594
IT.MLT.MAIN_ratiomax2	5.86893100830559e-06	0.000261712963689943	0.000529567519858782
SP.DYN.TFRT.IN_lag1	5.7857102427001e-06	0.00443341760490764	0.00194174757281553
BX.KLT.DINV.WD.GD.ZS_lag1	5.68480985890004e-06	0.000495946066192443	0.000706090026478376
TM.VAL.MMTL.ZS.UN_isNA_rank	5.45374798370975e-06	0.000320598380520181	0.000706090026478376
SP.POP.4549.FE.5Y	5.38457838983551e-06	0.00111489722531916	0.00105913503971756
SP.POP.80UP.FE.5Y	5.36304620462049e-06	7.45881946516339e-05	0.000176522506619594
IT.MLT.MAIN_isNA_rank	5.35891867328105e-06	0.000270872917419091	0.000706090026478376
TM.VAL.MRCH.AL.ZS_lag1	5.20505822793923e-06	0.000340226852796926	0.000529567519858782
IT.CEL.SETS.P2_delta1	5.18220255447878e-06	0.00128239352208072	0.00105913503971756
BX.PEF.TOTL.CD.WD_max2	5.17814713387509e-06	0.000170113426398463	0.000176522506619594
DC.DAC.DEUL.CD_max2	5.17272179460102e-06	0.000762893289156185	0.000706090026478376
NY.GNP.PCAP.CD_delta1	5.13675985661087e-06	0.00331852037958848	0.00194174757281553
SP.POP.TOTL_delta1	5.11226957997825e-06	0.000134782176300321	0.000353045013239188
NE.IMP.GNFS.CD_delta1	5.0873159354152e-06	0.000174039120853812	0.000529567519858782
IT.MLT.MAIN.P2_min2	5.0689670768253e-06	0.000501180325466242	0.000706090026478376
NY.GDP.COAL.RT.ZS_isNA_rank	5.02380689820175e-06	0.00421619584504499	0.00229479258605472
EN.GHG.CH4.TR.MT.CE.AR5_tend2	5.01100667235467e-06	0.000222456019136452	0.000706090026478376
IT.CEL.SETS.P2_ratioavg2	5.00387821179594e-06	0.00121434815152134	0.00105913503971756
FP.CPI.TOTL_ratioavg2	4.97061068022697e-06	0.000204136111678156	0.000706090026478376
NY.GDP.FRST.RT.ZS_delta1	4.91602243919455e-06	0.000956560882286743	0.00141218005295675
BX.GSR.TRAN.ZS_min2	4.8419244421983e-06	0.00119471967924459	0.00105913503971756
BX.TRF.PWKR.DT.GD.ZS_isNA_rank	4.81238635243583e-06	0.00078513889106983	0.00123565754633716
SP.POP.4044.FE.5Y_lag1	4.74022015799395e-06	0.000109919444749776	0.000176522506619594
NY.GDP.COAL.RT.ZS_lag1	4.66211263366451e-06	0.000650356714769509	0.000529567519858782
NY.GNP.PCAP.CD	4.62164424965034e-06	0.00119079398478924	0.000706090026478376
SP.POP.5054.FE.5Y_delta1	4.61084191868614e-06	0.000396495139990264	0.000529567519858782
SP.POP.0014.TO_delta1	4.5324619986107e-06	0.000680453705593853	0.000353045013239188
IT.MLT.MAIN_tend2	4.46906611757219e-06	0.000175347685672262	0.000353045013239188
NV.AGR.TOTL.KD.ZG_lag1	4.38347169316107e-06	0.000150484954121717	0.000353045013239188
NY.GDP.TOTL.RT.ZS_lag1	4.2883521070323e-06	0.000420049306722359	0.000529567519858782
IT.CEL.SETS_delta1	4.26485966679456e-06	0.00480505001334736	0.00229479258605472
NY.ADJ.DKAP.CD_isNA_rank	4.25960462138372e-06	0.000604556946123769	0.00123565754633716
TM.VAL.MANF.ZS.UN	4.24606095445823e-06	0.00055483148302268	0.000529567519858782
FP.CPI.TOTL.ZG_ratioavg2	4.1959126420039e-06	0.000143942130029469	0.000529567519858782
EN.GHG.N2O.TR.MT.CE.AR5_ratioavg2	4.16436676975515e-06	0.000105993750294427	0.000529567519858782
FP.CPI.TOTL.ZG	4.14214041123168e-06	0.000272181482237541	0.000706090026478376
EN.GHG.N2O.FE.MT.CE.AR5_lag1	4.12334387007463e-06	5.62682871933378e-05	0.000353045013239188
IT.MLT.MAIN.P2_max2	4.0457109038148e-06	0.000633345372129663	0.000353045013239188
TM.VAL.MRCH.WR.ZS	4.02677352795817e-06	0.000773361807703783	0.00123565754633716
NE.EXP.GNFS.ZS_lag1	4.00895125682845e-06	0.000783830326251381	0.000353045013239188
EG.USE.ELEC.KH.PC_tend2	3.9183983896606e-06	0.000867578474632162	0.000706090026478376
NV.IND.MANF.ZS_delta1	3.91581310121075e-06	0.00149438102266958	0.00158870255957635
TX.VAL.FUEL.ZS.UN	3.8808423520901e-06	0.00014001643557412	0.000706090026478376
AG.LND.AGRI.K2_delta1	3.82395186818633e-06	0.000141325000392569	0.000353045013239188
SP.POP.5559.FE.5Y	3.76780661838755e-06	0.00314055556427932	0.00123565754633716
BX.GSR.TRAN.ZS_ratioavg2	3.74130184441301e-06	0.000679145140775403	0.00141218005295675
TM.VAL.MRCH.R4.ZS_delta1	3.72401421367275e-06	0.000456689121638951	0.00141218005295675
EN.GHG.CO2.BU.MT.CE.AR5_ratiomax2	3.67875366403827e-06	0.000174039120853812	0.000176522506619594
IS.AIR.DPRT_isNA_rank	3.66398312933796e-06	0.000681762270412303	0.00123565754633716
TX.VAL.MRCH.R3.ZS_lag1	3.57615588407928e-06	0.000468466205004999	0.000706090026478376
SE.PRM.ENRR.MA_delta1	3.57181447813996e-06	2.74798611874441e-05	0.000176522506619594
NV.SRV.TOTL.KD.ZG_delta1	3.56084614711254e-06	0.00074195625206099	0.00105913503971756
EN.GHG.CO2.IP.MT.CE.AR5_ratioavg2	3.54412992516267e-06	0.000569225696025627	0.00088261253309797
BM.TRF.PWKR.CD.DT_ratioavg2	3.543906701504e-06	0.00205444676496606	0.00211827007943513
SP.POP.2024.MA.5Y	3.51968627552675e-06	0.000354621065799873	0.000353045013239188
NY.ADJ.NNTY.PC.CD_delta1	3.46084605952888e-06	0.00101021203984318	0.000353045013239188
NE.IMP.GNFS.CD_isNA_rank	3.45913125228378e-06	7.19710650147344e-05	0.000176522506619594
PA.NUS.FCRF_rank	3.44063604733488e-06	0.000166187731943114	0.000353045013239188
NE.IMP.GNFS.CN_delta1	3.43833583722797e-06	3.66398149165921e-05	0.000176522506619594
BM.KLT.DINV.CD.WD_delta1	3.35695074626901e-06	0.000354621065799873	0.000529567519858782
SP.POP.1014.FE.5Y	3.34079220872214e-06	0.0011397599568697	0.000529567519858782
FP.CPI.TOTL.ZG_max2	3.30687174169402e-06	0.00055483148302268	0.000706090026478376
NY.ADJ.DRES.GN.ZS_lag1	3.30559477291524e-06	0.000565300001570278	0.000706090026478376
SP.POP.80UP.MA.5Y_lag1	3.29621113180862e-06	0.00181367083837131	0.000706090026478376
NY.GDP.DEFL.KD.ZG_delta1	3.2910352715915e-06	0.000624185418400515	0.00176522506619594
IT.CEL.SETS.P2_min2	3.28623102626955e-06	0.00197331574622217	0.00123565754633716
TM.VAL.FOOD.ZS.UN_isNA_rank	3.25383272645277e-06	0.000240775926594748	0.000353045013239188
EG.ELC.NGAS.ZS_min2	3.24575715595549e-06	0.000108610879931327	0.000176522506619594
NE.GDI.FTOT.ZS_isNA_rank	3.233597818712e-06	0.00109788588267931	0.00105913503971756
BM.GSR.CMCP.ZS_lag1	3.22295131240708e-06	0.000105993750294427	0.000176522506619594
NE.CON.PRVT.ZS_lag1	3.21197570461216e-06	0.000562682871933378	0.000353045013239188
BX.GSR.CMCP.ZS_isNA_rank	3.20421909848817e-06	0.00381708357541782	0.00229479258605472
NE.IMP.GNFS.KD.ZG	3.16970837499375e-06	0.000252553009960795	0.00105913503971756
FI.RES.XGLD.CD_min2	3.16282525215018e-06	0.000115153704023575	0.000353045013239188
year_cycle_rank	3.13664157748638e-06	2.35541667320949e-05	0.000176522506619594
AG.LND.ARBL.HA.PC_delta1	3.12435854922106e-06	0.000117770833660475	0.000353045013239188
NE.CON.GOVT.CD_ratioavg2	3.12077137301481e-06	0.000170113426398463	0.000353045013239188
NV.AGR.TOTL.KD.ZG	3.06293992251789e-06	0.00101806342875388	0.00088261253309797
EN.GHG.N2O.BU.MT.CE.AR5_lag1	3.02674550361461e-06	0.000130856481844972	0.000176522506619594
FP.CPI.TOTL_avg2	3.01797449498476e-06	0.000158336343032416	0.000529567519858782
IT.MLT.MAIN_delta1	3.01318017298561e-06	0.000440986343817555	0.00123565754633716
NY.ADJ.DNGY.CD_isNA_rank	2.99848388417101e-06	0.00130333055917592	0.0028243601059135
EN.GHG.CO2.FE.MT.CE.AR5_delta1	2.98915907010094e-06	0.000942166669283796	0.000706090026478376
EG.ELC.NUCL.ZS_tend2	2.97951337297561e-06	0.000353312500981424	0.000706090026478376
SP.POP.5054.MA.5Y_lag1	2.97627782695828e-06	0.00536642432046229	0.00211827007943513
FM.AST.NFRG.CN_max2	2.9624341071017e-06	0.000679145140775403	0.000706090026478376
BM.GSR.GNFS.CD_ratioavg2	2.96021653972625e-06	4.05655093719412e-05	0.000176522506619594
SP.POP.1519.FE.5Y_lag1	2.92501315052246e-06	0.000113845139205125	0.000529567519858782
SP.POP.7074.FE.5Y	2.91986285331062e-06	0.00123266805897963	0.000706090026478376
IT.CEL.SETS_tend2	2.91836305971901e-06	0.00557579469141425	0.00229479258605472
TM.VAL.MRCH.R1.ZS	2.89624119657847e-06	0.00103638333621218	0.00158870255957635
EN.GHG.CO2.TR.MT.CE.AR5_ratioavg2	2.83174695272293e-06	9.55252317468293e-05	0.000353045013239188
IT.MLT.MAIN	2.77588167737009e-06	0.000188433333856759	0.000353045013239188
Country_Code	2.75620107604416e-06	0.000591471297939272	0.000353045013239188
NY.GDP.MKTP.KN_isNA_rank	2.75576443843645e-06	0.00168150579170789	0.00141218005295675
SP.POP.7579.FE.5Y_delta1	2.7010210476765e-06	0.00111228009568226	0.000706090026478376
EN.POP.DNST_tend2	2.69047397827267e-06	0.00125622222571173	0.00088261253309797
TX.VAL.FUEL.ZS.UN_delta1	2.58150520922186e-06	0.00172337986589828	0.00123565754633716
AG.LND.CROP.ZS_lag1	2.57193951674653e-06	9.42166669283796e-05	0.000176522506619594
AG.PRD.FOOD.XD_max2	2.56829689356386e-06	0.000174039120853812	0.000353045013239188
DC.DAC.JPNL.CD_lag1	2.5631499514068e-06	0.000228998843228701	0.000353045013239188
SP.POP.0509.MA.5Y_delta1	2.52996452366163e-06	0.000626802548037415	0.000529567519858782
NY.GDP.FCST.CN_isNA_rank	2.51188234384709e-06	0.00550382362639951	0.00229479258605472
BX.GRT.EXTA.CD.WD_max2	2.51004913278474e-06	7.19710650147344e-05	0.000176522506619594
NY.GDP.MKTP.KD_isNA_rank	2.50367461845525e-06	0.00111228009568226	0.00158870255957635
SP.POP.DPND.OL_lag1	2.48988740782183e-06	0.000888515511727358	0.000529567519858782
BG.GSR.NFSV.GD.ZS_isNA_rank	2.46911588824073e-06	0.00064773958513261	0.000529567519858782
DT.ODA.ALLD.KD_ratioavg2	2.46523102510121e-06	0.00074195625206099	0.00105913503971756
IT.MLT.MAIN_lag1	2.45345741315141e-06	0.000171421991216913	0.000176522506619594
SP.POP.DPND.YG_rank	2.42850571500289e-06	0.000673910881501604	0.000353045013239188
BM.GSR.GNFS.CD_rank	2.41968967125335e-06	0.000168804861580014	0.000176522506619594
SP.DYN.AMRT.MA_delta1	2.41468277834119e-06	0.00050903171437694	0.00105913503971756
TX.VAL.MRCH.R1.ZS_delta1	2.40469188616408e-06	0.000136090741118771	0.000529567519858782
NE.CON.PRVT.KD.ZG_max2	2.3955397325771e-06	0.000438369214180655	0.000353045013239188
AG.PRD.LVSK.XD_tend2	2.34880050760776e-06	0.000261712963689943	0.00088261253309797
NV.SRV.TOTL.ZS_lag1	2.32413005029656e-06	0.000372940973258169	0.000176522506619594
SP.POP.5559.MA.5Y_delta1	2.30990150153119e-06	0.00448968589210098	0.00194174757281553
NY.ADJ.DNGY.GN.ZS_delta1	2.28868453923836e-06	0.00130856481844972	0.00176522506619594
SP.POP.0014.TO.ZS_delta1	2.28214202964016e-06	0.000375558102895069	0.000353045013239188
EN.GHG.CO2.PC.CE.AR5_min2	2.28089963496369e-06	0.00120649676261064	0.000529567519858782
FS.AST.PRVT.GD.ZS_avg2	2.27171369092052e-06	2.22456019136452e-05	0.000176522506619594
NY.GDP.FCST.KD_isNA_rank	2.26902967301538e-06	0.000622876853582065	0.00088261253309797
NY.GDP.PETR.RT.ZS_delta1	2.25190014510805e-06	0.000753733335427037	0.000706090026478376
BM.GSR.MRCH.CD_ratioavg2	2.23337073812643e-06	0.000214604630225754	0.000353045013239188
FP.CPI.TOTL_tend2	2.23324396574498e-06	0.000581002779391674	0.00105913503971756
NY.GDS.TOTL.ZS	2.23233993048593e-06	0.000395186575171815	0.00105913503971756
EG.ELC.PETR.ZS	2.23013234045509e-06	0.000145250694847919	0.000529567519858782
SM.POP.RHCR.EA_isNA_rank	2.20474270622733e-06	0.00018712476903831	0.000353045013239188
NE.CON.PRVT.KD.ZG_avg2	2.20011018751104e-06	0.000467157640186549	0.000529567519858782
EN.GHG.N2O.IP.MT.CE.AR5_tend2	2.18649999418765e-06	0.000427900695633057	0.00088261253309797
TX.VAL.MMTL.ZS.UN_delta1	2.17683695165946e-06	0.000993200697203335	0.00158870255957635
NE.CON.GOVT.ZS_isNA_rank	2.16608038408672e-06	0.000315364121246382	0.00105913503971756
NV.AGR.TOTL.KD.ZG_rank	2.16585856671299e-06	0.000153102083758617	0.000353045013239188
BX.TRF.CURR.CD_ratioavg2	2.15402218857039e-06	0.000242084491413198	0.000706090026478376
NE.CON.GOVT.ZS_ratioavg2	2.15120454791763e-06	5.49597223748881e-05	0.000353045013239188
EN.GHG.CO2.IC.MT.CE.AR5_tend2	2.13919347805272e-06	8.37481483807819e-05	0.000353045013239188
NV.IND.TOTL.KD.ZG_rank	2.13360183780127e-06	0.000149176389303268	0.000353045013239188
TX.VAL.TRAN.ZS.WT_lag1	2.11418376407146e-06	0.000304895602698784	0.000706090026478376
ER.FSH.AQUA.MT_ratiomax2	2.10869634556089e-06	8.89824076545808e-05	0.000176522506619594
SE.SEC.ENRR.MA_delta1	2.10845823008671e-06	0.000476317593915697	0.00088261253309797
NV.IND.TOTL.KD_isNA_rank	2.07366605243699e-06	0.000807384492983475	0.00141218005295675
EG.USE.ELEC.KH.PC_delta1	2.05739313511137e-06	6.0193981648687e-05	0.000176522506619594
FI.RES.TOTL.CD_isNA_rank	2.05182116011052e-06	0.000997126391658685	0.00141218005295675
EG.ELC.NUCL.ZS_delta1	2.04122037221579e-06	0.00121696528115824	0.000529567519858782
NE.CON.PRVT.KD.ZG_ratioavg2	1.9869970735478e-06	0.000204136111678156	0.000706090026478376
SP.POP.0014.TO.ZS	1.97978955076781e-06	0.000569225696025627	0.000176522506619594
SP.DYN.TFRT.IN_delta1	1.96993390583341e-06	0.000613716899852917	0.00088261253309797
SP.RUR.TOTL.ZS_lag1	1.96097438891766e-06	0.000149176389303268	0.000176522506619594
FD.AST.PRVT.GD.ZS	1.93211834830758e-06	0.000218530324681103	0.000529567519858782
SE.SEC.ENRR.FE_delta1	1.92479794251655e-06	0.000715784955691995	0.00105913503971756
SH.IMM.IDPT	1.92255071465963e-06	0.00174039120853812	0.00105913503971756
NE.GDI.FTOT.ZS_delta1	1.90168338319962e-06	0.000374249538076619	0.000529567519858782
NE.CON.TOTL.KD.ZG_ratioavg2	1.89244613036074e-06	0.000306204167517234	0.00105913503971756
BM.TRF.PWKR.CD.DT_delta1	1.88812556945671e-06	0.00179273380127611	0.00123565754633716
DT.ODA.ALLD.CD_lag1	1.87934472494308e-06	0.000308821297154133	0.000176522506619594
IT.CEL.SETS_rank	1.86748496673337e-06	0.000226381713591801	0.000176522506619594
NE.CON.GOVT.CD_isNA_rank	1.86171104475237e-06	0.000439677778999105	0.00123565754633716
NY.GDP.MINR.RT.ZS_isNA_rank	1.83145188407796e-06	0.000247318750686997	0.000353045013239188
SP.POP.BRTH.MF_delta1	1.83012422322077e-06	0.0022952226915608	0.00247131509267432
BM.KLT.DINV.WD.GD.ZS	1.80870778899423e-06	0.00041743217708546	0.00123565754633716
DC.DAC.GBRL.CD_max2	1.80801001681118e-06	0.000107302315112877	0.000353045013239188
TM.VAL.AGRI.ZS.UN_delta1	1.80379606376346e-06	0.000359855325073672	0.000706090026478376
BX.GSR.GNFS.CD_min2	1.80297876258469e-06	0.000123005092934273	0.000176522506619594
SP.RUR.TOTL.ZG_delta1	1.79123846333095e-06	0.000858418520903014	0.00105913503971756
TM.VAL.MRCH.AL.ZS_delta1	1.78495052138709e-06	0.00514265973650739	0.00264783759929391
SM.POP.NETM_lag1	1.76420604858154e-06	0.000819161576349523	0.000706090026478376
NY.GSR.NFCY.CN_rank	1.75700579332487e-06	0.000540437270019733	0.000706090026478376
AG.LND.CREL.HA_ratiomax2	1.75547307300849e-06	0.00131510764254197	0.00105913503971756
SP.DYN.IMRT.FE.IN_delta1	1.74759782131055e-06	0.000205444676496606	0.000353045013239188
NE.EXP.GNFS.CD_isNA_rank	1.73629494294098e-06	0.000107302315112877	0.000353045013239188
TM.VAL.TRVL.ZS.WT_lag1	1.70956038639019e-06	0.000358546760255223	0.000706090026478376
SE.ENR.PRIM.FM.ZS_lag1	1.69816969293738e-06	0.000219838889499552	0.000706090026478376
is_low_income_rank	1.69239614283117e-06	0.00046454051054965	0.00105913503971756
NE.CON.PRVT.ZS_avg2	1.67966556653524e-06	0.000158336343032416	0.000353045013239188
BM.GSR.TOTL.CD_max2	1.67495184760539e-06	0.00119471967924459	0.000529567519858782
DT.ODA.ALLD.CD_max2	1.66958909706055e-06	0.000197593287585907	0.000353045013239188
FS.AST.CGOV.GD.ZS_max2	1.63473635956108e-06	0.00151924375422012	0.000706090026478376
NV.AGR.TOTL.KD.ZG_isNA_rank	1.62165600850107e-06	0.000577077084936325	0.00141218005295675
TX.VAL.TRVL.ZS.WT	1.61119754946374e-06	6.80453705593853e-05	0.000353045013239188
BM.KLT.DINV.CD.WD_lag1	1.58180387898415e-06	0.00123135949416118	0.00088261253309797
DT.ODA.ALLD.CD_tend2	1.58096430218817e-06	0.000354621065799873	0.000706090026478376
EN.GHG.N2O.BU.MT.CE.AR5_ratioavg2	1.57084291638688e-06	0.000592779862757722	0.000706090026478376
SP.RUR.TOTL.ZG_rank	1.56259009554686e-06	0.000171421991216913	0.000176522506619594
BM.GSR.CMCP.ZS_tend2	1.55195714638838e-06	0.000348078241707625	0.00088261253309797
TM.VAL.OTHR.ZS.WT_delta1	1.5479127734005e-06	0.000290501389695837	0.000706090026478376
TX.VAL.TRAN.ZS.WT_delta1	1.54292985812473e-06	0.000159644907850866	0.000529567519858782
EN.GHG.CO2.BU.MT.CE.AR5_rank	1.5373668923526e-06	2.61712963689943e-05	0.000176522506619594
DC.DAC.CECL.CD_tend2	1.51745265883396e-06	0.000892441206182707	0.00158870255957635
TX.VAL.MRCH.HI.ZS_delta1	1.48939756878346e-06	0.000537820140382834	0.00088261253309797
SE.PRM.ENRR.FE_delta1	1.48649557016017e-06	0.000773361807703783	0.00158870255957635
BX.KLT.DINV.CD.WD_isNA_rank	1.48152510146241e-06	0.000327141204612429	0.000529567519858782
NY.ADJ.DFOR.GN.ZS_rank	1.47397733289341e-06	0.00227166852482871	0.00105913503971756
ER.FSH.CAPT.MT_delta1	1.46041643936368e-06	0.000457997686457401	0.000706090026478376
SP.POP.3539.MA.5Y	1.45999690948742e-06	0.00018319907458296	0.000706090026478376
IT.MLT.MAIN_rank	1.45946938910834e-06	0.000170113426398463	0.000176522506619594
BM.GSR.INSF.ZS	1.44700622263102e-06	0.00050772314955849	0.00088261253309797
SP.POP.7579.FE.5Y	1.42450156299193e-06	0.000539128705201284	0.000353045013239188
NE.CON.TOTL.CD	1.41993112340589e-06	0.000354621065799873	0.000529567519858782
SE.PRM.ENRL_delta1	1.3977516936079e-06	0.000857109956084565	0.00105913503971756
BX.TRF.CURR.CD_isNA_rank	1.39722372015749e-06	0.000136090741118771	0.000529567519858782
TM.VAL.MRCH.R6.ZS	1.3873562345775e-06	0.000871504169087512	0.00176522506619594
NE.CON.PRVT.ZS_tend2	1.38235600810411e-06	9.55252317468293e-05	0.000176522506619594
EN.GHG.CH4.AG.MT.CE.AR5_tend2	1.36513616783766e-06	0.00124706227198258	0.00105913503971756
AG.LND.AGRI.K2_tend2	1.36467457496787e-06	0.000565300001570278	0.00105913503971756
DC.DAC.GBRL.CD_avg2	1.36437893583411e-06	2.22456019136452e-05	0.000176522506619594
AG.YLD.CREL.KG_tend2	1.34823765813713e-06	0.000149176389303268	0.000529567519858782
BM.GSR.INSF.ZS_tend2	1.34251538997068e-06	0.000198901852404357	0.000706090026478376
SP.POP.2024.FE.5Y_delta1	1.33669691257589e-06	0.00018319907458296	0.000529567519858782
SP.RUR.TOTL	1.3329088679486e-06	4.44912038272904e-05	0.000176522506619594
BM.GSR.TRAN.ZS_tend2	1.32398780466021e-06	0.000633345372129663	0.00176522506619594
NV.AGR.TOTL.CN_delta1	1.3185248356025e-06	0.00448183450319028	0.00211827007943513
BX.KLT.DINV.WD.GD.ZS_tend2	1.31175918262571e-06	0.000586237038665473	0.00105913503971756
SP.POP.3034.MA.5Y_delta1	1.30186397094983e-06	0.00064904814995106	0.00088261253309797
AG.PRD.FOOD.XD_rank	1.29353224415424e-06	0.000404346528900963	0.00105913503971756
BM.KLT.DINV.CD.WD_ratioavg2	1.28487174759676e-06	0.000675219446320054	0.00088261253309797
FM.AST.DOMS.CN_max2	1.28381325532196e-06	0.000758967594700836	0.000706090026478376
AG.LND.ARBL.HA_tend2	1.28347226754542e-06	0.000968337965652791	0.00088261253309797
TX.VAL.FOOD.ZS.UN_delta1	1.26851025417851e-06	0.000933006715554648	0.00123565754633716
BM.GSR.FCTY.CD_isNA_rank	1.26778626904605e-06	0.000361163889892122	0.000706090026478376
EN.GHG.CH4.FE.MT.CE.AR5_tend2	1.25866485649856e-06	0.00036901527880282	0.00088261253309797
AG.LND.ARBL.HA.PC_max2	1.25737852892094e-06	0.00055352291820423	0.000176522506619594
SP.POP.4549.MA.5Y_delta1	1.25473587013748e-06	3.40226852796926e-05	0.000176522506619594
TM.VAL.MRCH.OR.ZS	1.25208553676779e-06	0.000338918287978477	0.000353045013239188
IT.MLT.MAIN.P2_tend2	1.24977262479637e-06	0.000179273380127611	0.000529567519858782
NE.IMP.GNFS.KD.ZG_lag1	1.24807774936024e-06	0.00050772314955849	0.000706090026478376
DT.ODA.ALLD.KD_tend2	1.24520868964565e-06	5.62682871933378e-05	0.000353045013239188
TX.VAL.SERV.CD.WT_delta1	1.22207358770402e-06	0.00288015116540783	0.00123565754633716
NY.GDP.MKTP.CD_isNA_rank	1.20683218836236e-06	0.000745881946516339	0.00158870255957635
TM.VAL.FOOD.ZS.UN	1.19259617737467e-06	6.0193981648687e-05	0.000176522506619594
BM.TRF.PWKR.CD.DT_tend2	1.19245920244889e-06	0.00620783149872546	0.0030008826125331
AG.PRD.LVSK.XD_rank	1.18259377018592e-06	7.98224539254328e-05	0.000529567519858782
NY.ADJ.DKAP.GN.ZS_isNA_rank	1.18022542002182e-06	0.00122219954043204	0.00105913503971756
TM.VAL.MRCH.CD.WT_delta1	1.1785169295657e-06	0.000718402085328895	0.000353045013239188
NE.RSB.GNFS.CN	1.17591105258014e-06	0.000939549539646897	0.000529567519858782
NE.CON.PRVT.CD	1.16610543957067e-06	0.000685687964867652	0.000529567519858782
NE.CON.TOTL.KD_tend2	1.16573183026913e-06	0.000295735648969636	0.000176522506619594
TM.VAL.INSF.ZS.WT_isNA_rank	1.15993617595274e-06	0.000675219446320054	0.00123565754633716
EG.ELC.HYRO.ZS_delta1	1.15563401159688e-06	0.000253861574779245	0.000706090026478376
NY.GDP.FCST.CN_delta1	1.15163507050258e-06	0.00112667430868521	0.000353045013239188
NE.EXP.GNFS.KD_delta1	1.15124157936291e-06	0.000476317593915697	0.00088261253309797
PA.NUS.FCRF_lag1	1.14882167519755e-06	0.000735413427968741	0.000706090026478376
EN.GHG.ALL.PC.CE.AR5_delta1	1.14441012030858e-06	0.000531277316290585	0.000529567519858782
NE.CON.GOVT.ZS	1.13387201843724e-06	0.000523425927379887	0.000353045013239188
FI.RES.TOTL.MO_min2	1.13046793568677e-06	0.00055352291820423	0.000529567519858782
urban_wealth_interaction_delta1	1.12570714107192e-06	5.36511575564384e-05	0.000176522506619594
FM.AST.DOMS.CN	1.07989074654315e-06	0.00178095671791007	0.00088261253309797
SE.SEC.ENRL_lag1	1.07775089821949e-06	0.000285267130422038	0.000706090026478376
BX.GRT.EXTA.CD.WD_isNA_rank	1.07212457840764e-06	0.000395186575171815	0.00088261253309797
DC.DAC.TOTL.CD_max2	1.06608897922472e-06	0.00323346366638925	0.00105913503971756
SP.RUR.TOTL_delta1	1.06327780907651e-06	0.000472391899460348	0.000176522506619594
EN.GHG.CO2.FE.MT.CE.AR5_tend2	1.05669635344313e-06	0.000485477547644845	0.00105913503971756
SP.POP.7074.MA.5Y_delta1	1.05542460996653e-06	0.000995817826840235	0.00088261253309797
DT.NFL.UNDP.CD_tend2	1.04375389066692e-06	5.1034027919539e-05	0.000176522506619594
BG.GSR.NFSV.GD.ZS_ratioavg2	1.03356784536811e-06	0.00023292453768405	0.000353045013239188
BM.GSR.NFSV.CD_isNA_rank	1.02110237811583e-06	0.00219708033017708	0.00088261253309797
BX.KLT.DINV.WD.GD.ZS_isNA_rank	1.00950967541744e-06	0.000490711806918644	0.00105913503971756
SP.POP.4044.FE.5Y_delta1	1.00825364425747e-06	0.000143942130029469	0.000529567519858782
MS.MIL.XPND.GD.ZS_ratioavg2	1.00745876299019e-06	0.000943475234102246	0.00194174757281553
TX.VAL.MRCH.R3.ZS_rank	1.00265464209284e-06	0.000197593287585907	0.000176522506619594
MS.MIL.XPND.GD.ZS_max2	9.84988825006197e-07	8.89824076545808e-05	0.000176522506619594
SE.SEC.ENRL.GC_isNA_rank	9.67100502389729e-07	0.000346769676889175	0.00105913503971756
AG.LND.CREL.HA_delta1	9.67075077316732e-07	7.8513889106983e-05	0.000176522506619594
EN.URB.MCTY.TL.ZS_tend2	9.6608466286025e-07	0.000672602316683155	0.00105913503971756
EN.GHG.CH4.AG.MT.CE.AR5_ratioavg2	9.64088268731858e-07	0.000222456019136452	0.000529567519858782
FP.CPI.TOTL.ZG_delta1	9.58422337161825e-07	0.000154410648577067	0.000529567519858782
NY.ADJ.DFOR.CD_isNA_rank	9.58224651573916e-07	0.000251244445142346	0.000706090026478376
DT.ODA.ODAT.GN.ZS_isNA_rank	9.54389790851435e-07	0.000340226852796926	0.00088261253309797
SE.SEC.AGES_rank	9.43342248704078e-07	0.000264330093326843	0.00141218005295675
ER.FSH.CAPT.MT_ratioavg2	9.35492420215253e-07	0.000760276159519286	0.000706090026478376
EG.USE.ELEC.KH.PC_isNA_rank	9.32813062202885e-07	0.000234233102502499	0.00088261253309797
SE.TER.ENRR_isNA_rank	9.24087024895458e-07	0.000153102083758617	0.000529567519858782
FM.LBL.BMNY.GD.ZS_ratioavg2	9.10665220909923e-07	0.000545671529293532	0.000529567519858782
AG.PRD.CREL.MT_ratioavg2	9.07299486359726e-07	0.000850567131992316	0.00123565754633716
TM.VAL.FUEL.ZS.UN_delta1	9.04291513505265e-07	0.00351218797271904	0.00123565754633716
BM.GSR.INSF.ZS_delta1	9.01784765343261e-07	0.000223764583954902	0.000706090026478376
SE.SEC.ENRL.GC_rank	8.90110251571305e-07	8.11310187438825e-05	0.000176522506619594
NE.CON.GOVT.ZS_tend2	8.76965610306853e-07	0.000363781019529021	0.00105913503971756
SP.POP.0509.MA.5Y	8.74654726651018e-07	0.00366005579720386	0.00123565754633716
NV.IND.MANF.ZS	8.58590722089005e-07	0.00621960858209151	0.0028243601059135
EG.USE.PCAP.KG.OE_rank	8.46928182830659e-07	0.000149176389303268	0.000176522506619594
SP.POP.4549.FE.5Y_delta1	8.43041211963815e-07	0.000772053242885333	0.00088261253309797
TM.VAL.TRAN.ZS.WT_delta1	8.39776931601318e-07	0.000157027778213966	0.000706090026478376
TX.VAL.MRCH.R1.ZS_lag1	8.39598164291346e-07	0.000175347685672262	0.000529567519858782
NV.AGR.TOTL.CD_delta1	8.30805209470213e-07	0.000228998843228701	0.000706090026478376
DC.DAC.TOTL.CD_lag1	8.27495152965645e-07	0.000518191668106088	0.000176522506619594
NE.CON.TOTL.CD_isNA_rank	8.2738547198448e-07	0.000668676622227805	0.00088261253309797
TM.VAL.FUEL.ZS.UN_rank	8.21004019006403e-07	0.000105993750294427	0.000353045013239188
EN.URB.LCTY.UR.ZS_delta1	8.20074453291526e-07	0.000380792362168868	0.000529567519858782
AG.PRD.CREL.MT_ratiomax2	8.09453124038297e-07	0.000315364121246382	0.000529567519858782
NE.GDI.TOTL.ZS	8.03425102714129e-07	0.000159644907850866	0.000529567519858782
NY.ADJ.DMIN.GN.ZS_delta1	8.0164216738324e-07	0.000594088427576172	0.00105913503971756
SP.RUR.TOTL.ZS_delta1	7.91984151283296e-07	0.00384063774214992	0.00194174757281553
SM.POP.RHCR.EO_delta1	7.89864575528401e-07	0.000172730556035363	0.000706090026478376
NY.GDS.TOTL.ZS_rank	7.84482160583008e-07	6.54282409224859e-05	0.000353045013239188
PA.NUS.FCRF_isNA_rank	7.7828458021978e-07	0.0011554627346911	0.00088261253309797
NE.CON.TOTL.KD.ZG_max2	7.63832528646145e-07	0.000189741898675209	0.000529567519858782
SP.URB.GROW_lag1	7.52942684681671e-07	0.00037032384362127	0.000529567519858782
NY.GDP.MKTP.KD.ZG_isNA_rank	7.46757820013606e-07	0.00027741574151134	0.00088261253309797
SP.POP.3539.MA.5Y_lag1	7.46493391161547e-07	0.00097095509528969	0.000529567519858782
EN.GHG.CO2.TR.MT.CE.AR5	7.40705786936556e-07	9.42166669283796e-05	0.000353045013239188
AG.PRD.CROP.XD_avg2	7.40464086808241e-07	0.000239467361776298	0.00088261253309797
NE.EXP.GNFS.ZS_delta1	7.37098992727773e-07	0.000850567131992316	0.000706090026478376
SE.PRM.ENRL.FE.ZS	7.35641026532487e-07	0.000380792362168868	0.000706090026478376
DT.ODA.ODAT.CD	7.29384594809165e-07	0.00175347685672262	0.00088261253309797
BM.GSR.TRVL.ZS_max2	7.25671767689881e-07	0.000314055556427932	0.000529567519858782
FS.AST.CGOV.GD.ZS_min2	7.2529597991289e-07	0.00131641620736042	0.00088261253309797
SP.POP.0004.FE.5Y	7.2471547124498e-07	0.00217221759862653	0.000706090026478376
BX.GSR.CMCP.ZS_tend2	7.21352350284465e-07	0.000374249538076619	0.000529567519858782
SM.POP.RHCR.EO_rank	7.19960440370682e-07	0.000105993750294427	0.000176522506619594
TX.VAL.MRCH.OR.ZS_delta1	7.14522902987061e-07	0.000745881946516339	0.00105913503971756
FM.AST.NFRG.CN_ratioavg2	7.10233227330475e-07	0.00074195625206099	0.00105913503971756
TM.VAL.MRCH.R1.ZS_rank	7.08701757918802e-07	0.000286575695240488	0.000353045013239188
TM.VAL.MANF.ZS.UN_delta1	7.06855742889739e-07	0.000652973844406409	0.000529567519858782
BX.TRF.PWKR.CD.DT_delta1	7.05826811353947e-07	0.000149176389303268	0.000529567519858782
BX.GSR.GNFS.CD_isNA_rank	7.02512590808857e-07	0.00119733680888149	0.00176522506619594
NV.SRV.TOTL.KD.ZG_rank	6.78629206810972e-07	0.000286575695240488	0.000529567519858782
AG.PRD.CREL.MT	6.76996417092901e-07	4.71083334641898e-05	0.000176522506619594
EG.ELC.PETR.ZS_ratioavg2	6.71588004665537e-07	4.84168982826395e-05	0.000176522506619594
MS.MIL.MPRT.KD_tend2	6.70366255751961e-07	0.00037032384362127	0.00088261253309797
clase_isNA_rank	6.65956117994789e-07	0.000875429863542861	0.000706090026478376
TX.VAL.FOOD.ZS.UN_isNA_rank	6.62715634714862e-07	0.000582311344210124	0.000353045013239188
BX.KLT.DINV.CD.WD_max2	6.6186205995586e-07	4.71083334641898e-05	0.000176522506619594
SP.POP.1014.MA.5Y_delta1	6.60609821816085e-07	0.000209370370951955	0.000529567519858782
SE.PRM.ENRL.FE.ZS_delta1	6.48852835267545e-07	0.000336301158341577	0.000529567519858782
DC.DAC.USAL.CD_ratioavg2	6.48536702714004e-07	0.000143942130029469	0.000353045013239188
BX.GSR.TRAN.ZS_tend2	6.47057618841948e-07	0.000226381713591801	0.000529567519858782
SP.POP.3034.MA.5Y_lag1	6.45383694890915e-07	0.000191050463493659	0.000353045013239188
BM.GSR.TRVL.ZS_isNA_rank	6.40885903655505e-07	0.000150484954121717	0.000529567519858782
DT.ODA.ODAT.GN.ZS_ratiomax2	6.3943161461819e-07	0.000397803704808714	0.000529567519858782
TM.VAL.TRAN.ZS.WT_isNA_rank	6.32484334385096e-07	0.000222456019136452	0.000529567519858782
NY.ADJ.DNGY.CD	6.26955055902197e-07	0.000422666436359259	0.000176522506619594
NE.IMP.GNFS.CN	6.25034696444758e-07	0.000624185418400515	0.000353045013239188
BX.PEF.TOTL.CD.WD_lag1	6.17084871870196e-07	7.98224539254328e-05	0.000353045013239188
NY.GDP.MINR.RT.ZS_lag1	6.13475088849903e-07	5.62682871933378e-05	0.000353045013239188
EN.GHG.N2O.IC.MT.CE.AR5_ratioavg2	6.10732358539653e-07	7.32796298331842e-05	0.000353045013239188
BM.GSR.TRAN.ZS_isNA_rank	6.02858992867991e-07	0.000594088427576172	0.00123565754633716
SP.DYN.TO65.FE.ZS_rank	5.95677863228179e-07	0.00167496296761564	0.000529567519858782
TM.VAL.FOOD.ZS.UN_delta1	5.92081327514738e-07	0.000163570602306215	0.000529567519858782
BX.KLT.DINV.CD.WD_lag1	5.91953463929846e-07	0.000205444676496606	0.000176522506619594
BM.GSR.INSF.ZS_ratioavg2	5.89562326318201e-07	5.1034027919539e-05	0.000176522506619594
EN.GHG.N2O.TR.MT.CE.AR5_tend2	5.86049190296845e-07	3.40226852796926e-05	0.000176522506619594
SP.URB.TOTL.IN.ZS_delta1	5.81053830444186e-07	0.00269171783155107	0.00123565754633716
EN.GHG.CH4.BU.MT.CE.AR5_ratioavg2	5.80770301035741e-07	0.000211987500588854	0.000529567519858782
TM.VAL.MRCH.R3.ZS_delta1	5.76041269181898e-07	0.000196284722767458	0.000529567519858782
NY.GNP.PCAP.CD_isNA_rank	5.75577115601995e-07	0.000468466205004999	0.00123565754633716
NY.GSR.NFCY.CD_isNA_rank	5.73747953041136e-07	0.000431826390088407	0.000706090026478376
TX.VAL.MRCH.R3.ZS_delta1	5.65943437635087e-07	0.000524734492198337	0.00123565754633716
EG.USE.PCAP.KG.OE_min2	5.63934401083001e-07	0.000743264816879439	0.000529567519858782
NY.GDP.MINR.RT.ZS_delta1	5.59706393314387e-07	0.000518191668106088	0.00123565754633716
NE.RSB.GNFS.CD_delta1	5.56862911764107e-07	0.00276238033174735	0.00158870255957635
NY.GNP.PCAP.CN_isNA_rank	5.54706576843632e-07	0.000344152547252276	0.000706090026478376
FM.AST.PRVT.GD.ZS_delta1	5.53196248422847e-07	9.42166669283796e-05	0.000353045013239188
FS.AST.CGOV.GD.ZS_tend2	5.51860500059221e-07	0.000622876853582065	0.00105913503971756
MS.MIL.XPND.GD.ZS_delta1	5.49847353396284e-07	0.000163570602306215	0.000353045013239188
NY.GNP.ATLS.CD_isNA_rank	5.49223017585541e-07	0.000621568288763616	0.00123565754633716
BX.KLT.DINV.CD.WD_tend2	5.48815491864722e-07	0.000560065742296479	0.000353045013239188
AG.PRD.LVSK.XD	5.48076458721913e-07	0.000334992593523128	0.000706090026478376
DC.DAC.GBRL.CD_delta1	5.46514118708279e-07	0.000590162733120822	0.00088261253309797
DC.DAC.CANL.CD	5.39369597555601e-07	0.000345461112070725	0.00088261253309797
DC.DAC.FRAL.CD_tend2	5.3557510940367e-07	0.000337609723160027	0.00088261253309797
EN.GHG.CH4.AG.MT.CE.AR5_ratiomax2	5.34723804003565e-07	0.000349386806526075	0.000706090026478376
SP.DYN.IMRT.IN_lag1	5.26279744562414e-07	0.000526043057016786	0.000353045013239188
NE.CON.TOTL.KD.ZG_isNA_rank	5.25401033978664e-07	0.000147867824484818	0.000529567519858782
urbanization_momentum_rank	5.21633889993444e-07	0.00143680417065779	0.00176522506619594
NY.ADJ.DMIN.CD_lag1	5.17147894373641e-07	0.000202827546859706	0.000529567519858782
AG.PRD.LVSK.XD_lag1	5.09070256154038e-07	3.53312500981424e-05	0.000176522506619594
EN.GHG.N2O.AG.MT.CE.AR5_tend2	5.06731261625807e-07	0.000605865510942219	0.000706090026478376
TM.VAL.MRCH.HI.ZS	5.04823782682955e-07	9.02909724730305e-05	0.000353045013239188
BX.KLT.DINV.WD.GD.ZS	5.03329534752373e-07	0.000451454862365152	0.000706090026478376
AG.PRD.FOOD.XD_delta1	5.02149600059493e-07	0.000125622222571173	0.000353045013239188
TM.VAL.MRCH.R4.ZS_lag1	5.00537533006371e-07	0.000503797455103141	0.000706090026478376
NV.IND.MANF.CD_isNA_rank	4.99073224193283e-07	0.000289192824877388	0.00088261253309797
NY.GNP.MKTP.CN_isNA_rank	4.85606599227301e-07	0.00383671204769457	0.00158870255957635
BX.KLT.DINV.WD.GD.ZS_rank	4.82188025765106e-07	0.000662133798135557	0.000706090026478376
EG.ELC.FOSL.ZS_tend2	4.73345726121434e-07	0.000249935880323896	0.000353045013239188
TM.VAL.TRVL.ZS.WT_delta1	4.64938536315646e-07	0.00014001643557412	0.000176522506619594
DC.DAC.CECL.CD_ratioavg2	4.64529248143123e-07	0.000391260880716465	0.00123565754633716
SH.IMM.MEAS_lag1	4.57126559966762e-07	0.000544362964475082	0.000353045013239188
BX.GSR.TRAN.ZS_rank	4.56018599330274e-07	0.000147867824484818	0.000353045013239188
TM.VAL.MRCH.R1.ZS_delta1	4.51831628305659e-07	0.000397803704808714	0.000706090026478376
SP.POP.6064.MA.5Y_lag1	4.48167165045035e-07	0.000298352778606536	0.000353045013239188
FM.AST.DOMS.CN_isNA_rank	4.47124627160698e-07	0.000609791205397568	0.00123565754633716
DT.ODA.ODAT.CD_min2	4.44306075063007e-07	2.87884260058938e-05	0.000176522506619594
SE.SEC.ENRL.GC	4.41954488112915e-07	0.000403037964082513	0.000706090026478376
NV.IND.TOTL.CD_isNA_rank	4.3752080214895e-07	0.00126799930907778	0.00176522506619594
NE.GDI.FTOT.CD_delta1	4.33765325069112e-07	2.22456019136452e-05	0.000176522506619594
AG.PRD.LVSK.XD_avg2	4.33290717130481e-07	4.44912038272904e-05	0.000176522506619594
NY.GNP.MKTP.CD_isNA_rank	4.33180078189644e-07	0.000166187731943114	0.000529567519858782
IS.AIR.DPRT	4.3177613255937e-07	7.8513889106983e-05	0.000353045013239188
EN.GHG.N2O.MT.CE.AR5_delta1	4.31775759958499e-07	0.000200210417222807	0.000529567519858782
SE.SEC.ENRR.FE_isNA_rank	4.28664699661861e-07	6.80453705593853e-05	0.000353045013239188
TM.VAL.MRCH.R6.ZS_isNA_rank	4.26419718000251e-07	0.000842715743081618	0.00123565754633716
DT.ODA.ODAT.KD_max2	4.26404985035973e-07	0.000109919444749776	0.000176522506619594
NV.IND.TOTL.KD.ZG_isNA_rank	4.25417340549972e-07	0.000239467361776298	0.000706090026478376
NY.ADJ.DNGY.GN.ZS_isNA_rank	4.23276789172389e-07	0.000200210417222807	0.000529567519858782
FM.LBL.BMNY.GD.ZS_tend2	4.21104949026288e-07	0.000918612502551701	0.00123565754633716
DC.DAC.DEUL.CD_avg2	4.18471314550911e-07	9.15995372914802e-05	0.000176522506619594
NE.GDI.TOTL.ZS_isNA_rank	4.16376287809812e-07	0.000438369214180655	0.00088261253309797
TG.VAL.TOTL.GD.ZS	4.14838166480883e-07	0.000283958565603589	0.000176522506619594
FM.LBL.BMNY.GD.ZS_isNA_rank	4.11516584000482e-07	0.000235541667320949	0.000706090026478376
SE.SEC.ENRR.MA_lag1	4.07094922737907e-07	0.00073933912242409	0.000706090026478376
TX.VAL.AGRI.ZS.UN_lag1	4.03807630233951e-07	0.000488094677281744	0.000353045013239188
NE.CON.PRVT.PC.KD_ratioavg2	3.99843969324162e-07	0.000107302315112877	0.000353045013239188
AG.CON.FERT.ZS_delta1	3.96482778237815e-07	0.000745881946516339	0.000706090026478376
BM.GSR.FCTY.CD_tend2	3.94019026383396e-07	0.000389952315898016	0.000529567519858782
DT.ODA.ALLD.CD	3.88175398996532e-07	0.000435752084543756	0.000176522506619594
NV.SRV.TOTL.CD_lag1	3.86424688328211e-07	6.0193981648687e-05	0.000176522506619594
EN.GHG.CO2.BU.MT.CE.AR5_delta1	3.84588783249999e-07	2.61712963689943e-05	0.000176522506619594
SP.POP.65UP.TO.ZS_lag1	3.84288662457384e-07	0.000260404398871494	0.000176522506619594
EG.ELC.FOSL.ZS_ratioavg2	3.81944683011191e-07	0.000705316437144398	0.00141218005295675
SP.POP.65UP.TO_delta1	3.7986076551381e-07	5.23425927379887e-05	0.000176522506619594
SG.LAW.INDX	3.79726318652393e-07	9.81423613837288e-05	0.000176522506619594
AG.YLD.CREL.KG_ratioavg2	3.7918718304327e-07	0.000100759491020628	0.000529567519858782
AG.PRD.CREL.MT_delta1	3.78368750780006e-07	7.58967594700836e-05	0.000353045013239188
TM.VAL.MRCH.HI.ZS_delta1	3.73181471302493e-07	0.000132165046663421	0.000529567519858782
DT.ODA.ODAT.GN.ZS_min2	3.71468372637811e-07	0.000244701621050097	0.000176522506619594
BM.GSR.INSF.ZS_max2	3.70218082540702e-07	0.000438369214180655	0.00123565754633716
SP.POP.7074.FE.5Y_lag1	3.68900742281586e-07	0.000643813890677261	0.000353045013239188
BM.GSR.TOTL.CD_delta1	3.67497644353711e-07	0.000115153704023575	0.000353045013239188
NY.GDP.MKTP.KD.ZG	3.62702594280898e-07	0.000795607409617428	0.000706090026478376
EN.GHG.N2O.PI.MT.CE.AR5_lag1	3.60598539854797e-07	0.000579694214573225	0.000353045013239188
NE.EXP.GNFS.KD.ZG_delta1	3.58824153978392e-07	0.000157027778213966	0.000529567519858782
TX.VAL.FOOD.ZS.UN_lag1	3.53619159985852e-07	0.00147606111521128	0.000529567519858782
DC.DAC.JPNL.CD_ratioavg2	3.51261165699807e-07	0.00036901527880282	0.00123565754633716
TM.VAL.AGRI.ZS.UN_isNA_rank	3.4877268039062e-07	0.000242084491413198	0.000529567519858782
NE.CON.GOVT.CD_tend2	3.48643995950426e-07	3.92569445534915e-05	0.000176522506619594
BX.GRT.TECH.CD.WD_tend2	3.45806382146639e-07	0.00122481667006894	0.00123565754633716
DC.DAC.CANL.CD_ratiomax2	3.4579283028639e-07	0.000238158796957849	0.000176522506619594
NE.IMP.GNFS.ZS	3.45025675694973e-07	0.000130856481844972	0.000706090026478376
MS.MIL.MPRT.KD	3.4393367264707e-07	9.15995372914802e-05	0.000529567519858782
SP.POP.1564.TO.ZS	3.43724725020752e-07	0.00149830671712493	0.000706090026478376
FM.AST.PRVT.GD.ZS_tend2	3.4220244220397e-07	0.000174039120853812	0.000353045013239188
SE.ENR.PRIM.FM.ZS	3.38874293182206e-07	0.000658208103680208	0.00141218005295675
SP.POP.6569.MA.5Y_delta1	3.35803546723666e-07	0.000698773613052149	0.00088261253309797
BX.GSR.FCTY.CD_ratioavg2	3.34856089747421e-07	6.67368057409356e-05	0.000353045013239188
SP.POP.7579.MA.5Y_lag1	3.27121744550882e-07	0.00102460625284613	0.000353045013239188
NV.IND.TOTL.CD_rank	3.26818087591828e-07	7.98224539254328e-05	0.000176522506619594
EN.GHG.CO2.RT.GDP.KD_rank	3.25635520997988e-07	2.87884260058938e-05	0.000176522506619594
TX.VAL.MRCH.HI.ZS_lag1	3.24489487512213e-07	0.000211987500588854	0.000706090026478376
FS.AST.CGOV.GD.ZS_avg2	3.14704755080334e-07	0.000566608566388728	0.000529567519858782
NV.AGR.TOTL.ZS_isNA_rank	3.12372758577316e-07	0.000426592130814608	0.00088261253309797
EN.GHG.N2O.MT.CE.AR5_ratiomax2	3.12371617965297e-07	0.00226120000628111	0.00088261253309797
BM.GSR.TRVL.ZS_avg2	3.09944581180633e-07	0.000291809954514287	0.000529567519858782
TM.VAL.MMTL.ZS.UN_delta1	3.09627288871463e-07	0.000123005092934273	0.000529567519858782
SP.POP.6064.FE.5Y	3.0691781226805e-07	3.53312500981424e-05	0.000176522506619594
SH.STA.MMRT_rank	3.05541971510602e-07	0.000489403242100194	0.000176522506619594
BX.KLT.DINV.CD.WD_ratiomax2	3.03729260057391e-07	0.000263021528508393	0.000176522506619594
EN.GHG.N2O.PI.MT.CE.AR5_rank	3.0283071109823e-07	3.40226852796926e-05	0.000176522506619594
NE.IMP.GNFS.KD_isNA_rank	3.02443467154941e-07	0.000177964815309162	0.000353045013239188
BX.GSR.FCTY.CD_tend2	3.01507299958516e-07	0.000242084491413198	0.000706090026478376
BM.KLT.DINV.WD.GD.ZS_isNA_rank	3.01129539763297e-07	0.000944783798920696	0.00141218005295675
TM.VAL.MRCH.HI.ZS_rank	3.00767784134655e-07	3.27141204612429e-05	0.000176522506619594
AG.CON.FERT.ZS_tend2	2.98067035175364e-07	0.00141586713356259	0.00088261253309797
NY.GDP.PETR.RT.ZS	2.96911005272208e-07	6.67368057409356e-05	0.000176522506619594
BM.GSR.MRCH.CD_tend2	2.90952592732688e-07	6.0193981648687e-05	0.000353045013239188
NV.SRV.TOTL.CD_isNA_rank	2.90317357585813e-07	0.00173123125480898	0.00176522506619594
SE.PRM.ENRL	2.84409195515626e-07	0.000244701621050097	0.000529567519858782
BM.GSR.CMCP.ZS	2.83482897177454e-07	0.00032321551015708	0.000353045013239188
BX.GSR.CMCP.ZS	2.81325866162757e-07	0.000747190511334788	0.00176522506619594
BX.PEF.TOTL.CD.WD_ratiomax2	2.80749523895116e-07	0.000218530324681103	0.000529567519858782
EN.GHG.CH4.MT.CE.AR5_ratioavg2	2.78664812035346e-07	0.000103376620657528	0.000353045013239188
NE.IMP.GNFS.ZS_delta1	2.75010725602718e-07	0.00123921088307188	0.000706090026478376
NE.CON.PRVT.KD.ZG_tend2	2.73595497101412e-07	0.000164879167124664	0.000706090026478376
NY.GDP.COAL.RT.ZS_delta1	2.71208925096716e-07	0.000171421991216913	0.000353045013239188
PA.NUS.FCRF	2.70937590997561e-07	0.000248627315505446	0.000529567519858782
MS.MIL.MPRT.KD_isNA_rank	2.70213669919165e-07	0.000898984030274956	0.00088261253309797
BM.GSR.FCTY.CD_delta1	2.69455222429237e-07	0.000145250694847919	0.000529567519858782
EN.GHG.CH4.BU.MT.CE.AR5_delta1	2.68554463861909e-07	0.000493328936555543	0.000529567519858782
SM.POP.NETM_delta1	2.68367170057663e-07	0.00375688959376914	0.00264783759929391
IS.AIR.DPRT_ratioavg2	2.67725367138361e-07	0.00142895278174709	0.00105913503971756
BM.GSR.CMCP.ZS_delta1	2.66989224147079e-07	0.000181890509764511	0.000529567519858782
NY.GDP.FCST.CN	2.66935100136183e-07	0.000575768520117876	0.000529567519858782
TX.VAL.MRCH.AL.ZS_delta1	2.65040845655358e-07	0.000213296065407304	0.000706090026478376
NY.GNP.MKTP.CN_delta1	2.65026781699131e-07	0.00213165208925459	0.00088261253309797
IS.AIR.GOOD.MT.K1	2.64843695876001e-07	0.00149699815230648	0.000706090026478376
IT.CEL.SETS_ratioavg2	2.61362119856764e-07	0.00152055231903857	0.00123565754633716
BM.KLT.DINV.CD.WD_tend2	2.607117147852e-07	0.00166318588424959	0.00123565754633716
BX.GRT.EXTA.CD.WD_min2	2.5929132180605e-07	0.000541745834838183	0.000353045013239188
ER.FSH.CAPT.MT	2.59255148636801e-07	5.36511575564384e-05	0.000176522506619594
EN.GHG.N2O.BU.MT.CE.AR5_delta1	2.5807682770946e-07	0.00202565833896016	0.00088261253309797
BX.PEF.TOTL.CD.WD_delta1	2.57858522701046e-07	0.000116462268842025	0.000353045013239188
FS.AST.PRVT.GD.ZS_isNA_rank	2.56790668404349e-07	0.00265900371108983	0.00229479258605472
FD.AST.PRVT.GD.ZS_ratioavg2	2.55113080090218e-07	0.000291809954514287	0.000706090026478376
EN.GHG.CO2.PI.MT.CE.AR5_min2	2.54745738523269e-07	5.62682871933378e-05	0.000176522506619594
EN.GHG.CH4.MT.CE.AR5_ratiomax2	2.54641249338553e-07	4.57997686457401e-05	0.000176522506619594
DT.ODA.ODAT.KD_tend2	2.54433357036906e-07	0.000249935880323896	0.000706090026478376
SE.PRM.ENRR.MA_isNA_rank	2.51254574663693e-07	0.000198901852404357	0.000529567519858782
DT.ODA.ODAT.KD	2.47765792952698e-07	7.19710650147344e-05	0.000353045013239188
FD.AST.PRVT.GD.ZS_delta1	2.44709662949827e-07	0.000107302315112877	0.000529567519858782
NE.EXP.GNFS.CN_delta1	2.44655637240303e-07	0.00170113426398463	0.00088261253309797
SP.DYN.CBRT.IN_lag1	2.42902165075339e-07	0.000565300001570278	0.000353045013239188
NE.RSB.GNFS.ZS_delta1	2.42193339281919e-07	0.000546980094111982	0.00123565754633716
SP.POP.80UP.FE.5Y_delta1	2.41077485625489e-07	0.00187386482002	0.00105913503971756
DC.DAC.JPNL.CD_delta1	2.40898530669185e-07	0.000465849075368099	0.00088261253309797
BX.GSR.TRVL.ZS	2.38463740882107e-07	0.000773361807703783	0.000706090026478376
BX.GSR.MRCH.CD_isNA_rank	2.34213704397488e-07	3.53312500981424e-05	0.000176522506619594
SP.URB.GROW_rank	2.33889868622e-07	0.00146428403184523	0.000529567519858782
SE.PRM.TCHR_isNA_rank	2.32928839880403e-07	0.000239467361776298	0.000353045013239188
ER.FSH.AQUA.MT	2.32898377421609e-07	2.22456019136452e-05	0.000176522506619594
FS.AST.PRVT.GD.ZS_tend2	2.32060643282145e-07	0.000758967594700836	0.00123565754633716
EN.GHG.N2O.MT.CE.AR5_ratioavg2	2.29635172713907e-07	0.000765510418793085	0.00088261253309797
FD.AST.PRVT.GD.ZS_isNA_rank	2.25678086828171e-07	0.000481551853189496	0.00088261253309797
BM.GSR.TOTL.CD_tend2	2.25245292393016e-07	0.000227690278410251	0.000353045013239188
NY.GDP.PETR.RT.ZS_isNA_rank	2.24779186837905e-07	0.00116723981805715	0.00123565754633716
EN.URB.LCTY_ratioavg2	2.24400509031137e-07	0.0013975472261043	0.00088261253309797
SH.DTH.MORT	2.21982975127084e-07	0.000515574538469189	0.000176522506619594
NV.IND.TOTL.CN_isNA_rank	2.21548742388814e-07	7.06625001962847e-05	0.000353045013239188
NY.ADJ.DMIN.CD_delta1	2.21054611616709e-07	0.000405655093719412	0.000706090026478376
TM.VAL.OTHR.ZS.WT_rank	2.19736691877128e-07	0.000519500232924538	0.00088261253309797
SP.POP.7579.MA.5Y_delta1	2.17276879639387e-07	0.000490711806918644	0.000353045013239188
EN.GHG.CO2.IP.MT.CE.AR5_tend2	2.15639465668248e-07	0.000467157640186549	0.00123565754633716
NE.CON.PRVT.ZS_ratioavg2	2.14409971267584e-07	0.000290501389695837	0.00088261253309797
NY.GDP.FCST.CD_isNA_rank	2.13626009426107e-07	0.000209370370951955	0.00088261253309797
DT.NFL.UNDP.CD_delta1	2.12677722160001e-07	0.00106517176221807	0.00088261253309797
TM.VAL.MRCH.RS.ZS_delta1	2.12334460136833e-07	0.000126930787389623	0.000529567519858782
DC.DAC.JPNL.CD_rank	2.05483458304077e-07	0.000611099770216018	0.000706090026478376
BX.GSR.CMCP.ZS_delta1	2.04036528098541e-07	0.000228998843228701	0.000529567519858782
NE.RSB.GNFS.CN_rank	2.03310221046384e-07	8.63652780176813e-05	0.000353045013239188
EN.POP.DNST_delta1	2.0317211107922e-07	2.22456019136452e-05	0.000176522506619594
TM.VAL.MRCH.CD.WT	2.02811821054586e-07	0.000914686808096352	0.000353045013239188
EN.GHG.N2O.WA.MT.CE.AR5_tend2	2.01214978961815e-07	6.15025464671367e-05	0.000176522506619594
SP.POP.4044.MA.5Y	1.99038930940576e-07	0.000157027778213966	0.000176522506619594
BX.PEF.TOTL.CD.WD_ratioavg2	1.98958690138839e-07	0.00108349166967637	0.00105913503971756
NV.IND.TOTL.KD_delta1	1.98308398056187e-07	6.67368057409356e-05	0.000353045013239188
rural_poverty_interaction_delta1	1.9402041713145e-07	0.000133473611481871	0.000353045013239188
SP.DYN.LE00.FE.IN_lag1	1.9164185104485e-07	0.000492020371737094	0.000176522506619594
FS.AST.CGOV.GD.ZS_lag1	1.9088477141097e-07	0.000363781019529021	0.000353045013239188
FM.AST.PRVT.GD.ZS_min2	1.90775308925506e-07	7.72053242885333e-05	0.000176522506619594
DT.ODA.ODAT.CD_isNA_rank	1.89595564464497e-07	0.000562682871933378	0.000529567519858782
IS.AIR.GOOD.MT.K1_tend2	1.88068840711086e-07	0.000662133798135557	0.000529567519858782
NE.GDI.TOTL.ZS_delta1	1.87568555941514e-07	0.000146559259666368	0.000353045013239188
SP.POP.7074.MA.5Y	1.87301727178373e-07	0.000874121298724411	0.000529567519858782
BX.GSR.TRVL.ZS_delta1	1.86877231196826e-07	0.000389952315898016	0.000706090026478376
NE.CON.PRVT.ZS_isNA_rank	1.8637219029402e-07	0.000395186575171815	0.000706090026478376
DC.DAC.GBRL.CD_rank	1.86217036528813e-07	0.000239467361776298	0.000706090026478376
EN.GHG.N2O.AG.MT.CE.AR5_ratioavg2	1.84986328344066e-07	0.00135043889264011	0.00105913503971756
DC.DAC.JPNL.CD_ratiomax2	1.84313768613331e-07	0.000154410648577067	0.000706090026478376
NY.GDP.DEFL.ZS_isNA_rank	1.83160008883692e-07	0.00032190694533863	0.00105913503971756
SE.PRM.TCHR_lag1	1.81117403684946e-07	4.57997686457401e-05	0.000176522506619594
TM.VAL.MANF.ZS.UN_isNA_rank	1.80614934857107e-07	0.000141325000392569	0.000529567519858782
NY.ADJ.AEDU.GN.ZS_lag1	1.80467187614466e-07	0.000283958565603589	0.000529567519858782
DT.ODA.ALLD.KD	1.79437047428035e-07	0.000418740741903909	0.000353045013239188
EN.URB.MCTY.TL.ZS_isNA_rank	1.77595521619644e-07	0.00214866343189444	0.00194174757281553
EN.GHG.CH4.IC.MT.CE.AR5	1.76564827618866e-07	5.49597223748881e-05	0.000353045013239188
BX.GSR.TOTL.CD_ratioavg2	1.75939984529869e-07	2.48627315505446e-05	0.000176522506619594
SP.POP.3034.MA.5Y	1.74464913501896e-07	0.000145250694847919	0.000176522506619594
BX.KLT.DINV.CD.WD_ratioavg2	1.73899465612652e-07	0.000791681715162079	0.00158870255957635
EN.GHG.CH4.IC.MT.CE.AR5_delta1	1.72960347714844e-07	0.000151793518940167	0.000353045013239188
AG.YLD.CREL.KG_delta1	1.72688316281826e-07	0.000215913195044203	0.000353045013239188
ER.FSH.AQUA.MT_ratioavg2	1.71978134966793e-07	0.000363781019529021	0.000706090026478376
EN.GHG.N2O.PI.MT.CE.AR5_tend2	1.71293955986043e-07	0.000149176389303268	0.000353045013239188
SP.POP.3539.MA.5Y_delta1	1.7072197653104e-07	0.000197593287585907	0.000353045013239188
NY.GDP.DEFL.KD.ZG	1.70163250811317e-07	0.000987966437929536	0.00123565754633716
SP.POP.1564.MA.IN_delta1	1.68559628887978e-07	0.000523425927379887	0.000353045013239188
NY.GDS.TOTL.CD_delta1	1.66746158774058e-07	0.00107825741040257	0.000706090026478376
NE.EXP.GNFS.KD.ZG	1.66716000328532e-07	0.000327141204612429	0.00105913503971756
SM.POP.RHCR.EA_rank	1.66447644415386e-07	0.000365089584347471	0.000176522506619594
DC.DAC.GBRL.CD_ratioavg2	1.66120747787498e-07	0.000728870603876492	0.00123565754633716
NY.GDP.MINR.RT.ZS	1.65145887478216e-07	0.000336301158341577	0.000529567519858782
BM.GSR.CMCP.ZS_isNA_rank	1.64365295737679e-07	2.09370370951955e-05	0.000176522506619594
NV.SRV.TOTL.ZS_delta1	1.62339607433086e-07	0.000666059492590906	0.00141218005295675
SP.RUR.TOTL.ZG_lag1	1.61461776676164e-07	2.22456019136452e-05	0.000176522506619594
NY.GDP.TOTL.RT.ZS_isNA_rank	1.60250477596623e-07	0.000143942130029469	0.000353045013239188
NE.CON.PRVT.KD_ratioavg2	1.60001901530091e-07	0.000162262037487765	0.000529567519858782
NE.CON.TOTL.KD.ZG_lag1	1.59802303245906e-07	0.000142633565211019	0.000353045013239188
NY.ADJ.DRES.GN.ZS_isNA_rank	1.59607967890359e-07	0.0020636067186952	0.00141218005295675
NY.ADJ.AEDU.GN.ZS_delta1	1.59508802954485e-07	0.000149176389303268	0.000353045013239188
BX.GSR.TRVL.ZS_min2	1.56294505298717e-07	0.000706625001962847	0.000529567519858782
NE.DAB.TOTL.CD_delta1	1.56068187671502e-07	0.000704007872325948	0.000706090026478376
EG.ELC.COAL.ZS_tend2	1.54447564292738e-07	0.000655590974043308	0.000706090026478376
AG.YLD.CREL.KG_lag1	1.53941272104474e-07	0.000123005092934273	0.000529567519858782
SP.POP.65UP.FE.ZS_delta1	1.53742193867683e-07	0.000613716899852917	0.000529567519858782
NE.RSB.GNFS.ZS_isNA_rank	1.53119290924171e-07	0.000837481483807819	0.00088261253309797
TX.VAL.MRCH.R6.ZS_delta1	1.53069043359141e-07	0.000130856481844972	0.000529567519858782
BX.GSR.CMCP.ZS_lag1	1.51405769276038e-07	0.000328449769430879	0.00088261253309797
is_vulnerable_region_rank	1.51351905729354e-07	0.000256478704416145	0.00088261253309797
EN.GHG.CO2.FE.MT.CE.AR5_ratioavg2	1.50992352972755e-07	8.37481483807819e-05	0.000353045013239188
TM.VAL.MRCH.R2.ZS	1.50786889377088e-07	0.000486786112463295	0.00105913503971756
NY.GSR.NFCY.CD_rank	1.49219342283994e-07	0.000209370370951955	0.000529567519858782
NY.GNP.ATLS.CD_delta1	1.48590103638109e-07	2.35541667320949e-05	0.000176522506619594
IS.AIR.PSGR_ratioavg2	1.46909670523414e-07	0.000268255787782192	0.00088261253309797
SE.PRM.AGES_rank	1.46386049277847e-07	0.000626802548037415	0.00088261253309797
TX.VAL.MANF.ZS.UN_delta1	1.46384366694486e-07	0.000469774769823448	0.00105913503971756
NE.EXP.GNFS.KD.ZG_lag1	1.456499685365e-07	0.000340226852796926	0.00088261253309797
FP.CPI.TOTL.ZG_isNA_rank	1.44023465430992e-07	0.000498563195829342	0.00105913503971756
FI.RES.XGLD.CD_rank	1.42778296223933e-07	7.45881946516339e-05	0.000176522506619594
BM.GSR.TRAN.ZS_ratioavg2	1.42390814375697e-07	0.000109919444749776	0.000353045013239188
DC.DAC.TOTL.CD	1.40858605393798e-07	0.00122612523488739	0.000706090026478376
EN.GHG.CO2.PC.CE.AR5_tend2	1.40844838287481e-07	0.00046454051054965	0.000353045013239188
BX.GSR.CMCP.ZS_max2	1.40358443198225e-07	0.000482860418007946	0.000706090026478376
NE.CON.PRVT.CD_isNA_rank	1.3637697841295e-07	0.000312746991609482	0.000706090026478376
BX.GRT.TECH.CD.WD	1.33928242656969e-07	0.000201518982041256	0.000529567519858782
DC.DAC.GBRL.CD_ratiomax2	1.33190189468617e-07	4.44912038272904e-05	0.000176522506619594
NY.ADJ.DMIN.GN.ZS_rank	1.32700419791361e-07	0.000149176389303268	0.000706090026478376
FI.RES.TOTL.MO_tend2	1.31321100900415e-07	0.00041743217708546	0.00088261253309797
BM.GSR.TOTL.CD_isNA_rank	1.30652688568012e-07	0.000650356714769509	0.000529567519858782
SP.DYN.AMRT.FE_isNA_rank	1.30562173120172e-07	0.000273490047055991	0.000529567519858782
TM.VAL.TRVL.ZS.WT	1.29582368871941e-07	0.000571842825662526	0.000706090026478376
NY.GDP.MKTP.CN_isNA_rank	1.28760608949969e-07	0.000180581944946061	0.000529567519858782
NY.GDP.PCAP.CD_delta1	1.28701497663579e-07	9.55252317468293e-05	0.000176522506619594
AG.LND.CREL.HA_ratioavg2	1.28550762689687e-07	0.00083224722453402	0.000706090026478376
SP.POP.1564.FE.ZS	1.25539557372144e-07	0.000115153704023575	0.000176522506619594
SP.POP.80UP.MA.5Y_rank	1.25069383242202e-07	8.37481483807819e-05	0.000176522506619594
SH.MMR.RISK.ZS_rank	1.24606390250258e-07	4.44912038272904e-05	0.000176522506619594
AG.LND.TOTL.K2_rank	1.24171976736814e-07	6.54282409224859e-05	0.000176522506619594
FS.AST.CGOV.GD.ZS	1.23000319733545e-07	0.000285267130422038	0.000706090026478376
SP.POP.1564.TO.ZS_lag1	1.22684968880337e-07	0.000868887039450612	0.000353045013239188
DT.ODA.ODAT.PC.ZS_delta1	1.20346804699522e-07	0.000219838889499552	0.000529567519858782
BM.GSR.INSF.ZS_isNA_rank	1.20336336991918e-07	0.00126145648498553	0.00123565754633716
NY.GDP.DEFL.KD.ZG_isNA_rank	1.19357040638757e-07	0.000427900695633057	0.000706090026478376
EN.GHG.ALL.PC.CE.AR5_avg2	1.18907277740355e-07	0.000446220603091354	0.000176522506619594
EG.USE.PCAP.KG.OE_isNA_rank	1.18571214015369e-07	0.000488094677281744	0.00105913503971756
BX.GSR.TRAN.ZS_isNA_rank	1.1751729515062e-07	0.000134782176300321	0.000353045013239188
TM.VAL.INSF.ZS.WT_delta1	1.16573597219533e-07	0.000497254631010893	0.00105913503971756
IT.MLT.MAIN.P2_rank	1.16274871572792e-07	0.000246010185868547	0.000353045013239188
TM.VAL.MRCH.WL.CD_delta1	1.13838418894945e-07	6.41196761040361e-05	0.000176522506619594
EN.GHG.CO2.BU.MT.CE.AR5_min2	1.1358531494863e-07	0.000430517825269957	0.000353045013239188
SP.POP.3539.FE.5Y_lag1	1.12732931662374e-07	3.40226852796926e-05	0.000176522506619594
AG.PRD.CROP.XD_tend2	1.1106997430772e-07	0.000176656250490712	0.000706090026478376
EN.GHG.CO2.PI.MT.CE.AR5_delta1	1.11035889120081e-07	0.000189741898675209	0.000353045013239188
year_cycle	1.10921593661307e-07	0.00018319907458296	0.000529567519858782
EN.GHG.CO2.IC.MT.CE.AR5_rank	1.104354389917e-07	0.000120387963297374	0.000176522506619594
NY.ADJ.NNTY.CD_delta1	1.09985608435426e-07	0.000193667593130558	0.000529567519858782
NY.GSR.NFCY.CD_delta1	1.09966461718091e-07	0.00244570764568252	0.00158870255957635
BX.TRF.PWKR.CD.DT_ratioavg2	1.09401022222992e-07	5.49597223748881e-05	0.000353045013239188
EN.GHG.N2O.AG.MT.CE.AR5_delta1	1.09332862296122e-07	0.000141325000392569	0.000176522506619594
BX.GRT.TECH.CD.WD_ratioavg2	1.09122438336253e-07	0.000429209260451507	0.000706090026478376
EN.GHG.N2O.PI.MT.CE.AR5_ratiomax2	1.09043055747306e-07	0.000102068055839078	0.000529567519858782
BM.GSR.GNFS.CD_max2	1.0850398034935e-07	0.00107825741040257	0.000353045013239188
TX.VAL.MANF.ZS.UN_isNA_rank	1.084842890696e-07	0.000629419677674314	0.00088261253309797
DT.NFL.UNDP.CD	1.0780526813716e-07	0.000155719213395516	0.000353045013239188
SE.SEC.ENRR_rank	1.07521200217301e-07	0.000303587037880334	0.00088261253309797
TX.VAL.MRCH.HI.ZS	1.06654663764891e-07	0.000119079398478924	0.000529567519858782
NY.ADJ.DKAP.GN.ZS	1.06615979205562e-07	0.000346769676889175	0.00088261253309797
DC.DAC.DEUL.CD_rank	1.06446452839914e-07	0.000569225696025627	0.000176522506619594
TX.VAL.OTHR.ZS.WT_isNA_rank	1.02940456552524e-07	0.000266947222963742	0.000529567519858782
TX.VAL.TRAN.ZS.WT	1.02665381940854e-07	0.000130856481844972	0.000353045013239188
EN.GHG.N2O.IP.MT.CE.AR5_delta1	1.02409673330278e-07	0.000562682871933378	0.000706090026478376
BX.TRF.PWKR.CD.DT_min2	1.01870871361858e-07	5.75768520117876e-05	0.000353045013239188
SP.POP.4549.MA.5Y_lag1	1.01730648478578e-07	2.61712963689943e-05	0.000176522506619594
TX.VAL.MRCH.CD.WT_delta1	1.01662937691598e-07	0.00166318588424959	0.00123565754633716
IS.AIR.GOOD.MT.K1_lag1	1.01500960867746e-07	0.00107825741040257	0.000353045013239188
TX.VAL.MRCH.R5.ZS_delta1	1.01444004680708e-07	0.00131510764254197	0.00105913503971756
SP.POP.1519.FE.5Y_delta1	1.00856367763227e-07	0.000455380556820502	0.000529567519858782
BX.KLT.DINV.CD.WD_avg2	1.00756978650329e-07	3.14055556427932e-05	0.000176522506619594
BM.GSR.NFSV.CD_ratioavg2	1.00504444230821e-07	0.000191050463493659	0.000353045013239188
IS.AIR.DPRT_tend2	1.0048650422497e-07	0.00178488241236541	0.00088261253309797
DC.DAC.CANL.CD_tend2	1.00416889614006e-07	0.000247318750686997	0.000706090026478376
EN.GHG.CH4.IC.MT.CE.AR5_ratioavg2	9.96866820115937e-08	0.000172730556035363	0.000529567519858782
MS.MIL.XPND.CD_tend2	9.88788653844396e-08	0.000484168982826395	0.00141218005295675
TM.VAL.TRVL.ZS.WT_isNA_rank	9.84475675686851e-08	0.000541745834838183	0.00105913503971756
EN.GHG.CO2.IC.MT.CE.AR5_ratioavg2	9.82347337011174e-08	0.000499871760647792	0.000706090026478376
DC.DAC.JPNL.CD_tend2	9.75235576621819e-08	0.000361163889892122	0.00088261253309797
NV.IND.MANF.ZS_isNA_rank	9.68433595604686e-08	0.00121696528115824	0.00158870255957635
TM.VAL.INSF.ZS.WT_rank	9.68346581613318e-08	0.000124313657752723	0.000529567519858782
AG.LND.ARBL.ZS_avg2	9.51061302787673e-08	6.67368057409356e-05	0.000176522506619594
BM.KLT.DINV.CD.WD_ratiomax2	9.49145213612475e-08	0.000117770833660475	0.000529567519858782
NE.CON.PRVT.CD_min2	9.44181985661768e-08	0.000512957408832289	0.000353045013239188
BX.GSR.TRAN.ZS_max2	9.37805831301834e-08	9.68337965652791e-05	0.000353045013239188
FI.RES.XGLD.CD	9.34510046260655e-08	0.000662133798135557	0.000706090026478376
SE.SEC.ENRL_rank	9.22119908420614e-08	0.000151793518940167	0.000529567519858782
NY.ADJ.AEDU.GN.ZS	9.20760708613082e-08	4.57997686457401e-05	0.000176522506619594
EN.GHG.CO2.MT.CE.AR5_tend2	9.19868056275211e-08	0.000160953472669315	0.000529567519858782
SE.TER.ENRR_rank	9.18549697879567e-08	0.000191050463493659	0.000353045013239188
EG.ELC.NGAS.ZS_max2	9.18305611724364e-08	0.000119079398478924	0.000176522506619594
AG.LND.ARBL.ZS_min2	9.04955223354354e-08	5.62682871933378e-05	0.000176522506619594
EN.GHG.N2O.MT.CE.AR5_tend2	8.96654574340264e-08	0.000457997686457401	0.000529567519858782
BX.GSR.MRCH.CD_ratiomax2	8.93445802050812e-08	0.00037163240843972	0.000529567519858782
NY.GDP.MKTP.KD.ZG_delta1	8.88133423176845e-08	0.000166187731943114	0.000353045013239188
AG.LND.ARBL.HA.PC_tend2	8.83199162508828e-08	0.000448837732728253	0.000706090026478376
SE.SEC.ENRR_lag1	8.71969910629152e-08	0.00141979282801794	0.00123565754633716
SP.URB.TOTL.IN.ZS_lag1	8.71167243703756e-08	0.000545671529293532	0.000176522506619594
SP.DYN.AMRT.FE_delta1	8.67351629445492e-08	4.57997686457401e-05	0.000176522506619594
NE.EXP.GNFS.KD_isNA_rank	8.6428364184493e-08	0.000642505325858811	0.00105913503971756
NE.RSB.GNFS.CD_isNA_rank	8.61251752255913e-08	0.00074195625206099	0.00088261253309797
DT.ODA.ODAT.KD_isNA_rank	8.59939784921497e-08	0.000493328936555543	0.00088261253309797
NV.IND.MANF.ZS_lag1	8.50497761508632e-08	0.000387335186261116	0.000353045013239188
AG.LND.AGRI.ZS_ratioavg2	8.48045038710824e-08	8.24395835623322e-05	0.000353045013239188
BX.GSR.TRVL.ZS_tend2	8.41991212261656e-08	0.000256478704416145	0.00088261253309797
NV.IND.MANF.CD_delta1	8.32210775701765e-08	0.00013870787075567	0.000529567519858782
EG.ELC.COAL.ZS_delta1	8.32017347680916e-08	0.000119079398478924	0.000353045013239188
TM.VAL.MRCH.R4.ZS_rank	8.3096562151208e-08	0.000125622222571173	0.000353045013239188
EN.GHG.N2O.BU.MT.CE.AR5_tend2	8.29765551673572e-08	0.00189872755157054	0.00141218005295675
BM.GSR.TRAN.ZS_min2	8.28614376844765e-08	0.000431826390088407	0.000353045013239188
BM.GSR.MRCH.CD_min2	8.26417057422334e-08	0.000519500232924538	0.000176522506619594
NE.GDI.FTOT.CD	8.20981788264223e-08	0.000425283565996158	0.000176522506619594
BX.GSR.NFSV.CD_tend2	8.20349571007308e-08	0.00120126250333684	0.00088261253309797
NE.RSB.GNFS.CD_lag1	8.07391847285726e-08	2.22456019136452e-05	0.000176522506619594
DC.DAC.USAL.CD_tend2	8.03700401205087e-08	0.000159644907850866	0.000529567519858782
TM.VAL.MRCH.R4.ZS	7.99879705301393e-08	0.000582311344210124	0.00105913503971756
SH.IMM.MEAS_delta1	7.9976442694844e-08	2.35541667320949e-05	0.000176522506619594
NE.GDI.TOTL.CD_isNA_rank	7.93339151964018e-08	0.00242738773822423	0.00141218005295675
BM.KLT.DINV.CD.WD_avg2	7.90079229756649e-08	3.27141204612429e-05	0.000176522506619594
SE.PRM.ENRL.FE.ZS_lag1	7.87791963350633e-08	0.000204136111678156	0.00088261253309797
MS.MIL.MPRT.KD_max2	7.77507282525952e-08	0.00149568958748803	0.000706090026478376
BX.KLT.DINV.CD.WD	7.6561491483348e-08	0.000306204167517234	0.000706090026478376
NV.AGR.TOTL.CD_isNA_rank	7.64986487869548e-08	0.00448183450319028	0.00194174757281553
TX.VAL.MANF.ZS.UN_lag1	7.63925742776214e-08	6.54282409224859e-05	0.000176522506619594
TX.VAL.MRCH.AL.ZS	7.62660326820358e-08	0.00013870787075567	0.000529567519858782
DC.DAC.CECL.CD_max2	7.57790479483597e-08	0.000134782176300321	0.000353045013239188
NE.CON.TOTL.KD.ZG_min2	7.53091223488653e-08	0.000858418520903014	0.00105913503971756
FI.RES.TOTL.CD_ratioavg2	7.36720155609339e-08	0.0002316159728656	0.000176522506619594
IS.AIR.PSGR_max2	7.35316660216923e-08	2.87884260058938e-05	0.000176522506619594
NV.SRV.TOTL.KD.ZG	7.35266206800538e-08	0.000329758334249329	0.000529567519858782
BM.GSR.MRCH.CD	7.30579398578979e-08	0.00104292616030442	0.000353045013239188
NE.EXP.GNFS.KD.ZG_rank	7.29917931445345e-08	3.92569445534915e-05	0.000176522506619594
EN.GHG.N2O.FE.MT.CE.AR5_ratioavg2	7.18503197515171e-08	0.000129547917026522	0.000529567519858782
BX.GSR.FCTY.CD_min2	7.18292104246196e-08	2.22456019136452e-05	0.000176522506619594
BM.GSR.FCTY.CD_ratiomax2	7.17853188920862e-08	0.000401729399264063	0.000353045013239188
NV.AGR.TOTL.CD	7.08283347825266e-08	0.000126930787389623	0.000176522506619594
TX.VAL.TRVL.ZS.WT_rank	7.05333278306068e-08	7.32796298331842e-05	0.000353045013239188
DT.ODA.ALLD.CD_isNA_rank	7.03757621477102e-08	0.000221147454318002	0.000353045013239188
TX.VAL.MRCH.R3.ZS	7.03085540177219e-08	0.000273490047055991	0.000529567519858782
BX.TRF.PWKR.DT.GD.ZS_tend2	6.97205173777806e-08	0.000481551853189496	0.00123565754633716
SH.DYN.MORT_delta1	6.93990692938417e-08	0.000192359028312108	0.000353045013239188
TM.VAL.MRCH.R6.ZS_lag1	6.92948548137219e-08	0.000257787269234594	0.000706090026478376
TM.VAL.SERV.CD.WT_isNA_rank	6.88460683987803e-08	0.000352003936162974	0.000353045013239188
NE.CON.TOTL.CD_delta1	6.87145776931689e-08	0.000150484954121717	0.000176522506619594
BX.GSR.FCTY.CD_delta1	6.82605508169883e-08	6.54282409224859e-05	0.000353045013239188
NY.ADJ.NNTY.CD_isNA_rank	6.8219531959248e-08	0.000188433333856759	0.000353045013239188
SM.POP.RHCR.EA_delta1	6.77430185142632e-08	0.00103769190103063	0.00088261253309797
EG.ELC.FOSL.ZS_delta1	6.73169475768167e-08	0.000108610879931327	0.000353045013239188
SP.POP.2529.FE.5Y_delta1	6.67920235032624e-08	0.000571842825662526	0.000353045013239188
BM.GSR.INSF.ZS_min2	6.65070560728366e-08	0.000247318750686997	0.000529567519858782
EN.GHG.CO2.RT.GDP.KD_max2	6.60663925162596e-08	0.000246010185868547	0.000529567519858782
EG.USE.ELEC.KH.PC	6.56368078675981e-08	0.000815235881894174	0.000529567519858782
BX.GSR.FCTY.CD_max2	6.54395344782572e-08	2.22456019136452e-05	0.000176522506619594
TM.VAL.OTHR.ZS.WT	6.52156767959922e-08	0.000679145140775403	0.00105913503971756
SP.POP.1519.MA.5Y_rank	6.51021932671011e-08	7.45881946516339e-05	0.000176522506619594
NV.SRV.TOTL.KD.ZG_isNA_rank	6.47661894522263e-08	0.000569225696025627	0.000176522506619594
EN.GHG.N2O.IC.MT.CE.AR5_tend2	6.45455859754726e-08	0.000170113426398463	0.000353045013239188
MS.MIL.MPRT.KD_delta1	6.41607852906718e-08	0.000282650000785139	0.000353045013239188
TX.VAL.MRCH.R2.ZS_delta1	6.38074452418543e-08	0.000125622222571173	0.000529567519858782
EG.ELC.NGAS.ZS_ratioavg2	6.34911342551746e-08	0.000535203010745934	0.00088261253309797
SP.POP.0014.TO_rank	6.28664475027026e-08	4.05655093719412e-05	0.000176522506619594
FS.AST.PRVT.GD.ZS_delta1	6.27537367310166e-08	0.000132165046663421	0.000353045013239188
AG.LND.TOTL.K2_ratioavg2	6.26590286733407e-08	0.000469774769823448	0.000176522506619594
SP.POP.65UP.MA.ZS_delta1	6.25727813472242e-08	0.000100759491020628	0.000353045013239188
EG.ELC.NGAS.ZS_tend2	6.22609985723743e-08	0.000291809954514287	0.000706090026478376
SP.POP.1519.MA.5Y_delta1	6.12286980845242e-08	0.00118425116069699	0.000529567519858782
FI.RES.TOTL.MO_delta1	6.07818003168099e-08	0.000132165046663421	0.000176522506619594
NY.GDP.PCAP.KD.ZG	6.02892817518367e-08	6.80453705593853e-05	0.000353045013239188
AG.PRD.FOOD.XD_ratioavg2	5.88905913522462e-08	0.000205444676496606	0.000353045013239188
SH.IMM.IDPT_delta1	5.88589259451666e-08	0.000142633565211019	0.000353045013239188
NV.AGR.TOTL.KD_lag1	5.83126115268004e-08	0.000115153704023575	0.000353045013239188
NE.CON.TOTL.KD.ZG	5.72650646593615e-08	4.57997686457401e-05	0.000176522506619594
BX.KLT.DINV.CD.WD_min2	5.7052944542055e-08	6.80453705593853e-05	0.000176522506619594
BM.GSR.CMCP.ZS_min2	5.69763820051109e-08	0.000762893289156185	0.000353045013239188
NY.GDP.PCAP.KN_isNA_rank	5.69478977310928e-08	2.09370370951955e-05	0.000176522506619594
NE.RSB.GNFS.CN_lag1	5.68072671119547e-08	0.000514265973650739	0.000176522506619594
AG.LND.AGRI.K2_ratioavg2	5.67044866139123e-08	0.000561374307114929	0.000529567519858782
FM.AST.DOMS.CN_tend2	5.59404228720106e-08	0.000888515511727358	0.00088261253309797
NY.GDP.COAL.RT.ZS_rank	5.53322650169142e-08	0.000265638658145293	0.000706090026478376
BX.GSR.GNFS.CD_tend2	5.49807090736847e-08	0.000518191668106088	0.000353045013239188
AG.PRD.CREL.MT_tend2	5.45730946299401e-08	0.000484168982826395	0.00088261253309797
NY.GDP.MINR.RT.ZS_rank	5.41758883594159e-08	0.00018581620421986	0.000529567519858782
DT.NFL.UNDP.CD_isNA_rank	5.3767647551294e-08	0.000590162733120822	0.00088261253309797
BX.GRT.TECH.CD.WD_delta1	5.31709011623438e-08	0.000329758334249329	0.000706090026478376
AG.LND.AGRI.K2_ratiomax2	5.29297880752009e-08	6.54282409224859e-05	0.000176522506619594
BX.GSR.TRVL.ZS_ratioavg2	5.28555720737026e-08	0.000133473611481871	0.000353045013239188
EG.ELC.FOSL.ZS_rank	5.27787628834826e-08	0.000260404398871494	0.000529567519858782
NY.GDP.TOTL.RT.ZS_delta1	5.18222113026143e-08	0.000341535417615376	0.000706090026478376
SE.PRM.ENRR_delta1	5.17032635040334e-08	0.000503797455103141	0.000706090026478376
EN.URB.LCTY.UR.ZS_ratioavg2	5.13467007631671e-08	2.09370370951955e-05	0.000176522506619594
IT.MLT.MAIN.P2	5.09631989793462e-08	0.000341535417615376	0.000353045013239188
NE.CON.PRVT.KD_isNA_rank	5.06649054894038e-08	0.000159644907850866	0.000529567519858782
NY.GDP.DEFL.KD.ZG_rank	5.04939954534212e-08	0.000150484954121717	0.000529567519858782
BX.GSR.TRVL.ZS_ratiomax2	5.03138115517739e-08	0.000163570602306215	0.000706090026478376
NE.GDI.TOTL.ZS_lag1	5.02930826886172e-08	0.000166187731943114	0.000353045013239188
EN.GHG.CO2.PC.CE.AR5_lag1	4.94539767439601e-08	4.31826390088407e-05	0.000176522506619594
TM.VAL.MRCH.R2.ZS_delta1	4.94537728760312e-08	0.000418740741903909	0.000529567519858782
TX.VAL.MRCH.OR.ZS	4.91396500118724e-08	0.000312746991609482	0.00088261253309797
DT.ODA.ODAT.PC.ZS_isNA_rank	4.89818798235169e-08	0.000718402085328895	0.000353045013239188
SH.DTH.MORT_delta1	4.88555153550182e-08	6.28111112855864e-05	0.000353045013239188
SP.POP.3539.MA.5Y_rank	4.86531648183752e-08	0.00083486435417092	0.000706090026478376
FP.CPI.TOTL.ZG_lag1	4.84917405205297e-08	0.000123005092934273	0.000353045013239188
NY.GDP.FRST.RT.ZS_isNA_rank	4.8188861047028e-08	0.00238420509921538	0.00194174757281553
NE.CON.PRVT.ZS	4.81143091557618e-08	9.68337965652791e-05	0.000176522506619594
NE.IMP.GNFS.CN_lag1	4.77821361878623e-08	0.000219838889499552	0.000176522506619594
Country_Name	4.77780653462577e-08	5.88854168302373e-05	0.000353045013239188
EN.GHG.CO2.BU.MT.CE.AR5_lag1	4.77516911548893e-08	0.000588854168302373	0.000353045013239188
TX.VAL.OTHR.ZS.WT_delta1	4.74008195735586e-08	6.28111112855864e-05	0.000176522506619594
SP.DYN.CBRT.IN_rank	4.73195376144829e-08	0.000337609723160027	0.000176522506619594
NY.GDP.MKTP.KD.ZG_rank	4.7230544092443e-08	3.53312500981424e-05	0.000176522506619594
DT.ODA.ODAT.PC.ZS	4.7110985398442e-08	2.74798611874441e-05	0.000176522506619594
EG.ELC.PETR.ZS_lag1	4.67534109682913e-08	0.000133473611481871	0.000353045013239188
SP.POP.GROW_delta1	4.67295272524768e-08	0.000240775926594748	0.000529567519858782
DC.DAC.DEUL.CD_ratioavg2	4.61640033909068e-08	0.0025399243126109	0.00211827007943513
FM.AST.DOMS.CN_ratioavg2	4.60402353341982e-08	0.000457997686457401	0.000353045013239188
FI.RES.XGLD.CD_isNA_rank	4.59074665048869e-08	0.000939549539646897	0.00141218005295675
AG.PRD.CROP.XD_min2	4.495476711054e-08	2.87884260058938e-05	0.000176522506619594
SP.POP.1564.TO.ZS_rank	4.49446301000824e-08	0.000251244445142346	0.000176522506619594
ER.FSH.PROD.MT_ratioavg2	4.49259717218784e-08	0.000392569445534915	0.000706090026478376
EN.GHG.N2O.AG.MT.CE.AR5_ratiomax2	4.41016114212625e-08	0.00118425116069699	0.000529567519858782
EG.USE.PCAP.KG.OE_lag1	4.29459706947569e-08	2.35541667320949e-05	0.000176522506619594
NV.SRV.TOTL.ZS_isNA_rank	4.29384072866825e-08	0.000239467361776298	0.000529567519858782
ER.FSH.CAPT.MT_tend2	4.27044125851054e-08	0.000261712963689943	0.000706090026478376
DC.DAC.GBRL.CD_lag1	4.21704576599286e-08	0.000113845139205125	0.000176522506619594
EG.ELC.COAL.ZS_ratioavg2	4.19240071892766e-08	0.000130856481844972	0.000353045013239188
BX.PEF.TOTL.CD.WD	4.18756365834242e-08	0.000197593287585907	0.000176522506619594
BX.GRT.EXTA.CD.WD_avg2	4.14390441340893e-08	8.63652780176813e-05	0.000353045013239188
SE.SEC.ENRL.GC_delta1	4.13751357443075e-08	0.000779904631796031	0.00123565754633716
NE.EXP.GNFS.CN_isNA_rank	4.11876028660327e-08	5.62682871933378e-05	0.000176522506619594
DC.DAC.TOTL.CD_min2	4.08723400273847e-08	0.000423975001177708	0.000176522506619594
NY.GNP.PCAP.CN_lag1	4.06517603119056e-08	0.00055483148302268	0.000353045013239188
SP.POP.0014.FE.ZS_delta1	4.03299326851026e-08	0.000471083334641898	0.000706090026478376
AG.PRD.CREL.MT_avg2	4.02232086743653e-08	2.87884260058938e-05	0.000176522506619594
BM.GSR.INSF.ZS_ratiomax2	3.98490641309667e-08	2.35541667320949e-05	0.000176522506619594
FM.LBL.BMNY.GD.ZS	3.97565862949287e-08	0.000145250694847919	0.000353045013239188
SH.DYN.MORT.MA_delta1	3.8811484894659e-08	0.000448837732728253	0.000176522506619594
IS.AIR.GOOD.MT.K1_max2	3.8786828067456e-08	0.000522117362561437	0.000353045013239188
BX.GSR.TRVL.ZS_isNA_rank	3.85759067102179e-08	0.00037163240843972	0.000706090026478376
NY.GDP.PCAP.KN	3.83655267775519e-08	0.000439677778999105	0.000353045013239188
DT.ODA.ALLD.KD_isNA_rank	3.81906436523523e-08	0.000264330093326843	0.000529567519858782
NY.GNP.PCAP.CN	3.79778597246351e-08	0.00226512570073646	0.00088261253309797
TX.VAL.MRCH.R1.ZS_rank	3.79577542949886e-08	0.000120387963297374	0.000353045013239188
AG.LND.AGRI.ZS_ratiomax2	3.78368428685679e-08	0.000209370370951955	0.000353045013239188
BX.GSR.TRAN.ZS_avg2	3.77859830268033e-08	0.000494637501373993	0.000176522506619594
SE.PRM.ENRR.MA_lag1	3.7735853617335e-08	0.000777287502159132	0.00105913503971756
NV.SRV.TOTL.KD.ZG_lag1	3.76769699371822e-08	0.000476317593915697	0.00123565754633716
DT.ODA.ODAT.GN.ZS_ratioavg2	3.75151004881599e-08	0.000289192824877388	0.000353045013239188
TM.VAL.MRCH.WR.ZS_delta1	3.73618242189394e-08	0.00083093865971557	0.00088261253309797
DC.DAC.FRAL.CD_ratiomax2	3.71102377711328e-08	9.29081021099299e-05	0.000353045013239188
NV.AGR.TOTL.KD.ZG_delta1	3.65580322301735e-08	0.000112536574386676	0.000353045013239188
BX.GSR.FCTY.CD_isNA_rank	3.63473696481362e-08	0.000264330093326843	0.000529567519858782
TX.VAL.MRCH.R3.ZS_isNA_rank	3.6338327843394e-08	0.000251244445142346	0.000529567519858782
EN.GHG.CH4.WA.MT.CE.AR5_avg2	3.62719937670451e-08	2.35541667320949e-05	0.000176522506619594
NE.CON.TOTL.KD_isNA_rank	3.60355748310528e-08	0.000440986343817555	0.000529567519858782
TX.VAL.MRCH.R4.ZS_delta1	3.60326359239757e-08	0.00125753079053018	0.00088261253309797
DT.ODA.ODAT.PC.ZS_ratiomax2	3.56115353475552e-08	0.000546980094111982	0.000176522506619594
DC.DAC.GBRL.CD	3.54348686989564e-08	0.000194976157949008	0.000706090026478376
AG.PRD.CROP.XD_lag1	3.53610024889218e-08	6.15025464671367e-05	0.000176522506619594
DC.DAC.CECL.CD_rank	3.47612482599625e-08	0.000984040743474187	0.000353045013239188
NY.ADJ.DKAP.GN.ZS_rank	3.47258956626692e-08	5.23425927379887e-05	0.000176522506619594
EN.GHG.CH4.IC.MT.CE.AR5_ratiomax2	3.46553763434979e-08	2.74798611874441e-05	0.000176522506619594
AG.PRD.CROP.XD_rank	3.44008597015243e-08	0.000654282409224859	0.00088261253309797
SP.POP.6064.MA.5Y	3.42603820187513e-08	0.000380792362168868	0.000176522506619594
EN.GHG.CO2.PC.CE.AR5	3.41964806152357e-08	8.63652780176813e-05	0.000353045013239188
BM.GSR.TOTL.CD_ratioavg2	3.35176533270016e-08	0.000215913195044203	0.000353045013239188
EG.ELC.PETR.ZS_delta1	3.3155048165275e-08	0.000198901852404357	0.000529567519858782
NY.GDS.TOTL.ZS_isNA_rank	3.310331662519e-08	0.000358546760255223	0.000176522506619594
DT.ODA.ALLD.CD_ratioavg2	3.31010570063353e-08	0.000311438426791033	0.000529567519858782
SE.PRM.DURS_rank	3.29361443568017e-08	0.000103376620657528	0.000353045013239188
BM.GSR.TRAN.ZS_delta1	3.26793508472449e-08	0.000587545603483923	0.000706090026478376
NE.CON.PRVT.PC.KD_tend2	3.20799908597582e-08	0.000225073148773351	0.000353045013239188
EN.GHG.N2O.IP.MT.CE.AR5_avg2	3.20041922254358e-08	0.000100759491020628	0.000176522506619594
EG.ELC.PETR.ZS_tend2	3.17639661019152e-08	0.000197593287585907	0.000353045013239188
DC.DAC.CECL.CD_lag1	3.10191802779247e-08	0.000472391899460348	0.000706090026478376
EN.GHG.CO2.TR.MT.CE.AR5_tend2	3.05547000347297e-08	0.00018450763940141	0.000353045013239188
NE.EXP.GNFS.CN_rank	2.99147578090117e-08	0.00032583263979398	0.000529567519858782
DT.NFL.UNDP.CD_ratioavg2	2.98173891261068e-08	0.000870195604269062	0.00123565754633716
SP.POP.3034.FE.5Y	2.96854213532493e-08	0.000206753241315055	0.000176522506619594
EN.URB.LCTY.UR.ZS_tend2	2.96428456826503e-08	0.000196284722767458	0.000353045013239188
ER.FSH.PROD.MT_tend2	2.95525446574027e-08	0.000608482640579118	0.00105913503971756
IS.AIR.DPRT_delta1	2.93982359028018e-08	0.000625493983218965	0.000529567519858782
BX.GRT.TECH.CD.WD_isNA_rank	2.88884732048354e-08	0.000403037964082513	0.000529567519858782
EN.GHG.CH4.BU.MT.CE.AR5_max2	2.88547735900314e-08	3.27141204612429e-05	0.000176522506619594
SP.POP.7074.MA.5Y_lag1	2.88311402109996e-08	0.000505106019921591	0.000176522506619594
IS.AIR.PSGR_tend2	2.83971755186801e-08	0.000502488890284691	0.000176522506619594
SP.POP.7579.FE.5Y_lag1	2.76029570701005e-08	0.00050903171437694	0.000176522506619594
EN.GHG.CH4.AG.MT.CE.AR5_delta1	2.7427144074181e-08	0.000652973844406409	0.000529567519858782
ER.H2O.INTR.PC_tend2	2.74225848137545e-08	0.000710550696418196	0.000529567519858782
TX.VAL.MMTL.ZS.UN	2.73894305793077e-08	0.000274798611874441	0.000529567519858782
TG.VAL.TOTL.GD.ZS_delta1	2.72974118888389e-08	9.55252317468293e-05	0.000176522506619594
SP.POP.65UP.TO.ZS_delta1	2.72631486178175e-08	7.45881946516339e-05	0.000353045013239188
AG.LND.CROP.ZS_ratioavg2	2.69338735779829e-08	0.000160953472669315	0.000353045013239188
NY.GNP.MKTP.CN	2.69147873463075e-08	5.1034027919539e-05	0.000176522506619594
TX.VAL.FUEL.ZS.UN_lag1	2.69122848285202e-08	9.15995372914802e-05	0.000176522506619594
BX.TRF.PWKR.CD.DT_tend2	2.6835082049853e-08	0.000813927317075724	0.000706090026478376
BX.KLT.DINV.WD.GD.ZS_max2	2.66921220576656e-08	0.000615025464671367	0.000529567519858782
NE.EXP.GNFS.CN	2.63848637270202e-08	0.000391260880716465	0.00105913503971756
TX.VAL.OTHR.ZS.WT	2.62970191048895e-08	0.000218530324681103	0.000529567519858782
TX.VAL.MRCH.R4.ZS_lag1	2.62610771111047e-08	8.50567131992316e-05	0.000353045013239188
IS.AIR.PSGR	2.61448987428741e-08	0.000514265973650739	0.000529567519858782
AG.PRD.FOOD.XD_tend2	2.56062227220494e-08	0.000524734492198337	0.000353045013239188
YearsSinceFirst_rank	2.55809154460022e-08	0.000379483797350418	0.00088261253309797
AG.PRD.CREL.MT_min2	2.55532612626168e-08	3.66398149165921e-05	0.000176522506619594
TM.VAL.MRCH.RS.ZS_rank	2.53921027439476e-08	0.000236850232139399	0.000176522506619594
FI.RES.XGLD.CD_delta1	2.46322236449703e-08	2.09370370951955e-05	0.000176522506619594
NY.ADJ.DNGY.CD_delta1	2.43722202072467e-08	2.61712963689943e-05	0.000176522506619594
NY.GDP.PCAP.KD.ZG_lag1	2.43319153014861e-08	7.72053242885333e-05	0.000353045013239188
TX.VAL.MANF.ZS.UN	2.38515106320585e-08	7.06625001962847e-05	0.000176522506619594
EN.GHG.CH4.WA.MT.CE.AR5_rank	2.38288247642904e-08	5.36511575564384e-05	0.000176522506619594
TX.VAL.MRCH.WR.ZS_delta1	2.34786147598016e-08	0.000365089584347471	0.00088261253309797
BX.GSR.NFSV.CD_isNA_rank	2.34281585475817e-08	0.000249935880323896	0.000529567519858782
NE.RSB.GNFS.CD	2.31908091011259e-08	9.15995372914802e-05	0.000353045013239188
AG.LND.TOTL.K2_tend2	2.30218631888398e-08	0.000171421991216913	0.000353045013239188
SP.POP.65UP.FE.IN_delta1	2.29212781316314e-08	0.000400420834445613	0.000353045013239188
EN.GHG.N2O.FE.MT.CE.AR5_ratiomax2	2.28999463775981e-08	2.09370370951955e-05	0.000176522506619594
SP.POP.0014.MA.ZS_delta1	2.28559460399436e-08	6.41196761040361e-05	0.000353045013239188
BM.GSR.GNFS.CD_isNA_rank	2.24486182013554e-08	0.000174039120853812	0.000176522506619594
TM.VAL.MRCH.RS.ZS	2.21704261742062e-08	0.000215913195044203	0.000176522506619594
EG.ELC.HYRO.ZS	2.20678569465244e-08	2.48627315505446e-05	0.000176522506619594
EN.GHG.CH4.WA.MT.CE.AR5_ratioavg2	2.20276268019486e-08	0.000150484954121717	0.000353045013239188
BM.GSR.MRCH.CD_isNA_rank	2.16116145716647e-08	0.00018712476903831	0.000529567519858782
DC.DAC.TOTL.CD_avg2	2.15243504316735e-08	7.8513889106983e-05	0.000176522506619594
SP.POP.3034.FE.5Y_delta1	2.1269963491638e-08	0.000397803704808714	0.000353045013239188
BM.GSR.TRVL.ZS_delta1	2.12626440804647e-08	8.37481483807819e-05	0.000353045013239188
NV.IND.TOTL.KD.ZG_delta1	2.12177898422024e-08	0.000154410648577067	0.000353045013239188
DC.DAC.USAL.CD_avg2	2.10668440583882e-08	0.000142633565211019	0.000353045013239188
SE.SEC.ENRL.GC_lag1	2.07864878470846e-08	0.000953943752649844	0.00088261253309797
DT.ODA.ODAT.PC.ZS_tend2	2.07472495929446e-08	0.000228998843228701	0.000529567519858782
SE.SEC.ENRR	2.07299003471915e-08	0.000434443519725306	0.000706090026478376
EN.GHG.N2O.PI.MT.CE.AR5_delta1	2.05555689001715e-08	0.000297044213788086	0.000353045013239188
NE.CON.PRVT.KD.ZG_isNA_rank	2.03531970416916e-08	7.72053242885333e-05	0.000176522506619594
TX.VAL.AGRI.ZS.UN_delta1	2.00766318140285e-08	0.00104292616030442	0.00123565754633716
FM.AST.NFRG.CN_lag1	1.99988164952025e-08	3.92569445534915e-05	0.000176522506619594
FI.RES.TOTL.MO_ratioavg2	1.9802527310519e-08	0.000179273380127611	0.000353045013239188
NE.IMP.GNFS.KD.ZG_rank	1.93549440563739e-08	2.35541667320949e-05	0.000176522506619594
BM.KLT.DINV.CD.WD_min2	1.93372525986804e-08	0.000563991436751828	0.00088261253309797
AG.PRD.LVSK.XD_max2	1.93003279940633e-08	0.000365089584347471	0.000529567519858782
NY.ADJ.DNGY.CD_lag1	1.90181378037303e-08	0.000128239352208072	0.000176522506619594
SP.DYN.CDRT.IN_rank	1.89558686895427e-08	0.000145250694847919	0.000353045013239188
BX.PEF.TOTL.CD.WD_tend2	1.88645729758108e-08	3.92569445534915e-05	0.000176522506619594
NE.CON.PRVT.KD.ZG_delta1	1.87158338250241e-08	0.00073803055760564	0.000706090026478376
EN.GHG.N2O.WA.MT.CE.AR5_ratioavg2	1.85414645777875e-08	0.000290501389695837	0.00088261253309797
TX.VAL.TRAN.ZS.WT_isNA_rank	1.82213565553595e-08	0.000367706713984371	0.000529567519858782
is_high_income_rank	1.81772299424906e-08	0.000128239352208072	0.000706090026478376
SP.POP.4044.MA.5Y_delta1	1.81076452157458e-08	0.000145250694847919	0.000176522506619594
NY.GDP.MKTP.CD_delta1	1.8094375595344e-08	0.000209370370951955	0.000353045013239188
SP.POP.1014.MA.5Y_lag1	1.80801821231255e-08	7.19710650147344e-05	0.000176522506619594
MS.MIL.MPRT.KD_ratioavg2	1.80622059595837e-08	0.000965720836015891	0.00105913503971756
BX.TRF.CURR.CD_ratiomax2	1.79134847437557e-08	5.75768520117876e-05	0.000176522506619594
FS.AST.CGOV.GD.ZS_ratioavg2	1.77373681241704e-08	0.000422666436359259	0.000706090026478376
NE.TRD.GNFS.ZS_isNA_rank	1.76877641014099e-08	0.00023030740804715	0.000706090026478376
NE.RSB.GNFS.ZS_rank	1.7592824717742e-08	0.000128239352208072	0.000176522506619594
SP.POP.0004.MA.5Y_rank	1.75636275435027e-08	3.66398149165921e-05	0.000176522506619594
EN.GHG.ALL.PC.CE.AR5_tend2	1.7477458421067e-08	0.000272181482237541	0.000176522506619594
AG.LND.ARBL.ZS_tend2	1.74532733660691e-08	0.000412197917811661	0.000529567519858782
DC.DAC.CECL.CD_delta1	1.73687078529655e-08	0.000376866667713519	0.000706090026478376
DC.DAC.USAL.CD_lag1	1.72765231302027e-08	0.000153102083758617	0.000353045013239188
DC.DAC.CANL.CD_isNA_rank	1.71501157346835e-08	0.00032583263979398	0.000529567519858782
MS.MIL.XPND.CD_ratioavg2	1.70521046340416e-08	0.000316672686064832	0.000706090026478376
MS.MIL.XPND.CD_avg2	1.68398955458807e-08	4.71083334641898e-05	0.000176522506619594
NY.ADJ.NNTY.PC.CD_isNA_rank	1.68396564012915e-08	0.000363781019529021	0.000176522506619594
AG.PRD.FOOD.XD_lag1	1.68347777383314e-08	0.000188433333856759	0.000353045013239188
MS.MIL.XPND.CD_delta1	1.68175232366211e-08	9.29081021099299e-05	0.000353045013239188
SE.SEC.ENRL.GC.FE.ZS	1.67383304678056e-08	0.000758967594700836	0.00176522506619594
FI.RES.TOTL.CD_delta1	1.66585729448043e-08	7.06625001962847e-05	0.000353045013239188
EG.USE.ELEC.KH.PC_lag1	1.66208935046589e-08	0.000136090741118771	0.000176522506619594
NY.GSR.NFCY.CN_isNA_rank	1.66074039364047e-08	7.58967594700836e-05	0.000353045013239188
FD.AST.PRVT.GD.ZS_lag1	1.6412433092939e-08	2.22456019136452e-05	0.000176522506619594
AG.CON.FERT.ZS_rank	1.64110231599103e-08	9.94509262021785e-05	0.000176522506619594
DC.DAC.USAL.CD	1.63600785266548e-08	0.000257787269234594	0.000529567519858782
FI.RES.TOTL.CD	1.61571057075974e-08	0.000715784955691995	0.000706090026478376
NY.ADJ.DRES.GN.ZS_rank	1.61277365596387e-08	7.98224539254328e-05	0.000176522506619594
SP.POP.4044.MA.5Y_rank	1.58715719025971e-08	0.000198901852404357	0.000176522506619594
EN.GHG.CH4.TR.MT.CE.AR5_delta1	1.57925859370049e-08	0.000125622222571173	0.000353045013239188
TX.VAL.TRAN.ZS.WT_rank	1.55383712894538e-08	7.72053242885333e-05	0.000353045013239188
SP.POP.1014.MA.5Y_rank	1.52785454569646e-08	4.71083334641898e-05	0.000176522506619594
DT.ODA.ODAT.GN.ZS_tend2	1.52445308619381e-08	0.000655590974043308	0.00123565754633716
TM.VAL.FUEL.ZS.UN_lag1	1.52423224187018e-08	0.000134782176300321	0.000353045013239188
TX.VAL.MMTL.ZS.UN_lag1	1.52201676134295e-08	0.000234233102502499	0.000353045013239188
BX.KLT.DINV.WD.GD.ZS_ratiomax2	1.46425647895824e-08	5.62682871933378e-05	0.000176522506619594
AG.PRD.LVSK.XD_delta1	1.45974639334624e-08	0.000209370370951955	0.000176522506619594
DC.DAC.USAL.CD_delta1	1.45333087443039e-08	0.000217221759862653	0.000529567519858782
EN.POP.DNST_min2	1.45133870428363e-08	4.57997686457401e-05	0.000176522506619594
MS.MIL.XPND.GD.ZS_isNA_rank	1.4405594177624e-08	0.000209370370951955	0.000353045013239188
NY.GDS.TOTL.CD	1.43678046572974e-08	0.000299661343424985	0.000176522506619594
NV.SRV.TOTL.KD_delta1	1.43566725333356e-08	7.58967594700836e-05	0.000176522506619594
SE.SEC.ENRL.GC.FE.ZS_isNA_rank	1.43492364718801e-08	0.000804767363346576	0.000529567519858782
SE.PRM.ENRR_isNA_rank	1.4193433683417e-08	4.84168982826395e-05	0.000353045013239188
EG.USE.ELEC.KH.PC_ratioavg2	1.40524129136238e-08	7.98224539254328e-05	0.000353045013239188
SP.POP.DPND.OL	1.40207231210214e-08	0.000492020371737094	0.000176522506619594
SE.SEC.ENRL_delta1	1.39580386914525e-08	0.000524734492198337	0.000529567519858782
NY.GDP.MKTP.CN	1.39242265791661e-08	0.000488094677281744	0.000176522506619594
NE.IMP.GNFS.CD_rank	1.35973465270577e-08	2.61712963689943e-05	0.000176522506619594
SP.POP.1564.MA.ZS_lag1	1.35106129780558e-08	9.55252317468293e-05	0.000176522506619594
NE.CON.PRVT.KD_delta1	1.34434643508681e-08	2.87884260058938e-05	0.000176522506619594
IT.CEL.SETS.P2_ratiomax2	1.34420963531465e-08	0.000478934723552596	0.000176522506619594
NY.GDP.FCST.KD_delta1	1.32931772772244e-08	2.74798611874441e-05	0.000176522506619594
TM.VAL.MANF.ZS.UN_rank	1.31402693332176e-08	0.000154410648577067	0.000529567519858782
AG.YLD.CREL.KG_min2	1.28607891257755e-08	0.000608482640579118	0.000353045013239188
DC.DAC.CANL.CD_ratioavg2	1.26935741300099e-08	0.000151793518940167	0.000706090026478376
BX.GSR.CMCP.ZS_min2	1.24497583358152e-08	0.000210678935770404	0.000529567519858782
NE.CON.PRVT.PC.KD_isNA_rank	1.21240180811043e-08	9.29081021099299e-05	0.000353045013239188
BM.KLT.DINV.WD.GD.ZS_delta1	1.20569283546055e-08	0.000238158796957849	0.000353045013239188
PA.NUS.ATLS_delta1	1.20501286100791e-08	0.000153102083758617	0.000529567519858782
AG.CON.FERT.ZS_lag1	1.20301459138134e-08	0.000429209260451507	0.00088261253309797
gdp_acceleration_rank	1.19317590777782e-08	0.00102984051211993	0.00088261253309797
NE.GDI.TOTL.ZS_rank	1.1882975635828e-08	0.000128239352208072	0.000176522506619594
TX.VAL.SERV.CD.WT_lag1	1.18182025871196e-08	5.88854168302373e-05	0.000176522506619594
FP.CPI.TOTL.ZG_ratiomax2	1.17464885809882e-08	0.000228998843228701	0.000529567519858782
BX.GSR.MRCH.CD_tend2	1.16326456534102e-08	0.000549597223748881	0.000353045013239188
IS.AIR.DPRT_ratiomax2	1.15715912463958e-08	0.000546980094111982	0.000176522506619594
AG.LND.ARBL.ZS_max2	1.14717335046704e-08	0.000189741898675209	0.000353045013239188
NE.EXP.GNFS.CD	1.14108668148247e-08	0.000300969908243435	0.000176522506619594
BX.GRT.EXTA.CD.WD_tend2	1.13858371034043e-08	0.000408272223356312	0.000706090026478376
MS.MIL.XPND.CD_isNA_rank	1.13319348621914e-08	0.000450146297546703	0.000706090026478376
TM.VAL.TRVL.ZS.WT_rank	1.12401022065204e-08	0.000154410648577067	0.000353045013239188
SP.POP.0004.MA.5Y_delta1	1.10455514687656e-08	0.00112536574386676	0.00141218005295675
TM.VAL.MRCH.OR.ZS_delta1	1.10349298115386e-08	0.000240775926594748	0.000529567519858782
NE.RSB.GNFS.CN_isNA_rank	1.07071332126448e-08	0.000295735648969636	0.000706090026478376
AG.PRD.CROP.XD	1.06522925272617e-08	0.000544362964475082	0.00088261253309797
BM.GSR.TRAN.ZS_ratiomax2	1.04392367284149e-08	0.000450146297546703	0.000529567519858782
EN.GHG.CH4.FE.MT.CE.AR5_max2	1.03256757042095e-08	0.00018319907458296	0.000353045013239188
NY.GDP.PCAP.CN_delta1	9.98451894679839e-09	3.79483797350418e-05	0.000176522506619594
IS.AIR.PSGR_isNA_rank	9.97481290662557e-09	0.000247318750686997	0.000353045013239188
SP.POP.DPND	9.94711151945594e-09	0.00055744861265958	0.000176522506619594
BX.KLT.DINV.WD.GD.ZS_delta1	9.83258463729005e-09	0.000121696528115824	0.000529567519858782
NE.DAB.TOTL.CD	9.82252568884004e-09	0.000615025464671367	0.000706090026478376
EG.ELC.HYRO.ZS_tend2	9.68898272100868e-09	0.000710550696418196	0.00123565754633716
NY.GDP.PCAP.CD_lag1	9.68792298675459e-09	3.00969908243435e-05	0.000176522506619594
NY.ADJ.DNGY.GN.ZS_lag1	9.56566428233748e-09	0.0004632319457312	0.000353045013239188
NY.ADJ.DMIN.GN.ZS	9.55621127074076e-09	5.1034027919539e-05	0.000353045013239188
AG.LND.ARBL.HA_delta1	9.43132480930823e-09	0.000552214353385781	0.000353045013239188
NV.IND.TOTL.CD_delta1	9.36687704257672e-09	7.19710650147344e-05	0.000176522506619594
EN.GHG.CO2.PI.MT.CE.AR5_avg2	9.2377939336183e-09	0.000558757177478029	0.000176522506619594
DC.DAC.USAL.CD_max2	9.16732335007424e-09	0.000211987500588854	0.000529567519858782
NE.TRD.GNFS.ZS_rank	9.13378983840083e-09	9.42166669283796e-05	0.000176522506619594
IT.MLT.MAIN.P2_ratiomax2	9.09962843050721e-09	7.32796298331842e-05	0.000176522506619594
DT.ODA.ODAT.KD_ratioavg2	8.93985774382651e-09	3.27141204612429e-05	0.000176522506619594
EG.ELC.HYRO.ZS_ratioavg2	8.9246241768199e-09	0.00046454051054965	0.000706090026478376
SP.POP.0014.FE.ZS	8.83808585367345e-09	0.000465849075368099	0.000176522506619594
BM.GSR.FCTY.CD	8.75912422047653e-09	0.000119079398478924	0.000353045013239188
NV.SRV.TOTL.KD_isNA_rank	8.75041181868967e-09	0.000354621065799873	0.000706090026478376
DC.DAC.CANL.CD_rank	8.59433230318799e-09	0.000348078241707625	0.000353045013239188
BX.GSR.NFSV.CD_delta1	8.51482923877807e-09	3.27141204612429e-05	0.000176522506619594
IT.MLT.MAIN.P2_ratioavg2	8.45235384821479e-09	0.000314055556427932	0.000529567519858782
SE.SEC.ENRR.FE_lag1	8.452312479601e-09	0.000242084491413198	0.000353045013239188
SP.POP.DPND_delta1	8.45171922251118e-09	0.000281341435966689	0.000353045013239188
AG.YLD.CREL.KG	8.38307459574376e-09	0.000595396992394621	0.000529567519858782
TX.VAL.FUEL.ZS.UN_rank	8.34873708789489e-09	7.32796298331842e-05	0.000176522506619594
TM.VAL.MRCH.R2.ZS_lag1	8.3202290835931e-09	0.000704007872325948	0.000706090026478376
TX.VAL.TRVL.ZS.WT_isNA_rank	8.30238072268123e-09	0.000100759491020628	0.000353045013239188
SE.PRM.ENRL_lag1	8.1589628223527e-09	2.22456019136452e-05	0.000176522506619594
AG.LND.CROP.ZS_rank	8.0954825428251e-09	0.000235541667320949	0.000353045013239188
BX.PEF.TOTL.CD.WD_isNA_rank	8.06185680181068e-09	0.000163570602306215	0.000353045013239188
SP.DYN.CBRT.IN_delta1	8.03365625520934e-09	0.00130594768881282	0.000706090026478376
AG.PRD.CREL.MT_lag1	8.00928154388901e-09	4.97254631010893e-05	0.000176522506619594
AG.CON.FERT.ZS_ratioavg2	7.94948211026604e-09	0.000319289815701731	0.00088261253309797
NE.CON.GOVT.ZS_lag1	7.88800463568263e-09	3.79483797350418e-05	0.000176522506619594
EN.GHG.CO2.RT.GDP.KD_tend2	7.87591444136644e-09	8.11310187438825e-05	0.000353045013239188
SE.ENR.PRIM.FM.ZS_isNA_rank	7.75953039444462e-09	0.000136090741118771	0.000529567519858782
FS.AST.CGOV.GD.ZS_isNA_rank	7.69712730155505e-09	0.000142633565211019	0.000353045013239188
EN.GHG.CO2.RT.GDP.KD_delta1	7.57042402127599e-09	9.81423613837288e-05	0.000176522506619594
TM.VAL.TRAN.ZS.WT	7.53228237187551e-09	0.000567917131207177	0.00088261253309797
SP.POP.1014.FE.5Y_delta1	7.52165127566257e-09	0.000357238195436773	0.000353045013239188
NV.IND.TOTL.CN_rank	7.34202847125808e-09	4.84168982826395e-05	0.000176522506619594
SH.MMR.RISK.ZS_delta1	7.29883850507906e-09	9.29081021099299e-05	0.000176522506619594
DT.ODA.ALLD.KD_ratiomax2	7.27431768427754e-09	5.62682871933378e-05	0.000176522506619594
NE.RSB.GNFS.ZS	7.22719677891219e-09	0.000174039120853812	0.000529567519858782
TX.VAL.FUEL.ZS.UN_isNA_rank	7.14940883845811e-09	9.94509262021785e-05	0.000353045013239188
NY.GDP.TOTL.RT.ZS	7.06517894063024e-09	5.75768520117876e-05	0.000176522506619594
BM.GSR.TRVL.ZS_min2	6.91431780663364e-09	4.18740741903909e-05	0.000176522506619594
SP.POP.1564.MA.ZS	6.91212937862971e-09	0.000134782176300321	0.000353045013239188
DT.ODA.ALLD.KD_lag1	6.70844034773701e-09	0.000514265973650739	0.000353045013239188
NY.GDP.MKTP.KN_lag1	6.63540211208987e-09	0.00055352291820423	0.000176522506619594
NE.GDI.FTOT.CD_isNA_rank	6.60127259397848e-09	0.000130856481844972	0.000529567519858782
SE.PRM.ENRR_lag1	6.59797300872718e-09	0.000174039120853812	0.000529567519858782
FI.RES.TOTL.MO_lag1	6.5742869272148e-09	0.000308821297154133	0.000353045013239188
DC.DAC.GBRL.CD_tend2	6.50815714381489e-09	0.000389952315898016	0.000529567519858782
IS.AIR.GOOD.MT.K1_ratioavg2	6.42064134549441e-09	0.000124313657752723	0.000353045013239188
NE.CON.TOTL.KD_delta1	6.30112047827391e-09	7.58967594700836e-05	0.000176522506619594
EN.GHG.ALL.MT.CE.AR5_ratioavg2	6.19976119399953e-09	0.000171421991216913	0.000529567519858782
SP.POP.TOTL.MA.ZS_delta1	6.16036051138112e-09	0.000223764583954902	0.000353045013239188
SE.SEC.ENRR_delta1	6.15809464098297e-09	0.00055614004784113	0.00105913503971756
NY.GDP.TOTL.RT.ZS_rank	6.1473505073655e-09	5.1034027919539e-05	0.000176522506619594
NV.IND.MANF.KD_isNA_rank	6.10093208923116e-09	4.18740741903909e-05	0.000176522506619594
NV.IND.TOTL.CN_delta1	6.07317488276759e-09	0.000194976157949008	0.000176522506619594
NV.IND.TOTL.KD.ZG_lag1	6.00804269215525e-09	0.000116462268842025	0.000529567519858782
DC.DAC.DEUL.CD_ratiomax2	5.86404109768701e-09	0.000812618752257274	0.000529567519858782
TM.VAL.FUEL.ZS.UN_isNA_rank	5.8357323215124e-09	0.000498563195829342	0.000529567519858782
DT.ODA.ODAT.CD_max2	5.73752610127001e-09	0.000261712963689943	0.000353045013239188
NE.CON.TOTL.KD.ZG_delta1	5.73258035598592e-09	0.000128239352208072	0.000353045013239188
DC.DAC.DEUL.CD_delta1	5.6958527481409e-09	0.000437060649362206	0.000529567519858782
BX.TRF.CURR.CD	5.61830260637942e-09	5.1034027919539e-05	0.000176522506619594
SP.POP.TOTL.FE.ZS_delta1	5.60446159915547e-09	0.000181890509764511	0.000529567519858782
EN.GHG.CO2.TR.MT.CE.AR5_delta1	5.49187319393857e-09	9.68337965652791e-05	0.000353045013239188
FS.AST.PRVT.GD.ZS	5.47914255645746e-09	3.00969908243435e-05	0.000176522506619594
NE.CON.PRVT.KD.ZG	5.38503236025486e-09	2.35541667320949e-05	0.000176522506619594
NE.DAB.TOTL.CD_lag1	5.27074816451163e-09	0.00027741574151134	0.000353045013239188
FI.RES.TOTL.MO_isNA_rank	5.26942557309383e-09	0.000492020371737094	0.000529567519858782
EG.ELC.FOSL.ZS_lag1	5.22582705643534e-09	0.000269564352600642	0.000529567519858782
BM.GSR.NFSV.CD_delta1	5.18677056918402e-09	0.000314055556427932	0.000706090026478376
TX.VAL.MMTL.ZS.UN_rank	5.15772464893885e-09	0.000221147454318002	0.000353045013239188
NV.IND.MANF.CD_lag1	5.14094096313862e-09	6.15025464671367e-05	0.000353045013239188
BX.GSR.GNFS.CD	5.12729059564933e-09	0.000266947222963742	0.000176522506619594
TX.VAL.MRCH.R4.ZS	5.10552723380131e-09	0.000736721992787191	0.000706090026478376
MS.MIL.XPND.GD.ZS_ratiomax2	5.08380311546705e-09	8.37481483807819e-05	0.000176522506619594
AG.LND.ARBL.ZS_delta1	5.07235445785684e-09	0.000549597223748881	0.000706090026478376
BM.GSR.TRVL.ZS_rank	5.05808515498578e-09	0.000200210417222807	0.000529567519858782
MS.MIL.XPND.GD.ZS_avg2	5.00868189219547e-09	0.000210678935770404	0.000353045013239188
SE.SEC.ENRL.GC.FE.ZS_delta1	4.99214949947299e-09	0.000285267130422038	0.000706090026478376
MS.MIL.XPND.GD.ZS_min2	4.86745773262094e-09	5.23425927379887e-05	0.000176522506619594
NY.ADJ.DFOR.GN.ZS_delta1	4.84538106019282e-09	8.63652780176813e-05	0.000176522506619594
EG.USE.PCAP.KG.OE_delta1	4.78022606017357e-09	3.00969908243435e-05	0.000176522506619594
SP.POP.0004.FE.5Y_delta1	4.75261164272239e-09	0.0011659312532387	0.000706090026478376
SP.POP.1564.FE.IN_delta1	4.63951780404801e-09	3.92569445534915e-05	0.000176522506619594
DT.ODA.ODAT.CD_tend2	4.4929199040447e-09	3.66398149165921e-05	0.000176522506619594
SE.PRM.ENRL_isNA_rank	4.40659437424725e-09	4.18740741903909e-05	0.000176522506619594
BX.GSR.TOTL.CD_isNA_rank	4.36839070734442e-09	0.000898984030274956	0.00088261253309797
BM.KLT.DINV.WD.GD.ZS_rank	4.3562249701497e-09	9.94509262021785e-05	0.000176522506619594
BM.KLT.DINV.WD.GD.ZS_ratioavg2	4.32974565716677e-09	0.00064904814995106	0.00105913503971756
DC.DAC.CECL.CD_min2	4.32493811422086e-09	0.000256478704416145	0.000529567519858782
BX.GSR.CMCP.ZS_rank	4.28054732485536e-09	0.000146559259666368	0.000176522506619594
EN.GHG.CO2.PI.MT.CE.AR5_ratioavg2	4.25811611490671e-09	0.000358546760255223	0.000529567519858782
DT.NFL.UNDP.CD_min2	4.25641757115834e-09	0.000205444676496606	0.000529567519858782
DC.DAC.CANL.CD_delta1	4.15260950313614e-09	0.000129547917026522	0.000176522506619594
BX.GSR.TRVL.ZS_rank	4.12956973537749e-09	2.61712963689943e-05	0.000176522506619594
EN.GHG.CH4.MT.CE.AR5_lag1	4.12784075399858e-09	3.53312500981424e-05	0.000176522506619594
SE.PRM.ENRR.MA	4.05095447577519e-09	0.000147867824484818	0.000529567519858782
EN.URB.LCTY_max2	4.05005546991953e-09	0.000255170139597695	0.000353045013239188
TM.VAL.MRCH.WR.ZS_lag1	4.02767845002146e-09	0.000261712963689943	0.000529567519858782
EN.GHG.N2O.FE.MT.CE.AR5_tend2	4.02424014443886e-09	0.000121696528115824	0.000353045013239188
BX.GSR.TRAN.ZS_lag1	3.9546439687177e-09	0.000153102083758617	0.000176522506619594
TX.VAL.AGRI.ZS.UN_isNA_rank	3.950290320573e-09	9.02909724730305e-05	0.000353045013239188
DT.ODA.ALLD.KD_min2	3.89614478197124e-09	2.61712963689943e-05	0.000176522506619594
EG.ELC.NGAS.ZS_ratiomax2	3.84641744142738e-09	0.000227690278410251	0.000176522506619594
BM.GSR.MRCH.CD_lag1	3.81995116239126e-09	6.9353935377835e-05	0.000176522506619594
SP.POP.2529.FE.5Y_lag1	3.79074421269183e-09	0.000179273380127611	0.000353045013239188
EN.GHG.CO2.PC.CE.AR5_max2	3.78684961271591e-09	0.000533894445927485	0.000353045013239188
NE.CON.GOVT.CD_min2	3.73883779458414e-09	0.00014001643557412	0.000353045013239188
SP.POP.5054.MA.5Y_delta1	3.73219756537819e-09	0.000642505325858811	0.000353045013239188
BX.GSR.TOTL.CD_delta1	3.729955726527e-09	4.44912038272904e-05	0.000176522506619594
TX.VAL.MANF.ZS.UN_rank	3.72847042328409e-09	5.88854168302373e-05	0.000176522506619594
AG.LND.TOTL.K2_delta1	3.7003516664699e-09	0.000506414584740041	0.000176522506619594
SP.POP.6569.MA.5Y_rank	3.67042204108923e-09	8.7673842836131e-05	0.000176522506619594
FP.CPI.TOTL.ZG_tend2	3.63996038806316e-09	0.000652973844406409	0.000529567519858782
DT.ODA.ODAT.PC.ZS_ratioavg2	3.61775134846735e-09	0.000395186575171815	0.000529567519858782
NY.GDS.TOTL.CD_isNA_rank	3.60186210841232e-09	0.000914686808096352	0.000529567519858782
NV.IND.MANF.ZS_rank	3.59422813816258e-09	7.06625001962847e-05	0.000176522506619594
SE.PRM.TCHR	3.58365293208026e-09	5.36511575564384e-05	0.000353045013239188
NE.CON.PRVT.KD.ZG_rank	3.58166284674516e-09	0.000272181482237541	0.000176522506619594
TX.VAL.MRCH.OR.ZS_rank	3.54303943716941e-09	7.98224539254328e-05	0.000353045013239188
MS.MIL.XPND.GD.ZS_tend2	3.51841391977342e-09	0.000240775926594748	0.000353045013239188
EN.GHG.ALL.MT.CE.AR5_delta1	3.50297492643123e-09	0.000329758334249329	0.000353045013239188
SP.POP.0014.FE.IN_rank	3.47742980741852e-09	5.49597223748881e-05	0.000176522506619594
BM.KLT.DINV.WD.GD.ZS_max2	3.46588381137266e-09	0.000115153704023575	0.000353045013239188
NE.CON.GOVT.CD	3.450347816069e-09	0.000311438426791033	0.000176522506619594
EG.USE.ELEC.KH.PC_max2	3.43359671513579e-09	0.000226381713591801	0.000353045013239188
SP.DYN.AMRT.MA_isNA_rank	3.36347032695884e-09	0.000429209260451507	0.000529567519858782
FI.RES.TOTL.CD_avg2	3.33158164270341e-09	2.48627315505446e-05	0.000176522506619594
BX.GSR.CMCP.ZS_ratioavg2	3.30776543423294e-09	0.000143942130029469	0.000353045013239188
EN.GHG.N2O.PI.MT.CE.AR5_ratioavg2	3.2608285625296e-09	0.000295735648969636	0.000353045013239188
IS.AIR.DPRT_avg2	3.23136135891399e-09	6.9353935377835e-05	0.000176522506619594
NE.EXP.GNFS.ZS	3.16336453347033e-09	0.000213296065407304	0.000529567519858782
EN.GHG.N2O.IC.MT.CE.AR5_lag1	3.10127180258456e-09	2.74798611874441e-05	0.000176522506619594
BX.GSR.TRVL.ZS_lag1	3.09127589876858e-09	0.000168804861580014	0.000176522506619594
IT.CEL.SETS_lag1	3.08088104284156e-09	0.000215913195044203	0.000176522506619594
NY.GDS.TOTL.ZS_delta1	3.00321835047009e-09	0.000452763427183602	0.000706090026478376
SP.POP.BRTH.MF_rank	2.96650787624402e-09	0.000159644907850866	0.000353045013239188
NY.GDP.DEFL.ZS_delta1	2.96362871989586e-09	0.000157027778213966	0.000529567519858782
NV.SRV.TOTL.ZS	2.9481770467902e-09	2.35541667320949e-05	0.000176522506619594
NE.TRD.GNFS.ZS_delta1	2.93974805005802e-09	6.0193981648687e-05	0.000176522506619594
BX.KLT.DINV.WD.GD.ZS_ratioavg2	2.9041263442651e-09	9.81423613837288e-05	0.000353045013239188
EN.GHG.ALL.MT.CE.AR5_min2	2.78283661462191e-09	2.87884260058938e-05	0.000176522506619594
DC.DAC.GBRL.CD_isNA_rank	2.77618884573817e-09	0.000210678935770404	0.000353045013239188
DC.DAC.TOTL.CD_tend2	2.77111890163959e-09	0.000358546760255223	0.000353045013239188
TX.VAL.MRCH.R2.ZS_lag1	2.74232129933214e-09	0.000105993750294427	0.000353045013239188
MS.MIL.MPRT.KD_lag1	2.74065281246722e-09	0.000171421991216913	0.000176522506619594
IT.CEL.SETS_max2	2.70816740012527e-09	3.27141204612429e-05	0.000176522506619594
DC.DAC.TOTL.CD_delta1	2.69317722790799e-09	8.50567131992316e-05	0.000176522506619594
EN.URB.MCTY.TL.ZS_delta1	2.67285640166492e-09	0.000367706713984371	0.000529567519858782
NE.CON.GOVT.ZS_avg2	2.63814818782615e-09	0.000142633565211019	0.000176522506619594
TM.VAL.OTHR.ZS.WT_isNA_rank	2.62779498385959e-09	2.74798611874441e-05	0.000176522506619594
SP.POP.3034.MA.5Y_rank	2.60974820944222e-09	0.000129547917026522	0.000353045013239188
SE.SEC.ENRL_isNA_rank	2.58283665111456e-09	0.000215913195044203	0.000353045013239188
EG.ELC.COAL.ZS_min2	2.57576516827722e-09	3.40226852796926e-05	0.000176522506619594
BX.GSR.TRAN.ZS_ratiomax2	2.5389301012077e-09	7.32796298331842e-05	0.000176522506619594
urban_wealth_interaction_lag1	2.53682058525129e-09	0.000442294908636004	0.000176522506619594
DC.DAC.FRAL.CD_min2	2.53216144512367e-09	6.41196761040361e-05	0.000353045013239188
BX.GSR.MRCH.CD_ratioavg2	2.52059333254205e-09	0.000196284722767458	0.000529567519858782
NY.GDP.FCST.CN_rank	2.51147154213405e-09	8.11310187438825e-05	0.000176522506619594
AG.LND.AGRI.ZS_min2	2.49326595190828e-09	9.42166669283796e-05	0.000176522506619594
NY.ADJ.DNGY.GN.ZS_rank	2.46388998592033e-09	8.63652780176813e-05	0.000176522506619594
AG.LND.AGRI.ZS_tend2	2.46162641792141e-09	0.000586237038665473	0.000706090026478376
NY.ADJ.DMIN.CD_isNA_rank	2.43875876555548e-09	0.000129547917026522	0.000353045013239188
BM.GSR.TRAN.ZS_avg2	2.38071555443734e-09	0.000107302315112877	0.000176522506619594
DC.DAC.FRAL.CD_rank	2.37719929088857e-09	0.000266947222963742	0.000353045013239188
SP.POP.1564.MA.ZS_delta1	2.34256667969678e-09	0.000213296065407304	0.000353045013239188
NY.GDP.PCAP.KD_delta1	2.33266703627091e-09	0.000102068055839078	0.000353045013239188
NY.ADJ.DRES.GN.ZS_delta1	2.3324505494538e-09	0.000422666436359259	0.00088261253309797
IS.AIR.PSGR_ratiomax2	2.32772103199025e-09	0.000455380556820502	0.000529567519858782
TM.VAL.MANF.ZS.UN_lag1	2.32752444252893e-09	0.000676528011138504	0.000529567519858782
BM.KLT.DINV.CD.WD_rank	2.27999126775907e-09	0.000174039120853812	0.000353045013239188
BX.GSR.TOTL.CD	2.25983490654863e-09	0.000151793518940167	0.000176522506619594
SM.POP.NETM	2.21913754102353e-09	0.000253861574779245	0.000353045013239188
AG.LND.ARBL.HA.PC_avg2	2.19519333069499e-09	2.61712963689943e-05	0.000176522506619594
NY.GDP.MKTP.CN_delta1	2.1545699186507e-09	9.02909724730305e-05	0.000176522506619594
AG.LND.AGRI.K2_max2	2.1206290961395e-09	0.000281341435966689	0.000176522506619594
EN.GHG.CO2.IC.MT.CE.AR5_avg2	2.09626921624642e-09	2.74798611874441e-05	0.000176522506619594
EN.GHG.CO2.RT.GDP.KD_ratioavg2	2.08289709518683e-09	6.9353935377835e-05	0.000176522506619594
EN.GHG.CO2.IC.MT.CE.AR5_delta1	2.07760361270227e-09	0.000133473611481871	0.000176522506619594
NV.IND.TOTL.ZS_delta1	2.06825728112672e-09	0.000303587037880334	0.000353045013239188
EG.ELC.FOSL.ZS_ratiomax2	2.06309335890691e-09	0.000280032871148239	0.000353045013239188
NY.GDP.DEFL.ZS_rank	2.06297881601566e-09	0.000191050463493659	0.000353045013239188
NE.EXP.GNFS.KD.ZG_isNA_rank	1.96821918924596e-09	0.000145250694847919	0.000353045013239188
TX.VAL.OTHR.ZS.WT_rank	1.96720339143485e-09	8.11310187438825e-05	0.000176522506619594
economic_capacity_index_lag1	1.92153470858872e-09	0.000103376620657528	0.000176522506619594
IT.MLT.MAIN.P2_isNA_rank	1.90015202299153e-09	0.000103376620657528	0.000353045013239188
EN.GHG.N2O.IP.MT.CE.AR5_ratiomax2	1.88739228492198e-09	0.000103376620657528	0.000353045013239188
EN.GHG.CO2.RT.GDP.KD_lag1	1.86489895121597e-09	0.000116462268842025	0.000176522506619594
DC.DAC.CECL.CD_isNA_rank	1.86342859450989e-09	0.000179273380127611	0.000353045013239188
EN.GHG.ALL.PC.CE.AR5_max2	1.83876891682279e-09	0.000256478704416145	0.000529567519858782
FI.RES.TOTL.CD_max2	1.83137138982262e-09	0.000320598380520181	0.000176522506619594
EN.GHG.ALL.PC.CE.AR5_ratioavg2	1.78081611030971e-09	5.75768520117876e-05	0.000176522506619594
NY.GDP.MKTP.KD.ZG_lag1	1.77522830147193e-09	0.000189741898675209	0.000353045013239188
IS.AIR.GOOD.MT.K1_min2	1.76446828252425e-09	0.000108610879931327	0.000176522506619594
NE.CON.TOTL.KD.ZG_tend2	1.74837773351494e-09	3.92569445534915e-05	0.000176522506619594
health_crisis_indicator_delta1	1.73591458857197e-09	9.02909724730305e-05	0.000176522506619594
MS.MIL.XPND.CD	1.723330029581e-09	0.000141325000392569	0.000176522506619594
NY.GDP.PCAP.KD.ZG_isNA_rank	1.70963115668368e-09	0.000109919444749776	0.000353045013239188
SP.DYN.TO65.MA.ZS_lag1	1.70362815642886e-09	0.000280032871148239	0.000529567519858782
NY.GDP.FRST.RT.ZS_rank	1.68515940798353e-09	0.000102068055839078	0.000176522506619594
NY.ADJ.NNTY.CD	1.62495631603844e-09	4.57997686457401e-05	0.000176522506619594
EG.ELC.FOSL.ZS_avg2	1.56220310406546e-09	0.000194976157949008	0.000353045013239188
DC.DAC.TOTL.CD_isNA_rank	1.55250244747936e-09	7.8513889106983e-05	0.000176522506619594
BM.TRF.PWKR.CD.DT_lag1	1.53924720692106e-09	4.44912038272904e-05	0.000176522506619594
SP.DYN.TO65.MA.ZS_delta1	1.53409104131634e-09	0.000357238195436773	0.000529567519858782
TM.VAL.FOOD.ZS.UN_rank	1.5302535711127e-09	0.000353312500981424	0.000353045013239188
DC.DAC.USAL.CD_isNA_rank	1.50743375120646e-09	6.41196761040361e-05	0.000176522506619594
DC.DAC.USAL.CD_ratiomax2	1.50394557660997e-09	0.000341535417615376	0.000353045013239188
BM.TRF.PWKR.CD.DT_rank	1.48815413542893e-09	0.000123005092934273	0.000176522506619594
MS.MIL.XPND.CD_min2	1.48551150271337e-09	0.00018450763940141	0.000176522506619594
BX.GSR.TOTL.CD_tend2	1.48485944676228e-09	0.000273490047055991	0.000353045013239188
ER.FSH.PROD.MT	1.45497013187267e-09	8.89824076545808e-05	0.000176522506619594
health_vulnerability_index_delta1	1.4082678712119e-09	0.000223764583954902	0.000353045013239188
ER.FSH.AQUA.MT_tend2	1.39799251674286e-09	0.000497254631010893	0.000176522506619594
NY.GDP.MKTP.CN_lag1	1.38453369160233e-09	9.42166669283796e-05	0.000176522506619594
EG.USE.PCAP.KG.OE_ratiomax2	1.37259176285839e-09	3.14055556427932e-05	0.000176522506619594
SH.STA.MMRT_delta1	1.34195617925e-09	8.37481483807819e-05	0.000176522506619594
EN.GHG.CH4.BU.MT.CE.AR5_avg2	1.33166148637074e-09	3.53312500981424e-05	0.000176522506619594
TM.VAL.AGRI.ZS.UN_rank	1.31587085981138e-09	6.28111112855864e-05	0.000176522506619594
AG.LND.AGRI.ZS_max2	1.3157109106163e-09	3.66398149165921e-05	0.000176522506619594
NV.IND.TOTL.KD.ZG	1.2975050879577e-09	0.000357238195436773	0.000353045013239188
BM.KLT.DINV.WD.GD.ZS_ratiomax2	1.29718995554707e-09	0.000307512732335684	0.000176522506619594
EN.GHG.CO2.TR.MT.CE.AR5_avg2	1.26319855565531e-09	0.000117770833660475	0.000176522506619594
EN.GHG.CH4.IC.MT.CE.AR5_tend2	1.26206431893624e-09	4.05655093719412e-05	0.000176522506619594
NE.CON.PRVT.CD_ratioavg2	1.25816419370025e-09	3.92569445534915e-05	0.000176522506619594
BM.GSR.TOTL.CD	1.24140919675034e-09	0.000119079398478924	0.000176522506619594
NE.CON.PRVT.PC.KD_max2	1.2383792291372e-09	8.63652780176813e-05	0.000176522506619594
BG.GSR.NFSV.GD.ZS_ratiomax2	1.2366665401918e-09	0.000175347685672262	0.000176522506619594
EN.GHG.CH4.MT.CE.AR5_delta1	1.23359067041816e-09	0.000108610879931327	0.000353045013239188
NY.ADJ.DFOR.CD_lag1	1.22991906427134e-09	5.49597223748881e-05	0.000176522506619594
BM.TRF.PWKR.CD.DT_ratiomax2	1.21405565303618e-09	0.000226381713591801	0.000353045013239188
NY.ADJ.DFOR.CD_rank	1.20736509437801e-09	0.00018319907458296	0.000176522506619594
TX.VAL.MRCH.RS.ZS_delta1	1.19767601958704e-09	0.000133473611481871	0.000353045013239188
IT.MLT.MAIN.P2_delta1	1.19700083989132e-09	0.000105993750294427	0.000176522506619594
NE.IMP.GNFS.KD.ZG_isNA_rank	1.18562259392855e-09	0.000210678935770404	0.000353045013239188
TM.VAL.MRCH.R5.ZS_delta1	1.18046054888043e-09	2.48627315505446e-05	0.000176522506619594
EN.GHG.CH4.FE.MT.CE.AR5_ratiomax2	1.170912049456e-09	4.05655093719412e-05	0.000176522506619594
EN.URB.MCTY.TL.ZS_ratioavg2	1.14757859287414e-09	0.000668676622227805	0.000529567519858782
EN.URB.LCTY	1.1398763803499e-09	0.000494637501373993	0.000176522506619594
SP.POP.TOTL.MA.ZS_rank	1.1344816014309e-09	4.44912038272904e-05	0.000176522506619594
IS.AIR.GOOD.MT.K1_avg2	1.09388284054688e-09	4.71083334641898e-05	0.000176522506619594
NY.ADJ.DFOR.GN.ZS_lag1	1.0838692984007e-09	6.80453705593853e-05	0.000176522506619594
BM.GSR.GNFS.CD	1.06041393191417e-09	2.87884260058938e-05	0.000176522506619594
BM.KLT.DINV.WD.GD.ZS_lag1	1.02736961826611e-09	0.000265638658145293	0.000353045013239188
BX.GRT.EXTA.CD.WD_delta1	1.0264969813599e-09	0.00018319907458296	0.000353045013239188
TX.VAL.MRCH.R4.ZS_rank	1.00376025286456e-09	0.000150484954121717	0.000176522506619594
AG.LND.CROP.ZS_delta1	9.94813280710878e-10	0.00027741574151134	0.000353045013239188
SP.POP.0004.FE.5Y_lag1	9.83543397140122e-10	3.27141204612429e-05	0.000176522506619594
SE.PRM.ENRL.FE.ZS_isNA_rank	9.58503768586269e-10	2.48627315505446e-05	0.000176522506619594
BX.GRT.TECH.CD.WD_lag1	9.47575760481752e-10	0.000172730556035363	0.000353045013239188
DC.DAC.USAL.CD_min2	9.42516362192043e-10	0.000174039120853812	0.000353045013239188
NY.GDP.PCAP.CN_rank	9.38343157175777e-10	0.00041743217708546	0.000176522506619594
BX.TRF.PWKR.DT.GD.ZS_max2	9.10790881191111e-10	0.000143942130029469	0.000176522506619594
AG.LND.CREL.HA_tend2	8.96083772296929e-10	0.000215913195044203	0.000353045013239188
NE.IMP.GNFS.KD_rank	8.94747580238982e-10	6.67368057409356e-05	0.000176522506619594
TM.VAL.MRCH.R3.ZS_lag1	8.93952615738621e-10	6.54282409224859e-05	0.000353045013239188
EG.ELC.HYRO.ZS_lag1	8.93614618579925e-10	0.000136090741118771	0.000176522506619594
NY.GDS.TOTL.ZS_lag1	8.78083183386728e-10	0.000375558102895069	0.000176522506619594
TX.VAL.SERV.CD.WT_isNA_rank	8.679680260411e-10	0.000294427084151186	0.000353045013239188
EN.GHG.CO2.IC.MT.CE.AR5_lag1	8.33838317556165e-10	0.000104685185475977	0.000176522506619594
BX.GSR.MRCH.CD_delta1	8.27978150586657e-10	0.000344152547252276	0.000353045013239188
NE.CON.PRVT.KD_tend2	8.23594485404131e-10	0.000174039120853812	0.000353045013239188
BX.GRT.EXTA.CD.WD_lag1	7.98571290957124e-10	3.27141204612429e-05	0.000176522506619594
SE.SEC.DURS_rank	7.86780456824837e-10	0.000128239352208072	0.000176522506619594
AG.LND.CROP.ZS_tend2	7.69460324942078e-10	0.000107302315112877	0.000176522506619594
DC.DAC.DEUL.CD_isNA_rank	7.5732869560273e-10	0.000259095834053044	0.000176522506619594
EN.GHG.CO2.PC.CE.AR5_avg2	7.52950475989013e-10	0.000327141204612429	0.000353045013239188
AG.YLD.CREL.KG_avg2	7.45412693079074e-10	6.0193981648687e-05	0.000176522506619594
AG.PRD.LVSK.XD_ratioavg2	7.43088042843181e-10	9.15995372914802e-05	0.000353045013239188
TM.VAL.MMTL.ZS.UN_rank	7.31687522068965e-10	8.63652780176813e-05	0.000176522506619594
EN.GHG.CO2.FE.MT.CE.AR5_lag1	7.17006481068402e-10	0.000141325000392569	0.000176522506619594
FS.AST.CGOV.GD.ZS_ratiomax2	7.07002006015652e-10	3.27141204612429e-05	0.000176522506619594
TX.VAL.MRCH.R5.ZS_lag1	7.06777675144449e-10	0.000171421991216913	0.000529567519858782
BM.TRF.PWKR.CD.DT_avg2	6.96323520072197e-10	0.000192359028312108	0.000176522506619594
SP.POP.BRTH.MF	6.78978807865835e-10	6.15025464671367e-05	0.000176522506619594
BM.GSR.TRVL.ZS	6.78777370520091e-10	0.000334992593523128	0.000529567519858782
EN.GHG.CO2.RT.GDP.KD_ratiomax2	6.63482365986354e-10	2.61712963689943e-05	0.000176522506619594
BX.GSR.GNFS.CD_ratioavg2	6.36904483780678e-10	0.000236850232139399	0.000353045013239188
BM.TRF.PWKR.CD.DT_max2	6.26756104038021e-10	0.000170113426398463	0.000176522506619594
TM.VAL.MRCH.WR.ZS_rank	6.09843212156382e-10	7.19710650147344e-05	0.000176522506619594
SP.POP.2529.FE.5Y_rank	5.98429724951555e-10	9.55252317468293e-05	0.000176522506619594
DC.DAC.FRAL.CD_lag1	5.74645711746435e-10	0.000134782176300321	0.000176522506619594
AG.YLD.CREL.KG_max2	5.71397744289246e-10	3.27141204612429e-05	0.000176522506619594
SM.POP.RHCR.EA_lag1	5.65307455550971e-10	3.92569445534915e-05	0.000176522506619594
FI.RES.TOTL.CD_lag1	5.59485106507294e-10	9.81423613837288e-05	0.000176522506619594
SH.DTH.IMRT_delta1	5.54444457797999e-10	0.000336301158341577	0.000353045013239188
DT.ODA.ODAT.GN.ZS_delta1	5.53414333270899e-10	8.24395835623322e-05	0.000176522506619594
NY.ADJ.DKAP.GN.ZS_lag1	5.28064121348649e-10	0.000121696528115824	0.000176522506619594
BX.TRF.PWKR.DT.GD.ZS_min2	5.26968915633338e-10	8.89824076545808e-05	0.000176522506619594
DC.DAC.TOTL.CD_ratiomax2	5.13423209320192e-10	0.00014001643557412	0.000176522506619594
BM.KLT.DINV.WD.GD.ZS_avg2	5.09231520361015e-10	6.41196761040361e-05	0.000176522506619594
SP.DYN.LE00.IN_delta1	5.04253942849493e-10	0.000150484954121717	0.000353045013239188
NE.IMP.GNFS.CD	4.98031109851852e-10	4.71083334641898e-05	0.000176522506619594
SP.DYN.CDRT.IN_lag1	4.73337447581783e-10	0.000107302315112877	0.000176522506619594
TM.VAL.MRCH.R6.ZS_rank	4.35287956685645e-10	0.000149176389303268	0.000176522506619594
SH.DYN.MORT.MA_lag1	4.3063745863145e-10	0.000181890509764511	0.000176522506619594
AG.PRD.LVSK.XD_min2	4.27785981711097e-10	0.000331066899067778	0.000353045013239188
AG.LND.ARBL.HA_ratioavg2	4.26064045850291e-10	0.000226381713591801	0.000353045013239188
DT.NFL.UNDP.CD_ratiomax2	4.23345036228361e-10	7.45881946516339e-05	0.000176522506619594
BM.GSR.NFSV.CD_tend2	4.20425963418102e-10	9.81423613837288e-05	0.000176522506619594
NE.CON.PRVT.ZS_delta1	4.18832740512344e-10	8.7673842836131e-05	0.000176522506619594
BX.TRF.PWKR.DT.GD.ZS_avg2	4.15822872803593e-10	0.000310129861972583	0.000353045013239188
SG.LAW.INDX_lag1	4.15066850761158e-10	0.000181890509764511	0.000176522506619594
DT.NFL.UNDP.CD_max2	4.08620147330651e-10	9.29081021099299e-05	0.000176522506619594
FirstYear_rank	4.08385359196417e-10	0.00018712476903831	0.000353045013239188
BM.GSR.TRAN.ZS	3.93428267702835e-10	9.42166669283796e-05	0.000176522506619594
NY.GDP.FCST.KD	3.74883936533353e-10	8.7673842836131e-05	0.000176522506619594
SE.ENR.PRIM.FM.ZS_delta1	3.74794363567373e-10	0.000102068055839078	0.000176522506619594
DT.ODA.ODAT.CD_avg2	3.71416871263768e-10	0.000239467361776298	0.000176522506619594
health_crisis_indicator_lag1	3.68237544537329e-10	6.9353935377835e-05	0.000176522506619594
DT.ODA.ALLD.CD_min2	3.63529775037508e-10	9.42166669283796e-05	0.000176522506619594
DT.ODA.ODAT.KD_ratiomax2	3.51249884553206e-10	0.000116462268842025	0.000176522506619594
SP.DYN.TO65.MA.ZS_rank	3.5046572264463e-10	0.000119079398478924	0.000176522506619594
MS.MIL.MPRT.KD_min2	3.49636366942226e-10	7.19710650147344e-05	0.000176522506619594
FD.AST.PRVT.GD.ZS_avg2	3.4902412562553e-10	2.35541667320949e-05	0.000176522506619594
TM.VAL.AGRI.ZS.UN_lag1	3.46911882457429e-10	4.18740741903909e-05	0.000176522506619594
TM.VAL.MRCH.OR.ZS_lag1	3.37749867890559e-10	0.000136090741118771	0.000176522506619594
NY.GDP.MKTP.CN_rank	3.18837575652053e-10	0.000100759491020628	0.000176522506619594
DC.DAC.FRAL.CD_max2	3.05243310803376e-10	9.15995372914802e-05	0.000176522506619594
EN.GHG.CO2.RT.GDP.KD	2.94669397490232e-10	4.97254631010893e-05	0.000176522506619594
EN.POP.DNST_ratioavg2	2.89642721313589e-10	5.49597223748881e-05	0.000176522506619594
MS.MIL.XPND.GD.ZS	2.81805352427874e-10	8.37481483807819e-05	0.000353045013239188
SG.LAW.INDX_delta1	2.81345463073677e-10	0.000160953472669315	0.000176522506619594
EN.URB.LCTY.UR.ZS	2.61403489037243e-10	7.19710650147344e-05	0.000176522506619594
EG.ELC.PETR.ZS_ratiomax2	2.60350643649062e-10	8.11310187438825e-05	0.000176522506619594
EN.GHG.N2O.TR.MT.CE.AR5_max2	2.3879722397417e-10	7.8513889106983e-05	0.000176522506619594
NV.AGR.TOTL.KD	2.34885871126393e-10	3.92569445534915e-05	0.000176522506619594
BX.KLT.DINV.CD.WD_delta1	2.18405268862398e-10	0.000303587037880334	0.000353045013239188
NE.CON.TOTL.KD_max2	2.17434284098029e-10	4.97254631010893e-05	0.000176522506619594
EN.GHG.CH4.FE.MT.CE.AR5_rank	2.13072835065329e-10	2.74798611874441e-05	0.000176522506619594
NE.GDI.FTOT.ZS_lag1	1.96795079686079e-10	0.000109919444749776	0.000353045013239188
BX.GRT.EXTA.CD.WD_ratioavg2	1.90553823067377e-10	7.45881946516339e-05	0.000176522506619594
NE.CON.TOTL.CD_ratioavg2	1.73986879760355e-10	2.35541667320949e-05	0.000176522506619594
NE.RSB.GNFS.ZS_lag1	1.72606131438587e-10	2.09370370951955e-05	0.000176522506619594
AG.LND.ARBL.HA.PC_min2	1.6822481272067e-10	0.000201518982041256	0.000176522506619594
NV.AGR.TOTL.CN_isNA_rank	1.62112476069654e-10	3.66398149165921e-05	0.000176522506619594
NY.GDP.FCST.KD_rank	1.54694601928526e-10	5.1034027919539e-05	0.000176522506619594
NE.CON.TOTL.KD_rank	1.47522991461758e-10	0.000107302315112877	0.000176522506619594
IT.MLT.MAIN_min2	1.42906760645438e-10	3.27141204612429e-05	0.000176522506619594
DC.DAC.FRAL.CD_ratioavg2	1.40327473619729e-10	3.40226852796926e-05	0.000176522506619594
DT.NFL.UNDP.CD_lag1	1.38594472259943e-10	2.35541667320949e-05	0.000176522506619594
BG.GSR.NFSV.GD.ZS_delta1	1.38505324313968e-10	0.000143942130029469	0.000176522506619594
FS.AST.PRVT.GD.ZS_min2	1.29050736601398e-10	7.58967594700836e-05	0.000176522506619594
BM.GSR.MRCH.CD_delta1	1.28814567152149e-10	8.24395835623322e-05	0.000176522506619594
BX.GSR.GNFS.CD_delta1	1.25509593886836e-10	0.000192359028312108	0.000176522506619594
NY.GDP.MKTP.KN	1.11773726539944e-10	8.7673842836131e-05	0.000176522506619594
SP.POP.GROW	1.07933617670445e-10	0.000107302315112877	0.000176522506619594
SP.DYN.TO65.FE.ZS_delta1	1.03572635717021e-10	0.000180581944946061	0.000353045013239188
SE.PRM.ENRR.FE_lag1	1.00609929733264e-10	3.14055556427932e-05	0.000176522506619594
EN.GHG.N2O.TR.MT.CE.AR5_delta1	9.96835012327156e-11	2.09370370951955e-05	0.000176522506619594
NE.IMP.GNFS.CN_isNA_rank	9.29360164576699e-11	3.40226852796926e-05	0.000176522506619594
DC.DAC.DEUL.CD_tend2	8.38924762170961e-11	7.19710650147344e-05	0.000176522506619594
EN.GHG.CO2.PI.MT.CE.AR5_tend2	6.25810965802684e-11	8.24395835623322e-05	0.000176522506619594
NE.CON.PRVT.KD_lag1	5.6683766924104e-11	5.75768520117876e-05	0.000176522506619594
NE.CON.TOTL.KD.ZG_rank	5.32351723155542e-11	4.57997686457401e-05	0.000176522506619594
DC.DAC.CANL.CD_min2	4.21210984221271e-11	4.71083334641898e-05	0.000176522506619594
EN.GHG.N2O.IP.MT.CE.AR5_lag1	3.80909057197816e-11	0.000158336343032416	0.000353045013239188
DC.DAC.CECL.CD_avg2	2.86202693514508e-11	2.61712963689943e-05	0.000176522506619594
FI.RES.XGLD.CD_tend2	2.64503584951148e-11	3.92569445534915e-05	0.000176522506619594
SE.PRM.TCHR_delta1	2.44742014197521e-11	4.31826390088407e-05	0.000176522506619594
NY.GDP.FCST.CD_delta1	1.5047502324519e-11	0.000100759491020628	0.000176522506619594
TX.VAL.TRVL.ZS.WT_delta1	1.25955940155676e-11	7.72053242885333e-05	0.000176522506619594
NY.ADJ.DKAP.GN.ZS_delta1	1.0869380800803e-11	8.63652780176813e-05	0.000176522506619594
NV.AGR.TOTL.CD_rank	4.10209524026732e-12	9.15995372914802e-05	0.000176522506619594
BX.TRF.PWKR.CD.DT_max2	3.18637248449706e-12	3.66398149165921e-05	0.000176522506619594
NY.GDP.FCST.CN_lag1	2.93225202757718e-12	0.000113845139205125	0.000176522506619594
FS.AST.PRVT.GD.ZS_max2	1.65687034321847e-13	2.09370370951955e-05	0.000176522506619594
EN.GHG.CO2.MT.CE.AR5_ratioavg2	7.55370169127094e-15	0.000113845139205125	0.000176522506619594
