Feature	Gain	Cover	Frequency
urban_health_access	0.166295526833733	0.000604707892207995	0.000436999271667881
SP.URB.TOTL.IN.ZS	0.131112674660686	0.000749468185588856	0.000436999271667881
NE.CON.PRVT.PC.KD	0.127269934434942	0.00526475733657487	0.00262199563000728
urban_health_access_rank	0.123691782546928	0.0013398027153335	0.000436999271667881
NE.CON.PRVT.PC.KD_max2	0.0810592668356497	0.000943508578844053	0.00101966496722505
SP.RUR.TOTL.ZS	0.0623363022534223	0.00234491141902048	0.00101966496722505
SP.URB.TOTL.IN.ZS_rank	0.0466619840606949	0.00121660246564766	0.000436999271667881
SP.RUR.TOTL.ZS_rank	0.0452257392429822	0.00210980427587	0.000728332119446468
TX.VAL.MRCH.R2.ZS	0.0240654324244907	0.000969175297528603	0.00101966496722505
mortality_efficiency	0.0162787613356447	0.000776161573020788	0.000728332119446468
NY.GDP.PCAP.KD	0.0143410171435736	0.00195477729501532	0.00101966496722505
EN.URB.LCTY_lag1	0.0134549037224256	0.00033982735538344	0.000291332847778587
EN.URB.LCTY_min2	0.0129056420084464	0.00070018808571452	0.000582665695557174
BG.GSR.NFSV.GD.ZS_max2	0.00963912982240261	0.000709428104440958	0.000728332119446468
NY.GDP.DEFL.ZS	0.00958874864502302	0.00181207033912922	0.00247632920611799
EN.GHG.N2O.PI.MT.CE.AR5_max2	0.00757780684064441	0.000258720524340263	0.000291332847778587
year	0.00742782893833726	0.00445574236363786	0.00320466132556446
NY.GDP.DEFL.ZS_lag1	0.00693872781810461	0.00137573612149187	0.00145666423889294
SH.IMM.IDPT_rank	0.00599522749757927	0.00180693699539231	0.00116533139111435
SP.POP.2024.FE.5Y_rank	0.0045955702434904	0.00285516578646933	0.00101966496722505
BG.GSR.NFSV.GD.ZS	0.00399505322366328	0.0006899213982407	0.000873998543335761
EN.GHG.CH4.WA.MT.CE.AR5_lag1	0.00305422259785757	0.000138600280896569	0.000291332847778587
NE.CON.PRVT.PC.KD_avg2	0.00292599216827711	0.000331614005404384	0.000582665695557174
SP.POP.6064.FE.5Y_rank	0.00285067235428383	0.000282333905530049	0.000145666423889294
SP.DYN.TO65.FE.ZS_lag1	0.00279566012738518	0.00332024672903337	0.00145666423889294
SP.POP.0014.MA.IN	0.00251315135699011	7.49468185588856e-05	0.000145666423889294
EN.GHG.CH4.WA.MT.CE.AR5_avg2	0.00248982583056385	0.000108826887222491	0.000145666423889294
FP.CPI.TOTL_rank	0.00243861093916244	0.000163240330833737	0.000291332847778587
SP.DYN.LE00.FE.IN	0.00226536165039966	0.00042709419891091	0.000582665695557174
SP.POP.1564.FE.ZS_lag1	0.00195410469796065	0.00538795758626071	0.0021849963583394
TX.VAL.MRCH.WR.ZS_lag1	0.00181596264849114	0.000144760293380861	0.000436999271667881
EG.ELC.PETR.ZS_avg2	0.00180539345932364	0.000233053805655713	0.000436999271667881
TX.VAL.MRCH.OR.ZS	0.00176398456476647	0.000175560355802321	0.000436999271667881
EN.GHG.ALL.PC.CE.AR5_min2	0.00173520552110133	0.000213547099455455	0.000291332847778587
SP.POP.0014.FE.IN_lag1	0.00161337461249042	8.62401747800876e-05	0.000145666423889294
EN.URB.LCTY_delta1	0.00160162508868271	9.95868684960535e-05	0.000145666423889294
AG.CON.FERT.ZS_max2	0.00146601614432097	0.000294653930498633	0.000291332847778587
SM.POP.RHCR.EO_lag1	0.00146453667124375	0.000760761541810058	0.000728332119446468
SP.POP.5054.FE.5Y	0.00135259611883751	0.00486024985010636	0.00203932993445011
NY.ADJ.DMIN.CD_lag1	0.00131312516438749	8.41868372853236e-05	0.000145666423889294
EN.GHG.N2O.PI.MT.CE.AR5	0.00130640170113662	0.000290547255509104	0.000291332847778587
EN.GHG.N2O.BU.MT.CE.AR5_max2	0.00113982317944637	8.62401747800876e-05	0.000145666423889294
SH.IMM.IDPT	0.00109611517786268	0.000490747661248594	0.000436999271667881
EN.GHG.CH4.WA.MT.CE.AR5	0.00098742708085647	0.000156053649602063	0.000291332847778587
EN.URB.LCTY_tend2	0.000987066194295112	0.000402454148973742	0.000582665695557174
MS.MIL.XPND.GD.ZS_max2	0.000898826017744592	8.62401747800876e-05	0.000145666423889294
EN.GHG.CH4.TR.MT.CE.AR5_ratiomax2	0.000848995223091966	0.000112933562212019	0.000436999271667881
PA.NUS.FCRF	0.000774771006317199	0.00045789426133237	0.000873998543335761
NY.ADJ.NNTY.PC.CD	0.000733275675897826	0.00212212430083858	0.00174799708667152
DC.DAC.CANL.CD	0.000729041386182316	0.000632427948387309	0.000873998543335761
FP.CPI.TOTL	0.00069023555774673	0.0077092556240914	0.00393299344501092
BG.GSR.NFSV.GD.ZS_lag1	0.000682333746743796	0.00038602744901563	0.000436999271667881
SP.POP.2024.MA.5Y_rank	0.000658620938473009	0.00142296288387144	0.000728332119446468
NY.GDP.MKTP.KN_delta1	0.000636527722261423	0.0010318020911189	0.000728332119446468
SP.DYN.LE00.MA.IN	0.000636170783006438	0.00049896101122765	0.000291332847778587
SP.POP.2024.MA.5Y_lag1	0.000624819424661437	0.000525654398659581	0.000291332847778587
SP.POP.1519.MA.5Y_delta1	0.00059974759609569	0.000536947754880783	0.000582665695557174
NY.GDP.FRST.RT.ZS	0.000586065539287368	0.000933241891370233	0.000873998543335761
SP.POP.5559.FE.5Y_lag1	0.00057835463655227	0.000261800530582409	0.000436999271667881
SP.POP.4549.MA.5Y	0.000576549416164852	0.00243525826879009	0.00101966496722505
NE.TRD.GNFS.ZS	0.000543717759343113	0.000919895197654267	0.00116533139111435
NV.SRV.TOTL.ZS_rank	0.00052350310545385	0.00030389394922507	0.000436999271667881
EN.GHG.ALL.PC.CE.AR5_lag1	0.000513483220366052	0.000149893637117771	0.000291332847778587
NV.AGR.TOTL.CN_lag1	0.000489394644701148	0.0174626087242203	0.00597232337946103
SE.PRM.ENRL_rank	0.00047002808381275	0.000165293668328501	0.000145666423889294
NY.GSR.NFCY.CN	0.000465959553676998	0.00168476341445385	0.00116533139111435
SP.DYN.AMRT.FE_lag1	0.000437014616190411	0.00148969635245127	0.00101966496722505
NE.CON.PRVT.PC.KD_lag1	0.000425150089189841	6.46801310850657e-05	0.000145666423889294
AG.LND.CREL.HA_min2	0.000422481012405382	0.000169400343318029	0.000145666423889294
DT.ODA.ALLD.CD_lag1	0.000412712757398006	0.000242293824382151	0.000145666423889294
BM.TRF.PWKR.CD.DT_min2	0.000409002895148862	0.000590334529744647	0.000436999271667881
NY.GDP.PCAP.CD	0.000403314070989345	0.00101845539740294	0.000873998543335761
SH.DTH.MORT	0.000388146737387106	0.000317240642941036	0.000291332847778587
SP.POP.6064.MA.5Y_delta1	0.000384340470238254	0.00349991375982522	0.00160233066278223
FM.AST.NFRG.CN	0.000367502762474282	0.00677601373272117	0.00291332847778587
NY.GDP.FRST.RT.ZS_lag1	0.000350372673168941	0.00135417607779685	0.000873998543335761
NY.ADJ.NNTY.PC.CD_lag1	0.000345884570601917	0.000322373986677946	0.000436999271667881
SP.POP.4044.FE.5Y_rank	0.000342643883565484	0.000232027136908331	0.000145666423889294
SP.DYN.AMRT.FE	0.000334449959920275	0.003375686841392	0.00174799708667152
SE.PRM.ENRL.FE.ZS	0.000331990232577207	0.0012032557719317	0.00189366351056082
NY.GDP.FCST.KD	0.000310479083027303	3.38800686636058e-05	0.000145666423889294
SE.PRM.TCHR_delta1	0.000296595740945708	0.000554401123586277	0.00101966496722505
SP.POP.4549.FE.5Y_rank	0.00028391953721614	0.00044249423012164	0.000436999271667881
SE.TER.ENRR	0.000280705336664411	0.00454506254466009	0.00262199563000728
SE.SEC.ENRR.FE	0.000279845442403751	0.00129154928420655	0.00145666423889294
NV.AGR.TOTL.CN	0.000268249797160852	0.00936424564487117	0.00320466132556446
SM.POP.RHCR.EA_delta1	0.00026642249318315	0.000850081722832292	0.000728332119446468
SP.DYN.TO65.FE.ZS	0.000262824348909875	0.00492698331868619	0.00174799708667152
SP.DYN.TFRT.IN	0.000257243635543618	0.00661174673314005	0.00262199563000728
NE.EXP.GNFS.ZS_lag1	0.00025391063511591	0.00113549563460449	0.000873998543335761
SP.RUR.TOTL.ZG	0.00025366082334816	0.000480480973774774	0.000436999271667881
FI.RES.TOTL.MO	0.000250341363160976	1.64266999581119e-05	0.000145666423889294
AG.LND.AGRI.K2_max2	0.000249478734064407	0.000262827199329791	0.000291332847778587
SH.STA.MMRT	0.000245117220151249	0.000261800530582409	0.000582665695557174
SP.POP.6569.FE.5Y_delta1	0.000235358908849097	0.00107389550976157	0.00116533139111435
SP.POP.0014.MA.ZS	0.000232422173474074	0.00744642842476161	0.00247632920611799
TX.VAL.MRCH.RS.ZS_rank	0.000231989157546564	0.000331614005404384	0.000145666423889294
FP.CPI.TOTL_max2	0.000224560532215903	0.00109648222220397	0.000728332119446468
urban_development_ratio	0.000223130733752918	0.000236133811897859	0.000582665695557174
TX.VAL.MRCH.RS.ZS	0.00020402076680485	0.000456867592584988	0.000436999271667881
FP.CPI.TOTL_lag1	0.000193733185069096	0.000491774329995976	0.000728332119446468
PA.NUS.ATLS	0.000191746235205723	0.000172480349560175	0.000582665695557174
FI.RES.TOTL.CD_min2	0.000187088414266045	4.62000936321898e-05	0.000145666423889294
SP.POP.5054.FE.5Y_lag1	0.00018388297902553	0.00802546959828505	0.00291332847778587
TX.VAL.MRCH.RS.ZS_lag1	0.000179781564012065	0.000331614005404384	0.000145666423889294
AG.CON.FERT.ZS_rank	0.000175093372089146	0.000226893793171421	0.000145666423889294
ER.H2O.INTR.K3	0.000173754971067706	0.000277200561793139	0.000145666423889294
BM.TRF.PWKR.CD.DT	0.000167018022924549	0.00206463085098519	0.00262199563000728
SE.TER.ENRR_lag1	0.000161095963332972	0.00195477729501532	0.00101966496722505
DT.ODA.ALLD.CD_min2	0.000157311647096593	9.75335310012895e-05	0.000145666423889294
FI.RES.TOTL.CD_lag1	0.00015626062298283	9.13735185169975e-05	0.000291332847778587
AG.PRD.FOOD.XD_lag1	0.000148562631820087	0.000636534623376837	0.000436999271667881
SP.POP.TOTL.MA.IN_delta1	0.000148535071245327	0.00034496069912035	0.000582665695557174
SP.POP.6569.MA.5Y_delta1	0.000148242611918428	0.00105952214729822	0.00174799708667152
BX.TRF.PWKR.DT.GD.ZS	0.000142608867231757	0.000331614005404384	0.000582665695557174
SP.POP.4044.FE.5Y_lag1	0.000141113585572275	0.000359334061583698	0.000291332847778587
DC.DAC.DEUL.CD_min2	0.000140693727178324	0.000531814411143873	0.000436999271667881
AG.LND.AGRI.ZS	0.00014019778927303	0.00217859108194459	0.00160233066278223
BX.GSR.NFSV.CD_rank	0.000136389446708072	3.38800686636058e-05	0.000145666423889294
SP.POP.TOTL.FE.IN_delta1	0.000132799992931714	0.000388080786510394	0.000873998543335761
SP.POP.2024.FE.5Y_lag1	0.000130272970279412	0.000709428104440958	0.000582665695557174
SH.MMR.RISK_delta1	0.000129537456772591	0.00517851716179478	0.00189366351056082
DC.DAC.JPNL.CD_isNA_rank	0.000127608090832125	0.00043222754264782	0.000436999271667881
ER.H2O.INTR.PC_min2	0.000124354283327282	0.000229973799413567	0.000291332847778587
EN.URB.MCTY.TL.ZS_lag1	0.000123535849561758	0.000583147848512973	0.000436999271667881
NV.AGR.TOTL.ZS_lag1	0.000122268779249267	0.000331614005404384	0.000145666423889294
SP.POP.DPND.YG_lag1	0.000117835936243025	0.00703986760079834	0.00247632920611799
SH.DYN.MORT.FE_delta1	0.00011333495428819	3.90134124005158e-05	0.000145666423889294
SP.POP.4044.MA.5Y_delta1	0.000112286467664564	0.000964041953791693	0.000873998543335761
EN.GHG.CH4.PI.MT.CE.AR5_tend2	0.000109309050731133	0.00314571304197843	0.00145666423889294
SP.POP.1564.MA.ZS_delta1	0.00010821500272613	0.000660148004566623	0.000873998543335761
DC.DAC.JPNL.CD_isNA_lag1	0.000106112626903688	0.000331614005404384	0.000145666423889294
FM.AST.DOMS.CN_lag1	0.000103343052349965	0.00300711276108186	0.00116533139111435
SP.POP.1564.MA.ZS_lag1	0.000100306215697713	0.000470214286300954	0.000291332847778587
EN.GHG.N2O.FE.MT.CE.AR5	0.000100060460815769	0.000130386930917513	0.000436999271667881
SH.DTH.NMRT	9.87712137252645e-05	0.00045276091759546	0.000582665695557174
EN.GHG.CH4.WA.MT.CE.AR5_max2	9.52721765947409e-05	0.000117040237201547	0.000145666423889294
IT.CEL.SETS	9.19617362283441e-05	0.000267960543066701	0.000145666423889294
TM.VAL.OTHR.ZS.WT	9.15624836910899e-05	0.000837761697863708	0.00145666423889294
IS.AIR.PSGR_ratioavg2	9.00146959997242e-05	0.000526681067406963	0.00160233066278223
SP.POP.5559.FE.5Y	8.90411145018695e-05	0.00354816719095217	0.00131099781500364
NY.GSR.NFCY.CD	8.74927139408383e-05	0.00108518886598277	0.000582665695557174
NY.GSR.NFCY.CN_lag1	8.39283890905557e-05	0.000997922022455299	0.000873998543335761
FM.AST.DOMS.CN_min2	8.33539192527286e-05	0.00373604757172308	0.00203932993445011
AG.PRD.FOOD.XD_max2	8.1645581952291e-05	0.000555427792333659	0.00101966496722505
TM.VAL.MRCH.R4.ZS	8.02365518744016e-05	0.00036549407406799	0.000436999271667881
PA.NUS.FCRF_delta1	7.84348057580823e-05	0.000275147224298375	0.000436999271667881
SP.POP.6064.FE.5Y_delta1	7.77474703700932e-05	0.00189933718265669	0.000873998543335761
TM.VAL.INSF.ZS.WT_lag1	7.77443229879194e-05	0.000875748441516842	0.00101966496722505
EN.GHG.CO2.BU.MT.CE.AR5_min2	7.75253011528715e-05	9.54801935065255e-05	0.000291332847778587
SH.MMR.DTHS	7.72814854510622e-05	0.000254613849350735	0.000436999271667881
DC.DAC.CANL.CD_rank	7.47410256305347e-05	0.000446600905111168	0.000145666423889294
BX.GRT.EXTA.CD.WD_min2	7.36254731622755e-05	0.000183773705781377	0.000291332847778587
SP.POP.DPND_lag1	6.60886868689731e-05	0.00191165720762527	0.000873998543335761
DT.NFL.UNDP.CD	6.52273418826498e-05	0.000209440424465927	0.000436999271667881
SH.DYN.NMRT	6.08217272069132e-05	0.00137676279023925	0.000728332119446468
SP.POP.0509.FE.5Y_delta1	6.08160412185465e-05	0.000143733624633479	0.000582665695557174
FM.AST.NFRG.CN_min2	6.02722981515377e-05	0.00146813630875625	0.00145666423889294
EG.ELC.NGAS.ZS_min2	5.85605090083978e-05	4.92800998743357e-05	0.000145666423889294
TG.VAL.TOTL.GD.ZS	5.7036722232071e-05	0.000125253587180603	0.000291332847778587
SE.SEC.ENRL.GC	5.54677414765623e-05	0.000626267935903017	0.00116533139111435
AG.LND.PRCP.MM	5.37625883442937e-05	0.000249480505613825	0.000436999271667881
DC.DAC.CECL.CD	5.32537781743696e-05	0.000624214598408253	0.000728332119446468
NV.SRV.TOTL.ZS	5.15961521289698e-05	0.00128641594046964	0.00101966496722505
SP.POP.3034.MA.5Y_delta1	4.91786863310208e-05	0.000202253743234253	0.000436999271667881
BM.GSR.TOTL.CD_isNA_rank	4.89797349130259e-05	0.000640641298366365	0.000582665695557174
BM.GSR.INSF.ZS	4.87983792701111e-05	0.000826468341642506	0.00131099781500364
EN.GHG.N2O.FE.MT.CE.AR5_tend2	4.83820926676211e-05	0.00105644214105607	0.00160233066278223
SP.POP.GROW_lag1	4.81598146386385e-05	0.000556454461081041	0.000582665695557174
SP.POP.1564.FE.IN_delta1	4.69847878356074e-05	0.000612921242187051	0.000582665695557174
FM.AST.DOMS.CN_ratioavg2	4.67178803115365e-05	0.00364262071571132	0.00203932993445011
BX.GSR.GNFS.CD_min2	4.58144895392544e-05	0.000157080318349445	0.000291332847778587
SP.POP.0014.FE.ZS_lag1	4.52493200325598e-05	6.05734560955377e-05	0.000291332847778587
PA.NUS.FCRF_lag1	4.4739051028359e-05	0.000479454305027392	0.000436999271667881
EG.USE.PCAP.KG.OE_max2	4.33442861204946e-05	0.0018130970078766	0.000728332119446468
DT.ODA.ODAT.GN.ZS	4.29582450737764e-05	0.0021611377132391	0.00116533139111435
SP.POP.4549.FE.5Y_lag1	4.05546226789012e-05	0.00169195009568553	0.000582665695557174
NY.GDP.MINR.RT.ZS_lag1	3.96793221148748e-05	0.000341880692878204	0.000582665695557174
IT.CEL.SETS_avg2	3.94374535011794e-05	7.90534935484136e-05	0.000436999271667881
SP.POP.7074.FE.5Y_delta1	3.80773212758898e-05	0.000724828135651688	0.00101966496722505
BX.TRF.PWKR.CD.DT	3.79845431886999e-05	6.67334685798297e-05	0.000145666423889294
SP.DYN.TO65.MA.ZS_lag1	3.78866400910004e-05	0.000487667655006448	0.000291332847778587
BM.GSR.NFSV.CD	3.74265270800892e-05	0.000150920305865153	0.000436999271667881
SP.POP.DPND_delta1	3.72553860374283e-05	2.97733936740778e-05	0.000145666423889294
SP.POP.0509.MA.5Y	3.62911931788588e-05	0.00463438272568232	0.00174799708667152
BM.GSR.CMCP.ZS_max2	3.59958561788507e-05	6.87868060745937e-05	0.000436999271667881
SH.DYN.MORT	3.56408448481689e-05	0.00083365502287418	0.000436999271667881
AG.PRD.CROP.XD_lag1	3.51060867649748e-05	7.08401435693576e-05	0.000291332847778587
SP.ADO.TFRT	3.4183491641953e-05	0.00253895181227567	0.00101966496722505
BM.GSR.TRAN.ZS_avg2	3.22050798036069e-05	0.000217653774444983	0.000291332847778587
EN.URB.LCTY.UR.ZS	3.21893186569793e-05	4.51734248848078e-05	0.000291332847778587
SP.DYN.AMRT.MA_lag1	3.20271627502006e-05	0.000206360418223781	0.000291332847778587
SP.POP.6064.FE.5Y_lag1	3.18853843478575e-05	0.000123200249685839	0.000145666423889294
NY.GDP.FCST.CD	3.18697341999385e-05	6.87868060745937e-05	0.000145666423889294
young_population_pressure_lag1	3.18059465577742e-05	0.000246400499371679	0.000291332847778587
FS.AST.PRVT.GD.ZS_ratiomax2	3.17572738819526e-05	0.000163240330833737	0.000291332847778587
BM.GSR.TRVL.ZS	3.16109002646783e-05	0.000188907049518287	0.000436999271667881
SP.POP.1564.TO.ZS_delta1	3.0625830051838e-05	0.000286440580519577	0.000582665695557174
SH.DTH.IMRT	3.00196733601989e-05	0.000128333593422749	0.000291332847778587
BX.GRT.EXTA.CD.WD	2.95145632911875e-05	0.00243423160004271	0.00145666423889294
IT.CEL.SETS.P2_avg2	2.94367775595244e-05	0.000824415004147742	0.00101966496722505
EN.GHG.CO2.TR.MT.CE.AR5_tend2	2.91481342254323e-05	0.000354200717846788	0.000436999271667881
NY.GSR.NFCY.CN_delta1	2.90286358949007e-05	0.0130664131479306	0.00509832483612527
NY.ADJ.AEDU.GN.ZS_rank	2.90151780173167e-05	0.000128333593422749	0.000436999271667881
SP.POP.65UP.TO.ZS_rank	2.77802080213994e-05	0.000323400655425328	0.000145666423889294
SH.DYN.MORT.FE	2.70261027887336e-05	0.000855215066569202	0.000291332847778587
FD.AST.PRVT.GD.ZS	2.68920438468247e-05	7.49468185588856e-05	0.000291332847778587
NY.GDP.PCAP.CN_delta1	2.64229422436672e-05	0.000202253743234253	0.000436999271667881
EG.USE.ELEC.KH.PC_delta1	2.6105749645682e-05	0.000880881785253752	0.00116533139111435
TM.VAL.MRCH.RS.ZS_lag1	2.60432363959317e-05	0.00036036073033108	0.000436999271667881
SP.DYN.CBRT.IN	2.59051345937484e-05	0.00187161712647738	0.000728332119446468
BX.GSR.TRVL.ZS_min2	2.59015791134664e-05	0.000126280255927985	0.000582665695557174
EN.GHG.N2O.FE.MT.CE.AR5_ratiomax2	2.58376792564622e-05	1.74533687054939e-05	0.000145666423889294
SP.POP.2529.MA.5Y	2.5737485166089e-05	6.98134748219756e-05	0.000291332847778587
MS.MIL.XPND.GD.ZS_avg2	2.41891639174597e-05	0.000345987367867732	0.000728332119446468
NV.SRV.TOTL.CD	2.27625267468854e-05	0.000793614941726282	0.000436999271667881
NY.GDP.FCST.KD_isNA_rank	2.23524127674438e-05	0.00101434872241341	0.00203932993445011
SP.POP.80UP.MA.5Y_lag1	2.19716438536794e-05	0.00442699563871116	0.00189366351056082
SH.DTH.NMRT_lag1	2.17429409803531e-05	0.00045789426133237	0.000291332847778587
SP.ADO.TFRT_lag1	2.16668377080038e-05	0.00110264223468826	0.00101966496722505
TX.VAL.FOOD.ZS.UN_lag1	2.15567660827646e-05	0.00193937726380459	0.00101966496722505
EG.USE.ELEC.KH.PC_avg2	2.11031653072283e-05	0.000497934342480268	0.000291332847778587
EN.GHG.CH4.FE.MT.CE.AR5_ratioavg2	2.09867437547629e-05	0.000446600905111168	0.000873998543335761
FI.RES.XGLD.CD_lag1	2.08075954283613e-05	0.000476374298785246	0.000436999271667881
BM.GSR.INSF.ZS_avg2	2.06520566544301e-05	0.000637561292124219	0.000582665695557174
NY.GNP.PCAP.CD	2.02989935906873e-05	0.000948641922580963	0.000582665695557174
TX.VAL.MRCH.OR.ZS_lag1	1.94733895852385e-05	0.000147840299623007	0.000291332847778587
SP.DYN.CDRT.IN	1.93949023821975e-05	0.000102666874738199	0.000291332847778587
MS.MIL.XPND.GD.ZS_min2	1.8966367331238e-05	0.000118066905948929	0.000291332847778587
SP.POP.TOTL.MA.ZS	1.89117958967632e-05	3.59334061583698e-05	0.000145666423889294
consumption_vs_income_delta1	1.86582855728251e-05	0.000400400811478978	0.00101966496722505
SE.PRM.ENRR.MA_delta1	1.7700943473884e-05	0.000433254211395202	0.00101966496722505
BM.TRF.PWKR.CD.DT_ratioavg2	1.76141958407812e-05	0.000917841860159503	0.00116533139111435
FD.AST.PRVT.GD.ZS_tend2	1.74727452169176e-05	0.000216627105697601	0.000582665695557174
AG.LND.CROP.ZS	1.72017417645864e-05	0.000145786962128243	0.000291332847778587
BX.TRF.CURR.CD_ratioavg2	1.70412157098271e-05	4.92800998743357e-05	0.000291332847778587
EG.ELC.PETR.ZS	1.69672515594293e-05	0.000202253743234253	0.000291332847778587
SP.POP.1014.MA.5Y_delta1	1.68392352928256e-05	0.000315187305446272	0.000582665695557174
AG.PRD.FOOD.XD_avg2	1.67828274374045e-05	0.000431200873900438	0.000873998543335761
BX.GSR.TOTL.CD_ratiomax2	1.67432464513675e-05	5.85201186007737e-05	0.000145666423889294
SP.POP.1014.MA.5Y	1.64575283170716e-05	0.00173404351432819	0.000582665695557174
TX.VAL.FUEL.ZS.UN	1.62663171045845e-05	0.000321347317930564	0.000728332119446468
SE.PRM.ENRR_rank	1.61637617564741e-05	0.000583147848512973	0.000582665695557174
NY.GDP.PCAP.CN	1.60136027677773e-05	0.00459536931328181	0.00203932993445011
BM.GSR.TRAN.ZS_min2	1.56647876531361e-05	0.000385000780268248	0.000582665695557174
NE.GDI.TOTL.ZS_delta1	1.55881652151165e-05	0.000117040237201547	0.000436999271667881
TM.VAL.FUEL.ZS.UN	1.55724509326268e-05	0.000575961167281299	0.00101966496722505
TX.VAL.MRCH.R5.ZS_lag1	1.5543620365869e-05	0.000124226918433221	0.000145666423889294
consumption_vs_income_lag1	1.5450220877339e-05	0.000134493605907041	0.000145666423889294
IT.CEL.SETS.P2_min2	1.53537518071091e-05	0.000670414692040443	0.000291332847778587
TX.VAL.MRCH.R1.ZS	1.50985189202297e-05	0.000224840455676657	0.000436999271667881
FM.AST.NFRG.CN_rank	1.48919947286849e-05	0.000938375235107143	0.000582665695557174
TX.VAL.MANF.ZS.UN_isNA_rank	1.46102145505584e-05	0.000573907829786535	0.000873998543335761
NE.EXP.GNFS.ZS_delta1	1.41517933670037e-05	0.00152152308362012	0.00189366351056082
TX.VAL.AGRI.ZS.UN	1.393891227071e-05	0.000657067998324477	0.000582665695557174
SP.POP.5054.FE.5Y_delta1	1.38096824744243e-05	0.000734068154378126	0.00116533139111435
AG.PRD.LVSK.XD_rank	1.3622760857951e-05	6.57067998324477e-05	0.000145666423889294
SH.MMR.DTHS_rank	1.36052664438615e-05	9.95868684960535e-05	0.000145666423889294
NE.IMP.GNFS.KD.ZG	1.32899133221381e-05	0.000353174049099406	0.000582665695557174
YearsSinceFirst_lag1	1.32786836395018e-05	0.000390134124005158	0.000436999271667881
EG.USE.ELEC.KH.PC_lag1	1.31862208277268e-05	0.000975335310012895	0.000436999271667881
SE.ENR.PRIM.FM.ZS	1.3181240821452e-05	0.000453787586342842	0.000582665695557174
SP.POP.TOTL_delta1	1.30476149696625e-05	0.000169400343318029	0.000582665695557174
FP.CPI.TOTL.ZG_avg2	1.28737333913868e-05	0.000617027917176579	0.00131099781500364
EN.GHG.N2O.BU.MT.CE.AR5_avg2	1.28084784620322e-05	4.92800998743357e-05	0.000145666423889294
NV.IND.TOTL.CN_delta1	1.25623037476416e-05	0.000107800218475109	0.000291332847778587
SP.POP.5559.MA.5Y_lag1	1.23066624114138e-05	0.00160057657716853	0.00101966496722505
SE.SEC.ENRL.GC_delta1	1.22082667503802e-05	0.00048356098001692	0.000728332119446468
BM.GSR.TRAN.ZS_rank	1.17206348696971e-05	0.000136546943401805	0.000291332847778587
FM.LBL.BMNY.GD.ZS_tend2	1.17178417820964e-05	0.000186853712023523	0.000436999271667881
NV.IND.MANF.ZS_delta1	1.16358150886059e-05	0.00221144448186082	0.00189366351056082
IT.CEL.SETS.P2_ratiomax2	1.15448353096054e-05	0.000369600749057518	0.000291332847778587
ER.FSH.PROD.MT_ratioavg2	1.12384460725418e-05	0.000912708516422593	0.00145666423889294
BM.TRF.PWKR.CD.DT_isNA_rank	1.11941725109545e-05	0.000679654710766881	0.000873998543335761
SH.MMR.RISK.ZS	1.09587514530398e-05	0.000133466937159659	0.000145666423889294
AG.PRD.CREL.MT_tend2	1.08776328316035e-05	0.00159338989593686	0.00116533139111435
IT.MLT.MAIN	1.07618169189415e-05	0.00104617545358225	0.000582665695557174
TM.VAL.TRAN.ZS.WT_lag1	1.06269246801496e-05	0.00085418839782182	0.000873998543335761
SE.SEC.ENRR.MA	1.05720845675671e-05	0.00348759373485664	0.0021849963583394
BX.GSR.FCTY.CD	1.04336144678012e-05	0.000850081722832292	0.000582665695557174
IT.CEL.SETS.P2_tend2	1.03667954688427e-05	0.00244552495626391	0.00203932993445011
SP.POP.6569.FE.5Y	1.02134756687439e-05	0.000612921242187051	0.000436999271667881
BM.GSR.GNFS.CD_min2	9.89747550712097e-06	1.74533687054939e-05	0.000145666423889294
TM.VAL.AGRI.ZS.UN	9.77228461495468e-06	0.000279253899287903	0.000582665695557174
TX.VAL.MRCH.OR.ZS_delta1	9.74839127244142e-06	0.000146813630875625	0.000436999271667881
NE.EXP.GNFS.CD_lag1	9.54282741691938e-06	0.000116013568454165	0.000145666423889294
SE.SEC.ENRR.FE_delta1	9.52449278499235e-06	0.00081825499166345	0.00174799708667152
SP.URB.GROW	9.52117387508954e-06	0.00160160324591591	0.00101966496722505
SH.DTH.IMRT_delta1	9.32977803680757e-06	0.0003706274178049	0.000873998543335761
NY.GDP.PCAP.KD_rank	9.05719517127981e-06	0.000237160480645241	0.000291332847778587
NY.GDS.TOTL.CD_isNA_rank	9.02899314407452e-06	0.000239213818140005	0.000436999271667881
IT.MLT.MAIN.P2_avg2	8.96763085543323e-06	0.000280280568035285	0.000291332847778587
NE.EXP.GNFS.CN	8.87633194521254e-06	0.00183568372031901	0.00145666423889294
SP.POP.65UP.MA.ZS	8.85890077741519e-06	0.00128436260297488	0.000436999271667881
TX.VAL.MRCH.R5.ZS_delta1	8.79783424841445e-06	0.000775134904273406	0.00174799708667152
AG.SRF.TOTL.K2_tend2	8.74083998221201e-06	0.000448654242605932	0.000291332847778587
EN.GHG.N2O.IP.MT.CE.AR5_max2	8.5645562096855e-06	0.000301840611730306	0.000291332847778587
NE.RSB.GNFS.CN_delta1	8.31021802531828e-06	0.0048920765812752	0.00203932993445011
EN.GHG.N2O.FE.MT.CE.AR5_lag1	8.25363777724809e-06	5.13334373690997e-05	0.000145666423889294
TM.VAL.MRCH.R6.ZS_isNA_rank	8.13901359033256e-06	0.000511281036196233	0.00145666423889294
BX.PEF.TOTL.CD.WD_avg2	8.09097081596637e-06	0.000426067530163528	0.000873998543335761
NY.GDP.COAL.RT.ZS	7.987505758388e-06	5.03067686217178e-05	0.000145666423889294
IT.MLT.MAIN_isNA_rank	7.96466098536476e-06	0.000529761073649109	0.000582665695557174
NV.IND.MANF.KD_delta1	7.93865774362039e-06	0.000512307704943615	0.000436999271667881
NV.IND.MANF.ZS	7.91053507353478e-06	0.00462514270695589	0.00203932993445011
NE.EXP.GNFS.KD.ZG_delta1	7.85879678334775e-06	0.000216627105697601	0.000728332119446468
PA.NUS.ATLS_lag1	7.76842725208864e-06	7.59734873062676e-05	0.000291332847778587
EG.USE.ELEC.KH.PC_rank	7.76116096759082e-06	0.000443520898869022	0.000291332847778587
EN.GHG.N2O.BU.MT.CE.AR5_min2	7.7068272501501e-06	0.000186853712023523	0.000291332847778587
BM.GSR.GNFS.CD_ratioavg2	7.69564187439578e-06	0.000105746880980345	0.000436999271667881
FM.AST.NFRG.CN_tend2	7.63598717522989e-06	0.00260671194960288	0.00189366351056082
NY.ADJ.DFOR.GN.ZS_rank	7.58542119805157e-06	0.00350196709731998	0.00160233066278223
SH.IMM.MEAS_lag1	7.58287402242957e-06	0.000470214286300954	0.000436999271667881
NV.IND.TOTL.ZS	7.58224080783131e-06	0.000205333749476399	0.000582665695557174
NE.EXP.GNFS.CD	7.57644215795955e-06	0.000148866968370389	0.000145666423889294
NY.GDP.TOTL.RT.ZS_delta1	7.51914387523219e-06	0.0032216865292847	0.00247632920611799
IT.MLT.MAIN_lag1	7.51128805372251e-06	0.000159133655844209	0.000436999271667881
IT.CEL.SETS_delta1	7.49880178884094e-06	0.00186237710775094	0.000873998543335761
BX.TRF.PWKR.CD.DT_max2	7.49404453081859e-06	0.000181720368286613	0.000436999271667881
SP.DYN.CDRT.IN_rank	7.49383957695084e-06	0.000166320337075883	0.000145666423889294
IT.MLT.MAIN.P2	7.46091594050299e-06	0.000331614005404384	0.000582665695557174
NY.GDP.FCST.CN_delta1	7.08236785874159e-06	0.00110982891591994	0.000582665695557174
IS.AIR.GOOD.MT.K1_tend2	7.06164307904559e-06	0.000714561448177868	0.00116533139111435
NY.ADJ.DFOR.CD_isNA_rank	7.05680153308933e-06	0.000747414848094092	0.000873998543335761
EN.GHG.CH4.IC.MT.CE.AR5_min2	7.03701983728991e-06	3.08000624214598e-05	0.000145666423889294
SE.PRM.ENRR.MA_rank	6.99810771348863e-06	0.000103693543485581	0.000436999271667881
MS.MIL.XPND.GD.ZS_delta1	6.81001329321249e-06	0.000191987055760433	0.000728332119446468
NY.GNP.PCAP.CD_delta1	6.71256624621544e-06	0.0021724310694603	0.00116533139111435
SP.POP.3539.FE.5Y_delta1	6.6276049818199e-06	0.000193013724507815	0.000436999271667881
SP.POP.TOTL.MA.ZS_delta1	6.56257768005765e-06	9.03468497696155e-05	0.000291332847778587
TM.VAL.MRCH.R1.ZS_delta1	6.49756949736518e-06	0.00188085714520381	0.0021849963583394
TM.VAL.MRCH.R6.ZS_delta1	6.45209109368871e-06	0.00136341609652329	0.00160233066278223
NY.ADJ.DKAP.GN.ZS_lag1	6.44003076270281e-06	0.000643721304608511	0.000873998543335761
SP.POP.4549.FE.5Y	6.4260342458209e-06	0.000531814411143873	0.000582665695557174
SE.TER.ENRR_rank	6.37884246877942e-06	0.00029876060548816	0.000291332847778587
NE.EXP.GNFS.ZS_isNA_rank	6.17485985385993e-06	0.000435307548889966	0.000728332119446468
DT.ODA.ODAT.GN.ZS_avg2	6.12504690025098e-06	0.000328533999162238	0.000291332847778587
IT.CEL.SETS.P2_max2	6.08573193941601e-06	0.000257693855592881	0.000291332847778587
EN.GHG.CO2.FE.MT.CE.AR5_ratioavg2	6.03035454817495e-06	0.00167552339572742	0.00145666423889294
NY.GDS.TOTL.ZS_delta1	5.87597691283331e-06	0.00088498846024328	0.00160233066278223
EN.GHG.CH4.BU.MT.CE.AR5_delta1	5.86283568797194e-06	0.000288493918014341	0.000291332847778587
BM.GSR.MRCH.CD_min2	5.85356038708981e-06	3.79867436531338e-05	0.000145666423889294
BM.KLT.DINV.CD.WD_tend2	5.77604003464465e-06	0.002440391612527	0.0021849963583394
BX.GSR.CMCP.ZS_isNA_rank	5.6916717413757e-06	0.00452658250720722	0.00335032774945375
SP.POP.TOTL.FE.ZS_rank	5.4100770479527e-06	9.95868684960535e-05	0.000145666423889294
SP.POP.5559.MA.5Y_delta1	5.06395733142074e-06	0.00556249127331565	0.00247632920611799
EN.GHG.CO2.IP.MT.CE.AR5_tend2	5.0630450587951e-06	0.00147737632748269	0.00101966496722505
SP.POP.0509.MA.5Y_lag1	4.7716382934213e-06	0.000431200873900438	0.000145666423889294
NE.RSB.GNFS.ZS_lag1	4.74374304218856e-06	0.000130386930917513	0.000145666423889294
SP.POP.0014.TO.ZS	4.67995637705226e-06	0.000545161104859839	0.000291332847778587
NE.IMP.GNFS.CN_lag1	4.60552696706282e-06	0.000348040705362496	0.000582665695557174
SP.POP.2529.FE.5Y_delta1	4.58575716446477e-06	0.000560561136070569	0.000582665695557174
SP.DYN.TFRT.IN_lag1	4.51546154783062e-06	0.00291573924256487	0.00131099781500364
TM.VAL.MRCH.R4.ZS_delta1	4.50619572596906e-06	0.000491774329995976	0.00101966496722505
TG.VAL.TOTL.GD.ZS_delta1	4.50184068473906e-06	0.000213547099455455	0.000728332119446468
TM.VAL.FOOD.ZS.UN_lag1	4.42484980639165e-06	0.000109853555969873	0.000145666423889294
IT.MLT.MAIN.P2_rank	4.3927559915307e-06	0.000212520430708073	0.000291332847778587
EN.GHG.N2O.WA.MT.CE.AR5	4.39197592874496e-06	4.10667498952798e-05	0.000291332847778587
BM.GSR.FCTY.CD_min2	4.37909890281649e-06	5.13334373690997e-05	0.000291332847778587
SP.POP.6064.FE.5Y	4.32974845692315e-06	0.000534894417386019	0.000436999271667881
AG.PRD.LVSK.XD_avg2	4.30885515565833e-06	7.90534935484136e-05	0.000145666423889294
SP.POP.1014.FE.5Y	4.29258017544912e-06	0.000448654242605932	0.000291332847778587
SE.PRM.ENRR.FE	4.27651452412742e-06	0.000287467249266959	0.000728332119446468
TX.VAL.FOOD.ZS.UN_isNA_rank	4.25546993604087e-06	0.000983548659991951	0.000873998543335761
EG.USE.PCAP.KG.OE_ratioavg2	4.24336811935284e-06	0.000231000468160949	0.000436999271667881
BM.GSR.TRAN.ZS	4.24227703037751e-06	0.000681708048261645	0.000873998543335761
SP.POP.5054.MA.5Y	4.20375313247606e-06	0.00772465565530213	0.00276766205389658
IT.CEL.SETS_ratioavg2	4.19743993729784e-06	0.00173815018931772	0.00203932993445011
BX.GRT.TECH.CD.WD_rank	4.13286846467647e-06	2.46400499371679e-05	0.000145666423889294
EN.GHG.CO2.PC.CE.AR5	4.13189787462921e-06	3.79867436531338e-05	0.000145666423889294
TM.VAL.MRCH.R2.ZS_delta1	4.05831891571571e-06	6.05734560955377e-05	0.000291332847778587
NV.AGR.TOTL.CD_rank	4.048075164727e-06	4.20934186426618e-05	0.000145666423889294
FI.RES.TOTL.MO_min2	4.03837912974366e-06	0.000644747973355893	0.000291332847778587
FM.LBL.BMNY.GD.ZS_delta1	3.96015107976804e-06	0.000206360418223781	0.000436999271667881
SE.PRM.ENRR.FE_isNA_rank	3.93878682470568e-06	0.000617027917176579	0.000728332119446468
AG.LND.CREL.HA_ratioavg2	3.92641397152704e-06	0.00044762757385855	0.000582665695557174
SP.DYN.AMRT.MA	3.80598753515436e-06	0.00113241562836234	0.000873998543335761
FP.CPI.TOTL_ratioavg2	3.74165968278698e-06	0.000637561292124219	0.000873998543335761
IT.CEL.SETS_tend2	3.73332978178886e-06	0.00470316953175692	0.0023306627822287
SP.POP.2024.MA.5Y_delta1	3.71974152618342e-06	0.000181720368286613	0.000291332847778587
EN.GHG.CO2.RT.GDP.KD_ratioavg2	3.67310825699541e-06	0.000943508578844053	0.00101966496722505
MS.MIL.XPND.GD.ZS_ratioavg2	3.65950287953633e-06	0.000407587492710652	0.000873998543335761
SP.POP.7579.MA.5Y_lag1	3.59732297299324e-06	0.000121146912191075	0.000291332847778587
SP.POP.3539.FE.5Y_lag1	3.55267684638431e-06	0.000166320337075883	0.000436999271667881
EN.URB.MCTY.TL.ZS_ratioavg2	3.51666620322155e-06	0.000387054117763012	0.000582665695557174
NY.GDP.PCAP.CN_lag1	3.48783521315811e-06	0.000201227074486871	0.000582665695557174
DT.ODA.ALLD.CD_tend2	3.43456035660012e-06	0.00046302760506928	0.00101966496722505
DC.DAC.CANL.CD_avg2	3.43101214170646e-06	0.000274120555550993	0.000582665695557174
TM.VAL.MRCH.R4.ZS_lag1	3.40152896908599e-06	0.000206360418223781	0.000291332847778587
FM.AST.NFRG.CN_max2	3.3792896427558e-06	0.000297733936740779	0.000728332119446468
DT.ODA.ODAT.PC.ZS_tend2	3.34462695848954e-06	0.000313133967951508	0.000728332119446468
EN.GHG.CH4.PI.MT.CE.AR5_delta1	3.29936852711262e-06	0.000762814879304822	0.000582665695557174
TX.VAL.FUEL.ZS.UN_delta1	3.2933730896894e-06	0.00174944354553892	0.00101966496722505
SP.POP.80UP.FE.5Y_lag1	3.27142089263535e-06	0.00194656394503626	0.000728332119446468
EG.USE.ELEC.KH.PC_tend2	3.26234678599e-06	0.00034496069912035	0.000873998543335761
DT.ODA.ODAT.GN.ZS_tend2	3.22354619087052e-06	0.000673494698282589	0.000728332119446468
SE.PRM.TCHR_rank	3.21644720754202e-06	2.25867124424039e-05	0.000145666423889294
EN.GHG.CH4.TR.MT.CE.AR5_lag1	3.19318553995628e-06	0.000393214130247304	0.000291332847778587
TM.VAL.MRCH.AL.ZS_lag1	3.1358160885631e-06	0.000408614161458034	0.000728332119446468
neonatal_risk_indicator	3.12255888700821e-06	0.000322373986677946	0.000436999271667881
NY.ADJ.DNGY.GN.ZS_delta1	3.1168257933725e-06	0.00258925858089739	0.0021849963583394
DT.ODA.ODAT.GN.ZS_max2	3.11521597133923e-06	0.000112933562212019	0.000145666423889294
BX.TRF.PWKR.CD.DT_ratioavg2	3.11335581702294e-06	0.000252560511855971	0.000582665695557174
SP.POP.2529.MA.5Y_delta1	3.10518624649213e-06	0.000543107767365075	0.000728332119446468
SP.POP.1519.MA.5Y	3.10505455831945e-06	0.000429147536405674	0.000728332119446468
SP.POP.5054.MA.5Y_lag1	3.08860799870658e-06	0.00927389879510156	0.00335032774945375
NY.GDP.PCAP.CD_delta1	3.08591630767809e-06	0.000180693699539231	0.000582665695557174
SP.POP.6569.FE.5Y_lag1	3.06595860358571e-06	0.000594441204734175	0.000728332119446468
TM.VAL.INSF.ZS.WT	3.06185844338521e-06	0.00102358874113985	0.00131099781500364
AG.LND.AGRI.K2	3.03910401178558e-06	3.79867436531338e-05	0.000145666423889294
SP.DYN.TO65.MA.ZS_delta1	3.02072330029594e-06	0.000929135216380705	0.00131099781500364
BX.GSR.TRAN.ZS	2.99778327012147e-06	0.000174533687054939	0.000291332847778587
DC.DAC.GBRL.CD_max2	2.99077689703329e-06	7.39201498115036e-05	0.000291332847778587
SE.PRM.ENRR	2.98472830825856e-06	0.000975335310012895	0.00189366351056082
BM.GSR.INSF.ZS_min2	2.98270677177697e-06	0.000113960230959401	0.000436999271667881
FM.AST.DOMS.CN_avg2	2.92567872028212e-06	0.00168989675819076	0.000728332119446468
TM.VAL.TRVL.ZS.WT_isNA_rank	2.92258384346035e-06	0.000453787586342842	0.000582665695557174
BX.GSR.MRCH.CD_min2	2.91971215080612e-06	8.21334997905596e-05	0.000145666423889294
SP.POP.DPND.YG	2.90745951802947e-06	0.00152460308986226	0.000582665695557174
DC.DAC.USAL.CD_min2	2.89978908538758e-06	1.95067062002579e-05	0.000145666423889294
SP.POP.TOTL.FE.ZS_lag1	2.89241463215854e-06	8.72668435274696e-05	0.000145666423889294
NY.ADJ.DMIN.GN.ZS_isNA_rank	2.86568816597756e-06	0.00143322957134526	0.000873998543335761
NE.EXP.GNFS.KD_isNA_rank	2.8112974085765e-06	0.000228947130666185	0.000873998543335761
NE.IMP.GNFS.KD_isNA_rank	2.79609646366309e-06	0.000535921086133401	0.000436999271667881
TX.VAL.MMTL.ZS.UN_delta1	2.76760955328525e-06	0.000865481754043022	0.00101966496722505
BX.GSR.GNFS.CD_ratioavg2	2.68225634579219e-06	0.000169400343318029	0.000291332847778587
TM.VAL.MRCH.HI.ZS_delta1	2.64422288353071e-06	0.000599574548471085	0.00101966496722505
SP.DYN.IMRT.IN	2.58986067772226e-06	0.000378840767783956	0.000145666423889294
EN.URB.MCTY.TL.ZS	2.54580684317132e-06	0.000528734404901727	0.000291332847778587
NY.GSR.NFCY.CD_rank	2.53458226062632e-06	0.000241267155634769	0.000291332847778587
NE.GDI.TOTL.CD_isNA_rank	2.52222023882519e-06	0.0019044705263936	0.00189366351056082
SP.RUR.TOTL	2.51629517504597e-06	5.64667811060097e-05	0.000145666423889294
SP.POP.1519.MA.5Y_lag1	2.50864899808772e-06	0.000524627729912199	0.000291332847778587
BM.KLT.DINV.CD.WD_lag1	2.50547662364833e-06	0.000873695104022078	0.000728332119446468
TM.VAL.MRCH.AL.ZS_delta1	2.49671236063501e-06	0.0071558811692525	0.00364166059723234
NE.CON.PRVT.KD_rank	2.48411046711109e-06	0.000117040237201547	0.000145666423889294
NE.IMP.GNFS.CD_isNA_rank	2.47794028314296e-06	0.000129360262170131	0.000291332847778587
NE.CON.PRVT.CD_ratioavg2	2.43299472309483e-06	0.000292600593003869	0.000728332119446468
NY.GDP.FCST.CN_isNA_rank	2.42093508940671e-06	0.00763430880553251	0.00262199563000728
EN.GHG.CH4.FE.MT.CE.AR5_ratiomax2	2.40621415972616e-06	4.31200873900438e-05	0.000145666423889294
NY.ADJ.AEDU.GN.ZS_lag1	2.39240826099374e-06	0.000330587336657002	0.000582665695557174
NE.IMP.GNFS.CN_delta1	2.38748459217481e-06	0.001174509047005	0.000728332119446468
BX.GSR.TRAN.ZS_ratiomax2	2.37044631492941e-06	0.000293627261751251	0.000291332847778587
BM.GSR.GNFS.CD_isNA_rank	2.34574735674433e-06	0.000287467249266959	0.000582665695557174
AG.LND.ARBL.HA.PC_ratioavg2	2.32931798218415e-06	0.000241267155634769	0.000582665695557174
BX.GSR.TRAN.ZS_ratioavg2	2.28378077034945e-06	0.000906548503938301	0.00131099781500364
BX.GSR.GNFS.CD_isNA_rank	2.25740710290543e-06	0.000826468341642506	0.00116533139111435
IT.CEL.SETS.P2	2.24515458193674e-06	0.000460974267574516	0.000582665695557174
SP.POP.0004.FE.5Y	2.23876193644192e-06	0.000907575172685683	0.000436999271667881
SP.POP.65UP.TO.ZS_lag1	2.21659882350284e-06	0.000470214286300954	0.000291332847778587
TX.VAL.MRCH.R3.ZS_lag1	2.20651037892822e-06	0.000528734404901727	0.000728332119446468
NY.GDP.MINR.RT.ZS_delta1	2.17108614771956e-06	0.00044249423012164	0.000873998543335761
SP.POP.0014.MA.IN_delta1	2.10610878538328e-06	0.000459947598827134	0.000873998543335761
BX.GSR.MRCH.CD_tend2	2.0907127559876e-06	0.000121146912191075	0.000436999271667881
SE.PRM.ENRR.MA_lag1	2.03351921401659e-06	0.000489720992501211	0.000582665695557174
EN.GHG.N2O.BU.MT.CE.AR5_ratioavg2	1.99919258415362e-06	0.000806961635442248	0.000873998543335761
SE.SEC.ENRR_delta1	1.97543219231488e-06	0.00138497614021831	0.00203932993445011
DT.ODA.ALLD.KD_ratioavg2	1.95067676436221e-06	0.00208311088843807	0.00116533139111435
NY.GDP.MINR.RT.ZS_rank	1.94178563256324e-06	0.000408614161458034	0.000436999271667881
EN.GHG.N2O.WA.MT.CE.AR5_tend2	1.93883883972734e-06	5.95467873481557e-05	0.000291332847778587
EN.URB.MCTY.TL.ZS_max2	1.93792723959655e-06	0.000295680599246014	0.000145666423889294
SP.POP.2024.MA.5Y	1.91510121655679e-06	0.000279253899287903	0.000436999271667881
NV.AGR.TOTL.ZS_isNA_rank	1.89183546722086e-06	0.000842895041600618	0.00131099781500364
EN.GHG.ALL.PC.CE.AR5	1.89040909117441e-06	0.000414774173942326	0.000582665695557174
SP.POP.2024.FE.5Y	1.88971548470561e-06	0.00112112227214114	0.000728332119446468
DC.DAC.GBRL.CD_isNA_rank	1.88635393782348e-06	0.000383974111520866	0.000436999271667881
IT.CEL.SETS.P2_ratioavg2	1.873617146725e-06	0.00085932174155873	0.000873998543335761
NE.CON.PRVT.KD_isNA_rank	1.85129331352927e-06	0.000172480349560175	0.000436999271667881
NY.GDP.PETR.RT.ZS_delta1	1.84583509118559e-06	0.000906548503938301	0.000873998543335761
TM.VAL.FUEL.ZS.UN_delta1	1.83925286781408e-06	0.00530479741772277	0.00247632920611799
BX.TRF.CURR.CD_ratiomax2	1.83830772953185e-06	0.000157080318349445	0.000291332847778587
BX.GSR.CMCP.ZS_ratioavg2	1.83042592362519e-06	0.000226893793171421	0.000436999271667881
SM.POP.RHCR.EA_isNA_rank	1.82847804316371e-06	0.000424014192668764	0.000582665695557174
NE.EXP.GNFS.CN_lag1	1.80850792440531e-06	0.000622161260913489	0.000436999271667881
SP.RUR.TOTL.ZG_rank	1.73704259261085e-06	0.000133466937159659	0.000291332847778587
EN.GHG.CO2.BU.MT.CE.AR5_delta1	1.73612241584848e-06	0.000448654242605932	0.000436999271667881
SE.SEC.ENRR.MA_lag1	1.72454585977955e-06	0.00182644370159257	0.00203932993445011
DC.DAC.CANL.CD_isNA_rank	1.65782817616605e-06	0.000945561916338817	0.000728332119446468
FP.CPI.TOTL.ZG_min2	1.65099637817733e-06	0.000583147848512973	0.00131099781500364
SP.POP.5559.FE.5Y_delta1	1.64824939176008e-06	0.00448140908232241	0.00189366351056082
NE.CON.GOVT.ZS_tend2	1.64755655858288e-06	0.000142706955886097	0.000291332847778587
EN.GHG.N2O.IP.MT.CE.AR5_ratioavg2	1.64397867902001e-06	0.000138600280896569	0.000582665695557174
SP.POP.0014.TO_delta1	1.64169905864206e-06	0.000164266999581119	0.000291332847778587
FS.AST.PRVT.GD.ZS_min2	1.63068311549691e-06	5.03067686217178e-05	0.000145666423889294
NE.CON.TOTL.KD.ZG_ratioavg2	1.60220002217487e-06	0.000475347630037864	0.000873998543335761
DT.ODA.ODAT.CD_isNA_rank	1.59527167687235e-06	0.000980468653749805	0.000728332119446468
NY.GNP.ATLS.CD_isNA_rank	1.59034515535374e-06	0.00185211042027712	0.00131099781500364
NE.RSB.GNFS.CN	1.58328388265359e-06	0.000458920930079752	0.000291332847778587
EN.URB.MCTY.TL.ZS_avg2	1.569663395936e-06	0.000559534467323187	0.000291332847778587
AG.YLD.CREL.KG_tend2	1.56307562037325e-06	0.00100510870368697	0.00116533139111435
BX.GRT.TECH.CD.WD_lag1	1.55771416931682e-06	0.000450707580100696	0.000291332847778587
EG.ELC.NGAS.ZS_ratioavg2	1.50489672265444e-06	0.00109032220971968	0.00101966496722505
EG.ELC.NGAS.ZS_lag1	1.50344903489242e-06	0.000273093886803611	0.000291332847778587
SP.POP.4044.FE.5Y_delta1	1.49352648731265e-06	0.0013398027153335	0.00131099781500364
NY.GDP.DEFL.KD.ZG_delta1	1.49077179826251e-06	0.000252560511855971	0.000873998543335761
AG.LND.ARBL.ZS_delta1	1.49044805958696e-06	0.000357280724088934	0.000291332847778587
IS.AIR.DPRT_isNA_rank	1.42886911862621e-06	0.000198147068244725	0.000582665695557174
SP.URB.TOTL.IN.ZS_lag1	1.42113585656347e-06	0.00181515034537137	0.000728332119446468
SP.POP.65UP.MA.ZS_delta1	1.42080730737804e-06	9.85601997486715e-05	0.000291332847778587
BX.GSR.TRAN.ZS_max2	1.41872394849223e-06	0.000374734092794428	0.000728332119446468
BG.GSR.NFSV.GD.ZS_ratioavg2	1.40773362286268e-06	0.000193013724507815	0.000436999271667881
TX.VAL.MRCH.R1.ZS_lag1	1.40680299231863e-06	0.000139626949643951	0.000291332847778587
FP.CPI.TOTL.ZG_max2	1.40478128092816e-06	0.000267960543066701	0.000728332119446468
mortality_efficiency_lag1	1.39763149669491e-06	0.000565694479807479	0.000291332847778587
MS.MIL.MPRT.KD_ratioavg2	1.38363754810665e-06	0.00118272239698406	0.00101966496722505
NV.IND.TOTL.KD.ZG_rank	1.37206666382271e-06	8.11068310431776e-05	0.000291332847778587
NE.CON.PRVT.ZS_tend2	1.36232977174659e-06	0.000364467405320608	0.00116533139111435
DT.ODA.ODAT.PC.ZS_isNA_rank	1.3425602817929e-06	0.00201945742610038	0.000873998543335761
BX.PEF.TOTL.CD.WD_max2	1.34190708303324e-06	0.000273093886803611	0.000291332847778587
BX.GSR.GNFS.CD_tend2	1.33374748239244e-06	0.00037576076154181	0.000436999271667881
NE.CON.TOTL.CD_isNA_rank	1.32751299290957e-06	0.000118066905948929	0.000582665695557174
TM.VAL.INSF.ZS.WT_delta1	1.32739046284029e-06	0.00110982891591994	0.00101966496722505
MS.MIL.MPRT.KD_lag1	1.32054906929334e-06	0.000327507330414856	0.000436999271667881
BM.GSR.TRAN.ZS_ratioavg2	1.3105047772178e-06	0.000421960855174	0.000873998543335761
NE.CON.PRVT.KD_tend2	1.30232455786896e-06	0.000379867436531338	0.000873998543335761
SP.URB.GROW_rank	1.29243149566406e-06	0.00117964239074191	0.000436999271667881
NY.GDP.COAL.RT.ZS_delta1	1.28665456650375e-06	0.00040142748022636	0.00101966496722505
SP.POP.0014.FE.IN_delta1	1.2762567411758e-06	0.000495881004985503	0.000582665695557174
IS.AIR.PSGR_delta1	1.27157729700171e-06	0.000107800218475109	0.000291332847778587
EG.ELC.HYRO.ZS_min2	1.25719953845467e-06	0.000137573612149187	0.000291332847778587
FM.AST.NFRG.CN_ratioavg2	1.21445995811456e-06	0.000387054117763012	0.00101966496722505
IT.CEL.SETS_max2	1.19487454668867e-06	1.64266999581119e-05	0.000145666423889294
EG.ELC.PETR.ZS_tend2	1.18624337631252e-06	0.000305947286719834	0.000728332119446468
SP.URB.GROW_lag1	1.18576637880122e-06	0.000195067062002579	0.000291332847778587
SP.POP.7579.FE.5Y_delta1	1.18561223485264e-06	0.0015625898335154	0.000873998543335761
BX.PEF.TOTL.CD.WD_lag1	1.16706235643763e-06	0.000171453680812793	0.000436999271667881
SH.DTH.MORT_lag1	1.16364197974673e-06	0.00036549407406799	0.000291332847778587
EN.GHG.CH4.TR.MT.CE.AR5	1.14934436090873e-06	4.41467561374258e-05	0.000291332847778587
BM.GSR.TRVL.ZS_ratioavg2	1.13381586073328e-06	0.000501014348722413	0.000873998543335761
SP.DYN.AMRT.MA_delta1	1.13194305804141e-06	0.00145068294005076	0.00131099781500364
young_population_pressure_delta1	1.12080880617e-06	0.000289520586761723	0.000873998543335761
FS.AST.CGOV.GD.ZS_lag1	1.11861779657192e-06	0.000169400343318029	0.000291332847778587
SP.DYN.CBRT.IN_lag1	1.10969326461157e-06	0.000505121023711941	0.000436999271667881
DC.DAC.FRAL.CD_ratioavg2	1.10670944419771e-06	0.000629347942145163	0.00131099781500364
AG.LND.AGRI.ZS_tend2	1.10649988243191e-06	0.00045789426133237	0.000873998543335761
BX.GSR.TRAN.ZS_delta1	1.10610200799313e-06	0.000107800218475109	0.000291332847778587
NV.IND.TOTL.KD_delta1	1.09735411385601e-06	0.000135520274654423	0.000728332119446468
EN.GHG.CO2.IC.MT.CE.AR5_ratioavg2	1.09610033550283e-06	0.000572881161039153	0.00101966496722505
BM.GSR.GNFS.CD	1.09539540711295e-06	6.57067998324477e-05	0.000291332847778587
AG.PRD.CROP.XD_ratiomax2	1.0861362534746e-06	0.000429147536405674	0.000145666423889294
BM.GSR.NFSV.CD_isNA_rank	1.08131756433969e-06	0.00249583172488563	0.00145666423889294
neonatal_risk_indicator_rank	1.07616521797787e-06	8.41868372853236e-05	0.000145666423889294
SE.PRM.ENRL_delta1	1.07237581330427e-06	0.00046302760506928	0.000728332119446468
IS.AIR.DPRT_ratioavg2	1.0653456356694e-06	0.000137573612149187	0.000582665695557174
BM.KLT.DINV.CD.WD_ratioavg2	1.06302737473532e-06	0.000203280411981635	0.000582665695557174
SE.ENR.PRIM.FM.ZS_rank	1.04552874409556e-06	4.92800998743357e-05	0.000291332847778587
MS.MIL.XPND.CD_min2	1.0446344116791e-06	0.000491774329995976	0.000291332847778587
FP.CPI.TOTL_tend2	1.04131261266508e-06	0.0003706274178049	0.000436999271667881
DC.DAC.TOTL.CD_lag1	1.03840126756449e-06	0.000436334217637348	0.000291332847778587
TX.VAL.SERV.CD.WT_delta1	1.03466078498962e-06	0.00384692779644033	0.00145666423889294
AG.CON.FERT.ZS_tend2	1.03457254530613e-06	0.000320320649183182	0.000436999271667881
SP.POP.80UP.FE.5Y_rank	1.03271760323448e-06	0.000404507486468506	0.000145666423889294
BX.KLT.DINV.WD.GD.ZS_isNA_rank	1.03207721758928e-06	0.000223813786929275	0.000582665695557174
BX.PEF.TOTL.CD.WD_delta1	1.02891837430061e-06	3.18267311688418e-05	0.000145666423889294
BX.PEF.TOTL.CD.WD_min2	1.01942378390331e-06	4.20934186426618e-05	0.000145666423889294
BM.GSR.CMCP.ZS_min2	9.97848813486798e-07	0.000342907361625586	0.000291332847778587
SP.DYN.IMRT.FE.IN_lag1	9.95772978077914e-07	0.000770001560536496	0.000291332847778587
EN.GHG.N2O.TR.MT.CE.AR5_ratioavg2	9.95347814480838e-07	0.000410667498952798	0.000582665695557174
SP.POP.0004.FE.5Y_delta1	9.80756805673871e-07	0.000922975203896413	0.00116533139111435
NY.ADJ.NNTY.PC.CD_isNA_rank	9.6387756015145e-07	0.000133466937159659	0.000436999271667881
TX.VAL.MMTL.ZS.UN_lag1	9.6201041871152e-07	0.000450707580100696	0.000582665695557174
BM.TRF.PWKR.CD.DT_tend2	9.60987028631428e-07	0.00747312181219354	0.00305899490167516
private_consumption_capacity_delta1	9.60495440974883e-07	0.000308000624214598	0.000728332119446468
DT.ODA.ODAT.KD_isNA_rank	9.60379345491204e-07	0.000345987367867732	0.000873998543335761
NY.GDS.TOTL.ZS_lag1	9.51310904503172e-07	0.000167347005823265	0.000582665695557174
AG.LND.CREL.HA_ratiomax2	9.50206800802173e-07	0.00143528290884003	0.000873998543335761
BM.GSR.FCTY.CD_isNA_rank	9.41513868258114e-07	0.000609841235944905	0.00131099781500364
TM.VAL.TRVL.ZS.WT_delta1	9.37431645344639e-07	0.000143733624633479	0.000291332847778587
IT.MLT.MAIN_ratioavg2	9.31631340220825e-07	0.000164266999581119	0.000582665695557174
NY.GDP.MKTP.CD_isNA_rank	9.31123518173768e-07	0.00081312164792654	0.00145666423889294
EG.ELC.COAL.ZS_delta1	9.2665544072944e-07	0.000224840455676657	0.000436999271667881
BX.GSR.MRCH.CD_lag1	9.26240864837448e-07	0.00031416063669889	0.000291332847778587
TM.VAL.MRCH.R1.ZS_lag1	9.18259260562191e-07	0.000763841548052204	0.00101966496722505
SP.POP.1564.TO.ZS_lag1	9.13258105167857e-07	0.00174123019555986	0.000582665695557174
TM.VAL.MRCH.R2.ZS	9.12021409966535e-07	0.000379867436531338	0.000873998543335761
TM.VAL.MMTL.ZS.UN_rank	9.11912386450921e-07	9.34268560117615e-05	0.000291332847778587
SP.POP.65UP.FE.ZS	9.10889184026512e-07	0.00042709419891091	0.000145666423889294
DT.ODA.ODAT.GN.ZS_isNA_rank	9.01107877988997e-07	0.000673494698282589	0.000728332119446468
DC.DAC.DEUL.CD_rank	8.98523981075479e-07	0.000878828447758987	0.000436999271667881
BM.GSR.NFSV.CD_ratioavg2	8.84111958541692e-07	0.000188907049518287	0.000582665695557174
BX.GSR.MRCH.CD_ratioavg2	8.79355081143724e-07	0.000131413599664895	0.000436999271667881
TX.VAL.MRCH.R6.ZS_rank	8.76120040615511e-07	4.92800998743357e-05	0.000291332847778587
FP.CPI.TOTL.ZG_ratiomax2	8.66817531855348e-07	0.000283360574277431	0.000436999271667881
SE.PRM.ENRR.FE_rank	8.66399599519376e-07	0.000131413599664895	0.000291332847778587
BX.PEF.TOTL.CD.WD_ratioavg2	8.618464366399e-07	0.0011519223345626	0.00131099781500364
ER.FSH.AQUA.MT_avg2	8.61181263478285e-07	6.16001248429197e-05	0.000145666423889294
NE.GDI.FTOT.ZS_delta1	8.60167735735073e-07	0.000403480817721124	0.00101966496722505
EG.USE.PCAP.KG.OE_isNA_rank	8.5285706149436e-07	0.000296707267993396	0.000728332119446468
NY.GNP.ATLS.CD_delta1	8.52056189710519e-07	0.000466107611311426	0.000728332119446468
SE.PRM.ENRR_delta1	8.51350489744113e-07	0.000681708048261645	0.00145666423889294
TM.VAL.TRVL.ZS.WT_lag1	8.502924825079e-07	0.000163240330833737	0.000436999271667881
FS.AST.PRVT.GD.ZS	8.48578936567319e-07	6.05734560955377e-05	0.000291332847778587
BX.KLT.DINV.CD.WD_delta1	8.47975000364381e-07	0.000155026980854681	0.000291332847778587
EG.ELC.COAL.ZS_tend2	8.46032493858001e-07	0.00141474953389239	0.00131099781500364
NE.IMP.GNFS.CD_delta1	8.45928495347524e-07	0.000593414535986793	0.000436999271667881
EN.GHG.N2O.FE.MT.CE.AR5_ratioavg2	8.45525568523875e-07	0.000488694323753829	0.000873998543335761
MS.MIL.MPRT.KD_tend2	8.35293471110717e-07	0.00127614925299582	0.000873998543335761
NY.GDP.TOTL.RT.ZS_lag1	8.32364042376099e-07	0.000835708360368944	0.000728332119446468
TM.VAL.TRAN.ZS.WT_isNA_rank	8.2439955944162e-07	0.000568774486049625	0.000873998543335761
BX.TRF.PWKR.DT.GD.ZS_ratiomax2	8.20085493563258e-07	0.000408614161458034	0.000582665695557174
BM.KLT.DINV.WD.GD.ZS	8.04859941598829e-07	0.000637561292124219	0.000582665695557174
EN.GHG.CH4.TR.MT.CE.AR5_min2	8.00795909385478e-07	4.20934186426618e-05	0.000145666423889294
TM.VAL.MRCH.WR.ZS_lag1	7.95606146826613e-07	0.000213547099455455	0.000582665695557174
SP.POP.1014.FE.5Y_lag1	7.95442791651112e-07	0.000277200561793139	0.000436999271667881
BX.GSR.CMCP.ZS_lag1	7.91771907657644e-07	0.000668361354545679	0.000728332119446468
NY.GDP.FRST.RT.ZS_delta1	7.86983918214543e-07	0.00142090954637668	0.00189366351056082
IT.MLT.MAIN.P2_isNA_rank	7.85125968491695e-07	0.000200200405739489	0.000728332119446468
MS.MIL.MPRT.KD_min2	7.78229183004127e-07	0.000108826887222491	0.000145666423889294
IT.CEL.SETS.P2_delta1	7.74144222117018e-07	0.00194553727628888	0.00203932993445011
MS.MIL.XPND.GD.ZS	7.68642870525486e-07	0.000148866968370389	0.000436999271667881
FS.AST.PRVT.GD.ZS_isNA_rank	7.58001175913694e-07	0.00036549407406799	0.000873998543335761
SP.RUR.TOTL.ZS_lag1	7.57697649026808e-07	0.000417854180184472	0.000145666423889294
NV.IND.TOTL.KD_isNA_rank	7.54526075577532e-07	5.13334373690997e-05	0.000291332847778587
FS.AST.CGOV.GD.ZS_min2	7.54425155418984e-07	0.00172275015810699	0.000728332119446468
BM.GSR.TRVL.ZS_isNA_rank	7.52998748309106e-07	0.000481507642522156	0.000728332119446468
NE.EXP.GNFS.KD.ZG_isNA_rank	7.52266483299617e-07	0.000503067686217178	0.00145666423889294
TX.VAL.MRCH.HI.ZS	7.5133813648414e-07	0.000575961167281299	0.000873998543335761
IS.AIR.GOOD.MT.K1_delta1	7.48366674550069e-07	0.000964041953791693	0.000582665695557174
NY.GDP.DEFL.ZS_delta1	7.46942774253406e-07	0.000257693855592881	0.000291332847778587
FM.AST.DOMS.CN	7.45322306293261e-07	0.000474320961290482	0.000291332847778587
EN.POP.DNST_tend2	7.32449549408162e-07	0.000522574392417435	0.000436999271667881
AG.LND.AGRI.ZS_rank	7.28361993289863e-07	0.000166320337075883	0.000291332847778587
FM.AST.NFRG.CN_ratiomax2	7.27574828349277e-07	4.00400811478978e-05	0.000145666423889294
BM.KLT.DINV.CD.WD_min2	7.25307272039255e-07	0.000190960387013051	0.000582665695557174
BX.TRF.PWKR.CD.DT_tend2	7.2396633847168e-07	0.00173301684558081	0.00189366351056082
TX.VAL.MANF.ZS.UN_delta1	7.13505132604678e-07	0.000767948223041732	0.000873998543335761
BM.GSR.FCTY.CD_tend2	6.94767606615382e-07	0.000706348098198812	0.000582665695557174
BM.GSR.CMCP.ZS_delta1	6.90481125566808e-07	0.00038089410527872	0.000436999271667881
NV.AGR.TOTL.CD_isNA_rank	6.89416850819385e-07	0.00293011260502821	0.00174799708667152
NY.GDP.DEFL.ZS_isNA_rank	6.88956129250807e-07	9.95868684960535e-05	0.000291332847778587
FS.AST.CGOV.GD.ZS_ratioavg2	6.86177709582368e-07	0.00102666874738199	0.0021849963583394
NE.IMP.GNFS.ZS_isNA_rank	6.831196562391e-07	0.00122173580938457	0.00131099781500364
SP.DYN.CBRT.IN_rank	6.74105998313548e-07	0.000398347473984214	0.000291332847778587
NY.ADJ.DKAP.GN.ZS	6.71376606773913e-07	0.000906548503938301	0.00145666423889294
SP.POP.6569.MA.5Y_lag1	6.68887559129129e-07	0.000729961479388598	0.000436999271667881
BM.KLT.DINV.CD.WD_isNA_rank	6.65203754379511e-07	2.87467249266959e-05	0.000145666423889294
SP.POP.4549.MA.5Y_delta1	6.64887472075007e-07	0.000861375079053494	0.000582665695557174
SP.POP.4044.MA.5Y	6.59014973371883e-07	0.000204307080729017	0.000145666423889294
NV.AGR.TOTL.CN_delta1	6.58604422124034e-07	0.00107697551600371	0.000436999271667881
TM.VAL.OTHR.ZS.WT_isNA_rank	6.57329925291618e-07	0.00141166952765024	0.00101966496722505
IT.MLT.MAIN.P2_max2	6.55674256695636e-07	0.000404507486468506	0.000291332847778587
NY.GDP.TOTL.RT.ZS_rank	6.52032476936864e-07	0.000107800218475109	0.000291332847778587
TM.VAL.MRCH.R5.ZS_delta1	6.4800691969954e-07	0.000103693543485581	0.000436999271667881
BX.GSR.TRVL.ZS_tend2	6.44470106517964e-07	0.000331614005404384	0.000582665695557174
SP.DYN.AMRT.MA_isNA_rank	6.44038802492566e-07	0.000378840767783956	0.000582665695557174
SP.POP.65UP.TO.ZS_delta1	6.17988166530838e-07	0.000376787430289192	0.000291332847778587
BM.GSR.CMCP.ZS_ratioavg2	6.17136898587718e-07	0.000155026980854681	0.000728332119446468
SP.RUR.TOTL.ZS_delta1	6.05265925583896e-07	0.00433254211395202	0.0021849963583394
TM.VAL.INSF.ZS.WT_rank	6.04733677677338e-07	0.000279253899287903	0.000436999271667881
SP.POP.1564.TO.ZS	5.98418671905577e-07	0.000438387555132112	0.000145666423889294
TX.VAL.FOOD.ZS.UN	5.8862053868235e-07	0.000858295072811348	0.000728332119446468
SP.POP.4549.MA.5Y_lag1	5.87991028831611e-07	7.08401435693576e-05	0.000291332847778587
DC.DAC.FRAL.CD	5.87606757242681e-07	0.000228947130666185	0.000436999271667881
BM.KLT.DINV.WD.GD.ZS_ratioavg2	5.8602624679336e-07	0.000534894417386019	0.00101966496722505
EN.GHG.CH4.MT.CE.AR5_tend2	5.85701481118683e-07	0.000503067686217178	0.000728332119446468
AG.CON.FERT.ZS_ratioavg2	5.80440281704076e-07	0.000471240955048336	0.00101966496722505
SP.URB.TOTL_delta1	5.68563963523989e-07	0.000596494542228939	0.000436999271667881
SP.POP.7074.MA.5Y	5.61778961094296e-07	0.00112112227214114	0.000436999271667881
EN.URB.LCTY.UR.ZS_tend2	5.58489083381691e-07	9.95868684960535e-05	0.000145666423889294
DT.NFL.UNDP.CD_tend2	5.56192985361272e-07	0.00123200249685839	0.00160233066278223
TX.VAL.OTHR.ZS.WT_delta1	5.55091184675094e-07	0.000139626949643951	0.000436999271667881
BM.GSR.TRVL.ZS_ratiomax2	5.5154726087327e-07	0.000140653618391333	0.000145666423889294
SE.PRM.ENRR.MA_isNA_rank	5.50354556730436e-07	0.000222787118181893	0.000582665695557174
EG.ELC.NUCL.ZS_min2	5.4210928822873e-07	0.000680681379514263	0.000291332847778587
DT.ODA.ODAT.GN.ZS_lag1	5.36597816583679e-07	0.000126280255927985	0.000145666423889294
DC.DAC.JPNL.CD_ratioavg2	5.33432379641056e-07	0.000903468497696155	0.00131099781500364
TX.VAL.MRCH.AL.ZS_delta1	5.32648613036464e-07	0.000134493605907041	0.000291332847778587
TM.VAL.MRCH.WR.ZS_delta1	5.22723203988665e-07	0.000918868528906885	0.00145666423889294
NY.GDP.TOTL.RT.ZS	5.19947811698206e-07	0.000575961167281299	0.000728332119446468
TM.VAL.MRCH.CD.WT	5.1857062073587e-07	0.000497934342480268	0.000291332847778587
BX.KLT.DINV.CD.WD_rank	5.16267289160895e-07	0.000419907517679236	0.000291332847778587
FM.AST.DOMS.CN_max2	5.10694564503007e-07	0.00158414987721042	0.000582665695557174
DC.DAC.JPNL.CD_rank	5.0835218061325e-07	0.0004732942925431	0.000291332847778587
NE.RSB.GNFS.CD_isNA_rank	5.07834775868779e-07	0.00106568215978251	0.00131099781500364
BX.GRT.EXTA.CD.WD_isNA_rank	5.06979409432825e-07	0.00147429632124054	0.00189366351056082
NE.EXP.GNFS.CN_isNA_rank	5.06147967234718e-07	0.00033982735538344	0.000582665695557174
BX.GSR.CMCP.ZS_ratiomax2	5.0609097247043e-07	9.34268560117615e-05	0.000291332847778587
BX.GSR.TOTL.CD_isNA_rank	4.97915116435001e-07	0.00081312164792654	0.00101966496722505
EG.USE.PCAP.KG.OE	4.94680155154832e-07	5.44134436112457e-05	0.000291332847778587
IT.CEL.SETS.P2_lag1	4.93393844798555e-07	0.00307795290465122	0.00131099781500364
SP.POP.0004.MA.5Y	4.9224611317014e-07	0.000712508110683104	0.000291332847778587
EN.GHG.ALL.PC.CE.AR5_tend2	4.88083813701655e-07	4.51734248848078e-05	0.000291332847778587
urban_health_access_delta1	4.8756117048618e-07	0.00324940658546401	0.00116533139111435
SP.ADO.TFRT_delta1	4.8376609957083e-07	0.000504094354964559	0.000582665695557174
NY.GDP.PCAP.CD_lag1	4.8239945046226e-07	0.000218680443192365	0.000436999271667881
SP.POP.5559.MA.5Y	4.78509088093663e-07	0.001083135528488	0.000436999271667881
DC.DAC.TOTL.CD_delta1	4.7326969707074e-07	0.000331614005404384	0.000436999271667881
DC.DAC.JPNL.CD_ratiomax2	4.71286362099871e-07	0.000134493605907041	0.000291332847778587
NE.EXP.GNFS.KD.ZG	4.65232182281374e-07	0.00114986899706783	0.00203932993445011
SE.PRM.AGES_rank	4.61884672223887e-07	0.000287467249266959	0.000728332119446468
FI.RES.TOTL.CD_tend2	4.59294544441251e-07	0.000512307704943615	0.00101966496722505
NV.SRV.TOTL.CD_isNA_rank	4.58182548593235e-07	0.000172480349560175	0.000582665695557174
SE.SEC.ENRR.MA_isNA_rank	4.56003699122389e-07	0.000117040237201547	0.000436999271667881
MS.MIL.XPND.GD.ZS_tend2	4.54896262956817e-07	0.000377814099036574	0.000873998543335761
NE.GDI.FTOT.ZS_lag1	4.53592499984434e-07	0.000424014192668764	0.000291332847778587
AG.PRD.CROP.XD_max2	4.49956682384627e-07	0.000182747037033995	0.000436999271667881
NY.GSR.NFCY.CD_lag1	4.49680169078818e-07	0.000160160324591591	0.000436999271667881
TX.VAL.TRAN.ZS.WT_delta1	4.48564224934681e-07	0.000472267623795718	0.000873998543335761
ER.FSH.AQUA.MT_tend2	4.48211904045845e-07	0.000112933562212019	0.000436999271667881
SE.PRM.ENRL	4.45056336797522e-07	0.000190960387013051	0.000728332119446468
FS.AST.PRVT.GD.ZS_delta1	4.4368104789449e-07	8.62401747800876e-05	0.000145666423889294
TM.VAL.FOOD.ZS.UN_isNA_rank	4.33708307699247e-07	8.21334997905596e-05	0.000145666423889294
EG.ELC.PETR.ZS_ratiomax2	4.32810964007671e-07	9.54801935065255e-05	0.000436999271667881
NV.SRV.TOTL.KD_isNA_rank	4.28921791338207e-07	0.000760761541810058	0.00131099781500364
TM.VAL.MMTL.ZS.UN_delta1	4.26604239780149e-07	0.000445574236363786	0.000873998543335761
NE.CON.TOTL.KD.ZG_lag1	4.24693281636961e-07	2.15600436950219e-05	0.000145666423889294
SP.POP.3034.FE.5Y_lag1	4.23757619774136e-07	9.65068622539075e-05	0.000145666423889294
SP.POP.7074.FE.5Y	4.18373159502772e-07	0.00116629569702595	0.000436999271667881
consumption_vs_income_rank	4.17519261962665e-07	0.00110777557842517	0.000436999271667881
IT.MLT.MAIN_delta1	4.17505855596961e-07	8.31601685379416e-05	0.000291332847778587
FI.RES.XGLD.CD_delta1	4.13818788408307e-07	0.000347014036615114	0.000436999271667881
NE.CON.PRVT.KD.ZG_avg2	4.11557310134103e-07	1.74533687054939e-05	0.000145666423889294
EN.GHG.CO2.IP.MT.CE.AR5_delta1	4.09834449327398e-07	0.00074638817934671	0.000436999271667881
SH.DTH.MORT_delta1	4.08393571043953e-07	5.85201186007737e-05	0.000291332847778587
FP.CPI.TOTL.ZG	4.06647792016541e-07	0.000100613537243435	0.000436999271667881
MS.MIL.XPND.CD_isNA_rank	4.06542342309198e-07	0.00071045477318834	0.00116533139111435
IT.MLT.MAIN_avg2	4.05196717278423e-07	0.000233053805655713	0.000145666423889294
EN.GHG.CO2.PI.MT.CE.AR5_ratioavg2	4.01132122505354e-07	0.00101332205366603	0.00189366351056082
NV.IND.TOTL.KD.ZG	4.00411553792482e-07	0.000827495010389888	0.000728332119446468
FD.AST.PRVT.GD.ZS_isNA_rank	4.00268249124659e-07	7.28934810641216e-05	0.000291332847778587
DC.DAC.FRAL.CD_isNA_rank	3.97928849927236e-07	0.000573907829786535	0.000582665695557174
SP.URB.TOTL.IN.ZS_delta1	3.96458607248468e-07	0.00365186073443776	0.00145666423889294
SP.POP.5054.MA.5Y_delta1	3.95707893591986e-07	0.000742281504357182	0.000582665695557174
TM.VAL.MRCH.R6.ZS_rank	3.9489993928489e-07	5.03067686217178e-05	0.000145666423889294
TM.VAL.MRCH.AL.ZS	3.91925569785751e-07	0.000448654242605932	0.000728332119446468
EN.GHG.CO2.FE.MT.CE.AR5_ratiomax2	3.8936652418025e-07	3.49067374109878e-05	0.000145666423889294
SH.IMM.IDPT_lag1	3.85601153035427e-07	0.00036036073033108	0.000582665695557174
DT.ODA.ALLD.KD_tend2	3.83502127485738e-07	0.000200200405739489	0.000582665695557174
SP.DYN.LE00.IN_delta1	3.80095113275042e-07	4.00400811478978e-05	0.000291332847778587
AG.CON.FERT.ZS_ratiomax2	3.80031812741411e-07	3.28533999162238e-05	0.000145666423889294
EN.GHG.CO2.FE.MT.CE.AR5_delta1	3.77878411283276e-07	6.98134748219756e-05	0.000436999271667881
IS.AIR.GOOD.MT.K1_ratioavg2	3.7782467700992e-07	0.000102666874738199	0.000291332847778587
NE.IMP.GNFS.ZS_delta1	3.75034463361212e-07	0.00239316485014743	0.00116533139111435
NY.GDP.FCST.CD_isNA_rank	3.73553374105073e-07	0.00163240330833737	0.00174799708667152
FM.AST.NFRG.CN_avg2	3.69449769773225e-07	0.000393214130247304	0.000145666423889294
NE.CON.TOTL.KD.ZG_tend2	3.6587561729025e-07	0.000206360418223781	0.000436999271667881
TM.VAL.MRCH.R1.ZS	3.58095347116892e-07	0.000965068622539075	0.00145666423889294
BX.GSR.TRVL.ZS	3.47624691124648e-07	0.000496907673732885	0.00116533139111435
EN.GHG.CH4.WA.MT.CE.AR5_tend2	3.43971708492265e-07	4.31200873900438e-05	0.000145666423889294
SE.SEC.ENRL.GC.FE.ZS	3.38472037976808e-07	0.00104617545358225	0.00145666423889294
NY.ADJ.DFOR.GN.ZS_isNA_rank	3.37396908126354e-07	0.0010092153786765	0.00101966496722505
NE.CON.PRVT.KD_delta1	3.36855716574018e-07	2.87467249266959e-05	0.000145666423889294
TM.VAL.MANF.ZS.UN	3.36200988461931e-07	0.000252560511855971	0.000582665695557174
NY.GDP.MKTP.CN	3.32632351881203e-07	0.000154000312107299	0.000436999271667881
SP.POP.7074.FE.5Y_lag1	3.32357699051502e-07	0.000944535247591435	0.000582665695557174
TX.VAL.AGRI.ZS.UN_delta1	3.31561427519401e-07	0.00103898877235058	0.00131099781500364
ER.FSH.CAPT.MT_rank	3.24105260826479e-07	3.08000624214598e-05	0.000145666423889294
NE.EXP.GNFS.KD_delta1	3.23732219038183e-07	0.000201227074486871	0.000582665695557174
AG.PRD.LVSK.XD_tend2	3.22065009015539e-07	0.000145786962128243	0.000582665695557174
NY.ADJ.DMIN.GN.ZS	3.17911033057743e-07	0.000267960543066701	0.000291332847778587
TX.VAL.MMTL.ZS.UN_isNA_rank	3.17807508326507e-07	0.000326480661667474	0.000436999271667881
NV.AGR.TOTL.KD.ZG_delta1	3.16143099679474e-07	0.000151946974612535	0.000436999271667881
IT.MLT.MAIN.P2_ratioavg2	3.15750800213709e-07	0.000114986899706783	0.000582665695557174
BM.GSR.INSF.ZS_delta1	3.15348051925068e-07	0.000526681067406963	0.00131099781500364
TX.VAL.MRCH.R3.ZS_delta1	3.11901249998645e-07	0.000343934030372968	0.000873998543335761
TM.VAL.SERV.CD.WT_isNA_rank	3.10869935319531e-07	0.000330587336657002	0.000728332119446468
NV.IND.MANF.ZS_lag1	3.08797966039332e-07	0.000617027917176579	0.000873998543335761
TX.VAL.OTHR.ZS.WT_rank	3.0665956665777e-07	4.31200873900438e-05	0.000291332847778587
BM.GSR.CMCP.ZS_avg2	3.04560993628622e-07	0.00029876060548816	0.000582665695557174
IT.MLT.MAIN.P2_ratiomax2	3.00594040793196e-07	0.000101640205990817	0.000145666423889294
BX.KLT.DINV.CD.WD_min2	3.00021008201392e-07	3.38800686636058e-05	0.000145666423889294
BM.GSR.CMCP.ZS_tend2	2.94262708410268e-07	0.000251533843108589	0.000436999271667881
AG.PRD.LVSK.XD	2.9247478605346e-07	0.000201227074486871	0.000436999271667881
clase_isNA_rank	2.92056876324367e-07	0.000203280411981635	0.000728332119446468
NE.EXP.GNFS.CN_delta1	2.91487885227817e-07	0.00158312320846304	0.00145666423889294
FP.CPI.TOTL_delta1	2.89876320144917e-07	0.000235107143150477	0.000291332847778587
NY.GSR.NFCY.CD_delta1	2.83969051423318e-07	0.00407895493334866	0.0023306627822287
AG.YLD.CREL.KG_ratioavg2	2.83299576844908e-07	0.000343934030372968	0.00101966496722505
NV.IND.TOTL.KD.ZG_delta1	2.82814660302743e-07	0.000428120867658292	0.00101966496722505
NE.IMP.GNFS.KD.ZG_lag1	2.81548340642879e-07	0.000127306924675367	0.000582665695557174
DC.DAC.GBRL.CD_tend2	2.79850933445261e-07	0.000173507018307557	0.000728332119446468
NE.CON.PRVT.KD.ZG_tend2	2.79622096495606e-07	0.000103693543485581	0.000436999271667881
DT.ODA.ODAT.PC.ZS_max2	2.74947395710305e-07	0.000420934186426618	0.000145666423889294
ER.FSH.PROD.MT_min2	2.74009557636612e-07	1.64266999581119e-05	0.000145666423889294
SE.TER.ENRR_delta1	2.70190988549568e-07	0.000389107455257776	0.000873998543335761
NE.CON.GOVT.CD	2.69088056757956e-07	3.08000624214598e-05	0.000145666423889294
NY.ADJ.NNTY.PC.CD_delta1	2.67794991762278e-07	0.000136546943401805	0.000436999271667881
BX.KLT.DINV.WD.GD.ZS_lag1	2.67546447113944e-07	2.66933874319319e-05	0.000145666423889294
EN.GHG.CO2.TR.MT.CE.AR5_ratioavg2	2.67543275102419e-07	0.000202253743234253	0.000582665695557174
BM.GSR.TRVL.ZS_avg2	2.67191236865971e-07	7.18668123167396e-05	0.000291332847778587
EN.GHG.N2O.WA.MT.CE.AR5_ratioavg2	2.6405891967155e-07	0.000819281660410832	0.00160233066278223
SP.DYN.IMRT.MA.IN_lag1	2.63217721140063e-07	0.000640641298366365	0.000291332847778587
DT.ODA.ALLD.CD_isNA_rank	2.62612355948661e-07	0.000179667030791849	0.000436999271667881
NY.GNP.MKTP.CN_delta1	2.62118291475297e-07	0.00178640362044467	0.000582665695557174
DT.ODA.ALLD.CD	2.61079505447134e-07	0.000785401591747226	0.000582665695557174
EN.POP.DNST	2.55692637848757e-07	0.000240240486887387	0.000291332847778587
AG.LND.ARBL.HA.PC	2.55471902060122e-07	0.000195067062002579	0.000436999271667881
EN.GHG.N2O.AG.MT.CE.AR5_ratioavg2	2.52114849705163e-07	0.00121249579065814	0.000582665695557174
TM.VAL.MRCH.WL.CD	2.51488150846593e-07	5.13334373690997e-05	0.000145666423889294
FM.LBL.BMNY.GD.ZS	2.51461202102007e-07	0.000242293824382151	0.000145666423889294
BX.KLT.DINV.CD.WD_tend2	2.50484611039932e-07	0.000172480349560175	0.000728332119446468
SP.POP.0509.MA.5Y_delta1	2.4993842185334e-07	0.000228947130666185	0.000436999271667881
NV.AGR.TOTL.KD.ZG_isNA_rank	2.47254384140776e-07	0.000109853555969873	0.000291332847778587
MS.MIL.MPRT.KD	2.46686732652286e-07	0.00120222910318432	0.00116533139111435
BX.GRT.TECH.CD.WD_ratioavg2	2.45565530682276e-07	0.00101742872865556	0.00131099781500364
BX.GSR.TRAN.ZS_tend2	2.45117906501855e-07	0.000308000624214598	0.00101966496722505
NV.AGR.TOTL.ZS_delta1	2.4495602761836e-07	0.00112112227214114	0.00101966496722505
AG.PRD.CROP.XD_tend2	2.42758732625515e-07	0.000105746880980345	0.000436999271667881
BX.PEF.TOTL.CD.WD_rank	2.42463699070983e-07	0.000514361042438379	0.000436999271667881
BM.GSR.NFSV.CD_tend2	2.41895195009647e-07	0.000191987055760433	0.000582665695557174
SP.DYN.TO65.FE.ZS_rank	2.41036533182894e-07	0.00174944354553892	0.000582665695557174
BM.KLT.DINV.WD.GD.ZS_isNA_rank	2.38467641954371e-07	0.000827495010389888	0.00189366351056082
BX.KLT.DINV.CD.WD_max2	2.38071950823766e-07	4.00400811478978e-05	0.000291332847778587
DC.DAC.TOTL.CD_max2	2.37576242291098e-07	0.000629347942145163	0.000291332847778587
DT.ODA.ALLD.KD_min2	2.36514060968918e-07	0.000132440268412277	0.000145666423889294
NY.GDP.MKTP.KD.ZG_rank	2.36190624882423e-07	0.000620107923418725	0.000728332119446468
EN.GHG.CH4.AG.MT.CE.AR5_delta1	2.36147121647453e-07	0.000200200405739489	0.000436999271667881
SP.POP.1014.FE.5Y_delta1	2.34068485527085e-07	0.000248453836866443	0.000728332119446468
FM.AST.DOMS.CN_delta1	2.33616172955605e-07	0.000793614941726282	0.000436999271667881
TX.VAL.FOOD.ZS.UN_delta1	2.33105305470746e-07	3.90134124005158e-05	0.000291332847778587
BX.TRF.PWKR.DT.GD.ZS_ratioavg2	2.33103588577204e-07	0.00032442732417271	0.000728332119446468
BX.KLT.DINV.WD.GD.ZS_avg2	2.32666151218018e-07	0.000576987836028681	0.000582665695557174
neonatal_risk_indicator_lag1	2.32547408878909e-07	0.000109853555969873	0.000145666423889294
SP.POP.6569.MA.5Y	2.3026155325303e-07	2.25867124424039e-05	0.000145666423889294
TX.VAL.AGRI.ZS.UN_lag1	2.27318761622025e-07	0.000368574080310136	0.000291332847778587
EG.ELC.FOSL.ZS_ratiomax2	2.26996173780898e-07	7.28934810641216e-05	0.000291332847778587
IT.CEL.SETS_ratiomax2	2.2613570227046e-07	0.000279253899287903	0.000291332847778587
NY.GDP.PETR.RT.ZS_isNA_rank	2.25663318935433e-07	0.0013685494402602	0.000873998543335761
FS.AST.CGOV.GD.ZS	2.25254382206525e-07	0.000409640830205416	0.000145666423889294
NE.CON.GOVT.ZS	2.24282197971459e-07	7.59734873062676e-05	0.000291332847778587
IS.AIR.GOOD.MT.K1_max2	2.2028098549932e-07	0.000490747661248594	0.000291332847778587
DC.DAC.USAL.CD_delta1	2.17456561143998e-07	0.000658094667071859	0.00101966496722505
EN.GHG.N2O.MT.CE.AR5_ratiomax2	2.17215840946017e-07	0.0007412548356098	0.000436999271667881
TX.VAL.MRCH.HI.ZS_rank	2.14928279771542e-07	3.18267311688418e-05	0.000145666423889294
ER.FSH.CAPT.MT_delta1	2.1296457816142e-07	0.000193013724507815	0.000291332847778587
BX.GRT.EXTA.CD.WD_tend2	2.11690410098361e-07	0.000140653618391333	0.000582665695557174
TM.VAL.FUEL.ZS.UN_isNA_rank	2.11610305171851e-07	0.00113652230335187	0.00160233066278223
private_consumption_capacity	2.10606059761403e-07	0.000728934810641216	0.000436999271667881
DC.DAC.CECL.CD_max2	2.09414216938173e-07	0.000543107767365075	0.000582665695557174
NY.GDP.MKTP.KD_isNA_rank	2.08845637091108e-07	0.00141064285890286	0.00160233066278223
EN.GHG.CO2.IC.MT.CE.AR5_tend2	2.08524119627656e-07	0.000674521367029971	0.000873998543335761
AG.SRF.TOTL.K2_delta1	2.08294987168117e-07	0.000372680755299664	0.000436999271667881
AG.YLD.CREL.KG_delta1	2.0656940552225e-07	0.00038602744901563	0.000582665695557174
BX.KLT.DINV.CD.WD_isNA_rank	2.0609984131716e-07	0.000455840923837606	0.000728332119446468
SE.PRM.ENRL.FE.ZS_isNA_rank	2.05895989103034e-07	4.51734248848078e-05	0.000145666423889294
NE.CON.GOVT.CD_ratioavg2	2.04102613538661e-07	0.000444547567616404	0.000436999271667881
TX.VAL.MRCH.R1.ZS_delta1	2.03744566672078e-07	0.000495881004985503	0.000873998543335761
NE.CON.TOTL.KD.ZG_rank	2.00721685061844e-07	2.15600436950219e-05	0.000145666423889294
SE.SEC.ENRR_rank	1.99061993557305e-07	0.000666308017050915	0.00101966496722505
SE.SEC.ENRR.MA_rank	1.98923146823265e-07	0.00127101590925891	0.00145666423889294
AG.PRD.CREL.MT_ratioavg2	1.97990771927896e-07	0.000902441828948773	0.000582665695557174
TX.VAL.MRCH.R3.ZS	1.97180200075501e-07	8.93201810222335e-05	0.000291332847778587
EN.GHG.CO2.RT.GDP.KD	1.97012734875709e-07	0.000304920617972452	0.000291332847778587
TX.VAL.MMTL.ZS.UN_rank	1.96016171943004e-07	0.000632427948387309	0.00131099781500364
FI.RES.TOTL.MO_tend2	1.94895385410905e-07	0.000424014192668764	0.000728332119446468
EN.GHG.CH4.AG.MT.CE.AR5_ratiomax2	1.94544846046776e-07	0.000175560355802321	0.000291332847778587
SE.SEC.ENRL.GC.FE.ZS_lag1	1.92635464133403e-07	0.00136238942777591	0.00145666423889294
EN.GHG.CH4.IC.MT.CE.AR5_delta1	1.91506644854204e-07	5.44134436112457e-05	0.000291332847778587
SE.SEC.ENRR_lag1	1.91468062502149e-07	0.000847001716590146	0.00174799708667152
NY.ADJ.DNGY.GN.ZS_isNA_rank	1.91094781628186e-07	0.000211493761960691	0.000582665695557174
DT.NFL.UNDP.CD_ratioavg2	1.85981412536202e-07	0.000816201654168686	0.000582665695557174
BX.TRF.CURR.CD_delta1	1.85391010273308e-07	0.000660148004566623	0.00101966496722505
SP.DYN.LE00.FE.IN_lag1	1.85023079330759e-07	0.000480480973774774	0.000291332847778587
TX.VAL.MRCH.R3.ZS_isNA_rank	1.84413922488623e-07	9.95868684960535e-05	0.000145666423889294
SP.POP.0004.MA.5Y_lag1	1.84044755517453e-07	0.00108108219099324	0.000436999271667881
NY.GNP.MKTP.CD_isNA_rank	1.81998151846765e-07	0.000265907205571937	0.000436999271667881
IT.MLT.MAIN.P2_lag1	1.81819756580071e-07	0.000119093574696311	0.000291332847778587
SE.SEC.ENRR.FE_rank	1.80975043542414e-07	0.000263853868077173	0.000582665695557174
NE.CON.PRVT.KD.ZG_min2	1.79836711876911e-07	0.000255640518098117	0.000436999271667881
NY.GDP.PCAP.KD.ZG_lag1	1.74282676890933e-07	0.000479454305027392	0.000873998543335761
BX.GSR.NFSV.CD_tend2	1.72475254105009e-07	0.00130489597792252	0.000728332119446468
AG.PRD.FOOD.XD_delta1	1.70730020582538e-07	0.000376787430289192	0.000436999271667881
FM.AST.DOMS.CN_isNA_rank	1.7067102653963e-07	0.00162418995835832	0.00131099781500364
BX.GSR.FCTY.CD_tend2	1.69612053631982e-07	0.000431200873900438	0.000291332847778587
DC.DAC.GBRL.CD_min2	1.69239530535612e-07	6.26267935903017e-05	0.000145666423889294
SM.POP.RHCR.EA	1.66941765114043e-07	0.00040142748022636	0.000291332847778587
EN.GHG.CO2.RT.GDP.KD_ratiomax2	1.658784279632e-07	0.000444547567616404	0.000436999271667881
TM.VAL.MANF.ZS.UN_rank	1.64515012585677e-07	6.57067998324477e-05	0.000291332847778587
EN.GHG.N2O.PI.MT.CE.AR5_ratioavg2	1.62066541948139e-07	0.000951721928823109	0.00145666423889294
NV.SRV.TOTL.CD_delta1	1.61741196502895e-07	6.16001248429197e-05	0.000291332847778587
AG.LND.AGRI.ZS_min2	1.61218536126383e-07	0.000142706955886097	0.000436999271667881
SE.SEC.AGES_rank	1.608856059839e-07	0.000481507642522156	0.00101966496722505
NV.SRV.TOTL.KD.ZG_isNA_rank	1.59989029389831e-07	0.000497934342480268	0.000291332847778587
EN.GHG.CH4.TR.MT.CE.AR5_tend2	1.58811436351268e-07	6.26267935903017e-05	0.000145666423889294
SP.POP.GROW_delta1	1.57988099042147e-07	0.000225867124424039	0.000436999271667881
BX.PEF.TOTL.CD.WD	1.56484969421526e-07	0.000283360574277431	0.000728332119446468
FI.RES.TOTL.CD_isNA_rank	1.55914178674033e-07	0.000252560511855971	0.000582665695557174
EG.ELC.FOSL.ZS_max2	1.5527053413181e-07	0.000112933562212019	0.000436999271667881
SP.DYN.LE00.MA.IN_delta1	1.55251211768385e-07	0.000495881004985503	0.00116533139111435
NY.GNP.MKTP.CN	1.54989719905088e-07	0.000506147692459323	0.000436999271667881
BX.PEF.TOTL.CD.WD_isNA_rank	1.53959308445687e-07	0.00111290892216208	0.00131099781500364
BM.KLT.DINV.CD.WD_avg2	1.53411426373184e-07	0.000138600280896569	0.000291332847778587
EN.GHG.N2O.WA.MT.CE.AR5_max2	1.51932923444024e-07	4.51734248848078e-05	0.000145666423889294
DC.DAC.FRAL.CD_ratiomax2	1.51370481745112e-07	0.000162213662086355	0.000145666423889294
NE.GDI.FTOT.ZS_isNA_rank	1.51063844566224e-07	0.000665281348303533	0.000436999271667881
SP.POP.1519.FE.5Y	1.50358465625456e-07	0.000277200561793139	0.000582665695557174
EN.GHG.CH4.PI.MT.CE.AR5_ratioavg2	1.49838420863847e-07	0.000492800998743358	0.000582665695557174
IT.MLT.MAIN_ratiomax2	1.48306014140737e-07	9.75335310012895e-05	0.000291332847778587
TM.VAL.TRAN.ZS.WT_delta1	1.46956992357911e-07	0.000148866968370389	0.000436999271667881
year_cycle	1.46650225966502e-07	3.28533999162238e-05	0.000145666423889294
AG.LND.CROP.ZS_tend2	1.45597795939193e-07	9.85601997486715e-05	0.000436999271667881
EG.ELC.HYRO.ZS_max2	1.45452909511592e-07	0.000553374454838895	0.000436999271667881
SE.PRM.ENRL.FE.ZS_delta1	1.44479968508405e-07	8.41868372853236e-05	0.000291332847778587
EN.GHG.CO2.RT.GDP.KD_lag1	1.43566538548744e-07	0.000430174205153056	0.000436999271667881
BM.GSR.TRVL.ZS_delta1	1.41805378573672e-07	0.000154000312107299	0.000291332847778587
SP.DYN.CBRT.IN_delta1	1.39796488922465e-07	0.00218167108818674	0.00131099781500364
FM.AST.NFRG.CN_isNA_rank	1.39630246884944e-07	3.59334061583698e-05	0.000291332847778587
SP.POP.80UP.FE.5Y_delta1	1.3880424394774e-07	0.000913735185169975	0.000582665695557174
EN.GHG.CH4.IC.MT.CE.AR5_ratioavg2	1.38525247480487e-07	9.24001872643795e-05	0.000291332847778587
BX.GSR.NFSV.CD_ratioavg2	1.38137785087456e-07	0.000140653618391333	0.000291332847778587
TM.VAL.FOOD.ZS.UN_delta1	1.37799722012581e-07	0.000123200249685839	0.000436999271667881
AG.PRD.FOOD.XD_tend2	1.3754852295548e-07	0.000162213662086355	0.000582665695557174
SP.POP.7074.MA.5Y_delta1	1.36225819129555e-07	0.00044762757385855	0.000582665695557174
NE.GDI.FTOT.ZS	1.32314608588229e-07	0.000109853555969873	0.000291332847778587
FM.LBL.BMNY.GD.ZS_max2	1.32074137854003e-07	0.000104720212232963	0.000145666423889294
SE.SEC.ENRL_delta1	1.31825043441461e-07	0.000354200717846788	0.000728332119446468
NV.AGR.TOTL.ZS	1.31286703153945e-07	0.000312107299204126	0.000145666423889294
BM.GSR.FCTY.CD_delta1	1.29504422722991e-07	0.000429147536405674	0.000145666423889294
SM.POP.RHCR.EO_delta1	1.29323264732867e-07	0.000280280568035285	0.000436999271667881
NE.IMP.GNFS.ZS	1.28938988734135e-07	0.000213547099455455	0.000291332847778587
NE.GDI.TOTL.ZS	1.27283787045895e-07	0.000110880224717255	0.000436999271667881
ER.FSH.CAPT.MT_ratioavg2	1.27186194844713e-07	0.000136546943401805	0.000291332847778587
EN.GHG.CO2.PC.CE.AR5_lag1	1.27063511222663e-07	0.000790534935484136	0.000436999271667881
EN.GHG.N2O.PI.MT.CE.AR5_tend2	1.26044241668921e-07	0.000578014504776063	0.000436999271667881
SP.DYN.LE00.IN	1.25881466869448e-07	4.00400811478978e-05	0.000145666423889294
BX.GSR.CMCP.ZS	1.25632356376181e-07	0.000318267311688418	0.000728332119446468
TX.VAL.MRCH.R2.ZS_lag1	1.25001508531211e-07	0.000697108079472374	0.000873998543335761
FP.CPI.TOTL.ZG_tend2	1.23842585718925e-07	0.000430174205153056	0.00145666423889294
EN.GHG.CO2.BU.MT.CE.AR5_ratioavg2	1.22379934514812e-07	0.000108826887222491	0.000145666423889294
NE.CON.TOTL.KD.ZG_isNA_rank	1.2226400283138e-07	0.000142706955886097	0.000582665695557174
IT.MLT.MAIN.P2_tend2	1.21466025551444e-07	0.000186853712023523	0.000436999271667881
AG.LND.ARBL.ZS_min2	1.20733719897392e-07	0.000282333905530049	0.000291332847778587
EN.GHG.CH4.FE.MT.CE.AR5_tend2	1.19102933354073e-07	0.000882935122748515	0.000873998543335761
TM.VAL.MRCH.OR.ZS	1.18440329867494e-07	0.000229973799413567	0.000436999271667881
NV.IND.MANF.CD_delta1	1.18171975209525e-07	0.000203280411981635	0.000582665695557174
BX.TRF.CURR.CD_isNA_rank	1.17082510351985e-07	0.000378840767783956	0.000873998543335761
NY.ADJ.DKAP.GN.ZS_delta1	1.16709237854876e-07	0.000135520274654423	0.000436999271667881
TX.VAL.MRCH.WR.ZS_delta1	1.14475203303429e-07	0.000110880224717255	0.000436999271667881
BM.TRF.PWKR.CD.DT_delta1	1.14402238165617e-07	0.00280383234910023	0.00131099781500364
EN.GHG.CH4.AG.MT.CE.AR5_tend2	1.1377101837419e-07	9.54801935065255e-05	0.000291332847778587
EG.ELC.NUCL.ZS_tend2	1.11497658835186e-07	0.000708401435693576	0.000582665695557174
IS.AIR.PSGR	1.11411597470057e-07	0.000216627105697601	0.000291332847778587
SE.SEC.ENRL.GC.FE.ZS_isNA_rank	1.11059240240199e-07	1.64266999581119e-05	0.000145666423889294
NY.GDP.TOTL.RT.ZS_isNA_rank	1.11052854084942e-07	0.000106773549727727	0.000291332847778587
SP.POP.7074.MA.5Y_lag1	1.10996548365545e-07	0.0010718421722668	0.000436999271667881
NE.CON.PRVT.ZS	1.0965063618403e-07	5.54401123586277e-05	0.000291332847778587
PA.NUS.FCRF_isNA_rank	1.09396922866638e-07	0.000535921086133401	0.000436999271667881
AG.CON.FERT.ZS_lag1	1.09204964881069e-07	0.00200097738864751	0.00145666423889294
SE.TER.ENRR_isNA_rank	1.09099494665488e-07	0.000422987523921382	0.000582665695557174
SP.POP.2529.MA.5Y_rank	1.09082578840979e-07	2.36133811897859e-05	0.000145666423889294
MS.MIL.XPND.GD.ZS_lag1	1.08314553038505e-07	0.000868561760285168	0.000873998543335761
NV.SRV.TOTL.KD.ZG	1.08230837109763e-07	1.64266999581119e-05	0.000145666423889294
NY.GDP.FCST.CN_rank	1.06194580951615e-07	0.000114986899706783	0.000291332847778587
NE.EXP.GNFS.KD_lag1	1.06084166037116e-07	0.000106773549727727	0.000291332847778587
SP.DYN.AMRT.FE_delta1	1.0600458968474e-07	0.000169400343318029	0.000436999271667881
BM.GSR.TRVL.ZS_tend2	1.05350647477679e-07	0.000315187305446272	0.000582665695557174
NY.GNP.PCAP.CN_isNA_rank	1.05234272384973e-07	7.18668123167396e-05	0.000291332847778587
BX.GSR.NFSV.CD_max2	1.05172880002902e-07	2.25867124424039e-05	0.000145666423889294
BX.KLT.DINV.WD.GD.ZS_rank	1.04689936023748e-07	0.000510254367448851	0.000728332119446468
SE.SEC.ENRR	1.02837251381253e-07	0.00156053649602063	0.00203932993445011
NE.CON.GOVT.ZS_delta1	1.02347334424354e-07	5.64667811060097e-05	0.000291332847778587
EG.USE.ELEC.KH.PC	1.01544475621675e-07	0.00100716204118174	0.00131099781500364
EN.URB.LCTY_ratioavg2	1.00409583420435e-07	0.00116834903452071	0.00101966496722505
year_cycle_rank	9.98782238720921e-08	0.0015451364648099	0.00116533139111435
SP.POP.0004.FE.5Y_lag1	9.98572854710885e-08	0.000398347473984214	0.000145666423889294
AG.LND.AGRI.ZS_ratioavg2	9.96836739809481e-08	0.000657067998324477	0.000728332119446468
TM.VAL.TRVL.ZS.WT_rank	9.90417504481939e-08	7.80268248010316e-05	0.000145666423889294
EN.GHG.CO2.MT.CE.AR5_tend2	9.6750873102392e-08	0.000529761073649109	0.000873998543335761
BM.GSR.MRCH.CD_isNA_rank	9.55603140407942e-08	0.000172480349560175	0.000291332847778587
DC.DAC.CANL.CD_tend2	9.54390565293263e-08	0.000257693855592881	0.000582665695557174
NY.ADJ.DNGY.CD_lag1	9.53171970001497e-08	0.000278227230540521	0.000291332847778587
DT.NFL.UNDP.CD_delta1	9.52560390105825e-08	0.000580067842270827	0.000582665695557174
MS.MIL.MPRT.KD_isNA_rank	9.50732825468216e-08	0.00151330973364106	0.00145666423889294
AG.LND.CREL.HA_tend2	9.48569447124602e-08	0.000262827199329791	0.000728332119446468
DC.DAC.FRAL.CD_tend2	9.48122956407541e-08	0.000482534311269538	0.000873998543335761
NY.GNP.MKTP.CN_isNA_rank	9.45814145800427e-08	0.000658094667071859	0.000873998543335761
FI.RES.XGLD.CD_isNA_rank	9.43874899776124e-08	0.001505096383662	0.00116533139111435
EG.ELC.NGAS.ZS_max2	9.3561729902743e-08	0.000233053805655713	0.000436999271667881
SP.POP.4549.FE.5Y_delta1	9.29284939461637e-08	0.000440440892626876	0.000582665695557174
DC.DAC.GBRL.CD	9.28084064402534e-08	0.000739201498115036	0.000873998543335761
IS.AIR.GOOD.MT.K1_rank	9.22370541602249e-08	0.000193013724507815	0.000291332847778587
NY.GDP.PCAP.KN_isNA_rank	8.98687478055345e-08	9.13735185169975e-05	0.000291332847778587
NY.ADJ.DNGY.CD_isNA_rank	8.89696141415576e-08	0.00127922925923797	0.00145666423889294
IS.AIR.GOOD.MT.K1_lag1	8.86202052984317e-08	0.000940428572601907	0.000436999271667881
DC.DAC.USAL.CD_max2	8.79357857229384e-08	0.000315187305446272	0.000436999271667881
EN.GHG.CH4.MT.CE.AR5_ratioavg2	8.78203625127343e-08	5.44134436112457e-05	0.000291332847778587
consumption_vs_income	8.37768687720523e-08	0.000550294448596749	0.00160233066278223
TM.VAL.MRCH.R6.ZS	8.34269424368559e-08	0.000684788054503791	0.00145666423889294
SE.SEC.ENRL.GC_isNA_rank	8.27280195883307e-08	0.000159133655844209	0.000291332847778587
SP.POP.0014.TO.ZS_delta1	8.25664718163472e-08	0.000517441048680525	0.00101966496722505
NE.RSB.GNFS.CD_lag1	8.17185392643855e-08	0.0023151380253464	0.000873998543335761
DC.DAC.FRAL.CD_lag1	8.05168255458933e-08	0.000148866968370389	0.000291332847778587
EG.ELC.PETR.ZS_delta1	8.00805946024665e-08	9.85601997486715e-05	0.000436999271667881
NY.GDP.MKTP.KN_isNA_rank	7.9806580135923e-08	0.000925028541391177	0.00101966496722505
IS.AIR.DPRT_tend2	7.97480856890805e-08	0.00142706955886097	0.00131099781500364
AG.PRD.LVSK.XD_min2	7.88602962592216e-08	3.38800686636058e-05	0.000145666423889294
NE.CON.GOVT.ZS_max2	7.87044687933415e-08	7.90534935484136e-05	0.000291332847778587
SE.PRM.TCHR	7.81427491685634e-08	0.000183773705781377	0.000291332847778587
NY.GNP.MKTP.CN_lag1	7.74317589049086e-08	4.92800998743357e-05	0.000145666423889294
TX.VAL.MRCH.AL.ZS	7.71309771044565e-08	0.000306973955467216	0.000582665695557174
BX.KLT.DINV.WD.GD.ZS_min2	7.62301703632592e-08	0.000640641298366365	0.000728332119446468
TX.VAL.TRAN.ZS.WT	7.56022050214232e-08	0.000586227854755119	0.000436999271667881
NE.CON.PRVT.KD_ratioavg2	7.55973310210222e-08	2.66933874319319e-05	0.000145666423889294
EG.USE.ELEC.KH.PC_ratiomax2	7.46616691581975e-08	2.15600436950219e-05	0.000145666423889294
BX.GSR.TRAN.ZS_min2	7.42374153440686e-08	0.000245373830624297	0.000436999271667881
NE.RSB.GNFS.CD_rank	7.23321850381817e-08	6.05734560955377e-05	0.000145666423889294
EN.GHG.N2O.BU.MT.CE.AR5_ratiomax2	7.21972262267032e-08	0.0010605488160456	0.000728332119446468
IT.MLT.MAIN_tend2	7.21508766366088e-08	0.000313133967951508	0.000436999271667881
SP.POP.3539.MA.5Y_lag1	7.16665391599284e-08	0.000131413599664895	0.000436999271667881
SP.POP.7579.MA.5Y_delta1	7.1467048767148e-08	0.000163240330833737	0.000582665695557174
DC.DAC.CANL.CD_ratioavg2	7.14184525903231e-08	0.000778214910515552	0.00116533139111435
FM.AST.PRVT.GD.ZS_tend2	7.12280655630625e-08	0.000122173580938457	0.000582665695557174
NE.CON.PRVT.PC.KD_tend2	7.12022348306499e-08	0.00086445508529564	0.00101966496722505
BX.GSR.TRAN.ZS_isNA_rank	7.11943250621337e-08	0.000570827823544389	0.000582665695557174
MS.MIL.MPRT.KD_delta1	7.07102120071992e-08	0.000455840923837606	0.000291332847778587
NE.CON.PRVT.ZS_ratioavg2	7.00592367530895e-08	0.00036036073033108	0.000728332119446468
TM.VAL.OTHR.ZS.WT_delta1	6.99367458429423e-08	0.00036036073033108	0.000873998543335761
SE.SEC.ENRR.FE_isNA_rank	6.92511651434813e-08	0.000255640518098117	0.000436999271667881
DC.DAC.CANL.CD_delta1	6.86632502902298e-08	0.000421960855174	0.000873998543335761
FM.AST.DOMS.CN_ratiomax2	6.85354406117152e-08	2.15600436950219e-05	0.000145666423889294
BG.GSR.NFSV.GD.ZS_ratiomax2	6.85352717286843e-08	8.52135060327056e-05	0.000291332847778587
TM.VAL.MANF.ZS.UN_delta1	6.77713803432363e-08	0.000737148160620272	0.000291332847778587
YearsSinceFirst_rank	6.71948845158552e-08	9.24001872643795e-05	0.000291332847778587
EN.GHG.N2O.BU.MT.CE.AR5_tend2	6.71739985233152e-08	0.00163753665207428	0.00145666423889294
TX.VAL.OTHR.ZS.WT	6.65836116061793e-08	0.000544134436112457	0.000873998543335761
ER.H2O.INTR.K3_max2	6.63058173679185e-08	5.33867748638637e-05	0.000145666423889294
TM.VAL.FOOD.ZS.UN_rank	6.62401910089213e-08	9.13735185169975e-05	0.000291332847778587
NY.ADJ.DNGY.GN.ZS	6.60536307630438e-08	0.000374734092794428	0.000582665695557174
BM.GSR.INSF.ZS_lag1	6.59527316883098e-08	6.57067998324477e-05	0.000145666423889294
BX.GSR.CMCP.ZS_tend2	6.59284851723913e-08	0.000488694323753829	0.00131099781500364
TM.VAL.AGRI.ZS.UN_delta1	6.54820044731312e-08	0.000601627885965849	0.00101966496722505
NY.GDS.TOTL.CD_delta1	6.50878148696927e-08	0.00107286884101418	0.000728332119446468
IT.MLT.MAIN.P2_min2	6.47188196323172e-08	0.000184800374528759	0.000582665695557174
MS.MIL.MPRT.KD_max2	6.4579166894006e-08	0.00150920305865153	0.000873998543335761
SH.DYN.NMRT_lag1	6.37802005078125e-08	0.000527707736154345	0.000291332847778587
NE.RSB.GNFS.CD	6.33080783783043e-08	0.000150920305865153	0.000582665695557174
NE.CON.GOVT.ZS_avg2	6.31008071683048e-08	0.000410667498952798	0.000291332847778587
EN.GHG.CO2.MT.CE.AR5_ratioavg2	6.21930295024841e-08	0.00076692155429435	0.000582665695557174
EN.GHG.CO2.RT.GDP.KD_tend2	6.19678200060845e-08	0.000723801466904306	0.00145666423889294
NE.TRD.GNFS.ZS_isNA_rank	6.18989399213945e-08	6.36534623376837e-05	0.000291332847778587
BM.GSR.INSF.ZS_ratioavg2	6.17329047638155e-08	0.000218680443192365	0.000582665695557174
AG.LND.ARBL.HA.PC_ratiomax2	6.16001422021262e-08	0.000486640986259066	0.000291332847778587
EG.USE.ELEC.KH.PC_ratioavg2	6.14653340146176e-08	0.000133466937159659	0.000436999271667881
EN.GHG.N2O.MT.CE.AR5_ratioavg2	6.08746478222751e-08	0.00149482969618818	0.000873998543335761
NE.RSB.GNFS.CD_delta1	6.01482964570084e-08	0.00244244495002177	0.00116533139111435
AG.LND.CREL.HA	5.89215893250628e-08	6.57067998324477e-05	0.000145666423889294
TM.VAL.INSF.ZS.WT_isNA_rank	5.82921650138622e-08	0.000246400499371679	0.000873998543335761
BM.KLT.DINV.CD.WD_ratiomax2	5.75514067074402e-08	0.000175560355802321	0.000436999271667881
BX.GSR.TRVL.ZS_avg2	5.53113962983041e-08	0.000291573924256487	0.000582665695557174
SP.POP.7579.FE.5Y	5.48711563752735e-08	0.000430174205153056	0.000291332847778587
AG.PRD.LVSK.XD_max2	5.46002605908688e-08	0.000229973799413567	0.000291332847778587
SM.POP.NETM	5.44299955031098e-08	0.00043222754264782	0.000436999271667881
NY.GDP.DEFL.KD.ZG_lag1	5.42214126716334e-08	0.000397320805236832	0.000873998543335761
SM.POP.NETM_lag1	5.40988306053715e-08	0.000270013880561465	0.000582665695557174
SM.POP.RHCR.EA_lag1	5.39280399984621e-08	0.000232027136908331	0.000291332847778587
NY.GSR.NFCY.CD_isNA_rank	5.32655278780272e-08	0.000394240798994686	0.000436999271667881
DC.DAC.JPNL.CD	5.3157983532303e-08	0.000875748441516842	0.00116533139111435
TM.VAL.MRCH.OR.ZS_delta1	5.23083661569308e-08	0.000288493918014341	0.000436999271667881
TX.VAL.TRVL.ZS.WT_isNA_rank	5.07844668456638e-08	9.75335310012895e-05	0.000436999271667881
NY.GDP.FCST.CN	4.98596591179055e-08	0.000243320493129533	0.000436999271667881
NV.AGR.TOTL.KD	4.92726239692959e-08	3.49067374109878e-05	0.000145666423889294
NY.ADJ.DKAP.GN.ZS_isNA_rank	4.8433686344775e-08	0.000511281036196233	0.00116533139111435
TM.VAL.TRAN.ZS.WT	4.8178460042368e-08	0.00202869744482682	0.00145666423889294
DC.DAC.TOTL.CD_rank	4.81511608070499e-08	8.00801622957956e-05	0.000291332847778587
EN.GHG.CO2.PI.MT.CE.AR5_delta1	4.80820445057212e-08	7.08401435693576e-05	0.000291332847778587
NV.IND.TOTL.KD.ZG_isNA_rank	4.74078879662462e-08	0.00133466937159659	0.00145666423889294
EG.ELC.NUCL.ZS_max2	4.72353913675746e-08	0.000342907361625586	0.000145666423889294
NE.CON.GOVT.ZS_isNA_rank	4.70692132987521e-08	8.52135060327056e-05	0.000436999271667881
NV.AGR.TOTL.KD.ZG	4.679696804691e-08	0.00275352558047851	0.00276766205389658
EN.GHG.N2O.BU.MT.CE.AR5_lag1	4.66257394941389e-08	8.52135060327056e-05	0.000145666423889294
NY.ADJ.DKAP.CD_delta1	4.64715685554379e-08	4.51734248848078e-05	0.000145666423889294
BM.KLT.DINV.WD.GD.ZS_delta1	4.64064426115962e-08	0.000724828135651688	0.000728332119446468
SE.SEC.ENRR.MA_delta1	4.63017506464258e-08	0.00123200249685839	0.00145666423889294
NY.GDP.MKTP.KD.ZG_delta1	4.62780416897241e-08	0.000100613537243435	0.000436999271667881
BX.GRT.TECH.CD.WD_tend2	4.62062421211032e-08	0.00110161556594088	0.00145666423889294
TX.VAL.MRCH.WL.CD_delta1	4.61279102893172e-08	0.000128333593422749	0.000436999271667881
DC.DAC.DEUL.CD_delta1	4.60785753693283e-08	0.000199173736992107	0.000582665695557174
EN.GHG.CO2.PC.CE.AR5_ratioavg2	4.60401267657793e-08	0.000253587180603353	0.000582665695557174
DT.ODA.ODAT.GN.ZS_ratioavg2	4.54488508905007e-08	6.57067998324477e-05	0.000291332847778587
AG.PRD.CROP.XD	4.52282010398803e-08	0.000819281660410832	0.00203932993445011
SP.DYN.TFRT.IN_delta1	4.51740181266979e-08	3.90134124005158e-05	0.000291332847778587
DT.NFL.UNDP.CD_isNA_rank	4.49664240447881e-08	0.00030902729296198	0.000145666423889294
NY.GNP.PCAP.CN_delta1	4.45976455346954e-08	0.000667334685798297	0.000436999271667881
NE.CON.GOVT.ZS_ratioavg2	4.43599738892715e-08	0.000161186993338973	0.000582665695557174
NY.ADJ.DMIN.CD_rank	4.41292348736715e-08	0.000161186993338973	0.000436999271667881
BM.GSR.TRAN.ZS_tend2	4.33344453007924e-08	0.00047842763628001	0.00116533139111435
urban_health_access_lag1	4.3253741557665e-08	0.000430174205153056	0.000145666423889294
TM.VAL.MRCH.R5.ZS	4.30186696611542e-08	0.000609841235944905	0.000436999271667881
AG.LND.ARBL.ZS_tend2	4.28802705840325e-08	0.00193013724507815	0.000873998543335761
TX.VAL.TRAN.ZS.WT_isNA_rank	4.2683452748392e-08	0.000201227074486871	0.000582665695557174
NY.GDP.COAL.RT.ZS_isNA_rank	4.26594557554471e-08	0.00250712508110683	0.00116533139111435
NE.CON.GOVT.CD_avg2	4.2658402804461e-08	2.46400499371679e-05	0.000145666423889294
DC.DAC.USAL.CD_rank	4.23152114283722e-08	0.000259747193087645	0.000436999271667881
BG.GSR.NFSV.GD.ZS_avg2	4.19984186518952e-08	0.000129360262170131	0.000291332847778587
BM.GSR.FCTY.CD	4.15367882567129e-08	5.33867748638637e-05	0.000145666423889294
NE.IMP.GNFS.CD	4.15044941941818e-08	2.15600436950219e-05	0.000145666423889294
NY.GDP.FRST.RT.ZS_isNA_rank	4.13743765132526e-08	0.00129154928420655	0.00101966496722505
PA.NUS.FCRF_rank	4.1000735505436e-08	5.74934498533917e-05	0.000291332847778587
ER.FSH.AQUA.MT_ratiomax2	4.0359467244509e-08	2.46400499371679e-05	0.000145666423889294
DC.DAC.CANL.CD_min2	4.02304408568228e-08	0.000202253743234253	0.000436999271667881
EN.GHG.ALL.PC.CE.AR5_ratioavg2	4.01297907145429e-08	0.000204307080729017	0.000436999271667881
AG.YLD.CREL.KG_ratiomax2	3.99748718450364e-08	0.000312107299204126	0.000145666423889294
EN.GHG.N2O.BU.MT.CE.AR5_delta1	3.99413044299547e-08	0.00166115003326407	0.00131099781500364
SP.POP.GROW_rank	3.98962426261012e-08	0.000239213818140005	0.000145666423889294
EN.GHG.N2O.PI.MT.CE.AR5_delta1	3.94269155497169e-08	0.000650907985840185	0.000582665695557174
NE.CON.TOTL.CD_ratioavg2	3.92086540675014e-08	0.000104720212232963	0.000291332847778587
NE.CON.PRVT.ZS_avg2	3.86362849649875e-08	0.000106773549727727	0.000291332847778587
NY.ADJ.DNGY.GN.ZS_rank	3.85838321908045e-08	0.000467134280058808	0.000436999271667881
DT.ODA.ODAT.GN.ZS_delta1	3.85187291991868e-08	0.000243320493129533	0.000291332847778587
DC.DAC.DEUL.CD	3.82269400725717e-08	0.000336747349141294	0.000436999271667881
SE.SEC.ENRL.GC.FE.ZS_delta1	3.81824589103973e-08	0.000215600436950219	0.000582665695557174
NE.RSB.GNFS.CN_isNA_rank	3.81001369159349e-08	0.0016652567082536	0.00131099781500364
BG.GSR.NFSV.GD.ZS_isNA_rank	3.80363423073456e-08	0.00046816094880619	0.000582665695557174
AG.YLD.CREL.KG_lag1	3.79722506303879e-08	0.000392187461499922	0.000436999271667881
BX.KLT.DINV.WD.GD.ZS	3.69820038672524e-08	0.000707374766946194	0.00116533139111435
NV.SRV.TOTL.ZS_delta1	3.69638262526409e-08	0.000183773705781377	0.000582665695557174
NV.IND.MANF.KD	3.69542391631339e-08	0.000167347005823265	0.000436999271667881
DC.DAC.USAL.CD_ratioavg2	3.69377354691838e-08	0.00072072146066216	0.00145666423889294
SP.POP.5559.FE.5Y_rank	3.68107881881652e-08	4.92800998743357e-05	0.000145666423889294
FP.CPI.TOTL.ZG_lag1	3.62521234052254e-08	0.000132440268412277	0.000436999271667881
AG.LND.ARBL.HA_ratiomax2	3.62248706145118e-08	3.69600749057518e-05	0.000291332847778587
FS.AST.CGOV.GD.ZS_max2	3.61560428630177e-08	0.000582121179765591	0.000728332119446468
TM.VAL.MMTL.ZS.UN_isNA_rank	3.61032619703223e-08	0.000208413755718545	0.000436999271667881
BM.GSR.FCTY.CD_ratioavg2	3.60726157083436e-08	0.000263853868077173	0.000582665695557174
TM.VAL.MRCH.HI.ZS	3.56053438654803e-08	0.000621134592166107	0.000873998543335761
NY.ADJ.DMIN.CD_delta1	3.55260700892978e-08	0.000476374298785246	0.000873998543335761
EG.ELC.FOSL.ZS_tend2	3.54250959062443e-08	0.000193013724507815	0.000582665695557174
NE.CON.PRVT.PC.KD_delta1	3.52134081442057e-08	0.00045276091759546	0.000728332119446468
DT.ODA.ODAT.CD	3.48527795796776e-08	0.000258720524340263	0.000436999271667881
TX.VAL.TRVL.ZS.WT_lag1	3.48026892552423e-08	0.000343934030372968	0.000728332119446468
SE.PRM.ENRR.FE_delta1	3.4770152671295e-08	0.000158106987096827	0.000582665695557174
IS.AIR.GOOD.MT.K1_min2	3.4378979697496e-08	0.000953775266317873	0.000436999271667881
DC.DAC.FRAL.CD_min2	3.4287410480443e-08	0.000156053649602063	0.000291332847778587
AG.PRD.FOOD.XD_rank	3.38932792819802e-08	0.000138600280896569	0.000436999271667881
NY.GNP.PCAP.CN	3.38569527828848e-08	0.00219707111939747	0.000873998543335761
TM.VAL.MRCH.RS.ZS	3.35971957340402e-08	1.74533687054939e-05	0.000145666423889294
NY.GDP.PCAP.KN_delta1	3.34402914971575e-08	0.000376787430289192	0.000291332847778587
DC.DAC.USAL.CD_lag1	3.32782973024247e-08	0.000288493918014341	0.000728332119446468
NV.AGR.TOTL.KD_isNA_rank	3.31437714319203e-08	0.000560561136070569	0.000291332847778587
TX.VAL.FUEL.ZS.UN_lag1	3.30532854766029e-08	0.000326480661667474	0.000436999271667881
BX.GRT.TECH.CD.WD_delta1	3.28188664433526e-08	0.000331614005404384	0.000582665695557174
EN.GHG.N2O.MT.CE.AR5_delta1	3.27413464048103e-08	0.000367547411562754	0.000145666423889294
EN.GHG.CH4.WA.MT.CE.AR5_min2	3.24453273214501e-08	4.72267623795718e-05	0.000145666423889294
TM.VAL.MRCH.R6.ZS_lag1	3.23574475061599e-08	6.77601373272117e-05	0.000291332847778587
EG.ELC.NGAS.ZS_tend2	3.23508637045374e-08	0.000517441048680525	0.000873998543335761
BX.GSR.MRCH.CD_ratiomax2	3.22599458918796e-08	0.000107800218475109	0.000145666423889294
EN.GHG.CO2.FE.MT.CE.AR5	3.22254061950867e-08	4.00400811478978e-05	0.000291332847778587
FM.AST.PRVT.GD.ZS_isNA_rank	3.2127405954366e-08	0.000196093730749961	0.000728332119446468
EN.GHG.N2O.IC.MT.CE.AR5_ratioavg2	3.17379448782156e-08	0.000124226918433221	0.000291332847778587
BM.KLT.DINV.CD.WD_max2	3.16862128322024e-08	4.92800998743357e-05	0.000145666423889294
BX.GSR.TOTL.CD_tend2	3.14828131983887e-08	0.000126280255927985	0.000582665695557174
DC.DAC.DEUL.CD_max2	3.12911306040876e-08	5.44134436112457e-05	0.000291332847778587
SM.POP.RHCR.EA_rank	3.12745462762827e-08	0.000103693543485581	0.000291332847778587
SP.POP.3034.FE.5Y_delta1	3.12189310894214e-08	8.82935122748516e-05	0.000291332847778587
FI.RES.XGLD.CD_ratioavg2	3.12057334067645e-08	0.000301840611730306	0.000436999271667881
BX.GSR.TOTL.CD_ratioavg2	3.11948703225887e-08	0.000272067218056229	0.000291332847778587
EN.GHG.CO2.BU.MT.CE.AR5_tend2	3.11052914760008e-08	1.74533687054939e-05	0.000145666423889294
NY.ADJ.DRES.GN.ZS_isNA_rank	3.0954869967275e-08	0.000211493761960691	0.000291332847778587
EN.GHG.N2O.IP.MT.CE.AR5_avg2	3.0918799272133e-08	6.05734560955377e-05	0.000145666423889294
EN.GHG.N2O.MT.CE.AR5_tend2	3.07489839842082e-08	0.000590334529744647	0.000291332847778587
BX.TRF.CURR.CD	3.07278337577314e-08	8.93201810222335e-05	0.000291332847778587
NE.EXP.GNFS.CD_isNA_rank	3.02946835305252e-08	0.000271040549308847	0.000436999271667881
BM.GSR.INSF.ZS_tend2	3.02038072762969e-08	0.000878828447758987	0.00160233066278223
SP.POP.65UP.FE.ZS_delta1	2.99765509711022e-08	0.000379867436531338	0.000436999271667881
EN.URB.MCTY.TL.ZS_delta1	2.95695364820997e-08	0.000796694947968428	0.00101966496722505
BX.GSR.NFSV.CD	2.9484538029859e-08	5.13334373690997e-05	0.000145666423889294
AG.LND.CROP.ZS_delta1	2.92527443343294e-08	0.000554401123586277	0.000436999271667881
SE.PRM.TCHR_isNA_rank	2.90365681097029e-08	0.000328533999162238	0.000436999271667881
MS.MIL.XPND.GD.ZS_isNA_rank	2.9010698539152e-08	0.000133466937159659	0.000436999271667881
SP.DYN.TO65.FE.ZS_delta1	2.87054684214733e-08	0.000388080786510394	0.000873998543335761
NY.GDP.MKTP.KD.ZG_isNA_rank	2.86015608897341e-08	0.000607787898450141	0.00116533139111435
SE.SEC.ENRL	2.84710400395307e-08	0.000800801622957956	0.00116533139111435
EN.GHG.CH4.BU.MT.CE.AR5	2.80109825800944e-08	1.74533687054939e-05	0.000145666423889294
SP.ADO.TFRT_rank	2.78532004914839e-08	0.000125253587180603	0.000145666423889294
DC.DAC.GBRL.CD_avg2	2.78286979297592e-08	0.000180693699539231	0.000582665695557174
SP.POP.1564.MA.ZS	2.76926550684478e-08	0.000125253587180603	0.000145666423889294
SP.DYN.AMRT.FE_rank	2.76854830651689e-08	0.000466107611311426	0.000291332847778587
BX.GSR.CMCP.ZS_min2	2.72163199838419e-08	0.000160160324591591	0.000291332847778587
FD.AST.PRVT.GD.ZS_delta1	2.71498536726226e-08	1.64266999581119e-05	0.000145666423889294
EN.GHG.CO2.BU.MT.CE.AR5_lag1	2.70775394322565e-08	0.00037576076154181	0.000291332847778587
SP.RUR.TOTL.ZG_lag1	2.68415104492569e-08	0.000158106987096827	0.000436999271667881
AG.CON.FERT.ZS_min2	2.67796802039251e-08	0.000140653618391333	0.000145666423889294
EN.GHG.CO2.IP.MT.CE.AR5_ratiomax2	2.66793420064551e-08	0.000265907205571937	0.000291332847778587
EN.GHG.CO2.RT.GDP.KD_delta1	2.66689314727057e-08	6.57067998324477e-05	0.000291332847778587
SP.DYN.IMRT.FE.IN	2.66253143130005e-08	0.000349067374109878	0.000145666423889294
BX.KLT.DINV.CD.WD_ratioavg2	2.64181202125561e-08	0.000482534311269538	0.000728332119446468
EN.URB.MCTY.TL.ZS_tend2	2.63462598896107e-08	0.000602654554713231	0.000873998543335761
SP.DYN.CDRT.IN_delta1	2.61287583544693e-08	0.000110880224717255	0.000291332847778587
TM.VAL.SERV.CD.WT_lag1	2.6104893885824e-08	3.38800686636058e-05	0.000145666423889294
NY.ADJ.NNTY.CD_isNA_rank	2.60643305761944e-08	0.000247427168119061	0.000582665695557174
DC.DAC.USAL.CD	2.59052282742425e-08	0.00178640362044467	0.00174799708667152
SP.DYN.AMRT.FE_isNA_rank	2.58435128254508e-08	4.20934186426618e-05	0.000145666423889294
SH.IMM.MEAS_rank	2.56502634585008e-08	0.000186853712023523	0.000291332847778587
BM.GSR.MRCH.CD_tend2	2.56221264404416e-08	0.000372680755299664	0.000145666423889294
BX.GSR.GNFS.CD_delta1	2.55427468821341e-08	0.000288493918014341	0.000145666423889294
SH.MMR.RISK	2.51473504423232e-08	0.000132440268412277	0.000291332847778587
NY.GDS.TOTL.CD_lag1	2.47250311145985e-08	0.000385000780268248	0.000145666423889294
SP.POP.4549.MA.5Y_rank	2.46735161229505e-08	0.000302867280477688	0.000145666423889294
NY.GNP.PCAP.CN_rank	2.45818363686243e-08	0.000139626949643951	0.000291332847778587
BX.GSR.TRAN.ZS_avg2	2.44579664034967e-08	0.000426067530163528	0.000728332119446468
NE.CON.TOTL.KD	2.4258716730135e-08	4.51734248848078e-05	0.000145666423889294
DT.ODA.ODAT.CD_min2	2.37749702200926e-08	0.000234080474403095	0.000436999271667881
FS.AST.CGOV.GD.ZS_isNA_rank	2.35431353486981e-08	0.000580067842270827	0.00116533139111435
TG.VAL.TOTL.GD.ZS_lag1	2.32563901570491e-08	0.000260773861835027	0.000436999271667881
BM.KLT.DINV.WD.GD.ZS_max2	2.30989799551242e-08	6.05734560955377e-05	0.000145666423889294
NV.AGR.TOTL.KD.ZG_lag1	2.28057675603904e-08	0.000108826887222491	0.000436999271667881
BX.TRF.PWKR.DT.GD.ZS_tend2	2.27547802183564e-08	0.00102256207239247	0.00131099781500364
DT.ODA.ODAT.PC.ZS_ratiomax2	2.25232611030297e-08	0.000429147536405674	0.000145666423889294
AG.LND.ARBL.HA_delta1	2.24658801445496e-08	0.00108108219099324	0.000728332119446468
SP.POP.3034.MA.5Y	2.24086337293148e-08	3.08000624214598e-05	0.000145666423889294
DC.DAC.CECL.CD_delta1	2.23253717031411e-08	9.24001872643795e-05	0.000291332847778587
FP.CPI.TOTL.ZG_rank	2.23049915450317e-08	0.000157080318349445	0.000291332847778587
EG.USE.ELEC.KH.PC_isNA_rank	2.22382327346368e-08	0.000210467093213309	0.000436999271667881
NE.CON.PRVT.CD_isNA_rank	2.21934087413264e-08	8.82935122748516e-05	0.000291332847778587
TM.VAL.MRCH.R4.ZS_rank	2.20742634631734e-08	0.000102666874738199	0.000145666423889294
DC.DAC.DEUL.CD_ratioavg2	2.20402542620548e-08	0.00201021740737395	0.00247632920611799
NV.IND.MANF.CD	2.19765379938689e-08	1.95067062002579e-05	0.000145666423889294
TX.VAL.MRCH.R3.ZS_rank	2.18866967551893e-08	3.90134124005158e-05	0.000145666423889294
SP.RUR.TOTL.ZG_delta1	2.17972873937741e-08	0.000156053649602063	0.000436999271667881
BX.TRF.PWKR.DT.GD.ZS_isNA_rank	2.17528565281399e-08	0.000510254367448851	0.000436999271667881
NE.IMP.GNFS.CN	2.17379487044499e-08	0.0004732942925431	0.000728332119446468
BX.GSR.FCTY.CD_min2	2.14009211516588e-08	0.000294653930498633	0.000145666423889294
TX.VAL.TRVL.ZS.WT_delta1	2.1335070751682e-08	6.77601373272117e-05	0.000291332847778587
DC.DAC.CECL.CD_avg2	2.11776317510031e-08	0.000349067374109878	0.000582665695557174
NY.ADJ.DRES.GN.ZS_lag1	2.07155757833341e-08	0.000243320493129533	0.000436999271667881
SE.ENR.PRIM.FM.ZS_lag1	2.04563312367535e-08	0.000395267467742068	0.000582665695557174
EN.GHG.CO2.BU.MT.CE.AR5_max2	2.03584345378366e-08	0.000240240486887387	0.000145666423889294
TM.VAL.FUEL.ZS.UN_lag1	2.03472349859669e-08	0.000477400967532628	0.000291332847778587
EG.ELC.PETR.ZS_ratioavg2	2.01932259525374e-08	0.000322373986677946	0.000728332119446468
NE.CON.PRVT.ZS_ratiomax2	2.00042412008992e-08	0.000216627105697601	0.000291332847778587
SP.POP.DPND.OL_delta1	1.997160171271e-08	0.000480480973774774	0.000582665695557174
BM.GSR.TRAN.ZS_lag1	1.99031730660338e-08	0.000472267623795718	0.000582665695557174
SP.POP.1014.MA.5Y_rank	1.97989352573698e-08	2.25867124424039e-05	0.000145666423889294
SP.URB.GROW_delta1	1.97142010789136e-08	0.00046302760506928	0.00101966496722505
SH.DTH.IMRT_lag1	1.96007105708263e-08	0.000444547567616404	0.000436999271667881
BX.TRF.CURR.CD_min2	1.9565911811431e-08	0.000146813630875625	0.000291332847778587
AG.LND.AGRI.K2_ratiomax2	1.95527650042115e-08	0.00042709419891091	0.000145666423889294
DT.ODA.ODAT.CD_rank	1.94956530702366e-08	7.59734873062676e-05	0.000145666423889294
EN.GHG.ALL.PC.CE.AR5_delta1	1.92148788682263e-08	0.000117040237201547	0.000291332847778587
SP.POP.7579.FE.5Y_lag1	1.91772575520004e-08	0.000399374142731596	0.000145666423889294
TM.VAL.TRVL.ZS.WT	1.91453749160541e-08	0.000234080474403095	0.000582665695557174
FS.AST.CGOV.GD.ZS_ratiomax2	1.91224215541819e-08	0.000634481285882073	0.000728332119446468
EN.GHG.N2O.AG.MT.CE.AR5_tend2	1.91032641155919e-08	6.57067998324477e-05	0.000291332847778587
BX.GSR.FCTY.CD_avg2	1.90938656049045e-08	0.000295680599246014	0.000145666423889294
EG.ELC.FOSL.ZS_min2	1.90811236494139e-08	0.000773081566778642	0.000728332119446468
IS.AIR.PSGR_tend2	1.90624374929481e-08	9.75335310012895e-05	0.000145666423889294
BM.GSR.TRAN.ZS_delta1	1.89852648370245e-08	0.000548241111101985	0.000873998543335761
EN.GHG.N2O.IC.MT.CE.AR5_tend2	1.85656901596233e-08	5.74934498533917e-05	0.000145666423889294
DC.DAC.CECL.CD_rank	1.85574001563469e-08	1.74533687054939e-05	0.000145666423889294
NV.IND.MANF.KD_lag1	1.84949016488667e-08	0.000121146912191075	0.000291332847778587
FP.CPI.TOTL_min2	1.84292714202238e-08	0.000845975047842764	0.000582665695557174
EG.ELC.FOSL.ZS_ratioavg2	1.83689034604633e-08	0.000799774954210574	0.00101966496722505
SP.POP.1519.FE.5Y_delta1	1.83588463019705e-08	0.000239213818140005	0.000728332119446468
DT.NFL.UNDP.CD_rank	1.83109401490706e-08	0.000572881161039153	0.000291332847778587
NY.ADJ.DFOR.CD_rank	1.80588846516915e-08	1.95067062002579e-05	0.000145666423889294
BX.KLT.DINV.WD.GD.ZS_tend2	1.79949239759691e-08	0.00041169416770018	0.000728332119446468
TX.VAL.MRCH.R1.ZS_rank	1.7820328869686e-08	6.77601373272117e-05	0.000145666423889294
EN.GHG.N2O.PI.MT.CE.AR5_min2	1.77508748731356e-08	4.72267623795718e-05	0.000145666423889294
NY.GDP.PCAP.CN_rank	1.74658207012007e-08	0.000608814567197523	0.000582665695557174
EN.GHG.N2O.AG.MT.CE.AR5_lag1	1.74641644750924e-08	5.44134436112457e-05	0.000291332847778587
BM.GSR.MRCH.CD_avg2	1.74551856217351e-08	3.69600749057518e-05	0.000145666423889294
NE.CON.PRVT.CD_tend2	1.74267132461808e-08	7.08401435693576e-05	0.000291332847778587
BX.GSR.TRVL.ZS_isNA_rank	1.7314489055327e-08	3.38800686636058e-05	0.000145666423889294
BX.KLT.DINV.WD.GD.ZS_ratiomax2	1.71992613109379e-08	0.000428120867658292	0.000291332847778587
NY.GDP.DEFL.KD.ZG	1.71592356784077e-08	2.05333749476399e-05	0.000145666423889294
DT.ODA.ODAT.CD_ratioavg2	1.7110020265832e-08	0.000138600280896569	0.000582665695557174
AG.YLD.CREL.KG	1.70539660114264e-08	1.84800374528759e-05	0.000145666423889294
AG.PRD.FOOD.XD_ratioavg2	1.70143700246942e-08	0.000646801310850657	0.000436999271667881
EN.GHG.CO2.FE.MT.CE.AR5_tend2	1.69332205417613e-08	0.000995868684960535	0.000728332119446468
SP.POP.0014.MA.ZS_delta1	1.68574949739729e-08	1.95067062002579e-05	0.000145666423889294
NV.IND.TOTL.CD_isNA_rank	1.67877958349189e-08	0.000131413599664895	0.000291332847778587
NY.ADJ.DMIN.GN.ZS_delta1	1.64675281745338e-08	0.000451734248848078	0.000873998543335761
BX.GSR.FCTY.CD_max2	1.63537951003011e-08	1.64266999581119e-05	0.000145666423889294
AG.LND.CROP.ZS_max2	1.633885460157e-08	3.90134124005158e-05	0.000291332847778587
DC.DAC.CANL.CD_lag1	1.62572672553761e-08	6.57067998324477e-05	0.000291332847778587
NE.IMP.GNFS.KD.ZG_delta1	1.61889883206024e-08	0.000235107143150477	0.000582665695557174
NV.IND.TOTL.KD.ZG_lag1	1.61475652589154e-08	0.000108826887222491	0.000436999271667881
NE.CON.PRVT.CD_delta1	1.60617022640491e-08	4.41467561374258e-05	0.000145666423889294
NE.CON.TOTL.CD_tend2	1.60523411569859e-08	0.000123200249685839	0.000145666423889294
FI.RES.TOTL.MO_isNA_rank	1.58302426863111e-08	0.000434280880142584	0.00101966496722505
IS.AIR.GOOD.MT.K1	1.57800382383175e-08	2.15600436950219e-05	0.000145666423889294
NV.IND.TOTL.ZS_delta1	1.57423954575117e-08	0.000103693543485581	0.000145666423889294
BX.GSR.TRAN.ZS_lag1	1.55678293425794e-08	3.18267311688418e-05	0.000145666423889294
NV.IND.TOTL.ZS_isNA_rank	1.5511718841057e-08	0.000278227230540521	0.000436999271667881
BM.GSR.TOTL.CD	1.54918844712495e-08	0.000183773705781377	0.000582665695557174
TX.VAL.SERV.CD.WT_isNA_rank	1.54038569547008e-08	0.000403480817721124	0.000436999271667881
EN.GHG.CH4.IC.MT.CE.AR5	1.53966896263215e-08	0.000124226918433221	0.000145666423889294
NY.GDS.TOTL.ZS_rank	1.5245680427317e-08	8.11068310431776e-05	0.000436999271667881
NY.GSR.NFCY.CN_isNA_rank	1.51318762963926e-08	0.000201227074486871	0.000436999271667881
AG.LND.AGRI.K2_tend2	1.50764089928712e-08	0.000240240486887387	0.000728332119446468
NV.AGR.TOTL.CN_isNA_rank	1.49405807640758e-08	4.82534311269538e-05	0.000145666423889294
TX.VAL.TRAN.ZS.WT_lag1	1.4739536141789e-08	0.000172480349560175	0.000436999271667881
SP.POP.6569.MA.5Y_rank	1.46882071764997e-08	7.39201498115036e-05	0.000145666423889294
NE.CON.PRVT.ZS_isNA_rank	1.46676567185554e-08	1.74533687054939e-05	0.000145666423889294
FI.RES.XGLD.CD_tend2	1.44231566293143e-08	0.000225867124424039	0.000582665695557174
SP.POP.5054.MA.5Y_rank	1.44144239810636e-08	0.000377814099036574	0.000145666423889294
SE.PRM.DURS_rank	1.43864499131688e-08	0.000247427168119061	0.000582665695557174
IS.AIR.DPRT_delta1	1.41723035911582e-08	0.000551321117344131	0.000582665695557174
NY.GDP.MKTP.CN_delta1	1.40877633953005e-08	3.90134124005158e-05	0.000145666423889294
EN.GHG.CO2.RT.GDP.KD_avg2	1.40702437997876e-08	0.000272067218056229	0.000436999271667881
BM.KLT.DINV.WD.GD.ZS_lag1	1.40293342586926e-08	0.000959935278802165	0.000873998543335761
BM.TRF.PWKR.CD.DT_avg2	1.39719867102207e-08	0.000225867124424039	0.000145666423889294
NV.SRV.TOTL.KD.ZG_delta1	1.39547150199791e-08	0.000244347161876915	0.000582665695557174
FI.RES.TOTL.MO_ratioavg2	1.39066834799296e-08	0.000187880380770905	0.000436999271667881
SP.POP.0014.TO	1.3846642418902e-08	0.000100613537243435	0.000291332847778587
NE.CON.PRVT.KD.ZG_lag1	1.37809017946662e-08	5.33867748638637e-05	0.000145666423889294
MS.MIL.XPND.CD	1.3568112675649e-08	0.00354406051596265	0.00131099781500364
SH.DTH.IMRT_rank	1.34101003984578e-08	2.66933874319319e-05	0.000145666423889294
BM.GSR.NFSV.CD_avg2	1.33537988763427e-08	6.46801310850657e-05	0.000145666423889294
BM.KLT.DINV.WD.GD.ZS_tend2	1.33516263314546e-08	0.000255640518098117	0.000582665695557174
TG.VAL.TOTL.GD.ZS_rank	1.31231144320461e-08	0.000177613693297085	0.000291332847778587
FS.AST.CGOV.GD.ZS_delta1	1.29665483862665e-08	0.000105746880980345	0.000291332847778587
EG.ELC.HYRO.ZS_tend2	1.2915751909032e-08	0.00104412211608749	0.00101966496722505
BM.GSR.INSF.ZS_isNA_rank	1.29109668839191e-08	0.000359334061583698	0.000728332119446468
FS.AST.PRVT.GD.ZS_ratioavg2	1.2850520404441e-08	0.00044249423012164	0.000582665695557174
FM.LBL.BMNY.GD.ZS_isNA_rank	1.28284128346797e-08	0.000231000468160949	0.000436999271667881
TX.VAL.MRCH.HI.ZS_lag1	1.27717250032574e-08	0.000291573924256487	0.000291332847778587
DT.ODA.ALLD.KD_rank	1.25603705288518e-08	0.000354200717846788	0.000145666423889294
NY.ADJ.DMIN.CD	1.24678724994039e-08	1.74533687054939e-05	0.000145666423889294
TX.VAL.MRCH.AL.ZS_lag1	1.23342667534083e-08	5.74934498533917e-05	0.000145666423889294
FD.AST.PRVT.GD.ZS_ratioavg2	1.23129921138346e-08	0.000238187149392623	0.000582665695557174
NY.GDS.TOTL.ZS_isNA_rank	1.22650962593285e-08	0.000222787118181893	0.000436999271667881
EG.ELC.NUCL.ZS_delta1	1.20006917216145e-08	0.000672468029535207	0.000436999271667881
BX.GSR.MRCH.CD_delta1	1.19726893176406e-08	0.00038089410527872	0.000145666423889294
NE.CON.PRVT.KD	1.18988393326322e-08	0.000259747193087645	0.000291332847778587
MS.MIL.MPRT.KD_ratiomax2	1.1663627455891e-08	0.000829548347884652	0.000436999271667881
IS.AIR.GOOD.MT.K1_isNA_rank	1.16319729740835e-08	0.000196093730749961	0.000291332847778587
SP.DYN.LE00.MA.IN_lag1	1.10398168584341e-08	4.62000936321898e-05	0.000145666423889294
EG.ELC.NGAS.ZS_delta1	1.10367603341411e-08	0.000597521210976321	0.000873998543335761
BX.GSR.NFSV.CD_delta1	1.10077866402188e-08	0.00235620477524168	0.000873998543335761
NE.TRD.GNFS.ZS_lag1	1.08219140224287e-08	8.41868372853236e-05	0.000436999271667881
BM.GSR.GNFS.CD_tend2	1.08138740319194e-08	0.000429147536405674	0.000145666423889294
BX.TRF.CURR.CD_tend2	1.07594563543224e-08	0.0011231756096359	0.00101966496722505
BM.GSR.CMCP.ZS_isNA_rank	1.0524185228611e-08	9.03468497696155e-05	0.000291332847778587
EN.GHG.N2O.IP.MT.CE.AR5_delta1	1.04168678349559e-08	4.92800998743357e-05	0.000291332847778587
BM.GSR.FCTY.CD_ratiomax2	1.02004795291674e-08	0.000124226918433221	0.000145666423889294
urban_development_ratio_delta1	1.0190236851266e-08	0.000323400655425328	0.000436999271667881
EN.URB.MCTY.TL.ZS_isNA_rank	1.01419360564807e-08	2.25867124424039e-05	0.000145666423889294
NE.DAB.TOTL.CD_tend2	1.00913988012391e-08	0.000121146912191075	0.000436999271667881
NY.ADJ.AEDU.GN.ZS_delta1	1.00753377699734e-08	9.03468497696155e-05	0.000291332847778587
DT.ODA.ALLD.KD_max2	1.00724877271462e-08	2.46400499371679e-05	0.000145666423889294
FI.RES.TOTL.CD_ratioavg2	1.00423041357802e-08	0.000169400343318029	0.000145666423889294
TM.VAL.OTHR.ZS.WT_rank	1.00134929223601e-08	0.00100100202869744	0.000873998543335761
NY.GSR.NFCY.CN_rank	9.97427756921015e-09	0.000191987055760433	0.000291332847778587
EG.USE.PCAP.KG.OE_avg2	9.89956623823987e-09	0.00037576076154181	0.000145666423889294
MS.MIL.XPND.CD_ratioavg2	9.83063900939839e-09	0.000157080318349445	0.000582665695557174
EN.GHG.CO2.IC.MT.CE.AR5_min2	9.79216229778724e-09	0.000108826887222491	0.000145666423889294
BX.GSR.CMCP.ZS_avg2	9.71868117768737e-09	4.41467561374258e-05	0.000291332847778587
BX.KLT.DINV.WD.GD.ZS_ratioavg2	9.65581825273476e-09	0.00109750889095135	0.00101966496722505
FP.CPI.TOTL_avg2	9.62767606998239e-09	0.000235107143150477	0.000436999271667881
AG.LND.AGRI.K2_ratioavg2	9.54236978719779e-09	0.000168373674570647	0.000582665695557174
NY.GDP.MKTP.KD.ZG_lag1	9.49998580811697e-09	0.000237160480645241	0.000582665695557174
NY.GDP.DEFL.ZS_rank	9.48614312878208e-09	0.000395267467742068	0.000291332847778587
DT.ODA.ALLD.KD_isNA_rank	9.45607166582653e-09	0.00113857564084663	0.00116533139111435
SE.SEC.ENRL.GC_lag1	9.43568615610854e-09	0.000913735185169975	0.00116533139111435
TX.VAL.AGRI.ZS.UN_isNA_rank	9.42393544687785e-09	0.000206360418223781	0.000436999271667881
IS.AIR.PSGR_max2	9.38139456229388e-09	6.05734560955377e-05	0.000145666423889294
AG.CON.FERT.ZS_delta1	9.35890138277234e-09	0.000420934186426618	0.000145666423889294
NY.GDS.TOTL.CD	9.3117716827126e-09	2.36133811897859e-05	0.000145666423889294
NY.GDP.PCAP.KN_lag1	9.27615981953e-09	5.95467873481557e-05	0.000291332847778587
SE.SEC.ENRL_lag1	9.16437710478729e-09	0.000188907049518287	0.000582665695557174
TX.VAL.MRCH.R2.ZS_delta1	9.08543895175065e-09	1.64266999581119e-05	0.000145666423889294
TM.VAL.FOOD.ZS.UN	9.00551254253829e-09	6.46801310850657e-05	0.000291332847778587
BX.KLT.DINV.WD.GD.ZS_max2	8.94023641305028e-09	0.000238187149392623	0.000582665695557174
IS.AIR.GOOD.MT.K1_ratiomax2	8.6472838291684e-09	5.23601061164817e-05	0.000145666423889294
BX.GSR.CMCP.ZS_delta1	8.64110854746881e-09	0.000470214286300954	0.000436999271667881
AG.PRD.CROP.XD_min2	8.62095879710184e-09	0.000235107143150477	0.000582665695557174
NV.IND.MANF.CD_lag1	8.56748319672676e-09	4.00400811478978e-05	0.000145666423889294
TX.VAL.MRCH.R4.ZS	8.46851032009389e-09	0.00183979039530853	0.00189366351056082
NE.IMP.GNFS.CN_isNA_rank	8.46770732874478e-09	9.65068622539075e-05	0.000145666423889294
NY.ADJ.DNGY.CD_rank	8.30758493680335e-09	7.80268248010316e-05	0.000291332847778587
DC.DAC.USAL.CD_tend2	8.23011213981781e-09	0.0003706274178049	0.000728332119446468
EN.GHG.CO2.TR.MT.CE.AR5_delta1	8.14873964308807e-09	0.000444547567616404	0.000873998543335761
NE.CON.TOTL.KD.ZG	8.14582066389359e-09	0.000100613537243435	0.000436999271667881
BX.GRT.TECH.CD.WD_isNA_rank	7.97254054648724e-09	0.00083365502287418	0.000873998543335761
NY.GDP.FCST.CD_delta1	7.96198957204617e-09	0.000318267311688418	0.000582665695557174
FI.RES.TOTL.CD_avg2	7.89284025918541e-09	0.000122173580938457	0.000145666423889294
AG.YLD.CREL.KG_max2	7.73078735674581e-09	2.15600436950219e-05	0.000145666423889294
BX.TRF.PWKR.CD.DT_min2	7.63848938001571e-09	3.18267311688418e-05	0.000145666423889294
SP.POP.TOTL.FE.ZS_delta1	7.43325512676622e-09	0.000175560355802321	0.000291332847778587
AG.LND.ARBL.HA_ratioavg2	7.4297573211727e-09	6.16001248429197e-05	0.000145666423889294
BM.GSR.FCTY.CD_lag1	7.41359782203242e-09	1.64266999581119e-05	0.000145666423889294
EN.GHG.CH4.AG.MT.CE.AR5_ratioavg2	7.13919707717428e-09	0.000672468029535207	0.000436999271667881
EG.ELC.HYRO.ZS_ratioavg2	7.12671168716915e-09	0.000357280724088934	0.000728332119446468
SE.SEC.ENRR.FE_lag1	7.05791390107861e-09	0.000513334373690997	0.000436999271667881
FI.RES.TOTL.CD_rank	7.05195918033405e-09	5.95467873481557e-05	0.000145666423889294
SP.POP.3034.MA.5Y_lag1	7.03052066967342e-09	2.25867124424039e-05	0.000145666423889294
SE.PRM.ENRL_lag1	6.91563770452576e-09	0.000226893793171421	0.000436999271667881
NE.IMP.GNFS.KD	6.84988673762118e-09	7.49468185588856e-05	0.000291332847778587
NE.GDI.FTOT.CD_isNA_rank	6.8360042549503e-09	5.13334373690997e-05	0.000145666423889294
BX.GSR.FCTY.CD_delta1	6.82655300373577e-09	8.72668435274696e-05	0.000291332847778587
NE.CON.PRVT.KD.ZG	6.81380350376418e-09	5.54401123586277e-05	0.000291332847778587
SE.PRM.ENRR.MA	6.67318514493416e-09	9.65068622539075e-05	0.000291332847778587
AG.LND.ARBL.HA_tend2	6.60419095439595e-09	0.00166320337075883	0.00131099781500364
NV.IND.TOTL.KD	6.59537087163142e-09	0.000142706955886097	0.000145666423889294
IS.AIR.PSGR_lag1	6.51429851596362e-09	0.000356254055341552	0.000145666423889294
AG.LND.AGRI.ZS_delta1	6.47813211571471e-09	0.000130386930917513	0.000436999271667881
EN.GHG.CO2.IC.MT.CE.AR5_delta1	6.43405633657073e-09	0.000441467561374258	0.000291332847778587
DT.ODA.ALLD.KD_delta1	6.41890000546777e-09	6.46801310850657e-05	0.000145666423889294
FM.AST.NFRG.CN_delta1	6.41856120336803e-09	0.00121865580314243	0.000873998543335761
EN.GHG.CH4.FE.MT.CE.AR5_delta1	6.32766091259033e-09	0.000511281036196233	0.000873998543335761
SE.ENR.PRIM.FM.ZS_delta1	6.22978775918401e-09	0.000909628510180447	0.00131099781500364
MS.MIL.XPND.GD.ZS_ratiomax2	6.2215133756177e-09	0.000215600436950219	0.000582665695557174
BM.KLT.DINV.CD.WD	6.21251055226204e-09	0.000233053805655713	0.000582665695557174
TX.VAL.MRCH.R6.ZS_lag1	6.18366749209154e-09	0.000995868684960535	0.000873998543335761
FS.AST.CGOV.GD.ZS_tend2	6.1566339385068e-09	0.000179667030791849	0.000582665695557174
NV.SRV.TOTL.KD_delta1	6.12495002259716e-09	0.000114986899706783	0.000145666423889294
SP.POP.2024.FE.5Y_delta1	6.00850099320258e-09	0.000101640205990817	0.000436999271667881
SE.SEC.DURS_rank	5.99847568844732e-09	0.000361387399078462	0.000728332119446468
FS.AST.PRVT.GD.ZS_tend2	5.993037463583e-09	0.000244347161876915	0.000436999271667881
DC.DAC.TOTL.CD_ratiomax2	5.96582020808351e-09	0.000816201654168686	0.00131099781500364
SE.SEC.ENRL_isNA_rank	5.91464644481202e-09	0.000105746880980345	0.000291332847778587
DC.DAC.TOTL.CD_ratioavg2	5.90225056139648e-09	0.00115397567205736	0.00131099781500364
SP.POP.0014.FE.ZS_delta1	5.84176879464491e-09	0.000193013724507815	0.000436999271667881
DC.DAC.FRAL.CD_rank	5.70225864215508e-09	0.000293627261751251	0.000291332847778587
BM.KLT.DINV.CD.WD_delta1	5.68134679294303e-09	0.000239213818140005	0.000291332847778587
NV.IND.TOTL.CN_isNA_rank	5.66978928555527e-09	3.08000624214598e-05	0.000145666423889294
TX.VAL.MRCH.RS.ZS_delta1	5.56704663010049e-09	2.56667186845499e-05	0.000145666423889294
BM.KLT.DINV.WD.GD.ZS_min2	5.47196066655617e-09	9.34268560117615e-05	0.000291332847778587
AG.CON.FERT.ZS	5.4514287687436e-09	0.000364467405320608	0.000436999271667881
TX.VAL.MRCH.AL.ZS_rank	5.42042725645682e-09	3.08000624214598e-05	0.000145666423889294
SP.DYN.AMRT.MA_rank	5.40698417782121e-09	0.000333667342899148	0.000582665695557174
FP.CPI.TOTL.ZG_delta1	5.39298741220165e-09	0.000822361666652978	0.00101966496722505
SP.POP.3539.MA.5Y_delta1	5.38278107532159e-09	1.84800374528759e-05	0.000145666423889294
NY.GDP.MKTP.CN_isNA_rank	5.38025374722796e-09	0.000322373986677946	0.000291332847778587
DC.DAC.CECL.CD_lag1	5.25039919114373e-09	0.00142296288387144	0.00145666423889294
TM.VAL.SERV.CD.WT_delta1	5.17415839374358e-09	3.08000624214598e-05	0.000145666423889294
NE.CON.PRVT.KD.ZG_ratioavg2	5.12869311954504e-09	0.00230487133787258	0.000873998543335761
PA.NUS.ATLS_delta1	5.11757687574773e-09	0.000264880536824555	0.000436999271667881
TM.VAL.SERV.CD.WT	5.07235082889627e-09	5.85201186007737e-05	0.000145666423889294
BM.GSR.CMCP.ZS	5.04179036767935e-09	0.000173507018307557	0.000291332847778587
NE.CON.TOTL.KD.ZG_avg2	5.02493330511395e-09	0.000338800686636058	0.000582665695557174
DC.DAC.JPNL.CD_lag1	4.96492705318834e-09	5.95467873481557e-05	0.000145666423889294
NV.SRV.TOTL.KD.ZG_lag1	4.9489741215736e-09	0.0014085895214081	0.00116533139111435
EG.ELC.HYRO.ZS_delta1	4.94778530157908e-09	0.000959935278802165	0.000873998543335761
SE.ENR.PRIM.FM.ZS_isNA_rank	4.87116466789477e-09	0.000123200249685839	0.000145666423889294
FI.RES.TOTL.MO_delta1	4.86350491214578e-09	0.000179667030791849	0.000436999271667881
SM.POP.NETM_delta1	4.83970736977705e-09	0.000592387867239411	0.000436999271667881
BX.GSR.CMCP.ZS_max2	4.81254394618642e-09	0.000356254055341552	0.000873998543335761
NY.ADJ.DRES.GN.ZS_delta1	4.77161245348519e-09	0.000274120555550993	0.000582665695557174
NV.AGR.TOTL.CD_delta1	4.75885620377103e-09	0.000379867436531338	0.000291332847778587
FM.AST.DOMS.CN_tend2	4.72642404712995e-09	0.000373707424047046	0.000436999271667881
DC.DAC.CECL.CD_min2	4.68168867490672e-09	0.000289520586761723	0.000582665695557174
YearsSinceFirst	4.67348708019682e-09	0.000171453680812793	0.000145666423889294
DC.DAC.USAL.CD_ratiomax2	4.65217962390163e-09	0.000493827667490739	0.000582665695557174
ER.FSH.AQUA.MT_delta1	4.5214215121666e-09	6.87868060745937e-05	0.000291332847778587
FP.CPI.TOTL_isNA_rank	4.46689623716453e-09	0.000173507018307557	0.000291332847778587
BX.TRF.PWKR.CD.DT_delta1	4.45705778781969e-09	0.000539001092375547	0.000582665695557174
TX.VAL.MRCH.R4.ZS_delta1	4.41022108392383e-09	0.000932215222622851	0.000582665695557174
TX.VAL.OTHR.ZS.WT_lag1	4.32913651053571e-09	0.000150920305865153	0.000291332847778587
BX.GRT.EXTA.CD.WD_ratioavg2	4.32510972347714e-09	5.64667811060097e-05	0.000145666423889294
FM.AST.DOMS.CN_rank	4.3054422177549e-09	0.000217653774444983	0.000145666423889294
NE.EXP.GNFS.KD.ZG_lag1	4.26812312684237e-09	0.000739201498115036	0.000873998543335761
AG.PRD.FOOD.XD	4.02587832051946e-09	0.000377814099036574	0.000728332119446468
NY.GDP.PETR.RT.ZS_lag1	3.96757542114359e-09	0.000148866968370389	0.000291332847778587
EN.GHG.CH4.WA.MT.CE.AR5_ratioavg2	3.94420708182169e-09	3.38800686636058e-05	0.000145666423889294
BX.GSR.FCTY.CD_rank	3.90391997812232e-09	2.25867124424039e-05	0.000145666423889294
FM.LBL.BMNY.GD.ZS_ratioavg2	3.86038122080582e-09	0.000141680287138715	0.000436999271667881
EG.ELC.FOSL.ZS_avg2	3.84802218314802e-09	0.000336747349141294	0.000582665695557174
EN.GHG.N2O.IC.MT.CE.AR5_min2	3.82849585308444e-09	4.00400811478978e-05	0.000145666423889294
EN.GHG.N2O.TR.MT.CE.AR5_tend2	3.78954961264403e-09	5.64667811060097e-05	0.000291332847778587
BM.GSR.INSF.ZS_max2	3.774334893722e-09	0.000477400967532628	0.000582665695557174
ER.FSH.CAPT.MT	3.75051949740974e-09	2.15600436950219e-05	0.000145666423889294
BM.GSR.TRAN.ZS_isNA_rank	3.75006427830038e-09	5.03067686217178e-05	0.000291332847778587
NE.GDI.TOTL.CD_lag1	3.73072986318695e-09	0.000233053805655713	0.000145666423889294
SP.POP.TOTL.FE.IN	3.69236295388198e-09	8.93201810222335e-05	0.000291332847778587
MS.MIL.XPND.CD_delta1	3.6847185881659e-09	0.00029876060548816	0.000291332847778587
DC.DAC.JPNL.CD_delta1	3.68135222655891e-09	0.000388080786510394	0.000582665695557174
SH.IMM.IDPT_delta1	3.65862105939374e-09	6.98134748219756e-05	0.000145666423889294
NV.AGR.TOTL.CD	3.65809287488091e-09	0.000218680443192365	0.000145666423889294
DC.DAC.DEUL.CD_ratiomax2	3.62793413071417e-09	0.000569801154797007	0.000728332119446468
Country_Code	3.56487114197494e-09	0.000127306924675367	0.000145666423889294
NY.GDP.FCST.KD_delta1	3.5586803661959e-09	0.000232027136908331	0.000436999271667881
NY.GDP.MKTP.KN_lag1	3.53770760991025e-09	0.000436334217637348	0.000145666423889294
TM.VAL.MRCH.OR.ZS_lag1	3.49576408529201e-09	0.000232027136908331	0.000436999271667881
EN.GHG.CO2.TR.MT.CE.AR5_ratiomax2	3.47672355073806e-09	8.93201810222335e-05	0.000291332847778587
EN.GHG.CO2.PI.MT.CE.AR5_avg2	3.4398713465368e-09	0.000342907361625586	0.000291332847778587
BX.TRF.PWKR.DT.GD.ZS_lag1	3.426751316912e-09	0.000113960230959401	0.000291332847778587
SP.DYN.IMRT.IN_lag1	3.42318252944054e-09	0.000202253743234253	0.000145666423889294
EN.URB.LCTY.UR.ZS_ratiomax2	3.4040957716577e-09	0.000132440268412277	0.000291332847778587
NY.GNP.MKTP.CD	3.38848556740912e-09	6.87868060745937e-05	0.000145666423889294
BX.KLT.DINV.CD.WD_ratiomax2	3.37949651306341e-09	2.66933874319319e-05	0.000145666423889294
AG.LND.ARBL.ZS_max2	3.36029626928412e-09	2.56667186845499e-05	0.000145666423889294
NV.IND.TOTL.CN	3.33634293161096e-09	0.000429147536405674	0.000145666423889294
BX.GSR.GNFS.CD	3.24165997795042e-09	0.000516414379933143	0.000291332847778587
NY.GDP.PCAP.KD_delta1	3.19865674596221e-09	0.000403480817721124	0.000582665695557174
TX.VAL.MRCH.CD.WT_lag1	3.1933281905787e-09	0.000150920305865153	0.000145666423889294
BX.TRF.CURR.CD_rank	3.14792723927953e-09	0.000215600436950219	0.000291332847778587
FI.RES.XGLD.CD	3.10557362075775e-09	0.000111906893464637	0.000145666423889294
BX.GSR.TOTL.CD_rank	3.09697050380822e-09	0.00040142748022636	0.000145666423889294
FI.RES.XGLD.CD_avg2	3.07620355822022e-09	1.95067062002579e-05	0.000145666423889294
TM.VAL.MANF.ZS.UN_lag1	3.06696670486353e-09	0.000439414223879494	0.000436999271667881
SP.POP.2529.FE.5Y	2.96597876110172e-09	0.000231000468160949	0.000145666423889294
BX.GSR.TOTL.CD_delta1	2.94740786163733e-09	4.10667498952798e-05	0.000145666423889294
EN.GHG.CH4.BU.MT.CE.AR5_rank	2.78506904816048e-09	2.15600436950219e-05	0.000145666423889294
BX.TRF.PWKR.DT.GD.ZS_delta1	2.7767245864822e-09	0.000210467093213309	0.000436999271667881
DC.DAC.GBRL.CD_rank	2.75860840139077e-09	0.000158106987096827	0.000436999271667881
EN.GHG.N2O.MT.CE.AR5_min2	2.75353609271179e-09	1.74533687054939e-05	0.000145666423889294
NE.CON.PRVT.ZS_delta1	2.73009450462563e-09	4.00400811478978e-05	0.000145666423889294
NE.RSB.GNFS.ZS_isNA_rank	2.7291466627826e-09	0.000171453680812793	0.000291332847778587
TX.VAL.MRCH.R6.ZS_delta1	2.64453343068117e-09	0.000103693543485581	0.000145666423889294
SH.MMR.DTHS_lag1	2.63220100237257e-09	5.13334373690997e-05	0.000145666423889294
NE.CON.PRVT.KD.ZG_delta1	2.61795277176181e-09	7.28934810641216e-05	0.000145666423889294
EN.GHG.CO2.IP.MT.CE.AR5_ratioavg2	2.60306754609481e-09	0.000378840767783956	0.000145666423889294
BX.GSR.MRCH.CD_isNA_rank	2.58789272570029e-09	1.95067062002579e-05	0.000145666423889294
FP.CPI.TOTL.ZG_isNA_rank	2.57639523102862e-09	0.000142706955886097	0.000291332847778587
EG.ELC.PETR.ZS_rank	2.55626739463401e-09	4.82534311269538e-05	0.000145666423889294
NE.TRD.GNFS.ZS_delta1	2.55313030732634e-09	0.00041169416770018	0.000145666423889294
FS.AST.PRVT.GD.ZS_lag1	2.52908856108666e-09	1.64266999581119e-05	0.000145666423889294
MS.MIL.XPND.CD_avg2	2.52810473242328e-09	0.000264880536824555	0.000291332847778587
FI.RES.XGLD.CD_min2	2.50771749029408e-09	2.15600436950219e-05	0.000145666423889294
NV.AGR.TOTL.CD_lag1	2.50039700596113e-09	0.000168373674570647	0.000291332847778587
EN.GHG.CO2.PC.CE.AR5_tend2	2.4811546831045e-09	7.49468185588856e-05	0.000291332847778587
FirstYear_rank	2.45352038250709e-09	0.000667334685798297	0.000582665695557174
TX.VAL.MMTL.ZS.UN	2.41206048391742e-09	0.000225867124424039	0.000291332847778587
EN.GHG.CO2.IC.MT.CE.AR5_ratiomax2	2.35912847579812e-09	9.34268560117615e-05	0.000145666423889294
DC.DAC.GBRL.CD_delta1	2.35294200134733e-09	0.000104720212232963	0.000291332847778587
SG.LAW.INDX_rank	2.34367419082432e-09	0.000219707111939747	0.000436999271667881
AG.LND.AGRI.ZS_avg2	2.33814220895856e-09	3.49067374109878e-05	0.000145666423889294
TX.VAL.MRCH.OR.ZS_rank	2.329850363837e-09	3.90134124005158e-05	0.000145666423889294
IS.AIR.DPRT_ratiomax2	2.31511652367213e-09	0.000400400811478978	0.000291332847778587
TM.VAL.MMTL.ZS.UN_lag1	2.29600334249561e-09	0.000200200405739489	0.000145666423889294
FI.RES.XGLD.CD_rank	2.29498551053741e-09	8.52135060327056e-05	0.000145666423889294
IS.AIR.PSGR_ratiomax2	2.2944943046077e-09	5.23601061164817e-05	0.000145666423889294
TM.VAL.MRCH.R2.ZS_lag1	2.29403492363673e-09	0.000185827043276141	0.000291332847778587
EN.GHG.CO2.FE.MT.CE.AR5_min2	2.2825643903015e-09	6.16001248429197e-05	0.000145666423889294
EG.ELC.HYRO.ZS_lag1	2.26745162592001e-09	6.05734560955377e-05	0.000145666423889294
BX.GRT.TECH.CD.WD_min2	2.24263988215322e-09	0.000597521210976321	0.000436999271667881
ER.H2O.INTR.PC_ratiomax2	2.19774387978208e-09	4.82534311269538e-05	0.000145666423889294
EG.USE.PCAP.KG.OE_tend2	2.16708410060821e-09	4.20934186426618e-05	0.000145666423889294
NE.EXP.GNFS.ZS_rank	2.13598017110585e-09	0.000170427012065411	0.000291332847778587
NY.GDP.PCAP.KD.ZG_delta1	2.10334495989356e-09	9.24001872643795e-05	0.000291332847778587
SP.POP.TOTL.MA.ZS_rank	2.05942258519735e-09	4.20934186426618e-05	0.000145666423889294
EN.URB.LCTY.UR.ZS_ratioavg2	2.0346036511505e-09	0.000572881161039153	0.000582665695557174
BM.GSR.TRAN.ZS_max2	2.03144651606693e-09	0.000201227074486871	0.000145666423889294
MS.MIL.XPND.CD_max2	2.02956273353406e-09	6.05734560955377e-05	0.000145666423889294
NY.ADJ.AEDU.GN.ZS_isNA_rank	2.01019799881608e-09	0.000121146912191075	0.000291332847778587
EG.USE.PCAP.KG.OE_ratiomax2	1.9917556654552e-09	0.000168373674570647	0.000291332847778587
ER.FSH.PROD.MT_delta1	1.97170020781866e-09	0.000522574392417435	0.000873998543335761
NV.SRV.TOTL.ZS_isNA_rank	1.96723779339285e-09	0.000266933874319319	0.000291332847778587
TM.VAL.MRCH.R5.ZS_lag1	1.94302179797729e-09	0.000174533687054939	0.000145666423889294
TX.VAL.MRCH.R4.ZS_lag1	1.8934213335079e-09	2.46400499371679e-05	0.000145666423889294
NE.GDI.TOTL.ZS_isNA_rank	1.89103710925456e-09	0.000114986899706783	0.000291332847778587
DC.DAC.GBRL.CD_ratiomax2	1.88815399291008e-09	0.000326480661667474	0.000436999271667881
TM.VAL.MRCH.RS.ZS_delta1	1.88450418196269e-09	0.000127306924675367	0.000291332847778587
TX.VAL.MRCH.R5.ZS	1.84727588715272e-09	2.97733936740778e-05	0.000145666423889294
SP.POP.0004.MA.5Y_delta1	1.84161730845793e-09	0.00078745492924199	0.000728332119446468
BM.GSR.TRVL.ZS_max2	1.83397507334381e-09	3.49067374109878e-05	0.000145666423889294
EG.USE.ELEC.KH.PC_min2	1.82278881286626e-09	0.000582121179765591	0.000728332119446468
BX.GSR.FCTY.CD_ratioavg2	1.81537498771803e-09	2.36133811897859e-05	0.000145666423889294
NV.IND.TOTL.ZS_lag1	1.81497013598912e-09	0.000516414379933143	0.000291332847778587
FM.AST.PRVT.GD.ZS_ratioavg2	1.79688619204259e-09	0.000330587336657002	0.000436999271667881
NV.IND.MANF.ZS_isNA_rank	1.79522233290297e-09	0.000198147068244725	0.000291332847778587
NE.GDI.FTOT.CD	1.78137580163233e-09	2.25867124424039e-05	0.000145666423889294
TM.VAL.MRCH.HI.ZS_lag1	1.74423655295067e-09	0.000687868060745936	0.000436999271667881
TM.VAL.TRAN.ZS.WT_rank	1.71077461892308e-09	6.87868060745937e-05	0.000145666423889294
TX.VAL.MRCH.R4.ZS_rank	1.69830245832484e-09	0.000381920774026102	0.000436999271667881
BX.KLT.DINV.WD.GD.ZS_delta1	1.69775475733759e-09	0.000100613537243435	0.000291332847778587
AG.LND.CROP.ZS_rank	1.69073846081286e-09	6.57067998324477e-05	0.000145666423889294
DT.ODA.ALLD.CD_ratiomax2	1.68389294229434e-09	0.000420934186426618	0.000436999271667881
SP.POP.BRTH.MF_delta1	1.65772320965084e-09	0.000271040549308847	0.000291332847778587
NY.ADJ.AEDU.GN.ZS	1.65615806632648e-09	0.000359334061583698	0.000582665695557174
ER.FSH.CAPT.MT_tend2	1.65333906921579e-09	0.000270013880561465	0.000436999271667881
NE.CON.TOTL.CD	1.62964459933448e-09	0.000183773705781377	0.000145666423889294
DT.ODA.ODAT.KD_tend2	1.61661496180174e-09	0.000135520274654423	0.000291332847778587
DC.DAC.FRAL.CD_delta1	1.59794197275767e-09	0.000638587960871601	0.000582665695557174
NY.GDP.MINR.RT.ZS_isNA_rank	1.58928143470873e-09	0.000238187149392623	0.000436999271667881
NY.GDP.PCAP.KD.ZG_isNA_rank	1.57927197671196e-09	2.66933874319319e-05	0.000145666423889294
EN.GHG.CO2.RT.GDP.KD_max2	1.56914466207225e-09	0.000251533843108589	0.000145666423889294
BM.KLT.DINV.WD.GD.ZS_ratiomax2	1.54111206246419e-09	7.39201498115036e-05	0.000145666423889294
DC.DAC.JPNL.CD_min2	1.54085632935109e-09	3.79867436531338e-05	0.000145666423889294
DC.DAC.FRAL.CD_avg2	1.52864574618225e-09	0.000101640205990817	0.000291332847778587
EN.POP.DNST_avg2	1.52771504766702e-09	0.000107800218475109	0.000145666423889294
AG.LND.CREL.HA_delta1	1.52738925359856e-09	0.000144760293380861	0.000291332847778587
NE.CON.TOTL.KD_isNA_rank	1.51155792167337e-09	0.000476374298785246	0.000291332847778587
DT.NFL.UNDP.CD_max2	1.50318447749927e-09	0.000177613693297085	0.000436999271667881
EG.ELC.PETR.ZS_max2	1.49827782862223e-09	6.36534623376837e-05	0.000145666423889294
BM.GSR.MRCH.CD	1.47541146294007e-09	0.000224840455676657	0.000145666423889294
NY.GDP.MKTP.CN_rank	1.43385593008372e-09	0.000133466937159659	0.000291332847778587
NE.CON.PRVT.PC.KD_isNA_rank	1.3868868601719e-09	0.000241267155634769	0.000436999271667881
EN.GHG.N2O.IP.MT.CE.AR5_tend2	1.38581263941647e-09	0.000139626949643951	0.000145666423889294
MS.MIL.XPND.CD_tend2	1.3608362276105e-09	5.23601061164817e-05	0.000145666423889294
NV.IND.MANF.ZS_rank	1.35181047804247e-09	0.000301840611730306	0.000145666423889294
SP.POP.0509.FE.5Y	1.34431686026675e-09	9.85601997486715e-05	0.000145666423889294
BG.GSR.NFSV.GD.ZS_tend2	1.34275164610219e-09	9.03468497696155e-05	0.000291332847778587
EN.GHG.CO2.BU.MT.CE.AR5_ratiomax2	1.33817954891304e-09	2.66933874319319e-05	0.000145666423889294
BX.KLT.DINV.CD.WD	1.33605873507922e-09	8.72668435274696e-05	0.000145666423889294
DT.NFL.UNDP.CD_min2	1.33004879440068e-09	3.59334061583698e-05	0.000145666423889294
EG.ELC.NUCL.ZS	1.32038689985878e-09	1.74533687054939e-05	0.000145666423889294
EN.GHG.CO2.PI.MT.CE.AR5_min2	1.31972326888826e-09	0.000159133655844209	0.000145666423889294
BM.TRF.PWKR.CD.DT_max2	1.30650632987323e-09	0.000149893637117771	0.000145666423889294
NE.CON.PRVT.KD.ZG_isNA_rank	1.2994439872201e-09	1.95067062002579e-05	0.000145666423889294
SP.DYN.LE00.FE.IN_delta1	1.26623768557971e-09	0.000563641142312715	0.000582665695557174
ER.H2O.INTR.PC_tend2	1.24116885720167e-09	0.000429147536405674	0.000145666423889294
FP.CPI.TOTL.ZG_ratioavg2	1.23949656807854e-09	0.000221760449434511	0.000291332847778587
BM.GSR.TOTL.CD_lag1	1.234064718832e-09	1.74533687054939e-05	0.000145666423889294
NE.CON.GOVT.ZS_lag1	1.2102246546347e-09	0.000290547255509104	0.000291332847778587
DC.DAC.DEUL.CD_isNA_rank	1.20634509121666e-09	0.000179667030791849	0.000291332847778587
BM.GSR.TOTL.CD_ratioavg2	1.19014960525604e-09	3.08000624214598e-05	0.000145666423889294
NE.CON.TOTL.CD_avg2	1.1889405047645e-09	3.59334061583698e-05	0.000145666423889294
SP.POP.DPND.YG_delta1	1.18403212915764e-09	0.000231000468160949	0.000436999271667881
NE.CON.PRVT.CD	1.17909008588216e-09	0.000293627261751251	0.000436999271667881
NY.GDP.FCST.CN_lag1	1.17577531008625e-09	0.000117040237201547	0.000291332847778587
NV.IND.MANF.KD_isNA_rank	1.17547581986863e-09	0.000378840767783956	0.000436999271667881
SE.PRM.ENRR.FE_lag1	1.15945695623052e-09	0.000160160324591591	0.000145666423889294
NE.EXP.GNFS.KD	1.15300823136844e-09	2.46400499371679e-05	0.000145666423889294
NY.GNP.MKTP.CD_delta1	1.14805501391655e-09	0.000173507018307557	0.000145666423889294
NV.IND.TOTL.CD_lag1	1.14315478493241e-09	8.41868372853236e-05	0.000145666423889294
SE.SEC.ENRL.GC_rank	1.12342766718394e-09	0.000163240330833737	0.000291332847778587
NY.ADJ.DFOR.CD_delta1	1.12310158089966e-09	0.000166320337075883	0.000291332847778587
SP.POP.BRTH.MF	1.11799525121581e-09	4.72267623795718e-05	0.000145666423889294
EN.GHG.N2O.MT.CE.AR5_lag1	1.11709097609427e-09	0.000394240798994686	0.000145666423889294
EN.GHG.CO2.PC.CE.AR5_ratiomax2	1.1133587602871e-09	0.000116013568454165	0.000145666423889294
BM.GSR.TRVL.ZS_lag1	1.11297286273853e-09	0.000165293668328501	0.000291332847778587
NV.AGR.TOTL.KD_lag1	1.11247403706007e-09	3.49067374109878e-05	0.000145666423889294
NY.GDP.COAL.RT.ZS_rank	1.0958517389093e-09	0.000409640830205416	0.000291332847778587
AG.LND.CROP.ZS_ratioavg2	1.07486270930203e-09	4.82534311269538e-05	0.000145666423889294
NY.GDS.TOTL.ZS	1.07009418995516e-09	0.000174533687054939	0.000436999271667881
EN.GHG.ALL.MT.CE.AR5	1.06758147043851e-09	5.95467873481557e-05	0.000145666423889294
EG.ELC.FOSL.ZS_lag1	1.06423189795833e-09	0.00049896101122765	0.000291332847778587
DT.NFL.UNDP.CD_avg2	1.05575894987178e-09	0.000161186993338973	0.000291332847778587
TX.VAL.MRCH.CD.WT_delta1	1.04973489428388e-09	0.000513334373690997	0.000436999271667881
NE.CON.GOVT.ZS_min2	1.0449463980013e-09	0.000282333905530049	0.000436999271667881
EN.GHG.CO2.RT.GDP.KD_min2	1.03685063854652e-09	0.000321347317930564	0.000436999271667881
DT.ODA.ALLD.CD_ratioavg2	1.02703121311535e-09	0.000219707111939747	0.000291332847778587
NE.CON.PRVT.KD.ZG_rank	1.02618715216172e-09	0.000138600280896569	0.000291332847778587
NY.GNP.PCAP.CD_isNA_rank	1.01764865918239e-09	8.82935122748516e-05	0.000291332847778587
AG.LND.ARBL.HA_avg2	1.01111368637981e-09	0.000438387555132112	0.000145666423889294
SE.PRM.ENRR_lag1	9.98765708647852e-10	0.000554401123586277	0.000291332847778587
EN.GHG.CH4.FE.MT.CE.AR5_avg2	9.88815600762279e-10	9.85601997486715e-05	0.000145666423889294
NY.GDP.PCAP.KN	9.75032861089528e-10	9.65068622539075e-05	0.000145666423889294
BG.GSR.NFSV.GD.ZS_min2	9.74957062078165e-10	0.00033982735538344	0.000291332847778587
BX.GSR.TRVL.ZS_rank	9.74489445934231e-10	4.20934186426618e-05	0.000145666423889294
AG.LND.ARBL.HA.PC_lag1	9.74003615004506e-10	0.000229973799413567	0.000291332847778587
TX.VAL.MRCH.HI.ZS_delta1	9.70254811660691e-10	0.000516414379933143	0.000873998543335761
NV.IND.MANF.CD_isNA_rank	9.66767581042045e-10	0.000107800218475109	0.000291332847778587
SP.POP.3034.FE.5Y	9.44866625571896e-10	6.16001248429197e-05	0.000145666423889294
AG.PRD.CREL.MT_delta1	9.35774835229715e-10	0.000657067998324477	0.000582665695557174
DT.ODA.ODAT.CD_delta1	9.23658646624091e-10	0.000283360574277431	0.000436999271667881
SG.LAW.INDX_delta1	9.22079530070772e-10	0.000176587024549703	0.000145666423889294
TM.VAL.MANF.ZS.UN_isNA_rank	9.14859567978127e-10	9.34268560117615e-05	0.000145666423889294
DC.DAC.TOTL.CD	8.9813833263647e-10	0.000250507174361207	0.000291332847778587
SE.SEC.ENRR_isNA_rank	8.92210929643087e-10	0.000158106987096827	0.000291332847778587
Country_Name	8.79901418138388e-10	9.13735185169975e-05	0.000145666423889294
BM.GSR.NFSV.CD_rank	8.69745271538281e-10	0.00043736088638473	0.000145666423889294
NE.GDI.TOTL.CD	8.66981441231424e-10	0.00030389394922507	0.000291332847778587
EN.GHG.CH4.FE.MT.CE.AR5_min2	8.66255563864837e-10	9.75335310012895e-05	0.000291332847778587
SH.IMM.MEAS_delta1	8.55117833350114e-10	0.000410667498952798	0.000291332847778587
SH.MMR.RISK.ZS_lag1	8.52581541757742e-10	0.000116013568454165	0.000145666423889294
EN.GHG.CO2.MT.CE.AR5_avg2	8.40761500597916e-10	9.34268560117615e-05	0.000145666423889294
SE.PRM.ENRL_isNA_rank	8.29901060753909e-10	0.000156053649602063	0.000145666423889294
FM.AST.PRVT.GD.ZS_min2	8.29423314461728e-10	2.66933874319319e-05	0.000145666423889294
NY.ADJ.DNGY.CD_delta1	8.27276714796e-10	2.25867124424039e-05	0.000145666423889294
AG.LND.AGRI.K2_delta1	8.20655768558693e-10	0.000297733936740779	0.000436999271667881
SP.POP.1564.FE.IN_lag1	8.11532693414275e-10	4.72267623795718e-05	0.000145666423889294
AG.PRD.CREL.MT_max2	8.03090667073941e-10	2.25867124424039e-05	0.000145666423889294
DT.NFL.UNDP.CD_lag1	7.99813493275641e-10	8.11068310431776e-05	0.000291332847778587
SP.POP.1014.FE.5Y_rank	7.91131708286747e-10	0.000108826887222491	0.000145666423889294
year_cycle_lag1	7.83523471071409e-10	0.000136546943401805	0.000145666423889294
EG.ELC.HYRO.ZS_avg2	7.83290619342109e-10	0.00042709419891091	0.000145666423889294
NY.GDP.DEFL.KD.ZG_rank	7.7469033600048e-10	0.000104720212232963	0.000145666423889294
NE.CON.PRVT.PC.KD_min2	7.73790957707591e-10	0.000204307080729017	0.000436999271667881
BX.GRT.TECH.CD.WD_ratiomax2	7.71675036274908e-10	0.000145786962128243	0.000291332847778587
IT.MLT.MAIN_max2	7.70312907674154e-10	9.13735185169975e-05	0.000145666423889294
EN.GHG.ALL.MT.CE.AR5_ratioavg2	7.56456201426712e-10	7.08401435693576e-05	0.000291332847778587
DC.DAC.CECL.CD_ratioavg2	7.34856379334701e-10	0.000154000312107299	0.000291332847778587
BM.GSR.CMCP.ZS_ratiomax2	7.12264997589319e-10	0.000187880380770905	0.000291332847778587
EN.GHG.CO2.PC.CE.AR5_min2	7.00730194484871e-10	0.000247427168119061	0.000291332847778587
SP.POP.TOTL.MA.ZS_lag1	6.9769251368439e-10	9.13735185169975e-05	0.000291332847778587
SP.POP.0004.MA.5Y_rank	6.92769527286792e-10	5.64667811060097e-05	0.000145666423889294
ER.FSH.AQUA.MT_ratioavg2	6.87718975403481e-10	3.49067374109878e-05	0.000145666423889294
DT.ODA.ALLD.KD_ratiomax2	6.84142909101729e-10	0.000306973955467216	0.000436999271667881
AG.PRD.LVSK.XD_ratioavg2	6.83580066022258e-10	5.33867748638637e-05	0.000145666423889294
EN.GHG.CO2.MT.CE.AR5_delta1	6.83507950701167e-10	7.28934810641216e-05	0.000145666423889294
AG.LND.AGRI.ZS_max2	6.78817021294403e-10	0.00030902729296198	0.000291332847778587
MS.MIL.XPND.GD.ZS_rank	6.75048426832042e-10	0.000367547411562754	0.000145666423889294
BM.GSR.TRVL.ZS_min2	6.6950461465329e-10	8.82935122748516e-05	0.000145666423889294
IS.AIR.PSGR_isNA_rank	6.63578733617275e-10	0.000296707267993396	0.000436999271667881
FM.AST.NFRG.CN_lag1	6.63516776116384e-10	0.000266933874319319	0.000145666423889294
DT.ODA.ALLD.KD	6.5933371336829e-10	0.000132440268412277	0.000291332847778587
EN.GHG.CH4.MT.CE.AR5_avg2	6.57227441698766e-10	5.64667811060097e-05	0.000145666423889294
MS.MIL.MPRT.KD_avg2	6.54604937585992e-10	1.95067062002579e-05	0.000145666423889294
NE.DAB.TOTL.CD	6.44566952435376e-10	0.000227920461918803	0.000145666423889294
EN.GHG.CH4.BU.MT.CE.AR5_tend2	6.44233118004488e-10	0.000175560355802321	0.000291332847778587
NE.CON.PRVT.PC.KD_rank	6.32395508475674e-10	0.000214573768202837	0.000291332847778587
BM.GSR.INSF.ZS_rank	6.15881755217574e-10	0.000142706955886097	0.000291332847778587
BX.TRF.PWKR.CD.DT_ratiomax2	6.15558883307256e-10	0.000133466937159659	0.000145666423889294
EN.GHG.N2O.TR.MT.CE.AR5_delta1	6.1387706617756e-10	6.87868060745937e-05	0.000145666423889294
SP.DYN.LE00.MA.IN_rank	6.12616553412658e-10	0.000124226918433221	0.000291332847778587
DT.ODA.ALLD.CD_delta1	6.12256809179522e-10	0.000142706955886097	0.000291332847778587
EG.ELC.COAL.ZS_ratioavg2	6.11582127138192e-10	0.000284387243024813	0.000436999271667881
NE.GDI.FTOT.CD_lag1	6.07400571958052e-10	3.08000624214598e-05	0.000145666423889294
DC.DAC.CECL.CD_tend2	6.03797035155949e-10	0.000228947130666185	0.000436999271667881
SP.POP.65UP.MA.ZS_lag1	6.00446898167944e-10	2.36133811897859e-05	0.000145666423889294
TX.VAL.MRCH.R6.ZS	5.85332088275755e-10	0.000184800374528759	0.000291332847778587
BX.TRF.CURR.CD_avg2	5.82542233051329e-10	0.000171453680812793	0.000291332847778587
SH.DTH.MORT_rank	5.71329912236113e-10	2.15600436950219e-05	0.000145666423889294
NE.IMP.GNFS.KD.ZG_rank	5.63842103356585e-10	3.38800686636058e-05	0.000145666423889294
BM.GSR.NFSV.CD_max2	5.56127287064054e-10	3.49067374109878e-05	0.000145666423889294
TM.VAL.MRCH.R3.ZS	5.56102422154719e-10	4.00400811478978e-05	0.000145666423889294
NY.ADJ.DNGY.GN.ZS_lag1	5.52084826611776e-10	0.000227920461918803	0.000145666423889294
SE.PRM.ENRR_isNA_rank	5.48253469948154e-10	8.00801622957956e-05	0.000145666423889294
NE.CON.TOTL.KD.ZG_delta1	5.4517203093628e-10	0.000101640205990817	0.000291332847778587
DT.ODA.ODAT.PC.ZS_lag1	5.32398406556791e-10	0.000107800218475109	0.000145666423889294
SM.POP.NETM_rank	5.31420351369514e-10	2.36133811897859e-05	0.000145666423889294
BX.GSR.TRVL.ZS_max2	5.25406133714051e-10	0.000187880380770905	0.000291332847778587
SE.PRM.TCHR_lag1	5.24391020248438e-10	0.000213547099455455	0.000291332847778587
NE.DAB.TOTL.CD_isNA_rank	5.21928331621305e-10	0.000272067218056229	0.000145666423889294
DC.DAC.CANL.CD_ratiomax2	5.09657746805152e-10	0.000430174205153056	0.000145666423889294
NE.GDI.TOTL.ZS_lag1	5.02784760000037e-10	0.000154000312107299	0.000145666423889294
EN.GHG.N2O.AG.MT.CE.AR5_delta1	4.98632709762171e-10	0.000187880380770905	0.000145666423889294
AG.LND.CROP.ZS_ratiomax2	4.88057578813739e-10	0.000137573612149187	0.000145666423889294
EN.GHG.CO2.PI.MT.CE.AR5_lag1	4.83304130718894e-10	6.26267935903017e-05	0.000145666423889294
NE.IMP.GNFS.KD.ZG_isNA_rank	4.79096754286752e-10	9.24001872643795e-05	0.000145666423889294
NE.IMP.GNFS.CN_rank	4.73887378680567e-10	9.44535247591435e-05	0.000291332847778587
NY.ADJ.NNTY.CD_delta1	4.46088622564579e-10	2.15600436950219e-05	0.000145666423889294
DC.DAC.DEUL.CD_tend2	4.41220271669331e-10	9.65068622539075e-05	0.000291332847778587
SH.MMR.RISK.ZS_delta1	4.26966798883955e-10	0.000438387555132112	0.000145666423889294
NV.IND.TOTL.CN_lag1	4.23326852434074e-10	6.67334685798297e-05	0.000145666423889294
NE.RSB.GNFS.ZS_delta1	4.14263167940265e-10	5.85201186007737e-05	0.000145666423889294
EN.URB.LCTY.UR.ZS_min2	4.1320888870044e-10	5.33867748638637e-05	0.000145666423889294
ER.FSH.PROD.MT_tend2	4.0884497535555e-10	0.000130386930917513	0.000436999271667881
DC.DAC.USAL.CD_isNA_rank	4.07149218203233e-10	0.000205333749476399	0.000291332847778587
BX.GRT.EXTA.CD.WD_max2	3.97467771766813e-10	9.03468497696155e-05	0.000145666423889294
SP.POP.TOTL	3.88850097156689e-10	7.70001560536496e-05	0.000145666423889294
NE.CON.PRVT.CD_rank	3.8495657821973e-10	7.59734873062676e-05	0.000145666423889294
IT.MLT.MAIN_min2	3.77678420904809e-10	2.77200561793139e-05	0.000145666423889294
NE.TRD.GNFS.ZS_rank	3.75885915966464e-10	7.08401435693576e-05	0.000291332847778587
DT.ODA.ALLD.CD_avg2	3.73937562593539e-10	9.34268560117615e-05	0.000145666423889294
TX.VAL.SERV.CD.WT_lag1	3.70998084016893e-10	4.62000936321898e-05	0.000145666423889294
EN.GHG.CO2.MT.CE.AR5_ratiomax2	3.69418595552537e-10	8.72668435274696e-05	0.000145666423889294
TM.VAL.AGRI.ZS.UN_isNA_rank	3.60962649113387e-10	0.000120120243443693	0.000145666423889294
NE.CON.TOTL.CD_delta1	3.51776977799421e-10	2.15600436950219e-05	0.000145666423889294
SP.RUR.TOTL_lag1	3.39007430051925e-10	0.000112933562212019	0.000145666423889294
BX.GSR.FCTY.CD_isNA_rank	3.34413832862819e-10	5.13334373690997e-05	0.000145666423889294
DC.DAC.TOTL.CD_tend2	3.31569140753411e-10	0.000209440424465927	0.000291332847778587
SP.DYN.TO65.MA.ZS	3.30613043744434e-10	0.000206360418223781	0.000145666423889294
ER.FSH.PROD.MT_avg2	3.28653993501682e-10	2.15600436950219e-05	0.000145666423889294
SP.POP.3539.MA.5Y	3.20155436683714e-10	0.000180693699539231	0.000145666423889294
DT.ODA.ODAT.CD_tend2	3.12959276897441e-10	7.39201498115036e-05	0.000145666423889294
EN.GHG.CH4.PI.MT.CE.AR5	3.0923772254e-10	7.90534935484136e-05	0.000145666423889294
DT.ODA.ODAT.PC.ZS_delta1	3.07222566860799e-10	6.98134748219756e-05	0.000145666423889294
BX.GRT.EXTA.CD.WD_rank	3.04237042155754e-10	2.36133811897859e-05	0.000145666423889294
BM.GSR.MRCH.CD_delta1	3.04215843226642e-10	0.000143733624633479	0.000291332847778587
ER.H2O.INTR.K3_lag1	2.99112958147402e-10	0.000151946974612535	0.000145666423889294
FS.AST.PRVT.GD.ZS_max2	2.96966234511328e-10	5.95467873481557e-05	0.000145666423889294
TM.VAL.OTHR.ZS.WT_lag1	2.96894579651521e-10	0.000178640362044467	0.000145666423889294
EG.ELC.NGAS.ZS_avg2	2.85808478358264e-10	4.82534311269538e-05	0.000145666423889294
SP.POP.1564.FE.ZS	2.84214963534796e-10	7.80268248010316e-05	0.000145666423889294
DT.ODA.ALLD.KD_avg2	2.83936774079073e-10	4.00400811478978e-05	0.000145666423889294
BM.GSR.NFSV.CD_delta1	2.77685073516396e-10	8.41868372853236e-05	0.000145666423889294
EN.GHG.CO2.PI.MT.CE.AR5	2.77515287272952e-10	0.000149893637117771	0.000145666423889294
DT.ODA.ALLD.CD_max2	2.74894855235957e-10	5.13334373690997e-05	0.000145666423889294
SH.DTH.NMRT_delta1	2.71401139003523e-10	0.00048356098001692	0.000728332119446468
SH.DYN.MORT_delta1	2.68813985809637e-10	6.46801310850657e-05	0.000145666423889294
SE.SEC.ENRL_rank	2.67031628729589e-10	9.85601997486715e-05	0.000291332847778587
SP.POP.TOTL.FE.ZS	2.66895580130221e-10	0.000132440268412277	0.000145666423889294
EG.ELC.HYRO.ZS_rank	2.62225307282307e-10	9.24001872643795e-05	0.000291332847778587
DT.ODA.ODAT.PC.ZS	2.59582693408459e-10	6.98134748219756e-05	0.000145666423889294
BM.GSR.TOTL.CD_avg2	2.57246543084175e-10	5.03067686217178e-05	0.000145666423889294
EG.ELC.FOSL.ZS	2.52796432715177e-10	6.26267935903017e-05	0.000145666423889294
DT.ODA.ODAT.PC.ZS_min2	2.47283099531415e-10	0.000285413911772195	0.000145666423889294
TX.VAL.TRVL.ZS.WT	2.43041684384357e-10	0.000131413599664895	0.000145666423889294
TM.VAL.MRCH.WR.ZS	2.41897141450334e-10	0.00030389394922507	0.000291332847778587
NE.CON.GOVT.CD_min2	2.31024105333703e-10	0.000100613537243435	0.000145666423889294
SH.IMM.MEAS	2.23911165069485e-10	0.000102666874738199	0.000145666423889294
BM.KLT.DINV.WD.GD.ZS_avg2	2.18660188557297e-10	0.000171453680812793	0.000145666423889294
EG.ELC.FOSL.ZS_delta1	2.00216889998719e-10	5.74934498533917e-05	0.000145666423889294
NE.GDI.FTOT.CD_delta1	1.98950054746187e-10	0.000369600749057518	0.000145666423889294
EN.GHG.N2O.BU.MT.CE.AR5	1.93273771398043e-10	5.85201186007737e-05	0.000145666423889294
AG.PRD.CROP.XD_avg2	1.8423176400468e-10	4.92800998743357e-05	0.000145666423889294
EN.GHG.CH4.BU.MT.CE.AR5_ratioavg2	1.83684895389754e-10	9.95868684960535e-05	0.000145666423889294
EN.GHG.CO2.PI.MT.CE.AR5_max2	1.83527196255014e-10	0.000196093730749961	0.000291332847778587
EG.ELC.NGAS.ZS	1.81609330732104e-10	4.82534311269538e-05	0.000145666423889294
TM.VAL.MRCH.RS.ZS_rank	1.80585247126478e-10	7.08401435693576e-05	0.000145666423889294
DT.ODA.ODAT.GN.ZS_ratiomax2	1.80328026369226e-10	6.26267935903017e-05	0.000145666423889294
AG.LND.AGRI.ZS_ratiomax2	1.79188065910481e-10	0.000130386930917513	0.000145666423889294
NY.GDP.PCAP.KD.ZG	1.789618554497e-10	7.18668123167396e-05	0.000145666423889294
AG.LND.ARBL.HA.PC_delta1	1.7598654944315e-10	8.82935122748516e-05	0.000145666423889294
NE.CON.PRVT.ZS_lag1	1.72343486024578e-10	3.69600749057518e-05	0.000145666423889294
TX.VAL.OTHR.ZS.WT_isNA_rank	1.70728648301652e-10	0.000109853555969873	0.000145666423889294
EN.GHG.N2O.PI.MT.CE.AR5_rank	1.67176118655531e-10	4.82534311269538e-05	0.000145666423889294
EN.GHG.CH4.FE.MT.CE.AR5_lag1	1.62571665206152e-10	0.000111906893464637	0.000291332847778587
EG.ELC.NUCL.ZS_ratioavg2	1.60553286297964e-10	1.84800374528759e-05	0.000145666423889294
TM.VAL.MMTL.ZS.UN	1.60333238934369e-10	3.69600749057518e-05	0.000145666423889294
IT.MLT.MAIN.P2_delta1	1.60086962987636e-10	0.000219707111939747	0.000145666423889294
IS.AIR.PSGR_avg2	1.54745009951762e-10	2.46400499371679e-05	0.000145666423889294
SH.DYN.MORT.MA	1.469850684534e-10	0.000110880224717255	0.000145666423889294
EN.GHG.CH4.FE.MT.CE.AR5_max2	1.43975041895033e-10	6.67334685798297e-05	0.000145666423889294
SP.POP.2529.FE.5Y_lag1	1.38518540259744e-10	2.36133811897859e-05	0.000145666423889294
NE.RSB.GNFS.ZS	1.34421568275462e-10	3.38800686636058e-05	0.000145666423889294
NY.ADJ.DMIN.CD_isNA_rank	1.33542406003944e-10	0.000146813630875625	0.000145666423889294
EN.GHG.CH4.IC.MT.CE.AR5_tend2	1.30705911364465e-10	4.82534311269538e-05	0.000145666423889294
BX.GRT.EXTA.CD.WD_delta1	1.23634536586151e-10	3.18267311688418e-05	0.000145666423889294
EN.GHG.N2O.MT.CE.AR5_max2	1.177702710257e-10	0.000169400343318029	0.000291332847778587
SP.POP.7579.MA.5Y	1.16781287631075e-10	0.000164266999581119	0.000145666423889294
NE.DAB.TOTL.CD_rank	1.16211209996431e-10	2.97733936740778e-05	0.000145666423889294
SP.POP.80UP.MA.5Y_delta1	1.13430980183844e-10	0.000114986899706783	0.000145666423889294
SE.PRM.ENRL.FE.ZS_lag1	1.05159625589423e-10	4.72267623795718e-05	0.000145666423889294
NV.AGR.TOTL.KD.ZG_rank	1.04111237085594e-10	0.000456867592584988	0.000436999271667881
EN.GHG.N2O.PI.MT.CE.AR5_ratiomax2	1.01279466670968e-10	0.000129360262170131	0.000291332847778587
mortality_efficiency_delta1	1.00277292610186e-10	7.28934810641216e-05	0.000145666423889294
BM.KLT.DINV.WD.GD.ZS_rank	9.42252839230932e-11	6.05734560955377e-05	0.000291332847778587
NE.EXP.GNFS.CD_delta1	9.01489596426367e-11	0.000347014036615114	0.000145666423889294
BX.TRF.CURR.CD_max2	8.92498292904391e-11	7.28934810641216e-05	0.000145666423889294
SP.POP.BRTH.MF_lag1	8.14745951644348e-11	3.59334061583698e-05	0.000145666423889294
ER.H2O.INTR.PC_ratioavg2	7.25582981291112e-11	2.05333749476399e-05	0.000145666423889294
SH.DYN.MORT.MA_delta1	7.13638792685105e-11	7.18668123167396e-05	0.000145666423889294
NE.CON.GOVT.CD_isNA_rank	6.79051520058295e-11	0.000123200249685839	0.000291332847778587
TM.VAL.MRCH.CD.WT_delta1	6.64820345608691e-11	0.000166320337075883	0.000291332847778587
NY.GDP.MKTP.KD.ZG	6.09837658495044e-11	0.0003192939804358	0.000291332847778587
private_consumption_capacity_lag1	5.84406924150963e-11	6.05734560955377e-05	0.000145666423889294
BM.TRF.PWKR.CD.DT_rank	5.50674814465e-11	4.20934186426618e-05	0.000145666423889294
neonatal_risk_indicator_delta1	4.99022924135272e-11	2.25867124424039e-05	0.000145666423889294
ER.FSH.AQUA.MT_max2	4.76905640411898e-11	6.26267935903017e-05	0.000145666423889294
NE.CON.TOTL.KD_tend2	4.4033013802222e-11	6.57067998324477e-05	0.000145666423889294
EN.GHG.N2O.AG.MT.CE.AR5_ratiomax2	4.22958881883e-11	3.38800686636058e-05	0.000145666423889294
NE.CON.GOVT.ZS_ratiomax2	4.18547087205844e-11	2.25867124424039e-05	0.000145666423889294
EN.GHG.CH4.AG.MT.CE.AR5_min2	4.07595104116572e-11	0.000200200405739489	0.000145666423889294
SP.POP.0509.FE.5Y_lag1	4.01276734072989e-11	4.82534311269538e-05	0.000145666423889294
DC.DAC.TOTL.CD_isNA_rank	3.90676162638617e-11	7.28934810641216e-05	0.000145666423889294
DT.ODA.ALLD.CD_rank	3.88712428087803e-11	1.95067062002579e-05	0.000145666423889294
EN.GHG.N2O.AG.MT.CE.AR5_min2	2.42991396699132e-11	0.000102666874738199	0.000145666423889294
AG.PRD.FOOD.XD_min2	2.39532779017381e-11	7.18668123167396e-05	0.000145666423889294
BM.GSR.FCTY.CD_avg2	2.35507971056826e-11	4.10667498952798e-05	0.000145666423889294
BX.GSR.TOTL.CD_min2	2.30172553029175e-11	3.38800686636058e-05	0.000145666423889294
DC.DAC.USAL.CD_avg2	1.46884969040526e-11	6.36534623376837e-05	0.000145666423889294
DC.DAC.JPNL.CD_tend2	1.46027716867292e-11	0.000107800218475109	0.000291332847778587
EN.GHG.ALL.MT.CE.AR5_tend2	1.37883858578703e-11	5.03067686217178e-05	0.000145666423889294
MS.MIL.MPRT.KD_rank	1.15119217206442e-11	8.11068310431776e-05	0.000145666423889294
AG.LND.ARBL.HA.PC_tend2	5.56179175294993e-12	3.08000624214598e-05	0.000145666423889294
NE.CON.TOTL.KD_delta1	4.67274450668118e-12	0.00032442732417271	0.000145666423889294
BG.GSR.NFSV.GD.ZS_delta1	3.94817617584339e-12	0.000479454305027392	0.000291332847778587
BM.GSR.TOTL.CD_tend2	6.88547349680878e-13	9.24001872643795e-05	0.000145666423889294
