Feature	Gain	Cover	Frequency
urban_health_access	0.252434898770789	0.00201402980764115	0.000978665100802505
SP.URB.TOTL.IN.ZS	0.175944655290859	0.00342765072923079	0.00137013114112351
SP.RUR.TOTL.ZS_rank	0.148358171485288	0.00798201813386838	0.00195733020160501
NE.CON.PRVT.PC.KD_max2	0.080394563520808	0.00117801743465803	0.000587199060481503
NE.CON.PRVT.PC.KD	0.0770220304913681	0.00796491788078464	0.00332746134272852
SP.RUR.TOTL.ZS	0.0665176746077226	0.00553668194289276	0.00215306322176551
EN.URB.LCTY_lag1	0.0242614777177179	0.000951914088328507	0.000587199060481503
mortality_efficiency_lag1	0.013211289804265	0.000625109251616924	0.000391466040321002
EN.URB.LCTY_min2	0.0124492998855777	0.00129391915000342	0.000782932080642004
BG.GSR.NFSV.GD.ZS_max2	0.0109644277187132	0.0013851204997834	0.00117439812096301
TX.VAL.MRCH.R2.ZS	0.00978613770568932	0.00110581636608222	0.000782932080642004
NY.GDP.DEFL.ZS	0.00882400923939522	0.00168532494280915	0.00332746134272852
year	0.00807477092955215	0.00952864102388715	0.00450185946369153
NY.GDP.DEFL.ZS_lag1	0.00736889762945562	0.00103931538186765	0.00215306322176551
EN.GHG.N2O.PI.MT.CE.AR5	0.00715879728825427	0.000241303571292855	0.000391466040321002
NY.GDP.PCAP.KD	0.00703464301992396	0.00880283028188817	0.00254452926208651
SH.IMM.IDPT_rank	0.00553701462255336	0.00214323171982945	0.00137013114112351
EN.GHG.N2O.BU.MT.CE.AR5_min2	0.0054529184413008	0.000410406074009895	0.000587199060481503
SH.DTH.NMRT_delta1	0.00302238568017909	0.000456006748899884	0.000587199060481503
NY.GDP.PCAP.KD_rank	0.00286919153494169	0.0032167476078646	0.000978665100802505
TX.VAL.MRCH.OR.ZS	0.00281264268703442	0.000302104471146173	0.000587199060481503
SP.POP.65UP.MA.ZS_rank	0.00276912547516642	0.00052250773311445	0.000195733020160501
SP.POP.5054.FE.5Y	0.00255589657874955	0.00744241014767019	0.00234879624192601
SP.POP.2024.FE.5Y_rank	0.00246007115874675	0.00743861009142935	0.00176159718144451
SP.DYN.LE00.FE.IN	0.00241636114159569	0.000361005342879075	0.000587199060481503
NE.CON.PRVT.PC.KD_avg2	0.00238603630525609	0.000376205567842404	0.000587199060481503
EN.URB.LCTY_delta1	0.00226771391332587	0.000820812148019791	0.000782932080642004
EN.GHG.N2O.BU.MT.CE.AR5_lag1	0.00225120013538987	0.00031350463986867	0.000391466040321002
SP.POP.5054.MA.5Y	0.00202584673468521	0.0147081176801417	0.00430612644353102
SH.IMM.MEAS_rank	0.00201773559764689	0.00216793208539486	0.00137013114112351
NE.CON.PRVT.PC.KD_min2	0.00199869800451603	0.000188102783921202	0.000195733020160501
BG.GSR.NFSV.GD.ZS_lag1	0.00196080347087437	0.00113811684412929	0.000782932080642004
BG.GSR.NFSV.GD.ZS_min2	0.00191796071674747	0.00069161023583149	0.000587199060481503
EN.GHG.CH4.MT.CE.AR5_delta1	0.00177867804869314	0.000262203880617433	0.000587199060481503
EN.GHG.N2O.BU.MT.CE.AR5_avg2	0.00171611148360158	0.000159602362114959	0.000195733020160501
EN.GHG.N2O.BU.MT.CE.AR5_max2	0.00146938152782537	0.000159602362114959	0.000195733020160501
NY.ADJ.NNTY.PC.CD	0.00121459939026302	0.00400715930595773	0.00176159718144451
TX.VAL.MRCH.WR.ZS_lag1	0.00120712439241978	0.00106781580367389	0.000782932080642004
SP.POP.2024.MA.5Y_rank	0.00120121556489823	0.00330604892952416	0.000782932080642004
TX.VAL.MRCH.WR.ZS	0.00112365935063553	0.000723910713878566	0.000782932080642004
EN.GHG.ALL.PC.CE.AR5_max2	0.00109373473806654	0.00455056734839676	0.00156586416128401
NY.GDP.FCST.CN	0.00108471556251319	0.00094051391960601	0.000587199060481503
mortality_efficiency	0.00105695715312098	0.00188482789545285	0.00137013114112351
SM.POP.RHCR.EO_lag1	0.000999626080634766	0.000862612766668947	0.000391466040321002
ER.FSH.AQUA.MT_avg2	0.000928361392002546	0.000212803149486612	0.000195733020160501
FM.AST.NFRG.CN	0.000920461271201447	0.00342005061674913	0.00195733020160501
EN.URB.LCTY_tend2	0.000846936621467858	0.00069161023583149	0.000782932080642004
FM.AST.DOMS.CN	0.00080197877909499	0.00164542435228041	0.00117439812096301
NY.GNP.PCAP.CN_lag1	0.000797097931319691	0.000950014060208091	0.000978665100802505
MS.MIL.XPND.GD.ZS_lag1	0.000774490558550994	0.000228003374449942	0.000391466040321002
SP.DYN.TO65.FE.ZS	0.000733838651346826	0.00637459434399629	0.00215306322176551
AG.LND.TOTL.K2	0.000733674570147797	5.70008436124855e-05	0.000195733020160501
AG.CON.FERT.ZS_max2	0.000708665564392134	0.000989914650736831	0.000587199060481503
BG.GSR.NFSV.GD.ZS_avg2	0.000676580494807294	0.000362905370999491	0.000391466040321002
SP.URB.TOTL_delta1	0.000651548729184511	0.000516807648753202	0.000782932080642004
NY.GDP.MKTP.KN_delta1	0.000616862829287401	0.00124641844699302	0.000782932080642004
SP.POP.1564.FE.ZS_lag1	0.000587299229080925	0.00850452586698283	0.00234879624192601
SP.POP.DPND.YG_lag1	0.000537837804203756	0.0121468797738207	0.00313172832256802
TX.VAL.MRCH.RS.ZS_rank	0.000512561461410544	0.00256883801880268	0.000978665100802505
ER.H2O.INTR.PC	0.000508944024495468	0.00086071273854853	0.000782932080642004
EN.GHG.CH4.WA.MT.CE.AR5_max2	0.000495009509444903	0.000127301884067884	0.000195733020160501
EN.GHG.CH4.WA.MT.CE.AR5	0.000476059211417162	0.000148202193392462	0.000195733020160501
SE.TER.ENRR_lag1	0.000423026321506478	0.0129353914437934	0.00450185946369153
NY.ADJ.DNGY.GN.ZS	0.000405690245411274	0.000488307226946959	0.000587199060481503
FP.CPI.TOTL	0.000356599880320151	0.00136802024669965	0.00215306322176551
SP.RUR.TOTL_delta1	0.000350108383882732	0.00122931819390927	0.000782932080642004
FI.RES.TOTL.CD_lag1	0.000334672418600959	0.000171002530837456	0.000391466040321002
DC.DAC.JPNL.CD_avg2	0.000324021906587703	0.000486407198826543	0.000391466040321002
SP.DYN.AMRT.FE	0.000304501809311176	0.0030761455269538	0.00117439812096301
NY.GDP.PCAP.CD	0.000286758603353948	0.00387605736564901	0.00156586416128401
SP.POP.1564.FE.IN_delta1	0.000276879152726384	0.000951914088328507	0.00156586416128401
NE.EXP.GNFS.ZS_lag1	0.00026669692772455	0.0024662365003002	0.00137013114112351
SP.POP.4044.FE.5Y_rank	0.000266012758129636	0.000437006467695722	0.000195733020160501
SP.POP.2024.MA.5Y_delta1	0.000263610284927597	0.000748611079443976	0.00156586416128401
DT.ODA.ODAT.KD_rank	0.000260014147128671	0.0038513570000836	0.000978665100802505
SH.IMM.MEAS_lag1	0.000229017358295902	0.000687810179590658	0.000587199060481503
EG.ELC.NUCL.ZS	0.00022334451640109	0.000824612204260623	0.00117439812096301
BM.TRF.PWKR.CD.DT_min2	0.000206883591376347	0.000710610517035652	0.000782932080642004
NY.GDP.PCAP.CN	0.000200907813461362	0.00272464032467681	0.00176159718144451
BX.GRT.EXTA.CD.WD_min2	0.000200178836502459	0.000448406636418219	0.000195733020160501
TX.VAL.MRCH.RS.ZS	0.000197775681457888	0.00148392196204504	0.000587199060481503
FP.CPI.TOTL_max2	0.000197581272786804	0.00083601237298312	0.00117439812096301
SP.POP.4549.FE.5Y_rank	0.000190473326120751	0.000476907058224462	0.000391466040321002
SM.POP.RHCR.EO	0.000186455908021262	0.0012331182501501	0.00117439812096301
FI.RES.TOTL.MO_min2	0.000174599932298797	0.000228003374449942	0.000391466040321002
TM.VAL.SERV.CD.WT_rank	0.000173924059339565	0.000108301602863722	0.000195733020160501
SP.DYN.AMRT.MA_lag1	0.000172313750324608	0.000252703740015352	0.000391466040321002
NY.GDP.FRST.RT.ZS	0.000171972790196118	0.00112101659104555	0.000587199060481503
ER.H2O.INTR.PC_min2	0.000164556471561191	0.000560508295522774	0.000782932080642004
FM.AST.NFRG.CN_max2	0.000161311203608604	0.00152192252445336	0.000782932080642004
BX.TRF.PWKR.DT.GD.ZS_min2	0.000155114791544296	0.00031350463986867	0.000391466040321002
SP.POP.5559.FE.5Y	0.000153932820660305	0.00496097342240665	0.00176159718144451
DT.ODA.ODAT.GN.ZS_rank	0.000152917384979318	0.000826512232381039	0.000195733020160501
BX.GSR.FCTY.CD	0.000151610156680623	0.00105071555059015	0.000587199060481503
SP.POP.5559.FE.5Y_delta1	0.000151193878843268	0.0132982968147929	0.00352319436288902
AG.LND.AGRI.ZS	0.000150831152822139	0.00636319417527379	0.00313172832256802
SP.POP.6569.FE.5Y_delta1	0.000137685422050994	0.0034523510947962	0.00215306322176551
EG.ELC.NGAS.ZS_min2	0.000132460792186954	9.31013779003929e-05	0.000195733020160501
EN.URB.LCTY.UR.ZS_tend2	0.000131797960732593	0.00024890368377452	0.000782932080642004
NY.GDP.FRST.RT.ZS_lag1	0.00012941718948913	0.000845512513585201	0.000782932080642004
AG.LND.ARBL.HA.PC_min2	0.000126711927959715	0.00348275154472286	0.000978665100802505
BX.TRF.PWKR.DT.GD.ZS	0.000126581446556643	0.000212803149486612	0.000195733020160501
SP.DYN.TO65.MA.ZS_lag1	0.000125011059652669	0.000621309195376092	0.000391466040321002
BX.TRF.PWKR.DT.GD.ZS_max2	0.000122656075378219	0.000212803149486612	0.000195733020160501
EN.GHG.CO2.BU.MT.CE.AR5_min2	0.000115286650112612	0.000205203037004948	0.000391466040321002
BM.TRF.PWKR.CD.DT	0.000113153849222145	0.000767611360648138	0.000782932080642004
FI.RES.TOTL.MO	0.000110679759754718	0.000894913244716022	0.000391466040321002
SE.SEC.ENRL.GC.FE.ZS_rank	0.000109943073804661	0.000566208379884022	0.000978665100802505
SP.POP.2024.FE.5Y_lag1	0.000109424681722652	0.00117041732217637	0.000782932080642004
PA.NUS.ATLS	0.000106890397127107	0.000205203037004948	0.000391466040321002
NE.EXP.GNFS.ZS	0.000106461750044204	9.50014060208091e-05	0.000195733020160501
SP.POP.1564.TO.ZS_delta1	0.00010638743783588	7.22010685758149e-05	0.000195733020160501
PA.NUS.ATLS_lag1	0.000102619116713751	0.000374305539721988	0.000782932080642004
IT.CEL.SETS	0.000102442066357034	0.00196652910463075	0.000782932080642004
SE.TER.ENRR	0.000102294163601965	0.00752411135684808	0.00254452926208651
TM.VAL.MANF.ZS.UN	0.000102000120060929	0.000824612204260623	0.000782932080642004
TX.VAL.MRCH.HI.ZS	0.000101684228444638	0.000302104471146173	0.000195733020160501
SP.POP.5054.FE.5Y_lag1	9.87249734288701e-05	0.00377535587526695	0.000978665100802505
TM.VAL.FUEL.ZS.UN	9.71918233790093e-05	0.000290704302423676	0.000782932080642004
SP.POP.2024.MA.5Y_lag1	9.70368306460572e-05	0.00147632184956337	0.000587199060481503
SP.DYN.LE00.FE.IN_lag1	9.52649806491726e-05	8.55012654187282e-05	0.000195733020160501
FI.RES.TOTL.CD_min2	9.34270729189842e-05	0.000134901996549549	0.000391466040321002
DC.DAC.TOTL.CD_min2	9.33382482994603e-05	0.000176702615198705	0.000195733020160501
TM.VAL.OTHR.ZS.WT	9.17976966748784e-05	0.00107351588803514	0.00137013114112351
DC.DAC.TOTL.CD_max2	9.13395525299615e-05	0.000385705708444485	0.000391466040321002
SE.PRM.ENRL.FE.ZS	8.90797574519287e-05	0.000235603486931607	0.000978665100802505
EG.ELC.NGAS.ZS_max2	8.80712078695315e-05	9.31013779003929e-05	0.000195733020160501
SP.POP.1564.MA.ZS_delta1	8.60505243827705e-05	0.00129581917812384	0.000782932080642004
TM.VAL.MRCH.R4.ZS_lag1	7.96666084051843e-05	0.000307804555507422	0.000195733020160501
SP.POP.TOTL.MA.ZS	7.9497114450108e-05	0.00010450154662289	0.000587199060481503
AG.LND.PRCP.MM	7.73902983287054e-05	0.00064220950470067	0.000587199060481503
EN.GHG.ALL.PC.CE.AR5_lag1	7.63470959345999e-05	0.0024890368377452	0.000782932080642004
SP.DYN.LE00.MA.IN	7.48819402484866e-05	0.000340105033554497	0.000587199060481503
EN.GHG.CH4.PI.MT.CE.AR5_tend2	7.46968707577414e-05	0.00511677572828078	0.00176159718144451
SE.PRM.ENRL_rank	7.34342534994234e-05	0.000893013216595606	0.000978665100802505
BX.PEF.TOTL.CD.WD_max2	7.18506763523742e-05	3.42005061674913e-05	0.000195733020160501
SP.POP.80UP.MA.5Y_lag1	6.98692878191725e-05	0.00125211853135426	0.000782932080642004
SP.POP.5559.MA.5Y_delta1	6.97023261672919e-05	0.0110049628734505	0.00293599530240752
SP.DYN.IMRT.MA.IN	6.91056236150666e-05	0.000161502390235375	0.000391466040321002
EN.GHG.N2O.IP.MT.CE.AR5	6.88677731805441e-05	0.000516807648753202	0.000782932080642004
EN.GHG.CH4.PI.MT.CE.AR5_delta1	6.84332682858574e-05	0.00251373720331061	0.000782932080642004
AG.YLD.CREL.KG_min2	6.44225985339801e-05	0.00171762542085623	0.000782932080642004
TM.VAL.MRCH.OR.ZS	6.23718470590985e-05	0.0029469436147655	0.00156586416128401
SP.POP.TOTL.FE.ZS_lag1	6.20147410286647e-05	0.000264103908737849	0.000391466040321002
FP.CPI.TOTL_avg2	6.19183762630365e-05	0.000210903121366196	0.000391466040321002
urban_development_ratio_rank	6.16744940476246e-05	0.00140222075286714	0.000587199060481503
BM.TRF.PWKR.CD.DT_max2	6.11933867063885e-05	0.000651709645302751	0.000391466040321002
DC.DAC.DEUL.CD_min2	6.05378700505348e-05	0.000737210910721479	0.000587199060481503
DC.DAC.TOTL.CD_rank	5.9823405324384e-05	0.000543408042439028	0.000391466040321002
SP.DYN.AMRT.FE_lag1	5.75108317610893e-05	0.000929113750883513	0.000587199060481503
PA.NUS.FCRF	5.57990597978113e-05	0.0009158135540406	0.000978665100802505
FM.AST.DOMS.CN_min2	5.54381938808794e-05	0.000541508014318612	0.000587199060481503
NV.IND.MANF.ZS_lag1	5.53558638679215e-05	0.000102601518502474	0.000391466040321002
NV.AGR.TOTL.ZS	5.44132008406072e-05	0.00104311543810848	0.000391466040321002
IT.CEL.SETS.P2_min2	5.40122999490649e-05	0.000533907901836947	0.000391466040321002
DC.DAC.JPNL.CD_isNA_lag1	5.36897015406163e-05	0.000469306945742797	0.000195733020160501
urban_health_access_rank	5.34973104141331e-05	0.00178222637695038	0.000782932080642004
MS.MIL.XPND.GD.ZS_min2	5.25654552541753e-05	0.00027360404933993	0.000391466040321002
SH.DTH.IMRT	5.19659763636895e-05	0.00274174057776055	0.00117439812096301
EN.GHG.CO2.PC.CE.AR5_max2	5.18510223087164e-05	0.000370505483481156	0.000195733020160501
SP.ADO.TFRT	5.17831964330417e-05	0.00405846006520896	0.000978665100802505
TM.VAL.INSF.ZS.WT	5.11158305274757e-05	0.00100891493194099	0.00137013114112351
NV.SRV.TOTL.CD	4.98742746905778e-05	0.00266193939670307	0.00137013114112351
NE.GDI.TOTL.ZS	4.79948877509902e-05	0.000334404949193248	0.000978665100802505
SH.DTH.MORT	4.75199586599832e-05	0.00150482227136962	0.00137013114112351
SH.DYN.MORT.FE	4.33899284158241e-05	0.00160552376175167	0.000978665100802505
SH.DYN.NMRT	4.2522424268181e-05	0.000906313413438519	0.000391466040321002
SP.POP.0014.MA.IN_delta1	4.23885392875974e-05	0.000412306102130311	0.000782932080642004
SP.POP.1564.MA.IN_delta1	4.23089537814398e-05	4.1800618649156e-05	0.000195733020160501
EN.GHG.CH4.FE.MT.CE.AR5_max2	4.19962346531625e-05	4.37006467695722e-05	0.000195733020160501
AG.LND.ARBL.HA.PC	4.19052441606987e-05	0.00111721653480472	0.000782932080642004
SH.MMR.RISK	4.18114775103981e-05	0.000110201630984139	0.000391466040321002
DC.DAC.JPNL.CD	4.12412021223707e-05	0.000547208098679861	0.000587199060481503
EN.GHG.CH4.BU.MT.CE.AR5_rank	4.1166091090487e-05	0.000256503796256185	0.000195733020160501
NY.GNP.PCAP.CN	4.10982101640564e-05	0.00129391915000342	0.000782932080642004
TX.VAL.AGRI.ZS.UN_lag1	4.04689169792523e-05	0.000784711613731883	0.000587199060481503
SP.ADO.TFRT_lag1	4.01760463845441e-05	0.00382285657827736	0.00137013114112351
SP.POP.0014.FE.ZS_lag1	3.96544241011267e-05	0.000613709082894427	0.000195733020160501
NY.GSR.NFCY.CN_delta1	3.86794625937744e-05	0.0124850847792547	0.00371892738304952
BX.GSR.CMCP.ZS	3.79836875656748e-05	0.000516807648753202	0.00176159718144451
EN.GHG.CH4.PI.MT.CE.AR5_ratiomax2	3.76209107585204e-05	3.42005061674913e-05	0.000195733020160501
NV.IND.MANF.KD_lag1	3.72542693091725e-05	0.00085121259794645	0.000391466040321002
SP.POP.2529.FE.5Y_lag1	3.63200149002494e-05	9.12013497799767e-05	0.000391466040321002
EN.GHG.CH4.PI.MT.CE.AR5_ratioavg2	3.53329504430026e-05	0.000245103627533688	0.000587199060481503
EN.GHG.N2O.IC.MT.CE.AR5_max2	3.38498671982675e-05	0.000277404105580763	0.000587199060481503
SH.DTH.NMRT	3.35561763652178e-05	0.000269803993099098	0.000195733020160501
AG.LND.ARBL.HA.PC_max2	3.33855260946865e-05	0.00402995964340272	0.000978665100802505
TM.VAL.TRAN.ZS.WT_lag1	3.32362079440375e-05	0.00142692111843255	0.000782932080642004
SP.DYN.LE00.IN	3.32180750803013e-05	0.00140032072474673	0.000587199060481503
BX.TRF.CURR.CD	3.29824464012733e-05	0.000406606017769063	0.00117439812096301
AG.LND.CREL.HA	3.27728054699029e-05	0.000136802024669965	0.000391466040321002
AG.CON.FERT.ZS	3.20697833344674e-05	0.000372405511601572	0.000978665100802505
AG.LND.ARBL.HA.PC_lag1	3.20169787473562e-05	0.0032528481421525	0.000978665100802505
YearsSinceFirst_lag1	3.17071795539845e-05	0.0016321241554375	0.00234879624192601
BM.GSR.INSF.ZS_min2	3.15373044237168e-05	0.000309704583627838	0.000391466040321002
YearsSinceFirst	3.07022363411739e-05	0.00136422019045882	0.00156586416128401
NE.RSB.GNFS.CN_delta1	3.00524153678271e-05	0.00511677572828078	0.00176159718144451
NE.IMP.GNFS.CN	2.99034376705085e-05	0.000114001687224971	0.000587199060481503
SP.POP.1564.TO.ZS_lag1	2.95121011037253e-05	0.00258403824376601	0.000782932080642004
EN.URB.LCTY.UR.ZS_delta1	2.91690157789235e-05	0.000326804836711583	0.000391466040321002
IS.AIR.DPRT_max2	2.84831545808062e-05	8.17012091778958e-05	0.000195733020160501
IS.AIR.DPRT	2.80305735410906e-05	2.28003374449942e-05	0.000195733020160501
urban_development_ratio	2.75961332575729e-05	0.00470256959803005	0.00117439812096301
Country_Code	2.74754431028215e-05	0.000302104471146173	0.000391466040321002
SP.POP.5559.MA.5Y	2.687828565028e-05	0.00359485320382742	0.00117439812096301
SP.POP.2529.MA.5Y	2.62494063287683e-05	0.000435106439575306	0.000587199060481503
BM.GSR.GNFS.CD_isNA_rank	2.62373912603438e-05	0.000245103627533688	0.00117439812096301
SP.POP.7579.FE.5Y_delta1	2.59164724464338e-05	0.000342005061674913	0.000587199060481503
NE.IMP.GNFS.CN_delta1	2.57575972890186e-05	0.00133001968429133	0.00156586416128401
AG.CON.FERT.ZS_rank	2.55024666490571e-05	0.00048260714258571	0.000195733020160501
EN.GHG.N2O.FE.MT.CE.AR5	2.54952623030543e-05	5.70008436124855e-05	0.000195733020160501
NV.SRV.TOTL.KD.ZG_lag1	2.49841540047516e-05	0.000830312288621872	0.00195733020160501
DC.DAC.GBRL.CD	2.4967184486233e-05	0.000410406074009895	0.000782932080642004
AG.LND.TOTL.K2_ratioavg2	2.46987625653398e-05	3.42005061674913e-05	0.000195733020160501
FM.AST.DOMS.CN_avg2	2.4693729541581e-05	0.000408506045889479	0.000587199060481503
SP.POP.4044.MA.5Y_rank	2.4529956990504e-05	0.000182402699559954	0.000195733020160501
NY.GDP.MINR.RT.ZS	2.45250452098308e-05	0.00102981524126557	0.00117439812096301
EN.GHG.ALL.PC.CE.AR5	2.43704971666866e-05	0.000921513638401848	0.000587199060481503
AG.LND.ARBL.HA.PC_ratioavg2	2.42783190483629e-05	0.000292604330544092	0.000782932080642004
SP.POP.2024.MA.5Y	2.34391599407061e-05	0.000972814397653085	0.00117439812096301
NV.AGR.TOTL.ZS_lag1	2.18025244413521e-05	0.000815112063658542	0.000391466040321002
AG.LND.ARBL.HA.PC_avg2	2.15850284814688e-05	0.00346565129163912	0.000978665100802505
EN.GHG.N2O.FE.MT.CE.AR5_max2	2.13560152329707e-05	0.000275504077460346	0.000391466040321002
AG.PRD.FOOD.XD	2.01005848916219e-05	0.000220403261968277	0.000587199060481503
TM.VAL.MANF.ZS.UN_isNA_rank	2.00010379743506e-05	0.00024890368377452	0.000978665100802505
MS.MIL.XPND.GD.ZS	1.98080469053337e-05	0.000319204724229919	0.000782932080642004
EN.GHG.CH4.BU.MT.CE.AR5_ratiomax2	1.85037527146234e-05	0.000195702896402867	0.000195733020160501
SH.STA.MMRT	1.83792042856558e-05	0.000286904246182844	0.000587199060481503
SP.POP.DPND_lag1	1.78967329553425e-05	0.00243393602225313	0.000587199060481503
SP.POP.6064.FE.5Y_delta1	1.78911093423245e-05	0.000180502671439537	0.000195733020160501
BM.GSR.NFSV.CD_rank	1.78545711827943e-05	7.79011529370635e-05	0.000391466040321002
BX.PEF.TOTL.CD.WD_tend2	1.7697185276365e-05	0.000245103627533688	0.00117439812096301
EN.GHG.CH4.BU.MT.CE.AR5_tend2	1.76345094280563e-05	0.000444606580177387	0.000782932080642004
EN.GHG.CO2.PC.CE.AR5_min2	1.64116296843259e-05	0.000826512232381039	0.000195733020160501
SH.MMR.DTHS	1.63501092960764e-05	0.000870212879150611	0.000391466040321002
TM.VAL.INSF.ZS.WT_lag1	1.62345352818468e-05	0.00031350463986867	0.000391466040321002
IT.CEL.SETS_delta1	1.59554536617753e-05	0.00207673073561489	0.000782932080642004
NY.ADJ.DRES.GN.ZS_lag1	1.54068590981468e-05	0.000494007311308207	0.000782932080642004
SP.POP.3539.FE.5Y	1.53509010324954e-05	3.04004499266589e-05	0.000195733020160501
TX.VAL.AGRI.ZS.UN	1.53485432413454e-05	0.00186772764236911	0.00156586416128401
SP.POP.6064.MA.5Y	1.53187288339256e-05	0.000343905089795329	0.000391466040321002
EN.GHG.CH4.TR.MT.CE.AR5	1.46763507963267e-05	7.41010966962311e-05	0.000195733020160501
NE.RSB.GNFS.ZS_lag1	1.44091503399646e-05	0.000127301884067884	0.000587199060481503
TM.VAL.MRCH.R4.ZS	1.42037624815385e-05	0.000767611360648138	0.00156586416128401
SE.PRM.ENRR_rank	1.40702182032426e-05	0.0011267166754068	0.000587199060481503
SP.POP.0004.FE.5Y_delta1	1.38341456562223e-05	0.000214703177607029	0.000587199060481503
SP.DYN.AMRT.MA	1.37576718040801e-05	0.000304004499266589	0.000782932080642004
AG.LND.CREL.HA_tend2	1.37218048434085e-05	0.00104311543810848	0.000978665100802505
EN.GHG.CH4.TR.MT.CE.AR5_tend2	1.35663828153315e-05	0.000594708801690265	0.000587199060481503
NV.AGR.TOTL.KD_lag1	1.34282229367901e-05	0.000231803430690774	0.000782932080642004
EG.USE.ELEC.KH.PC_rank	1.32368037356677e-05	0.000623209223496508	0.000587199060481503
NY.GNP.PCAP.CD	1.30301784691132e-05	0.00301344459898007	0.00117439812096301
NY.GSR.NFCY.CN	1.29632806515834e-05	0.000429406355214057	0.000782932080642004
SP.POP.0014.FE.IN_delta1	1.23977985884924e-05	0.000435106439575306	0.000391466040321002
EG.ELC.NGAS.ZS_avg2	1.2370329748654e-05	9.50014060208091e-05	0.000195733020160501
NV.IND.MANF.KD_delta1	1.23111281425385e-05	0.000207103065125364	0.000782932080642004
FM.AST.NFRG.CN_min2	1.22690648507095e-05	0.000406606017769063	0.000587199060481503
SP.POP.65UP.MA.ZS_lag1	1.19868064105967e-05	0.000267903964978682	0.000195733020160501
SP.POP.3539.FE.5Y_delta1	1.15370208406634e-05	0.00151052235573086	0.00156586416128401
SP.URB.TOTL.IN.ZS_rank	1.12057277403065e-05	0.00060230891417193	0.000195733020160501
SE.PRM.ENRR_lag1	1.1136632320158e-05	0.000507307508151121	0.000782932080642004
DC.DAC.CECL.CD_min2	1.07343616908592e-05	0.00364425393495824	0.00156586416128401
FS.AST.PRVT.GD.ZS_max2	1.06494713244677e-05	0.000190002812041618	0.000195733020160501
SP.POP.TOTL.MA.ZS_lag1	1.04585336226015e-05	0.000142502109031214	0.000587199060481503
EN.GHG.N2O.IP.MT.CE.AR5_ratioavg2	1.03301297384507e-05	0.000644109532821086	0.00195733020160501
EN.GHG.CO2.PC.CE.AR5_rank	1.0040234335269e-05	0.000277404105580763	0.000391466040321002
SE.PRM.ENRR.MA_delta1	1.00095655923867e-05	0.000450306664538635	0.00137013114112351
FM.AST.PRVT.GD.ZS_tend2	9.9837007161372e-06	2.28003374449942e-05	0.000195733020160501
BX.TRF.PWKR.CD.DT_lag1	9.91799740943699e-06	0.00119701771586219	0.000782932080642004
BM.KLT.DINV.WD.GD.ZS_ratioavg2	9.85478998106003e-06	6.46009560941502e-05	0.000391466040321002
EN.URB.LCTY.UR.ZS_max2	9.62441552909262e-06	0.000114001687224971	0.000195733020160501
FD.AST.PRVT.GD.ZS_delta1	9.59607864884768e-06	0.000100701490382058	0.000195733020160501
FD.AST.PRVT.GD.ZS_ratioavg2	9.41906705444625e-06	0.000115901715345387	0.000391466040321002
SH.DTH.IMRT_rank	9.34616211195123e-06	3.23004780470751e-05	0.000195733020160501
BM.GSR.CMCP.ZS_lag1	9.30504051401128e-06	0.000465506889501965	0.000391466040321002
SE.PRM.ENRR.FE_delta1	9.22595165830518e-06	0.000389505764685317	0.00137013114112351
BM.GSR.TRVL.ZS	9.19765925679621e-06	0.00117991746277845	0.000782932080642004
TX.VAL.MRCH.R5.ZS_lag1	9.15519994173611e-06	0.000429406355214057	0.000782932080642004
BM.GSR.FCTY.CD_isNA_rank	8.92701673874626e-06	0.000262203880617433	0.000782932080642004
IT.CEL.SETS.P2_delta1	8.81037567991959e-06	0.000858812710428114	0.00137013114112351
NY.GDP.COAL.RT.ZS_delta1	8.76732951651307e-06	0.000792311726213548	0.00156586416128401
DT.ODA.ODAT.KD	8.59267326310217e-06	0.000560508295522774	0.000391466040321002
DC.DAC.USAL.CD_delta1	8.50225149584481e-06	0.00041800618649156	0.000782932080642004
BM.GSR.TRAN.ZS	8.3584525755555e-06	9.88014622616415e-05	0.000587199060481503
DC.DAC.JPNL.CD_isNA_rank	8.30810195902586e-06	0.00208813090433738	0.00176159718144451
EN.GHG.N2O.IC.MT.CE.AR5	8.13080809721461e-06	2.0900309324578e-05	0.000195733020160501
SP.POP.5559.MA.5Y_lag1	8.10247571755134e-06	0.000368605455360739	0.000587199060481503
SM.POP.RHCR.EA	8.0310419748096e-06	0.000583308632967768	0.000587199060481503
IT.CEL.SETS_tend2	8.0267197979647e-06	0.00574568503613854	0.00176159718144451
NY.GSR.NFCY.CN_lag1	7.98762886080264e-06	0.00081131200741771	0.000587199060481503
MS.MIL.XPND.CD_min2	7.9829285149129e-06	6.46009560941502e-05	0.000195733020160501
AG.LND.ARBL.HA	7.86638274106608e-06	0.000114001687224971	0.000587199060481503
AG.PRD.LVSK.XD_rank	7.78078625226754e-06	7.60011248166473e-05	0.000195733020160501
EG.ELC.COAL.ZS	7.72730875376292e-06	0.000319204724229919	0.000391466040321002
IT.CEL.SETS.P2_lag1	7.58770079001166e-06	0.00408696048701521	0.00117439812096301
NV.SRV.TOTL.ZS	7.55120093118069e-06	0.000665009842145664	0.000391466040321002
NY.GDP.PCAP.CN_lag1	7.52151707203486e-06	0.000298304414905341	0.000391466040321002
SP.POP.5054.FE.5Y_delta1	7.38199865929699e-06	0.000210903121366196	0.000391466040321002
DC.DAC.CECL.CD_avg2	7.08401982511275e-06	0.000408506045889479	0.000782932080642004
NE.IMP.GNFS.KD.ZG_delta1	6.92247183456917e-06	0.000279304133701179	0.000782932080642004
IT.MLT.MAIN.P2_lag1	6.90665252985783e-06	0.000467406917622381	0.000391466040321002
TM.VAL.MRCH.R6.ZS_lag1	6.90180518080721e-06	0.00126541872819718	0.00156586416128401
IT.CEL.SETS.P2	6.81595420315333e-06	0.000155802305874127	0.000587199060481503
BX.GSR.NFSV.CD_delta1	6.74030510881099e-06	0.000102601518502474	0.000195733020160501
FP.CPI.TOTL_min2	6.72833046577067e-06	0.000516807648753202	0.000782932080642004
SP.POP.6569.MA.5Y	6.68780498905359e-06	0.000176702615198705	0.000195733020160501
TX.VAL.MRCH.R6.ZS_lag1	6.57504454933467e-06	0.000560508295522774	0.000587199060481503
SP.POP.TOTL.MA.IN_delta1	6.46126018812764e-06	0.000190002812041618	0.000391466040321002
SP.POP.80UP.MA.5Y	6.42809331992372e-06	0.00115521709721304	0.000587199060481503
TM.VAL.MMTL.ZS.UN_delta1	6.3714256957163e-06	0.00181262682687704	0.00274026228224702
MS.MIL.XPND.CD	6.17537982713794e-06	4.94007311308207e-05	0.000195733020160501
FP.CPI.TOTL.ZG_avg2	6.15795788387148e-06	0.000157702333994543	0.000587199060481503
SP.POP.0014.MA.ZS	6.08453710036493e-06	0.000665009842145664	0.000391466040321002
EN.GHG.CO2.PI.MT.CE.AR5	6.0625944814582e-06	0.000410406074009895	0.000978665100802505
FS.AST.CGOV.GD.ZS	6.03004992797939e-06	0.00166632466160499	0.000782932080642004
NE.CON.PRVT.ZS_isNA_rank	6.02923478258531e-06	0.000157702333994543	0.000587199060481503
SE.PRM.ENRL	6.00884809119373e-06	0.00023370345881119	0.000587199060481503
SP.POP.1519.MA.5Y_lag1	5.93443348047921e-06	0.000682110095229409	0.000587199060481503
TX.VAL.MRCH.HI.ZS_delta1	5.93089943802684e-06	0.000589008717329017	0.00137013114112351
SE.SEC.ENRR.MA	5.87003976438653e-06	0.00126921878443801	0.00137013114112351
TX.VAL.MRCH.R4.ZS_rank	5.86016400557116e-06	2.85004218062427e-05	0.000195733020160501
TM.VAL.OTHR.ZS.WT_delta1	5.81547377318283e-06	0.000684010123349826	0.000978665100802505
SP.POP.3539.FE.5Y_lag1	5.78036786575109e-06	0.00018430272768037	0.000391466040321002
ER.FSH.CAPT.MT_delta1	5.70377921732575e-06	0.000535807929957363	0.000587199060481503
BX.GSR.MRCH.CD_ratiomax2	5.68591504007238e-06	0.000115901715345387	0.000195733020160501
AG.LND.AGRI.K2	5.67932068771507e-06	2.0900309324578e-05	0.000195733020160501
FM.AST.NFRG.CN_avg2	5.63373239986217e-06	0.000478807086344878	0.000391466040321002
EN.GHG.CO2.FE.MT.CE.AR5	5.62448279406533e-06	0.000125401855947468	0.000195733020160501
BX.GRT.EXTA.CD.WD_lag1	5.58837497069263e-06	0.000763811304407305	0.000782932080642004
BX.GSR.CMCP.ZS_max2	5.34407961124988e-06	0.000305904527387005	0.000391466040321002
BX.GSR.NFSV.CD_ratioavg2	5.27916137142965e-06	0.00175182592702372	0.00137013114112351
TM.VAL.MRCH.CD.WT_lag1	5.23988963450458e-06	0.000300204443025757	0.000391466040321002
EN.GHG.CO2.FE.MT.CE.AR5_ratioavg2	5.17589795865545e-06	0.000412306102130311	0.00117439812096301
EG.ELC.PETR.ZS	4.9444112458962e-06	0.000277404105580763	0.000587199060481503
SP.POP.6569.FE.5Y	4.88482055197709e-06	0.000119701771586219	0.000195733020160501
BG.GSR.NFSV.GD.ZS_ratioavg2	4.81183889804042e-06	0.00073151082636023	0.00117439812096301
TX.VAL.MRCH.R4.ZS	4.80010549700897e-06	0.000543408042439028	0.00137013114112351
AG.PRD.CROP.XD	4.78751479371011e-06	6.08008998533178e-05	0.000195733020160501
TM.VAL.MRCH.R1.ZS_lag1	4.78713662466527e-06	0.000186202755800786	0.000391466040321002
TX.VAL.MRCH.AL.ZS	4.68820530434633e-06	0.000197602924523283	0.000391466040321002
EG.ELC.HYRO.ZS	4.67854090155765e-06	0.000351505202276994	0.000587199060481503
MS.MIL.MPRT.KD_lag1	4.57687651583619e-06	0.000370505483481156	0.000587199060481503
IT.CEL.SETS.P2_tend2	4.5261494132443e-06	0.00136422019045882	0.00156586416128401
EN.GHG.ALL.MT.CE.AR5	4.5069498217015e-06	2.66003936858266e-05	0.000195733020160501
EN.GHG.CH4.TR.MT.CE.AR5_ratioavg2	4.43221302569539e-06	0.000117801743465803	0.000195733020160501
NY.GDP.MKTP.KN_isNA_rank	4.35412224469754e-06	0.000554808211161525	0.00137013114112351
SP.POP.4044.FE.5Y_delta1	4.32858589537257e-06	0.000450306664538635	0.00117439812096301
SE.ENR.PRIM.FM.ZS_rank	4.27144633055832e-06	0.000117801743465803	0.000391466040321002
FD.AST.PRVT.GD.ZS_isNA_rank	4.26745670429471e-06	0.00106971583179431	0.000978665100802505
NV.AGR.TOTL.CD_delta1	4.21807218776758e-06	0.00165492449288249	0.00137013114112351
DT.ODA.ODAT.GN.ZS_lag1	4.18615683893541e-06	9.31013779003929e-05	0.000195733020160501
SP.POP.2024.FE.5Y	4.16100307458529e-06	0.000157702333994543	0.000391466040321002
DC.DAC.CECL.CD	4.13583895572288e-06	0.000723910713878566	0.000978665100802505
FI.RES.XGLD.CD_avg2	4.12745297678668e-06	3.04004499266589e-05	0.000195733020160501
TX.VAL.MRCH.R4.ZS_delta1	4.1164342447066e-06	0.000803711894936045	0.00176159718144451
NE.RSB.GNFS.CN_lag1	4.08634801655718e-06	0.00565258365823814	0.00137013114112351
BX.TRF.PWKR.CD.DT_min2	3.94857127007485e-06	0.00014440213715163	0.000195733020160501
SE.SEC.ENRR	3.91682450211146e-06	0.000355305258517826	0.000978665100802505
DT.ODA.ODAT.KD_lag1	3.90158699705989e-06	0.00010450154662289	0.000391466040321002
NV.IND.TOTL.KD.ZG_rank	3.89869688407819e-06	0.000258403824376601	0.000782932080642004
BM.GSR.GNFS.CD_tend2	3.84316498525081e-06	0.000136802024669965	0.000587199060481503
FM.AST.NFRG.CN_tend2	3.82047684847587e-06	0.00169482508341123	0.00156586416128401
NY.GDP.FRST.RT.ZS_delta1	3.74971640224187e-06	0.000986114594495999	0.00117439812096301
NV.SRV.TOTL.CD_rank	3.6455126548878e-06	0.000245103627533688	0.000587199060481503
NY.ADJ.NNTY.CD	3.63896397889814e-06	0.000986114594495999	0.000391466040321002
NV.IND.TOTL.ZS	3.63406464972757e-06	0.000359105314758658	0.000587199060481503
FP.CPI.TOTL_lag1	3.62882350339412e-06	0.000391405792805734	0.000391466040321002
DT.ODA.ODAT.CD_ratioavg2	3.55666576593347e-06	0.000279304133701179	0.000587199060481503
NV.IND.MANF.ZS	3.55273655457212e-06	0.00667669881514246	0.00293599530240752
SE.ENR.PRIM.FM.ZS	3.47644794359673e-06	0.000300204443025757	0.00117439812096301
FS.AST.CGOV.GD.ZS_isNA_rank	3.47193828793307e-06	0.000444606580177387	0.000782932080642004
SP.POP.4044.FE.5Y	3.45153044512053e-06	0.00101081496006141	0.000587199060481503
NE.CON.PRVT.CD	3.44646971552742e-06	0.000172902558957873	0.000195733020160501
SP.POP.1519.MA.5Y	3.43956956372413e-06	0.00037810559596282	0.000195733020160501
FD.AST.PRVT.GD.ZS	3.43571440820197e-06	0.000298304414905341	0.000587199060481503
NY.GNP.PCAP.CD_delta1	3.36603902380315e-06	0.00041800618649156	0.000587199060481503
DC.DAC.USAL.CD_ratioavg2	3.35613879939851e-06	0.00390835784369609	0.00234879624192601
SP.POP.DPND.YG	3.27999274294159e-06	0.00575138512049978	0.00156586416128401
EN.GHG.CO2.PI.MT.CE.AR5_min2	3.27231224907547e-06	9.12013497799767e-05	0.000195733020160501
EN.GHG.CO2.RT.GDP.KD_ratioavg2	3.26758997775067e-06	8.74012935391444e-05	0.000391466040321002
SP.POP.7074.MA.5Y	3.24604827706099e-06	2.85004218062427e-05	0.000195733020160501
TX.VAL.MRCH.R4.ZS_lag1	3.22134576689305e-06	0.000214703177607029	0.000587199060481503
AG.LND.CROP.ZS_delta1	3.15664354174988e-06	9.12013497799767e-05	0.000195733020160501
TX.VAL.MMTL.ZS.UN	3.15420974360429e-06	0.000260303852497017	0.000391466040321002
SP.POP.0509.FE.5Y_lag1	3.14051964392781e-06	0.000165302446476208	0.000195733020160501
NE.CON.GOVT.ZS_tend2	3.13128973662625e-06	9.88014622616415e-05	0.000391466040321002
BM.GSR.TOTL.CD_isNA_rank	3.12236194746005e-06	0.000347705146036161	0.000978665100802505
TM.VAL.MRCH.R4.ZS_delta1	2.97398192423417e-06	0.000889213160354773	0.00137013114112351
SP.DYN.TFRT.IN_rank	2.9638157215469e-06	0.00023370345881119	0.000195733020160501
SE.SEC.ENRL.GC	2.91587846138543e-06	0.000431306383334473	0.000782932080642004
NY.GSR.NFCY.CD_rank	2.91441957569078e-06	0.000119701771586219	0.000391466040321002
IS.AIR.DPRT_delta1	2.90180959575881e-06	0.00173852573018081	0.000782932080642004
FM.AST.NFRG.CN_lag1	2.86710872856104e-06	0.000292604330544092	0.000587199060481503
DC.DAC.CANL.CD	2.82424471817679e-06	0.000530107845596115	0.000978665100802505
NE.EXP.GNFS.CD_delta1	2.81969723582406e-06	0.000323004780470751	0.000587199060481503
consumption_vs_income_delta1	2.81373824668141e-06	0.000359105314758658	0.000978665100802505
SP.POP.7579.MA.5Y_delta1	2.80707885728402e-06	0.00136042013421799	0.00117439812096301
BX.PEF.TOTL.CD.WD_isNA_rank	2.74651937656599e-06	0.000216603205727445	0.000587199060481503
EN.GHG.CH4.FE.MT.CE.AR5_tend2	2.74088350734459e-06	0.000395205849046566	0.000978665100802505
NE.RSB.GNFS.CN_rank	2.72731529927679e-06	0.00024890368377452	0.000195733020160501
TM.VAL.SERV.CD.WT_isNA_rank	2.69734796769547e-06	0.000545308070559444	0.00137013114112351
DC.DAC.GBRL.CD_rank	2.66115417702471e-06	0.000638409448459837	0.000391466040321002
SP.POP.0509.MA.5Y_lag1	2.63664777010302e-06	0.000167202474596624	0.000195733020160501
NY.ADJ.DMIN.CD	2.54152867962791e-06	0.000188102783921202	0.000782932080642004
SP.POP.GROW_lag1	2.53044035652891e-06	0.000155802305874127	0.000391466040321002
IS.AIR.DPRT_tend2	2.51772845598926e-06	0.00311604611748254	0.00137013114112351
BM.GSR.CMCP.ZS_ratioavg2	2.47789873266638e-06	0.000906313413438519	0.000978665100802505
NY.ADJ.DNGY.GN.ZS_lag1	2.4556466030141e-06	0.000136802024669965	0.000195733020160501
SP.POP.3539.MA.5Y_delta1	2.4497775064308e-06	0.00110771639420263	0.00137013114112351
BM.GSR.INSF.ZS_avg2	2.4466322747699e-06	0.000528207817475699	0.000391466040321002
EG.ELC.PETR.ZS_lag1	2.40311437832798e-06	0.000532007873716531	0.000391466040321002
SP.POP.1014.FE.5Y_delta1	2.39689339310721e-06	0.000400905933407814	0.000978665100802505
SP.POP.7074.FE.5Y	2.39509269487092e-06	0.00193992871094492	0.000978665100802505
BX.GSR.TRVL.ZS_isNA_rank	2.37667382894432e-06	0.00250993714706978	0.000782932080642004
TX.VAL.MRCH.CD.WT_delta1	2.36257433316343e-06	0.000258403824376601	0.000782932080642004
EN.GHG.CH4.FE.MT.CE.AR5_ratioavg2	2.36243485156254e-06	0.00100321484757974	0.00156586416128401
EN.GHG.CH4.FE.MT.CE.AR5	2.32760278337564e-06	9.50014060208091e-05	0.000195733020160501
BG.GSR.NFSV.GD.ZS	2.29723325983166e-06	0.000186202755800786	0.000391466040321002
SP.URB.GROW_lag1	2.29654096386369e-06	0.000513007592512369	0.000782932080642004
FI.RES.TOTL.MO_tend2	2.28046531958226e-06	0.000640309476580253	0.000782932080642004
TX.VAL.MRCH.R6.ZS	2.24849187568154e-06	0.000716310601396901	0.000782932080642004
DC.DAC.GBRL.CD_max2	2.2315644340548e-06	0.000136802024669965	0.000391466040321002
FP.CPI.TOTL.ZG_ratioavg2	2.22656256193004e-06	0.0011153165066843	0.00156586416128401
EN.GHG.CH4.MT.CE.AR5	2.21827290578139e-06	0.000564308351763606	0.000587199060481503
NY.ADJ.DMIN.CD_isNA_rank	2.19088022657796e-06	0.000982314538255166	0.00117439812096301
BX.KLT.DINV.WD.GD.ZS_max2	2.18747584605548e-06	0.000476907058224462	0.00156586416128401
SP.POP.6064.MA.5Y_delta1	2.18267449479912e-06	0.000448406636418219	0.000978665100802505
SP.DYN.AMRT.FE_isNA_rank	2.17108294436809e-06	0.000157702333994543	0.000587199060481503
SE.SEC.ENRL_isNA_rank	2.14217006596025e-06	0.000138702052790381	0.000195733020160501
NY.ADJ.DFOR.GN.ZS	2.13658259397883e-06	0.000138702052790381	0.000391466040321002
TX.VAL.MRCH.HI.ZS_lag1	2.13071363495449e-06	0.00160362373363126	0.000782932080642004
EN.GHG.N2O.IP.MT.CE.AR5_min2	2.11967735290507e-06	2.28003374449942e-05	0.000195733020160501
FM.LBL.BMNY.GD.ZS_tend2	2.11329427301685e-06	0.000742910995082727	0.00156586416128401
BM.GSR.NFSV.CD_ratioavg2	2.11196708255364e-06	0.000136802024669965	0.000587199060481503
NE.EXP.GNFS.KD_rank	2.10788913164807e-06	0.00018430272768037	0.000391466040321002
consumption_vs_income_lag1	2.05931326463036e-06	0.000258403824376601	0.000391466040321002
TX.VAL.FUEL.ZS.UN_delta1	2.02518761620902e-06	0.00316924690485419	0.00293599530240752
ER.FSH.AQUA.MT_ratioavg2	2.01109849380089e-06	0.000110201630984139	0.000391466040321002
EN.GHG.CO2.IC.MT.CE.AR5_delta1	1.97404337659619e-06	5.32007873716531e-05	0.000195733020160501
TX.VAL.TRAN.ZS.WT_isNA_rank	1.95571880609543e-06	0.00128631903752176	0.00176159718144451
SP.POP.GROW_delta1	1.93528178562974e-06	0.000138702052790381	0.000587199060481503
NY.GSR.NFCY.CD	1.93241920325758e-06	0.000267903964978682	0.000978665100802505
SP.RUR.TOTL.ZG	1.92863001854021e-06	7.41010966962311e-05	0.000391466040321002
BM.GSR.CMCP.ZS_min2	1.89889888143808e-06	0.000919613610281432	0.000587199060481503
SP.POP.5559.FE.5Y_lag1	1.88502270639194e-06	0.000921513638401848	0.000587199060481503
SE.SEC.ENRR_isNA_rank	1.88119052579048e-06	0.000672609954627329	0.00156586416128401
AG.LND.ARBL.HA_tend2	1.86145401632967e-06	0.000530107845596115	0.000978665100802505
TX.VAL.MRCH.R1.ZS_delta1	1.85576754771352e-06	0.00192092842974076	0.00234879624192601
FM.LBL.BMNY.GD.ZS_ratioavg2	1.84692204193377e-06	0.000573808492365687	0.00117439812096301
AG.LND.CREL.HA_ratioavg2	1.84184063405418e-06	0.00317114693297461	0.00176159718144451
EG.ELC.PETR.ZS_ratioavg2	1.83776255702024e-06	0.000315404667989086	0.000978665100802505
BM.TRF.PWKR.CD.DT_tend2	1.81214616537965e-06	0.000374305539721988	0.000978665100802505
NE.CON.GOVT.ZS_max2	1.78098503984369e-06	0.00137562035918132	0.00156586416128401
TX.VAL.FOOD.ZS.UN_delta1	1.76976627727764e-06	0.000556708239281941	0.000978665100802505
NE.CON.GOVT.CD_tend2	1.76285409316406e-06	0.000117801743465803	0.000587199060481503
EG.ELC.COAL.ZS_delta1	1.74759092750425e-06	0.000391405792805734	0.000391466040321002
NV.AGR.TOTL.CN_isNA_rank	1.74516314772644e-06	0.000530107845596115	0.00117439812096301
NY.GDP.TOTL.RT.ZS	1.73423758679224e-06	0.00479567097593044	0.00195733020160501
TX.VAL.OTHR.ZS.WT_isNA_rank	1.7306885520462e-06	0.000342005061674913	0.000391466040321002
NV.SRV.TOTL.ZS_delta1	1.70910055726893e-06	0.000134901996549549	0.000587199060481503
TX.VAL.MRCH.R1.ZS	1.7077334160468e-06	0.000767611360648138	0.00117439812096301
EN.GHG.CO2.BU.MT.CE.AR5_ratiomax2	1.69705114807101e-06	2.0900309324578e-05	0.000195733020160501
TM.VAL.MANF.ZS.UN_lag1	1.67757628590435e-06	0.000370505483481156	0.000391466040321002
NY.GDP.PETR.RT.ZS_isNA_rank	1.67049246284376e-06	0.0001292019121883	0.000782932080642004
TX.VAL.FUEL.ZS.UN_lag1	1.65805623411712e-06	0.000304004499266589	0.000391466040321002
EN.GHG.N2O.IP.MT.CE.AR5_ratiomax2	1.65745070506325e-06	0.000133001968429133	0.000391466040321002
SE.PRM.ENRR.MA_rank	1.63464340864524e-06	0.000444606580177387	0.000782932080642004
PA.NUS.FCRF_delta1	1.62965436647351e-06	0.00133001968429133	0.00156586416128401
SP.POP.2529.FE.5Y_delta1	1.61960427901217e-06	0.00186012752988744	0.00156586416128401
DC.DAC.JPNL.CD_max2	1.59606120710321e-06	0.000115901715345387	0.000391466040321002
EG.ELC.NUCL.ZS_delta1	1.56539800706811e-06	0.00232943447563024	0.000782932080642004
EN.POP.DNST_delta1	1.55797195171835e-06	6.84010123349826e-05	0.000391466040321002
DC.DAC.CECL.CD_tend2	1.51094686948819e-06	0.000963314257051004	0.00195733020160501
NV.IND.MANF.CD	1.50344949875819e-06	0.00083601237298312	0.000391466040321002
TM.VAL.MRCH.HI.ZS_delta1	1.46926776016484e-06	0.000604208942292346	0.00156586416128401
AG.PRD.CROP.XD_lag1	1.46506151635863e-06	0.000345805117915745	0.000391466040321002
NV.SRV.TOTL.KD.ZG_delta1	1.45137888625286e-06	0.000279304133701179	0.000978665100802505
NY.ADJ.AEDU.GN.ZS_isNA_rank	1.45058390933901e-06	0.000182402699559954	0.000587199060481503
EN.URB.MCTY.TL.ZS_isNA_rank	1.44529197490354e-06	0.000446506608297803	0.000782932080642004
TM.VAL.TRVL.ZS.WT_lag1	1.4416968137921e-06	0.000159602362114959	0.000391466040321002
EN.GHG.ALL.PC.CE.AR5_avg2	1.4395464775031e-06	0.000803711894936045	0.000195733020160501
SE.PRM.ENRL_delta1	1.43409535421072e-06	0.00110961642232305	0.00137013114112351
BX.KLT.DINV.CD.WD_tend2	1.42476056805719e-06	0.000431306383334473	0.000978665100802505
ER.FSH.CAPT.MT_tend2	1.41472573908342e-06	0.000260303852497017	0.000391466040321002
DT.NFL.UNDP.CD_tend2	1.40971446683514e-06	0.00155802305874127	0.00215306322176551
NV.AGR.TOTL.CN_delta1	1.40547849941009e-06	0.0070453042705032	0.00215306322176551
NV.SRV.TOTL.KD_isNA_rank	1.39995581542072e-06	0.000480707114465294	0.000978665100802505
BX.TRF.PWKR.CD.DT_tend2	1.39401428512929e-06	0.000182402699559954	0.000782932080642004
NV.AGR.TOTL.KD.ZG_delta1	1.39205129666451e-06	0.000161502390235375	0.000587199060481503
TM.VAL.MRCH.R6.ZS_isNA_rank	1.38342424979912e-06	0.000332504921072832	0.00156586416128401
EN.GHG.CH4.FE.MT.CE.AR5_delta1	1.38050725261987e-06	0.000108301602863722	0.000195733020160501
TM.VAL.FUEL.ZS.UN_delta1	1.37614057218563e-06	0.000592808773569849	0.00117439812096301
NY.GSR.NFCY.CD_lag1	1.37386481393509e-06	0.0010336152975064	0.000587199060481503
TM.VAL.MRCH.RS.ZS_lag1	1.36394231333963e-06	2.47003655654104e-05	0.000195733020160501
ER.H2O.INTR.PC_delta1	1.34652860000659e-06	8.74012935391444e-05	0.000195733020160501
AG.LND.ARBL.HA_ratioavg2	1.3370221090577e-06	0.000294504358664508	0.000391466040321002
NY.GDP.MKTP.KD.ZG_delta1	1.31788445628599e-06	0.00073151082636023	0.00137013114112351
BM.GSR.INSF.ZS	1.30252332158904e-06	0.000224203318209109	0.000782932080642004
DC.DAC.DEUL.CD	1.29922375164934e-06	0.000528207817475699	0.000587199060481503
NE.CON.PRVT.PC.KD_tend2	1.2647103468103e-06	0.000250803711894936	0.000587199060481503
DC.DAC.USAL.CD_max2	1.25601343547367e-06	3.23004780470751e-05	0.000195733020160501
IS.AIR.PSGR_tend2	1.23221672723066e-06	7.98011810574797e-05	0.000195733020160501
DT.ODA.ODAT.GN.ZS	1.23171392062387e-06	0.00150102221512878	0.000587199060481503
IS.AIR.GOOD.MT.K1_tend2	1.23047679790194e-06	0.00111341647856388	0.00117439812096301
NY.GNP.MKTP.CN_delta1	1.21602188166055e-06	0.000946214003967259	0.000782932080642004
MS.MIL.XPND.CD_tend2	1.19792922988319e-06	0.00142502109031214	0.000782932080642004
SP.POP.6064.FE.5Y_lag1	1.1810122399124e-06	0.000150102221512878	0.000391466040321002
EN.GHG.CO2.IC.MT.CE.AR5_tend2	1.17832369668209e-06	0.000416106158371144	0.000978665100802505
NE.IMP.GNFS.CN_isNA_rank	1.17663608994317e-06	0.000948114032087675	0.00117439812096301
BM.GSR.GNFS.CD_min2	1.17540073521806e-06	0.000218503233847861	0.000587199060481503
SP.RUR.TOTL.ZG_lag1	1.16764845471305e-06	0.000231803430690774	0.000978665100802505
TX.VAL.MRCH.R2.ZS_lag1	1.16582915250708e-06	0.000294504358664508	0.000782932080642004
ER.FSH.PROD.MT_ratioavg2	1.13913103225258e-06	0.000123501827827052	0.000391466040321002
TX.VAL.MRCH.R2.ZS_delta1	1.12369287965925e-06	0.000665009842145664	0.00156586416128401
NV.IND.TOTL.ZS_isNA_rank	1.11658500223294e-06	0.000155802305874127	0.000782932080642004
BM.GSR.MRCH.CD_avg2	1.10387887995342e-06	0.000159602362114959	0.000195733020160501
SP.POP.4549.FE.5Y_delta1	1.09571043669728e-06	0.00117991746277845	0.00117439812096301
IS.AIR.GOOD.MT.K1_rank	1.08980200576305e-06	5.89008717329017e-05	0.000195733020160501
BM.KLT.DINV.CD.WD	1.07986135959523e-06	0.000260303852497017	0.000587199060481503
EN.GHG.CH4.AG.MT.CE.AR5_tend2	1.07900064946544e-06	0.000277404105580763	0.000587199060481503
TX.VAL.MRCH.AL.ZS_delta1	1.07474844194701e-06	0.00108111600051681	0.00254452926208651
EN.POP.DNST_tend2	1.07283028125529e-06	0.000463606861381549	0.000391466040321002
SM.POP.RHCR.EA_rank	1.07222062846991e-06	0.000343905089795329	0.000587199060481503
DT.ODA.ODAT.CD	1.07101965263051e-06	0.00320344741102168	0.000978665100802505
SP.POP.BRTH.MF_delta1	1.04825742137029e-06	0.000190002812041618	0.000391466040321002
NE.CON.PRVT.PC.KD_isNA_rank	1.04704218695033e-06	0.000302104471146173	0.000391466040321002
IS.AIR.GOOD.MT.K1_max2	1.04180516869203e-06	0.000910113469679351	0.000391466040321002
SP.POP.3034.MA.5Y_delta1	1.03812257425505e-06	0.000391405792805734	0.000587199060481503
TX.VAL.FOOD.ZS.UN_lag1	1.02556800563249e-06	0.00354735250081701	0.00137013114112351
EG.USE.ELEC.KH.PC	1.02437583973904e-06	0.000465506889501965	0.000391466040321002
EN.GHG.ALL.PC.CE.AR5_tend2	1.01978735347147e-06	0.000159602362114959	0.000391466040321002
EN.GHG.N2O.BU.MT.CE.AR5_tend2	1.01505514352408e-06	0.000216603205727445	0.000391466040321002
EN.GHG.CO2.IP.MT.CE.AR5_tend2	1.00494370308479e-06	0.000345805117915745	0.000978665100802505
TM.VAL.MRCH.R6.ZS_rank	9.9842616159959e-07	2.28003374449942e-05	0.000195733020160501
BX.GSR.TRAN.ZS_avg2	9.90759237082244e-07	7.22010685758149e-05	0.000195733020160501
SP.POP.0014.FE.ZS_delta1	9.80082609268743e-07	7.22010685758149e-05	0.000195733020160501
EN.GHG.CH4.AG.MT.CE.AR5	9.68208868925918e-07	1.90002812041618e-05	0.000195733020160501
FP.CPI.TOTL.ZG_min2	9.57833763005861e-07	0.00117611740653762	0.00234879624192601
DT.ODA.ALLD.CD_ratioavg2	9.50621585186781e-07	6.84010123349826e-05	0.000391466040321002
FI.RES.XGLD.CD_ratioavg2	9.30308005455589e-07	0.000579508576726936	0.00117439812096301
NV.AGR.TOTL.CD_lag1	9.27931697496345e-07	3.23004780470751e-05	0.000195733020160501
DC.DAC.CECL.CD_ratioavg2	9.27492867073103e-07	0.000511107564391953	0.000782932080642004
SE.PRM.ENRR.FE_lag1	9.23686796781149e-07	0.000349605174156578	0.000782932080642004
SP.URB.TOTL.IN.ZS_lag1	9.14716121625238e-07	0.00479567097593044	0.00117439812096301
AG.CON.FERT.ZS_ratioavg2	9.11380049442352e-07	0.000366705427240323	0.00117439812096301
BM.KLT.DINV.CD.WD_min2	9.09062572612115e-07	0.0011039163379618	0.00156586416128401
BX.GRT.TECH.CD.WD_tend2	9.04779641388224e-07	0.000410406074009895	0.00137013114112351
SP.POP.TOTL.FE.IN_delta1	9.01822962008912e-07	0.000494007311308207	0.000391466040321002
SE.PRM.ENRR.MA_lag1	9.01280788816923e-07	0.000655509701543583	0.00117439812096301
BX.KLT.DINV.WD.GD.ZS_tend2	8.92828220272891e-07	0.000370505483481156	0.00117439812096301
IT.MLT.MAIN	8.88025526451122e-07	0.000598508857931097	0.00137013114112351
NE.CON.PRVT.ZS_max2	8.81876508407212e-07	9.69014341412253e-05	0.000195733020160501
BX.GSR.MRCH.CD_tend2	8.73371188038723e-07	0.000676410010868161	0.000782932080642004
FM.LBL.BMNY.GD.ZS_min2	8.5723851726143e-07	0.00010450154662289	0.000195733020160501
BM.GSR.TRAN.ZS_isNA_rank	8.54816748535832e-07	0.000197602924523283	0.000782932080642004
NY.GSR.NFCY.CN_isNA_rank	8.28793549410738e-07	0.00147442182144296	0.00176159718144451
NE.RSB.GNFS.ZS_delta1	8.23799539766818e-07	0.000114001687224971	0.000391466040321002
NV.IND.TOTL.CD_isNA_rank	8.20362912147694e-07	0.000281204161821595	0.000391466040321002
TM.VAL.MRCH.RS.ZS_rank	8.17676560977535e-07	0.000446506608297803	0.000587199060481503
TM.VAL.SERV.CD.WT_lag1	8.1686656940689e-07	2.85004218062427e-05	0.000195733020160501
TM.VAL.MRCH.WR.ZS	7.98419830220513e-07	0.000653609673423167	0.000782932080642004
TX.VAL.MRCH.R3.ZS_rank	7.90410034705414e-07	0.00048260714258571	0.000195733020160501
FS.AST.PRVT.GD.ZS	7.82100610302231e-07	0.000589008717329017	0.000391466040321002
EG.ELC.NUCL.ZS_ratioavg2	7.8111683460616e-07	0.000102601518502474	0.000587199060481503
EN.GHG.CH4.TR.MT.CE.AR5_max2	7.78003895988783e-07	3.80005624083236e-05	0.000391466040321002
NE.CON.TOTL.KD.ZG_isNA_rank	7.66544737710084e-07	0.000131101940308717	0.000391466040321002
SP.POP.1564.FE.ZS_rank	7.63566501842429e-07	0.000180502671439537	0.000195733020160501
NV.AGR.TOTL.KD_isNA_rank	7.55338800524831e-07	0.00070681046079482	0.00156586416128401
EG.USE.ELEC.KH.PC_lag1	7.5392164617539e-07	0.000115901715345387	0.000195733020160501
SP.DYN.TO65.FE.ZS_rank	7.46961224475005e-07	0.00232373439126899	0.000587199060481503
BX.GSR.MRCH.CD_avg2	7.26090552328191e-07	0.00031350463986867	0.000195733020160501
urban_health_access_delta1	7.25788114389481e-07	0.00155422300250044	0.000391466040321002
IT.CEL.SETS.P2_max2	7.21796183686705e-07	0.00018430272768037	0.000195733020160501
EG.ELC.PETR.ZS_tend2	7.14988099299892e-07	0.000604208942292346	0.00117439812096301
BX.GRT.EXTA.CD.WD	7.11392422685276e-07	0.00323194783282793	0.000978665100802505
TX.VAL.TRVL.ZS.WT	7.03250649864496e-07	0.000376205567842404	0.000978665100802505
NE.TRD.GNFS.ZS_rank	7.0040200890675e-07	0.00169862513965207	0.000978665100802505
EG.USE.PCAP.KG.OE_isNA_rank	6.96501991821892e-07	0.000657409729663999	0.00137013114112351
BX.GSR.MRCH.CD_isNA_rank	6.84591596815116e-07	0.000727710770119398	0.00156586416128401
IT.MLT.MAIN_lag1	6.8263144803698e-07	0.000193802868282451	0.000195733020160501
DT.ODA.ODAT.GN.ZS_avg2	6.81217146500989e-07	0.00173282564581956	0.000978665100802505
BM.GSR.TRVL.ZS_ratiomax2	6.80649408668708e-07	0.000366705427240323	0.000391466040321002
SP.POP.1014.MA.5Y_lag1	6.71375236905702e-07	0.000714410573276485	0.000391466040321002
TM.VAL.FOOD.ZS.UN_lag1	6.548719214267e-07	7.79011529370635e-05	0.000195733020160501
SP.POP.5054.MA.5Y_lag1	6.50045282956534e-07	0.002278133716379	0.000782932080642004
DT.ODA.ALLD.KD_ratiomax2	6.44784586268223e-07	0.00160172370551084	0.000391466040321002
SP.POP.65UP.MA.ZS	6.41476875659833e-07	8.55012654187282e-05	0.000195733020160501
SP.POP.80UP.FE.5Y_delta1	6.40977644018371e-07	0.000146302165272046	0.000195733020160501
neonatal_risk_indicator	6.40499153864341e-07	0.000423706270852809	0.000782932080642004
BM.KLT.DINV.CD.WD_tend2	6.3135245451438e-07	0.000387605736564901	0.000978665100802505
DT.ODA.ODAT.GN.ZS_isNA_rank	6.29956962892432e-07	0.00176702615198705	0.00137013114112351
SE.ENR.PRIM.FM.ZS_isNA_rank	6.20238279101445e-07	0.00271324015595431	0.00117439812096301
SH.DYN.MORT_lag1	6.20148618401803e-07	5.89008717329017e-05	0.000391466040321002
SP.DYN.TFRT.IN	6.19675678941217e-07	0.00161312387423334	0.000782932080642004
SP.DYN.TO65.FE.ZS_lag1	6.19480384409046e-07	0.000815112063658542	0.000195733020160501
TX.VAL.MRCH.R3.ZS	6.14796048086302e-07	0.000799911838695213	0.00117439812096301
SE.PRM.ENRR.FE_rank	6.1097710262517e-07	0.000212803149486612	0.000391466040321002
AG.SRF.TOTL.K2_tend2	6.09779412002031e-07	6.46009560941502e-05	0.000195733020160501
BM.GSR.CMCP.ZS_rank	6.09362449240392e-07	8.55012654187282e-05	0.000195733020160501
NY.ADJ.DFOR.GN.ZS_rank	6.09293827829248e-07	0.000266003936858266	0.000978665100802505
BM.GSR.TRVL.ZS_min2	6.0897993239185e-07	0.000176702615198705	0.000195733020160501
NV.IND.MANF.KD_isNA_rank	6.07412003363673e-07	0.00056240832364319	0.00117439812096301
SH.DYN.MORT	6.06831920365914e-07	0.00170432522401332	0.000782932080642004
BX.GSR.TRVL.ZS	6.05835832359139e-07	0.000275504077460346	0.000587199060481503
SH.DTH.MORT_rank	6.04447786622096e-07	0.000769511388768554	0.000195733020160501
NY.GNP.PCAP.CN_delta1	6.04166333413726e-07	2.28003374449942e-05	0.000195733020160501
FI.RES.TOTL.MO_max2	6.00118035673759e-07	5.89008717329017e-05	0.000195733020160501
IS.AIR.GOOD.MT.K1_avg2	5.95865066923093e-07	0.000256503796256185	0.000391466040321002
SE.SEC.ENRR.MA_delta1	5.93279367630674e-07	0.000478807086344878	0.000782932080642004
FP.CPI.TOTL_rank	5.92375655092677e-07	0.000391405792805734	0.000782932080642004
neonatal_risk_indicator_delta1	5.86081762931316e-07	0.000146302165272046	0.000587199060481503
TX.VAL.FUEL.ZS.UN	5.80658320799529e-07	0.00152002249633295	0.000587199060481503
EN.GHG.CH4.WA.MT.CE.AR5_ratiomax2	5.79646011743558e-07	8.74012935391444e-05	0.000391466040321002
BX.GSR.TRVL.ZS_tend2	5.73553671039026e-07	0.000509207536271537	0.00137013114112351
BX.KLT.DINV.CD.WD_ratioavg2	5.67777875687305e-07	0.000326804836711583	0.000978665100802505
NY.ADJ.DRES.GN.ZS	5.60850463924256e-07	4.75007030104046e-05	0.000195733020160501
NY.GDP.PCAP.CN_delta1	5.54576406516907e-07	0.00118941760338053	0.00117439812096301
young_population_pressure_delta1	5.53823070066925e-07	0.000596608829810681	0.000782932080642004
EN.GHG.CO2.BU.MT.CE.AR5_avg2	5.51268614179814e-07	5.89008717329017e-05	0.000195733020160501
NY.ADJ.NNTY.PC.CD_delta1	5.4974827859216e-07	8.55012654187282e-05	0.000195733020160501
SP.POP.TOTL.FE.ZS	5.47579404045197e-07	0.00043320641145489	0.000782932080642004
IT.MLT.MAIN.P2_max2	5.45073332774908e-07	0.000402805961528231	0.000195733020160501
FM.AST.DOMS.CN_tend2	5.44093833098446e-07	0.00417246175243394	0.00176159718144451
TM.VAL.FOOD.ZS.UN_delta1	5.4217144964141e-07	0.000429406355214057	0.000782932080642004
TM.VAL.AGRI.ZS.UN_rank	5.39486006582464e-07	0.000159602362114959	0.000391466040321002
FP.CPI.TOTL_delta1	5.36263522959389e-07	0.000285004218062427	0.000391466040321002
NY.GDP.TOTL.RT.ZS_rank	5.33588730922172e-07	8.17012091778958e-05	0.000195733020160501
EN.GHG.CO2.FE.MT.CE.AR5_delta1	5.30426034653928e-07	0.000655509701543583	0.000978665100802505
SP.POP.GROW_rank	5.29112534679224e-07	0.000106401574743306	0.000195733020160501
NE.CON.TOTL.KD.ZG_ratioavg2	5.28705955855466e-07	0.000182402699559954	0.000391466040321002
TX.VAL.TRAN.ZS.WT	5.28411131080148e-07	0.00020900309324578	0.000978665100802505
EG.ELC.NUCL.ZS_ratiomax2	5.27243225205005e-07	2.47003655654104e-05	0.000195733020160501
NY.GDP.MKTP.CN_delta1	5.25803780556143e-07	0.00168152488656832	0.000587199060481503
SH.DTH.IMRT_lag1	5.25410669185634e-07	0.00016910250271704	0.000195733020160501
NE.CON.GOVT.CD_isNA_rank	5.22904356436013e-07	0.00115711712533346	0.00137013114112351
SM.POP.RHCR.EA_isNA_rank	5.19027904814296e-07	0.000245103627533688	0.000782932080642004
EN.GHG.CO2.IP.MT.CE.AR5_ratioavg2	5.12542989353814e-07	0.000841712457344369	0.00156586416128401
DT.ODA.ALLD.KD_tend2	5.10332317662281e-07	0.000296404386784924	0.000978665100802505
DC.DAC.DEUL.CD_lag1	5.08888904345987e-07	0.000427506327093641	0.000195733020160501
DC.DAC.CECL.CD_delta1	5.02375089101782e-07	0.000737210910721479	0.00117439812096301
NY.GDP.DEFL.KD.ZG_delta1	5.01672463734121e-07	0.000152002249633295	0.000587199060481503
FM.AST.DOMS.CN_delta1	4.98224562520179e-07	0.00410026068385812	0.00117439812096301
TX.VAL.MRCH.R6.ZS_delta1	4.95288378674708e-07	0.000106401574743306	0.000391466040321002
NV.IND.TOTL.KD_isNA_rank	4.92613530954965e-07	0.000507307508151121	0.00176159718144451
BM.GSR.INSF.ZS_delta1	4.92404389522252e-07	0.00117041732217637	0.00195733020160501
EN.GHG.N2O.MT.CE.AR5_ratioavg2	4.89628367007268e-07	0.000165302446476208	0.000587199060481503
EN.GHG.CO2.BU.MT.CE.AR5_ratioavg2	4.81710410060113e-07	0.000264103908737849	0.000195733020160501
TM.VAL.AGRI.ZS.UN_delta1	4.79494528951665e-07	0.000334404949193248	0.000782932080642004
ER.FSH.CAPT.MT_ratioavg2	4.68523852958004e-07	0.000361005342879075	0.000587199060481503
NE.RSB.GNFS.CD_isNA_rank	4.66397934852716e-07	0.000499707395669456	0.000782932080642004
urban_health_access_lag1	4.63087436160917e-07	0.00237503515052023	0.000587199060481503
DC.DAC.CANL.CD_tend2	4.61316511846216e-07	0.000218503233847861	0.000587199060481503
EN.GHG.N2O.TR.MT.CE.AR5_rank	4.58558542687327e-07	7.60011248166473e-05	0.000195733020160501
SE.SEC.ENRL.GC_isNA_rank	4.49999386475606e-07	0.00073151082636023	0.00137013114112351
TM.VAL.MRCH.HI.ZS_lag1	4.49670259730952e-07	0.00010450154662289	0.000195733020160501
NY.GDP.PCAP.KD.ZG_delta1	4.49482486068342e-07	0.000509207536271537	0.000782932080642004
EG.ELC.PETR.ZS_avg2	4.41300872684874e-07	0.000201402980764115	0.000391466040321002
FS.AST.CGOV.GD.ZS_max2	4.33732576847554e-07	0.00260303852497017	0.000978665100802505
AG.PRD.LVSK.XD_tend2	4.32598897597845e-07	0.000488307226946959	0.00117439812096301
FS.AST.CGOV.GD.ZS_avg2	4.32005225002839e-07	0.000112101659104555	0.000195733020160501
IS.AIR.GOOD.MT.K1_min2	4.3132995551594e-07	0.000119701771586219	0.000391466040321002
SE.PRM.ENRR	4.30959529244025e-07	0.000634609392219005	0.00137013114112351
NY.GDP.MINR.RT.ZS_isNA_rank	4.30763704411228e-07	0.00206343053877197	0.00215306322176551
FM.AST.DOMS.CN_ratiomax2	4.29809730707012e-07	0.00105451560683098	0.000587199060481503
SP.POP.1519.MA.5Y_rank	4.2789353446795e-07	0.00024890368377452	0.000587199060481503
EN.GHG.ALL.PC.CE.AR5_min2	4.25596911406175e-07	0.000832212316742288	0.000391466040321002
MS.MIL.MPRT.KD_delta1	4.20752907423701e-07	0.00020900309324578	0.000587199060481503
EG.ELC.NUCL.ZS_tend2	4.19383370690477e-07	0.00205013034192906	0.00117439812096301
SP.POP.TOTL.MA.ZS_delta1	4.18697744592967e-07	0.000224203318209109	0.000587199060481503
BM.GSR.INSF.ZS_tend2	4.18299587042501e-07	0.000389505764685317	0.000587199060481503
SP.DYN.TFRT.IN_delta1	4.16487381780411e-07	0.0001292019121883	0.000391466040321002
SP.POP.65UP.FE.ZS_lag1	4.14652711690152e-07	8.17012091778958e-05	0.000195733020160501
NE.CON.PRVT.KD_isNA_rank	4.14497793651943e-07	0.00230853416630566	0.00156586416128401
PA.NUS.FCRF_isNA_rank	4.12891501154296e-07	0.000326804836711583	0.000587199060481503
TX.VAL.MRCH.R3.ZS_lag1	4.11097752327568e-07	0.00158652348054751	0.000782932080642004
DT.ODA.ALLD.CD_delta1	4.09667685769763e-07	5.51008154920693e-05	0.000195733020160501
AG.PRD.CREL.MT_max2	4.081168170572e-07	4.94007311308207e-05	0.000195733020160501
EN.GHG.N2O.BU.MT.CE.AR5_delta1	4.04560962103978e-07	3.23004780470751e-05	0.000195733020160501
NE.CON.PRVT.KD.ZG	4.0438898335825e-07	5.70008436124855e-05	0.000391466040321002
IT.MLT.MAIN.P2	3.9996569858782e-07	0.00188102783921202	0.00117439812096301
TM.VAL.MANF.ZS.UN_delta1	3.9654112840995e-07	0.000321104752350335	0.000782932080642004
EG.USE.ELEC.KH.PC_tend2	3.95211661446173e-07	0.000146302165272046	0.000782932080642004
TX.VAL.MMTL.ZS.UN_rank	3.95158414037865e-07	0.00018430272768037	0.000782932080642004
EN.GHG.CO2.RT.GDP.KD_tend2	3.93042865885592e-07	0.00381905652203653	0.00215306322176551
AG.LND.AGRI.K2_lag1	3.92583549595522e-07	0.000110201630984139	0.000195733020160501
NY.ADJ.DKAP.GN.ZS	3.90959066215479e-07	0.000311604611748254	0.000978665100802505
NE.IMP.GNFS.CD_isNA_rank	3.89083979293529e-07	0.000866412822909779	0.000978665100802505
NV.SRV.TOTL.KD_lag1	3.8821968716043e-07	0.000216603205727445	0.000195733020160501
SE.TER.ENRR_delta1	3.86180948255496e-07	0.000573808492365687	0.00137013114112351
AG.LND.AGRI.ZS_ratioavg2	3.82084420652536e-07	0.00073151082636023	0.000978665100802505
SE.PRM.ENRR.MA_isNA_rank	3.79617740036999e-07	8.17012091778958e-05	0.000195733020160501
TM.VAL.MMTL.ZS.UN_rank	3.71828048263142e-07	0.00202733000448407	0.00137013114112351
BM.GSR.NFSV.CD_isNA_rank	3.7153525499721e-07	0.000159602362114959	0.000587199060481503
BX.GSR.TRAN.ZS_ratioavg2	3.71503126292876e-07	0.000374305539721988	0.000782932080642004
NY.GDS.TOTL.CD_isNA_rank	3.69823688418696e-07	6.08008998533178e-05	0.000391466040321002
NY.GDP.DEFL.KD.ZG	3.67893526332343e-07	0.000330604892952416	0.000782932080642004
AG.PRD.CROP.XD_avg2	3.64580817699429e-07	0.000628909307857756	0.000391466040321002
NE.CON.PRVT.KD.ZG_ratioavg2	3.64061125436408e-07	6.84010123349826e-05	0.000391466040321002
ER.H2O.INTR.PC_ratioavg2	3.62285812857808e-07	0.000611809054774011	0.000587199060481503
SE.PRM.ENRL.FE.ZS_delta1	3.61050439128583e-07	0.000359105314758658	0.00117439812096301
AG.LND.AGRI.K2_delta1	3.54060860992568e-07	0.00039330582092615	0.000782932080642004
AG.PRD.CREL.MT_ratioavg2	3.51969071578346e-07	0.000484507170706127	0.000391466040321002
DT.ODA.ODAT.GN.ZS_ratiomax2	3.51045089221835e-07	0.000788511669972716	0.000195733020160501
FM.AST.PRVT.GD.ZS	3.50447954269121e-07	0.000535807929957363	0.000391466040321002
DT.NFL.UNDP.CD_delta1	3.45976841469846e-07	0.00096521428517142	0.00137013114112351
EN.GHG.CO2.IC.MT.CE.AR5_ratioavg2	3.44045616551109e-07	0.000309704583627838	0.000587199060481503
NE.GDI.FTOT.ZS	3.41890970767203e-07	0.000463606861381549	0.000195733020160501
EN.GHG.N2O.IP.MT.CE.AR5_delta1	3.41589872428067e-07	0.000260303852497017	0.000782932080642004
EG.USE.PCAP.KG.OE_ratioavg2	3.40041191791283e-07	0.00020900309324578	0.000195733020160501
TM.VAL.TRVL.ZS.WT_delta1	3.37562841721302e-07	0.000972814397653085	0.000978665100802505
EN.GHG.N2O.FE.MT.CE.AR5_ratioavg2	3.36370446462893e-07	0.000560508295522774	0.000978665100802505
TX.VAL.OTHR.ZS.WT_delta1	3.35678662015766e-07	0.000380005624083236	0.000587199060481503
NE.CON.PRVT.ZS_tend2	3.35453323898103e-07	0.000180502671439537	0.000782932080642004
TM.VAL.MRCH.HI.ZS	3.3514202199168e-07	0.00048260714258571	0.000587199060481503
TM.VAL.MRCH.R5.ZS_lag1	3.32098644971708e-07	0.000729610798239814	0.000978665100802505
SE.PRM.ENRR.FE_isNA_rank	3.26039024395737e-07	0.000507307508151121	0.000587199060481503
EN.POP.DNST	3.24830135046088e-07	0.00142502109031214	0.00117439812096301
BX.GSR.CMCP.ZS_isNA_rank	3.24141215134887e-07	0.000454106720779468	0.00137013114112351
FI.RES.TOTL.MO_ratioavg2	3.17440432280466e-07	0.000315404667989086	0.000978665100802505
EN.GHG.N2O.IP.MT.CE.AR5_rank	3.17257226835948e-07	4.56006748899884e-05	0.000195733020160501
NV.IND.TOTL.KD.ZG_lag1	3.17135154593877e-07	0.000769511388768554	0.00156586416128401
SP.POP.7074.FE.5Y_delta1	3.14864519457267e-07	0.00227053360389734	0.00156586416128401
BX.TRF.PWKR.DT.GD.ZS_isNA_rank	3.13997284980639e-07	0.000247003655654104	0.000391466040321002
SP.POP.3539.MA.5Y	3.13107898114631e-07	6.65009842145664e-05	0.000391466040321002
TX.VAL.MRCH.WR.ZS_delta1	3.12229188111646e-07	0.000885413104113941	0.000978665100802505
IS.AIR.PSGR	3.1161609528269e-07	0.00105831566307181	0.000782932080642004
FP.CPI.TOTL.ZG	3.10852953658148e-07	0.000250803711894936	0.000587199060481503
FS.AST.CGOV.GD.ZS_delta1	3.0849189336823e-07	0.000142502109031214	0.000782932080642004
SH.IMM.MEAS	3.057019910048e-07	0.000171002530837456	0.000782932080642004
IT.MLT.MAIN.P2_ratioavg2	3.05316794695838e-07	0.000427506327093641	0.000978665100802505
BX.TRF.CURR.CD_isNA_rank	3.02967583324676e-07	0.000218503233847861	0.000782932080642004
FI.RES.XGLD.CD	3.02871658060315e-07	0.000340105033554497	0.000587199060481503
SE.ENR.PRIM.FM.ZS_lag1	2.98905951554995e-07	0.000222303290088693	0.000782932080642004
NV.IND.MANF.ZS_delta1	2.95920091932283e-07	0.000989914650736831	0.000978665100802505
DT.ODA.ODAT.KD_tend2	2.90970472590374e-07	0.000267903964978682	0.000587199060481503
AG.CON.FERT.ZS_tend2	2.89806290237377e-07	0.00140982086534881	0.00117439812096301
BX.GSR.MRCH.CD_ratioavg2	2.89113762065177e-07	0.000125401855947468	0.000391466040321002
SE.SEC.ENRR_delta1	2.87094365331444e-07	0.000475007030104046	0.00156586416128401
SP.POP.5054.MA.5Y_rank	2.83786764309732e-07	0.00238643531924273	0.000782932080642004
DC.DAC.USAL.CD	2.83467674878547e-07	0.000245103627533688	0.000782932080642004
TM.VAL.TRAN.ZS.WT	2.83210184035986e-07	8.93013216595606e-05	0.000391466040321002
DT.ODA.ALLD.KD_lag1	2.83103201049582e-07	0.000108301602863722	0.000195733020160501
AG.LND.AGRI.K2_ratiomax2	2.78009162592934e-07	0.000191902840162034	0.000391466040321002
NE.CON.PRVT.CD_isNA_rank	2.76853094887712e-07	0.000948114032087675	0.00117439812096301
NY.GDP.PCAP.CD_lag1	2.7676968451673e-07	0.000271704021219514	0.000391466040321002
IS.AIR.PSGR_lag1	2.76403437509665e-07	5.70008436124855e-05	0.000195733020160501
IS.AIR.PSGR_rank	2.75314896491863e-07	2.85004218062427e-05	0.000195733020160501
TX.VAL.SERV.CD.WT_isNA_rank	2.73782342520278e-07	0.00138322047166298	0.00176159718144451
MS.MIL.XPND.CD_rank	2.64307554470001e-07	0.000152002249633295	0.000195733020160501
PA.NUS.ATLS_delta1	2.62034932184893e-07	0.000988014622616415	0.000978665100802505
NY.ADJ.NNTY.CD_isNA_rank	2.58920449360419e-07	0.00234083464435274	0.00176159718144451
BM.GSR.INSF.ZS_max2	2.58896109440254e-07	8.93013216595606e-05	0.000391466040321002
DT.ODA.ODAT.KD_avg2	2.58523851562649e-07	9.88014622616415e-05	0.000195733020160501
DT.ODA.ODAT.PC.ZS_ratiomax2	2.57100583220396e-07	0.000799911838695213	0.000195733020160501
TX.VAL.MRCH.R5.ZS_delta1	2.55328605029992e-07	0.000699210348313155	0.00156586416128401
BX.GRT.EXTA.CD.WD_tend2	2.53857513255625e-07	0.000589008717329017	0.000587199060481503
NE.RSB.GNFS.CN	2.46914825344757e-07	0.0016910250271704	0.000587199060481503
SP.POP.3539.MA.5Y_lag1	2.44217696763226e-07	0.000834112344862704	0.000391466040321002
BX.KLT.DINV.WD.GD.ZS_ratiomax2	2.44120376607905e-07	8.74012935391444e-05	0.000195733020160501
AG.LND.AGRI.ZS_avg2	2.43172010390825e-07	0.000112101659104555	0.000195733020160501
DC.DAC.CANL.CD_rank	2.42461120318306e-07	9.88014622616415e-05	0.000391466040321002
NE.EXP.GNFS.CN_lag1	2.40667541688949e-07	0.000815112063658542	0.000195733020160501
NV.SRV.TOTL.KD.ZG_isNA_rank	2.39562848054429e-07	7.41010966962311e-05	0.000391466040321002
TX.VAL.MANF.ZS.UN	2.37749253833037e-07	0.0011628172096947	0.000587199060481503
EG.ELC.NGAS.ZS	2.36570848277147e-07	0.000190002812041618	0.000391466040321002
IS.AIR.DPRT_ratiomax2	2.36379008787109e-07	3.99005905287398e-05	0.000195733020160501
BX.GSR.TRAN.ZS	2.360262140796e-07	0.000342005061674913	0.000782932080642004
DC.DAC.TOTL.CD_delta1	2.34623075002496e-07	9.31013779003929e-05	0.000587199060481503
BM.GSR.TRVL.ZS_isNA_rank	2.34474390129142e-07	0.000326804836711583	0.000978665100802505
IT.MLT.MAIN.P2_isNA_rank	2.34106904993464e-07	0.000644109532821086	0.000978665100802505
TM.VAL.MRCH.OR.ZS_delta1	2.31748252969187e-07	0.000319204724229919	0.000782932080642004
EN.GHG.CH4.BU.MT.CE.AR5_ratioavg2	2.30508381158221e-07	0.000133001968429133	0.000391466040321002
AG.LND.AGRI.ZS_tend2	2.30363508908447e-07	0.000140602080910798	0.000587199060481503
DC.DAC.DEUL.CD_tend2	2.29777891269053e-07	0.00081131200741771	0.000978665100802505
NE.TRD.GNFS.ZS	2.28607705628487e-07	0.00127491886879926	0.000587199060481503
DT.ODA.ODAT.CD_isNA_rank	2.26684535747009e-07	0.000131101940308717	0.000391466040321002
SH.IMM.MEAS_delta1	2.25837305280782e-07	8.93013216595606e-05	0.000195733020160501
DT.ODA.ALLD.CD_ratiomax2	2.2473165835565e-07	0.00157512331182501	0.000391466040321002
SE.SEC.ENRR_rank	2.2378171584418e-07	0.000402805961528231	0.000782932080642004
BX.GSR.NFSV.CD	2.22650504425722e-07	9.69014341412253e-05	0.000391466040321002
NY.GNP.MKTP.CN	2.22213745714876e-07	0.000803711894936045	0.000195733020160501
BX.KLT.DINV.CD.WD_delta1	2.19003418423969e-07	6.84010123349826e-05	0.000391466040321002
EG.ELC.COAL.ZS_tend2	2.18959197660029e-07	0.0004579067770203	0.000782932080642004
EN.GHG.N2O.MT.CE.AR5_tend2	2.18418961136204e-07	0.000216603205727445	0.000391466040321002
TX.VAL.MMTL.ZS.UN_lag1	2.18317952395512e-07	0.000374305539721988	0.000587199060481503
NE.IMP.GNFS.KD.ZG_isNA_rank	2.16905584000532e-07	0.000182402699559954	0.000587199060481503
IT.MLT.MAIN_isNA_rank	2.15337940410463e-07	0.000218503233847861	0.000391466040321002
NV.SRV.TOTL.CD_isNA_rank	2.13209145913332e-07	0.000228003374449942	0.000782932080642004
DC.DAC.GBRL.CD_ratiomax2	2.12847691882374e-07	0.000172902558957873	0.000587199060481503
EN.GHG.N2O.MT.CE.AR5	2.12339607348623e-07	0.000535807929957363	0.000195733020160501
SP.URB.GROW	2.12258943715236e-07	0.000193802868282451	0.000587199060481503
young_population_pressure	2.11826515825503e-07	0.000271704021219514	0.000391466040321002
BX.GRT.EXTA.CD.WD_max2	2.11692375330066e-07	0.000153902277753711	0.000195733020160501
private_consumption_capacity_rank	2.09617303289328e-07	0.000245103627533688	0.000391466040321002
TX.VAL.MRCH.RS.ZS_delta1	2.08787611688437e-07	0.000917713582161016	0.000391466040321002
BM.GSR.TRVL.ZS_ratioavg2	2.05208927108001e-07	0.000431306383334473	0.000391466040321002
NE.CON.GOVT.CD_delta1	2.02691793967998e-07	0.000140602080910798	0.000782932080642004
EN.GHG.CH4.WA.MT.CE.AR5_tend2	2.02401259124948e-07	2.85004218062427e-05	0.000195733020160501
IT.MLT.MAIN_ratioavg2	2.02003097565612e-07	0.000222303290088693	0.000587199060481503
DC.DAC.CANL.CD_ratioavg2	2.01983265650876e-07	0.000805611923056461	0.00137013114112351
EN.GHG.CH4.IC.MT.CE.AR5_ratioavg2	2.01812414508143e-07	0.000461706833261132	0.00117439812096301
NE.GDI.FTOT.CD_lag1	2.01394298800264e-07	0.000127301884067884	0.000391466040321002
PA.NUS.FCRF_lag1	2.0126208282391e-07	0.000269803993099098	0.000391466040321002
NE.CON.PRVT.KD_max2	1.99889884519136e-07	0.00035340523039741	0.000195733020160501
BX.TRF.CURR.CD_delta1	1.98830621580359e-07	0.000266003936858266	0.000782932080642004
FM.LBL.BMNY.GD.ZS_delta1	1.98364873984359e-07	0.00016910250271704	0.000587199060481503
EN.GHG.N2O.IP.MT.CE.AR5_tend2	1.97990296920092e-07	9.69014341412253e-05	0.000391466040321002
FM.LBL.BMNY.GD.ZS_max2	1.97768551354533e-07	0.000152002249633295	0.000195733020160501
EN.GHG.CO2.FE.MT.CE.AR5_tend2	1.94791464603871e-07	0.000767611360648138	0.000782932080642004
FM.AST.NFRG.CN_ratioavg2	1.94738008034432e-07	0.000501607423789872	0.00117439812096301
DC.DAC.USAL.CD_tend2	1.89640839822369e-07	0.000119701771586219	0.000587199060481503
NE.TRD.GNFS.ZS_lag1	1.89294872204894e-07	0.000345805117915745	0.000587199060481503
TM.VAL.MRCH.WR.ZS_delta1	1.88959347327508e-07	0.000611809054774011	0.000782932080642004
SP.POP.1014.MA.5Y	1.86243901947492e-07	4.75007030104046e-05	0.000195733020160501
SP.POP.7074.FE.5Y_rank	1.84960440536987e-07	4.56006748899884e-05	0.000195733020160501
NE.RSB.GNFS.ZS	1.84544575111779e-07	0.000452206692659051	0.000782932080642004
TM.VAL.MRCH.R2.ZS_delta1	1.8415536192484e-07	0.000634609392219005	0.00215306322176551
BM.KLT.DINV.WD.GD.ZS_isNA_rank	1.84084434488539e-07	0.00033820500543408	0.00117439812096301
BX.GRT.TECH.CD.WD_ratioavg2	1.82805856772185e-07	6.08008998533178e-05	0.000391466040321002
SG.LAW.INDX	1.79314370790168e-07	0.000780911557491051	0.000195733020160501
AG.PRD.CROP.XD_tend2	1.79250902549283e-07	0.00031350463986867	0.000782932080642004
DC.DAC.FRAL.CD_ratioavg2	1.79123327881466e-07	0.000655509701543583	0.00156586416128401
TM.VAL.INSF.ZS.WT_delta1	1.77962520025781e-07	0.000414206130250728	0.000782932080642004
FM.LBL.BMNY.GD.ZS	1.77945759730439e-07	0.000119701771586219	0.000391466040321002
MS.MIL.MPRT.KD_tend2	1.76795989397317e-07	0.000277404105580763	0.000782932080642004
AG.LND.CROP.ZS_ratiomax2	1.76544802327985e-07	7.98011810574797e-05	0.000195733020160501
NY.GNP.PCAP.CN_isNA_rank	1.76124050122367e-07	0.000362905370999491	0.000782932080642004
SM.POP.NETM_delta1	1.73590177482528e-07	0.000214703177607029	0.000391466040321002
EN.GHG.N2O.WA.MT.CE.AR5_tend2	1.73382277004181e-07	0.000513007592512369	0.000782932080642004
SP.POP.6569.MA.5Y_delta1	1.73277177419403e-07	0.000524407761234866	0.000978665100802505
NY.GSR.NFCY.CD_delta1	1.73141135727365e-07	0.000676410010868161	0.00137013114112351
EN.GHG.ALL.PC.CE.AR5_ratioavg2	1.69777066634312e-07	0.000250803711894936	0.000391466040321002
SH.IMM.IDPT	1.69515177366876e-07	0.000429406355214057	0.000195733020160501
TM.VAL.MRCH.R3.ZS_lag1	1.68856594709297e-07	0.000199502952643699	0.000391466040321002
AG.LND.CROP.ZS_ratioavg2	1.68214826805646e-07	0.000264103908737849	0.000391466040321002
NE.CON.PRVT.KD.ZG_avg2	1.67729119149856e-07	4.94007311308207e-05	0.000391466040321002
DC.DAC.GBRL.CD_tend2	1.67568046262648e-07	0.000575708520486103	0.000978665100802505
TM.VAL.MRCH.R5.ZS_delta1	1.67217442059919e-07	0.000416106158371144	0.000978665100802505
FM.AST.DOMS.CN_lag1	1.65808128265004e-07	5.13007592512369e-05	0.000195733020160501
NE.CON.PRVT.KD_min2	1.65769986940842e-07	0.000332504921072832	0.000195733020160501
EN.GHG.N2O.MT.CE.AR5_ratiomax2	1.59930059650035e-07	9.12013497799767e-05	0.000391466040321002
SP.POP.0014.MA.ZS_delta1	1.57726878773781e-07	8.93013216595606e-05	0.000391466040321002
NY.ADJ.DMIN.GN.ZS_lag1	1.55010705657227e-07	4.56006748899884e-05	0.000195733020160501
YearsSinceFirst_rank	1.54770367554746e-07	0.00133001968429133	0.00117439812096301
NE.CON.TOTL.KD.ZG_ratiomax2	1.54641967173924e-07	7.98011810574797e-05	0.000195733020160501
NY.ADJ.DRES.GN.ZS_rank	1.5310859731964e-07	7.98011810574797e-05	0.000391466040321002
BM.GSR.TRAN.ZS_tend2	1.52291494682337e-07	0.000290704302423676	0.000978665100802505
DC.DAC.DEUL.CD_isNA_rank	1.50810764383215e-07	0.00273224043715847	0.00117439812096301
EN.GHG.CO2.TR.MT.CE.AR5_delta1	1.50548324357399e-07	0.000269803993099098	0.000587199060481503
FM.LBL.BMNY.GD.ZS_ratiomax2	1.49965315782334e-07	2.0900309324578e-05	0.000195733020160501
BX.GSR.FCTY.CD_tend2	1.4968354460767e-07	0.000163402418355792	0.000587199060481503
SP.POP.0509.FE.5Y_delta1	1.49657103763835e-07	0.000950014060208091	0.00117439812096301
FI.RES.XGLD.CD_lag1	1.49315542123587e-07	7.03010404553988e-05	0.000195733020160501
NE.CON.PRVT.KD.ZG_delta1	1.48725420244734e-07	0.000108301602863722	0.000391466040321002
NY.ADJ.DNGY.CD_delta1	1.48687862990951e-07	0.000123501827827052	0.000391466040321002
BX.GSR.TRAN.ZS_tend2	1.48670219992959e-07	0.00094051391960601	0.000978665100802505
IS.AIR.GOOD.MT.K1_ratioavg2	1.48148139195328e-07	0.000229903402570358	0.000782932080642004
TX.VAL.AGRI.ZS.UN_isNA_rank	1.47429053455641e-07	0.000678310038988577	0.000782932080642004
BG.GSR.NFSV.GD.ZS_delta1	1.46303536184505e-07	0.000647909589061918	0.00117439812096301
FS.AST.CGOV.GD.ZS_min2	1.4621100423098e-07	0.000402805961528231	0.000978665100802505
IT.MLT.MAIN.P2_min2	1.45634578276293e-07	0.000463606861381549	0.000195733020160501
DT.ODA.ODAT.CD_ratiomax2	1.43749801583814e-07	0.000780911557491051	0.000195733020160501
BX.GRT.TECH.CD.WD_avg2	1.41245299439304e-07	0.000125401855947468	0.000195733020160501
TX.VAL.MRCH.R5.ZS	1.41086630861938e-07	5.32007873716531e-05	0.000195733020160501
NV.SRV.TOTL.KD.ZG	1.4006194442358e-07	0.000459806805140716	0.000782932080642004
BM.GSR.TRVL.ZS_tend2	1.39979037993536e-07	0.000140602080910798	0.000587199060481503
SE.PRM.TCHR_isNA_rank	1.39055935596335e-07	0.000146302165272046	0.000195733020160501
DC.DAC.TOTL.CD	1.38531314202576e-07	0.0047899708915692	0.00156586416128401
BG.GSR.NFSV.GD.ZS_tend2	1.38010265357392e-07	0.000399005905287398	0.00137013114112351
FM.AST.PRVT.GD.ZS_isNA_rank	1.37651138953362e-07	0.000632709364098589	0.000587199060481503
NV.SRV.TOTL.CD_delta1	1.37141885364407e-07	0.000191902840162034	0.000391466040321002
SP.POP.4044.FE.5Y_lag1	1.33782366629153e-07	7.98011810574797e-05	0.000195733020160501
NE.CON.TOTL.KD.ZG_avg2	1.33352321527097e-07	0.000324904808591167	0.000587199060481503
TM.VAL.MRCH.AL.ZS	1.33182699470566e-07	0.000220403261968277	0.000391466040321002
NY.GDP.MINR.RT.ZS_delta1	1.29087810887346e-07	0.00014440213715163	0.000587199060481503
TM.VAL.INSF.ZS.WT_isNA_rank	1.28304813270352e-07	0.00074671105132356	0.000782932080642004
AG.PRD.LVSK.XD_delta1	1.26866525066306e-07	0.00115521709721304	0.000978665100802505
IS.AIR.PSGR_ratiomax2	1.25545830446935e-07	0.000298304414905341	0.000195733020160501
FM.AST.NFRG.CN_isNA_rank	1.24921339288913e-07	0.000247003655654104	0.000587199060481503
NY.GDP.MKTP.KD_isNA_rank	1.24145369981121e-07	0.000220403261968277	0.000587199060481503
private_consumption_capacity_lag1	1.23209936618905e-07	0.000708710488915236	0.000978665100802505
SP.ADO.TFRT_delta1	1.22966773436439e-07	0.000115901715345387	0.000391466040321002
SE.SEC.ENRL.GC_delta1	1.22632695238741e-07	0.000858812710428114	0.000587199060481503
BG.GSR.NFSV.GD.ZS_isNA_rank	1.2123321613788e-07	0.00189242800793452	0.00176159718144451
NE.EXP.GNFS.KD_delta1	1.21129643953152e-07	0.000416106158371144	0.000978665100802505
NE.EXP.GNFS.CN	1.20325835534458e-07	0.000277404105580763	0.000587199060481503
EN.GHG.CO2.PC.CE.AR5_tend2	1.18788877912587e-07	0.000665009842145664	0.000782932080642004
NY.GDP.FCST.CD	1.18617469781804e-07	0.00010450154662289	0.000195733020160501
NE.RSB.GNFS.CD_delta1	1.18425715727245e-07	0.00156942322746377	0.000978665100802505
DC.DAC.JPNL.CD_rank	1.17872250845408e-07	1.90002812041618e-05	0.000195733020160501
FD.AST.PRVT.GD.ZS_max2	1.16120333377449e-07	8.3601237298312e-05	0.000195733020160501
NY.GDP.COAL.RT.ZS_isNA_rank	1.15492942377273e-07	8.3601237298312e-05	0.000391466040321002
NE.EXP.GNFS.KD.ZG	1.15199012698629e-07	0.000216603205727445	0.000978665100802505
FI.RES.TOTL.MO_avg2	1.12491364465481e-07	4.37006467695722e-05	0.000195733020160501
BM.GSR.CMCP.ZS_tend2	1.12435203276848e-07	0.000123501827827052	0.000587199060481503
BM.GSR.TRVL.ZS_lag1	1.12287765709237e-07	8.93013216595606e-05	0.000195733020160501
BM.TRF.PWKR.CD.DT_delta1	1.12181200755759e-07	3.61005342879075e-05	0.000195733020160501
NE.CON.TOTL.CD_isNA_rank	1.1198688233047e-07	0.000788511669972716	0.000391466040321002
TX.VAL.MRCH.R3.ZS_delta1	1.11885913890765e-07	0.00112101659104555	0.000587199060481503
TX.VAL.TRAN.ZS.WT_lag1	1.11185558541909e-07	0.000146302165272046	0.000587199060481503
BM.GSR.CMCP.ZS_max2	1.09865967198793e-07	0.000178602643319121	0.000195733020160501
NY.GNP.PCAP.CN_rank	1.09201144354712e-07	3.23004780470751e-05	0.000195733020160501
BM.KLT.DINV.WD.GD.ZS	1.08420847622325e-07	0.000112101659104555	0.000587199060481503
BM.GSR.CMCP.ZS_isNA_rank	1.0817180097955e-07	0.000292604330544092	0.000782932080642004
SP.DYN.LE00.MA.IN_delta1	1.0800584817845e-07	0.000488307226946959	0.000782932080642004
AG.PRD.CREL.MT	1.06398848425428e-07	0.000235603486931607	0.000587199060481503
BM.TRF.PWKR.CD.DT_avg2	1.05539292972791e-07	2.47003655654104e-05	0.000195733020160501
NY.GDP.PCAP.KN_isNA_rank	1.05345832805024e-07	0.000182402699559954	0.000978665100802505
BX.KLT.DINV.CD.WD	1.05159450510304e-07	0.000231803430690774	0.000587199060481503
NV.AGR.TOTL.KD_delta1	1.04753495090393e-07	0.000302104471146173	0.000782932080642004
FP.CPI.TOTL.ZG_tend2	1.0440686532346e-07	0.000216603205727445	0.000978665100802505
AG.LND.CREL.HA_delta1	1.03233877833537e-07	0.00121031791270511	0.000782932080642004
consumption_vs_income	1.02608105265925e-07	0.000913913525920184	0.000978665100802505
EG.USE.ELEC.KH.PC_isNA_rank	1.0237268101789e-07	0.000210903121366196	0.000391466040321002
EN.GHG.CO2.PC.CE.AR5_ratioavg2	1.01782213690344e-07	3.42005061674913e-05	0.000195733020160501
DC.DAC.GBRL.CD_ratioavg2	1.00647666058878e-07	0.000298304414905341	0.000978665100802505
SP.DYN.TO65.MA.ZS_delta1	1.0021390467677e-07	0.000262203880617433	0.000782932080642004
FM.AST.PRVT.GD.ZS_ratioavg2	9.97098907059764e-08	8.3601237298312e-05	0.000195733020160501
BX.PEF.TOTL.CD.WD_lag1	9.96612470557036e-08	0.000136802024669965	0.000587199060481503
EN.GHG.N2O.WA.MT.CE.AR5_ratioavg2	9.86523642367838e-08	0.00239213540360397	0.00215306322176551
NE.CON.TOTL.CD_rank	9.79398055270559e-08	0.000685910151470242	0.000195733020160501
NY.GDP.FCST.CN_delta1	9.63459985625057e-08	0.00114001687224971	0.000587199060481503
AG.LND.CREL.HA_min2	9.51835660447158e-08	0.000281204161821595	0.000391466040321002
AG.CON.FERT.ZS_lag1	9.31520618854008e-08	0.000543408042439028	0.000391466040321002
TM.VAL.TRVL.ZS.WT_rank	9.31159208487896e-08	0.000245103627533688	0.000391466040321002
private_consumption_capacity	9.28279818595742e-08	0.000229903402570358	0.000195733020160501
SP.POP.3034.MA.5Y_lag1	9.25638435749965e-08	3.42005061674913e-05	0.000195733020160501
FS.AST.CGOV.GD.ZS_tend2	9.25437133300837e-08	0.000651709645302751	0.00117439812096301
NY.ADJ.AEDU.GN.ZS_lag1	9.2362502196552e-08	6.65009842145664e-05	0.000391466040321002
EG.USE.PCAP.KG.OE	9.22789541359758e-08	0.000205203037004948	0.000195733020160501
SP.POP.65UP.MA.ZS_delta1	9.2197243330109e-08	0.000275504077460346	0.000391466040321002
NY.GDP.FCST.KD	9.16785647969331e-08	0.000121601799706636	0.000391466040321002
NY.ADJ.DMIN.GN.ZS	9.14428548414832e-08	8.93013216595606e-05	0.000195733020160501
EG.ELC.NGAS.ZS_ratioavg2	9.13083574504359e-08	0.000469306945742797	0.000587199060481503
EG.ELC.NUCL.ZS_lag1	8.95404538808475e-08	0.000689710207711074	0.000195733020160501
EN.GHG.N2O.TR.MT.CE.AR5_ratioavg2	8.92398276739772e-08	0.000167202474596624	0.000782932080642004
NY.ADJ.DKAP.CD_isNA_rank	8.88181005616887e-08	0.000583308632967768	0.000782932080642004
BM.KLT.DINV.CD.WD_ratioavg2	8.83882537640021e-08	0.000165302446476208	0.000782932080642004
private_consumption_capacity_delta1	8.82123561514648e-08	0.000201402980764115	0.000587199060481503
FI.RES.TOTL.MO_delta1	8.8080769808629e-08	0.00086071273854853	0.00117439812096301
SH.MMR.RISK_delta1	8.8058556290098e-08	0.000245103627533688	0.000587199060481503
IS.AIR.DPRT_ratioavg2	8.79978920050636e-08	0.000332504921072832	0.000391466040321002
EN.GHG.CO2.RT.GDP.KD_ratiomax2	8.75842254330457e-08	0.000744811023203143	0.000587199060481503
AG.PRD.CROP.XD_max2	8.72761283736008e-08	0.00020900309324578	0.000391466040321002
TX.VAL.MRCH.HI.ZS_rank	8.67906604662254e-08	7.79011529370635e-05	0.000391466040321002
DT.ODA.ODAT.GN.ZS_ratioavg2	8.61528627006736e-08	0.000368605455360739	0.000782932080642004
BM.GSR.TRAN.ZS_ratioavg2	8.58643549284701e-08	0.000355305258517826	0.000978665100802505
BX.GSR.CMCP.ZS_tend2	8.50381230340871e-08	0.000201402980764115	0.000782932080642004
AG.CON.FERT.ZS_avg2	8.43745984126072e-08	0.000611809054774011	0.000587199060481503
TX.VAL.OTHR.ZS.WT_lag1	8.41406248614234e-08	0.000279304133701179	0.000782932080642004
SP.POP.1519.FE.5Y	8.27435060463111e-08	0.000207103065125364	0.000195733020160501
SP.DYN.AMRT.FE_delta1	8.27320341777413e-08	0.000526307789355283	0.000587199060481503
BM.KLT.DINV.CD.WD_isNA_rank	8.15911564826946e-08	0.000347705146036161	0.000391466040321002
BX.PEF.TOTL.CD.WD_min2	8.14940840118823e-08	0.000121601799706636	0.000391466040321002
NV.IND.MANF.ZS_isNA_rank	7.99915702129435e-08	0.000630809335978173	0.00137013114112351
MS.MIL.MPRT.KD	7.94179317111957e-08	0.00037810559596282	0.000978665100802505
NE.GDI.TOTL.CD_lag1	7.9391885259381e-08	3.42005061674913e-05	0.000195733020160501
NY.ADJ.DMIN.GN.ZS_isNA_rank	7.88939397876606e-08	0.000473107001983629	0.000978665100802505
NV.IND.MANF.CD_delta1	7.78831291837758e-08	0.00152572258069419	0.000391466040321002
DC.DAC.DEUL.CD_rank	7.66712496413424e-08	0.000494007311308207	0.000391466040321002
young_population_pressure_lag1	7.54082906556897e-08	2.47003655654104e-05	0.000195733020160501
MS.MIL.XPND.GD.ZS_tend2	7.52122899438445e-08	0.000323004780470751	0.00117439812096301
NY.GDP.PCAP.CD_rank	7.49776414960559e-08	0.000535807929957363	0.000195733020160501
SP.POP.0004.MA.5Y	7.45961268814536e-08	0.00303244488018423	0.000978665100802505
NE.CON.TOTL.CD_ratiomax2	7.43364458729486e-08	4.56006748899884e-05	0.000195733020160501
MS.MIL.XPND.CD_isNA_rank	7.41668081116066e-08	0.000742910995082727	0.000195733020160501
SP.POP.3034.FE.5Y_delta1	7.38648880111835e-08	0.000155802305874127	0.000195733020160501
SE.PRM.ENRR_delta1	7.35037451453204e-08	0.00060230891417193	0.00117439812096301
SP.POP.7579.FE.5Y	7.27819820772223e-08	0.000431306383334473	0.000195733020160501
BX.KLT.DINV.WD.GD.ZS	7.16389834202766e-08	0.000216603205727445	0.000782932080642004
NE.EXP.GNFS.ZS_isNA_rank	7.11885072039072e-08	0.000264103908737849	0.000978665100802505
BM.GSR.INSF.ZS_ratioavg2	7.09176097024937e-08	0.000619409167255675	0.00117439812096301
BM.GSR.GNFS.CD_ratioavg2	7.06051163736562e-08	0.000110201630984139	0.000587199060481503
BX.GSR.TRAN.ZS_delta1	7.03985103930508e-08	0.000212803149486612	0.000587199060481503
BX.TRF.CURR.CD_ratioavg2	7.00368601805474e-08	0.0001292019121883	0.000195733020160501
EG.USE.PCAP.KG.OE_lag1	6.92373424248618e-08	9.31013779003929e-05	0.000391466040321002
NE.CON.TOTL.KD_ratioavg2	6.8856575697291e-08	0.000205203037004948	0.000587199060481503
SP.DYN.AMRT.MA_isNA_rank	6.88431125282151e-08	0.000809411979297294	0.00137013114112351
SP.DYN.CDRT.IN_delta1	6.88177593765068e-08	0.000302104471146173	0.000782932080642004
NE.IMP.GNFS.ZS_isNA_rank	6.87494235381875e-08	0.000106401574743306	0.000391466040321002
DT.ODA.ODAT.GN.ZS_delta1	6.86213262312362e-08	0.000142502109031214	0.000391466040321002
EN.GHG.CO2.TR.MT.CE.AR5_tend2	6.82642270011315e-08	0.000687810179590658	0.000587199060481503
MS.MIL.XPND.GD.ZS_isNA_rank	6.79131093323146e-08	0.000577608548606519	0.00117439812096301
EN.GHG.CH4.AG.MT.CE.AR5_ratioavg2	6.7258529792122e-08	0.000636509420339421	0.00137013114112351
BM.GSR.MRCH.CD_min2	6.71438925789591e-08	5.89008717329017e-05	0.000195733020160501
SP.URB.GROW_delta1	6.71019024125848e-08	0.000381905652203653	0.000782932080642004
NE.CON.TOTL.KD_isNA_rank	6.68417390332739e-08	0.000269803993099098	0.000782932080642004
NE.EXP.GNFS.CN_delta1	6.67599022949882e-08	0.00120461782834386	0.000782932080642004
NE.GDI.FTOT.ZS_lag1	6.65405916405873e-08	0.000193802868282451	0.000195733020160501
AG.LND.ARBL.HA_max2	6.60495910674371e-08	9.88014622616415e-05	0.000195733020160501
NV.IND.TOTL.CN_isNA_rank	6.58227206794767e-08	0.000226103346329526	0.000391466040321002
EN.GHG.N2O.BU.MT.CE.AR5_ratioavg2	6.48237979522406e-08	0.001292019121883	0.000587199060481503
EN.GHG.N2O.AG.MT.CE.AR5_ratioavg2	6.45547486299127e-08	0.000294504358664508	0.000782932080642004
SH.DTH.MORT_delta1	6.41515849045058e-08	0.000511107564391953	0.000782932080642004
DC.DAC.FRAL.CD_tend2	6.40573652818424e-08	0.000252703740015352	0.000391466040321002
BX.PEF.TOTL.CD.WD_ratiomax2	6.34873167725637e-08	3.80005624083236e-05	0.000195733020160501
DC.DAC.JPNL.CD_ratioavg2	6.3372485871152e-08	0.000944313975846843	0.00137013114112351
NV.IND.TOTL.KD.ZG_delta1	6.32512121025871e-08	0.000174802587078289	0.000587199060481503
SP.POP.0509.MA.5Y	6.28416031279741e-08	0.00167392477408666	0.000782932080642004
NY.GNP.PCAP.CD_lag1	6.17926405531514e-08	0.000475007030104046	0.000195733020160501
NV.AGR.TOTL.ZS_isNA_rank	6.17212201176387e-08	0.000199502952643699	0.000587199060481503
EN.GHG.N2O.IC.MT.CE.AR5_tend2	6.10016611281426e-08	0.000429406355214057	0.000782932080642004
BX.GSR.TRVL.ZS_ratioavg2	6.05204749148463e-08	0.00027360404933993	0.000587199060481503
BX.GRT.EXTA.CD.WD_isNA_rank	5.97253329188128e-08	0.000839812429223952	0.000587199060481503
SP.POP.65UP.MA.IN_delta1	5.96024448246597e-08	7.98011810574797e-05	0.000195733020160501
BM.GSR.MRCH.CD_tend2	5.90316777069837e-08	0.000326804836711583	0.000782932080642004
NE.CON.PRVT.ZS_ratioavg2	5.88572876787561e-08	0.000277404105580763	0.000782932080642004
NE.CON.PRVT.ZS_min2	5.87090961822318e-08	0.000285004218062427	0.000587199060481503
BM.GSR.TRAN.ZS_min2	5.86797470294435e-08	6.65009842145664e-05	0.000391466040321002
NY.ADJ.DKAP.GN.ZS_isNA_rank	5.79514631049244e-08	0.000754311163805224	0.000587199060481503
SP.POP.1014.FE.5Y_lag1	5.79435605843656e-08	0.000735310882601063	0.000195733020160501
urban_development_ratio_lag1	5.79151040380153e-08	0.00140032072474673	0.000587199060481503
EN.GHG.CH4.BU.MT.CE.AR5_delta1	5.78037954559104e-08	2.47003655654104e-05	0.000195733020160501
AG.YLD.CREL.KG	5.77621489256647e-08	0.000822712176140207	0.000587199060481503
FI.RES.TOTL.MO_ratiomax2	5.76401857293602e-08	3.42005061674913e-05	0.000195733020160501
DC.DAC.JPNL.CD_tend2	5.71595951803245e-08	0.000446506608297803	0.000587199060481503
IS.AIR.PSGR_ratioavg2	5.70561457805212e-08	0.000342005061674913	0.00117439812096301
FP.CPI.TOTL_tend2	5.65849540976368e-08	0.000163402418355792	0.000587199060481503
SP.POP.0014.MA.IN	5.62411507558237e-08	6.46009560941502e-05	0.000195733020160501
BM.GSR.FCTY.CD_lag1	5.559237201544e-08	0.000114001687224971	0.000195733020160501
NV.AGR.TOTL.CN_lag1	5.53896950217972e-08	0.00085121259794645	0.000587199060481503
SP.POP.5054.FE.5Y_rank	5.51652886766645e-08	0.000777111501250218	0.000195733020160501
BX.GRT.TECH.CD.WD_min2	5.50811974345551e-08	0.000590908745449433	0.000587199060481503
DT.NFL.UNDP.CD	5.48926643236905e-08	9.31013779003929e-05	0.000195733020160501
TG.VAL.TOTL.GD.ZS_delta1	5.46887258503759e-08	0.000205203037004948	0.000587199060481503
DC.DAC.FRAL.CD_rank	5.45292892028265e-08	0.000765711332527721	0.000195733020160501
SP.POP.3034.FE.5Y	5.41999939549783e-08	0.000100701490382058	0.000587199060481503
AG.LND.AGRI.K2_ratioavg2	5.37864695141553e-08	0.000370505483481156	0.000782932080642004
BX.PEF.TOTL.CD.WD_ratioavg2	5.36726390177894e-08	0.000207103065125364	0.000782932080642004
ER.FSH.AQUA.MT_ratiomax2	5.34161176850281e-08	8.55012654187282e-05	0.000195733020160501
IT.MLT.MAIN_min2	5.33990808614418e-08	0.000311604611748254	0.000391466040321002
BM.TRF.PWKR.CD.DT_rank	5.28180714205352e-08	3.99005905287398e-05	0.000195733020160501
BX.TRF.PWKR.DT.GD.ZS_ratioavg2	5.26984510007689e-08	0.000258403824376601	0.000391466040321002
SP.POP.0014.FE.ZS	5.20651967336425e-08	0.00156752319934335	0.000587199060481503
SE.SEC.ENRR.FE_rank	5.18949669331691e-08	0.000199502952643699	0.000195733020160501
NE.GDI.TOTL.ZS_isNA_rank	5.18894577817465e-08	0.000155802305874127	0.000587199060481503
TM.VAL.AGRI.ZS.UN	5.17043052508997e-08	0.000188102783921202	0.000587199060481503
AG.CON.FERT.ZS_ratiomax2	5.15039576804189e-08	0.000307804555507422	0.000978665100802505
TX.VAL.MANF.ZS.UN_isNA_rank	5.14647136311209e-08	0.000680210067108993	0.000978665100802505
SH.IMM.IDPT_delta1	5.0927954357428e-08	8.74012935391444e-05	0.000391466040321002
BX.GRT.TECH.CD.WD_delta1	5.04954637627555e-08	7.22010685758149e-05	0.000391466040321002
FP.CPI.TOTL.ZG_max2	5.0490316732355e-08	0.00102031510066349	0.000587199060481503
NE.GDI.FTOT.CD	5.04517438136913e-08	0.000822712176140207	0.000391466040321002
SP.DYN.IMRT.FE.IN_delta1	5.01952575973287e-08	0.000349605174156578	0.000391466040321002
SE.SEC.ENRR.FE_lag1	5.00579797647828e-08	0.00033820500543408	0.000391466040321002
NE.EXP.GNFS.CN_rank	4.92930183743309e-08	0.000127301884067884	0.000391466040321002
BM.GSR.FCTY.CD_rank	4.92637882711147e-08	6.08008998533178e-05	0.000195733020160501
NE.CON.GOVT.ZS	4.87783876082544e-08	0.000134901996549549	0.000391466040321002
BM.GSR.FCTY.CD_ratioavg2	4.87387241870187e-08	0.000123501827827052	0.000587199060481503
IS.AIR.PSGR_max2	4.85767009933989e-08	3.80005624083236e-05	0.000195733020160501
SE.SEC.ENRL.GC.FE.ZS_lag1	4.85375191591574e-08	0.000864512794789363	0.000587199060481503
NY.GDP.DEFL.ZS_delta1	4.78568692945716e-08	0.000613709082894427	0.000782932080642004
SE.PRM.DURS_rank	4.67271711675524e-08	0.000634609392219005	0.000782932080642004
SP.POP.80UP.MA.5Y_delta1	4.64574329114496e-08	0.000222303290088693	0.000587199060481503
EN.GHG.CO2.TR.MT.CE.AR5_ratioavg2	4.62202560523357e-08	0.000239403543172439	0.000587199060481503
DC.DAC.DEUL.CD_ratioavg2	4.58439646619318e-08	0.000193802868282451	0.000782932080642004
SP.POP.DPND_delta1	4.58410841040479e-08	0.000589008717329017	0.000587199060481503
AG.YLD.CREL.KG_ratioavg2	4.55970507448656e-08	0.000539607986198196	0.00137013114112351
NY.GDP.PCAP.CD_delta1	4.54025951777824e-08	0.000283104189942011	0.000587199060481503
AG.PRD.FOOD.XD_tend2	4.51541462894325e-08	0.000252703740015352	0.000391466040321002
TX.VAL.MANF.ZS.UN_lag1	4.50935709017125e-08	0.00010450154662289	0.000391466040321002
NY.GSR.NFCY.CN_rank	4.50342398151236e-08	0.000748611079443976	0.000195733020160501
BM.KLT.DINV.WD.GD.ZS_delta1	4.49227765608362e-08	0.000503507451910288	0.000391466040321002
EG.ELC.FOSL.ZS_min2	4.48061234277733e-08	0.000400905933407814	0.000391466040321002
TX.VAL.AGRI.ZS.UN_delta1	4.4490771210946e-08	0.000885413104113941	0.000587199060481503
FM.LBL.BMNY.GD.ZS_lag1	4.44398398428272e-08	0.00033820500543408	0.000391466040321002
TM.VAL.AGRI.ZS.UN_lag1	4.42634748866246e-08	6.2700927973734e-05	0.000195733020160501
IS.AIR.GOOD.MT.K1_delta1	4.42566358679564e-08	0.000176702615198705	0.000195733020160501
BX.TRF.PWKR.DT.GD.ZS_ratiomax2	4.41103873100906e-08	5.13007592512369e-05	0.000391466040321002
EN.URB.MCTY.TL.ZS_ratioavg2	4.38389039257338e-08	0.000400905933407814	0.000195733020160501
FP.CPI.TOTL.ZG_delta1	4.37408386267224e-08	0.000226103346329526	0.000391466040321002
BX.GRT.EXTA.CD.WD_delta1	4.34071051755538e-08	0.000494007311308207	0.000195733020160501
DT.ODA.ODAT.PC.ZS_ratioavg2	4.31291885257375e-08	6.2700927973734e-05	0.000195733020160501
EN.GHG.CO2.TR.MT.CE.AR5	4.27128611741461e-08	2.0900309324578e-05	0.000195733020160501
SP.POP.7579.MA.5Y	4.26542654989186e-08	0.00073151082636023	0.000195733020160501
NE.CON.PRVT.CD_ratioavg2	4.23892535255258e-08	5.89008717329017e-05	0.000195733020160501
NV.SRV.TOTL.KD_delta1	4.23833768970342e-08	0.000380005624083236	0.000587199060481503
ER.FSH.PROD.MT_delta1	4.21536209061673e-08	7.98011810574797e-05	0.000195733020160501
AG.YLD.CREL.KG_tend2	4.20996966182517e-08	0.000207103065125364	0.000587199060481503
TX.VAL.MRCH.OR.ZS_delta1	4.15006451152073e-08	3.99005905287398e-05	0.000195733020160501
BX.GSR.NFSV.CD_isNA_rank	4.06232162116811e-08	0.000511107564391953	0.000782932080642004
SP.POP.1564.MA.ZS	4.06148375254926e-08	0.000309704583627838	0.000391466040321002
AG.LND.ARBL.HA.PC_rank	4.02292267107573e-08	0.000957614172689756	0.000587199060481503
TM.VAL.MMTL.ZS.UN_isNA_rank	3.99625723905067e-08	2.47003655654104e-05	0.000195733020160501
EN.GHG.CO2.BU.MT.CE.AR5_tend2	3.98844284505804e-08	9.69014341412253e-05	0.000391466040321002
NE.CON.GOVT.ZS_ratioavg2	3.9459456145422e-08	0.000142502109031214	0.000391466040321002
DT.ODA.ALLD.CD_isNA_rank	3.90602393060535e-08	0.000323004780470751	0.000782932080642004
NV.IND.TOTL.KD_delta1	3.8896600970375e-08	0.000779011529370635	0.000195733020160501
TM.VAL.TRVL.ZS.WT	3.87261255755576e-08	9.12013497799767e-05	0.000391466040321002
NE.IMP.GNFS.KD_rank	3.8674487535841e-08	0.000324904808591167	0.000195733020160501
DT.ODA.ODAT.CD_tend2	3.82649988110119e-08	0.000131101940308717	0.000391466040321002
TM.VAL.TRAN.ZS.WT_isNA_rank	3.74668710964521e-08	0.000260303852497017	0.000782932080642004
BX.GSR.FCTY.CD_isNA_rank	3.72000234033144e-08	0.000490207255067375	0.000782932080642004
TG.VAL.TOTL.GD.ZS_lag1	3.71363003746269e-08	0.000845512513585201	0.000587199060481503
SE.SEC.ENRL.GC.FE.ZS_delta1	3.71132635435142e-08	0.000121601799706636	0.000782932080642004
year_cycle_rank	3.69678898175224e-08	0.000475007030104046	0.000782932080642004
NY.ADJ.DFOR.GN.ZS_delta1	3.69400814671485e-08	2.28003374449942e-05	0.000195733020160501
EN.GHG.CO2.PC.CE.AR5_delta1	3.69035054150237e-08	0.000514907620632785	0.000391466040321002
ER.FSH.AQUA.MT_min2	3.6753751651074e-08	2.66003936858266e-05	0.000195733020160501
NE.CON.PRVT.ZS	3.65257314112967e-08	2.0900309324578e-05	0.000195733020160501
NY.GDP.TOTL.RT.ZS_delta1	3.65007246816676e-08	4.56006748899884e-05	0.000195733020160501
EN.GHG.ALL.MT.CE.AR5_tend2	3.64571772507912e-08	0.000106401574743306	0.000391466040321002
EN.GHG.CO2.PI.MT.CE.AR5_tend2	3.63723936396071e-08	6.84010123349826e-05	0.000391466040321002
TM.VAL.MRCH.OR.ZS_rank	3.60684326526349e-08	0.000142502109031214	0.000195733020160501
BX.TRF.PWKR.CD.DT_delta1	3.59335873882319e-08	0.000212803149486612	0.000391466040321002
SE.PRM.ENRL.FE.ZS_lag1	3.55888657372324e-08	0.000431306383334473	0.00117439812096301
BM.GSR.TRVL.ZS_delta1	3.55299965994796e-08	0.000102601518502474	0.000391466040321002
NY.GNP.ATLS.CD_delta1	3.54275235162414e-08	0.000788511669972716	0.000782932080642004
SP.POP.4549.MA.5Y_delta1	3.53056206433811e-08	0.000323004780470751	0.000782932080642004
NV.AGR.TOTL.CD	3.5304001968046e-08	0.000207103065125364	0.000391466040321002
DC.DAC.USAL.CD_isNA_rank	3.52093373668871e-08	0.000220403261968277	0.000195733020160501
BX.GSR.FCTY.CD_avg2	3.51422012789828e-08	0.000376205567842404	0.000195733020160501
MS.MIL.XPND.CD_delta1	3.50633268265185e-08	0.000535807929957363	0.000195733020160501
DC.DAC.CANL.CD_ratiomax2	3.48518063463276e-08	9.12013497799767e-05	0.000195733020160501
NE.RSB.GNFS.CD_lag1	3.47030346984833e-08	3.80005624083236e-05	0.000195733020160501
NE.CON.TOTL.KD.ZG_delta1	3.44175286608968e-08	6.84010123349826e-05	0.000195733020160501
TX.VAL.OTHR.ZS.WT	3.43807563945674e-08	0.000150102221512878	0.000195733020160501
NE.GDI.TOTL.CD_isNA_rank	3.43072318164491e-08	0.000146302165272046	0.000782932080642004
SE.PRM.ENRR.FE	3.42353477399651e-08	0.000298304414905341	0.00117439812096301
SP.DYN.TO65.FE.ZS_delta1	3.41755071920771e-08	0.000343905089795329	0.000587199060481503
TM.VAL.MRCH.R5.ZS	3.4035809340796e-08	0.000473107001983629	0.000391466040321002
TM.VAL.FUEL.ZS.UN_isNA_rank	3.37103507207608e-08	4.1800618649156e-05	0.000195733020160501
TX.VAL.FOOD.ZS.UN	3.34564040789173e-08	1.90002812041618e-05	0.000195733020160501
NE.EXP.GNFS.KD	3.32360975917057e-08	0.000152002249633295	0.000587199060481503
TX.VAL.SERV.CD.WT_delta1	3.32006420004989e-08	0.000222303290088693	0.000978665100802505
FM.LBL.BMNY.GD.ZS_isNA_rank	3.31263545175213e-08	0.000275504077460346	0.000587199060481503
SP.POP.1519.MA.5Y_delta1	3.30779110585577e-08	0.000294504358664508	0.000587199060481503
AG.LND.ARBL.ZS	3.29129424637277e-08	2.66003936858266e-05	0.000195733020160501
SH.MMR.RISK.ZS	3.2863242529164e-08	0.000687810179590658	0.000195733020160501
BM.KLT.DINV.CD.WD_delta1	3.27878293566675e-08	0.00027360404933993	0.000391466040321002
NY.ADJ.DFOR.GN.ZS_isNA_rank	3.27274250358589e-08	7.98011810574797e-05	0.000391466040321002
ER.FSH.CAPT.MT	3.25318720091091e-08	0.000760011248166473	0.000195733020160501
TM.VAL.SERV.CD.WT_delta1	3.24936643222204e-08	0.000503507451910288	0.000391466040321002
TX.VAL.MRCH.R2.ZS_rank	3.24500922278096e-08	5.13007592512369e-05	0.000195733020160501
NE.RSB.GNFS.CD	3.21346555552677e-08	0.000826512232381039	0.000391466040321002
EN.GHG.CO2.FE.MT.CE.AR5_ratiomax2	3.21330414256325e-08	7.22010685758149e-05	0.000195733020160501
SP.DYN.LE00.IN_delta1	3.20442700436468e-08	0.000100701490382058	0.000195733020160501
AG.PRD.FOOD.XD_delta1	3.172995082537e-08	0.000514907620632785	0.000391466040321002
NY.ADJ.DKAP.GN.ZS_delta1	3.16609622800745e-08	0.000361005342879075	0.000978665100802505
NY.ADJ.AEDU.GN.ZS	3.1390926383712e-08	0.000364805399119907	0.000195733020160501
NY.GNP.PCAP.CD_isNA_rank	3.11989473037436e-08	0.00127491886879926	0.000978665100802505
SP.POP.1014.MA.5Y_delta1	3.11264285908181e-08	1.90002812041618e-05	0.000195733020160501
EN.URB.LCTY.UR.ZS_ratioavg2	3.09178808472717e-08	0.00014440213715163	0.000587199060481503
BX.TRF.PWKR.CD.DT_ratioavg2	3.05716497629118e-08	0.000805611923056461	0.00117439812096301
NY.ADJ.NNTY.PC.CD_isNA_rank	2.98507344933475e-08	0.000655509701543583	0.000587199060481503
NY.GNP.ATLS.CD_isNA_rank	2.97577027679878e-08	0.00286904246182844	0.00137013114112351
NE.CON.GOVT.ZS_lag1	2.96578009286786e-08	0.000222303290088693	0.000587199060481503
EN.URB.MCTY.TL.ZS_tend2	2.96474828677256e-08	0.000366705427240323	0.000587199060481503
BX.GSR.CMCP.ZS_min2	2.92796845339406e-08	5.70008436124855e-05	0.000195733020160501
NY.ADJ.DNGY.CD_isNA_rank	2.91139243627394e-08	0.000695410292072323	0.00117439812096301
SE.PRM.TCHR_delta1	2.89367754315066e-08	0.000134901996549549	0.000391466040321002
EG.ELC.FOSL.ZS_ratiomax2	2.84324070390087e-08	0.000157702333994543	0.000391466040321002
NV.IND.TOTL.CN	2.82768110036486e-08	0.000837912401103536	0.000391466040321002
DC.DAC.CANL.CD_delta1	2.81797562992356e-08	0.000136802024669965	0.000195733020160501
TX.VAL.FOOD.ZS.UN_rank	2.80766160805034e-08	0.000516807648753202	0.000391466040321002
FI.RES.XGLD.CD_isNA_rank	2.79676108598204e-08	8.74012935391444e-05	0.000391466040321002
SE.SEC.ENRR.FE_delta1	2.73060697864905e-08	0.000347705146036161	0.000782932080642004
AG.LND.ARBL.ZS_tend2	2.72233189604264e-08	0.000465506889501965	0.000782932080642004
IS.AIR.GOOD.MT.K1_isNA_rank	2.72139664698028e-08	6.2700927973734e-05	0.000195733020160501
EN.URB.MCTY.TL.ZS_delta1	2.71577407799948e-08	0.000459806805140716	0.000391466040321002
DT.ODA.ALLD.KD	2.66630429668854e-08	6.2700927973734e-05	0.000391466040321002
TM.VAL.MRCH.WR.ZS_lag1	2.65611913346473e-08	4.1800618649156e-05	0.000195733020160501
TX.VAL.MRCH.R1.ZS_lag1	2.60418956803645e-08	0.000448406636418219	0.000391466040321002
DC.DAC.TOTL.CD_lag1	2.46356877843602e-08	0.0010564156349514	0.000391466040321002
BX.KLT.DINV.CD.WD_rank	2.46238677564148e-08	0.000125401855947468	0.000391466040321002
TM.VAL.FOOD.ZS.UN_isNA_rank	2.45255444710775e-08	0.00096521428517142	0.000978665100802505
BX.PEF.TOTL.CD.WD	2.43607137434248e-08	0.000117801743465803	0.000587199060481503
EN.GHG.CO2.RT.GDP.KD_delta1	2.40280447902409e-08	0.000172902558957873	0.000587199060481503
TX.VAL.TRAN.ZS.WT_delta1	2.40143445449053e-08	0.000110201630984139	0.000195733020160501
SE.PRM.TCHR	2.4005208827215e-08	8.93013216595606e-05	0.000391466040321002
BX.GSR.GNFS.CD_min2	2.38721548254797e-08	5.32007873716531e-05	0.000195733020160501
SP.POP.GROW	2.3753517081101e-08	1.90002812041618e-05	0.000195733020160501
SP.RUR.TOTL.ZS_delta1	2.36708933958322e-08	0.000744811023203143	0.000391466040321002
SE.PRM.AGES_rank	2.35311110235189e-08	6.46009560941502e-05	0.000195733020160501
NE.EXP.GNFS.KD.ZG_lag1	2.34494294105569e-08	0.000385705708444485	0.000782932080642004
DC.DAC.TOTL.CD_ratioavg2	2.32672775110713e-08	0.000486407198826543	0.000978665100802505
DC.DAC.TOTL.CD_tend2	2.32032850307701e-08	0.000526307789355283	0.000587199060481503
SP.POP.TOTL.FE.ZS_delta1	2.31334629833403e-08	0.000779011529370635	0.000782932080642004
NY.ADJ.AEDU.GN.ZS_rank	2.31063004285192e-08	0.000267903964978682	0.000587199060481503
AG.PRD.CROP.XD_ratioavg2	2.30854676760085e-08	0.00020900309324578	0.000587199060481503
EG.USE.PCAP.KG.OE_min2	2.27660104411662e-08	4.75007030104046e-05	0.000195733020160501
EN.GHG.CH4.AG.MT.CE.AR5_ratiomax2	2.24127986968256e-08	0.000343905089795329	0.000391466040321002
BX.GRT.EXTA.CD.WD_rank	2.23646826334983e-08	0.000421806242732392	0.000587199060481503
DT.ODA.ODAT.PC.ZS_avg2	2.22939112267619e-08	0.0001292019121883	0.000195733020160501
AG.LND.ARBL.HA.PC_tend2	2.21504589172648e-08	0.000190002812041618	0.000391466040321002
BX.KLT.DINV.CD.WD_isNA_rank	2.20572711051872e-08	0.000653609673423167	0.000978665100802505
MS.MIL.MPRT.KD_rank	2.20171377663628e-08	0.000207103065125364	0.000391466040321002
NV.SRV.TOTL.KD.ZG_rank	2.19611011711361e-08	0.00043320641145489	0.000978665100802505
BM.TRF.PWKR.CD.DT_ratioavg2	2.14872666342892e-08	0.000319204724229919	0.000782932080642004
SP.ADO.TFRT_rank	2.1221535542205e-08	8.3601237298312e-05	0.000195733020160501
TM.VAL.MRCH.AL.ZS_lag1	2.09833257498581e-08	0.000467406917622381	0.000587199060481503
SP.POP.6569.FE.5Y_lag1	2.09657328341703e-08	5.13007592512369e-05	0.000195733020160501
SP.POP.1519.FE.5Y_lag1	2.0909574290901e-08	0.000119701771586219	0.000195733020160501
EN.GHG.CO2.IC.MT.CE.AR5_ratiomax2	2.08303784756249e-08	7.41010966962311e-05	0.000391466040321002
EG.USE.PCAP.KG.OE_avg2	2.06958946706477e-08	3.42005061674913e-05	0.000195733020160501
FS.AST.CGOV.GD.ZS_lag1	2.04164837082506e-08	0.000218503233847861	0.000587199060481503
SE.SEC.ENRL.GC.FE.ZS_isNA_rank	2.03755894821422e-08	2.0900309324578e-05	0.000195733020160501
TM.VAL.FUEL.ZS.UN_rank	2.03592986573717e-08	9.50014060208091e-05	0.000391466040321002
NE.IMP.GNFS.ZS	2.0218898951669e-08	0.000486407198826543	0.000782932080642004
SP.POP.DPND.OL_delta1	2.01859270292011e-08	0.000351505202276994	0.000391466040321002
FP.CPI.TOTL.ZG_rank	2.00185956338925e-08	0.000119701771586219	0.000195733020160501
NE.TRD.GNFS.ZS_isNA_rank	1.98755104912055e-08	0.000342005061674913	0.00117439812096301
SM.POP.RHCR.EO_delta1	1.98569893301399e-08	0.000281204161821595	0.000391466040321002
EN.GHG.N2O.AG.MT.CE.AR5_delta1	1.98277767647112e-08	0.000180502671439537	0.000391466040321002
NY.GDP.MKTP.KD_rank	1.98158705664632e-08	0.000748611079443976	0.000195733020160501
NY.ADJ.DMIN.GN.ZS_delta1	1.97990743994875e-08	0.00027360404933993	0.000587199060481503
SP.POP.0004.MA.5Y_rank	1.97972973635641e-08	0.000701110376433571	0.000195733020160501
TM.VAL.TRAN.ZS.WT_delta1	1.97217726611894e-08	0.000123501827827052	0.000391466040321002
NE.CON.PRVT.ZS_lag1	1.96237088369279e-08	0.000395205849046566	0.000587199060481503
MS.MIL.MPRT.KD_ratiomax2	1.95134096359421e-08	4.94007311308207e-05	0.000391466040321002
NY.GDP.DEFL.KD.ZG_lag1	1.94914224103911e-08	0.000102601518502474	0.000391466040321002
NY.GDP.TOTL.RT.ZS_isNA_rank	1.94718447527523e-08	0.000319204724229919	0.000587199060481503
FI.RES.TOTL.CD	1.94393001056569e-08	6.46009560941502e-05	0.000391466040321002
EN.GHG.N2O.MT.CE.AR5_delta1	1.93901736093668e-08	0.000969014341412253	0.000782932080642004
BX.GSR.TRVL.ZS_rank	1.8851759139228e-08	2.47003655654104e-05	0.000195733020160501
BM.GSR.CMCP.ZS_delta1	1.88453057559339e-08	8.3601237298312e-05	0.000391466040321002
BX.KLT.DINV.WD.GD.ZS_min2	1.87916501848086e-08	0.000212803149486612	0.000391466040321002
AG.PRD.FOOD.XD_avg2	1.87211196695458e-08	0.000121601799706636	0.000195733020160501
NY.GDP.COAL.RT.ZS	1.86943551114632e-08	2.28003374449942e-05	0.000195733020160501
TM.VAL.FOOD.ZS.UN	1.86167410282706e-08	6.46009560941502e-05	0.000195733020160501
BM.GSR.FCTY.CD	1.86025226833774e-08	5.13007592512369e-05	0.000391466040321002
NV.IND.TOTL.CD_delta1	1.84247186488273e-08	7.79011529370635e-05	0.000391466040321002
DT.ODA.ODAT.KD_ratioavg2	1.83578605528188e-08	8.17012091778958e-05	0.000391466040321002
TM.VAL.MMTL.ZS.UN_lag1	1.83374595009511e-08	5.89008717329017e-05	0.000195733020160501
TM.VAL.MRCH.R3.ZS_delta1	1.80128827997544e-08	0.000404705989648647	0.000587199060481503
FS.AST.PRVT.GD.ZS_tend2	1.79452117766697e-08	0.000685910151470242	0.000587199060481503
FM.AST.PRVT.GD.ZS_rank	1.79346158013856e-08	0.000229903402570358	0.000195733020160501
BX.GRT.TECH.CD.WD_isNA_rank	1.79336922098898e-08	0.000471206973863213	0.000391466040321002
NY.GNP.MKTP.CD_isNA_rank	1.78954013613923e-08	0.000228003374449942	0.000587199060481503
EN.GHG.ALL.MT.CE.AR5_ratioavg2	1.77786832495201e-08	0.000102601518502474	0.000195733020160501
SP.DYN.LE00.FE.IN_delta1	1.77444568037096e-08	7.03010404553988e-05	0.000391466040321002
TM.VAL.MMTL.ZS.UN	1.76901577231489e-08	0.000201402980764115	0.000587199060481503
FI.RES.TOTL.MO_rank	1.76285954940002e-08	0.000509207536271537	0.000782932080642004
NV.IND.TOTL.ZS_delta1	1.74719096674181e-08	0.000275504077460346	0.000782932080642004
IS.AIR.DPRT_isNA_rank	1.69499069121252e-08	0.000163402418355792	0.000391466040321002
DT.NFL.UNDP.CD_isNA_rank	1.69273813385468e-08	0.000438906495816138	0.000978665100802505
NY.ADJ.DRES.GN.ZS_isNA_rank	1.69001716815392e-08	0.000180502671439537	0.000587199060481503
NV.AGR.TOTL.CD_isNA_rank	1.67830576590108e-08	0.000241303571292855	0.000587199060481503
IT.MLT.MAIN_tend2	1.66528607490302e-08	0.000733410854480646	0.000391466040321002
NE.EXP.GNFS.KD.ZG_delta1	1.65757768818182e-08	0.000197602924523283	0.000587199060481503
TX.VAL.TRVL.ZS.WT_isNA_rank	1.65089383076208e-08	0.000300204443025757	0.000587199060481503
DC.DAC.CECL.CD_ratiomax2	1.59578965185311e-08	0.000552908183041109	0.000587199060481503
SP.DYN.CDRT.IN	1.58864940494531e-08	5.70008436124855e-05	0.000391466040321002
BX.GSR.TRAN.ZS_isNA_rank	1.56093353455857e-08	9.69014341412253e-05	0.000391466040321002
EN.GHG.CH4.MT.CE.AR5_ratioavg2	1.54770880167622e-08	0.000178602643319121	0.000587199060481503
SP.DYN.IMRT.MA.IN_delta1	1.53869465318617e-08	4.75007030104046e-05	0.000195733020160501
BX.PEF.TOTL.CD.WD_rank	1.52857232227067e-08	0.000220403261968277	0.000587199060481503
SP.POP.3034.FE.5Y_lag1	1.51978002189489e-08	0.00133001968429133	0.000391466040321002
BX.KLT.DINV.CD.WD_ratiomax2	1.50486612246709e-08	0.000366705427240323	0.000978665100802505
NE.CON.PRVT.KD.ZG_min2	1.49274478749273e-08	0.000100701490382058	0.000195733020160501
FS.AST.PRVT.GD.ZS_ratioavg2	1.48925663257995e-08	0.00027360404933993	0.000587199060481503
FM.AST.DOMS.CN_ratioavg2	1.48089506941199e-08	9.12013497799767e-05	0.000391466040321002
EN.GHG.N2O.FE.MT.CE.AR5_min2	1.46998979221916e-08	6.2700927973734e-05	0.000195733020160501
DC.DAC.JPNL.CD_min2	1.46372509853707e-08	0.00016910250271704	0.000391466040321002
FI.RES.XGLD.CD_rank	1.46197171168337e-08	5.32007873716531e-05	0.000195733020160501
SP.POP.65UP.TO.ZS_lag1	1.46054726448827e-08	0.000651709645302751	0.000195733020160501
NV.AGR.TOTL.KD.ZG_rank	1.45773526150378e-08	0.000258403824376601	0.000195733020160501
NV.SRV.TOTL.ZS_isNA_rank	1.45667753369294e-08	2.66003936858266e-05	0.000195733020160501
TM.VAL.MRCH.R1.ZS	1.43775374323493e-08	0.00141932100595089	0.000782932080642004
SE.TER.ENRR_rank	1.43103664811522e-08	0.000119701771586219	0.000195733020160501
NE.CON.GOVT.ZS_isNA_rank	1.41713966603386e-08	0.000277404105580763	0.000587199060481503
NY.GDP.PCAP.CN_rank	1.39049769610678e-08	0.000218503233847861	0.000195733020160501
NY.ADJ.DRES.GN.ZS_delta1	1.38189760922986e-08	3.61005342879075e-05	0.000195733020160501
TG.VAL.TOTL.GD.ZS	1.37749405038813e-08	3.99005905287398e-05	0.000195733020160501
NY.GDP.FCST.CN_rank	1.35292385164194e-08	0.000777111501250218	0.000195733020160501
DT.NFL.UNDP.CD_min2	1.34482629997305e-08	0.000212803149486612	0.000391466040321002
IT.MLT.MAIN_delta1	1.32744249324866e-08	0.000298304414905341	0.000782932080642004
TM.VAL.AGRI.ZS.UN_isNA_rank	1.32388788552923e-08	0.000307804555507422	0.000782932080642004
NY.GDP.MKTP.KD.ZG_isNA_rank	1.3183074725563e-08	0.000220403261968277	0.000782932080642004
SE.PRM.ENRL.FE.ZS_isNA_rank	1.30813484052263e-08	0.0001292019121883	0.000587199060481503
SP.POP.4549.MA.5Y_lag1	1.28969177323296e-08	6.84010123349826e-05	0.000195733020160501
EN.GHG.N2O.IC.MT.CE.AR5_ratioavg2	1.27839302908037e-08	0.000115901715345387	0.000587199060481503
IT.MLT.MAIN.P2_rank	1.26594104965689e-08	0.000279304133701179	0.000587199060481503
SP.POP.6064.FE.5Y	1.264218727875e-08	4.1800618649156e-05	0.000195733020160501
NV.AGR.TOTL.KD.ZG_lag1	1.25432491400528e-08	0.000157702333994543	0.000391466040321002
DT.ODA.ALLD.KD_min2	1.24154200926682e-08	0.00069161023583149	0.000195733020160501
BX.GSR.CMCP.ZS_lag1	1.24133503071437e-08	0.000207103065125364	0.000782932080642004
DC.DAC.CECL.CD_lag1	1.24082093747576e-08	0.000913913525920184	0.000782932080642004
SP.POP.7074.MA.5Y_delta1	1.23496835659364e-08	8.93013216595606e-05	0.000391466040321002
IT.CEL.SETS.P2_avg2	1.23249964355427e-08	0.000357205286638242	0.000195733020160501
DT.ODA.ODAT.CD_avg2	1.22961573890652e-08	0.000714410573276485	0.000195733020160501
EN.GHG.CO2.PC.CE.AR5	1.21716818148759e-08	9.50014060208091e-05	0.000195733020160501
SE.SEC.ENRL_lag1	1.21373433493048e-08	0.000142502109031214	0.000587199060481503
EN.GHG.ALL.PC.CE.AR5_ratiomax2	1.21138469595736e-08	0.00010450154662289	0.000195733020160501
SP.POP.0509.MA.5Y_delta1	1.20866985950108e-08	0.000585208661088184	0.000391466040321002
EN.GHG.CH4.MT.CE.AR5_tend2	1.20622240735506e-08	5.51008154920693e-05	0.000195733020160501
DC.DAC.DEUL.CD_avg2	1.19596680558323e-08	3.61005342879075e-05	0.000195733020160501
NE.CON.PRVT.CD_lag1	1.19195786982357e-08	1.90002812041618e-05	0.000195733020160501
BX.GSR.GNFS.CD_isNA_rank	1.19167134744344e-08	0.000583308632967768	0.000391466040321002
BM.GSR.GNFS.CD	1.18786271477294e-08	5.32007873716531e-05	0.000195733020160501
EN.GHG.CO2.PI.MT.CE.AR5_ratioavg2	1.1868098237337e-08	0.000191902840162034	0.000587199060481503
NY.ADJ.DFOR.CD_delta1	1.17717288129931e-08	0.000102601518502474	0.000195733020160501
MS.MIL.XPND.GD.ZS_ratioavg2	1.15635954690786e-08	0.000326804836711583	0.000782932080642004
AG.PRD.CROP.XD_rank	1.14888214705589e-08	9.88014622616415e-05	0.000391466040321002
BX.GSR.CMCP.ZS_rank	1.14652289005958e-08	0.000714410573276485	0.000391466040321002
FS.AST.PRVT.GD.ZS_min2	1.10628494788486e-08	0.000119701771586219	0.000195733020160501
BM.GSR.MRCH.CD_isNA_rank	1.1011114352618e-08	0.000115901715345387	0.000391466040321002
AG.PRD.LVSK.XD_lag1	1.09069621716991e-08	6.65009842145664e-05	0.000391466040321002
SP.POP.1564.MA.ZS_lag1	1.08687243937879e-08	0.000459806805140716	0.000195733020160501
NE.IMP.GNFS.ZS_delta1	1.08673678769433e-08	0.000362905370999491	0.000195733020160501
SE.SEC.ENRR.MA_rank	1.08423762867195e-08	0.000191902840162034	0.000391466040321002
NE.CON.TOTL.KD.ZG_max2	1.08339581629619e-08	4.37006467695722e-05	0.000391466040321002
TM.VAL.MRCH.R6.ZS_delta1	1.08201176643137e-08	0.000780911557491051	0.000587199060481503
SE.SEC.ENRL.GC_lag1	1.07228774088016e-08	7.98011810574797e-05	0.000391466040321002
BM.TRF.PWKR.CD.DT_isNA_rank	1.06643825350293e-08	0.000400905933407814	0.000782932080642004
NY.ADJ.DNGY.CD_rank	1.06381970015373e-08	0.000178602643319121	0.000195733020160501
DC.DAC.CANL.CD_max2	1.06037845310748e-08	0.000197602924523283	0.000195733020160501
FS.AST.PRVT.GD.ZS_delta1	1.05912680782372e-08	0.00117801743465803	0.000587199060481503
BX.GSR.TOTL.CD_ratiomax2	1.05073798678617e-08	0.000241303571292855	0.000195733020160501
SE.PRM.ENRR_isNA_rank	1.03654292110156e-08	0.000267903964978682	0.000391466040321002
BX.GSR.NFSV.CD_tend2	1.02863554090997e-08	2.0900309324578e-05	0.000195733020160501
NY.GDP.MKTP.CN_isNA_rank	1.02379456286537e-08	0.000100701490382058	0.000391466040321002
TX.VAL.MRCH.CD.WT_lag1	1.02063230054306e-08	0.000222303290088693	0.000195733020160501
FD.AST.PRVT.GD.ZS_ratiomax2	1.01132939580943e-08	2.0900309324578e-05	0.000195733020160501
BM.GSR.TRVL.ZS_max2	1.0086299522726e-08	0.000342005061674913	0.000391466040321002
NY.GDP.MKTP.CD_isNA_rank	1.00496480532157e-08	0.000383805680324069	0.000978665100802505
SP.POP.4044.MA.5Y	9.82639169053519e-09	3.80005624083236e-05	0.000195733020160501
BX.GSR.FCTY.CD_lag1	9.72248294439573e-09	0.000222303290088693	0.000391466040321002
FS.AST.CGOV.GD.ZS_ratioavg2	9.7108692385605e-09	0.000281204161821595	0.000391466040321002
EG.ELC.FOSL.ZS_tend2	9.6842685951072e-09	0.000334404949193248	0.000391466040321002
BX.TRF.PWKR.DT.GD.ZS_tend2	9.58390034699154e-09	5.32007873716531e-05	0.000391466040321002
SP.POP.3539.MA.5Y_rank	9.38775731820445e-09	0.00118941760338053	0.000391466040321002
TX.VAL.MRCH.RS.ZS_lag1	9.38767763067794e-09	6.84010123349826e-05	0.000195733020160501
SP.DYN.CBRT.IN_delta1	9.33983363167006e-09	0.000254603768135768	0.000391466040321002
DC.DAC.FRAL.CD_min2	9.17804038881833e-09	5.13007592512369e-05	0.000195733020160501
BX.KLT.DINV.WD.GD.ZS_rank	9.15065609692302e-09	0.000685910151470242	0.000195733020160501
EG.USE.ELEC.KH.PC_ratioavg2	9.04050363304659e-09	0.000264103908737849	0.000782932080642004
IT.CEL.SETS.P2_ratioavg2	9.01189006716082e-09	8.93013216595606e-05	0.000195733020160501
FI.RES.TOTL.CD_isNA_rank	8.97835703346625e-09	0.000131101940308717	0.000587199060481503
MS.MIL.XPND.GD.ZS_avg2	8.92354403367725e-09	0.000220403261968277	0.000195733020160501
NY.ADJ.DNGY.GN.ZS_isNA_rank	8.88718966963853e-09	0.000197602924523283	0.000587199060481503
AG.LND.AGRI.ZS_delta1	8.87214166002269e-09	4.56006748899884e-05	0.000195733020160501
AG.PRD.CROP.XD_min2	8.85440635186956e-09	0.000222303290088693	0.000391466040321002
AG.PRD.FOOD.XD_ratioavg2	8.83278392536409e-09	0.000317304696109502	0.000391466040321002
BM.GSR.NFSV.CD_avg2	8.79974880807489e-09	3.99005905287398e-05	0.000195733020160501
NY.GDP.FCST.CD_isNA_rank	8.77852005101389e-09	2.28003374449942e-05	0.000195733020160501
TX.VAL.FUEL.ZS.UN_isNA_rank	8.6154994896187e-09	8.74012935391444e-05	0.000391466040321002
IS.AIR.GOOD.MT.K1	8.57331341929856e-09	0.00016910250271704	0.000587199060481503
SE.PRM.ENRL.FE.ZS_isNA_delta1	8.48324615157189e-09	5.51008154920693e-05	0.000195733020160501
BM.TRF.PWKR.CD.DT_ratiomax2	8.41856123891943e-09	8.3601237298312e-05	0.000391466040321002
DT.ODA.ALLD.CD_tend2	8.41382028831588e-09	2.85004218062427e-05	0.000195733020160501
DC.DAC.JPNL.CD_lag1	8.2386280981764e-09	0.000171002530837456	0.000587199060481503
DC.DAC.DEUL.CD_ratiomax2	8.23862149701193e-09	7.98011810574797e-05	0.000391466040321002
FM.AST.PRVT.GD.ZS_delta1	8.02799993457646e-09	0.000463606861381549	0.000195733020160501
NE.DAB.TOTL.CD_isNA_rank	8.01281142670691e-09	0.000304004499266589	0.000587199060481503
EN.URB.MCTY.TL.ZS_avg2	7.94856375036792e-09	0.000547208098679861	0.000195733020160501
MS.MIL.MPRT.KD_ratioavg2	7.9056095608758e-09	0.000302104471146173	0.000391466040321002
EG.ELC.NUCL.ZS_rank	7.77405590543877e-09	0.000123501827827052	0.000195733020160501
NY.GDP.DEFL.ZS_isNA_rank	7.76279587015534e-09	0.000366705427240323	0.000978665100802505
BX.GSR.TRVL.ZS_min2	7.76029955224639e-09	0.00014440213715163	0.000391466040321002
SH.DYN.MORT.FE_rank	7.73068864716171e-09	9.88014622616415e-05	0.000195733020160501
NE.IMP.GNFS.ZS_lag1	7.67182725975567e-09	0.000524407761234866	0.000587199060481503
AG.PRD.CREL.MT_tend2	7.62839494510452e-09	6.84010123349826e-05	0.000195733020160501
ER.H2O.INTR.K3	7.58243117981629e-09	1.90002812041618e-05	0.000195733020160501
BX.GSR.MRCH.CD_min2	7.53134948313825e-09	0.000414206130250728	0.000391466040321002
NE.CON.PRVT.ZS_delta1	7.50739185285914e-09	0.000311604611748254	0.000782932080642004
BX.GSR.FCTY.CD_ratioavg2	7.50315646082539e-09	3.23004780470751e-05	0.000195733020160501
DT.ODA.ODAT.KD_isNA_rank	7.47263153940345e-09	0.000340105033554497	0.000978665100802505
BM.GSR.INSF.ZS_isNA_rank	7.38713441051597e-09	0.000172902558957873	0.000587199060481503
NE.RSB.GNFS.ZS_isNA_rank	7.38592748740705e-09	4.75007030104046e-05	0.000195733020160501
NE.GDI.TOTL.ZS_delta1	7.36801529907215e-09	3.04004499266589e-05	0.000195733020160501
NV.AGR.TOTL.KD.ZG	7.36154618290075e-09	9.12013497799767e-05	0.000391466040321002
NY.ADJ.DNGY.GN.ZS_delta1	7.24469036051145e-09	5.89008717329017e-05	0.000195733020160501
NE.CON.PRVT.KD.ZG_tend2	7.19460332705008e-09	5.89008717329017e-05	0.000391466040321002
FirstYear_rank	7.19089631597941e-09	0.000131101940308717	0.000195733020160501
SE.SEC.DURS_rank	7.08152740665086e-09	2.47003655654104e-05	0.000195733020160501
BX.GSR.TRAN.ZS_ratiomax2	7.07984480779459e-09	9.69014341412253e-05	0.000391466040321002
AG.PRD.LVSK.XD	6.95804230922542e-09	0.000216603205727445	0.000391466040321002
SH.IMM.IDPT_lag1	6.94503678235861e-09	0.000450306664538635	0.000391466040321002
DC.DAC.GBRL.CD_delta1	6.92661955799506e-09	0.000165302446476208	0.000195733020160501
SP.POP.4549.MA.5Y	6.87078394516101e-09	2.47003655654104e-05	0.000195733020160501
TM.VAL.MRCH.AL.ZS_delta1	6.84855481163061e-09	0.000136802024669965	0.000391466040321002
TM.VAL.OTHR.ZS.WT_rank	6.77530731504341e-09	5.89008717329017e-05	0.000195733020160501
TM.VAL.MRCH.R1.ZS_delta1	6.77306156378414e-09	7.41010966962311e-05	0.000391466040321002
NE.IMP.GNFS.KD.ZG_lag1	6.59692974870834e-09	0.000640309476580253	0.000782932080642004
DC.DAC.TOTL.CD_avg2	6.46835723343905e-09	0.000689710207711074	0.000195733020160501
AG.CON.FERT.ZS_min2	6.43258563342613e-09	0.000106401574743306	0.000195733020160501
MS.MIL.XPND.GD.ZS_ratiomax2	6.32153437018247e-09	0.000419906214611976	0.000391466040321002
NY.GSR.NFCY.CD_isNA_rank	6.28932156938093e-09	0.000159602362114959	0.000391466040321002
NY.GDP.PCAP.KN_lag1	6.22809594450817e-09	0.000146302165272046	0.000195733020160501
NE.CON.PRVT.CD_min2	6.21418015094515e-09	1.90002812041618e-05	0.000195733020160501
NY.GDP.FRST.RT.ZS_isNA_rank	6.20899949828705e-09	0.000494007311308207	0.000587199060481503
BX.GSR.TOTL.CD_tend2	6.08753318963503e-09	0.000119701771586219	0.000587199060481503
NY.GDS.TOTL.ZS_rank	6.07564194912758e-09	6.65009842145664e-05	0.000195733020160501
FI.RES.XGLD.CD_tend2	6.05756863849266e-09	0.00016910250271704	0.000391466040321002
AG.LND.ARBL.ZS_delta1	6.02518780805018e-09	0.000119701771586219	0.000391466040321002
BX.GSR.TRVL.ZS_delta1	5.98332066337724e-09	0.000212803149486612	0.000587199060481503
year_cycle	5.84321113539345e-09	0.000269803993099098	0.000587199060481503
NY.GNP.MKTP.CN_isNA_rank	5.72310792433878e-09	8.93013216595606e-05	0.000391466040321002
NE.CON.PRVT.KD.ZG_isNA_rank	5.70854630256401e-09	0.000408506045889479	0.000587199060481503
BX.TRF.PWKR.DT.GD.ZS_lag1	5.67761764665681e-09	9.12013497799767e-05	0.000195733020160501
NE.IMP.GNFS.KD	5.67682041214471e-09	0.000106401574743306	0.000391466040321002
BM.KLT.DINV.WD.GD.ZS_lag1	5.61455790232154e-09	2.28003374449942e-05	0.000195733020160501
SE.SEC.ENRL.GC_rank	5.57174244750671e-09	2.85004218062427e-05	0.000195733020160501
EN.URB.MCTY.TL.ZS_min2	5.55940160932154e-09	0.000237503515052023	0.000391466040321002
NY.GDP.PETR.RT.ZS_rank	5.5475090787906e-09	6.2700927973734e-05	0.000195733020160501
SP.URB.TOTL.IN.ZS_delta1	5.53187935023126e-09	0.000165302446476208	0.000195733020160501
DC.DAC.CANL.CD_avg2	5.48466226997698e-09	0.000112101659104555	0.000391466040321002
MS.MIL.XPND.CD_ratioavg2	5.29140760784924e-09	0.000258403824376601	0.000587199060481503
NE.TRD.GNFS.ZS_delta1	5.23773570731274e-09	4.37006467695722e-05	0.000195733020160501
TX.VAL.TRVL.ZS.WT_lag1	5.15006584208687e-09	3.99005905287398e-05	0.000195733020160501
NY.GDP.PCAP.KD.ZG_isNA_rank	5.14946818563808e-09	0.000361005342879075	0.000782932080642004
FM.AST.PRVT.GD.ZS_ratiomax2	5.07275692293015e-09	0.000110201630984139	0.000195733020160501
EG.ELC.COAL.ZS_ratioavg2	5.03941722946382e-09	0.000452206692659051	0.000391466040321002
FI.RES.XGLD.CD_delta1	5.00169184806334e-09	5.89008717329017e-05	0.000195733020160501
EG.USE.ELEC.KH.PC_min2	4.99495524746199e-09	0.000106401574743306	0.000195733020160501
SP.POP.2024.FE.5Y_delta1	4.97550077890098e-09	4.75007030104046e-05	0.000391466040321002
SE.SEC.ENRR_lag1	4.97343582688218e-09	0.000188102783921202	0.000587199060481503
BM.GSR.INSF.ZS_lag1	4.90284669719801e-09	9.88014622616415e-05	0.000391466040321002
DT.ODA.ODAT.PC.ZS_delta1	4.78544557096243e-09	0.000473107001983629	0.000391466040321002
BX.GSR.FCTY.CD_rank	4.75151220542364e-09	2.47003655654104e-05	0.000195733020160501
SM.POP.NETM_lag1	4.74452945527833e-09	0.000140602080910798	0.000391466040321002
FS.AST.CGOV.GD.ZS_rank	4.68709071883216e-09	4.94007311308207e-05	0.000195733020160501
EG.ELC.FOSL.ZS_delta1	4.64225301238815e-09	0.000332504921072832	0.000587199060481503
EN.URB.MCTY.TL.ZS	4.62927781025846e-09	4.37006467695722e-05	0.000195733020160501
TX.VAL.MRCH.AL.ZS_lag1	4.62816473227553e-09	0.000756211191925641	0.000587199060481503
EN.GHG.CO2.IP.MT.CE.AR5_delta1	4.59253496850744e-09	0.000577608548606519	0.000782932080642004
DC.DAC.CANL.CD_lag1	4.58787478419212e-09	0.000212803149486612	0.000195733020160501
AG.PRD.LVSK.XD_min2	4.5803684804659e-09	0.000106401574743306	0.000195733020160501
BX.GSR.TRVL.ZS_max2	4.55719900554628e-09	0.00014440213715163	0.000195733020160501
FP.CPI.TOTL.ZG_isNA_rank	4.48281406341232e-09	0.000267903964978682	0.000782932080642004
EG.ELC.NUCL.ZS_max2	4.47647057705546e-09	7.60011248166473e-05	0.000195733020160501
clase_isNA_rank	4.47413481808183e-09	2.47003655654104e-05	0.000195733020160501
MS.MIL.XPND.CD_max2	4.47027499842261e-09	0.000167202474596624	0.000587199060481503
NE.CON.TOTL.KD.ZG	4.46502998543156e-09	0.000210903121366196	0.000782932080642004
NE.IMP.GNFS.ZS_rank	4.42084084543743e-09	2.47003655654104e-05	0.000195733020160501
NE.GDI.FTOT.ZS_isNA_rank	4.3637070729919e-09	0.00018430272768037	0.000391466040321002
AG.PRD.FOOD.XD_lag1	4.28821075521613e-09	6.08008998533178e-05	0.000195733020160501
AG.PRD.CROP.XD_delta1	4.28454408391457e-09	0.000112101659104555	0.000195733020160501
IT.MLT.MAIN.P2_tend2	4.24224767984552e-09	0.000423706270852809	0.000391466040321002
IT.MLT.MAIN.P2_delta1	4.2218579442598e-09	0.000469306945742797	0.000391466040321002
TM.VAL.MRCH.R1.ZS_rank	4.21712817522055e-09	1.90002812041618e-05	0.000195733020160501
BX.GSR.CMCP.ZS_ratioavg2	4.17900200475233e-09	0.00020900309324578	0.000195733020160501
NV.AGR.TOTL.CN	4.17016923029802e-09	3.04004499266589e-05	0.000195733020160501
BX.KLT.DINV.WD.GD.ZS_delta1	4.13955832636158e-09	0.000201402980764115	0.000587199060481503
BX.GSR.GNFS.CD_delta1	4.09440308124974e-09	9.31013779003929e-05	0.000391466040321002
EG.ELC.HYRO.ZS_delta1	4.01625798193528e-09	0.000258403824376601	0.000587199060481503
DC.DAC.CANL.CD_isNA_rank	4.00207539028787e-09	0.000754311163805224	0.000587199060481503
SG.LAW.INDX_rank	3.94528293111225e-09	0.000218503233847861	0.000195733020160501
FD.AST.PRVT.GD.ZS_min2	3.8733177791018e-09	2.0900309324578e-05	0.000195733020160501
BX.TRF.PWKR.CD.DT_avg2	3.76310692533337e-09	0.000520607704994034	0.000391466040321002
TM.VAL.MRCH.R4.ZS_rank	3.7608769482853e-09	0.000136802024669965	0.000391466040321002
ER.FSH.AQUA.MT	3.73290339325854e-09	4.56006748899884e-05	0.000195733020160501
SE.PRM.TCHR_lag1	3.61086834754492e-09	2.66003936858266e-05	0.000195733020160501
NE.CON.PRVT.KD.ZG_lag1	3.59701576513253e-09	6.65009842145664e-05	0.000391466040321002
BM.GSR.MRCH.CD	3.59365949960788e-09	2.0900309324578e-05	0.000195733020160501
TX.VAL.MANF.ZS.UN_delta1	3.55347075407078e-09	0.000119701771586219	0.000391466040321002
ER.FSH.AQUA.MT_delta1	3.51721460225494e-09	5.70008436124855e-05	0.000195733020160501
MS.MIL.MPRT.KD_min2	3.38510914335569e-09	2.85004218062427e-05	0.000195733020160501
BX.KLT.DINV.WD.GD.ZS_isNA_rank	3.35765571273349e-09	0.00041800618649156	0.000782932080642004
SE.ENR.PRIM.FM.ZS_delta1	3.34773033737786e-09	0.000106401574743306	0.000391466040321002
year_cycle_lag1	3.29323405468319e-09	0.000739110938841895	0.000391466040321002
TM.VAL.MRCH.R2.ZS_lag1	3.2855829009152e-09	0.00027360404933993	0.000587199060481503
EN.GHG.CO2.MT.CE.AR5_ratioavg2	3.26153586710994e-09	0.000133001968429133	0.000391466040321002
SP.DYN.CDRT.IN_lag1	3.23137910246869e-09	4.75007030104046e-05	0.000195733020160501
BX.GSR.GNFS.CD_ratioavg2	3.21378331280459e-09	9.31013779003929e-05	0.000195733020160501
NE.EXP.GNFS.CD	3.17770132334417e-09	0.000100701490382058	0.000391466040321002
BM.GSR.TOTL.CD_rank	3.14145760739553e-09	3.04004499266589e-05	0.000195733020160501
DC.DAC.CECL.CD_max2	3.10232162614062e-09	0.000148202193392462	0.000195733020160501
BX.GSR.CMCP.ZS_delta1	3.05199908378784e-09	0.000142502109031214	0.000391466040321002
BX.GSR.GNFS.CD	3.02541375732221e-09	4.1800618649156e-05	0.000195733020160501
EN.GHG.CH4.TR.MT.CE.AR5_lag1	3.00060742222699e-09	0.000231803430690774	0.000195733020160501
NE.IMP.GNFS.KD_delta1	2.93391041585969e-09	0.0001292019121883	0.000391466040321002
TX.VAL.MRCH.AL.ZS_rank	2.89263395905931e-09	7.03010404553988e-05	0.000195733020160501
NY.GDS.TOTL.ZS	2.88653747137579e-09	2.66003936858266e-05	0.000195733020160501
FI.RES.TOTL.CD_max2	2.87646731946074e-09	6.46009560941502e-05	0.000195733020160501
EN.GHG.N2O.PI.MT.CE.AR5_avg2	2.85796126310043e-09	4.75007030104046e-05	0.000195733020160501
BX.TRF.CURR.CD_ratiomax2	2.85626091417421e-09	0.000125401855947468	0.000195733020160501
NV.IND.MANF.CD_isNA_rank	2.85550200479013e-09	0.000142502109031214	0.000587199060481503
TM.VAL.FUEL.ZS.UN_lag1	2.84708977799107e-09	0.000406606017769063	0.000782932080642004
FI.RES.TOTL.MO_isNA_rank	2.84333977770432e-09	9.12013497799767e-05	0.000195733020160501
FD.AST.PRVT.GD.ZS_tend2	2.83302050429247e-09	0.000117801743465803	0.000391466040321002
BX.PEF.TOTL.CD.WD_avg2	2.83030133074459e-09	4.37006467695722e-05	0.000195733020160501
EN.GHG.N2O.AG.MT.CE.AR5_tend2	2.81947636812765e-09	0.00048260714258571	0.000195733020160501
TM.VAL.MRCH.OR.ZS_lag1	2.81219162185218e-09	8.93013216595606e-05	0.000195733020160501
BM.GSR.TOTL.CD_ratiomax2	2.78455624893073e-09	3.23004780470751e-05	0.000195733020160501
SE.SEC.ENRR.FE	2.72879544674248e-09	0.000188102783921202	0.000391466040321002
EN.URB.MCTY.TL.ZS_max2	2.70483188327388e-09	7.22010685758149e-05	0.000195733020160501
BM.GSR.TOTL.CD_ratioavg2	2.6785992720895e-09	0.000159602362114959	0.000195733020160501
AG.PRD.LVSK.XD_max2	2.67430711902253e-09	6.08008998533178e-05	0.000195733020160501
BX.GRT.EXTA.CD.WD_ratioavg2	2.67224059121555e-09	0.000182402699559954	0.000391466040321002
EN.GHG.CO2.BU.MT.CE.AR5	2.62770506971052e-09	3.42005061674913e-05	0.000195733020160501
DT.ODA.ALLD.KD_ratioavg2	2.6069621126318e-09	0.000275504077460346	0.000587199060481503
EG.ELC.PETR.ZS_ratiomax2	2.57731183733678e-09	8.17012091778958e-05	0.000391466040321002
TX.VAL.MRCH.R3.ZS_isNA_rank	2.54225731075653e-09	4.94007311308207e-05	0.000195733020160501
EN.GHG.CO2.IP.MT.CE.AR5_min2	2.53076062148174e-09	6.08008998533178e-05	0.000195733020160501
NE.IMP.GNFS.KD.ZG_rank	2.52552475908448e-09	2.66003936858266e-05	0.000195733020160501
EN.GHG.CO2.IP.MT.CE.AR5_avg2	2.52474486640704e-09	2.66003936858266e-05	0.000195733020160501
EN.GHG.N2O.IC.MT.CE.AR5_delta1	2.51462474649381e-09	7.98011810574797e-05	0.000391466040321002
DT.ODA.ALLD.CD	2.41005135657859e-09	6.84010123349826e-05	0.000391466040321002
EG.ELC.FOSL.ZS	2.37974910096618e-09	3.04004499266589e-05	0.000195733020160501
DC.DAC.FRAL.CD_avg2	2.37362230589553e-09	1.90002812041618e-05	0.000195733020160501
SP.DYN.AMRT.MA_delta1	2.3063169146563e-09	3.04004499266589e-05	0.000195733020160501
SP.POP.1564.FE.ZS_delta1	2.28453950570942e-09	0.000220403261968277	0.000587199060481503
BM.GSR.TRVL.ZS_avg2	2.2699794025699e-09	9.50014060208091e-05	0.000195733020160501
BX.GSR.TRVL.ZS_lag1	2.14950701618752e-09	3.99005905287398e-05	0.000195733020160501
NE.CON.PRVT.ZS_ratiomax2	2.14776656222747e-09	0.00018430272768037	0.000195733020160501
SE.SEC.ENRR.MA_lag1	2.13528096381228e-09	0.00027360404933993	0.000587199060481503
NE.EXP.GNFS.ZS_rank	2.11328720649683e-09	2.66003936858266e-05	0.000195733020160501
AG.CON.FERT.ZS_delta1	2.08485678720438e-09	3.80005624083236e-05	0.000195733020160501
BX.KLT.DINV.CD.WD_min2	2.00404148624614e-09	2.85004218062427e-05	0.000195733020160501
EG.ELC.COAL.ZS_lag1	1.98575946940707e-09	0.000152002249633295	0.000195733020160501
BX.GSR.TOTL.CD_isNA_rank	1.97163335302819e-09	4.75007030104046e-05	0.000195733020160501
NY.GDP.PCAP.KD.ZG_lag1	1.92520779199209e-09	7.03010404553988e-05	0.000195733020160501
BM.TRF.PWKR.CD.DT_lag1	1.8854765057236e-09	9.88014622616415e-05	0.000195733020160501
SP.POP.2529.FE.5Y	1.87867311783057e-09	4.37006467695722e-05	0.000391466040321002
TM.VAL.MRCH.R6.ZS	1.84378408983251e-09	0.000131101940308717	0.000391466040321002
NE.EXP.GNFS.CN_isNA_rank	1.79570478400968e-09	0.000349605174156578	0.000391466040321002
NV.IND.MANF.CD_lag1	1.76707651757151e-09	6.08008998533178e-05	0.000195733020160501
FI.RES.XGLD.CD_max2	1.75148480388137e-09	3.80005624083236e-05	0.000195733020160501
TM.VAL.INSF.ZS.WT_rank	1.73160302728889e-09	6.2700927973734e-05	0.000195733020160501
BX.GSR.GNFS.CD_ratiomax2	1.6789457710448e-09	4.56006748899884e-05	0.000195733020160501
BM.GSR.FCTY.CD_tend2	1.60841652947609e-09	0.000400905933407814	0.000391466040321002
NE.EXP.GNFS.KD_isNA_rank	1.60167970026299e-09	3.42005061674913e-05	0.000195733020160501
DC.DAC.FRAL.CD_max2	1.59455909722858e-09	0.000237503515052023	0.000391466040321002
SP.POP.0509.FE.5Y_rank	1.58493259908558e-09	0.000201402980764115	0.000391466040321002
TX.VAL.AGRI.ZS.UN_rank	1.57080404962443e-09	0.000140602080910798	0.000195733020160501
NY.GDP.COAL.RT.ZS_lag1	1.56451787950077e-09	2.47003655654104e-05	0.000195733020160501
DC.DAC.USAL.CD_ratiomax2	1.53239048151964e-09	3.99005905287398e-05	0.000195733020160501
NE.EXP.GNFS.ZS_delta1	1.53068154332315e-09	0.000153902277753711	0.000391466040321002
NV.AGR.TOTL.KD.ZG_isNA_rank	1.52045396771972e-09	8.3601237298312e-05	0.000391466040321002
NY.GDP.PCAP.KN	1.51863994159764e-09	7.60011248166473e-05	0.000391466040321002
EN.GHG.CO2.IC.MT.CE.AR5	1.51685520227451e-09	0.000461706833261132	0.000195733020160501
AG.YLD.CREL.KG_delta1	1.51151846493974e-09	8.55012654187282e-05	0.000391466040321002
TX.VAL.SERV.CD.WT_rank	1.51129431927733e-09	0.000305904527387005	0.000195733020160501
BX.GSR.TOTL.CD_ratioavg2	1.50811072094639e-09	7.79011529370635e-05	0.000391466040321002
NE.CON.TOTL.KD.ZG_tend2	1.49114343398878e-09	3.04004499266589e-05	0.000195733020160501
ER.FSH.PROD.MT	1.42042872296802e-09	5.89008717329017e-05	0.000195733020160501
TM.VAL.OTHR.ZS.WT_lag1	1.40481179666704e-09	0.000117801743465803	0.000195733020160501
NE.IMP.GNFS.KD_isNA_rank	1.40073937215675e-09	0.00010450154662289	0.000195733020160501
BX.GSR.TRVL.ZS_avg2	1.37895531509836e-09	0.000133001968429133	0.000391466040321002
EN.GHG.N2O.MT.CE.AR5_min2	1.30076601410904e-09	2.66003936858266e-05	0.000195733020160501
BX.PEF.TOTL.CD.WD_delta1	1.28345801398739e-09	7.22010685758149e-05	0.000195733020160501
NY.ADJ.DFOR.CD	1.26113074477822e-09	0.000108301602863722	0.000195733020160501
SP.DYN.LE00.IN_lag1	1.23799719456317e-09	3.42005061674913e-05	0.000195733020160501
BX.TRF.PWKR.CD.DT	1.20549252186638e-09	0.000252703740015352	0.000195733020160501
AG.LND.ARBL.ZS_ratioavg2	1.20344500149401e-09	0.000146302165272046	0.000587199060481503
NY.GDP.DEFL.KD.ZG_isNA_rank	1.17004411355932e-09	7.22010685758149e-05	0.000195733020160501
EG.ELC.FOSL.ZS_lag1	1.16084608283599e-09	5.51008154920693e-05	0.000195733020160501
SP.POP.0014.TO.ZS	1.15032745997258e-09	2.47003655654104e-05	0.000195733020160501
TM.VAL.MRCH.R3.ZS	1.14755387682669e-09	0.000182402699559954	0.000391466040321002
IT.MLT.MAIN_rank	1.14556606494625e-09	6.2700927973734e-05	0.000195733020160501
NY.GDP.PETR.RT.ZS_delta1	1.13424717030027e-09	7.60011248166473e-05	0.000195733020160501
FI.RES.TOTL.CD_ratioavg2	1.13370189860251e-09	3.23004780470751e-05	0.000195733020160501
DT.ODA.ODAT.PC.ZS_tend2	1.12663531326025e-09	9.69014341412253e-05	0.000195733020160501
SP.POP.0014.FE.ZS_rank	1.12576057936275e-09	9.12013497799767e-05	0.000195733020160501
TM.VAL.TRVL.ZS.WT_isNA_rank	1.12018091754273e-09	5.51008154920693e-05	0.000391466040321002
DT.ODA.ODAT.GN.ZS_max2	1.11299816476942e-09	9.88014622616415e-05	0.000195733020160501
EG.ELC.HYRO.ZS_rank	1.10514985785568e-09	3.80005624083236e-05	0.000195733020160501
IT.MLT.MAIN_avg2	1.09411855679921e-09	0.000281204161821595	0.000195733020160501
EN.URB.LCTY	1.06603977096452e-09	8.17012091778958e-05	0.000391466040321002
SP.POP.6569.MA.5Y_lag1	1.05384807337391e-09	2.0900309324578e-05	0.000195733020160501
TM.VAL.MRCH.AL.ZS_rank	1.04433578313262e-09	0.000115901715345387	0.000587199060481503
SH.MMR.RISK.ZS_delta1	9.64120620693667e-10	0.000136802024669965	0.000391466040321002
SE.SEC.ENRR.MA_isNA_rank	9.57743871326252e-10	0.000191902840162034	0.000391466040321002
SP.POP.0004.MA.5Y_delta1	9.02499211717706e-10	0.000326804836711583	0.000782932080642004
SP.POP.2529.MA.5Y_delta1	8.99720378666119e-10	8.55012654187282e-05	0.000195733020160501
FP.CPI.TOTL.ZG_lag1	8.63244540137709e-10	0.000370505483481156	0.000391466040321002
FI.RES.TOTL.CD_avg2	8.43068099320679e-10	0.000210903121366196	0.000195733020160501
BM.KLT.DINV.WD.GD.ZS_tend2	8.21415757333952e-10	3.04004499266589e-05	0.000195733020160501
SE.SEC.ENRL_delta1	8.02441104536324e-10	0.000298304414905341	0.000587199060481503
EN.GHG.N2O.FE.MT.CE.AR5_tend2	7.80345981890747e-10	8.55012654187282e-05	0.000195733020160501
FS.AST.PRVT.GD.ZS_ratiomax2	7.65205482490038e-10	0.000216603205727445	0.000195733020160501
NV.IND.TOTL.KD.ZG	7.54124474705969e-10	2.0900309324578e-05	0.000195733020160501
SP.DYN.AMRT.MA_rank	7.46192365254107e-10	7.03010404553988e-05	0.000195733020160501
AG.LND.AGRI.ZS_max2	7.45938083663381e-10	4.56006748899884e-05	0.000195733020160501
NY.ADJ.NNTY.PC.CD_lag1	7.28969604658757e-10	4.75007030104046e-05	0.000195733020160501
EN.GHG.N2O.IP.MT.CE.AR5_max2	7.2858945596674e-10	3.23004780470751e-05	0.000195733020160501
BX.KLT.DINV.WD.GD.ZS_lag1	7.24684081332713e-10	7.79011529370635e-05	0.000391466040321002
MS.MIL.MPRT.KD_max2	7.18650853788062e-10	7.41010966962311e-05	0.000195733020160501
EG.ELC.NGAS.ZS_rank	7.10401537359535e-10	0.000212803149486612	0.000391466040321002
NV.SRV.TOTL.KD	7.03488081070518e-10	0.000125401855947468	0.000195733020160501
TX.VAL.OTHR.ZS.WT_rank	7.03248169361622e-10	7.60011248166473e-05	0.000195733020160501
DC.DAC.CANL.CD_min2	7.01001177067108e-10	0.000191902840162034	0.000391466040321002
NE.CON.GOVT.CD_max2	6.93763132907577e-10	0.000186202755800786	0.000195733020160501
NY.GDP.MKTP.KD.ZG_lag1	6.61792954497181e-10	0.000359105314758658	0.000195733020160501
BX.GSR.TRAN.ZS_rank	6.24920164312661e-10	0.000150102221512878	0.000195733020160501
NV.IND.TOTL.KD.ZG_isNA_rank	6.20927198717123e-10	0.000121601799706636	0.000391466040321002
NY.ADJ.DMIN.CD_delta1	5.8912841788871e-10	0.000114001687224971	0.000391466040321002
DT.ODA.ODAT.PC.ZS_min2	5.73271804408238e-10	0.000136802024669965	0.000195733020160501
FM.AST.PRVT.GD.ZS_avg2	5.39412476419687e-10	0.000174802587078289	0.000195733020160501
BM.GSR.CMCP.ZS	5.24346765722132e-10	2.66003936858266e-05	0.000195733020160501
ER.H2O.INTR.PC_max2	5.225232930357e-10	0.000302104471146173	0.000195733020160501
AG.PRD.CREL.MT_delta1	4.99445328136265e-10	0.000193802868282451	0.000195733020160501
SP.POP.0014.MA.IN_rank	4.94230367385298e-10	0.000102601518502474	0.000195733020160501
SP.POP.3034.MA.5Y	4.8653911674818e-10	2.85004218062427e-05	0.000195733020160501
SM.POP.NETM	4.85798146242853e-10	0.000163402418355792	0.000391466040321002
NV.IND.MANF.KD	4.83072839980491e-10	7.22010685758149e-05	0.000195733020160501
SP.POP.DPND.OL	4.74681122921863e-10	0.000102601518502474	0.000195733020160501
DC.DAC.GBRL.CD_min2	4.74302182606273e-10	9.31013779003929e-05	0.000391466040321002
BX.KLT.DINV.WD.GD.ZS_ratioavg2	4.66744580034869e-10	0.000119701771586219	0.000587199060481503
MS.MIL.XPND.GD.ZS_delta1	4.61552629592989e-10	0.000201402980764115	0.000587199060481503
BX.GSR.TRAN.ZS_lag1	4.33003174889076e-10	3.04004499266589e-05	0.000195733020160501
FS.AST.PRVT.GD.ZS_rank	4.31572783788306e-10	5.51008154920693e-05	0.000195733020160501
EN.GHG.N2O.IC.MT.CE.AR5_ratiomax2	4.30222439461088e-10	0.000349605174156578	0.000195733020160501
NY.GDP.FCST.CD_lag1	4.22353132924582e-10	0.000131101940308717	0.000195733020160501
DT.ODA.ALLD.KD_isNA_rank	4.17827240666129e-10	8.17012091778958e-05	0.000195733020160501
TM.VAL.MRCH.RS.ZS_delta1	4.15663038486242e-10	4.75007030104046e-05	0.000195733020160501
DC.DAC.USAL.CD_avg2	4.11213110648548e-10	0.000123501827827052	0.000195733020160501
SP.POP.2529.MA.5Y_lag1	4.0471201281508e-10	8.74012935391444e-05	0.000195733020160501
EN.GHG.N2O.PI.MT.CE.AR5_max2	4.04142377635857e-10	1.90002812041618e-05	0.000195733020160501
EN.GHG.CH4.WA.MT.CE.AR5_ratioavg2	4.00161120228127e-10	7.60011248166473e-05	0.000391466040321002
SP.POP.DPND.YG_rank	3.99478403876558e-10	3.99005905287398e-05	0.000195733020160501
EN.GHG.N2O.PI.MT.CE.AR5_delta1	3.86272090570007e-10	8.93013216595606e-05	0.000195733020160501
BM.GSR.TOTL.CD_delta1	3.84973347182083e-10	0.000102601518502474	0.000195733020160501
BX.GSR.FCTY.CD_delta1	3.84567985879221e-10	0.000182402699559954	0.000195733020160501
BM.GSR.INSF.ZS_ratiomax2	3.59897086920239e-10	2.47003655654104e-05	0.000195733020160501
NY.GDP.DEFL.ZS_rank	3.49268763072601e-10	8.3601237298312e-05	0.000195733020160501
EN.GHG.CH4.BU.MT.CE.AR5	3.47268246910273e-10	0.000117801743465803	0.000195733020160501
DC.DAC.JPNL.CD_delta1	3.41341340161744e-10	0.000195702896402867	0.000391466040321002
DT.ODA.ALLD.CD_rank	3.37852185889007e-10	4.75007030104046e-05	0.000195733020160501
BX.GSR.FCTY.CD_max2	3.36647075344727e-10	0.0001292019121883	0.000195733020160501
NE.CON.TOTL.CD_ratioavg2	3.31653192878343e-10	0.000100701490382058	0.000391466040321002
EN.GHG.CO2.PI.MT.CE.AR5_rank	3.31523787908063e-10	8.55012654187282e-05	0.000195733020160501
FM.AST.NFRG.CN_rank	3.11974184197582e-10	4.37006467695722e-05	0.000195733020160501
TX.VAL.TRVL.ZS.WT_delta1	2.95329023451753e-10	0.000237503515052023	0.000391466040321002
ER.FSH.CAPT.MT_ratiomax2	2.94749333437603e-10	4.37006467695722e-05	0.000195733020160501
NY.GDP.DEFL.KD.ZG_rank	2.90365376421032e-10	5.32007873716531e-05	0.000195733020160501
BX.GSR.GNFS.CD_lag1	2.87614785086062e-10	6.84010123349826e-05	0.000195733020160501
TX.VAL.MMTL.ZS.UN_isNA_rank	2.87014483272664e-10	3.99005905287398e-05	0.000195733020160501
NE.GDI.FTOT.CD_isNA_rank	2.8288232577632e-10	4.37006467695722e-05	0.000195733020160501
IT.CEL.SETS_ratioavg2	2.7535054816868e-10	6.08008998533178e-05	0.000195733020160501
SH.STA.MMRT_delta1	2.57860458783081e-10	0.000131101940308717	0.000195733020160501
EN.GHG.N2O.PI.MT.CE.AR5_ratioavg2	2.55978049169387e-10	0.000239403543172439	0.000587199060481503
EN.GHG.N2O.FE.MT.CE.AR5_delta1	2.5548263524628e-10	0.000199502952643699	0.000195733020160501
NE.DAB.TOTL.CD_delta1	2.43878155528363e-10	9.69014341412253e-05	0.000195733020160501
NE.GDI.TOTL.CD_rank	2.40606068118297e-10	5.32007873716531e-05	0.000195733020160501
SE.PRM.ENRL_lag1	2.34925212937264e-10	2.66003936858266e-05	0.000195733020160501
EN.POP.DNST_ratioavg2	2.26986539062112e-10	0.000148202193392462	0.000195733020160501
BM.GSR.NFSV.CD_tend2	2.24908213255563e-10	3.99005905287398e-05	0.000195733020160501
NY.GDP.FCST.CD_delta1	2.24186616576e-10	7.03010404553988e-05	0.000195733020160501
NE.CON.GOVT.CD_ratioavg2	2.2348348846047e-10	3.42005061674913e-05	0.000195733020160501
NE.CON.GOVT.ZS_rank	2.1671769087195e-10	0.000100701490382058	0.000195733020160501
NY.GDP.PCAP.KD_delta1	2.13251512080728e-10	0.000100701490382058	0.000195733020160501
NY.GDS.TOTL.ZS_isNA_rank	2.12759699813372e-10	0.000210903121366196	0.000587199060481503
FM.AST.DOMS.CN_isNA_rank	2.0465629790011e-10	6.08008998533178e-05	0.000195733020160501
BX.GSR.GNFS.CD_max2	1.73799524060868e-10	2.66003936858266e-05	0.000195733020160501
SP.POP.65UP.FE.ZS_delta1	1.70382121220808e-10	0.00010450154662289	0.000195733020160501
SE.PRM.TCHR_rank	1.69672265387876e-10	0.00010450154662289	0.000195733020160501
MS.MIL.MPRT.KD_isNA_rank	1.68875014546366e-10	3.04004499266589e-05	0.000195733020160501
SP.DYN.TFRT.IN_lag1	1.61590839800283e-10	6.08008998533178e-05	0.000195733020160501
NY.GDP.FCST.KD_delta1	1.56652499274521e-10	2.85004218062427e-05	0.000195733020160501
NV.AGR.TOTL.ZS_delta1	1.51452298270075e-10	9.12013497799767e-05	0.000391466040321002
EG.ELC.HYRO.ZS_lag1	1.50551782273508e-10	0.000127301884067884	0.000195733020160501
TM.VAL.MRCH.HI.ZS_rank	1.45992063639819e-10	9.12013497799767e-05	0.000391466040321002
NY.GDP.MKTP.KD.ZG	1.45775413177132e-10	7.03010404553988e-05	0.000195733020160501
DC.DAC.USAL.CD_rank	1.3999176435279e-10	0.00010450154662289	0.000195733020160501
EN.GHG.CO2.MT.CE.AR5_tend2	1.3752359018399e-10	3.04004499266589e-05	0.000195733020160501
EG.ELC.HYRO.ZS_tend2	1.33257249961291e-10	0.000106401574743306	0.000391466040321002
NE.RSB.GNFS.CN_isNA_rank	1.32864982677437e-10	9.69014341412253e-05	0.000391466040321002
BM.KLT.DINV.WD.GD.ZS_ratiomax2	1.32305943244886e-10	6.65009842145664e-05	0.000195733020160501
TM.VAL.MRCH.R2.ZS	1.29546546274943e-10	0.000146302165272046	0.000391466040321002
AG.LND.ARBL.ZS_ratiomax2	1.19894398709347e-10	0.000100701490382058	0.000195733020160501
SP.POP.0014.TO	1.18014385436742e-10	2.66003936858266e-05	0.000195733020160501
DC.DAC.DEUL.CD_max2	1.05389880885441e-10	0.000127301884067884	0.000391466040321002
BX.TRF.CURR.CD_tend2	9.86004628036651e-11	5.70008436124855e-05	0.000195733020160501
EN.GHG.CH4.IC.MT.CE.AR5	9.47543231086543e-11	4.56006748899884e-05	0.000195733020160501
NE.CON.TOTL.KD.ZG_rank	8.9871641380862e-11	4.37006467695722e-05	0.000195733020160501
FS.AST.PRVT.GD.ZS_isNA_rank	7.72956270160278e-11	0.000112101659104555	0.000195733020160501
BM.KLT.DINV.WD.GD.ZS_max2	7.58281844813157e-11	5.51008154920693e-05	0.000195733020160501
FP.CPI.TOTL_isNA_rank	7.22201439305618e-11	5.32007873716531e-05	0.000195733020160501
SH.DTH.IMRT_delta1	7.07456389255191e-11	0.000167202474596624	0.000195733020160501
DC.DAC.GBRL.CD_lag1	6.95814580503341e-11	7.79011529370635e-05	0.000195733020160501
TX.VAL.TRVL.ZS.WT_rank	6.66952305438412e-11	3.80005624083236e-05	0.000195733020160501
BM.KLT.DINV.CD.WD_ratiomax2	6.58233175521137e-11	4.94007311308207e-05	0.000195733020160501
BX.GRT.TECH.CD.WD	6.45842010090737e-11	3.61005342879075e-05	0.000195733020160501
BX.TRF.PWKR.CD.DT_ratiomax2	5.76348975801884e-11	7.60011248166473e-05	0.000195733020160501
TX.VAL.FOOD.ZS.UN_isNA_rank	5.31402434853021e-11	3.04004499266589e-05	0.000195733020160501
NE.RSB.GNFS.CD_rank	5.22676732347751e-11	5.70008436124855e-05	0.000195733020160501
NY.GDP.PETR.RT.ZS_lag1	5.08140208877953e-11	8.17012091778958e-05	0.000195733020160501
IT.CEL.SETS_rank	5.06749677869848e-11	7.60011248166473e-05	0.000195733020160501
NY.GDP.PCAP.KD.ZG_rank	4.92982637077867e-11	3.61005342879075e-05	0.000195733020160501
DT.NFL.UNDP.CD_lag1	4.13465671272271e-11	2.47003655654104e-05	0.000195733020160501
DC.DAC.FRAL.CD_ratiomax2	4.09945376812434e-11	9.69014341412253e-05	0.000195733020160501
SE.PRM.ENRR.MA	3.73880280127866e-11	6.08008998533178e-05	0.000195733020160501
AG.LND.CROP.ZS_rank	3.33008274265683e-11	4.75007030104046e-05	0.000195733020160501
DC.DAC.TOTL.CD_isNA_rank	2.96426923247003e-11	0.000134901996549549	0.000195733020160501
EG.USE.PCAP.KG.OE_delta1	2.8616384750369e-11	6.65009842145664e-05	0.000195733020160501
IT.MLT.MAIN.P2_ratiomax2	2.4882634268906e-11	0.000140602080910798	0.000195733020160501
EN.GHG.ALL.PC.CE.AR5_delta1	2.16407909695013e-11	8.3601237298312e-05	0.000195733020160501
NE.GDI.TOTL.CD_delta1	1.75759678001139e-11	4.1800618649156e-05	0.000195733020160501
SE.SEC.ENRL.GC.FE.ZS	1.70062683238342e-11	6.08008998533178e-05	0.000195733020160501
EG.USE.ELEC.KH.PC_delta1	1.66150431881037e-11	0.000161502390235375	0.000195733020160501
NY.ADJ.NNTY.PC.CD_rank	1.39618169878181e-11	6.84010123349826e-05	0.000195733020160501
EN.GHG.CH4.IC.MT.CE.AR5_tend2	1.1641806710673e-11	4.56006748899884e-05	0.000195733020160501
EN.GHG.CO2.RT.GDP.KD_avg2	1.1336798824739e-11	8.3601237298312e-05	0.000195733020160501
NE.EXP.GNFS.CD_isNA_rank	9.31985017183422e-12	7.79011529370635e-05	0.000195733020160501
BM.KLT.DINV.WD.GD.ZS_rank	7.4111338767465e-12	2.85004218062427e-05	0.000195733020160501
BX.GSR.TRVL.ZS_ratiomax2	6.32442738255931e-12	9.12013497799767e-05	0.000195733020160501
EN.GHG.CH4.TR.MT.CE.AR5_delta1	4.77391203028899e-12	7.79011529370635e-05	0.000195733020160501
NE.GDI.TOTL.CD	2.54224157124534e-12	7.60011248166473e-05	0.000195733020160501
NY.ADJ.DKAP.GN.ZS_rank	1.20997275402944e-12	0.000121601799706636	0.000195733020160501
NY.GDP.COAL.RT.ZS_rank	1.19864741436899e-12	6.46009560941502e-05	0.000195733020160501
AG.LND.CROP.ZS_max2	7.0635732037616e-13	2.28003374449942e-05	0.000195733020160501
