Feature	Gain	Cover	Frequency
SP.URB.TOTL.IN.ZS	0.327831929932088	0.000917853498380585	0.000700967334922193
NE.CON.PRVT.PC.KD	0.159067478367277	0.000351058165845867	0.000280386933968877
urban_health_access_rank	0.116361297522266	0.000241248502595501	0.000140193466984439
NY.GDP.PCAP.KD	0.110342924198221	0.00088346865433249	0.000700967334922193
NY.GDP.PCAP.CD	0.0719834637130413	0.000723745507786503	0.000420580400953316
EN.URB.LCTY_min2	0.0245193843570596	0.000189116642264519	0.000280386933968877
SP.POP.2024.FE.5Y_rank	0.0148879923206222	0.001808531878078	0.00140193466984439
EN.URB.LCTY_avg2	0.0129821865005109	0.000151404232663383	0.000280386933968877
SH.DYN.MORT.FE	0.0123138116008458	0.000652757442654954	0.000420580400953316
SH.DTH.MORT_lag1	0.0107748651806453	0.000240693908336661	0.000280386933968877
NY.GNP.PCAP.CD	0.00949967738473539	0.000482497005191002	0.000280386933968877
NY.GDP.DEFL.ZS_lag1	0.00937106140458836	0.00136541106526465	0.00210290200476658
NY.GDP.DEFL.ZS	0.0068366862396639	0.000444784595589867	0.000841160801906631
SH.DTH.NMRT_delta1	0.00623218719163481	0.000694352012067971	0.00112154773587551
SH.IMM.IDPT_rank	0.00600179035003589	0.000471959714273038	0.000420580400953316
FP.CPI.TOTL_rank	0.00548145906609465	0.000260104707396069	0.000560773867937754
TX.VAL.MRCH.R2.ZS	0.00449276513940723	0.00132936243844004	0.00140193466984439
EN.GHG.N2O.FE.MT.CE.AR5_avg2	0.00325361002021722	8.31891388260349e-05	0.000140193466984439
TX.VAL.MRCH.RS.ZS_rank	0.00296618497737714	0.000337193309374861	0.000280386933968877
SP.RUR.TOTL	0.00276557475799449	0.000360486268246151	0.000420580400953316
EG.ELC.PETR.ZS_max2	0.0027196141577866	0.000250676604995785	0.000420580400953316
SP.RUR.TOTL_rank	0.00264525654932644	8.31891388260349e-05	0.000140193466984439
EG.ELC.PETR.ZS_min2	0.00248054885234692	0.000371578153422956	0.000700967334922193
NE.CON.TOTL.KD.ZG_min2	0.00190321453686173	0.000228492834642176	0.000560773867937754
FP.CPI.TOTL_max2	0.00188203986590039	0.000124229113980212	0.000280386933968877
DC.DAC.DEUL.CD_avg2	0.00184232322482168	0.000322773858645015	0.000420580400953316
BM.GSR.MRCH.CD_max2	0.00183451192077082	0.000181906916899596	0.000280386933968877
EG.ELC.PETR.ZS_lag1	0.00179377887714665	0.000450330538178269	0.000560773867937754
SP.DYN.LE00.FE.IN	0.00176533025510958	0.000425928390789299	0.000420580400953316
SP.POP.4044.MA.5Y	0.00175953802826346	0.000723745507786503	0.000420580400953316
EG.ELC.NGAS.ZS_max2	0.00171677062692588	4.49221349660588e-05	0.000140193466984439
FP.CPI.TOTL	0.00167238961848527	0.000373796530458317	0.000700967334922193
BG.GSR.NFSV.GD.ZS_max2	0.0016505541900642	0.000128111273792094	0.000280386933968877
SP.POP.4549.MA.5Y_lag1	0.0016006349276484	0.00592306668441368	0.0036450301415954
SE.TER.ENRR	0.00149392055812803	0.00136152890545277	0.00140193466984439
YearsSinceFirst	0.00143919677008937	6.2114556990106e-05	0.000140193466984439
NV.IND.TOTL.CN	0.00132097828677456	0.000146967478592662	0.000140193466984439
BG.GSR.NFSV.GD.ZS	0.00124881472722086	0.000248458227960424	0.000280386933968877
BX.TRF.PWKR.DT.GD.ZS_max2	0.00117183721711892	0.000129220462309774	0.000280386933968877
SP.POP.80UP.FE.5Y_lag1	0.00112031577443043	5.54594258840233e-05	0.000140193466984439
SP.POP.65UP.MA.ZS	0.00103917499354771	0.000318337104574293	0.000280386933968877
SP.DYN.CDRT.IN_rank	0.00102177188203799	0.000183016105417277	0.000280386933968877
EG.ELC.NUCL.ZS_min2	0.00102122646916796	0.000645547717290031	0.000700967334922193
TM.VAL.INSF.ZS.WT	0.00100568897029032	0.000244576068148543	0.000560773867937754
DT.ODA.ODAT.GN.ZS_rank	0.000969210043751618	0.000158059363769466	0.000140193466984439
DT.ODA.ODAT.GN.ZS_max2	0.00095369655884704	0.000179133945605395	0.000140193466984439
SP.POP.6064.FE.5Y_delta1	0.00086525615431671	0.000636119614889747	0.00098135426889107
SH.MMR.DTHS_lag1	0.000845167405293772	0.014950752029815	0.00883218842001963
SH.IMM.MEAS_rank	0.000830955656268807	0.000346066817516305	0.000280386933968877
AG.LND.AGRI.ZS	0.00081035322482466	0.0103664758862416	0.00785083415112856
NY.ADJ.NNTY.PC.CD	0.000799455110993151	0.00184901725897334	0.00210290200476658
EG.ELC.HYRO.ZS_max2	0.000793655279276348	0.0225514663472204	0.0142997336324127
TX.VAL.MRCH.R3.ZS	0.000755669735755574	0.000699343360397533	0.00112154773587551
SP.POP.80UP.MA.5Y_lag1	0.000755032045498764	0.000460867829096233	0.000280386933968877
NE.CON.PRVT.PC.KD_avg2	0.00075450035812968	0.000240693908336661	0.000280386933968877
DT.ODA.ODAT.GN.ZS	0.000742685160434952	0.000463086206131594	0.000420580400953316
DC.DAC.GBRL.CD_isNA_rank	0.000731060544154923	0.000560140201428635	0.000700967334922193
ER.FSH.AQUA.MT_min2	0.000669211254361652	0.015502573317361	0.0091125753539885
FM.AST.NFRG.CN	0.000574465991374897	0.0114113314698966	0.00785083415112856
SP.POP.65UP.TO.ZS	0.000565797496187509	0.000219619326500732	0.000140193466984439
AG.LND.AGRI.K2_ratioavg2	0.000560928683370169	0.00732785394205599	0.00476657787747091
AG.LND.AGRI.ZS_min2	0.000556756603937217	0.000486933759261724	0.000420580400953316
SP.POP.1564.MA.ZS_lag1	0.00055422746174262	0.000230711211677537	0.000280386933968877
NY.GDP.PCAP.KD_rank	0.000549336817983916	0.000156395580992946	0.000140193466984439
SP.POP.6569.FE.5Y	0.000524070139953401	0.000425373796530458	0.000420580400953316
SE.PRM.TCHR_rank	0.000484846053140727	0.00150683260126891	0.00126174120285995
SP.POP.5054.MA.5Y_lag1	0.000474187651114235	0.00841485868938285	0.00588812561334642
NY.GDP.TOTL.RT.ZS_lag1	0.000459685654822064	0.0080682372776077	0.0061685125473153
SP.POP.7074.MA.5Y_delta1	0.00045184673914169	0.000469186742978837	0.000841160801906631
DT.NFL.UNDP.CD	0.0004374778718263	0.00125338302497893	0.00112154773587551
SP.POP.1014.MA.5Y_lag1	0.000436671006195416	0.00477006522028484	0.00294406280667321
DC.DAC.JPNL.CD_min2	0.000426483064001504	0.000127002085274413	0.000140193466984439
urban_development_ratio_lag1	0.000416304530050231	0.000217955543724211	0.000140193466984439
SP.POP.7074.FE.5Y_delta1	0.000408664475809099	0.000582323971782244	0.000700967334922193
EN.GHG.N2O.PI.MT.CE.AR5	0.000405054917209954	0.00627246106748303	0.0036450301415954
AG.YLD.CREL.KG_lag1	0.000404874373326512	0.00444174541905142	0.00294406280667321
SP.POP.DPND.OL	0.000401098323134624	0.000241248502595501	0.000140193466984439
NY.ADJ.NNTY.PC.CD_lag1	0.000387991986907865	0.000321664670127335	0.000420580400953316
AG.LND.PRCP.MM_max2	0.000374298032259187	0.00014308531878078	0.000140193466984439
TX.VAL.MANF.ZS.UN_lag1	0.00036353234343191	0.00389824304538799	0.00252348240571989
AG.LND.AGRI.K2	0.000360485759236769	0.000637783397666267	0.000560773867937754
EN.GHG.N2O.PI.MT.CE.AR5_avg2	0.000358820312416549	0.000199099338923643	0.000140193466984439
SP.DYN.AMRT.FE	0.000354814551329147	0.000125338302497893	0.000140193466984439
SE.TER.ENRR_lag1	0.00034943713090769	0.00155785527308221	0.00140193466984439
NY.GDP.PCAP.KD_delta1	0.00033534567450051	0.00563634145259328	0.00350483667461096
SP.DYN.TO65.FE.ZS_lag1	0.000326626875178174	0.00430864279692977	0.00294406280667321
NY.GSR.NFCY.CN_lag1	0.00032655762511398	0.000354940325657749	0.000280386933968877
SP.POP.1519.MA.5Y	0.000323667461793248	0.000799724921247615	0.000700967334922193
BX.GRT.EXTA.CD.WD_lag1	0.000307031153538028	0.000222946892053773	0.000280386933968877
SP.URB.GROW	0.000306511853940552	0.00685201206797107	0.00420580400953316
year	0.000303457759476521	0.000776431962376326	0.000560773867937754
SP.POP.6064.MA.5Y_delta1	0.000302061982870844	0.000505789964062292	0.000560773867937754
EN.GHG.CO2.PC.CE.AR5_lag1	0.00029925526211855	0.000236257154265939	0.000280386933968877
SH.DYN.MORT	0.00029124486020877	0.000219619326500732	0.000140193466984439
AG.LND.PRCP.MM_min2	0.000289559552931135	0.00016748746616975	0.000280386933968877
SP.POP.2529.MA.5Y_delta1	0.000285062872172909	0.000361040862504991	0.000420580400953316
SH.IMM.MEAS	0.000268628191779217	4.21491636718577e-05	0.000140193466984439
MS.MIL.XPND.GD.ZS_min2	0.000261489807400603	0.000519100226274458	0.000700967334922193
IT.CEL.SETS.P2_min2	0.000260006272846134	0.00127279382403833	0.00098135426889107
SH.DYN.MORT_lag1	0.000257564436624929	0.00105151071476108	0.000841160801906631
SP.POP.80UP.FE.5Y_delta1	0.000256513141486341	0.00472292470828342	0.00308425627365765
SE.PRM.TCHR_lag1	0.000255850731771741	0.000301144682550246	0.000420580400953316
BX.GSR.TRVL.ZS_min2	0.000249958896113904	0.000285061449043879	0.000280386933968877
SP.POP.1014.FE.5Y_rank	0.00024940567978734	0.000200208527441324	0.000280386933968877
SP.DYN.AMRT.FE_lag1	0.000233448206032939	0.0036364745552154	0.00238328893873545
DC.DAC.CANL.CD_max2	0.000229810714073835	0.000566795332534718	0.000700967334922193
AG.LND.PRCP.MM	0.000226516821038753	0.000139203158968898	0.000140193466984439
DT.ODA.ODAT.KD_isNA_rank	0.000224261214750016	0.0031966813079551	0.00196270853778214
BM.TRF.PWKR.CD.DT	0.00022373772780521	0.00832335063667421	0.0061685125473153
SP.POP.7579.MA.5Y_delta1	0.000220664498490651	0.00198322906961267	0.00126174120285995
NE.CON.PRVT.CD	0.000217893338139291	4.82497005191002e-05	0.000140193466984439
SP.RUR.TOTL.ZS_delta1	0.000217491534590641	0.000945028617063756	0.00098135426889107
SP.POP.5054.MA.5Y	0.000216223131991709	0.000210745818359288	0.000140193466984439
SH.DYN.MORT.MA_lag1	0.000216088239843242	0.00439072274723812	0.00280386933968877
FS.AST.PRVT.GD.ZS	0.000208345375975115	0.00177248325125338	0.00168232160381326
SH.DYN.NMRT_lag1	0.000208200067118959	0.000219619326500732	0.000140193466984439
SP.POP.4549.FE.5Y_lag1	0.000204070617604177	0.00101989884200719	0.000841160801906631
TX.VAL.MRCH.R6.ZS_lag1	0.00020185530158211	0.000449221349660588	0.00098135426889107
EN.URB.LCTY_ratioavg2	0.000200183235247101	0.000196880961888283	0.000280386933968877
SH.MMR.RISK.ZS_rank	0.000191183028402758	0.000241248502595501	0.000140193466984439
SP.POP.4044.FE.5Y_delta1	0.000189200157596774	0.00277518967123652	0.00224309547175102
NY.GSR.NFCY.CN_delta1	0.000180868465527908	0.00277019832290696	0.00196270853778214
SP.POP.0004.FE.5Y_lag1	0.000180131068137515	0.000439238653001464	0.000280386933968877
DC.DAC.CANL.CD_avg2	0.000176657774239767	0.000229602023159856	0.000280386933968877
SP.POP.4044.MA.5Y_delta1	0.000163509184205958	0.0032077731931319	0.00266367587270433
NE.EXP.GNFS.CN_delta1	0.00016061872869271	0.000988841563512135	0.000841160801906631
SP.DYN.LE00.MA.IN	0.000157924244600093	0.00482497005191002	0.00280386933968877
SP.POP.1014.MA.5Y	0.000157100011908405	0.000158613958028307	0.000140193466984439
DC.DAC.TOTL.CD_rank	0.000155753587504182	0.00174919029238209	0.00112154773587551
NE.CON.PRVT.PC.KD_tend2	0.000154293846475611	0.00117795820577665	0.00098135426889107
BX.GSR.FCTY.CD_tend2	0.000145371196860685	0.00303307600159723	0.00224309547175102
SH.DYN.NMRT	0.00014514155865965	0.000155286392475265	0.000280386933968877
NV.SRV.TOTL.ZS	0.000141567970714475	0.00148298504813878	0.00112154773587551
year_cycle	0.000141504891386179	0.000998824260171259	0.00098135426889107
SP.POP.0004.MA.5Y_lag1	0.000140631713186582	0.0032532499223568	0.00196270853778214
SH.MMR.RISK.ZS	0.000134379086772614	0.0018595545498913	0.00112154773587551
YearsSinceFirst_lag1	0.000127682757895399	0.00199820311460136	0.00168232160381326
NY.GDP.PCAP.CN_lag1	0.000126750600968999	0.000154177203957585	0.000280386933968877
EN.GHG.N2O.PI.MT.CE.AR5_max2	0.000123410265685284	0.00035882248546963	0.000280386933968877
SP.POP.6569.FE.5Y_delta1	0.000121961426109336	0.000781423310705888	0.00140193466984439
FM.AST.NFRG.CN_min2	0.000107961901677967	0.000355494919916589	0.000420580400953316
SP.POP.5054.FE.5Y_lag1	0.000105574085890891	0.00412396290873597	0.00322444974064209
NE.CON.GOVT.ZS_avg2	0.000103791875617442	0.000254004170548826	0.000280386933968877
IS.AIR.GOOD.MT.K1	0.000103524227184756	0.000435356493189583	0.000280386933968877
SP.POP.0014.MA.ZS	0.000102102522718409	0.000438684058742624	0.000280386933968877
SE.SEC.AGES_rank	9.86410480366642e-05	4.15945694130174e-05	0.000140193466984439
FI.RES.TOTL.CD_min2	9.05633564681203e-05	0.00241248502595501	0.00140193466984439
mortality_efficiency	8.85495806611116e-05	0.00213130573672301	0.00140193466984439
BX.GSR.GNFS.CD_isNA_rank	8.76916929638054e-05	0.000270641998314033	0.000280386933968877
NE.IMP.GNFS.KD_delta1	8.74706453548233e-05	0.000172478814499312	0.000140193466984439
NV.IND.MANF.ZS_lag1	8.5795777001704e-05	0.000149185855628023	0.000280386933968877
TX.VAL.FUEL.ZS.UN_delta1	8.42815863777283e-05	0.000455321886507831	0.000420580400953316
TM.VAL.FOOD.ZS.UN	8.35540161907695e-05	0.000427592173565819	0.000700967334922193
EN.GHG.N2O.WA.MT.CE.AR5	8.18466202605907e-05	5.15772660721416e-05	0.000140193466984439
EG.ELC.HYRO.ZS_lag1	8.14383788775006e-05	0.0109399263498824	0.007991027618113
SM.POP.RHCR.EO_lag1	7.95038259621865e-05	0.000605062336394694	0.000700967334922193
NE.CON.PRVT.ZS_avg2	7.88125039336939e-05	0.00188340210302143	0.00126174120285995
AG.LND.ARBL.ZS_delta1	7.62253775411935e-05	0.00144083588446692	0.00112154773587551
PA.NUS.ATLS_rank	7.47497701780761e-05	0.000360486268246151	0.000420580400953316
EN.GHG.CH4.PI.MT.CE.AR5_tend2	7.35827189636534e-05	0.00140423266338347	0.00126174120285995
SP.DYN.AMRT.MA	7.29671959538093e-05	0.000219619326500732	0.000140193466984439
TX.VAL.MRCH.R3.ZS_delta1	7.27108766800202e-05	0.00126225653312037	0.00154212813682882
EN.GHG.CH4.FE.MT.CE.AR5_ratioavg2	7.06685630697327e-05	0.000300035494032566	0.000560773867937754
SE.PRM.ENRL.FE.ZS_lag1	6.85476197446814e-05	0.000727627667598385	0.00098135426889107
EN.GHG.CO2.PC.CE.AR5_max2	6.79641554961776e-05	0.000679932561338125	0.000420580400953316
EG.ELC.NUCL.ZS_tend2	6.79446644984314e-05	0.00500410399751542	0.0036450301415954
MS.MIL.MPRT.KD_tend2	6.60531295287666e-05	0.001419761302631	0.00126174120285995
SH.DYN.MORT.FE_lag1	6.53502051875409e-05	0.000657748790984516	0.000420580400953316
FM.AST.PRVT.GD.ZS_tend2	6.51145096865532e-05	0.000711544434092018	0.000560773867937754
NV.IND.TOTL.ZS_isNA_rank	6.4635630542119e-05	0.000217400949465371	0.000560773867937754
MS.MIL.XPND.CD_delta1	6.4449800790099e-05	0.000569568303828919	0.000560773867937754
SH.IMM.IDPT_lag1	6.22621407235334e-05	0.000127002085274413	0.000140193466984439
AG.PRD.CROP.XD_min2	6.09093499177112e-05	0.000312791161985891	0.000560773867937754
SP.POP.0014.FE.ZS	5.84113409739572e-05	0.000217955543724211	0.000140193466984439
MS.MIL.XPND.GD.ZS	5.75793521120847e-05	0.000462531611872754	0.000560773867937754
SP.DYN.LE00.MA.IN_lag1	5.62766441620074e-05	0.000702116331691734	0.000420580400953316
SP.POP.5559.MA.5Y_lag1	5.45948107137612e-05	0.00291051067039354	0.0018225150707977
EN.POP.DNST_tend2	5.45834582417257e-05	0.000233484182971738	0.000420580400953316
EG.USE.PCAP.KG.OE_lag1	5.35166996925289e-05	0.000496916455920848	0.000700967334922193
IT.CEL.SETS.P2	5.32658958153719e-05	0.000294489551444163	0.000420580400953316
NE.TRD.GNFS.ZS_delta1	5.29594985768505e-05	7.70886019787923e-05	0.000140193466984439
SP.POP.1014.FE.5Y_lag1	5.27845709383511e-05	0.00134100891787568	0.000841160801906631
NE.CON.PRVT.ZS	5.2543472523657e-05	0.000880141088779449	0.000560773867937754
FM.AST.PRVT.GD.ZS_max2	5.1058677164256e-05	0.0012805581436621	0.00112154773587551
SP.POP.0014.FE.ZS_lag1	5.0684416128163e-05	0.000219619326500732	0.000140193466984439
SH.MMR.RISK	4.79908850097809e-05	0.00616376059275034	0.0036450301415954
NV.IND.MANF.KD_delta1	4.65430475450064e-05	0.0028134566750965	0.00210290200476658
SP.POP.5559.FE.5Y_lag1	4.59658041892582e-05	0.000550157504769511	0.000420580400953316
SP.POP.3539.MA.5Y_delta1	4.58233432356334e-05	0.000185789076711478	0.000420580400953316
AG.LND.AGRI.K2_ratiomax2	4.57578454963503e-05	0.0013826034872887	0.000841160801906631
BM.GSR.NFSV.CD_min2	4.52970997606539e-05	5.37956431075026e-05	0.000140193466984439
IT.CEL.SETS.P2_tend2	4.52851025452777e-05	0.000395980300811926	0.000560773867937754
SP.POP.5559.FE.5Y_delta1	4.40596620767006e-05	0.00131605217622787	0.00140193466984439
ER.FSH.AQUA.MT_max2	4.35711790862954e-05	0.000199653933182484	0.000140193466984439
FM.AST.NFRG.CN_lag1	4.10038541988819e-05	0.000399862460623808	0.000560773867937754
IS.AIR.GOOD.MT.K1_tend2	4.09738038501442e-05	0.00131050623363947	0.00112154773587551
EN.GHG.N2O.WA.MT.CE.AR5_ratioavg2	3.95231031412737e-05	0.000928390789298549	0.00112154773587551
BM.GSR.TRVL.ZS_ratioavg2	3.87775982919726e-05	0.000312236567727051	0.000560773867937754
NV.IND.MANF.KD	3.86778362755645e-05	0.000272305781090554	0.000420580400953316
EN.GHG.CH4.BU.MT.CE.AR5_rank	3.84780068723819e-05	0.000104263720661964	0.000140193466984439
NY.ADJ.DKAP.GN.ZS_delta1	3.80621718339652e-05	0.000315009539021252	0.000420580400953316
IT.CEL.SETS_tend2	3.69843151197687e-05	0.000689915257997249	0.000841160801906631
SE.SEC.ENRL.GC_delta1	3.67556450577223e-05	0.00177802919384179	0.00168232160381326
SP.DYN.AMRT.MA_lag1	3.62083550551578e-05	0.00153622609698744	0.00098135426889107
TX.VAL.FOOD.ZS.UN_delta1	3.60777058757623e-05	0.00153899906828165	0.00154212813682882
NV.SRV.TOTL.KD.ZG_lag1	3.59796782606565e-05	0.00059618882825325	0.000841160801906631
SE.SEC.ENRL.GC.FE.ZS_rank	3.57324592709355e-05	0.000469741337237677	0.000560773867937754
TM.VAL.AGRI.ZS.UN_rank	3.45393980836675e-05	0.000556258041616753	0.000560773867937754
NE.CON.PRVT.ZS_max2	3.37414867132415e-05	0.00526143573361729	0.00336464320762652
SP.POP.DPND.YG_lag1	3.32872341418269e-05	0.000765340077199521	0.000560773867937754
SP.POP.0014.TO.ZS	3.31542000602672e-05	0.000220728515018413	0.000140193466984439
FD.AST.PRVT.GD.ZS_rank	3.31533433802034e-05	0.000839101113625272	0.000700967334922193
SP.POP.6569.MA.5Y_delta1	3.29061801935874e-05	0.00130440569679223	0.00168232160381326
SP.POP.7579.FE.5Y_delta1	3.27706984981936e-05	0.0028506144904388	0.00196270853778214
SP.ADO.TFRT	3.26662527175274e-05	0.00306413328009228	0.00238328893873545
BX.KLT.DINV.WD.GD.ZS_lag1	3.25594906442785e-05	0.000430919739118861	0.000841160801906631
NE.CON.GOVT.ZS	3.14948469259545e-05	0.000415945694130174	0.000700967334922193
SP.DYN.TO65.FE.ZS_rank	3.04509595216744e-05	0.000164714494875549	0.000140193466984439
MS.MIL.MPRT.KD_ratioavg2	3.02800470186584e-05	0.000727073073339545	0.000841160801906631
DT.ODA.ODAT.PC.ZS_isNA_rank	2.97562049769917e-05	0.00602566662229913	0.00462638441048647
IT.CEL.SETS.P2_avg2	2.9402994932887e-05	0.000591197479923688	0.000560773867937754
TX.VAL.MRCH.AL.ZS_lag1	2.86057008751975e-05	0.000669395270420161	0.00140193466984439
NY.GDP.PCAP.KD.ZG_delta1	2.85238908666043e-05	0.00047750565686144	0.000560773867937754
SP.POP.BRTH.MF_rank	2.85020185922624e-05	0.000367695993611074	0.000560773867937754
SE.PRM.ENRR	2.76862504106074e-05	0.000307799813656329	0.000560773867937754
IT.CEL.SETS	2.75402350609982e-05	0.000123674519721372	0.000280386933968877
PA.NUS.FCRF	2.73232871284923e-05	0.000723745507786503	0.000420580400953316
NV.IND.TOTL.CD	2.69318516794739e-05	7.93069790141533e-05	0.000140193466984439
IT.MLT.MAIN_delta1	2.59816351952031e-05	0.000391543546741204	0.000420580400953316
EN.GHG.CH4.BU.MT.CE.AR5_min2	2.59696955094349e-05	4.93588890367807e-05	0.000140193466984439
NE.CON.PRVT.ZS_lag1	2.57623525370717e-05	0.000723745507786503	0.000420580400953316
FS.AST.CGOV.GD.ZS_delta1	2.5756181858948e-05	0.00026121389591375	0.000280386933968877
EN.GHG.ALL.MT.CE.AR5_tend2	2.50317524346295e-05	0.000132548027862816	0.000140193466984439
BX.GSR.TRVL.ZS_max2	2.46492791118636e-05	0.000276742535161276	0.000280386933968877
SE.PRM.ENRL.FE.ZS_delta1	2.46038610327388e-05	0.00268035405297484	0.00322444974064209
consumption_vs_income	2.44427937270555e-05	0.00324326722569768	0.00294406280667321
AG.LND.CROP.ZS	2.44208329008738e-05	0.000131438839345135	0.000140193466984439
TG.VAL.TOTL.GD.ZS	2.44204961358642e-05	0.000108145880473845	0.000140193466984439
BX.GSR.TOTL.CD_ratioavg2	2.4262384318304e-05	0.000180243134123076	0.000420580400953316
AG.LND.ARBL.HA.PC	2.41385614977725e-05	0.000246794445183904	0.000280386933968877
NY.GSR.NFCY.CN	2.4030206148712e-05	0.00469464040108257	0.00350483667461096
urban_development_ratio	2.3934552018067e-05	0.000492479701850126	0.000560773867937754
FP.CPI.TOTL.ZG_min2	2.36678926462657e-05	0.000754802786281556	0.00140193466984439
TX.VAL.OTHR.ZS.WT	2.35687859725049e-05	0.000341630063445583	0.000560773867937754
TX.VAL.TRAN.ZS.WT_lag1	2.3511286222431e-05	0.000137539376192378	0.000140193466984439
SP.POP.1014.FE.5Y_delta1	2.32426899120889e-05	0.00113248147655175	0.00140193466984439
NE.IMP.GNFS.CD_lag1	2.30578105098523e-05	9.98269665912419e-05	0.000140193466984439
TM.VAL.OTHR.ZS.WT_lag1	2.30187359926846e-05	0.00279570965881361	0.00266367587270433
NE.GDI.TOTL.ZS_isNA_rank	2.30034403671046e-05	0.00104319180087848	0.000841160801906631
NV.IND.TOTL.KD_delta1	2.27822613781217e-05	0.00038100625582324	0.000560773867937754
SP.POP.1519.MA.5Y_lag1	2.22519639959813e-05	0.000184125293934957	0.000280386933968877
SP.POP.2529.FE.5Y_lag1	2.21949912527315e-05	0.00178191135365367	0.00238328893873545
SP.DYN.CBRT.IN	2.21635326579611e-05	0.00331092772527619	0.00224309547175102
BX.GSR.CMCP.ZS_lag1	2.18572361070909e-05	0.000308354407915169	0.000560773867937754
IS.AIR.DPRT_ratioavg2	2.17466103880487e-05	0.000423710013753938	0.000841160801906631
SP.POP.2024.FE.5Y	2.16843970028471e-05	0.000966657793158525	0.00098135426889107
SP.POP.4549.FE.5Y	2.16539391042256e-05	0.000526864545898221	0.000560773867937754
DC.DAC.JPNL.CD_max2	2.13190338909911e-05	0.000184125293934957	0.000420580400953316
EN.GHG.N2O.AG.MT.CE.AR5_tend2	2.12643129477235e-05	0.000804716269577177	0.000841160801906631
SP.POP.5054.FE.5Y	2.11700351718949e-05	0.0025211855006877	0.0018225150707977
FI.RES.XGLD.CD_min2	2.08503931114026e-05	0.000241248502595501	0.000140193466984439
NE.IMP.GNFS.CD_delta1	2.04055131132855e-05	0.000259550113137229	0.000280386933968877
DC.DAC.FRAL.CD_min2	2.04001515533214e-05	0.000656085008207995	0.000841160801906631
EG.ELC.NUCL.ZS_ratioavg2	2.03823888025499e-05	0.00219619326500732	0.00196270853778214
SP.POP.0014.FE.IN_delta1	1.9990054905647e-05	0.000183570699676117	0.000280386933968877
TX.VAL.FUEL.ZS.UN	1.89048931903465e-05	0.000526864545898221	0.00098135426889107
SP.DYN.IMRT.FE.IN_delta1	1.83565507525117e-05	0.00131272461067483	0.00126174120285995
TM.VAL.MRCH.HI.ZS	1.83205263058185e-05	4.88042947779405e-05	0.000140193466984439
NV.SRV.TOTL.ZS_lag1	1.83077811676292e-05	0.000587315320111806	0.000841160801906631
NE.EXP.GNFS.KD	1.81806921373639e-05	0.000727073073339545	0.000700967334922193
SP.POP.2529.MA.5Y	1.813157701533e-05	0.00054793912773415	0.000560773867937754
BM.GSR.GNFS.CD_tend2	1.78925896388468e-05	0.000350503571587027	0.000280386933968877
IT.CEL.SETS_ratioavg2	1.78871869360409e-05	0.000629464483783664	0.000700967334922193
SP.POP.2529.FE.5Y_delta1	1.75352486169023e-05	0.00021351878965349	0.000280386933968877
NE.CON.TOTL.KD	1.74782345349069e-05	0.000181906916899596	0.000280386933968877
NY.GDP.FRST.RT.ZS_isNA_rank	1.72204244868962e-05	8.48529216025556e-05	0.000280386933968877
SP.POP.6569.MA.5Y	1.7218527306935e-05	0.000240693908336661	0.000280386933968877
TM.VAL.AGRI.ZS.UN_lag1	1.72150271907855e-05	0.000196326367629442	0.000140193466984439
young_population_pressure	1.68554780200214e-05	0.000216291760947691	0.000140193466984439
SE.SEC.ENRL_rank	1.67972307135622e-05	0.00150405962997471	0.00098135426889107
SP.URB.GROW_lag1	1.6701925184057e-05	0.00413560938817161	0.00266367587270433
NY.GNP.MKTP.CN_lag1	1.6585774046322e-05	6.26691512489463e-05	0.000140193466984439
NE.CON.PRVT.ZS_min2	1.61961060343066e-05	0.000219064732241892	0.000140193466984439
NE.EXP.GNFS.ZS_isNA_rank	1.61335670494374e-05	0.000304472248103288	0.000560773867937754
NY.ADJ.DMIN.GN.ZS_lag1	1.58150541439627e-05	0.000505789964062292	0.000700967334922193
NY.ADJ.NNTY.CD_isNA_rank	1.57989154030769e-05	0.00113026309951639	0.00140193466984439
AG.PRD.CROP.XD_max2	1.57454409245794e-05	0.000220728515018413	0.000280386933968877
SP.POP.5559.FE.5Y_rank	1.57016824771852e-05	0.0001419761302631	0.000140193466984439
BX.KLT.DINV.CD.WD	1.53287778811419e-05	0.000107036691956165	0.000280386933968877
TM.VAL.MRCH.WR.ZS	1.50565724652835e-05	0.00203203336439061	0.00210290200476658
neonatal_risk_indicator	1.50525873306086e-05	0.000113691823062248	0.000280386933968877
AG.YLD.CREL.KG	1.49008477775513e-05	0.00101823505923067	0.000700967334922193
DC.DAC.CECL.CD_tend2	1.45743971903109e-05	0.000340520874927903	0.000700967334922193
DC.DAC.GBRL.CD_rank	1.42154504134297e-05	0.000867940015084964	0.000841160801906631
TM.VAL.MRCH.R6.ZS_delta1	1.40473045351988e-05	0.000602289365100492	0.000841160801906631
BM.GSR.TRAN.ZS_max2	1.37725835940688e-05	0.00016804206042859	0.000280386933968877
FS.AST.CGOV.GD.ZS_isNA_rank	1.36406772389724e-05	0.00059618882825325	0.000841160801906631
BM.GSR.INSF.ZS_max2	1.35304884793594e-05	0.000361595456763832	0.000420580400953316
SP.POP.1519.FE.5Y_delta1	1.33634332082538e-05	0.000347176006033986	0.000420580400953316
TM.VAL.MRCH.OR.ZS	1.33236439243718e-05	0.000401526243400328	0.000420580400953316
NE.IMP.GNFS.CN_delta1	1.32482408723405e-05	0.000353831137140068	0.000280386933968877
TM.VAL.SERV.CD.WT_isNA_rank	1.32187867212601e-05	0.00111750743156307	0.00112154773587551
DT.NFL.UNDP.CD_rank	1.31765284507439e-05	0.000973867518523448	0.000700967334922193
SP.POP.1564.TO_lag1	1.30579041346966e-05	4.82497005191002e-05	0.000140193466984439
SM.POP.RHCR.EA_lag1	1.29958486864839e-05	0.000499134832956209	0.000700967334922193
SE.SEC.ENRR.FE	1.29292457633692e-05	0.000210191224100448	0.000420580400953316
SP.DYN.LE00.IN_lag1	1.29014713809454e-05	0.000219619326500732	0.000140193466984439
BX.GSR.MRCH.CD_isNA_rank	1.27181376566814e-05	0.000614490438794978	0.000560773867937754
BX.KLT.DINV.WD.GD.ZS_min2	1.26413825889488e-05	0.000201872310217845	0.000280386933968877
DC.DAC.DEUL.CD_ratioavg2	1.24310404336112e-05	0.00054849372199299	0.00112154773587551
SP.POP.TOTL.FE.ZS_lag1	1.23876079822925e-05	0.00225553485070323	0.0018225150707977
SM.POP.RHCR.EA	1.21357906713101e-05	0.000486933759261724	0.000700967334922193
TX.VAL.MRCH.R3.ZS_lag1	1.19833198158288e-05	0.000163050712099028	0.000280386933968877
BX.KLT.DINV.CD.WD_max2	1.19270510355051e-05	0.000342184657704423	0.000560773867937754
NV.SRV.TOTL.KD.ZG	1.19205348274782e-05	0.000250676604995785	0.000280386933968877
EG.ELC.NUCL.ZS_max2	1.18854984630943e-05	0.000170260437463951	0.000140193466984439
SP.POP.2024.MA.5Y_lag1	1.18484739263127e-05	0.00078641465903545	0.000841160801906631
SH.MMR.RISK_lag1	1.18246837217274e-05	0.00631017347708417	0.00420580400953316
TM.VAL.MRCH.WR.ZS_lag1	1.18122255033267e-05	0.00139813212653623	0.00112154773587551
SP.POP.BRTH.MF_delta1	1.16132573346438e-05	0.000564022361240516	0.000560773867937754
SP.URB.TOTL.IN.ZS_delta1	1.14637888108445e-05	0.000249012822219264	0.000420580400953316
EG.ELC.PETR.ZS_avg2	1.09986316722153e-05	5.54594258840233e-05	0.000140193466984439
TM.VAL.FOOD.ZS.UN_lag1	1.07836435162161e-05	0.000140312347486579	0.000140193466984439
BM.GSR.NFSV.CD_ratioavg2	1.06333851459623e-05	0.000732064421669107	0.000700967334922193
TM.VAL.TRAN.ZS.WT_rank	1.0596670450146e-05	0.000243466879630862	0.000420580400953316
SP.DYN.TFRT.IN_delta1	1.03678395452087e-05	0.000607835307688895	0.000700967334922193
MS.MIL.XPND.GD.ZS_tend2	1.0353167091944e-05	0.000345512223257465	0.000700967334922193
NY.GSR.NFCY.CD_isNA_rank	1.01345258150303e-05	0.000600070988065132	0.000700967334922193
EN.GHG.CH4.PI.MT.CE.AR5_delta1	9.95587345454925e-06	0.0005252007631217	0.000420580400953316
AG.PRD.FOOD.XD_rank	9.93964344412761e-06	0.00080970761790674	0.00098135426889107
SP.POP.3539.FE.5Y_delta1	9.35364069290562e-06	0.000361040862504991	0.000420580400953316
TM.VAL.AGRI.ZS.UN_isNA_rank	9.3094540737003e-06	0.000923954035227827	0.00098135426889107
DT.NFL.UNDP.CD_ratiomax2	9.23023002861644e-06	0.000336638715116021	0.000420580400953316
SP.POP.2024.MA.5Y	9.17281114308665e-06	0.00038267003859976	0.000560773867937754
TX.VAL.MRCH.WR.ZS_rank	9.11181968810693e-06	0.0024868006566396	0.00252348240571989
NY.GDP.FRST.RT.ZS	8.98204895994428e-06	0.000295044145703004	0.000560773867937754
SP.POP.0014.MA.ZS_lag1	8.91243131193352e-06	0.000711544434092018	0.000560773867937754
FP.CPI.TOTL_min2	8.87438808647392e-06	0.000198544744664803	0.000420580400953316
SP.POP.TOTL.FE.ZS_rank	8.79753877954171e-06	0.00155508230178801	0.00112154773587551
FM.LBL.BMNY.GD.ZS_delta1	8.77337142595449e-06	0.000345512223257465	0.000420580400953316
SP.POP.3034.MA.5Y_delta1	8.74005832734599e-06	0.00128943165180354	0.00140193466984439
NY.GSR.NFCY.CD	8.72536686632339e-06	0.000306690625138649	0.000280386933968877
DT.ODA.ALLD.CD	8.68679480654302e-06	0.000448112161142908	0.000420580400953316
AG.PRD.LVSK.XD_tend2	8.66614218110717e-06	0.00030946359643285	0.000560773867937754
SH.DYN.MORT.FE_delta1	8.60906019790566e-06	0.00316673321797773	0.00238328893873545
NE.GDI.FTOT.ZS_lag1	8.47602694144898e-06	4.65859177425795e-05	0.000140193466984439
NE.DAB.TOTL.CD_isNA_rank	8.44040835045158e-06	0.000437574870224943	0.000560773867937754
EG.ELC.FOSL.ZS_max2	8.43041915453293e-06	0.000196880961888283	0.000280386933968877
SM.POP.RHCR.EA_isNA_rank	8.36499361786177e-06	0.00102821775588979	0.000841160801906631
NV.AGR.TOTL.CD_isNA_rank	8.33220771727147e-06	0.000363259239540352	0.000280386933968877
SP.POP.4549.FE.5Y_delta1	8.27620231068307e-06	0.000169151248946271	0.000280386933968877
EG.ELC.NUCL.ZS	8.13832007348492e-06	0.000658857979502196	0.000560773867937754
TM.VAL.MRCH.R1.ZS_rank	8.11376477378468e-06	0.000649984471360753	0.000841160801906631
NV.AGR.TOTL.KD.ZG_isNA_rank	8.09834771873563e-06	0.000362150051022672	0.000560773867937754
BX.GSR.CMCP.ZS_max2	8.07318392866303e-06	0.000225165269089134	0.000560773867937754
EN.GHG.CO2.BU.MT.CE.AR5_tend2	7.80018947460174e-06	0.000642220151736989	0.000560773867937754
AG.LND.ARBL.HA.PC_ratioavg2	7.7735119594545e-06	6.59967168019877e-05	0.000140193466984439
MS.MIL.XPND.CD	7.65158225447034e-06	0.000574005057899641	0.000700967334922193
EG.ELC.NUCL.ZS_ratiomax2	7.60084419713116e-06	0.000153622609698744	0.000140193466984439
DC.DAC.CECL.CD_ratioavg2	7.58074109836603e-06	0.000532410488486623	0.00126174120285995
BX.GSR.CMCP.ZS_tend2	7.46145696321945e-06	0.000158613958028307	0.000280386933968877
BM.TRF.PWKR.CD.DT_avg2	7.33980299611745e-06	0.000633901237854386	0.000560773867937754
BX.TRF.CURR.CD_min2	7.32298603029725e-06	6.37783397666267e-05	0.000140193466984439
AG.LND.ARBL.HA_ratioavg2	7.13643911754914e-06	0.00131827055326323	0.00126174120285995
FS.AST.PRVT.GD.ZS_min2	7.12006607989899e-06	0.00891510271085674	0.00588812561334642
year_cycle_rank	7.04466711050926e-06	0.000315009539021252	0.000560773867937754
SP.POP.5559.MA.5Y_delta1	6.97020874307989e-06	0.00190558587337504	0.00168232160381326
FM.AST.DOMS.CN	6.96731006021955e-06	0.00125615599627313	0.00126174120285995
SE.PRM.ENRL_isNA_rank	6.84361204470501e-06	0.000738164958516349	0.000700967334922193
BX.GRT.TECH.CD.WD_isNA_rank	6.83859584113823e-06	0.00113192688229291	0.00098135426889107
BM.GSR.CMCP.ZS_ratiomax2	6.73965172511082e-06	0.000173033408758153	0.000280386933968877
DT.NFL.UNDP.CD_ratioavg2	6.67968207123256e-06	0.000759794134611119	0.00126174120285995
DC.DAC.USAL.CD	6.63291463247503e-06	0.000553485070322552	0.000700967334922193
FM.AST.NFRG.CN_ratioavg2	6.62953748544312e-06	0.000317227916056613	0.000420580400953316
FP.CPI.TOTL_avg2	6.61012633781198e-06	0.00011923776565065	0.000140193466984439
TX.VAL.FUEL.ZS.UN_lag1	6.51409501468719e-06	4.93588890367807e-05	0.000140193466984439
BM.GSR.CMCP.ZS_tend2	6.47262703330453e-06	0.000162496117840188	0.000280386933968877
NY.GDP.PCAP.KN_lag1	6.47023117201795e-06	0.000305581436620968	0.000560773867937754
SG.LAW.INDX_rank	6.39956843268449e-06	0.000427592173565819	0.000420580400953316
NY.GDP.FRST.RT.ZS_delta1	6.34014744100437e-06	0.000538511025333866	0.00098135426889107
NE.CON.GOVT.CD_ratioavg2	6.32548717425511e-06	0.00019188961355872	0.000420580400953316
SP.DYN.IMRT.MA.IN_delta1	6.2699706878709e-06	0.000694352012067971	0.000700967334922193
DC.DAC.FRAL.CD	6.22787801064221e-06	0.00224056080571454	0.00266367587270433
AG.PRD.CROP.XD_ratioavg2	6.1930253013566e-06	0.000331092772527619	0.000280386933968877
NE.RSB.GNFS.CD_delta1	6.16713643273983e-06	0.000437020275966103	0.000841160801906631
SP.POP.65UP.TO.ZS_delta1	6.163677505222e-06	0.000199099338923643	0.000140193466984439
SH.DYN.NMRT_delta1	6.11080827256918e-06	0.000412618128577133	0.000420580400953316
SM.POP.NETM	6.07614421998668e-06	0.00132048893029859	0.000841160801906631
TX.VAL.AGRI.ZS.UN_lag1	6.0744904577215e-06	0.00115022849283464	0.0018225150707977
EN.GHG.CH4.WA.MT.CE.AR5_ratioavg2	6.07415635580934e-06	0.000121456142686011	0.000280386933968877
TX.VAL.MRCH.AL.ZS_delta1	5.93692009336947e-06	0.000718754159456941	0.00112154773587551
NY.GDP.MKTP.KD_isNA_rank	5.84441232171435e-06	0.000671059053196681	0.000700967334922193
SP.POP.3539.MA.5Y_rank	5.81866252525192e-06	0.000241248502595501	0.000140193466984439
FM.AST.PRVT.GD.ZS	5.79276545036337e-06	0.00114911930431696	0.000841160801906631
NE.IMP.GNFS.ZS_isNA_rank	5.76508673959898e-06	0.000268978215537513	0.000280386933968877
EG.ELC.NUCL.ZS_delta1	5.7623845790333e-06	0.00115965659523493	0.000700967334922193
EN.GHG.N2O.TR.MT.CE.AR5_ratioavg2	5.65561682921852e-06	0.000269532809796353	0.000420580400953316
BM.GSR.NFSV.CD_isNA_rank	5.63716499204397e-06	0.000449221349660588	0.000700967334922193
EG.ELC.HYRO.ZS	5.56648181193299e-06	0.00231376724788145	0.00210290200476658
DT.ODA.ALLD.KD	5.41836182967583e-06	0.000112028040285727	0.000280386933968877
NY.ADJ.DRES.GN.ZS_lag1	5.32365930745474e-06	0.00399917920049692	0.00294406280667321
TX.VAL.OTHR.ZS.WT_lag1	5.23714221167929e-06	0.00278129020808377	0.00280386933968877
BM.KLT.DINV.WD.GD.ZS	5.10111194763282e-06	0.00105539287457296	0.00154212813682882
DT.ODA.ODAT.PC.ZS_rank	5.06106850595693e-06	0.000348285194551666	0.000280386933968877
SP.POP.1519.MA.5Y_delta1	5.01246640890437e-06	0.000257331736101868	0.000280386933968877
MS.MIL.MPRT.KD	4.94788395349717e-06	0.00271085673721106	0.00224309547175102
TM.VAL.MRCH.R1.ZS	4.90907253205565e-06	0.00154343582235237	0.00168232160381326
BX.KLT.DINV.WD.GD.ZS_isNA_rank	4.894476726412e-06	0.00385609388171614	0.00350483667461096
FD.AST.PRVT.GD.ZS	4.81329030322526e-06	0.00370635343182927	0.00266367587270433
NY.GDP.MKTP.CD_isNA_rank	4.78361438185605e-06	0.0001419761302631	0.000280386933968877
NE.RSB.GNFS.CD_lag1	4.6853158017907e-06	0.000219619326500732	0.000140193466984439
NE.GDI.FTOT.ZS	4.63767402830039e-06	0.000168596654687431	0.000420580400953316
FM.AST.PRVT.GD.ZS_rank	4.63650302671928e-06	0.000169705843205111	0.000140193466984439
DC.DAC.TOTL.CD_delta1	4.54191928807966e-06	0.000204645281512046	0.000560773867937754
TM.VAL.FUEL.ZS.UN_isNA_rank	4.35957750609066e-06	0.000320000887350814	0.000420580400953316
BX.TRF.CURR.CD	4.32766321467145e-06	0.000319446293091974	0.000420580400953316
EN.GHG.N2O.IC.MT.CE.AR5_tend2	4.3036321940243e-06	0.00143584453613736	0.00126174120285995
EG.ELC.HYRO.ZS_min2	4.29996974989826e-06	0.00324049425440348	0.00308425627365765
SP.POP.4549.MA.5Y_rank	4.21806267360477e-06	0.000323883047162696	0.000280386933968877
BM.GSR.FCTY.CD_ratioavg2	4.18030727841557e-06	0.000475287279826079	0.000560773867937754
SE.SEC.ENRR.MA_lag1	4.14006555353131e-06	0.000323883047162696	0.000560773867937754
DC.DAC.TOTL.CD	4.10474628523805e-06	0.000299480899773726	0.000280386933968877
NY.GNP.PCAP.CD_delta1	4.05292310679558e-06	0.00120236035316562	0.000841160801906631
SP.POP.2024.FE.5Y_lag1	4.0262497237587e-06	0.00121788899241315	0.00140193466984439
SE.TER.ENRR_delta1	4.00298843618399e-06	0.00031112737920937	0.000700967334922193
EN.GHG.ALL.MT.CE.AR5_ratioavg2	3.97672124409436e-06	0.000602843959359333	0.000700967334922193
BM.TRF.PWKR.CD.DT_lag1	3.9655150694552e-06	0.00205477172900306	0.00154212813682882
AG.LND.ARBL.ZS_tend2	3.93292293870867e-06	0.00234981587470607	0.00196270853778214
NY.ADJ.DFOR.CD_rank	3.87854431355672e-06	0.000266205244243312	0.000420580400953316
TX.VAL.TRAN.ZS.WT_isNA_rank	3.85503178030871e-06	0.000575668840676161	0.000841160801906631
AG.PRD.CROP.XD_tend2	3.7150399318019e-06	0.000432028927636541	0.000700967334922193
DT.NFL.UNDP.CD_max2	3.69395093624949e-06	0.00019133501929988	0.000280386933968877
TX.VAL.MMTL.ZS.UN_rank	3.68887423286422e-06	0.00145248236390257	0.00112154773587551
AG.LND.CREL.HA_ratioavg2	3.65436132241908e-06	0.000540174808110387	0.00098135426889107
MS.MIL.XPND.CD_tend2	3.60354008241328e-06	0.000197990150405963	0.000140193466984439
consumption_vs_income_lag1	3.5999390743323e-06	0.00100437020275966	0.00098135426889107
SM.POP.RHCR.EA_delta1	3.57681512995932e-06	0.000894560539509295	0.00140193466984439
BM.TRF.PWKR.CD.DT_ratioavg2	3.56333196663123e-06	0.00064277474599583	0.000841160801906631
AG.PRD.FOOD.XD	3.55723373499381e-06	9.26172412263188e-05	0.000140193466984439
SP.DYN.IMRT.MA.IN_lag1	3.53942149213349e-06	0.000154731798216425	0.000140193466984439
ER.FSH.PROD.MT_ratioavg2	3.497951893545e-06	0.000288389014596921	0.000280386933968877
TM.VAL.FUEL.ZS.UN_delta1	3.4921124390118e-06	0.000359377079728471	0.000560773867937754
TM.VAL.MRCH.R6.ZS_lag1	3.46808706597821e-06	0.0020015306801544	0.00154212813682882
TX.VAL.SERV.CD.WT	3.46723347926914e-06	0.000211855006876969	0.000280386933968877
NY.GDP.TOTL.RT.ZS	3.45955846754595e-06	0.00023903012556014	0.000420580400953316
ER.FSH.AQUA.MT_ratioavg2	3.44884581236605e-06	0.00202759661031989	0.00238328893873545
IT.MLT.MAIN.P2_rank	3.3907396227116e-06	0.000204645281512046	0.000420580400953316
SE.ENR.PRIM.FM.ZS_isNA_rank	3.32946834567725e-06	0.00305359598917432	0.00280386933968877
NE.GDI.TOTL.CD_isNA_rank	3.31162901549665e-06	0.000245130662407383	0.000280386933968877
FP.CPI.TOTL_delta1	3.30701958984995e-06	0.000122010736944851	0.000280386933968877
FD.AST.PRVT.GD.ZS_isNA_rank	3.27931367458535e-06	0.000439238653001464	0.000420580400953316
IT.MLT.MAIN.P2_isNA_rank	3.23465698507398e-06	0.00718587781179289	0.0061685125473153
SE.SEC.ENRL.GC.FE.ZS_lag1	3.20621336981757e-06	6.4332934025467e-05	0.000140193466984439
SH.DTH.IMRT_delta1	3.20035375037212e-06	0.000547384533475309	0.000560773867937754
TM.VAL.TRVL.ZS.WT_isNA_rank	3.18093857942055e-06	0.00026343227294911	0.000560773867937754
TM.VAL.MRCH.R1.ZS_lag1	3.14916851428175e-06	0.00331203691379387	0.00210290200476658
NY.GDP.DEFL.ZS_isNA_rank	3.12720635809886e-06	0.000346621411775145	0.000700967334922193
AG.PRD.LVSK.XD_lag1	3.08383115018518e-06	5.32410488486623e-05	0.000140193466984439
DT.ODA.ODAT.PC.ZS	3.07587063177952e-06	0.000713762811127379	0.000700967334922193
IT.MLT.MAIN_isNA_rank	3.03533497143966e-06	0.000591752074182528	0.000841160801906631
SE.PRM.ENRR_delta1	3.034485852393e-06	0.000183570699676117	0.000280386933968877
BM.KLT.DINV.WD.GD.ZS_lag1	3.02060151395986e-06	0.0009539021252052	0.00112154773587551
SE.PRM.ENRL.FE.ZS	3.02011586077017e-06	0.000865167043790763	0.000841160801906631
DT.ODA.ALLD.CD_rank	3.01844833942486e-06	0.000216846355206531	0.000140193466984439
SP.POP.7579.MA.5Y_rank	3.00661522027911e-06	0.000109255068991526	0.000140193466984439
DC.DAC.GBRL.CD	2.98187155671779e-06	0.000753139003505036	0.000841160801906631
SM.POP.RHCR.EA_rank	2.98171859155058e-06	0.000152513421181064	0.000280386933968877
EG.ELC.FOSL.ZS_avg2	2.96394304858727e-06	0.00195106260259994	0.0018225150707977
NE.RSB.GNFS.CN_delta1	2.92121528453186e-06	9.15080527086384e-05	0.000280386933968877
NY.ADJ.NNTY.PC.CD_delta1	2.87828185545856e-06	0.000318337104574293	0.000420580400953316
EG.USE.PCAP.KG.OE_tend2	2.80835567903019e-06	0.000174142597275833	0.000420580400953316
EN.GHG.CH4.BU.MT.CE.AR5	2.80130345842988e-06	5.43502373663428e-05	0.000140193466984439
BX.KLT.DINV.CD.WD_tend2	2.78766317720493e-06	0.0021862105683482	0.00210290200476658
NY.GDP.PCAP.CD_delta1	2.77715947199123e-06	0.000833000576778029	0.000841160801906631
BX.GSR.CMCP.ZS_isNA_rank	2.70196346145793e-06	0.00105650206309064	0.00098135426889107
SP.RUR.TOTL.ZG	2.68332375579625e-06	0.000367695993611074	0.000280386933968877
BM.GSR.TRAN.ZS_ratioavg2	2.67537803738847e-06	0.000168596654687431	0.000420580400953316
BM.KLT.DINV.WD.GD.ZS_min2	2.66753990993414e-06	0.000343293846222104	0.000560773867937754
EN.GHG.ALL.PC.CE.AR5_rank	2.64341724697939e-06	6.2114556990106e-05	0.000140193466984439
SH.DTH.MORT	2.60758962089743e-06	0.00016582368339323	0.000140193466984439
IS.AIR.DPRT_isNA_rank	2.59753936581519e-06	0.00064443852877235	0.00112154773587551
TX.VAL.MRCH.R3.ZS_rank	2.58007124660988e-06	6.93242823550291e-05	0.000140193466984439
SE.SEC.ENRL.GC.FE.ZS_delta1	2.56326931664579e-06	0.000362150051022672	0.000841160801906631
EG.ELC.HYRO.ZS_avg2	2.46225628380791e-06	0.00186565508673854	0.00154212813682882
SH.DTH.MORT_delta1	2.44494037623661e-06	0.000513554283686055	0.000560773867937754
FP.CPI.TOTL.ZG_isNA_rank	2.43316691960442e-06	0.000465304583166955	0.000560773867937754
FI.RES.TOTL.CD	2.4310189012816e-06	0.000179133945605395	0.000280386933968877
EN.GHG.N2O.PI.MT.CE.AR5_tend2	2.43054881814978e-06	0.000378233284529039	0.000560773867937754
TM.VAL.TRAN.ZS.WT_delta1	2.40390972141204e-06	0.000649984471360753	0.00098135426889107
BX.GSR.FCTY.CD_delta1	2.39641942233537e-06	0.000417054882647855	0.000280386933968877
SP.DYN.LE00.FE.IN_lag1	2.39544303620535e-06	0.000362150051022672	0.000280386933968877
SP.POP.DPND.YG_delta1	2.39436284916516e-06	0.00118794090243578	0.00112154773587551
NY.GDP.PCAP.KD.ZG	2.38510166717698e-06	0.000940037268734194	0.000841160801906631
DT.ODA.ODAT.PC.ZS_ratioavg2	2.38375308012967e-06	4.27037579306979e-05	0.000140193466984439
MS.MIL.XPND.CD_lag1	2.38101353648234e-06	0.000189116642264519	0.000280386933968877
EN.GHG.CO2.IC.MT.CE.AR5_delta1	2.36889312832721e-06	0.00107591286215005	0.000841160801906631
DC.DAC.JPNL.CD_isNA_rank	2.35189596310776e-06	0.00114801011579928	0.00098135426889107
PA.NUS.ATLS_lag1	2.33310833504924e-06	0.00379176094769067	0.00224309547175102
BX.TRF.CURR.CD_ratioavg2	2.32812480071575e-06	0.000217400949465371	0.000420580400953316
SP.POP.3034.FE.5Y_delta1	2.32483319823354e-06	0.000881250277297129	0.000700967334922193
FI.RES.TOTL.CD_ratioavg2	2.3007624203284e-06	0.00233983317804694	0.00252348240571989
SE.PRM.ENRL.FE.ZS_isNA_rank	2.27167830621269e-06	0.000220173920759572	0.000420580400953316
private_consumption_capacity	2.26882865601865e-06	0.000731509827410267	0.00098135426889107
AG.YLD.CREL.KG_min2	2.24761319023825e-06	0.00149906828164515	0.00098135426889107
TM.VAL.MANF.ZS.UN_delta1	2.14252158986008e-06	0.000519100226274458	0.000841160801906631
TX.VAL.MRCH.WR.ZS_lag1	2.11480959976432e-06	0.00484382625671059	0.00420580400953316
SH.MMR.RISK_delta1	2.08261887785519e-06	0.00807544700297263	0.00630870601429973
SP.POP.TOTL.MA.ZS	2.08091124362466e-06	0.000494698078885487	0.000420580400953316
BX.GRT.TECH.CD.WD_tend2	2.07459165127095e-06	0.000296153334220684	0.000420580400953316
BX.GSR.FCTY.CD_ratioavg2	2.07020885065663e-06	0.000129775056568614	0.000420580400953316
NE.RSB.GNFS.CN_isNA_rank	2.04864229113438e-06	0.00158835795731843	0.00154212813682882
EN.GHG.CO2.MT.CE.AR5_delta1	2.03893705532196e-06	0.000279515506455477	0.000280386933968877
TM.VAL.MRCH.WR.ZS_rank	1.99242848815671e-06	0.000422600825236257	0.000420580400953316
TX.VAL.MRCH.OR.ZS_lag1	1.98228311619515e-06	0.000804716269577177	0.000841160801906631
SH.MMR.RISK.ZS_lag1	1.97106368313126e-06	0.0019560539509295	0.00126174120285995
BX.GSR.TRVL.ZS_tend2	1.90293891932021e-06	0.00115300146412884	0.00168232160381326
SP.POP.1564.MA.ZS_delta1	1.87894627501282e-06	0.000666622299125959	0.000841160801906631
NY.ADJ.DKAP.CD_isNA_rank	1.86785269385905e-06	0.00171868760814588	0.00168232160381326
NY.GDP.DEFL.KD.ZG_lag1	1.85447625167844e-06	0.000296707928479524	0.000560773867937754
BM.KLT.DINV.CD.WD_avg2	1.84995187368454e-06	0.00023792093704246	0.000280386933968877
SP.POP.1519.FE.5Y	1.8474170332952e-06	0.000484715382226363	0.000420580400953316
IT.CEL.SETS_min2	1.82643586808139e-06	0.000155840986734105	0.000280386933968877
DC.DAC.USAL.CD_isNA_rank	1.81456440818378e-06	4.27037579306979e-05	0.000140193466984439
TX.VAL.TRVL.ZS.WT_delta1	1.79925771833128e-06	0.000111473446026887	0.000280386933968877
NE.EXP.GNFS.ZS	1.77195222084567e-06	0.000445893784107547	0.000560773867937754
NY.ADJ.AEDU.GN.ZS_isNA_rank	1.76865434430044e-06	0.000694906606326811	0.000841160801906631
TX.VAL.MRCH.WR.ZS	1.7470080880741e-06	0.000916189715604064	0.00140193466984439
EN.GHG.CH4.IC.MT.CE.AR5_rank	1.74429778066179e-06	0.000390434358223524	0.000280386933968877
NY.ADJ.AEDU.GN.ZS_lag1	1.72880819637831e-06	0.000615599627312658	0.000700967334922193
AG.CON.FERT.ZS_ratiomax2	1.71884421162369e-06	0.000145303695816141	0.000280386933968877
SE.SEC.ENRR_lag1	1.71136788456607e-06	0.000444230001331026	0.000560773867937754
SP.POP.0509.MA.5Y_lag1	1.71130189404496e-06	0.00047584187408492	0.000420580400953316
SP.POP.TOTL.MA.ZS_lag1	1.69504922538162e-06	0.00199986689737788	0.00154212813682882
BX.TRF.PWKR.CD.DT	1.64574487367784e-06	0.0011069701406451	0.00154212813682882
NV.AGR.TOTL.KD.ZG_delta1	1.64121676091624e-06	0.000271196592572874	0.000700967334922193
FP.CPI.TOTL_isNA_rank	1.63976499245786e-06	0.00023736634278362	0.000700967334922193
EN.GHG.CH4.TR.MT.CE.AR5_tend2	1.62017897162409e-06	7.93069790141533e-05	0.000140193466984439
BM.TRF.PWKR.CD.DT_tend2	1.61079433338589e-06	0.00160333200230711	0.00154212813682882
IT.MLT.MAIN.P2_min2	1.60544877985822e-06	0.000444784595589867	0.000560773867937754
NE.RSB.GNFS.CN_lag1	1.60428366848728e-06	0.000681041749855806	0.000700967334922193
SE.SEC.ENRL.GC_lag1	1.59494051670075e-06	0.000177470162828874	0.000420580400953316
FM.LBL.BMNY.GD.ZS	1.56337785225016e-06	0.000488042947779405	0.000420580400953316
TM.VAL.OTHR.ZS.WT	1.56194339920615e-06	0.000877368117485248	0.00112154773587551
NE.IMP.GNFS.CD_isNA_rank	1.56096567681969e-06	0.000184125293934957	0.000280386933968877
SP.DYN.AMRT.FE_isNA_rank	1.5451631470339e-06	0.00122177115222503	0.00168232160381326
DC.DAC.GBRL.CD_min2	1.5405856863276e-06	0.000256777141843028	0.000560773867937754
FM.LBL.BMNY.GD.ZS_rank	1.50863684943568e-06	0.000640001774701628	0.000560773867937754
EN.GHG.CH4.TR.MT.CE.AR5_ratiomax2	1.50722588261256e-06	5.15772660721416e-05	0.000140193466984439
SE.SEC.ENRR.MA_isNA_rank	1.49993553837322e-06	0.00011812857713297	0.000280386933968877
EN.GHG.CO2.RT.GDP.KD_tend2	1.49615737464627e-06	0.00021518257243001	0.000420580400953316
DC.DAC.CECL.CD_delta1	1.49161446701952e-06	0.000157504769510626	0.000280386933968877
SE.ENR.PRIM.FM.ZS_delta1	1.48073358624517e-06	0.000340520874927903	0.000700967334922193
BX.TRF.PWKR.CD.DT_lag1	1.47983281961893e-06	0.000226274457606815	0.000420580400953316
FP.CPI.TOTL.ZG_max2	1.47679926604128e-06	0.000361040862504991	0.000700967334922193
EN.GHG.CO2.IC.MT.CE.AR5_tend2	1.47345181976398e-06	0.0023792093704246	0.00224309547175102
BM.GSR.FCTY.CD_tend2	1.47021686768798e-06	0.000545720750698789	0.000700967334922193
BX.TRF.PWKR.DT.GD.ZS_min2	1.43952163323654e-06	0.000177470162828874	0.000140193466984439
neonatal_risk_indicator_delta1	1.42227606250654e-06	0.000162496117840188	0.000280386933968877
DC.DAC.GBRL.CD_max2	1.4186613509366e-06	0.000108700474732686	0.000280386933968877
SH.DTH.NMRT	1.40602961442429e-06	0.000443675407072186	0.000420580400953316
EN.GHG.ALL.PC.CE.AR5_tend2	1.38857733261533e-06	0.000113691823062248	0.000140193466984439
NV.AGR.TOTL.ZS_delta1	1.38453284105587e-06	0.000578441811970362	0.000700967334922193
NE.IMP.GNFS.CN_isNA_rank	1.37713093811288e-06	0.00112028040285727	0.00126174120285995
NE.CON.PRVT.KD.ZG_avg2	1.372841582032e-06	7.32064421669107e-05	0.000140193466984439
BX.GSR.CMCP.ZS_min2	1.36962064438367e-06	0.000681041749855806	0.00112154773587551
NY.GDP.DEFL.KD.ZG_rank	1.35752497740568e-06	0.00023958471981898	0.000280386933968877
EN.GHG.CO2.IP.MT.CE.AR5_ratioavg2	1.35376382601874e-06	0.000299480899773726	0.000560773867937754
SP.POP.6064.MA.5Y_lag1	1.31308128252775e-06	0.000288389014596921	0.000280386933968877
DC.DAC.DEUL.CD_rank	1.31127860086596e-06	0.000486379165002884	0.000420580400953316
BM.KLT.DINV.CD.WD	1.30567189188002e-06	0.00134156351213452	0.00154212813682882
EN.GHG.CO2.FE.MT.CE.AR5_tend2	1.29362936259041e-06	0.00110475176360974	0.000841160801906631
DT.ODA.ODAT.CD_isNA_rank	1.28122336890701e-06	0.0010958782554683	0.000841160801906631
SP.POP.TOTL.FE.ZS	1.27561994081819e-06	0.00135043702027597	0.00112154773587551
DC.DAC.CANL.CD	1.27185162791961e-06	0.000777541150894006	0.00112154773587551
PA.NUS.ATLS_delta1	1.27090509218731e-06	7.98615732729935e-05	0.000140193466984439
BX.TRF.CURR.CD_tend2	1.2516734763242e-06	0.000305581436620968	0.000420580400953316
NV.AGR.TOTL.CN_rank	1.24239096112881e-06	0.000556258041616753	0.000420580400953316
IT.MLT.MAIN.P2	1.22934027895997e-06	0.000443120812813346	0.000560773867937754
NE.RSB.GNFS.ZS	1.22055756724515e-06	0.000445339189848707	0.000420580400953316
SP.POP.2529.MA.5Y_lag1	1.19611605800049e-06	0.000216846355206531	0.000280386933968877
EN.GHG.N2O.WA.MT.CE.AR5_delta1	1.19514368353469e-06	0.000434801898930742	0.000420580400953316
SP.POP.3539.FE.5Y_rank	1.18577378458569e-06	8.76258928967567e-05	0.000280386933968877
NE.RSB.GNFS.CD_isNA_rank	1.18503523698999e-06	0.00028617063756156	0.000420580400953316
AG.LND.ARBL.ZS_ratioavg2	1.18124739099439e-06	0.0023337326411997	0.00210290200476658
SP.DYN.TFRT.IN	1.16885982111361e-06	0.000293380362926483	0.000280386933968877
SP.POP.DPND.OL_delta1	1.16657719434747e-06	0.000546275344957629	0.000841160801906631
TX.VAL.MRCH.R5.ZS_lag1	1.14756197121581e-06	0.000136430187674697	0.000280386933968877
EN.URB.MCTY.TL.ZS_isNA_rank	1.1459387655691e-06	0.00272971294201162	0.00224309547175102
FS.AST.PRVT.GD.ZS_rank	1.1376745593433e-06	0.000175251785793513	0.000140193466984439
DC.DAC.TOTL.CD_min2	1.11953005571497e-06	0.00021407338391233	0.000420580400953316
SP.POP.0014.FE.ZS_delta1	1.11034914146128e-06	0.000146967478592662	0.000280386933968877
SH.MMR.DTHS_delta1	1.10866808697241e-06	0.000149185855628023	0.000420580400953316
BX.GRT.EXTA.CD.WD_isNA_rank	1.09294411865503e-06	0.000435356493189583	0.000700967334922193
SE.PRM.ENRR.MA_lag1	1.09215988915909e-06	0.000156395580992946	0.000420580400953316
MS.MIL.XPND.GD.ZS_ratioavg2	1.0880586005838e-06	0.000110918851768047	0.000280386933968877
AG.PRD.LVSK.XD_rank	1.08582888238181e-06	0.00222059541239629	0.0018225150707977
FM.AST.PRVT.GD.ZS_ratioavg2	1.07260375155526e-06	0.000135320999157017	0.000280386933968877
BM.KLT.DINV.CD.WD_min2	1.07231131119166e-06	0.000322773858645015	0.000420580400953316
NY.GDP.PCAP.KD.ZG_lag1	1.07147422690195e-06	0.000112028040285727	0.000280386933968877
DC.DAC.GBRL.CD_ratioavg2	1.07017892347233e-06	0.000435911087448423	0.000841160801906631
EN.GHG.CO2.IP.MT.CE.AR5_max2	1.06989403578218e-06	0.000163605306357869	0.000140193466984439
AG.PRD.CROP.XD_delta1	1.05755441742756e-06	0.000199099338923643	0.000140193466984439
BM.TRF.PWKR.CD.DT_isNA_rank	1.04632532979541e-06	0.000173588003016993	0.000420580400953316
EN.GHG.N2O.MT.CE.AR5_tend2	1.04604645131615e-06	0.000441457030036825	0.000420580400953316
AG.PRD.FOOD.XD_lag1	1.04119709309779e-06	0.000371023559164116	0.000420580400953316
NV.IND.TOTL.KD.ZG_isNA_rank	1.03528264527048e-06	0.000505235369803452	0.000560773867937754
NY.ADJ.DKAP.GN.ZS	1.03443244667917e-06	0.000876813523226408	0.00098135426889107
BX.GSR.GNFS.CD_tend2	1.03115862535531e-06	6.32237455077865e-05	0.000140193466984439
NE.CON.PRVT.KD.ZG_rank	1.02977603506348e-06	0.00016804206042859	0.000140193466984439
EN.GHG.CO2.RT.GDP.KD	1.02974982788105e-06	0.000294489551444163	0.000280386933968877
EN.GHG.N2O.FE.MT.CE.AR5_max2	1.02306641706483e-06	5.15772660721416e-05	0.000140193466984439
BX.GSR.NFSV.CD_min2	1.00601797810107e-06	0.000177470162828874	0.000140193466984439
NV.IND.TOTL.KD.ZG_delta1	1.0047441113554e-06	0.000530192111451262	0.00098135426889107
EN.GHG.CO2.RT.GDP.KD_lag1	9.95551325463721e-07	4.71405120014198e-05	0.000140193466984439
SH.MMR.RISK.ZS_delta1	9.94370041090776e-07	0.000187452859487999	0.000280386933968877
SP.DYN.AMRT.MA_delta1	9.65101518590411e-07	0.00021573716668885	0.000420580400953316
FI.RES.TOTL.CD_tend2	9.58399057602038e-07	0.00213130573672301	0.00224309547175102
TX.VAL.MRCH.R1.ZS_delta1	9.57044325948105e-07	0.000379897067305559	0.000700967334922193
BM.KLT.DINV.WD.GD.ZS_isNA_rank	9.56866512122043e-07	0.000590088291406007	0.000560773867937754
BX.GSR.TRAN.ZS_min2	9.55760539264201e-07	0.000337193309374861	0.000420580400953316
NE.RSB.GNFS.ZS_lag1	9.40026797179528e-07	0.000324992235680376	0.000420580400953316
BM.GSR.NFSV.CD	9.263505453861e-07	0.000436465681707263	0.000560773867937754
AG.LND.AGRI.K2_delta1	9.18566149104958e-07	0.000111473446026887	0.000140193466984439
EN.GHG.N2O.IC.MT.CE.AR5_delta1	9.08694417008297e-07	0.000319446293091974	0.000280386933968877
TM.VAL.MRCH.HI.ZS_delta1	9.0792623236215e-07	0.000124229113980212	0.000280386933968877
NV.SRV.TOTL.ZS_isNA_rank	9.07002877108379e-07	0.00244076933315586	0.00210290200476658
FM.AST.NFRG.CN_isNA_rank	9.03966317235494e-07	0.00064443852877235	0.000841160801906631
SP.POP.0004.MA.5Y	9.01255771072638e-07	5.32410488486623e-05	0.000140193466984439
SH.DTH.IMRT_lag1	8.91869438998737e-07	0.00389602466835263	0.00252348240571989
NY.ADJ.DKAP.GN.ZS_lag1	8.55019151517178e-07	0.000551821287546031	0.000560773867937754
NY.GDP.FCST.CN	8.49372084380938e-07	0.000403744620435689	0.000420580400953316
BM.TRF.PWKR.CD.DT_rank	8.48075830700291e-07	0.000368250587869914	0.000420580400953316
TX.VAL.MRCH.OR.ZS	8.3368673919826e-07	0.000410399751541772	0.000560773867937754
BX.GSR.GNFS.CD_max2	8.20807650160999e-07	0.000199653933182484	0.000140193466984439
DC.DAC.GBRL.CD_lag1	8.18709048025294e-07	0.000206863658547407	0.000280386933968877
SE.PRM.ENRR.FE_isNA_rank	8.06797326381133e-07	0.000793069790141533	0.00098135426889107
ER.H2O.INTR.PC_tend2	8.06724298154862e-07	0.000373241936199476	0.000420580400953316
ER.FSH.AQUA.MT	7.99450025605537e-07	0.000220728515018413	0.000280386933968877
NV.IND.MANF.CD_delta1	7.8816811596063e-07	0.000326656018456897	0.000841160801906631
EG.USE.PCAP.KG.OE_rank	7.7737070861989e-07	9.31718354851591e-05	0.000140193466984439
NE.RSB.GNFS.CN	7.75277384443368e-07	0.0025638892586184	0.00168232160381326
BX.GSR.TRAN.ZS_lag1	7.71438445554063e-07	0.000169705843205111	0.000280386933968877
NY.GDP.MINR.RT.ZS_isNA_rank	7.63848657382847e-07	0.00088291406007365	0.00140193466984439
BX.PEF.TOTL.CD.WD_min2	7.49462354982176e-07	0.000307799813656329	0.000420580400953316
TX.VAL.MRCH.R4.ZS_delta1	7.46778767456593e-07	0.00218454678557168	0.00238328893873545
FM.LBL.BMNY.GD.ZS_ratioavg2	7.41287924599755e-07	0.000271196592572874	0.000420580400953316
DC.DAC.DEUL.CD_tend2	7.33855067084952e-07	0.000272305781090554	0.000420580400953316
BX.GSR.TRVL.ZS_delta1	7.32100217736279e-07	0.000178024757087715	0.000280386933968877
SP.URB.TOTL_delta1	7.29598485333368e-07	0.000205199875770886	0.000280386933968877
mortality_efficiency_delta1	7.21898293480996e-07	0.00023958471981898	0.000280386933968877
BM.KLT.DINV.CD.WD_ratioavg2	6.90233554386333e-07	0.000122010736944851	0.000280386933968877
FS.AST.CGOV.GD.ZS	6.83552355683885e-07	0.000185789076711478	0.000420580400953316
AG.PRD.LVSK.XD_max2	6.79953222868023e-07	5.21318603309819e-05	0.000140193466984439
EG.ELC.HYRO.ZS_ratioavg2	6.78872774579957e-07	0.0013288078441812	0.00126174120285995
FS.AST.PRVT.GD.ZS_avg2	6.75926518404016e-07	0.00122010736944851	0.000841160801906631
BM.GSR.INSF.ZS_avg2	6.71241169530969e-07	0.000159723146545987	0.000280386933968877
IS.AIR.DPRT_tend2	6.69736103986424e-07	0.000784196282000089	0.00154212813682882
SP.DYN.TFRT.IN_lag1	6.69544898258614e-07	0.000482497005191002	0.000280386933968877
NV.AGR.TOTL.CN_delta1	6.65593315896529e-07	0.000468077554461156	0.000700967334922193
SP.POP.0509.FE.5Y_delta1	6.64771999204022e-07	0.00125449221349661	0.0018225150707977
EN.GHG.N2O.BU.MT.CE.AR5_tend2	6.59334112790053e-07	0.000677159590043924	0.000841160801906631
SP.POP.5054.MA.5Y_rank	6.56499413216926e-07	0.000854629752872798	0.000700967334922193
NE.CON.TOTL.KD_isNA_rank	6.45654652823205e-07	0.000206863658547407	0.000280386933968877
MS.MIL.XPND.GD.ZS_isNA_rank	6.42716042448737e-07	0.00040429921469453	0.000560773867937754
SH.DTH.NMRT_lag1	6.33411017595362e-07	0.000741492524069391	0.000700967334922193
SP.DYN.TO65.FE.ZS_delta1	6.30987124012422e-07	0.000100936155108922	0.000280386933968877
NE.CON.PRVT.KD.ZG_lag1	6.2954208778571e-07	0.000147522072851502	0.000420580400953316
NY.ADJ.AEDU.GN.ZS	6.27900918296496e-07	0.000623918541195262	0.000560773867937754
SP.POP.1519.FE.5Y_lag1	6.19936863478822e-07	0.000461422423355073	0.000700967334922193
FI.RES.TOTL.MO_delta1	6.17081492620716e-07	0.000180243134123076	0.000420580400953316
BM.GSR.FCTY.CD_delta1	6.15967185950836e-07	0.000171924220240472	0.000280386933968877
BX.TRF.PWKR.DT.GD.ZS_isNA_rank	6.07074796542086e-07	0.0021379608678291	0.00196270853778214
TM.VAL.MANF.ZS.UN	6.03368688459675e-07	0.00132825324992236	0.00126174120285995
NV.AGR.TOTL.CD_delta1	5.75988188100305e-07	0.000515218066462576	0.000560773867937754
SP.POP.6064.FE.5Y	5.71640285447393e-07	0.00119903278761258	0.000841160801906631
NE.CON.TOTL.KD.ZG_tend2	5.46812412507232e-07	0.000547384533475309	0.00098135426889107
DC.DAC.CECL.CD	5.45784324448152e-07	0.000194662584852922	0.000280386933968877
NV.SRV.TOTL.CD_lag1	5.42099686547473e-07	0.000212964195394649	0.000280386933968877
SH.DYN.MORT.MA_delta1	5.38702388557748e-07	0.000228492834642176	0.000280386933968877
EN.GHG.CH4.FE.MT.CE.AR5_tend2	5.37022988526797e-07	0.000132548027862816	0.000280386933968877
IT.CEL.SETS.P2_ratioavg2	5.27656683763996e-07	0.000179133945605395	0.000420580400953316
AG.PRD.LVSK.XD_avg2	5.24716863502336e-07	0.000194662584852922	0.000140193466984439
FM.LBL.BMNY.GD.ZS_ratiomax2	5.24463034600295e-07	7.76431962376326e-05	0.000140193466984439
EN.GHG.CO2.IP.MT.CE.AR5_tend2	5.23717193738218e-07	0.00052353698034518	0.000700967334922193
ER.FSH.CAPT.MT_ratioavg2	5.23575824036739e-07	0.00019133501929988	0.000280386933968877
NV.IND.TOTL.KD.ZG	5.19958232531605e-07	0.000886241625626692	0.000841160801906631
TX.VAL.MRCH.HI.ZS_rank	5.04338724847105e-07	0.000270087404055193	0.000280386933968877
DT.ODA.ODAT.GN.ZS_ratioavg2	4.99758437081119e-07	0.000169151248946271	0.000420580400953316
NE.EXP.GNFS.ZS_lag1	4.94519157821208e-07	0.000248458227960424	0.000280386933968877
TM.VAL.AGRI.ZS.UN	4.77287188195142e-07	0.000195217179111762	0.000420580400953316
BX.GRT.EXTA.CD.WD	4.72942789583695e-07	0.000135320999157017	0.000280386933968877
NE.CON.GOVT.ZS_min2	4.64607640244461e-07	5.15772660721416e-05	0.000140193466984439
TX.VAL.MRCH.OR.ZS_rank	4.57581619595139e-07	0.00113359066506944	0.00140193466984439
AG.LND.AGRI.K2_tend2	4.53367309698797e-07	0.00103986423532544	0.00126174120285995
EN.GHG.CO2.BU.MT.CE.AR5_delta1	4.5251012001532e-07	0.000185789076711478	0.000140193466984439
EG.ELC.COAL.ZS_min2	4.52045532384981e-07	0.000231265805936377	0.000280386933968877
BM.TRF.PWKR.CD.DT_delta1	4.37655391521844e-07	0.000662185545055238	0.000560773867937754
FI.RES.TOTL.MO_ratioavg2	4.29571659230351e-07	0.000217955543724211	0.000420580400953316
SM.POP.RHCR.EO	4.26283747360506e-07	0.00050135320999157	0.000560773867937754
DC.DAC.JPNL.CD_rank	4.26277780383864e-07	0.000847974621766716	0.000560773867937754
IT.MLT.MAIN_tend2	4.24546106239558e-07	0.000664403922090598	0.000841160801906631
DC.DAC.CANL.CD_isNA_rank	4.22113189346789e-07	0.000830782199742668	0.00112154773587551
FS.AST.PRVT.GD.ZS_lag1	4.20071180528373e-07	0.000268978215537513	0.000280386933968877
BM.GSR.TRVL.ZS_avg2	4.14289898261446e-07	0.000158059363769466	0.000140193466984439
TX.VAL.MANF.ZS.UN_delta1	4.13466212573155e-07	0.000822463285860065	0.00112154773587551
BX.PEF.TOTL.CD.WD_isNA_rank	4.11761482203855e-07	0.00105151071476108	0.00112154773587551
BX.GRT.EXTA.CD.WD_tend2	4.03631956219565e-07	0.00011812857713297	0.000280386933968877
DC.DAC.FRAL.CD_ratioavg2	4.00898210222883e-07	0.000313900350503572	0.000700967334922193
SE.PRM.ENRL_lag1	4.00717981138255e-07	0.000591197479923688	0.000420580400953316
BX.TRF.PWKR.DT.GD.ZS_ratioavg2	3.95155004031736e-07	0.000186898265229158	0.000280386933968877
FP.CPI.TOTL.ZG_lag1	3.9317954052338e-07	0.000727073073339545	0.000841160801906631
AG.PRD.CREL.MT_ratioavg2	3.92124794597801e-07	0.000307245219397489	0.000420580400953316
BX.TRF.PWKR.CD.DT_tend2	3.91900890509272e-07	5.21318603309819e-05	0.000140193466984439
TM.VAL.SERV.CD.WT_delta1	3.86556310669501e-07	0.000463640800390434	0.000560773867937754
EN.GHG.CO2.IP.MT.CE.AR5	3.86263769620207e-07	0.000171924220240472	0.000140193466984439
NY.GSR.NFCY.CD_rank	3.72883958424547e-07	0.00195771773370602	0.00126174120285995
NE.EXP.GNFS.KD.ZG_delta1	3.72877605568834e-07	0.00165657305115577	0.00210290200476658
EN.GHG.N2O.BU.MT.CE.AR5_ratioavg2	3.72350166710606e-07	0.000583987754558765	0.000560773867937754
NY.GDP.MKTP.KD.ZG_isNA_rank	3.71731581593905e-07	0.000687696880961888	0.000560773867937754
MS.MIL.MPRT.KD_min2	3.67870762804507e-07	0.000196326367629442	0.000280386933968877
NV.AGR.TOTL.ZS_isNA_rank	3.67136702219527e-07	0.00019188961355872	0.000280386933968877
DC.DAC.CANL.CD_ratioavg2	3.66594707457811e-07	0.000401526243400328	0.000700967334922193
SP.POP.TOTL.FE.IN_delta1	3.59097467319858e-07	0.000720972536492302	0.000700967334922193
IS.AIR.PSGR_tend2	3.56720034634957e-07	0.000735391987222148	0.00098135426889107
EG.ELC.FOSL.ZS	3.56544802945381e-07	0.000552930476063712	0.000560773867937754
TM.VAL.MRCH.R6.ZS	3.55158056005905e-07	0.00064277474599583	0.00098135426889107
DC.DAC.FRAL.CD_rank	3.50178838850564e-07	0.000139757753227739	0.000140193466984439
TM.VAL.MRCH.RS.ZS_rank	3.49256186345181e-07	0.000298926305514885	0.000280386933968877
TM.VAL.MRCH.R6.ZS_rank	3.48653829599456e-07	0.000270641998314033	0.000420580400953316
NE.CON.GOVT.ZS_rank	3.47951849882417e-07	0.000146967478592662	0.000140193466984439
FM.AST.NFRG.CN_tend2	3.45613396626996e-07	0.000246794445183904	0.000420580400953316
NY.GDP.DEFL.KD.ZG_isNA_rank	3.44374832689284e-07	0.000605062336394694	0.00098135426889107
FI.RES.TOTL.MO	3.4297140766718e-07	0.000539620213851546	0.000841160801906631
AG.LND.ARBL.HA.PC_ratiomax2	3.34770415553328e-07	0.000124229113980212	0.000140193466984439
NV.IND.MANF.ZS	3.29374414759849e-07	0.00383280092284485	0.00308425627365765
NY.GDS.TOTL.CD_delta1	3.28256264839782e-07	0.000241248502595501	0.000280386933968877
DT.ODA.ALLD.CD_isNA_rank	3.21856858093281e-07	0.000246239850925063	0.000280386933968877
EG.ELC.HYRO.ZS_rank	3.21618705855259e-07	0.00139591374950087	0.00112154773587551
ER.FSH.CAPT.MT_delta1	3.21123032847954e-07	0.000195771773370602	0.000140193466984439
TG.VAL.TOTL.GD.ZS_lag1	3.17558871123901e-07	0.000352167354363548	0.000420580400953316
BX.KLT.DINV.CD.WD_delta1	3.13492564351716e-07	0.000264541461466791	0.000280386933968877
FI.RES.TOTL.CD_lag1	3.12888655269431e-07	0.000173033408758153	0.000140193466984439
SE.SEC.ENRL.GC.FE.ZS_isNA_rank	3.12720140835027e-07	0.000850192998802076	0.00126174120285995
EG.ELC.HYRO.ZS_tend2	3.10989293708755e-07	0.00221948622387861	0.00266367587270433
TM.VAL.MRCH.WR.ZS_delta1	3.1010349771529e-07	0.000829118416966148	0.00154212813682882
AG.LND.ARBL.ZS_ratiomax2	3.08659438016519e-07	0.000682150938373486	0.000420580400953316
TX.VAL.MRCH.HI.ZS_delta1	3.05860014617562e-07	0.000151404232663383	0.000280386933968877
NE.GDI.TOTL.CD	3.02462789932815e-07	0.000673832024490883	0.000841160801906631
DT.NFL.UNDP.CD_lag1	3.0245882569076e-07	0.000459204046319713	0.000841160801906631
young_population_pressure_delta1	3.00572291525177e-07	0.000138648564710058	0.000280386933968877
BX.KLT.DINV.CD.WD_lag1	2.8406261209642e-07	0.00061948178712454	0.000560773867937754
BM.GSR.NFSV.CD_lag1	2.819303272439e-07	0.000116464794356449	0.000280386933968877
IS.AIR.GOOD.MT.K1_avg2	2.81901471040716e-07	6.26691512489463e-05	0.000140193466984439
EN.URB.MCTY.TL.ZS_min2	2.777108080048e-07	0.000227383646124495	0.000280386933968877
IT.MLT.MAIN_ratiomax2	2.75217643381428e-07	0.00019133501929988	0.000280386933968877
PA.NUS.FCRF_lag1	2.73957030642281e-07	0.00203813390123785	0.00126174120285995
EN.GHG.CO2.IC.MT.CE.AR5_max2	2.66666251694014e-07	0.000387106792670482	0.000280386933968877
IS.AIR.GOOD.MT.K1_min2	2.64613231530276e-07	0.000937264297439993	0.000700967334922193
AG.PRD.CROP.XD	2.63958902135304e-07	0.000372687341940636	0.000700967334922193
SP.ADO.TFRT_lag1	2.62367914873759e-07	0.00263044056967922	0.00224309547175102
FM.LBL.BMNY.GD.ZS_lag1	2.59690717990099e-07	0.000153622609698744	0.000280386933968877
FI.RES.TOTL.CD_isNA_rank	2.55538988580942e-07	4.769510626026e-05	0.000140193466984439
PA.NUS.FCRF_isNA_rank	2.55033011249072e-07	0.000678823372820445	0.000841160801906631
SP.POP.DPND.YG	2.54485922267209e-07	0.000323328452903856	0.000280386933968877
EN.GHG.CH4.IC.MT.CE.AR5_tend2	2.52982738470713e-07	0.00163050712099028	0.00168232160381326
SP.POP.65UP.TO_delta1	2.52968026571986e-07	0.00033386574382182	0.000280386933968877
NE.CON.PRVT.PC.KD_ratioavg2	2.52110186003709e-07	0.000316673321797773	0.000560773867937754
AG.LND.ARBL.HA_ratiomax2	2.49233530856987e-07	0.000674941213008563	0.000560773867937754
AG.PRD.CROP.XD_rank	2.48585490375933e-07	0.000726518479080705	0.000841160801906631
SE.SEC.ENRR	2.4629990952141e-07	0.000276187940902436	0.000420580400953316
TM.VAL.MRCH.R5.ZS_rank	2.44723039804574e-07	0.00126835706996761	0.00112154773587551
NY.GDS.TOTL.ZS_lag1	2.43561660825579e-07	0.000245685256666223	0.000280386933968877
SP.POP.4549.MA.5Y	2.3791612096331e-07	0.00045199432095479	0.000420580400953316
SP.POP.80UP.MA.5Y_delta1	2.36846623691798e-07	0.00026232308443143	0.000280386933968877
NE.IMP.GNFS.ZS_delta1	2.36492620129165e-07	0.000137539376192378	0.000280386933968877
SE.PRM.TCHR_isNA_rank	2.36176994314146e-07	0.000438129464483784	0.000420580400953316
FI.RES.XGLD.CD_isNA_rank	2.32200077575542e-07	0.000194107990594081	0.000140193466984439
BX.TRF.PWKR.DT.GD.ZS_avg2	2.29145255443746e-07	0.000493034296108967	0.000560773867937754
MS.MIL.MPRT.KD_lag1	2.21596771046136e-07	0.000216291760947691	0.000280386933968877
BX.KLT.DINV.WD.GD.ZS_delta1	2.18469470905222e-07	0.000232929588712898	0.000280386933968877
MS.MIL.XPND.CD_min2	2.17388379089666e-07	4.93588890367807e-05	0.000140193466984439
BX.TRF.PWKR.CD.DT_max2	2.17069161970087e-07	6.32237455077865e-05	0.000140193466984439
BM.KLT.DINV.CD.WD_tend2	2.145073435101e-07	0.000414836505612494	0.000560773867937754
SP.POP.1564.TO_delta1	2.12035835345653e-07	0.000387661386929323	0.000560773867937754
ER.FSH.AQUA.MT_rank	2.11274104036206e-07	0.000193553396335241	0.000280386933968877
AG.YLD.CREL.KG_tend2	2.11080675018489e-07	0.000588979102888327	0.000560773867937754
DT.ODA.ODAT.KD_rank	2.10769710815521e-07	0.00016748746616975	0.000140193466984439
FirstYear_rank	2.07673405830966e-07	0.00019133501929988	0.000280386933968877
BM.GSR.TRVL.ZS_tend2	2.04936764265538e-07	0.000385443009893962	0.000560773867937754
SH.STA.MMRT	2.01891570572426e-07	0.000250122010736945	0.000280386933968877
SP.DYN.IMRT.IN_delta1	2.01659891954533e-07	0.00100326101424198	0.00098135426889107
NE.GDI.FTOT.CD	2.00441305138658e-07	0.000176915568570034	0.000140193466984439
SE.ENR.PRIM.FM.ZS_lag1	1.97469385455198e-07	0.000783087093482408	0.00126174120285995
SE.PRM.TCHR_delta1	1.96931171948127e-07	0.000570677492346599	0.00112154773587551
IS.AIR.DPRT_lag1	1.96494675793149e-07	0.000206863658547407	0.000420580400953316
SE.PRM.AGES_rank	1.95839340800842e-07	7.20972536492302e-05	0.000140193466984439
DT.ODA.ALLD.KD_tend2	1.95076218514771e-07	0.000126447491015573	0.000280386933968877
NY.ADJ.DNGY.GN.ZS	1.93605491530941e-07	0.000138093970451218	0.000280386933968877
TM.VAL.MRCH.WL.CD_lag1	1.93224756044928e-07	0.000458649452060872	0.000420580400953316
FM.AST.DOMS.CN_min2	1.93166690187109e-07	0.000518545632015617	0.000420580400953316
AG.LND.CREL.HA_delta1	1.93100168266049e-07	0.000102599937885443	0.000140193466984439
NY.GDS.TOTL.CD_isNA_rank	1.92567711545992e-07	0.000567904521052398	0.000560773867937754
DT.NFL.UNDP.CD_avg2	1.90021213546581e-07	0.000100936155108922	0.000140193466984439
NY.GDP.COAL.RT.ZS_isNA_rank	1.85273492499599e-07	0.000194662584852922	0.000280386933968877
NY.GDP.FCST.CN_delta1	1.81108907709019e-07	0.000165269089134389	0.000280386933968877
NE.CON.PRVT.KD_isNA_rank	1.79454878575592e-07	0.00083521895381339	0.00098135426889107
DT.ODA.ALLD.KD_rank	1.77458100343161e-07	0.000329428989751098	0.000420580400953316
BX.GRT.TECH.CD.WD_ratiomax2	1.77260537175405e-07	0.0004287013620835	0.000560773867937754
ER.FSH.CAPT.MT_max2	1.76607903281065e-07	0.000369359776387595	0.000280386933968877
BX.TRF.PWKR.DT.GD.ZS	1.76120195038369e-07	4.15945694130174e-05	0.000140193466984439
AG.LND.AGRI.ZS_ratioavg2	1.74719876237012e-07	0.00127723057810906	0.00126174120285995
TM.VAL.MANF.ZS.UN_lag1	1.74382671516854e-07	0.000890123785438573	0.000841160801906631
SP.POP.5054.FE.5Y_delta1	1.73567228617856e-07	0.000555148853099073	0.000560773867937754
NY.GSR.NFCY.CD_delta1	1.70259357708658e-07	0.00139036780691246	0.00210290200476658
SP.POP.BRTH.MF	1.67754525398688e-07	0.000582323971782244	0.000841160801906631
FM.AST.DOMS.CN_rank	1.65068199864835e-07	0.000385443009893962	0.000560773867937754
private_consumption_capacity_lag1	1.64190904498842e-07	0.000969430764452726	0.000700967334922193
FM.AST.NFRG.CN_rank	1.63323878966154e-07	0.000908425395980301	0.000700967334922193
FD.AST.PRVT.GD.ZS_lag1	1.63004437143642e-07	0.000219619326500732	0.000280386933968877
FI.RES.TOTL.MO_min2	1.62690035889186e-07	0.000138648564710058	0.000420580400953316
TM.VAL.FOOD.ZS.UN_rank	1.62548737614501e-07	0.00237199964505967	0.00154212813682882
SE.PRM.TCHR	1.62300226626377e-07	0.00021518257243001	0.000420580400953316
SP.POP.4044.MA.5Y_rank	1.59688886276501e-07	0.000347176006033986	0.000420580400953316
TM.VAL.OTHR.ZS.WT_rank	1.58402083301492e-07	0.000533519677004304	0.000560773867937754
AG.CON.FERT.ZS_tend2	1.58193760142492e-07	0.00123452682017836	0.00126174120285995
EG.ELC.COAL.ZS_tend2	1.57803202930709e-07	0.000176360974311194	0.000140193466984439
TM.VAL.MRCH.R2.ZS_delta1	1.55932829178948e-07	0.00061948178712454	0.00112154773587551
DC.DAC.TOTL.CD_avg2	1.54761093952869e-07	0.000108145880473845	0.000140193466984439
NV.IND.TOTL.KD.ZG_rank	1.54736281589251e-07	0.000226274457606815	0.000420580400953316
MS.MIL.MPRT.KD_avg2	1.53794885885709e-07	0.000195771773370602	0.000140193466984439
ER.FSH.PROD.MT_tend2	1.51160252431815e-07	0.000201872310217845	0.000280386933968877
AG.CON.FERT.ZS_min2	1.45995186681321e-07	4.88042947779405e-05	0.000140193466984439
FD.AST.PRVT.GD.ZS_min2	1.45938336444506e-07	0.000551821287546031	0.000700967334922193
NY.ADJ.DMIN.CD_isNA_rank	1.45263835459864e-07	0.00103875504680776	0.00140193466984439
BM.GSR.MRCH.CD_ratioavg2	1.4286249059981e-07	0.000139757753227739	0.000420580400953316
NV.AGR.TOTL.KD_delta1	1.41470860103146e-07	0.000297262522738365	0.000420580400953316
SP.POP.1564.FE.IN_delta1	1.39278315393867e-07	0.000957229690758241	0.00098135426889107
BX.PEF.TOTL.CD.WD_ratioavg2	1.37614229557845e-07	0.000201317715959004	0.000280386933968877
TX.VAL.SERV.CD.WT_delta1	1.36385763445734e-07	0.000254004170548826	0.000420580400953316
NV.SRV.TOTL.CD_isNA_rank	1.35373589904949e-07	0.00122232574648387	0.00098135426889107
NE.IMP.GNFS.KD.ZG	1.31844031562599e-07	0.00028561604330272	0.000560773867937754
ER.FSH.PROD.MT_delta1	1.31557762725214e-07	6.37783397666267e-05	0.000140193466984439
BM.KLT.DINV.WD.GD.ZS_tend2	1.29761848404655e-07	0.000748147655175474	0.00098135426889107
DT.ODA.ALLD.CD_tend2	1.29647032802021e-07	0.000792515195882692	0.00126174120285995
SG.LAW.INDX_lag1	1.2901654732787e-07	0.000315009539021252	0.000280386933968877
NV.IND.MANF.ZS_delta1	1.28887470523065e-07	0.000578441811970362	0.000700967334922193
EN.GHG.CH4.IC.MT.CE.AR5_delta1	1.28442710853532e-07	0.000700452548915214	0.000560773867937754
DC.DAC.CANL.CD_tend2	1.27744293324136e-07	0.00033331114956298	0.000560773867937754
BM.GSR.TRAN.ZS_ratiomax2	1.27665800018584e-07	0.000123119925462532	0.000140193466984439
NY.GSR.NFCY.CN_isNA_rank	1.26255250309605e-07	0.000318891698833134	0.000420580400953316
IT.MLT.MAIN.P2_ratioavg2	1.25813641303188e-07	0.000232929588712898	0.000420580400953316
FI.RES.XGLD.CD_delta1	1.25559787700973e-07	0.00011868317139181	0.000140193466984439
AG.CON.FERT.ZS_delta1	1.253943740964e-07	5.76778029193842e-05	0.000140193466984439
BM.GSR.GNFS.CD	1.2438518681861e-07	0.000219619326500732	0.000280386933968877
SE.PRM.ENRR_rank	1.24154327222311e-07	0.000210191224100448	0.000280386933968877
AG.PRD.LVSK.XD	1.23929589135332e-07	0.00113802741914016	0.00140193466984439
AG.LND.ARBL.ZS	1.22787341169128e-07	0.000302808465326767	0.000280386933968877
SE.PRM.ENRR.FE_delta1	1.22037101815515e-07	0.000479169439637961	0.000700967334922193
NE.CON.PRVT.ZS_tend2	1.21294395273585e-07	4.71405120014198e-05	0.000140193466984439
NE.CON.PRVT.ZS_ratioavg2	1.21033865980066e-07	9.87177780735614e-05	0.000280386933968877
AG.LND.AGRI.ZS_tend2	1.20767712825161e-07	0.0011979235990949	0.00140193466984439
neonatal_risk_indicator_lag1	1.20529021691712e-07	0.000150295044145703	0.000420580400953316
NE.RSB.GNFS.ZS_isNA_rank	1.19749743549992e-07	0.000807489240871379	0.00098135426889107
TM.VAL.MRCH.R6.ZS_isNA_rank	1.18801876892866e-07	0.000591197479923688	0.000420580400953316
NY.GDP.FCST.KD_delta1	1.18790188710324e-07	0.000499689427215049	0.000560773867937754
DC.DAC.FRAL.CD_delta1	1.18124768409716e-07	5.4904831625183e-05	0.000140193466984439
FI.RES.TOTL.MO_tend2	1.17996028279041e-07	0.000225165269089134	0.000560773867937754
DT.ODA.ODAT.PC.ZS_tend2	1.17972213424725e-07	0.000488597542038245	0.000700967334922193
EN.GHG.CH4.BU.MT.CE.AR5_tend2	1.14042840767679e-07	0.000363259239540352	0.000560773867937754
NE.TRD.GNFS.ZS_isNA_rank	1.1347560695074e-07	0.00101878965348951	0.00112154773587551
NV.AGR.TOTL.CN_isNA_rank	1.12854864901565e-07	0.000733173610186787	0.000841160801906631
EN.GHG.CO2.PI.MT.CE.AR5	1.07038834560387e-07	4.93588890367807e-05	0.000140193466984439
EN.GHG.CO2.PI.MT.CE.AR5_max2	1.05376178012336e-07	0.000192444207817561	0.000140193466984439
EG.ELC.HYRO.ZS_ratiomax2	1.04811760852051e-07	0.000192998802076401	0.000280386933968877
NE.CON.GOVT.ZS_ratioavg2	1.04125669460931e-07	8.20799503083544e-05	0.000280386933968877
FI.RES.TOTL.MO_isNA_rank	1.03398758841196e-07	0.000464195394649275	0.000420580400953316
DC.DAC.JPNL.CD_tend2	1.03339328398242e-07	9.09534584497981e-05	0.000280386933968877
NV.SRV.TOTL.KD.ZG_delta1	1.03062525126967e-07	0.000185789076711478	0.000420580400953316
BM.KLT.DINV.CD.WD_isNA_rank	1.02077802861991e-07	0.000224610674830294	0.000420580400953316
NV.IND.TOTL.ZS	1.00637475301558e-07	0.000256222547584187	0.000280386933968877
NY.GNP.MKTP.CD_isNA_rank	1.00011369329494e-07	0.000681596344114646	0.00098135426889107
DT.ODA.ODAT.PC.ZS_max2	9.95580386893738e-08	7.76431962376326e-05	0.000140193466984439
ER.FSH.AQUA.MT_lag1	9.94053480405248e-08	0.00100658857979502	0.000841160801906631
DT.ODA.ODAT.CD	9.93123787887623e-08	0.000155840986734105	0.000280386933968877
TX.VAL.MRCH.R1.ZS_lag1	9.61282293647196e-08	0.000783641687741249	0.00112154773587551
SP.POP.2529.FE.5Y_rank	9.57713946262445e-08	0.000179688539864235	0.000280386933968877
SP.POP.DPND_delta1	9.56762189709448e-08	0.000338302497892542	0.000280386933968877
EN.GHG.ALL.PC.CE.AR5_ratiomax2	9.52712062161286e-08	0.00011868317139181	0.000140193466984439
urban_development_ratio_delta1	9.51539286221962e-08	4.88042947779405e-05	0.000140193466984439
EN.GHG.CH4.IC.MT.CE.AR5_lag1	9.47414626907294e-08	0.000160277740804827	0.000140193466984439
NY.ADJ.NNTY.PC.CD_isNA_rank	9.44346276008265e-08	0.000168596654687431	0.000280386933968877
BM.KLT.DINV.CD.WD_delta1	9.37653281176766e-08	4.10399751541772e-05	0.000140193466984439
TM.VAL.SERV.CD.WT	9.31397394334963e-08	0.00111861662008075	0.00098135426889107
SP.DYN.CBRT.IN_delta1	9.23247729461553e-08	0.000293934957185323	0.000560773867937754
DC.DAC.CECL.CD_lag1	9.21075292214452e-08	4.15945694130174e-05	0.000140193466984439
NY.GDP.FCST.CD_isNA_rank	9.19299227116242e-08	0.0004769510626026	0.000700967334922193
BX.GSR.TRVL.ZS_isNA_rank	9.16455350416288e-08	0.00038156085008208	0.000700967334922193
SP.POP.0014.MA.IN_delta1	9.13993197922359e-08	0.000130329650827455	0.000140193466984439
SE.PRM.ENRR.MA	9.06310850511557e-08	0.00221449487554905	0.00266367587270433
AG.PRD.CROP.XD_avg2	9.02741066002945e-08	0.000123674519721372	0.000140193466984439
FS.AST.PRVT.GD.ZS_max2	8.93796409213133e-08	0.000105927503438484	0.000140193466984439
Country_Name	8.67108832176796e-08	9.26172412263188e-05	0.000140193466984439
FI.RES.XGLD.CD_tend2	8.64483072600065e-08	0.000758684946093438	0.00112154773587551
BX.GSR.TRVL.ZS_rank	8.60526563102372e-08	0.000169705843205111	0.000140193466984439
NY.ADJ.NNTY.CD_delta1	8.23571999512942e-08	0.000131993433603975	0.000280386933968877
EG.ELC.COAL.ZS_lag1	8.16404149091747e-08	0.000448112161142908	0.000420580400953316
EN.GHG.CH4.AG.MT.CE.AR5_tend2	8.12299373432047e-08	0.000100381560850082	0.000140193466984439
EN.GHG.N2O.FE.MT.CE.AR5_delta1	7.95363125105094e-08	0.000194662584852922	0.000140193466984439
SE.SEC.ENRR.FE_lag1	7.8950021090449e-08	0.00019133501929988	0.000140193466984439
ER.H2O.INTR.PC_delta1	7.50094418880521e-08	0.000480833222414482	0.000420580400953316
BM.GSR.CMCP.ZS_ratioavg2	7.4513263574643e-08	0.00016637827765207	0.000420580400953316
DC.DAC.USAL.CD_tend2	7.30356873441766e-08	0.000513554283686055	0.00098135426889107
BM.TRF.PWKR.CD.DT_max2	7.28309790006001e-08	0.000202426904476685	0.000420580400953316
EN.GHG.N2O.WA.MT.CE.AR5_tend2	7.08948185697294e-08	0.000633346643595545	0.000700967334922193
DC.DAC.DEUL.CD_ratiomax2	7.06569694870837e-08	0.000717644970939261	0.00098135426889107
EN.GHG.CH4.PI.MT.CE.AR5_lag1	7.04212637773027e-08	0.000193553396335241	0.000140193466984439
IS.AIR.GOOD.MT.K1_delta1	6.99094362373105e-08	0.00021462797817117	0.000140193466984439
NY.GDP.MINR.RT.ZS_rank	6.85031231474108e-08	0.00119293225076534	0.00098135426889107
NV.AGR.TOTL.ZS	6.80392583897826e-08	0.000729846044633746	0.000560773867937754
TX.VAL.MRCH.R4.ZS_rank	6.77699755171697e-08	9.42810240028395e-05	0.000140193466984439
NE.TRD.GNFS.ZS	6.7568186850275e-08	4.99134832956209e-05	0.000140193466984439
FM.AST.DOMS.CN_ratioavg2	6.67337963785607e-08	0.000338857092151382	0.000560773867937754
NV.IND.TOTL.CN_isNA_rank	6.58644322168121e-08	0.00138759483561826	0.0018225150707977
BX.PEF.TOTL.CD.WD_tend2	6.50386163107256e-08	0.00021351878965349	0.000420580400953316
DT.ODA.ODAT.GN.ZS_tend2	6.43090503854786e-08	0.000542393185145747	0.000700967334922193
BM.GSR.TOTL.CD_max2	6.42039325844768e-08	0.000242912285372022	0.000280386933968877
TM.VAL.MRCH.RS.ZS_delta1	6.30810146141629e-08	0.000717090376680421	0.000560773867937754
BX.GSR.FCTY.CD_min2	6.27945211150961e-08	7.70886019787923e-05	0.000140193466984439
DC.DAC.USAL.CD_ratioavg2	6.19801735022141e-08	9.59448067793602e-05	0.000140193466984439
NV.SRV.TOTL.ZS_delta1	6.19659392246537e-08	0.00023903012556014	0.000420580400953316
BX.GRT.EXTA.CD.WD_avg2	6.06004796984222e-08	9.48356182616797e-05	0.000140193466984439
FP.CPI.TOTL.ZG_avg2	6.02991575265256e-08	0.000590642885664848	0.000841160801906631
NY.GDP.MINR.RT.ZS_lag1	6.02786936841176e-08	0.000462531611872754	0.000841160801906631
AG.PRD.CREL.MT_delta1	6.01569850017999e-08	0.000305026842362128	0.000280386933968877
FM.LBL.BMNY.GD.ZS_min2	5.93566177950648e-08	0.000129220462309774	0.000280386933968877
EN.GHG.N2O.FE.MT.CE.AR5_ratioavg2	5.92926925302759e-08	0.000250122010736945	0.000280386933968877
NE.CON.PRVT.CD_isNA_rank	5.88445848116756e-08	0.000769776831270243	0.00098135426889107
SP.POP.1564.MA.IN_delta1	5.83434408395358e-08	0.000407626780247571	0.000560773867937754
young_population_pressure_lag1	5.76603917744424e-08	0.0028106837038023	0.00224309547175102
NE.CON.PRVT.KD.ZG_isNA_rank	5.74149724287185e-08	0.000439238653001464	0.000560773867937754
NY.GNP.MKTP.CD_delta1	5.71692094491502e-08	0.000134211810639336	0.000140193466984439
TX.VAL.MRCH.OR.ZS_delta1	5.63460764206736e-08	0.00141199698300723	0.00210290200476658
SP.POP.7074.MA.5Y	5.62160295438267e-08	0.000164714494875549	0.000140193466984439
NY.ADJ.DMIN.GN.ZS	5.57833787113203e-08	0.000113137228803407	0.000280386933968877
NE.CON.PRVT.CD_rank	5.56003991136454e-08	0.000100936155108922	0.000140193466984439
AG.PRD.CREL.MT_lag1	5.52931360415877e-08	0.000198544744664803	0.000140193466984439
TM.VAL.MMTL.ZS.UN_delta1	5.48993833004272e-08	0.00101546208793647	0.00140193466984439
BM.GSR.INSF.ZS_ratioavg2	5.45360736867686e-08	0.000139757753227739	0.000280386933968877
TM.VAL.MRCH.AL.ZS_lag1	5.42425863818443e-08	0.000114246417321088	0.000280386933968877
EN.GHG.N2O.MT.CE.AR5_ratioavg2	5.39293409831345e-08	0.000556812635875594	0.000841160801906631
EN.GHG.N2O.IC.MT.CE.AR5_min2	5.37189551345058e-08	0.000164714494875549	0.000140193466984439
EN.GHG.CH4.IC.MT.CE.AR5_ratioavg2	5.3263755915747e-08	0.000415945694130174	0.000841160801906631
EN.GHG.CH4.FE.MT.CE.AR5_delta1	5.20329275485695e-08	8.8180487155597e-05	0.000140193466984439
AG.LND.AGRI.ZS_rank	5.19012882014311e-08	6.26691512489463e-05	0.000140193466984439
BX.GRT.TECH.CD.WD_ratioavg2	5.17740827815923e-08	0.000163050712099028	0.000280386933968877
NE.TRD.GNFS.ZS_lag1	5.12220134808869e-08	0.000209082035582768	0.000280386933968877
SP.POP.0509.FE.5Y	5.11320835615468e-08	0.000129775056568614	0.000140193466984439
BX.TRF.PWKR.CD.DT_delta1	5.03868322743311e-08	9.48356182616797e-05	0.000140193466984439
EG.USE.ELEC.KH.PC_ratioavg2	5.00674644543719e-08	0.00023903012556014	0.000560773867937754
EG.ELC.FOSL.ZS_rank	4.95316842283476e-08	0.000268423621278673	0.000420580400953316
EG.ELC.FOSL.ZS_min2	4.94732888089777e-08	0.000419827853942056	0.000420580400953316
NE.IMP.GNFS.ZS_rank	4.89366301069527e-08	4.27037579306979e-05	0.000140193466984439
EN.GHG.CH4.IC.MT.CE.AR5_min2	4.8781547309728e-08	0.000132548027862816	0.000140193466984439
TX.VAL.MRCH.R1.ZS_rank	4.87708700918653e-08	0.000210191224100448	0.000420580400953316
EN.GHG.N2O.IC.MT.CE.AR5_lag1	4.86978082800016e-08	0.000322773858645015	0.000420580400953316
BM.KLT.DINV.CD.WD_ratiomax2	4.86807585774072e-08	4.71405120014198e-05	0.000140193466984439
SP.POP.BRTH.MF_lag1	4.85001501802507e-08	0.000656639602466835	0.000841160801906631
TM.VAL.FUEL.ZS.UN	4.82507296700134e-08	0.00016748746616975	0.000280386933968877
FM.AST.PRVT.GD.ZS_avg2	4.82244212649005e-08	0.000293380362926483	0.000420580400953316
MS.MIL.XPND.CD_rank	4.74620159762992e-08	0.000102599937885443	0.000140193466984439
BM.GSR.TOTL.CD_isNA_rank	4.69648881131178e-08	4.32583521895381e-05	0.000140193466984439
IS.AIR.DPRT_delta1	4.62420852431862e-08	0.000327210612715737	0.000700967334922193
DC.DAC.USAL.CD_delta1	4.57381107748695e-08	6.26691512489463e-05	0.000140193466984439
DT.ODA.ALLD.KD_isNA_rank	4.52695436615425e-08	0.00151515151515152	0.00098135426889107
DT.NFL.UNDP.CD_tend2	4.4930228136467e-08	0.000337747903633702	0.000841160801906631
AG.LND.CROP.ZS_tend2	4.4484830571041e-08	0.000134211810639336	0.000140193466984439
SP.POP.65UP.FE.ZS_delta1	4.43334890472983e-08	0.000341075469186743	0.000560773867937754
NY.GDP.TOTL.RT.ZS_isNA_rank	4.36891640567281e-08	0.000633901237854386	0.000700967334922193
NV.SRV.TOTL.KD_delta1	4.32903023082429e-08	0.000323328452903856	0.000280386933968877
SP.URB.GROW_delta1	4.31725336572864e-08	0.000255113359066507	0.000420580400953316
NE.EXP.GNFS.CN_isNA_rank	4.30818864163656e-08	0.000350503571587027	0.000280386933968877
SE.ENR.PRIM.FM.ZS_rank	4.28659381469928e-08	7.76431962376326e-05	0.000140193466984439
BX.GSR.MRCH.CD	4.25156772191065e-08	0.00021407338391233	0.000280386933968877
EN.POP.DNST_ratioavg2	4.2468597369264e-08	0.00162717955543724	0.00168232160381326
TX.VAL.MRCH.R1.ZS	4.21022847320412e-08	0.000465859177425795	0.000560773867937754
EN.GHG.N2O.AG.MT.CE.AR5_ratiomax2	4.19526181411661e-08	0.000160832335063667	0.000140193466984439
FD.AST.PRVT.GD.ZS_max2	4.18011920186638e-08	0.000712653622609699	0.000700967334922193
SP.POP.1014.FE.5Y	4.15162616048428e-08	0.00385997604152802	0.00224309547175102
DC.DAC.FRAL.CD_tend2	4.14942115003345e-08	0.000322773858645015	0.000560773867937754
EN.URB.LCTY.UR.ZS_tend2	4.14439111616057e-08	9.539021252052e-05	0.000280386933968877
BX.GRT.TECH.CD.WD_lag1	4.1349447135326e-08	0.00021462797817117	0.000280386933968877
NV.IND.MANF.KD_isNA_rank	4.03778134331441e-08	0.000361595456763832	0.000420580400953316
TM.VAL.MRCH.OR.ZS_delta1	4.0226930590723e-08	0.000109255068991526	0.000280386933968877
TX.VAL.MRCH.CD.WT_lag1	4.01193901278057e-08	0.000439238653001464	0.000280386933968877
DC.DAC.CECL.CD_avg2	3.98221154137287e-08	4.65859177425795e-05	0.000140193466984439
NE.RSB.GNFS.ZS_delta1	3.92147610946912e-08	4.21491636718577e-05	0.000140193466984439
DC.DAC.USAL.CD_avg2	3.92076103898386e-08	8.20799503083544e-05	0.000140193466984439
TM.VAL.FUEL.ZS.UN_rank	3.82776578353318e-08	0.000136984781933537	0.000280386933968877
AG.YLD.CREL.KG_ratiomax2	3.78105678295478e-08	0.000158059363769466	0.000140193466984439
BX.GSR.FCTY.CD	3.77754841181445e-08	0.00014308531878078	0.000140193466984439
BM.GSR.FCTY.CD_isNA_rank	3.77096609474956e-08	0.000201317715959004	0.000420580400953316
FS.AST.CGOV.GD.ZS_lag1	3.75637659281824e-08	5.98961799547451e-05	0.000140193466984439
EN.URB.LCTY_max2	3.72744218587067e-08	0.000195771773370602	0.000140193466984439
NY.ADJ.NNTY.CD_rank	3.61260470389489e-08	0.00214517059319402	0.00168232160381326
BX.GSR.TRAN.ZS_ratiomax2	3.6026837044206e-08	0.00016804206042859	0.000280386933968877
BX.GSR.TRAN.ZS_avg2	3.59060515128523e-08	6.82150938373486e-05	0.000140193466984439
DC.DAC.CANL.CD_lag1	3.58078907399941e-08	0.000149185855628023	0.000140193466984439
IT.CEL.SETS.P2_lag1	3.56355250453604e-08	0.000530746705710102	0.000700967334922193
FP.CPI.TOTL.ZG	3.5277120470517e-08	0.00078641465903545	0.00140193466984439
NE.CON.PRVT.KD_tend2	3.49782919672755e-08	0.000182461511158437	0.000280386933968877
FI.RES.TOTL.MO_ratiomax2	3.45800181672051e-08	9.92723723324016e-05	0.000140193466984439
BX.GSR.TOTL.CD_tend2	3.45169469515269e-08	0.000246239850925063	0.000280386933968877
EG.ELC.COAL.ZS	3.43772519355964e-08	6.82150938373486e-05	0.000140193466984439
IT.CEL.SETS.P2_max2	3.43572583930233e-08	0.000636119614889747	0.000700967334922193
AG.LND.CROP.ZS_avg2	3.39643756683237e-08	0.000134766404898176	0.000140193466984439
DT.ODA.ODAT.KD_min2	3.38663416168173e-08	9.98269665912419e-05	0.000140193466984439
EN.GHG.N2O.TR.MT.CE.AR5_delta1	3.38530776321076e-08	0.000431474333377701	0.000560773867937754
AG.PRD.CROP.XD_lag1	3.37280191916006e-08	0.000522982386086339	0.000700967334922193
SE.PRM.ENRR.FE	3.370603194687e-08	0.000266205244243312	0.000700967334922193
TX.VAL.MMTL.ZS.UN_delta1	3.36307189073415e-08	0.000212409601135809	0.000420580400953316
NY.GDP.PCAP.CN_rank	3.3493379275332e-08	0.000266205244243312	0.000280386933968877
DC.DAC.DEUL.CD_lag1	3.3270018089738e-08	0.000138648564710058	0.000140193466984439
EG.ELC.PETR.ZS_ratioavg2	3.29724557201371e-08	0.000598407205288611	0.000700967334922193
NE.CON.TOTL.KD.ZG_isNA_rank	3.28140784373662e-08	0.000392098141000044	0.000280386933968877
BX.GSR.GNFS.CD	3.20808498384042e-08	5.93415856959049e-05	0.000140193466984439
DC.DAC.DEUL.CD_isNA_rank	3.20079700695205e-08	0.00102489019033675	0.000841160801906631
EN.GHG.N2O.IC.MT.CE.AR5_ratioavg2	3.18931717345806e-08	0.000222946892053773	0.000420580400953316
ER.FSH.AQUA.MT_ratiomax2	3.18838992116914e-08	0.000369359776387595	0.000280386933968877
TX.VAL.AGRI.ZS.UN_delta1	3.18276605774722e-08	8.70712986379165e-05	0.000140193466984439
DT.ODA.ALLD.CD_avg2	3.17112458956022e-08	0.000115355605838768	0.000140193466984439
TX.VAL.MRCH.RS.ZS_delta1	3.14451762249117e-08	0.000246239850925063	0.000280386933968877
IS.AIR.PSGR_ratioavg2	3.10395322157164e-08	0.000129775056568614	0.000140193466984439
FM.LBL.BMNY.GD.ZS_tend2	3.06745113618051e-08	0.000145303695816141	0.000140193466984439
EG.ELC.FOSL.ZS_lag1	3.06676548374122e-08	0.000175806380052354	0.000420580400953316
SE.SEC.ENRL_delta1	3.02654889699298e-08	0.000224610674830294	0.000280386933968877
DC.DAC.USAL.CD_ratiomax2	2.99804555007238e-08	9.64994010382004e-05	0.000140193466984439
NY.GDP.MKTP.KD.ZG	2.97784232440877e-08	0.000545720750698789	0.000700967334922193
EN.GHG.CH4.AG.MT.CE.AR5_ratioavg2	2.97358316225927e-08	0.000138093970451218	0.000280386933968877
NE.CON.TOTL.KD_tend2	2.87555910514529e-08	4.60313234837393e-05	0.000140193466984439
BX.KLT.DINV.WD.GD.ZS_max2	2.86120103383569e-08	0.000211855006876969	0.000420580400953316
TM.VAL.OTHR.ZS.WT_isNA_rank	2.8597553369801e-08	0.00123729979147256	0.00112154773587551
AG.LND.AGRI.ZS_ratiomax2	2.85841659259656e-08	0.000287834420338081	0.000280386933968877
SE.ENR.PRIM.FM.ZS	2.83283909283427e-08	0.000285061449043879	0.000420580400953316
BM.KLT.DINV.WD.GD.ZS_delta1	2.820570455314e-08	0.000282843072008519	0.000280386933968877
BM.GSR.FCTY.CD_rank	2.77880071524728e-08	0.00014363991303962	0.000140193466984439
EN.GHG.N2O.TR.MT.CE.AR5_tend2	2.74313036030576e-08	0.000376569501752518	0.000700967334922193
EN.GHG.N2O.IC.MT.CE.AR5	2.6889389840632e-08	0.00014363991303962	0.000140193466984439
NV.IND.TOTL.CD_isNA_rank	2.63577236410617e-08	0.000148076667110342	0.000420580400953316
IS.AIR.DPRT	2.62615730404509e-08	0.000140866941745419	0.000140193466984439
BM.KLT.DINV.WD.GD.ZS_rank	2.61072302297139e-08	0.000499689427215049	0.000560773867937754
SP.POP.0004.FE.5Y_delta1	2.5741344010444e-08	0.000283952260526199	0.000420580400953316
IS.AIR.GOOD.MT.K1_rank	2.53323645908463e-08	0.00011979235990949	0.000140193466984439
DT.NFL.UNDP.CD_isNA_rank	2.52712231377853e-08	0.000283397666267359	0.000420580400953316
EN.GHG.CO2.BU.MT.CE.AR5_lag1	2.48760772090508e-08	0.000128111273792094	0.000140193466984439
IS.AIR.PSGR_lag1	2.46119519850292e-08	0.000247903633701584	0.000280386933968877
BX.GSR.TRAN.ZS	2.43618823784926e-08	0.000352167354363548	0.000560773867937754
TX.VAL.MMTL.ZS.UN_isNA_rank	2.34136419054594e-08	0.000131438839345135	0.000140193466984439
NY.ADJ.DFOR.CD_delta1	2.30324701135415e-08	5.87869914370647e-05	0.000140193466984439
SM.POP.RHCR.EO_delta1	2.29788471107963e-08	0.000212409601135809	0.000280386933968877
TX.VAL.OTHR.ZS.WT_isNA_rank	2.28818255808054e-08	6.71059053196681e-05	0.000140193466984439
EG.USE.ELEC.KH.PC_rank	2.28453826320452e-08	0.000137539376192378	0.000140193466984439
SP.POP.1564.FE.ZS_delta1	2.26700024968672e-08	0.000318891698833134	0.000560773867937754
NY.ADJ.DKAP.GN.ZS_rank	2.23547826156434e-08	0.000219619326500732	0.000280386933968877
AG.LND.ARBL.HA.PC_avg2	2.20777853921651e-08	0.000195771773370602	0.000280386933968877
TX.VAL.AGRI.ZS.UN	2.18897894404419e-08	0.000857402724166999	0.00126174120285995
NE.GDI.FTOT.ZS_isNA_rank	2.18765036106777e-08	0.000148076667110342	0.000280386933968877
SP.DYN.TO65.MA.ZS	2.15454780222729e-08	8.15253560495142e-05	0.000140193466984439
NY.GDP.PCAP.KN_isNA_rank	2.11026332123377e-08	0.000231820400195217	0.000420580400953316
AG.LND.CROP.ZS_ratiomax2	2.10489400168124e-08	8.42983273437153e-05	0.000140193466984439
BM.GSR.TOTL.CD	2.10326201170033e-08	9.48356182616797e-05	0.000140193466984439
NE.IMP.GNFS.KD.ZG_lag1	2.08803652901027e-08	0.000409845157282932	0.000841160801906631
BX.GRT.TECH.CD.WD_delta1	2.08501662620798e-08	0.000255667953325347	0.000280386933968877
NY.ADJ.DMIN.CD_delta1	2.07261928024326e-08	5.98961799547451e-05	0.000140193466984439
TM.VAL.MRCH.R4.ZS_rank	2.05092036076699e-08	6.26691512489463e-05	0.000140193466984439
NY.ADJ.DMIN.GN.ZS_isNA_rank	2.03405058080624e-08	5.71232086605439e-05	0.000140193466984439
SP.POP.4044.FE.5Y	2.00682887327199e-08	0.000148631261369182	0.000140193466984439
BM.GSR.TRAN.ZS_tend2	1.99093605459025e-08	6.59967168019877e-05	0.000140193466984439
TM.VAL.MRCH.AL.ZS_delta1	1.94271092414189e-08	0.000331647366786459	0.000420580400953316
EN.GHG.CH4.PI.MT.CE.AR5_max2	1.93463918889267e-08	0.000154177203957585	0.000140193466984439
NY.GDP.FCST.CN_isNA_rank	1.90304710330822e-08	4.65859177425795e-05	0.000140193466984439
FS.AST.CGOV.GD.ZS_tend2	1.89995733830269e-08	0.000781977904964728	0.000700967334922193
SE.SEC.ENRR.MA_rank	1.89670566974407e-08	0.00097941346111185	0.000841160801906631
NV.IND.TOTL.ZS_delta1	1.89236930873115e-08	0.00033442033808066	0.000700967334922193
SP.POP.1564.TO.ZS_rank	1.84534378146421e-08	0.000163050712099028	0.000140193466984439
BX.GSR.TRAN.ZS_isNA_rank	1.8337523766666e-08	0.0010021518257243	0.00140193466984439
TM.VAL.FOOD.ZS.UN_delta1	1.81761481137581e-08	0.000130329650827455	0.000280386933968877
BX.PEF.TOTL.CD.WD_rank	1.81221338918395e-08	0.000113691823062248	0.000140193466984439
AG.PRD.CREL.MT_min2	1.78821070570338e-08	0.000126447491015573	0.000140193466984439
NE.GDI.TOTL.CD_delta1	1.76192311556253e-08	6.54421225431474e-05	0.000140193466984439
DC.DAC.CECL.CD_min2	1.75721791240483e-08	0.000146412884333821	0.000420580400953316
SP.POP.GROW_lag1	1.75152758980966e-08	7.32064421669107e-05	0.000140193466984439
TM.VAL.TRAN.ZS.WT_lag1	1.73121377996638e-08	0.000324437641421536	0.000560773867937754
EN.GHG.CO2.PC.CE.AR5_tend2	1.72512954277621e-08	0.000417054882647855	0.000560773867937754
NV.SRV.TOTL.KD_isNA_rank	1.72202806597648e-08	7.54248192022716e-05	0.000140193466984439
NE.CON.TOTL.KD.ZG_avg2	1.70598216543851e-08	0.000182461511158437	0.000280386933968877
NY.GNP.PCAP.CN_delta1	1.6874076418011e-08	0.000123674519721372	0.000140193466984439
SP.DYN.AMRT.MA_isNA_rank	1.61227964968411e-08	0.00062059097564222	0.000841160801906631
TX.VAL.MRCH.RS.ZS	1.594736826365e-08	0.000106482097697325	0.000280386933968877
NE.EXP.GNFS.CN	1.5796139029498e-08	0.000287834420338081	0.000420580400953316
FM.AST.DOMS.CN_lag1	1.57113174467947e-08	0.000590088291406007	0.000420580400953316
MS.MIL.XPND.GD.ZS_delta1	1.55463217563229e-08	0.000149185855628023	0.000280386933968877
EN.GHG.CO2.RT.GDP.KD_ratioavg2	1.54959862427546e-08	0.000117573982874129	0.000140193466984439
SP.POP.1014.MA.5Y_delta1	1.54792680259801e-08	0.000538511025333866	0.000841160801906631
IT.MLT.MAIN.P2_avg2	1.54666135604888e-08	0.000235702560007099	0.000280386933968877
FM.AST.PRVT.GD.ZS_isNA_rank	1.54201390998945e-08	0.000656085008207995	0.000560773867937754
IS.AIR.GOOD.MT.K1_ratioavg2	1.53422828956025e-08	0.000277851723678956	0.000560773867937754
AG.LND.CROP.ZS_rank	1.49448946953366e-08	0.000136984781933537	0.000140193466984439
TX.VAL.MANF.ZS.UN_isNA_rank	1.49194221950337e-08	0.000159723146545987	0.000140193466984439
FP.CPI.TOTL_tend2	1.48049693605205e-08	0.000633901237854386	0.00126174120285995
BX.KLT.DINV.WD.GD.ZS_avg2	1.47686472873354e-08	0.000305581436620968	0.000420580400953316
FM.LBL.BMNY.GD.ZS_max2	1.47302438112324e-08	5.65686144017037e-05	0.000140193466984439
BX.TRF.CURR.CD_lag1	1.45871980338429e-08	0.000109809663250366	0.000140193466984439
SP.POP.1564.TO.ZS_delta1	1.44937659757147e-08	0.000140312347486579	0.000420580400953316
EN.GHG.CO2.PI.MT.CE.AR5_ratioavg2	1.44908490981699e-08	9.15080527086384e-05	0.000280386933968877
NE.CON.PRVT.ZS_isNA_rank	1.41165187446776e-08	0.00128277652069746	0.00140193466984439
EN.GHG.CH4.FE.MT.CE.AR5	1.39689260669112e-08	0.00011923776565065	0.000140193466984439
SE.PRM.ENRR_isNA_rank	1.36627054170451e-08	0.000305581436620968	0.000560773867937754
EN.URB.LCTY_delta1	1.33128629085777e-08	0.00011812857713297	0.000280386933968877
BX.KLT.DINV.WD.GD.ZS_ratioavg2	1.30491855125924e-08	4.93588890367807e-05	0.000140193466984439
NE.CON.PRVT.KD.ZG_max2	1.26471273264373e-08	4.32583521895381e-05	0.000140193466984439
NE.CON.PRVT.KD	1.26025395136477e-08	0.000117573982874129	0.000280386933968877
TX.VAL.TRAN.ZS.WT_delta1	1.25663733376613e-08	0.00028561604330272	0.000420580400953316
DC.DAC.JPNL.CD	1.25051909634273e-08	0.000815808154753982	0.00098135426889107
SE.SEC.ENRL_isNA_rank	1.22479193421073e-08	0.00118905009095346	0.00112154773587551
SP.POP.0509.MA.5Y_delta1	1.22453598755935e-08	0.000459758640578553	0.00098135426889107
MS.MIL.XPND.GD.ZS_lag1	1.21640735918758e-08	0.000257886330360708	0.000280386933968877
IT.MLT.MAIN	1.19819209388261e-08	4.21491636718577e-05	0.000140193466984439
TM.VAL.MRCH.CD.WT_lag1	1.18806245668042e-08	0.00011979235990949	0.000140193466984439
BM.GSR.MRCH.CD_isNA_rank	1.16554408189106e-08	0.000601734770841652	0.000560773867937754
SP.POP.65UP.MA.ZS_lag1	1.14261391928033e-08	0.000134211810639336	0.000140193466984439
EN.GHG.N2O.PI.MT.CE.AR5_min2	1.13946579884017e-08	0.000145303695816141	0.000140193466984439
NY.ADJ.DFOR.GN.ZS_isNA_rank	1.13245741227351e-08	0.00167820222725054	0.00126174120285995
SE.SEC.ENRL.GC_isNA_rank	1.12087524045693e-08	0.00208804738453348	0.00224309547175102
BX.GSR.CMCP.ZS_ratioavg2	1.09866016582606e-08	4.71405120014198e-05	0.000140193466984439
IS.AIR.PSGR_avg2	1.09256675453802e-08	0.000164714494875549	0.000140193466984439
BX.GSR.TOTL.CD_delta1	1.07385340519645e-08	5.93415856959049e-05	0.000140193466984439
BX.KLT.DINV.CD.WD_min2	1.06962778908338e-08	0.000338857092151382	0.000420580400953316
DC.DAC.FRAL.CD_lag1	1.06470049502971e-08	0.000540729402369227	0.000841160801906631
SP.DYN.TO65.MA.ZS_lag1	1.0496048702718e-08	0.000270087404055193	0.000280386933968877
DC.DAC.JPNL.CD_delta1	1.04000180436545e-08	0.00014419450729846	0.000280386933968877
NE.CON.PRVT.PC.KD_rank	1.02575646697274e-08	4.54767292248991e-05	0.000140193466984439
AG.YLD.CREL.KG_ratioavg2	1.01400185472162e-08	9.87177780735614e-05	0.000140193466984439
NV.IND.TOTL.KD.ZG_lag1	1.01239825624001e-08	0.000211300412618129	0.000280386933968877
NY.ADJ.DNGY.CD_isNA_rank	9.85265480529453e-09	0.000298926305514885	0.000560773867937754
TM.VAL.MRCH.HI.ZS_lag1	9.71017217891251e-09	9.09534584497981e-05	0.000140193466984439
TM.VAL.MRCH.R5.ZS	9.65861770894795e-09	8.15253560495142e-05	0.000140193466984439
TM.VAL.MRCH.R4.ZS_lag1	9.56561258698131e-09	0.000134766404898176	0.000280386933968877
SM.POP.NETM_delta1	9.50106448695449e-09	0.000613381250277297	0.000700967334922193
BX.GSR.MRCH.CD_ratioavg2	9.48310583165033e-09	0.000307799813656329	0.000280386933968877
EG.ELC.NUCL.ZS_lag1	9.38363086691573e-09	0.00014419450729846	0.000140193466984439
IS.AIR.GOOD.MT.K1_isNA_rank	9.21751460741135e-09	0.00117962198855317	0.00126174120285995
AG.YLD.CREL.KG_delta1	9.21404224637671e-09	0.000576778029193842	0.000560773867937754
TM.VAL.AGRI.ZS.UN_delta1	9.15582667892539e-09	0.00014308531878078	0.000280386933968877
DT.NFL.UNDP.CD_delta1	9.1364386654955e-09	0.000136430187674697	0.000280386933968877
NE.CON.GOVT.ZS_isNA_rank	9.0252701911957e-09	0.000422600825236257	0.000420580400953316
SP.RUR.TOTL.ZS_rank	9.02385386322968e-09	4.32583521895381e-05	0.000140193466984439
BX.GSR.NFSV.CD_isNA_rank	8.99550392816883e-09	0.00142863481077244	0.0018225150707977
NY.ADJ.NNTY.CD	8.88458783603842e-09	0.000671059053196681	0.000700967334922193
SE.PRM.ENRR.FE_lag1	8.73148884724191e-09	7.26518479080705e-05	0.000140193466984439
SP.POP.GROW_rank	8.70147021844254e-09	0.000111473446026887	0.000140193466984439
BM.GSR.MRCH.CD_tend2	8.57047730105718e-09	4.21491636718577e-05	0.000140193466984439
BX.GSR.NFSV.CD	8.26968687090441e-09	0.000303917653844447	0.000280386933968877
EN.GHG.ALL.PC.CE.AR5	8.11105733727299e-09	5.54594258840233e-05	0.000140193466984439
TM.VAL.MRCH.CD.WT_delta1	8.07335773510718e-09	0.000197990150405963	0.000140193466984439
AG.LND.ARBL.HA.PC_max2	8.04469193216784e-09	0.000437574870224943	0.000280386933968877
EG.ELC.PETR.ZS_tend2	7.70301911018212e-09	7.32064421669107e-05	0.000140193466984439
BX.GSR.MRCH.CD_rank	7.67772462320677e-09	0.000169151248946271	0.000140193466984439
NE.GDI.FTOT.ZS_delta1	7.51925730987728e-09	8.42983273437153e-05	0.000140193466984439
DT.ODA.ALLD.KD_max2	7.46451314374334e-09	0.00018967123652336	0.000280386933968877
NE.EXP.GNFS.KD.ZG_lag1	7.36857648559341e-09	0.000288389014596921	0.000560773867937754
FS.AST.PRVT.GD.ZS_delta1	7.32162287388326e-09	0.000344403034739784	0.000420580400953316
BM.GSR.TRVL.ZS_isNA_rank	7.2932588304353e-09	0.000155286392475265	0.000280386933968877
NE.IMP.GNFS.CN	7.28167218879746e-09	0.000123674519721372	0.000280386933968877
NE.CON.TOTL.CD_tend2	7.23988787855969e-09	0.000280070100714317	0.000280386933968877
SP.POP.6064.MA.5Y	7.16242099049135e-09	0.00482497005191002	0.00280386933968877
BM.GSR.TOTL.CD_lag1	7.13477190546804e-09	0.000108145880473845	0.000140193466984439
DT.ODA.ALLD.CD_min2	7.05153408037398e-09	0.00011868317139181	0.000140193466984439
NY.ADJ.DNGY.GN.ZS_delta1	6.96519384504167e-09	0.00011868317139181	0.000140193466984439
FD.AST.PRVT.GD.ZS_avg2	6.87421376021311e-09	0.000327210612715737	0.000280386933968877
SE.TER.ENRR_isNA_rank	6.84709840220621e-09	0.000449221349660588	0.000841160801906631
BX.TRF.PWKR.CD.DT_ratioavg2	6.83453096800741e-09	0.000257886330360708	0.000560773867937754
EN.GHG.CH4.BU.MT.CE.AR5_ratioavg2	6.70567508786116e-09	0.000422600825236257	0.000700967334922193
FM.AST.PRVT.GD.ZS_min2	6.56923935096287e-09	0.000219064732241892	0.000280386933968877
BM.GSR.TRVL.ZS_min2	6.11803332212341e-09	4.65859177425795e-05	0.000140193466984439
FP.CPI.TOTL.ZG_rank	6.09731702112936e-09	7.93069790141533e-05	0.000140193466984439
EN.GHG.CO2.PI.MT.CE.AR5_tend2	6.09054612675703e-09	0.000290052797373442	0.000420580400953316
BM.GSR.CMCP.ZS_avg2	6.07013453687067e-09	5.76778029193842e-05	0.000140193466984439
BX.GSR.TRVL.ZS	6.0539803931155e-09	0.000102599937885443	0.000280386933968877
IT.MLT.MAIN.P2_tend2	5.95218576292125e-09	0.000264541461466791	0.000420580400953316
IS.AIR.PSGR_delta1	5.91871195012037e-09	8.70712986379165e-05	0.000140193466984439
FM.AST.DOMS.CN_avg2	5.8400986853416e-09	0.00153899906828165	0.00098135426889107
BX.GSR.TRAN.ZS_ratioavg2	5.80046317939927e-09	0.000156950175251786	0.000280386933968877
EN.GHG.N2O.BU.MT.CE.AR5_delta1	5.78960325854953e-09	4.10399751541772e-05	0.000140193466984439
BM.GSR.CMCP.ZS	5.68529152650375e-09	0.000248458227960424	0.000420580400953316
NE.GDI.FTOT.CD_isNA_rank	5.51836344105186e-09	0.00112582634544567	0.00112154773587551
FS.AST.CGOV.GD.ZS_ratioavg2	5.4569600871746e-09	0.000174697191534673	0.000140193466984439
FP.CPI.TOTL.ZG_ratioavg2	5.37059118867937e-09	7.37610364257509e-05	0.000140193466984439
EN.POP.DNST_min2	5.34858617679496e-09	0.000171369625981632	0.000140193466984439
EN.GHG.CO2.TR.MT.CE.AR5_ratioavg2	5.32825909138149e-09	7.37610364257509e-05	0.000140193466984439
DC.DAC.JPNL.CD_ratioavg2	5.13088193511864e-09	0.000150849638404543	0.000280386933968877
EG.ELC.NGAS.ZS_avg2	5.1187098731286e-09	4.65859177425795e-05	0.000140193466984439
DC.DAC.DEUL.CD_delta1	5.11270833482063e-09	5.21318603309819e-05	0.000140193466984439
IT.MLT.MAIN.P2_delta1	5.10457956435583e-09	0.00100603398553618	0.000700967334922193
TX.VAL.MRCH.R5.ZS_delta1	5.08525820592109e-09	0.000250676604995785	0.000560773867937754
SP.POP.TOTL.FE.ZS_delta1	4.95770360700019e-09	0.000135320999157017	0.000140193466984439
TM.VAL.OTHR.ZS.WT_delta1	4.93435644133388e-09	0.000149185855628023	0.000280386933968877
DC.DAC.TOTL.CD_isNA_rank	4.91915641436403e-09	0.000387106792670482	0.000280386933968877
SP.POP.3539.FE.5Y_lag1	4.90676992080079e-09	9.03988641909579e-05	0.000140193466984439
SP.POP.5559.MA.5Y	4.8440223030389e-09	0.000225719863347975	0.000280386933968877
EG.ELC.NGAS.ZS_lag1	4.54847887582356e-09	6.71059053196681e-05	0.000140193466984439
EN.GHG.CO2.BU.MT.CE.AR5	4.46071377957705e-09	0.000139757753227739	0.000140193466984439
SE.SEC.ENRR.MA	4.39853847631327e-09	0.000133102622121656	0.000140193466984439
NY.GDP.PCAP.CN_delta1	4.35552925304205e-09	9.64994010382004e-05	0.000280386933968877
SP.POP.DPND.YG_rank	4.32602218273551e-09	0.000144749101557301	0.000140193466984439
BX.GRT.TECH.CD.WD_avg2	4.1902628771826e-09	0.000202981498735525	0.000280386933968877
EG.ELC.PETR.ZS_rank	4.09141570289505e-09	0.000114801011579928	0.000280386933968877
AG.PRD.FOOD.XD_max2	4.03107990702232e-09	0.000104263720661964	0.000280386933968877
SP.DYN.IMRT.MA.IN	4.0056306277707e-09	9.42810240028395e-05	0.000140193466984439
ER.FSH.CAPT.MT_tend2	3.95981067612278e-09	0.000223501486312614	0.000280386933968877
TX.VAL.FOOD.ZS.UN_lag1	3.91677519989293e-09	7.09880651315498e-05	0.000140193466984439
NY.GDP.MKTP.KN_delta1	3.89327534277633e-09	0.000437020275966103	0.000280386933968877
BX.TRF.PWKR.CD.DT_avg2	3.88401886188866e-09	9.31718354851591e-05	0.000140193466984439
DC.DAC.FRAL.CD_avg2	3.81495157653226e-09	8.42983273437153e-05	0.000140193466984439
NY.ADJ.DKAP.CD_delta1	3.78956381954966e-09	0.000681041749855806	0.00112154773587551
NE.EXP.GNFS.KD_delta1	3.78243246391577e-09	0.000177470162828874	0.000140193466984439
EN.GHG.CO2.IC.MT.CE.AR5_ratioavg2	3.73833849227875e-09	0.00149407693331559	0.0018225150707977
TX.VAL.MRCH.R2.ZS_delta1	3.64137139841273e-09	0.000354940325657749	0.000560773867937754
BM.KLT.DINV.CD.WD_rank	3.59933337697516e-09	0.00101989884200719	0.00140193466984439
FM.AST.DOMS.CN_isNA_rank	3.57986183600083e-09	0.000639447180442788	0.000700967334922193
BM.GSR.TOTL.CD_ratioavg2	3.56706047497622e-09	8.09707617906739e-05	0.000140193466984439
DC.DAC.CANL.CD_min2	3.48721470892458e-09	4.32583521895381e-05	0.000140193466984439
EN.GHG.N2O.FE.MT.CE.AR5_tend2	3.42718487124874e-09	0.000203536092994365	0.000420580400953316
NV.AGR.TOTL.CD	3.38392096702406e-09	0.000189116642264519	0.000140193466984439
EN.GHG.CH4.MT.CE.AR5_ratioavg2	3.32748753644108e-09	8.48529216025556e-05	0.000280386933968877
BM.GSR.CMCP.ZS_lag1	3.29996431428239e-09	0.000318891698833134	0.000420580400953316
EN.GHG.CO2.TR.MT.CE.AR5_delta1	3.12258721920957e-09	0.000133102622121656	0.000140193466984439
SE.TER.ENRR_rank	3.08372571589902e-09	0.000725409290563024	0.000560773867937754
SE.SEC.ENRL.GC.FE.ZS	3.07741618771792e-09	0.000491925107591286	0.000700967334922193
BX.GSR.MRCH.CD_tend2	3.07114608188258e-09	4.38129464483784e-05	0.000140193466984439
EG.ELC.NUCL.ZS_rank	3.05264042732805e-09	0.000133657216380496	0.000140193466984439
FI.RES.XGLD.CD_ratioavg2	3.04170823865382e-09	0.000367141399352234	0.000560773867937754
NY.GDP.PCAP.KD.ZG_isNA_rank	2.96479179010107e-09	0.000512999689427215	0.000700967334922193
TX.VAL.MRCH.CD.WT_rank	2.94960371102653e-09	0.00014308531878078	0.000140193466984439
NY.ADJ.NNTY.PC.CD_rank	2.93797849507095e-09	0.000407626780247571	0.000560773867937754
BX.GSR.TOTL.CD_isNA_rank	2.82272622040021e-09	0.000125338302497893	0.000140193466984439
AG.CON.FERT.ZS_max2	2.81470581484141e-09	9.42810240028395e-05	0.000140193466984439
BX.GSR.TRVL.ZS_ratioavg2	2.80927335581846e-09	0.000495252673144328	0.000560773867937754
SE.PRM.DURS_rank	2.77608531022898e-09	0.000704889302985936	0.000560773867937754
NY.GNP.MKTP.CN_delta1	2.75005887949685e-09	9.59448067793602e-05	0.000140193466984439
DC.DAC.TOTL.CD_ratioavg2	2.7421799040182e-09	5.43502373663428e-05	0.000140193466984439
BG.GSR.NFSV.GD.ZS_lag1	2.73154568281039e-09	0.000427037579306979	0.000700967334922193
IT.MLT.MAIN_avg2	2.65359338186616e-09	9.37264297439993e-05	0.000140193466984439
TX.VAL.TRVL.ZS.WT_isNA_rank	2.62321308467739e-09	0.000710989839833178	0.000841160801906631
NY.ADJ.DMIN.CD_rank	2.53761034460081e-09	0.000139203158968898	0.000140193466984439
DC.DAC.DEUL.CD_min2	2.49219026293284e-09	0.000267314432760992	0.000280386933968877
SE.SEC.ENRR_delta1	2.43791151962101e-09	0.000250122010736945	0.000420580400953316
SP.POP.0014.MA.IN	2.34066032777072e-09	0.00028561604330272	0.000280386933968877
NE.CON.TOTL.KD.ZG_lag1	2.32747739726377e-09	0.000253449576289986	0.000280386933968877
BX.GRT.EXTA.CD.WD_ratioavg2	2.31327845365168e-09	0.000291716580149962	0.000560773867937754
IS.AIR.DPRT_avg2	2.30247623627465e-09	0.000145303695816141	0.000140193466984439
NY.ADJ.DRES.GN.ZS	2.29986562556845e-09	7.32064421669107e-05	0.000140193466984439
SP.RUR.TOTL.ZG_delta1	2.2616119003486e-09	0.000139203158968898	0.000420580400953316
BM.TRF.PWKR.CD.DT_min2	2.2515760225975e-09	0.000267869027019832	0.000420580400953316
IT.CEL.SETS.P2_rank	2.25151200117794e-09	0.000135320999157017	0.000140193466984439
EN.GHG.CO2.BU.MT.CE.AR5_max2	2.2350001336067e-09	0.000137539376192378	0.000140193466984439
EN.GHG.CH4.MT.CE.AR5_lag1	2.20480009715785e-09	4.15945694130174e-05	0.000140193466984439
NY.GDP.MKTP.KD.ZG_rank	2.1707938943919e-09	8.54075158613958e-05	0.000140193466984439
TX.VAL.MANF.ZS.UN	2.16151419539941e-09	4.10399751541772e-05	0.000140193466984439
TG.VAL.TOTL.GD.ZS_delta1	2.07756261983417e-09	9.15080527086384e-05	0.000140193466984439
BG.GSR.NFSV.GD.ZS_ratioavg2	2.05983803646897e-09	5.54594258840233e-05	0.000140193466984439
SE.SEC.ENRR.MA_delta1	2.05481775718341e-09	0.00226218998180931	0.0018225150707977
NY.GNP.PCAP.CN_isNA_rank	2.02464999257436e-09	0.00160499578508363	0.00098135426889107
NY.GDP.PCAP.KD.ZG_rank	2.0031373030345e-09	0.000459758640578553	0.000420580400953316
TX.VAL.TRVL.ZS.WT_lag1	1.99696980831331e-09	0.000161941523581348	0.000280386933968877
EN.GHG.CO2.BU.MT.CE.AR5_avg2	1.99215525731055e-09	4.82497005191002e-05	0.000140193466984439
NV.AGR.TOTL.KD_rank	1.95503118128425e-09	0.000105927503438484	0.000140193466984439
SP.DYN.CDRT.IN_delta1	1.9461381481716e-09	0.00011868317139181	0.000280386933968877
SE.PRM.ENRL_delta1	1.90014348203433e-09	0.000204645281512046	0.000420580400953316
EN.GHG.CO2.TR.MT.CE.AR5_tend2	1.85478667191186e-09	4.27037579306979e-05	0.000140193466984439
EN.GHG.CH4.TR.MT.CE.AR5_lag1	1.84692051942714e-09	0.000128111273792094	0.000140193466984439
AG.PRD.CREL.MT_max2	1.78963075328051e-09	0.000234593371489418	0.000280386933968877
NY.ADJ.AEDU.GN.ZS_delta1	1.78515011796038e-09	0.000494143484626647	0.000560773867937754
DT.ODA.ODAT.GN.ZS_isNA_rank	1.78133062259484e-09	0.000391543546741204	0.000280386933968877
EG.ELC.COAL.ZS_ratiomax2	1.7785537844011e-09	9.92723723324016e-05	0.000140193466984439
DT.ODA.ODAT.PC.ZS_delta1	1.71532257889118e-09	0.000200763121700164	0.000420580400953316
AG.LND.ARBL.HA_max2	1.68883073012495e-09	0.000192998802076401	0.000140193466984439
NY.GDP.MKTP.KD.ZG_delta1	1.67455213780606e-09	7.8752384755313e-05	0.000140193466984439
ER.H2O.INTR.PC	1.66563317980468e-09	4.82497005191002e-05	0.000140193466984439
DC.DAC.CECL.CD_isNA_rank	1.65631937259119e-09	0.00023792093704246	0.000280386933968877
TM.VAL.MRCH.R4.ZS_delta1	1.59440800142864e-09	0.000187452859487999	0.000420580400953316
EG.ELC.COAL.ZS_ratioavg2	1.5717863072514e-09	0.000100381560850082	0.000140193466984439
NY.ADJ.DRES.GN.ZS_delta1	1.53540464485919e-09	9.87177780735614e-05	0.000140193466984439
AG.LND.ARBL.HA.PC_rank	1.53293065561041e-09	0.000196880961888283	0.000140193466984439
EN.GHG.N2O.BU.MT.CE.AR5_min2	1.49621776397048e-09	7.70886019787923e-05	0.000140193466984439
NY.GDP.FCST.KD	1.49085158147939e-09	0.000648320688584232	0.000560773867937754
NY.GDP.DEFL.ZS_delta1	1.42616676684787e-09	9.26172412263188e-05	0.000280386933968877
NY.GNP.PCAP.CN	1.3874764182426e-09	8.70712986379165e-05	0.000140193466984439
SP.POP.3539.MA.5Y	1.36553779104585e-09	0.00217123652335951	0.00126174120285995
EN.GHG.CO2.PC.CE.AR5_delta1	1.36174538375318e-09	0.000219619326500732	0.000140193466984439
BX.GSR.NFSV.CD_tend2	1.34648281522329e-09	8.26345445671946e-05	0.000140193466984439
BX.KLT.DINV.WD.GD.ZS_rank	1.34221918005287e-09	0.000114801011579928	0.000280386933968877
SP.POP.65UP.MA.ZS_delta1	1.32576044452163e-09	0.000324992235680376	0.000420580400953316
SP.POP.3034.FE.5Y_rank	1.31546342717675e-09	7.20972536492302e-05	0.000140193466984439
NE.RSB.GNFS.CD_rank	1.30826652183133e-09	8.09707617906739e-05	0.000140193466984439
ER.FSH.PROD.MT_lag1	1.30685552106499e-09	0.000113137228803407	0.000140193466984439
BX.KLT.DINV.CD.WD_isNA_rank	1.30586046616439e-09	0.000339411686410222	0.000280386933968877
NE.CON.TOTL.KD.ZG_ratiomax2	1.30395114240355e-09	0.000212409601135809	0.000420580400953316
TX.VAL.OTHR.ZS.WT_delta1	1.28465094710194e-09	0.00016748746616975	0.000280386933968877
NV.SRV.TOTL.KD.ZG_isNA_rank	1.27208682895972e-09	0.000413172722835973	0.000841160801906631
NY.GDP.MINR.RT.ZS_delta1	1.2616221479122e-09	0.00021518257243001	0.000420580400953316
NY.GDP.FCST.CD	1.22405048886627e-09	0.00144749101557301	0.000841160801906631
SP.POP.TOTL.MA.ZS_rank	1.19137201484274e-09	0.000253449576289986	0.000280386933968877
NV.AGR.TOTL.KD.ZG	1.15010809474336e-09	0.00035660410843427	0.000560773867937754
SP.POP.65UP.TO.ZS_lag1	1.1463638718549e-09	4.49221349660588e-05	0.000140193466984439
NE.CON.PRVT.PC.KD_delta1	1.13914146195169e-09	0.000482497005191002	0.000280386933968877
DC.DAC.FRAL.CD_max2	1.12650751583801e-09	0.000288389014596921	0.000420580400953316
BM.GSR.INSF.ZS_isNA_rank	1.12324423302704e-09	0.000814144371977461	0.00112154773587551
NY.ADJ.DKAP.CD_lag1	1.0984282204946e-09	8.15253560495142e-05	0.000140193466984439
NE.CON.PRVT.PC.KD_isNA_rank	1.07895163076106e-09	0.000439238653001464	0.000700967334922193
NY.ADJ.DRES.GN.ZS_isNA_rank	9.83239260093033e-10	0.000301699276809086	0.000420580400953316
NE.CON.PRVT.KD.ZG_ratioavg2	9.71993624057201e-10	0.000231820400195217	0.000560773867937754
NY.ADJ.DMIN.GN.ZS_delta1	9.56503193989432e-10	0.000183570699676117	0.000420580400953316
NV.AGR.TOTL.CN	9.48602756496119e-10	0.000108700474732686	0.000140193466984439
BG.GSR.NFSV.GD.ZS_isNA_rank	9.4770326118634e-10	6.26691512489463e-05	0.000140193466984439
SP.RUR.TOTL.ZS	9.42357680930585e-10	0.000326656018456897	0.000420580400953316
BX.TRF.CURR.CD_max2	9.07844775990346e-10	5.43502373663428e-05	0.000140193466984439
DC.DAC.GBRL.CD_tend2	9.06382231325945e-10	0.000265096055725631	0.000420580400953316
TM.VAL.MMTL.ZS.UN_lag1	8.83680998197528e-10	0.000256777141843028	0.000560773867937754
NY.ADJ.DKAP.GN.ZS_isNA_rank	8.61728215999745e-10	0.000293934957185323	0.000700967334922193
BX.GRT.TECH.CD.WD_min2	8.48894361414225e-10	5.37956431075026e-05	0.000140193466984439
TX.VAL.MRCH.R5.ZS	8.40869932464287e-10	0.00021351878965349	0.000420580400953316
SP.POP.2024.MA.5Y_delta1	8.40088783193768e-10	0.000219064732241892	0.000280386933968877
SP.POP.GROW_delta1	8.3828938596273e-10	0.000130329650827455	0.000280386933968877
IT.CEL.SETS_lag1	8.14557212260717e-10	4.65859177425795e-05	0.000140193466984439
BM.GSR.FCTY.CD_max2	8.02677816249876e-10	0.000138648564710058	0.000280386933968877
DC.DAC.DEUL.CD_max2	8.01007173428059e-10	4.21491636718577e-05	0.000140193466984439
NV.IND.TOTL.ZS_lag1	7.97775873243424e-10	4.43675407072186e-05	0.000140193466984439
AG.PRD.FOOD.XD_avg2	7.94141685903791e-10	7.54248192022716e-05	0.000140193466984439
NY.GDP.MKTP.KN_isNA_rank	7.88730971755666e-10	0.000207418252806247	0.000280386933968877
SP.POP.3539.MA.5Y_lag1	7.8506677766736e-10	0.000137539376192378	0.000140193466984439
FM.AST.DOMS.CN_tend2	7.80093530328831e-10	0.000185789076711478	0.000280386933968877
SE.PRM.ENRR_lag1	7.76751584678156e-10	4.27037579306979e-05	0.000140193466984439
IS.AIR.PSGR_max2	7.73021507744178e-10	4.10399751541772e-05	0.000140193466984439
SP.RUR.TOTL.ZG_lag1	7.71163493637837e-10	0.000100381560850082	0.000140193466984439
DT.ODA.ALLD.CD_max2	7.69457752584462e-10	5.54594258840233e-05	0.000140193466984439
NV.IND.TOTL.CD_delta1	7.57609830659375e-10	0.000231265805936377	0.000280386933968877
DT.ODA.ALLD.KD_ratioavg2	7.51527011305759e-10	5.32410488486623e-05	0.000140193466984439
MS.MIL.MPRT.KD_isNA_rank	7.50940347547441e-10	0.00031001819069169	0.000280386933968877
EN.GHG.CO2.RT.GDP.KD_min2	7.050267073108e-10	0.000163050712099028	0.000280386933968877
NY.GDP.MINR.RT.ZS	6.90541037782884e-10	0.000123674519721372	0.000280386933968877
NV.AGR.TOTL.KD.ZG_lag1	6.89133292854853e-10	8.76258928967567e-05	0.000280386933968877
BX.GSR.CMCP.ZS	6.81830236868119e-10	0.000343293846222104	0.000420580400953316
DT.ODA.ODAT.CD_tend2	6.80650033787066e-10	4.27037579306979e-05	0.000140193466984439
SE.PRM.ENRR.MA_isNA_rank	6.79769764128808e-10	0.000313900350503572	0.000420580400953316
BM.GSR.FCTY.CD	6.68026739126295e-10	0.00016748746616975	0.000140193466984439
EG.ELC.COAL.ZS_max2	6.66651001593279e-10	0.000242357691113182	0.000280386933968877
SP.DYN.LE00.MA.IN_delta1	6.58886448942393e-10	0.000422046230977417	0.000560773867937754
NE.EXP.GNFS.CD_lag1	6.58674722219483e-10	0.000249567416478105	0.000280386933968877
MS.MIL.XPND.CD_avg2	6.57845541231221e-10	0.000105927503438484	0.000280386933968877
TM.VAL.MRCH.R5.ZS_delta1	6.47611656307993e-10	0.00126114734460269	0.00168232160381326
NE.CON.GOVT.CD_isNA_rank	6.03872403922222e-10	0.000755911974799237	0.000700967334922193
NY.GDP.PETR.RT.ZS	5.96486690248481e-10	0.000193553396335241	0.000140193466984439
SP.POP.4044.MA.5Y_lag1	5.94525997903948e-10	0.00011923776565065	0.000140193466984439
BM.GSR.INSF.ZS_lag1	5.9434369011094e-10	0.000202426904476685	0.000420580400953316
ER.H2O.INTR.PC_ratioavg2	5.88198500091976e-10	0.000180797728381916	0.000280386933968877
SP.POP.3539.FE.5Y	5.87943118078864e-10	0.00275189671236523	0.00168232160381326
FI.RES.TOTL.CD_delta1	5.79797940790328e-10	0.000116464794356449	0.000140193466984439
EG.USE.PCAP.KG.OE	5.79480807407263e-10	4.49221349660588e-05	0.000140193466984439
TM.VAL.FOOD.ZS.UN_isNA_rank	5.51687960413953e-10	0.00121899818093083	0.00098135426889107
NE.IMP.GNFS.KD_isNA_rank	5.38253939042421e-10	9.87177780735614e-05	0.000280386933968877
BX.TRF.PWKR.DT.GD.ZS_lag1	5.35571585718218e-10	0.000296153334220684	0.000420580400953316
BM.GSR.CMCP.ZS_min2	5.34521834943961e-10	5.04680775544612e-05	0.000140193466984439
FS.AST.CGOV.GD.ZS_max2	5.25058983997669e-10	6.2114556990106e-05	0.000140193466984439
BX.TRF.PWKR.DT.GD.ZS_tend2	5.16313654991356e-10	5.71232086605439e-05	0.000140193466984439
TM.VAL.TRAN.ZS.WT	5.10643817364709e-10	0.000130884245086295	0.000140193466984439
TX.VAL.MRCH.HI.ZS_lag1	5.05029467472842e-10	0.000131993433603975	0.000140193466984439
FM.AST.PRVT.GD.ZS_delta1	4.93652237008655e-10	0.000199653933182484	0.000280386933968877
BM.GSR.CMCP.ZS_rank	4.76935513490925e-10	0.000101490749367763	0.000140193466984439
DC.DAC.GBRL.CD_delta1	4.76702719578991e-10	0.00011979235990949	0.000140193466984439
NY.GNP.ATLS.CD_delta1	4.68647003643509e-10	0.000101490749367763	0.000140193466984439
SP.POP.TOTL_delta1	4.57645299138422e-10	0.000103709126403123	0.000140193466984439
SE.SEC.ENRL	4.55628588397059e-10	0.00127445760681485	0.000841160801906631
TM.VAL.TRVL.ZS.WT_lag1	4.40361682977303e-10	0.000242357691113182	0.000420580400953316
NE.CON.TOTL.CD_ratioavg2	4.38269048153827e-10	6.93242823550291e-05	0.000140193466984439
EN.GHG.N2O.AG.MT.CE.AR5_ratioavg2	4.3822120574614e-10	0.000135875593415857	0.000280386933968877
SP.POP.5054.MA.5Y_delta1	4.3745359177626e-10	0.000188562048005679	0.000420580400953316
NY.GNP.PCAP.CN_rank	4.32328607640485e-10	9.20626469674786e-05	0.000140193466984439
TX.VAL.FOOD.ZS.UN_isNA_rank	4.30430380248021e-10	5.87869914370647e-05	0.000140193466984439
DT.ODA.ODAT.KD_ratioavg2	4.26773234092043e-10	0.000115355605838768	0.000140193466984439
SP.POP.6569.MA.5Y_lag1	4.21224884904248e-10	0.000121456142686011	0.000140193466984439
NE.CON.PRVT.KD.ZG_ratiomax2	4.18795619971866e-10	0.000108700474732686	0.000280386933968877
EN.GHG.CO2.MT.CE.AR5_max2	4.17532428371592e-10	4.32583521895381e-05	0.000140193466984439
NY.ADJ.DNGY.CD_delta1	4.14648103316934e-10	5.4904831625183e-05	0.000140193466984439
SP.POP.3034.MA.5Y_lag1	4.06169629300192e-10	0.000158059363769466	0.000420580400953316
consumption_vs_income_delta1	3.97307849565018e-10	0.000158613958028307	0.000280386933968877
DT.NFL.UNDP.CD_min2	3.92145869700463e-10	0.000872931363414526	0.00140193466984439
NY.ADJ.DFOR.CD_isNA_rank	3.88324490603193e-10	0.000551821287546031	0.000560773867937754
ER.H2O.INTR.PC_ratiomax2	3.8638768539406e-10	0.000422046230977417	0.000420580400953316
DT.ODA.ODAT.PC.ZS_min2	3.84276889327739e-10	4.15945694130174e-05	0.000140193466984439
AG.PRD.FOOD.XD_delta1	3.6839087343286e-10	0.00011979235990949	0.000140193466984439
AG.CON.FERT.ZS_avg2	3.64546261705638e-10	4.27037579306979e-05	0.000140193466984439
EN.GHG.N2O.PI.MT.CE.AR5_delta1	3.60110802246894e-10	0.000113137228803407	0.000140193466984439
BM.GSR.TRAN.ZS_rank	3.59828719952027e-10	6.93242823550291e-05	0.000140193466984439
NE.GDI.FTOT.ZS_rank	3.58248262377988e-10	5.26864545898221e-05	0.000140193466984439
TX.VAL.FOOD.ZS.UN_rank	3.52946142959741e-10	0.00011979235990949	0.000140193466984439
TM.VAL.MRCH.R4.ZS	3.41239869152848e-10	0.000216291760947691	0.000280386933968877
EN.URB.MCTY.TL.ZS	3.28304331841291e-10	0.000458094857802032	0.000841160801906631
TX.VAL.MRCH.R6.ZS_delta1	3.26565802972327e-10	0.000123119925462532	0.000280386933968877
EG.USE.PCAP.KG.OE_isNA_rank	3.03122235027627e-10	4.71405120014198e-05	0.000140193466984439
TX.VAL.MRCH.R3.ZS_isNA_rank	2.99821763886073e-10	0.000630019078042504	0.000560773867937754
NY.GDP.MKTP.KN_lag1	2.99348716960593e-10	0.000600070988065132	0.000560773867937754
BM.GSR.TRVL.ZS_lag1	2.9209199995033e-10	0.00040540840321221	0.000700967334922193
TM.VAL.FUEL.ZS.UN_lag1	2.88670817360633e-10	0.000160277740804827	0.000280386933968877
EG.USE.ELEC.KH.PC_tend2	2.83164442705429e-10	0.000479724033896801	0.000560773867937754
SP.POP.2529.MA.5Y_rank	2.80185496507459e-10	0.000259550113137229	0.000280386933968877
SH.DTH.NMRT_rank	2.76067780349e-10	0.000364923022316873	0.000280386933968877
NE.DAB.TOTL.CD	2.72786375980318e-10	0.000183016105417277	0.000420580400953316
SP.POP.0004.MA.5Y_delta1	2.68482795812762e-10	0.00145913749500865	0.00168232160381326
BX.GSR.FCTY.CD_isNA_rank	2.67611808447302e-10	0.000129775056568614	0.000280386933968877
MS.MIL.XPND.CD_ratioavg2	2.65898185613418e-10	0.000116464794356449	0.000280386933968877
NY.GNP.ATLS.CD_isNA_rank	2.63328501236663e-10	4.60313234837393e-05	0.000140193466984439
TX.VAL.FOOD.ZS.UN	2.63116647815973e-10	0.000222946892053773	0.000420580400953316
EG.USE.ELEC.KH.PC	2.48621817743907e-10	0.000356049514175429	0.000280386933968877
NE.IMP.GNFS.CN_rank	2.48519546117196e-10	7.09880651315498e-05	0.000140193466984439
AG.LND.ARBL.HA	2.44270117671981e-10	0.00241248502595501	0.00140193466984439
DC.DAC.USAL.CD_lag1	2.36671344278408e-10	0.000179688539864235	0.000280386933968877
MS.MIL.MPRT.KD_delta1	2.35009932715781e-10	0.000103154532144283	0.000140193466984439
BX.GSR.NFSV.CD_ratioavg2	2.26939955913883e-10	5.93415856959049e-05	0.000140193466984439
AG.LND.ARBL.HA.PC_min2	2.23592761455472e-10	0.000257331736101868	0.000420580400953316
NE.EXP.GNFS.KD.ZG	2.19741131133917e-10	0.000221283109277253	0.000420580400953316
NY.GDS.TOTL.ZS	2.1089804208362e-10	0.000640556368960469	0.000560773867937754
SG.LAW.INDX	1.97712133407692e-10	0.000192998802076401	0.000140193466984439
SP.POP.2529.FE.5Y	1.96699270102831e-10	0.000458094857802032	0.000420580400953316
YearsSinceFirst_rank	1.96592702537435e-10	7.54248192022716e-05	0.000140193466984439
AG.LND.ARBL.HA_delta1	1.91078779788317e-10	0.000220728515018413	0.000140193466984439
TM.VAL.MRCH.R3.ZS_rank	1.90284480650957e-10	0.000527973734415901	0.000560773867937754
TX.VAL.MRCH.R5.ZS_rank	1.84988623749293e-10	0.000194662584852922	0.000280386933968877
MS.MIL.MPRT.KD_rank	1.84304882973249e-10	0.000207972847065087	0.000280386933968877
AG.LND.CREL.HA_tend2	1.78605476883855e-10	0.000732064421669107	0.00112154773587551
EN.GHG.CH4.MT.CE.AR5_delta1	1.76749402284811e-10	6.26691512489463e-05	0.000140193466984439
region	1.70646658968653e-10	0.000130884245086295	0.000140193466984439
TM.VAL.MRCH.R3.ZS_delta1	1.68395149548574e-10	0.00026176849017259	0.000420580400953316
NV.AGR.TOTL.CD_lag1	1.6783093928871e-10	4.27037579306979e-05	0.000140193466984439
TX.VAL.MRCH.R2.ZS_lag1	1.67696728035564e-10	8.31891388260349e-05	0.000280386933968877
BM.GSR.GNFS.CD_rank	1.66429732555426e-10	7.98615732729935e-05	0.000140193466984439
EN.GHG.CO2.MT.CE.AR5_ratioavg2	1.63981872513964e-10	4.88042947779405e-05	0.000140193466984439
EG.ELC.FOSL.ZS_tend2	1.63531382351154e-10	4.65859177425795e-05	0.000140193466984439
IT.MLT.MAIN_ratioavg2	1.60425742792736e-10	0.000283952260526199	0.000560773867937754
TX.VAL.AGRI.ZS.UN_isNA_rank	1.57088239298823e-10	0.00122398952926039	0.00098135426889107
TX.VAL.MRCH.R4.ZS	1.55783777738207e-10	0.000270087404055193	0.000280386933968877
AG.LND.AGRI.K2_max2	1.53654648061131e-10	9.15080527086384e-05	0.000140193466984439
TX.VAL.MRCH.RS.ZS_lag1	1.46968093159938e-10	5.82323971782244e-05	0.000140193466984439
AG.LND.ARBL.ZS_max2	1.44161130359125e-10	0.000107036691956165	0.000140193466984439
DC.DAC.CANL.CD_rank	1.43146970611861e-10	0.000108145880473845	0.000140193466984439
NE.IMP.GNFS.KD.ZG_delta1	1.42312214921274e-10	4.32583521895381e-05	0.000140193466984439
NY.GDP.PCAP.CD_lag1	1.41006343847853e-10	0.00016637827765207	0.000280386933968877
BM.GSR.TRAN.ZS_isNA_rank	1.39416622603564e-10	5.21318603309819e-05	0.000140193466984439
TX.VAL.MMTL.ZS.UN_lag1	1.39066665656063e-10	0.000180797728381916	0.000280386933968877
TX.VAL.MRCH.AL.ZS_rank	1.38102348226214e-10	8.54075158613958e-05	0.000140193466984439
IT.MLT.MAIN_max2	1.34645926711495e-10	6.65513110608279e-05	0.000140193466984439
NY.GDP.MKTP.CN_isNA_rank	1.34470348123834e-10	0.000900106482097697	0.000560773867937754
AG.PRD.FOOD.XD_tend2	1.34013133175367e-10	6.65513110608279e-05	0.000140193466984439
FS.AST.CGOV.GD.ZS_min2	1.32445486809421e-10	0.000103154532144283	0.000140193466984439
NE.DAB.TOTL.CD_min2	1.32056436230598e-10	0.000111473446026887	0.000140193466984439
NV.IND.TOTL.KD_isNA_rank	1.28975579347267e-10	0.000388770575447003	0.000560773867937754
SP.POP.1519.MA.5Y_rank	1.27734533340377e-10	4.27037579306979e-05	0.000140193466984439
SE.SEC.DURS_rank	1.21070738369479e-10	0.000435911087448423	0.000280386933968877
NE.CON.TOTL.KD.ZG_ratioavg2	1.20412725345568e-10	0.00011868317139181	0.000280386933968877
EN.GHG.CO2.RT.GDP.KD_ratiomax2	1.20276005918345e-10	7.70886019787923e-05	0.000140193466984439
NE.GDI.TOTL.ZS	1.17601462577707e-10	0.0031401126935534	0.00266367587270433
BX.TRF.CURR.CD_rank	1.17132121309085e-10	4.43675407072186e-05	0.000140193466984439
TX.VAL.SERV.CD.WT_isNA_rank	1.16305135433526e-10	0.000289498203114601	0.000420580400953316
ER.H2O.INTR.PC_max2	1.15231732872362e-10	0.000828009228448467	0.000560773867937754
FS.AST.PRVT.GD.ZS_ratioavg2	1.15096511904203e-10	0.000637228803407427	0.000841160801906631
NY.GDP.DEFL.ZS_rank	1.08463954197337e-10	6.37783397666267e-05	0.000140193466984439
SP.POP.2024.FE.5Y_delta1	1.06161896782673e-10	0.000108700474732686	0.000140193466984439
TM.VAL.INSF.ZS.WT_lag1	1.00066260328042e-10	6.26691512489463e-05	0.000140193466984439
BM.GSR.INSF.ZS_min2	9.30235918511721e-11	0.000133657216380496	0.000280386933968877
TM.VAL.MRCH.HI.ZS_rank	8.9238426427745e-11	4.38129464483784e-05	0.000140193466984439
FP.CPI.TOTL_ratioavg2	8.62786484253256e-11	7.26518479080705e-05	0.000140193466984439
DC.DAC.USAL.CD_min2	8.52555550113328e-11	8.26345445671946e-05	0.000140193466984439
FS.AST.PRVT.GD.ZS_tend2	8.42575820161596e-11	0.000698234171879853	0.000700967334922193
TM.VAL.MRCH.R3.ZS_lag1	8.34721275935129e-11	6.54421225431474e-05	0.000140193466984439
NE.CON.PRVT.PC.KD_min2	8.34318984701667e-11	0.000112582634544567	0.000280386933968877
AG.LND.AGRI.ZS_delta1	8.02299266117889e-11	0.000246239850925063	0.000280386933968877
BX.GSR.TRAN.ZS_tend2	7.72219615119006e-11	0.000801388704024136	0.000700967334922193
SP.DYN.CDRT.IN_lag1	7.70468769389741e-11	0.000413727317094813	0.000560773867937754
FD.AST.PRVT.GD.ZS_tend2	7.408937947142e-11	0.000183570699676117	0.000420580400953316
AG.LND.ARBL.HA.PC_lag1	7.32429613295866e-11	8.37437330848751e-05	0.000140193466984439
BX.KLT.DINV.WD.GD.ZS	7.05250272910003e-11	0.000320000887350814	0.000420580400953316
FP.CPI.TOTL.ZG_tend2	6.95072050939532e-11	0.00014419450729846	0.000280386933968877
TM.VAL.TRVL.ZS.WT_rank	6.92069387211766e-11	0.000108700474732686	0.000280386933968877
MS.MIL.XPND.CD_isNA_rank	6.76286526881599e-11	4.49221349660588e-05	0.000140193466984439
TM.VAL.MRCH.R3.ZS	6.74829973843615e-11	6.48875282843072e-05	0.000140193466984439
AG.LND.CREL.HA	6.45276332711038e-11	0.000723745507786503	0.000420580400953316
TX.VAL.MRCH.AL.ZS	5.86091143281093e-11	0.00023792093704246	0.000280386933968877
EN.GHG.CH4.PI.MT.CE.AR5_ratioavg2	5.84684985758389e-11	0.000102045343626603	0.000280386933968877
IS.AIR.PSGR_rank	5.83873475427381e-11	0.000373241936199476	0.000280386933968877
AG.CON.FERT.ZS	5.69728036582495e-11	0.000170815031722792	0.000140193466984439
TX.VAL.OTHR.ZS.WT_rank	5.60562660238126e-11	7.76431962376326e-05	0.000140193466984439
TX.VAL.AGRI.ZS.UN_rank	5.35004771524327e-11	9.64994010382004e-05	0.000140193466984439
NY.GDP.DEFL.KD.ZG	5.14393615323795e-11	0.00059674342251209	0.000560773867937754
ER.FSH.CAPT.MT_rank	4.94152869659492e-11	5.15772660721416e-05	0.000140193466984439
EN.GHG.CO2.IC.MT.CE.AR5_ratiomax2	4.78821907900016e-11	0.000209636629841608	0.000140193466984439
DT.ODA.ALLD.CD_ratioavg2	4.52263872802729e-11	0.000100381560850082	0.000140193466984439
DC.DAC.USAL.CD_max2	4.4707916392269e-11	7.59794134611119e-05	0.000140193466984439
SP.POP.7579.MA.5Y_lag1	4.42683723283709e-11	4.27037579306979e-05	0.000140193466984439
EG.USE.PCAP.KG.OE_ratioavg2	4.29834299603532e-11	5.4904831625183e-05	0.000140193466984439
EN.GHG.N2O.MT.CE.AR5_lag1	4.08094610549486e-11	6.82150938373486e-05	0.000140193466984439
EN.GHG.CO2.BU.MT.CE.AR5_ratioavg2	4.07922272103899e-11	0.000271751186831714	0.000280386933968877
BX.GSR.TOTL.CD_lag1	3.93542103522857e-11	7.26518479080705e-05	0.000140193466984439
NE.IMP.GNFS.KD.ZG_isNA_rank	3.928628036145e-11	0.000158059363769466	0.000280386933968877
NY.ADJ.DMIN.GN.ZS_rank	3.90812709228088e-11	6.54421225431474e-05	0.000140193466984439
EN.GHG.CO2.PC.CE.AR5_min2	3.80759026755803e-11	0.000323883047162696	0.000280386933968877
NE.CON.GOVT.CD_max2	3.63066396276109e-11	8.31891388260349e-05	0.000140193466984439
AG.PRD.FOOD.XD_min2	3.30710906476515e-11	9.81631838147212e-05	0.000140193466984439
NY.GNP.MKTP.CN_isNA_rank	3.30647616515647e-11	7.37610364257509e-05	0.000140193466984439
EN.GHG.CH4.MT.CE.AR5_tend2	3.28833039122673e-11	4.15945694130174e-05	0.000140193466984439
NY.GDP.TOTL.RT.ZS_rank	3.28287384194679e-11	0.000114801011579928	0.000140193466984439
BM.GSR.INSF.ZS_rank	3.1040620237323e-11	5.4904831625183e-05	0.000140193466984439
AG.LND.CREL.HA_ratiomax2	3.06573968356174e-11	0.000367695993611074	0.000280386933968877
EN.URB.LCTY.UR.ZS_ratioavg2	3.00545408063517e-11	0.000257331736101868	0.000420580400953316
SE.SEC.ENRR.FE_rank	2.86992246351563e-11	7.09880651315498e-05	0.000140193466984439
NE.RSB.GNFS.ZS_rank	2.82393588366161e-11	7.154265939039e-05	0.000140193466984439
EN.GHG.N2O.FE.MT.CE.AR5_min2	2.55588109557804e-11	0.000123674519721372	0.000140193466984439
FI.RES.TOTL.MO_avg2	2.43529589403988e-11	9.64994010382004e-05	0.000140193466984439
NY.GDS.TOTL.ZS_delta1	2.3693938963782e-11	6.54421225431474e-05	0.000140193466984439
NY.ADJ.NNTY.CD_lag1	2.3101840459988e-11	0.000139757753227739	0.000140193466984439
BX.PEF.TOTL.CD.WD_lag1	2.24156271436172e-11	0.000205199875770886	0.000280386933968877
TM.VAL.INSF.ZS.WT_delta1	2.19137961122507e-11	0.000107591286215005	0.000280386933968877
MS.MIL.XPND.GD.ZS_max2	2.14162001567545e-11	9.15080527086384e-05	0.000140193466984439
SH.IMM.MEAS_lag1	2.13805848214657e-11	8.76258928967567e-05	0.000140193466984439
NY.ADJ.DMIN.CD	2.11042009802451e-11	0.000138093970451218	0.000140193466984439
NE.CON.TOTL.KD.ZG_delta1	2.10777005189763e-11	0.000139203158968898	0.000140193466984439
EN.GHG.N2O.IP.MT.CE.AR5_delta1	2.06458523726596e-11	0.000359931673987311	0.000420580400953316
SE.PRM.ENRR.MA_rank	2.05445341617064e-11	0.000131438839345135	0.000140193466984439
SE.SEC.ENRL.GC_rank	2.05263942806966e-11	0.000161386929322508	0.000140193466984439
ER.FSH.AQUA.MT_tend2	2.02044086304677e-11	0.000394316518035405	0.000420580400953316
BX.TRF.CURR.CD_isNA_rank	1.93231719808679e-11	5.15772660721416e-05	0.000140193466984439
BX.GSR.CMCP.ZS_avg2	1.90557955369347e-11	0.000372687341940636	0.000560773867937754
EG.USE.ELEC.KH.PC_delta1	1.88119803223019e-11	8.31891388260349e-05	0.000140193466984439
EG.ELC.NGAS.ZS_rank	1.83567734037571e-11	0.00330482718842895	0.00322444974064209
EN.URB.MCTY.TL.ZS_ratioavg2	1.68733908474832e-11	0.000121456142686011	0.000140193466984439
TM.VAL.MRCH.R1.ZS_delta1	1.68032069528603e-11	0.000212409601135809	0.000420580400953316
AG.CON.FERT.ZS_ratioavg2	1.54157314137677e-11	7.98615732729935e-05	0.000140193466984439
EG.USE.ELEC.KH.PC_isNA_rank	1.52198713779747e-11	0.000161386929322508	0.000140193466984439
DT.ODA.ODAT.CD_max2	1.44352673831013e-11	4.54767292248991e-05	0.000140193466984439
IS.AIR.PSGR	1.42513805637619e-11	0.000313900350503572	0.000280386933968877
SE.PRM.ENRR.MA_delta1	1.40382967197895e-11	0.000241248502595501	0.000140193466984439
BM.KLT.DINV.CD.WD_lag1	1.40212264037609e-11	0.000152513421181064	0.000140193466984439
NY.GDP.PCAP.KN	1.38738046971906e-11	9.09534584497981e-05	0.000140193466984439
BX.KLT.DINV.CD.WD_avg2	1.2883985656014e-11	4.10399751541772e-05	0.000140193466984439
TX.VAL.MRCH.R4.ZS_lag1	1.25341200487734e-11	4.65859177425795e-05	0.000140193466984439
DC.DAC.JPNL.CD_avg2	1.16495632912113e-11	8.65167043790763e-05	0.000140193466984439
BG.GSR.NFSV.GD.ZS_delta1	1.12642606095122e-11	4.10399751541772e-05	0.000140193466984439
EN.URB.MCTY.TL.ZS_avg2	1.10642600607996e-11	4.769510626026e-05	0.000140193466984439
SP.POP.7074.MA.5Y_lag1	1.0631557677029e-11	6.26691512489463e-05	0.000140193466984439
BX.GSR.CMCP.ZS_rank	1.05715434430687e-11	0.000148631261369182	0.000140193466984439
FS.AST.PRVT.GD.ZS_isNA_rank	1.04365513780219e-11	8.15253560495142e-05	0.000140193466984439
BM.GSR.GNFS.CD_isNA_rank	1.0255981519486e-11	0.00332423798748835	0.00238328893873545
clase_isNA_rank	9.94713847856954e-12	0.000177470162828874	0.000280386933968877
BX.KLT.DINV.CD.WD_ratiomax2	9.77811701033069e-12	0.000185789076711478	0.000140193466984439
ER.H2O.INTR.PC_min2	9.70570628252193e-12	6.15599627312658e-05	0.000140193466984439
BM.GSR.CMCP.ZS_isNA_rank	9.19573666824224e-12	0.00047639646834376	0.000560773867937754
NE.CON.GOVT.CD	8.99465992501352e-12	0.000105372909179644	0.000140193466984439
IS.AIR.PSGR_isNA_rank	8.59468902880347e-12	0.000490815919073606	0.000560773867937754
NY.GDP.TOTL.RT.ZS_delta1	7.90776975903131e-12	0.000117019388615289	0.000140193466984439
TX.VAL.MRCH.HI.ZS	7.83159124549345e-12	0.000117573982874129	0.000140193466984439
AG.PRD.FOOD.XD_ratioavg2	7.61252489071517e-12	0.000104263720661964	0.000140193466984439
EN.GHG.N2O.IP.MT.CE.AR5_tend2	7.54039923291172e-12	0.000301699276809086	0.000280386933968877
FD.AST.PRVT.GD.ZS_ratioavg2	7.01860473802416e-12	7.81977904964728e-05	0.000140193466984439
EN.URB.LCTY_tend2	6.93459361302903e-12	0.000130329650827455	0.000280386933968877
NE.IMP.GNFS.ZS_lag1	6.83615035863071e-12	6.4332934025467e-05	0.000140193466984439
BM.GSR.TRAN.ZS_lag1	6.68892385503557e-12	7.09880651315498e-05	0.000140193466984439
NY.GDP.PETR.RT.ZS_isNA_rank	6.49359491865811e-12	4.10399751541772e-05	0.000140193466984439
DC.DAC.TOTL.CD_tend2	6.41267334113009e-12	0.000123674519721372	0.000140193466984439
EN.GHG.CO2.RT.GDP.KD_max2	5.66651217822599e-12	6.65513110608279e-05	0.000140193466984439
NE.GDI.TOTL.ZS_rank	5.6354461771822e-12	0.000220173920759572	0.000140193466984439
NY.ADJ.DNGY.CD	5.50264406853275e-12	4.88042947779405e-05	0.000140193466984439
NE.CON.TOTL.CD_isNA_rank	5.36608780153171e-12	5.15772660721416e-05	0.000140193466984439
NE.IMP.GNFS.KD	4.51302745261122e-12	0.000626136918230623	0.000560773867937754
NE.GDI.TOTL.CD_rank	4.43610362856267e-12	0.000148631261369182	0.000140193466984439
NY.GDP.FCST.CD_delta1	4.41389615951851e-12	0.000241248502595501	0.000140193466984439
NY.ADJ.AEDU.GN.ZS_rank	3.98620432306018e-12	0.000322773858645015	0.000280386933968877
SP.POP.2024.MA.5Y_rank	3.71473508504803e-12	5.93415856959049e-05	0.000140193466984439
consumption_vs_income_rank	3.53661605324179e-12	5.54594258840233e-05	0.000140193466984439
EG.ELC.NGAS.ZS	3.44563084157283e-12	5.4904831625183e-05	0.000140193466984439
BM.GSR.CMCP.ZS_max2	3.06368933412239e-12	0.000105372909179644	0.000140193466984439
TM.VAL.MMTL.ZS.UN	2.85174567809435e-12	5.98961799547451e-05	0.000140193466984439
NE.EXP.GNFS.ZS_rank	2.55456719540111e-12	8.8180487155597e-05	0.000140193466984439
NY.GNP.PCAP.CN_lag1	2.09676502378566e-12	5.82323971782244e-05	0.000140193466984439
NY.GDS.TOTL.CD	1.75792746387585e-12	0.000198544744664803	0.000140193466984439
SP.POP.0014.FE.IN	1.75166200083279e-12	9.37264297439993e-05	0.000140193466984439
NY.GDP.PETR.RT.ZS_lag1	1.42922213537895e-12	6.65513110608279e-05	0.000140193466984439
MS.MIL.MPRT.KD_max2	1.42379401943804e-12	4.38129464483784e-05	0.000140193466984439
EG.ELC.NGAS.ZS_delta1	1.35178714080347e-12	0.000135320999157017	0.000140193466984439
private_consumption_capacity_delta1	1.33261883303393e-12	0.000251785793513466	0.000280386933968877
EG.ELC.HYRO.ZS_delta1	1.30126617078133e-12	0.000269532809796353	0.000280386933968877
IS.AIR.GOOD.MT.K1_ratiomax2	1.0866468988782e-12	4.71405120014198e-05	0.000140193466984439
NY.GDP.COAL.RT.ZS	1.06872643706183e-12	0.000100936155108922	0.000140193466984439
ER.FSH.AQUA.MT_delta1	9.10075771419268e-13	0.000173588003016993	0.000140193466984439
TM.VAL.TRVL.ZS.WT_delta1	8.65090877474088e-13	5.21318603309819e-05	0.000140193466984439
AG.LND.AGRI.ZS_max2	5.44250571494483e-13	0.000105372909179644	0.000140193466984439
NY.GDP.DEFL.KD.ZG_delta1	4.38054121943661e-13	0.000161941523581348	0.000140193466984439
EN.GHG.N2O.TR.MT.CE.AR5	2.72400112200197e-13	0.000241248502595501	0.000140193466984439
