Feature	Gain	Cover	Frequency
SP.URB.TOTL.IN.ZS	0.223181370904579	0.00352654962044265	0.00112457828314382
urban_health_access	0.168064562185343	0.0021332378109827	0.000671623141322004
NE.CON.PRVT.PC.KD	0.131043985434749	0.0038528752061023	0.00185867799575159
SP.RUR.TOTL.ZS	0.109200550757823	0.00591132700938542	0.00178058228164438
SP.RUR.TOTL.ZS_rank	0.066448463239139	0.00276282139250077	0.00071848056978633
NY.GDP.PCAP.KD	0.0284301286738694	0.00576851365087071	0.00170248656753717
SP.URB.TOTL.IN.ZS_rank	0.0257529452947293	0.00155625421130441	0.000468574284643259
urban_health_access_rank	0.0229336091150578	0.000690264566154468	0.000203048856678745
NE.CON.PRVT.PC.KD_max2	0.0195349308651071	0.000251980359930803	0.000218667999500187
EN.URB.LCTY_min2	0.0172894208470892	0.00039170824465045	0.000265525427964513
BG.GSR.NFSV.GD.ZS_max2	0.0151212362413997	0.001445471009329	0.00112457828314382
NY.GDP.PCAP.KD_rank	0.0108593604736225	0.00149160618893149	0.000452955141821817
TX.VAL.MRCH.R2.ZS	0.0105176078899595	0.000503813792538031	0.000749718855429214
NY.GDP.DEFL.ZS_lag1	0.00958637493175348	0.000613862357895566	0.00124953142571536
NY.GDP.DEFL.ZS	0.00845214138330877	0.000704516516541225	0.00139010371110833
EN.URB.LCTY_avg2	0.00728244540192842	0.000299584812769042	0.000187429713857304
EN.URB.LCTY_lag1	0.00678852419643505	0.000150159724693458	9.37148569286517e-05
SH.DTH.MORT_lag1	0.00506783084684093	0.000309869725419279	0.000234287142321629
SH.IMM.IDPT_rank	0.00491119721023482	0.00130706547052153	0.000905910283643634
EN.GHG.N2O.BU.MT.CE.AR5_min2	0.00453045214807352	0.000264616109758237	0.000406097713357491
TX.VAL.MRCH.WR.ZS	0.00438805356044328	0.000910802478840261	0.00117143571160815
urban_health_access_lag1	0.00423057455467104	0.00434038006572353	0.00112457828314382
BG.GSR.NFSV.GD.ZS	0.00413902859824059	0.00101894098899132	0.00135886542546545
SP.POP.2024.FE.5Y_rank	0.00407559953172933	0.00445733421528908	0.00123391228289391
EN.GHG.N2O.PI.MT.CE.AR5	0.00365144103583419	0.000260502144698142	0.000452955141821817
SH.DTH.NMRT_delta1	0.00345316239366684	0.000250217232047905	0.000312382856428839
SP.DYN.LE00.FE.IN_lag1	0.00309164158869283	0.000266966946935434	0.000437335999000375
TX.VAL.MRCH.OR.ZS_lag1	0.00302737199767894	0.000256388179638048	0.000499812570286143
SP.DYN.LE00.FE.IN	0.00297927422565151	0.000538488640901687	0.000624765712857678
SH.DTH.MORT	0.00245220418404854	0.000531436129370096	0.000562289141571911
BG.GSR.NFSV.GD.ZS_min2	0.00224585987396849	0.000408898741508703	0.000468574284643259
EN.GHG.ALL.PC.CE.AR5_max2	0.00223320841556263	0.00314733019829605	0.00137448456828689
mortality_efficiency_lag1	0.00211580105935744	0.000385390369736733	0.000343621142071723
NE.CON.PRVT.PC.KD_min2	0.00192314656968978	0.000263440691169639	0.000390478570536049
year	0.00180346573266482	0.0101350467801906	0.00401411970511058
SH.IMM.MEAS_rank	0.00177068040264891	0.000869662828239314	0.000656003998500562
EN.URB.LCTY_tend2	0.00172434834750805	0.000642513185992654	0.000687242284143446
NE.CON.PRVT.PC.KD_avg2	0.00167015847248521	0.000342046809282163	0.000343621142071723
EN.GHG.N2O.BU.MT.CE.AR5_max2	0.00164018852122202	0.000112399402534731	0.000140572285392978
SP.POP.5054.FE.5Y	0.00162810690092484	0.00476441232156044	0.0015619142821442
TX.VAL.MRCH.OR.ZS	0.00155826155381979	0.000175578151671901	0.000515431713107585
SP.POP.1564.FE.ZS_lag1	0.00152996669896707	0.00994653902404407	0.0027177308509309
FM.AST.DOMS.CN	0.0013590292309857	0.0017995658591443	0.00134324628264401
EN.GHG.N2O.BU.MT.CE.AR5_avg2	0.0011624972650684	9.87351614422739e-05	0.000171810571035862
BG.GSR.NFSV.GD.ZS_avg2	0.00101351869683881	0.00050895624886315	0.000296763713607397
FP.CPI.TOTL_rank	0.000969224511719126	0.000136642410924575	0.000328001999250281
FM.AST.NFRG.CN_min2	0.000943878371575366	0.00351317923399734	0.00143696113957266
mortality_efficiency	0.000936804496378685	0.000961933187444296	0.000999625140572286
SP.DYN.LE00.MA.IN_lag1	0.000929349169590243	0.00104244936076329	0.000624765712857678
FM.AST.NFRG.CN	0.000900282855326029	0.00767416103763602	0.00296763713607397
BG.GSR.NFSV.GD.ZS_lag1	0.000895565341865266	0.000478395365559589	0.000437335999000375
TX.VAL.MRCH.WR.ZS_lag1	0.000875102977772022	0.00136524869065716	0.00071848056978633
FM.AST.DOMS.CN_avg2	0.000804593567327728	0.000315012181744398	0.000296763713607397
NY.GDP.MKTP.KN_delta1	0.000790860435309038	0.000534962385135892	0.000437335999000375
NY.ADJ.NNTY.PC.CD	0.000742048135141089	0.00349216862672614	0.00173372485318006
EN.GHG.N2O.PI.MT.CE.AR5_avg2	0.000669324215082584	4.26089238366956e-05	9.37148569286517e-05
SM.POP.RHCR.EO_lag1	0.000627196416779988	0.00067718803435631	0.000468574284643259
EN.GHG.N2O.PI.MT.CE.AR5_max2	0.000625625692244492	1.43988777103316e-05	3.12382856428839e-05
FP.CPI.TOTL	0.000612986928369729	0.000984119213304093	0.00164000999625141
SP.POP.2024.MA.5Y_lag1	0.000600875065579772	0.00209915067191334	0.000827814569536424
EN.URB.LCTY_delta1	0.000580054473093372	0.000268142365524032	0.000296763713607397
BM.GSR.TRVL.ZS_min2	0.000545020596526007	0.00030560883303561	0.000577908284393353
AG.CON.FERT.ZS_avg2	0.000514721845894645	0.000311045144007878	0.000249906285143071
SP.DYN.TO65.FE.ZS	0.000505094651949571	0.00266908176006004	0.000968386854929402
DC.DAC.CANL.CD	0.000503245285398598	0.000819413683576728	0.0012651505685368
SP.POP.5559.FE.5Y	0.00049733556099438	0.00594835269492628	0.0020461077096089
SP.DYN.AMRT.MA_lag1	0.000460152514376951	0.000180720607997019	0.000203048856678745
FP.CPI.TOTL_max2	0.000446219449901582	0.000475162964440943	0.000671623141322004
BM.GSR.INSF.ZS_min2	0.000433273399674085	0.000334700443103422	0.000577908284393353
FP.CPI.TOTL_min2	0.000425279384744648	0.00051262943195252	0.000734099712607772
NY.GSR.NFCY.CN	0.000423897975920307	0.000878184613006653	0.000765337998250656
SP.POP.5054.MA.5Y	0.00042152259629852	0.0170700164529217	0.00443583656128952
NY.GDP.PCAP.CD	0.00041427750058678	0.0049542424236191	0.0019367737098588
SP.URB.TOTL_delta1	0.000410672432372839	0.000267995438200458	0.000312382856428839
SP.POP.2024.MA.5Y_rank	0.000387132096605492	0.00112516944393591	0.000374859427714607
SP.DYN.AMRT.FE_lag1	0.000385704267124333	0.00102246724475712	0.000499812570286143
NY.GDP.FRST.RT.ZS	0.000381619001999746	0.000728612597607494	0.000484193427464701
AG.CON.FERT.ZS_max2	0.000375138254954306	0.000372460765262149	0.000421716856178933
BM.TRF.PWKR.CD.DT_min2	0.000370204347084022	0.000640750058109757	0.000609146570036236
EN.GHG.CH4.MT.CE.AR5_tend2	0.000366548175305833	0.000171317259288231	0.000624765712857678
SP.DYN.AMRT.FE	0.000352296484768076	0.00165205082627519	0.000671623141322004
SP.POP.DPND.YG_lag1	0.000349272390256253	0.00827450608176271	0.00224915656628764
BX.TRF.PWKR.CD.DT	0.000348067433932465	0.000177928988849098	0.000562289141571911
SP.POP.6569.FE.5Y_lag1	0.000340741012453302	0.000152510561870655	0.000187429713857304
EN.GHG.CH4.MT.CE.AR5_delta1	0.000336361684332926	0.000125916716303614	0.000265525427964513
FM.AST.DOMS.CN_max2	0.000326805999572976	0.000463555705878533	0.000296763713607397
NY.GDP.FCST.CN	0.000304131699056961	0.00109108230486656	0.000656003998500562
NY.GNP.PCAP.CN_delta1	0.000283720347015458	0.000202318924562517	0.000374859427714607
SE.TER.ENRR_lag1	0.000283298007722191	0.0129434156429995	0.00418593027614645
SP.POP.1564.FE.ZS	0.000281714565733138	0.000144576486397615	0.000140572285392978
SP.POP.4549.FE.5Y_rank	0.0002805362574583	0.000534962385135892	0.000312382856428839
EG.ELC.NGAS.ZS_min2	0.000278925681532029	0.000116366440271251	0.000265525427964513
SH.IMM.IDPT	0.000277946777929287	0.000291356882648853	0.000296763713607397
SP.POP.1564.FE.IN_delta1	0.000266319653658293	0.000375252384410071	0.000562289141571911
DT.ODA.ODAT.GN.ZS_rank	0.00026531857672629	0.00138611237060478	0.000484193427464701
DT.ODA.ALLD.CD_lag1	0.000263885681908599	0.000425207674425507	0.000281144570785955
ER.H2O.INTR.PC	0.000255860728255276	0.000564053995203704	0.000765337998250656
BX.GSR.FCTY.CD	0.000250873282999233	0.00112590408055379	0.00064038485567912
NY.GDP.PCAP.CN_delta1	0.000250028025236654	0.000912859461370309	0.000702861426964888
TX.VAL.MRCH.RS.ZS_rank	0.000249410622857733	0.00127591687792367	0.000624765712857678
urban_development_ratio	0.000245422237301802	0.00242150921983648	0.000843433712357866
NV.SRV.TOTL.ZS	0.000242569482475623	0.000627232744340874	0.000609146570036236
SP.DYN.TO65.FE.ZS_lag1	0.000235522498594137	0.000939747161584499	0.000359240284893165
ER.FSH.AQUA.MT_min2	0.000231513954122287	0.000225239587040187	0.000234287142321629
EN.GHG.CH4.WA.MT.CE.AR5	0.000230027055926612	6.74396415208389e-05	0.000124953142571536
NV.IND.TOTL.CN_lag1	0.000228591892276606	0.000565817123086602	0.000249906285143071
FM.AST.NFRG.CN_avg2	0.00022832016478887	0.000494116589182094	0.000515431713107585
DT.ODA.ODAT.CD_lag1	0.00022064609696037	0.000192768648530154	0.000140572285392978
TX.VAL.MRCH.RS.ZS	0.000220583407878549	0.0015493486270964	0.000812195426714982
TM.VAL.MRCH.OR.ZS	0.000213465980191402	0.00048148083935466	0.000468574284643259
SP.POP.5054.FE.5Y_lag1	0.000207000311851129	0.00440106105035993	0.00121829314007247
YearsSinceFirst	0.000205772687135413	0.000735958963786235	0.00064038485567912
FM.AST.NFRG.CN_max2	0.000197296568870015	0.000615625485778464	0.000499812570286143
FS.AST.CGOV.GD.ZS	0.000196076035490355	0.00426368400281748	0.00246782456578783
NV.AGR.TOTL.ZS	0.000191483424676319	0.00242415391166083	0.0012651505685368
YearsSinceFirst_lag1	0.000188250063905488	0.000466347325026454	0.000421716856178933
SH.DYN.MORT.MA_lag1	0.000175147094058027	7.8312263465375e-05	7.80957141072098e-05
NY.GNP.PCAP.CD	0.000172992695418396	0.00203273952165753	0.00087467199800075
BX.TRF.PWKR.CD.DT_avg2	0.000170535647613875	0.000228178133511684	0.000234287142321629
EN.GHG.CH4.WA.MT.CE.AR5_max2	0.000168281186711507	3.04139559799861e-05	4.68574284643259e-05
SP.POP.6064.MA.5Y_delta1	0.000163025197842186	0.00100219127410379	0.000702861426964888
BX.TRF.PWKR.DT.GD.ZS	0.000150101617079411	0.000757116498381008	0.000624765712857678
EN.GHG.N2O.IP.MT.CE.AR5_avg2	0.000149478211595792	7.33167344638313e-05	7.80957141072098e-05
ER.H2O.INTR.PC_min2	0.000149016703552818	0.000343075300547187	0.000328001999250281
SP.DYN.LE00.MA.IN	0.000146592776732557	0.000377603221587268	0.000374859427714607
FI.RES.TOTL.CD_lag1	0.000145846288611391	0.000245074775722787	0.000437335999000375
NV.IND.TOTL.CN	0.000145192072519203	0.000586680803034226	0.000312382856428839
NE.CON.PRVT.PC.KD_lag1	0.000142088123880601	0.000108726219445361	0.000187429713857304
SP.POP.6569.FE.5Y_delta1	0.000141547743651314	0.000749035495584393	0.00118705485442959
NY.GDS.TOTL.ZS_lag1	0.000139186098150425	0.000198498814149571	0.000328001999250281
NE.EXP.GNFS.ZS_rank	0.000133631988176869	0.000114603312388354	0.000234287142321629
NY.ADJ.NNTY.PC.CD_lag1	0.000124432527560378	0.000219803276067919	0.000218667999500187
SE.SEC.ENRL.GC.FE.ZS_rank	0.000123785821937021	0.000314424472450098	0.000484193427464701
NY.GDP.PCAP.CN	0.000123784081695705	0.00241225279845127	0.00134324628264401
EN.GHG.CH4.PI.MT.CE.AR5_tend2	0.000122765989798798	0.00361984847091265	0.00131200799700112
SE.PRM.ENRL_rank	0.000120005170091807	0.000416538962334593	0.000624765712857678
AG.LND.ARBL.HA.PC_min2	0.000116455306136627	0.00384259029345207	0.00121829314007247
NY.ADJ.DNGY.GN.ZS	0.000115137179387381	8.05161733189972e-05	0.000265525427964513
SP.POP.5559.MA.5Y_delta1	0.000115006137886015	0.0119516562088695	0.00363926027739598
SE.TER.ENRR	0.000114157135363661	0.00664478820867089	0.00260839685118081
IT.CEL.SETS	0.000112071154874602	0.00100277898339809	0.000656003998500562
SP.DYN.IMRT.FE.IN	0.000110625319669817	0.00123580571858775	0.000421716856178933
SE.PRM.ENRL.FE.ZS	0.000108813045513847	0.00040728254094938	0.00120267399725103
SP.POP.1564.FE.ZS_delta1	0.000107792008597346	0.00025403734246085	0.000437335999000375
SH.MMR.RISK_lag1	0.000106930462173713	0.000124153588420716	9.37148569286517e-05
EG.ELC.HYRO.ZS_max2	0.000106331214091032	4.65759615732155e-05	0.000124953142571536
NY.GNP.PCAP.CN_lag1	0.0001057949946909	0.00070040255148113	0.000484193427464701
SP.POP.TOTL.FE.ZS	0.000101141844019109	0.000183365299821366	0.000359240284893165
SH.DYN.NMRT_lag1	0.000100629841290886	5.75955108413264e-05	9.37148569286517e-05
BM.TRF.PWKR.CD.DT	9.98613219740601e-05	0.000691146130095917	0.000765337998250656
SP.POP.4044.FE.5Y_rank	9.93294988629826e-05	0.000420212145423963	0.000203048856678745
SP.POP.5559.FE.5Y_delta1	9.90135342401509e-05	0.00799314025711694	0.00248344370860927
PA.NUS.FCRF_lag1	9.64877571152067e-05	0.000167791003522436	0.000406097713357491
SE.PRM.TCHR_rank	9.24535517237304e-05	0.000254184269784425	0.000624765712857678
consumption_vs_income_lag1	9.22594996549434e-05	0.000582126056003406	0.000499812570286143
EN.GHG.ALL.PC.CE.AR5	9.10324930097864e-05	0.00116410518468324	0.000624765712857678
EN.GHG.CH4.BU.MT.CE.AR5_min2	8.7651487585424e-05	0.000126798280245063	0.000109333999750094
NY.GDP.FRST.RT.ZS_lag1	8.72796907334308e-05	0.000264763037081812	0.000281144570785955
FI.RES.TOTL.MO_min2	8.70283799868674e-05	0.000284010516470112	0.000343621142071723
AG.LND.AGRI.K2	8.40901142896085e-05	0.000100057507354447	0.000468574284643259
FP.CPI.TOTL_avg2	8.3537814047711e-05	0.000195560267678075	0.000343621142071723
ER.FSH.AQUA.MT_avg2	8.32629203620382e-05	5.14245632511843e-05	9.37148569286517e-05
SM.POP.RHCR.EO	8.29224436752432e-05	0.000640750058109757	0.000609146570036236
SP.POP.1564.MA.ZS_delta1	8.27423279077458e-05	0.000236846845602597	0.000312382856428839
SP.POP.TOTL.FE.ZS_lag1	8.13389919195329e-05	0.000162060837903018	0.000296763713607397
EN.GHG.CH4.WA.MT.CE.AR5_lag1	7.87734231883052e-05	1.79251334761271e-05	4.68574284643259e-05
ER.FSH.AQUA.MT	7.814305940428e-05	4.7751380161814e-05	6.24765712857678e-05
DT.ODA.ODAT.GN.ZS	7.77105512771982e-05	0.00323387039188162	0.00131200799700112
IT.CEL.SETS.P2	7.70794688744511e-05	0.00281997612137137	0.00134324628264401
NV.SRV.TOTL.CD	7.65908315569709e-05	0.00151276372352627	0.000765337998250656
NE.RSB.GNFS.CN_delta1	7.51736329205932e-05	0.0086327148966381	0.00292077970760965
SM.POP.RHCR.EA_delta1	7.18552774168454e-05	0.000746684658407196	0.00115581656878671
TM.VAL.OTHR.ZS.WT	6.95337135890365e-05	0.000916973426430404	0.00121829314007247
BM.GSR.NFSV.CD_rank	6.86974181894427e-05	0.000116807222241976	0.000249906285143071
SP.POP.1564.TO.ZS_lag1	6.81723850183899e-05	0.00387476737731495	0.0010777208546795
EN.POP.DNST	6.69134223299123e-05	0.000680420435474956	0.000531050855929027
SP.POP.1564.TO_delta1	6.67143918046012e-05	6.90558420801618e-05	0.000109333999750094
TM.VAL.MRCH.R5.ZS	6.56517426845672e-05	0.000243899357134188	0.000562289141571911
AG.PRD.FOOD.XD	6.47184406874052e-05	0.000264322255111087	0.000702861426964888
AG.LND.AGRI.K2_lag1	6.42060633541586e-05	1.8806697417576e-05	6.24765712857678e-05
FM.AST.DOMS.CN_lag1	6.37373984700071e-05	0.0023665584008195	0.000827814569536424
SP.ADO.TFRT	6.21668517766279e-05	0.00311338998655027	0.000999625140572286
AG.LND.ARBL.HA.PC_max2	6.10415895576131e-05	0.0060082990429448	0.00159315256778708
FI.RES.XGLD.CD	6.07683144198996e-05	0.000253008851195827	0.000452955141821817
EG.ELC.NUCL.ZS	6.039831923172e-05	0.000360706579376164	0.000359240284893165
NV.IND.MANF.ZS	5.96515486542994e-05	0.00765579512218917	0.00298325627889541
SP.POP.2024.FE.5Y_lag1	5.94051646296956e-05	0.00068908914756587	0.000577908284393353
Country_Name	5.93306747972836e-05	0.000462086432642785	0.000328001999250281
SH.IMM.MEAS_lag1	5.8438956899284e-05	0.000501756810007984	0.000546669998750469
neonatal_risk_indicator	5.74079290075713e-05	0.000566698687028051	0.000593527427214794
SP.POP.1564.TO.ZS_delta1	5.72431935559197e-05	0.000169554131405333	0.000406097713357491
DC.DAC.CECL.CD	5.60451030528207e-05	0.00122522695129036	0.00112457828314382
SP.POP.2024.MA.5Y_delta1	5.58727202402898e-05	0.000332643460573375	0.00071848056978633
PA.NUS.ATLS_lag1	5.56807446554396e-05	9.93228707365731e-05	0.000249906285143071
EN.GHG.CH4.PI.MT.CE.AR5_delta1	5.5672462609365e-05	0.002090628887146	0.00064038485567912
NE.TRD.GNFS.ZS	5.5270240410942e-05	0.000805602515160696	0.000952767712107959
SH.DTH.NMRT_lag1	5.43477162573276e-05	0.000370256855408527	0.000343621142071723
DC.DAC.JPNL.CD_isNA_lag1	5.42810894140516e-05	0.000276223368320647	0.000109333999750094
EN.GHG.CO2.MT.CE.AR5_avg2	5.41328793075077e-05	9.5502760323628e-06	1.5619142821442e-05
EN.URB.MCTY.TL.ZS	5.39941228511492e-05	0.002406816487479	0.00112457828314382
SH.DYN.MORT.FE	5.36922523342858e-05	0.0029575000962374	0.00112457828314382
TX.VAL.MRCH.RS.ZS_lag1	5.32271039815814e-05	0.000386125006354607	0.000328001999250281
TM.VAL.MANF.ZS.UN	5.31558121867585e-05	0.000455474703081918	0.000671623141322004
FI.RES.XGLD.CD_min2	5.27862231216416e-05	9.81474521479746e-05	0.000203048856678745
BM.TRF.PWKR.CD.DT_max2	5.24881464675222e-05	0.000509837812804599	0.000359240284893165
NY.GNP.PCAP.CN	5.15295450626308e-05	0.00258224771182733	0.00114019742596526
SH.DYN.MORT.FE_lag1	5.11889762414032e-05	0.00018380608179209	0.00015619142821442
NV.AGR.TOTL.CN	5.1136762138936e-05	0.000621649506045031	0.000406097713357491
AG.LND.AGRI.ZS	5.03266268883975e-05	0.0032275525169679	0.00176496313882294
SP.POP.6064.FE.5Y_delta1	4.96379303408082e-05	0.000773131576650662	0.000499812570286143
EN.GHG.N2O.IP.MT.CE.AR5_min2	4.85588904626929e-05	3.27647931571831e-05	7.80957141072098e-05
SH.DTH.NMRT	4.81836249524818e-05	0.000725233269165274	0.000812195426714982
FM.AST.DOMS.CN_min2	4.79653198446755e-05	0.000458707104200564	0.000468574284643259
SP.POP.DPND_delta1	4.71423166318548e-05	7.41982984052802e-05	0.000234287142321629
SH.DYN.MORT.FE_delta1	4.66469069172994e-05	7.91938274068238e-05	0.000234287142321629
SH.DTH.IMRT	4.66464892831765e-05	0.00171258488358801	0.00132762713982257
EN.GHG.N2O.IP.MT.CE.AR5	4.60446215436824e-05	0.000268730074818332	0.000609146570036236
SP.POP.TOTL.MA.ZS	4.57685232989493e-05	0.000129736826716559	0.000249906285143071
BX.TRF.PWKR.DT.GD.ZS_avg2	4.54591694647264e-05	0.000198204959502422	0.000203048856678745
SP.POP.0014.MA.IN_delta1	4.4999993560729e-05	0.000487211004974078	0.000609146570036236
AG.LND.ARBL.HA.PC	4.47696251526695e-05	0.00048177469400181	0.000437335999000375
SH.DYN.MORT	4.39006887048013e-05	0.000773572358621387	0.000452955141821817
SP.RUR.TOTL.ZG	4.3393638857339e-05	0.000327354076924682	0.000359240284893165
SP.POP.80UP.MA.5Y	4.219453980117e-05	0.000466641179673604	0.000312382856428839
MS.MIL.XPND.GD.ZS_min2	4.0806810873804e-05	0.000256682034285197	0.000484193427464701
BX.TRF.PWKR.DT.GD.ZS_max2	3.91205056371972e-05	0.000209077581446958	0.000218667999500187
PA.NUS.FCRF	3.81504124012117e-05	0.00187758426796253	0.00112457828314382
FI.RES.TOTL.CD	3.79695581541542e-05	0.000663964575234577	0.000531050855929027
DC.DAC.DEUL.CD_max2	3.77951587395267e-05	6.33256764607441e-05	0.00015619142821442
BX.GRT.EXTA.CD.WD_min2	3.71841912041248e-05	7.91938274068238e-05	0.000203048856678745
Country_Code	3.69509237007004e-05	0.00032059542004024	0.000281144570785955
AG.LND.AGRI.K2_max2	3.69337755663182e-05	3.57033396286794e-05	4.68574284643259e-05
AG.LND.ARBL.HA.PC_avg2	3.66441111880244e-05	0.00290651631495694	0.000859052855179308
EN.GHG.CO2.BU.MT.CE.AR5	3.65827446404907e-05	0.000125622861656465	0.000265525427964513
TX.VAL.AGRI.ZS.UN_lag1	3.64109997153737e-05	0.00134056490029659	0.000984005997750843
IT.CEL.SETS.P2_min2	3.62933635016807e-05	0.00103554377655528	0.00064038485567912
FI.RES.XGLD.CD_lag1	3.62754464334228e-05	0.000362175852611912	0.000281144570785955
SP.POP.1564.MA.IN_delta1	3.50375074170083e-05	0.000201878142591792	0.000265525427964513
SH.MMR.RISK	3.49237318464232e-05	0.00108476442995284	0.000468574284643259
SP.POP.BRTH.MF_lag1	3.48550395465274e-05	0.000698198641627508	0.000343621142071723
FI.RES.TOTL.CD_max2	3.4651262051227e-05	7.02312606687603e-05	0.000140572285392978
NY.GSR.NFCY.CN_delta1	3.37793566003587e-05	0.00677863900044754	0.00226477570910908
SP.POP.GROW_lag1	3.32066203866119e-05	0.000205698253004737	0.000312382856428839
ER.H2O.INTR.PC_avg2	3.30511572220242e-05	0.000126798280245063	9.37148569286517e-05
EN.GHG.CH4.BU.MT.CE.AR5_rank	3.24014862343475e-05	0.000217305511567147	0.000203048856678745
SH.STA.MMRT	3.1687162126213e-05	5.74485835177516e-05	0.000140572285392978
TM.VAL.INSF.ZS.WT_lag1	3.04158699769082e-05	0.000297821684886145	0.000312382856428839
TX.VAL.FUEL.ZS.UN_lag1	3.01930209404001e-05	0.000189977029382232	0.000452955141821817
EN.GHG.CH4.FE.MT.CE.AR5_max2	2.9856679533759e-05	0.000173815023789003	0.000203048856678745
TM.VAL.MRCH.R5.ZS_lag1	2.97264779252658e-05	0.000167056366904562	0.000390478570536049
ER.H2O.INTR.K3	2.87536897860092e-05	0.000153392125812104	0.000109333999750094
IT.CEL.SETS.P2_avg2	2.83791561328422e-05	0.000846448311114494	0.000484193427464701
FM.AST.NFRG.CN_lag1	2.78993753806124e-05	0.000209665290741257	0.000281144570785955
DC.DAC.TOTL.CD_lag1	2.78144815264821e-05	0.000450919956051099	0.000265525427964513
consumption_vs_income_delta1	2.72886608106665e-05	0.000357033396286794	0.000921529426465076
SP.RUR.TOTL_lag1	2.71190785119481e-05	6.43541677257678e-05	0.00015619142821442
FP.CPI.TOTL_lag1	2.64619921160024e-05	0.000275047949732049	0.000452955141821817
SP.URB.GROW	2.56979302535588e-05	0.000210253000035556	0.000421716856178933
BX.GRT.EXTA.CD.WD	2.5311911266568e-05	0.00437564262338149	0.00164000999625141
SP.POP.0014.FE.IN_delta1	2.52607193117236e-05	0.000330733405366903	0.000437335999000375
EN.GHG.CH4.PI.MT.CE.AR5_ratioavg2	2.49694927775889e-05	0.000134732355718103	0.000546669998750469
BX.TRF.PWKR.DT.GD.ZS_lag1	2.44054947645607e-05	0.000222594895215841	0.000281144570785955
SP.POP.5559.MA.5Y_lag1	2.44010755305365e-05	0.000809863407544365	0.000468574284643259
SP.POP.5054.FE.5Y_rank	2.43978732440673e-05	0.00463834867793325	0.00124953142571536
PA.NUS.ATLS	2.43012799321343e-05	0.00023846304616192	0.000421716856178933
SE.PRM.ENRL.FE.ZS_delta1	2.42723388478134e-05	0.000415804325716719	0.00132762713982257
TM.VAL.OTHR.ZS.WT_lag1	2.42563202993115e-05	0.000416098180363869	0.000484193427464701
SP.POP.5054.MA.5Y_rank	2.38567037839809e-05	0.00901619521116836	0.00256153942271648
SP.POP.6569.MA.5Y_delta1	2.37513941847349e-05	0.00032456245777676	0.000780957141072098
SP.POP.5559.FE.5Y_lag1	2.36598461073888e-05	0.000597259570331612	0.000343621142071723
AG.PRD.FOOD.XD_min2	2.34313455045407e-05	8.609941161484e-05	0.000328001999250281
TX.VAL.MRCH.R6.ZS	2.33816971559498e-05	0.00095928849561995	0.000952767712107959
EN.GHG.CH4.TR.MT.CE.AR5_max2	2.33222501586932e-05	2.62999909198914e-05	3.12382856428839e-05
TX.VAL.MRCH.R6.ZS_lag1	2.28873704789831e-05	0.000732579635344014	0.000937148569286517
EG.ELC.NGAS.ZS_lag1	2.26618727168036e-05	3.57033396286794e-05	9.37148569286517e-05
SP.POP.TOTL.MA.ZS_lag1	2.20868231331331e-05	0.000182630663203492	0.000187429713857304
SP.POP.2529.FE.5Y_lag1	2.20515940488691e-05	0.000374370820468622	0.000484193427464701
SE.ENR.PRIM.FM.ZS	2.19859186483609e-05	0.000161326201285144	0.000531050855929027
AG.LND.AGRI.K2_ratioavg2	2.19278343352979e-05	0.000607103701011125	0.000859052855179308
EN.GHG.ALL.PC.CE.AR5_min2	2.18804647038329e-05	0.00531906296805536	0.00146819942521554
EN.POP.DNST_tend2	2.16235862383249e-05	0.000390092044091127	0.000390478570536049
PA.NUS.FCRF_delta1	2.12199797934577e-05	0.000513510995893969	0.000843433712357866
SP.POP.2529.MA.5Y	2.11541461196968e-05	0.000173080387171129	0.000546669998750469
AG.LND.PRCP.MM	2.09852344785118e-05	0.000179545189408421	0.000203048856678745
EN.URB.LCTY.UR.ZS_delta1	2.05548439229698e-05	0.000157653018195774	0.000296763713607397
BX.GRT.TECH.CD.WD_isNA_rank	1.99886559622011e-05	0.000276076440997072	0.000437335999000375
SP.RUR.TOTL	1.9795264106529e-05	9.25642138521317e-05	0.000140572285392978
FP.CPI.TOTL.ZG	1.97201382229841e-05	0.000412571924598073	0.00135886542546545
SP.POP.2529.MA.5Y_lag1	1.91981255459721e-05	9.02133766749348e-05	0.000296763713607397
TM.VAL.MRCH.R4.ZS	1.91586392137227e-05	0.000348805466166604	0.000765337998250656
TX.VAL.MRCH.R3.ZS	1.91128743161382e-05	0.00103965774161537	0.000905910283643634
SP.POP.3539.FE.5Y_rank	1.89229594710761e-05	6.30318218135945e-05	7.80957141072098e-05
SP.DYN.LE00.IN	1.86664699405262e-05	0.00017645971561335	0.000249906285143071
SP.POP.0014.FE.IN_lag1	1.86560354040299e-05	2.01290433297493e-05	4.68574284643259e-05
EN.GHG.CH4.TR.MT.CE.AR5_tend2	1.86452185328135e-05	0.000575955108413264	0.000952767712107959
EG.USE.ELEC.KH.PC_rank	1.85694427492115e-05	0.000291650737296002	0.000265525427964513
SM.POP.NETM	1.84575734394772e-05	0.000241401592633417	0.000577908284393353
TX.VAL.MRCH.R5.ZS_lag1	1.82937478672204e-05	0.000411690360656624	0.000609146570036236
SH.STA.MMRT_lag1	1.80226199243267e-05	2.70346275377655e-05	9.37148569286517e-05
TM.VAL.MRCH.RS.ZS	1.7948120340337e-05	0.000284598225764411	0.000374859427714607
NY.GDP.PCAP.CN_lag1	1.76898398620575e-05	0.00113530742926257	0.00064038485567912
SP.POP.4044.MA.5Y	1.76721085249176e-05	0.000522914344602757	0.000234287142321629
SP.DYN.IMRT.IN	1.75874450841665e-05	0.000149425088075584	0.000140572285392978
SP.POP.80UP.MA.5Y_lag1	1.73952983239702e-05	0.000227737351540959	0.000124953142571536
FM.AST.DOMS.CN_tend2	1.73830613766177e-05	0.00715168747500399	0.00276458827939523
EN.GHG.CO2.BU.MT.CE.AR5_min2	1.70372138175304e-05	0.000162942401844467	0.000140572285392978
AG.LND.ARBL.HA.PC_lag1	1.69487033575482e-05	0.0016275139632382	0.000468574284643259
NV.AGR.TOTL.KD_lag1	1.67906668951954e-05	0.000112252475211157	0.000343621142071723
FI.RES.XGLD.CD_max2	1.66617165472525e-05	3.45279210400809e-05	6.24765712857678e-05
EN.GHG.CH4.PI.MT.CE.AR5_ratiomax2	1.62219308615119e-05	2.77692641556395e-05	7.80957141072098e-05
SP.POP.TOTL.MA.IN_delta1	1.61049040173298e-05	5.70078015470272e-05	0.00015619142821442
TM.VAL.AGRI.ZS.UN	1.59289236197219e-05	0.000312073635272901	0.000671623141322004
SP.POP.2529.MA.5Y_delta1	1.58254047237726e-05	0.000348511611519455	0.000624765712857678
IS.AIR.DPRT	1.58237131745633e-05	0.000196588758943099	0.000562289141571911
TX.VAL.FUEL.ZS.UN	1.55636875307964e-05	0.00161869832382371	0.000952767712107959
FS.AST.CGOV.GD.ZS_min2	1.55451264570721e-05	0.000311632853302177	0.000484193427464701
AG.LND.PRCP.MM_rank	1.55289781952305e-05	0.000154714471724277	0.000140572285392978
DC.DAC.DEUL.CD_min2	1.5470102159401e-05	0.000464731124467131	0.000343621142071723
SP.POP.6064.FE.5Y	1.53168113993997e-05	0.000114750239711928	0.000124953142571536
FI.RES.TOTL.MO_max2	1.53087588601851e-05	7.30228798166817e-05	0.000218667999500187
SP.DYN.AMRT.MA	1.50623270624146e-05	0.000280484260704317	0.000421716856178933
EN.GHG.CH4.TR.MT.CE.AR5	1.50590530677865e-05	6.30318218135945e-05	0.000171810571035862
NE.GDI.TOTL.ZS	1.48493113506945e-05	0.000219950203391494	0.000468574284643259
TM.VAL.SERV.CD.WT	1.4771731354215e-05	2.92385373913877e-05	0.000109333999750094
TX.VAL.AGRI.ZS.UN_rank	1.47023243634731e-05	0.00147559111066184	0.000780957141072098
SP.POP.3034.FE.5Y_delta1	1.46710978675558e-05	0.00027019934805408	0.000577908284393353
FI.RES.TOTL.CD_min2	1.46361168014571e-05	6.81742781387129e-05	0.000234287142321629
SP.ADO.TFRT_lag1	1.45405100134514e-05	0.00111914542366935	0.000374859427714607
BM.GSR.GNFS.CD_isNA_rank	1.38733479065865e-05	0.000101526780590195	0.000484193427464701
SP.POP.6064.MA.5Y	1.38191122318396e-05	0.000188801610793634	0.000234287142321629
TM.VAL.TRAN.ZS.WT_lag1	1.36226423875791e-05	0.00110239570878182	0.000624765712857678
AG.LND.TOTL.K2_tend2	1.34088231822774e-05	1.92474793883004e-05	9.37148569286517e-05
AG.CON.FERT.ZS_rank	1.33469294326458e-05	0.000156036817636451	0.000187429713857304
EN.URB.LCTY.UR.ZS_tend2	1.32782289169077e-05	0.00023478986307255	0.000531050855929027
EN.GHG.CH4.AG.MT.CE.AR5_ratioavg2	1.32715175149914e-05	0.000378631712852291	0.00101524428339373
EN.GHG.CH4.BU.MT.CE.AR5	1.31917386970737e-05	0.000123418951802842	0.000281144570785955
NV.IND.MANF.ZS_lag1	1.29939032609116e-05	0.000481040057383936	0.000577908284393353
IT.CEL.SETS_tend2	1.29445011170012e-05	0.00263528847563783	0.00118705485442959
EN.URB.LCTY_ratioavg2	1.27004371026509e-05	0.000241401592633417	0.000359240284893165
TM.VAL.MRCH.R5.ZS_delta1	1.25635335561067e-05	0.000338079771545643	0.000952767712107959
TM.VAL.MANF.ZS.UN_lag1	1.25421608716188e-05	0.000298262466856869	0.000734099712607772
SP.POP.7579.MA.5Y_delta1	1.23735200426679e-05	0.00154978940906712	0.00109333999750094
DC.DAC.TOTL.CD	1.22895659293534e-05	0.00772103085385639	0.00292077970760965
SP.DYN.IMRT.IN_lag1	1.2175524159929e-05	2.85039007735136e-05	7.80957141072098e-05
EN.GHG.CO2.PC.CE.AR5	1.20744684769888e-05	0.000304727269094161	0.000265525427964513
DC.DAC.TOTL.CD_max2	1.19728493832796e-05	0.00119084595757385	0.000468574284643259
IT.CEL.SETS.P2_max2	1.18557853559718e-05	0.00112414095267089	0.000562289141571911
SP.POP.DPND.YG	1.16871748436674e-05	0.00237375783967467	0.000702861426964888
SP.POP.DPND_lag1	1.16799695070407e-05	0.00155096482765572	0.000452955141821817
IS.AIR.DPRT_avg2	1.15005920605743e-05	2.61530635963166e-05	9.37148569286517e-05
NY.GDP.PCAP.KN	1.14645601923484e-05	0.000163677038462341	0.000203048856678745
SP.POP.7074.FE.5Y_delta1	1.14494967556014e-05	0.00495659326079629	0.00210858428089466
EN.GHG.CH4.TR.MT.CE.AR5_delta1	1.12099211636789e-05	0.000237728409544046	0.000359240284893165
SP.POP.1564.MA.ZS	1.1198436088515e-05	0.000622677997310055	0.000359240284893165
IT.MLT.MAIN	1.10220615508818e-05	0.000329851841425454	0.000484193427464701
NE.EXP.GNFS.ZS	1.09989811881371e-05	0.000283275879852238	0.000546669998750469
IT.CEL.SETS.P2_tend2	1.09481707288361e-05	0.00137832522245531	0.0012651505685368
EG.ELC.HYRO.ZS	1.09125133846319e-05	7.64022082589024e-05	0.000437335999000375
SP.POP.4044.MA.5Y_delta1	1.09071904768758e-05	0.000158828436784372	0.000312382856428839
SP.POP.0509.MA.5Y_delta1	1.08309200289475e-05	0.000206285962299036	0.000421716856178933
TX.VAL.MRCH.R5.ZS	1.08185538176992e-05	0.00023846304616192	0.000452955141821817
TM.VAL.MRCH.R1.ZS	1.07953808444777e-05	0.000424473037807633	0.000780957141072098
IT.CEL.SETS.P2_ratioavg2	1.06789413087917e-05	0.00031692223695087	0.000452955141821817
IT.CEL.SETS_rank	1.0614258877426e-05	4.40781970724437e-05	4.68574284643259e-05
BM.GSR.FCTY.CD	1.05248644560734e-05	0.000123418951802842	0.000421716856178933
SE.SEC.ENRR.MA	1.04413213594573e-05	0.000543337242579656	0.000702861426964888
urban_development_ratio_rank	1.03816647098155e-05	0.000510866304069622	0.000218667999500187
SH.MMR.DTHS	1.03395877635059e-05	0.000152069779899931	0.000249906285143071
SP.POP.3034.MA.5Y_delta1	1.02718852600966e-05	0.000417273598952467	0.000687242284143446
BX.GSR.FCTY.CD_min2	1.02367453260035e-05	0.00013678933824815	0.000171810571035862
DT.ODA.ODAT.KD_rank	1.01902235955618e-05	0.0017388848745079	0.000609146570036236
TX.VAL.FOOD.ZS.UN_lag1	1.01549564051766e-05	0.00137244812951232	0.000843433712357866
NE.EXP.GNFS.KD	1.01035315163656e-05	0.000130324536010859	0.000265525427964513
BM.KLT.DINV.CD.WD_avg2	9.89279158447808e-06	8.7715612174163e-05	0.000249906285143071
BM.GSR.NFSV.CD_lag1	9.8179448790906e-06	7.93407547303987e-06	3.12382856428839e-05
MS.MIL.XPND.CD_rank	9.79353430195579e-06	0.000351156303343801	0.000406097713357491
SH.DTH.IMRT_lag1	9.73724745670883e-06	7.53737169938787e-05	9.37148569286517e-05
FM.AST.NFRG.CN_ratioavg2	9.63730680404331e-06	0.000352478649255975	0.000984005997750843
SP.POP.6064.MA.5Y_lag1	9.57468899388671e-06	0.000163823965785916	0.000218667999500187
NY.GDS.TOTL.ZS	9.55226243192446e-06	0.000184246863762815	0.000468574284643259
EN.POP.DNST_delta1	9.50638365136185e-06	0.000279896551410017	0.000218667999500187
NV.AGR.TOTL.ZS_lag1	9.47082108281833e-06	0.000380982550029488	0.000265525427964513
AG.PRD.CROP.XD_min2	9.45314568771165e-06	4.83390894561133e-05	0.000171810571035862
IT.CEL.SETS.P2_lag1	9.44862696157794e-06	0.0060118252987106	0.00167124828189429
SP.POP.6569.MA.5Y	9.42924396983291e-06	0.000266673092288284	0.000328001999250281
DT.ODA.ODAT.KD	9.3007172650716e-06	0.000169554131405333	0.00015619142821442
DC.DAC.CANL.CD_avg2	9.28918719213646e-06	0.000166762512257412	0.000281144570785955
SH.DYN.NMRT	9.21433362216828e-06	0.00052423669051493	0.000249906285143071
SP.POP.3539.FE.5Y	9.17545265059756e-06	8.81563941448874e-05	0.000203048856678745
AG.PRD.LVSK.XD	9.08659210943367e-06	0.000304286487123436	0.000656003998500562
SE.PRM.ENRR.MA_delta1	9.07987532956192e-06	0.000400523884064938	0.00143696113957266
NY.GDP.FRST.RT.ZS_rank	8.94094166967139e-06	0.000132087663893756	6.24765712857678e-05
FM.AST.NFRG.CN_tend2	8.84249354984221e-06	0.00309384865251482	0.00157753342496564
AG.LND.AGRI.ZS_avg2	8.78425714039114e-06	0.000111077056622558	0.000171810571035862
EN.GHG.CO2.RT.GDP.KD	8.77928910619586e-06	0.000106522309591739	0.000452955141821817
SP.POP.4044.FE.5Y	8.72323501333769e-06	0.000923144374020546	0.000702861426964888
TG.VAL.TOTL.GD.ZS	8.72184705053039e-06	0.000771074594120615	0.000780957141072098
SP.POP.0509.MA.5Y	8.66791351493658e-06	0.000643394749934103	0.000374859427714607
AG.PRD.FOOD.XD_max2	8.65852638196749e-06	0.000124006661097142	0.000249906285143071
BX.GSR.TRAN.ZS_avg2	8.63006382877344e-06	0.000365702108377708	0.000468574284643259
IT.CEL.SETS.P2_delta1	8.61805489607628e-06	0.00103069517487731	0.000859052855179308
SP.POP.0509.MA.5Y_lag1	8.60519852246548e-06	0.000178369770819822	0.000109333999750094
FI.RES.XGLD.CD_avg2	8.4009755140864e-06	4.40781970724437e-05	0.000124953142571536
AG.PRD.CROP.XD	8.37737279851898e-06	0.000294589283767499	0.000749718855429214
SP.POP.0509.FE.5Y_delta1	8.34332055640569e-06	0.000173521169141853	0.000484193427464701
BX.TRF.CURR.CD	8.30733555659817e-06	0.000115044094359078	0.000452955141821817
TX.VAL.FOOD.ZS.UN	8.27167094616102e-06	0.000816768991752382	0.000765337998250656
AG.LND.AGRI.ZS_rank	8.2629616764403e-06	4.86329441032629e-05	4.68574284643259e-05
SP.POP.1519.MA.5Y_lag1	8.25520538591938e-06	0.000940187943555224	0.000859052855179308
DC.DAC.FRAL.CD_rank	8.2473830188383e-06	0.000134144646423804	0.000328001999250281
NY.ADJ.NNTY.PC.CD_rank	8.22140120294114e-06	0.000107110018886038	0.000171810571035862
SP.POP.2529.FE.5Y_delta1	8.21115395224967e-06	0.000549948972140523	0.000952767712107959
TX.VAL.FOOD.ZS.UN_rank	8.17021620387289e-06	0.000231410534630329	0.000265525427964513
NY.GDP.FCST.KD	8.16424374782091e-06	0.000922850519373396	0.000562289141571911
SP.RUR.TOTL.ZG_lag1	8.1635749418073e-06	0.000386859642972481	0.000562289141571911
FD.AST.PRVT.GD.ZS	8.12066809680099e-06	0.000126504425597913	0.000312382856428839
TM.VAL.MRCH.R1.ZS_lag1	8.0995235960571e-06	0.000181014462644169	0.000546669998750469
SE.PRM.ENRR_rank	8.09077463962222e-06	0.00092417286528557	0.000780957141072098
BX.KLT.DINV.CD.WD_rank	8.05970837148347e-06	7.96346093775483e-05	0.000187429713857304
SG.LAW.INDX	8.01513762700553e-06	0.00134188724620876	0.000437335999000375
SE.TER.ENRR_delta1	7.97716782249389e-06	0.00101541473322553	0.00114019742596526
SE.PRM.ENRL.FE.ZS_rank	7.95437270614748e-06	0.000248747958812157	0.000328001999250281
DC.DAC.CANL.CD_min2	7.89917231205504e-06	0.000150306652017033	0.000374859427714607
NE.CON.PRVT.KD.ZG_min2	7.89883323302847e-06	0.000418008235570341	0.000562289141571911
AG.LND.CREL.HA_tend2	7.69582498259284e-06	0.00145046653833055	0.000999625140572286
SP.POP.TOTL_delta1	7.67103714797228e-06	3.10016652742854e-05	9.37148569286517e-05
TX.VAL.SERV.CD.WT_rank	7.6140017632905e-06	9.10949406163836e-06	1.5619142821442e-05
SP.POP.1014.MA.5Y_delta1	7.59642663652296e-06	0.000378337858205142	0.000812195426714982
SH.DYN.MORT.MA	7.55501875509041e-06	0.000367465236260606	0.000249906285143071
SP.POP.1564.FE.ZS_rank	7.50978280372446e-06	8.55117023205408e-05	0.000124953142571536
NE.GDI.TOTL.CD	7.46046964860249e-06	0.000236406063631873	0.000218667999500187
SP.POP.0014.TO.ZS_lag1	7.43855809286224e-06	1.6455860240379e-05	6.24765712857678e-05
SP.POP.1519.MA.5Y	7.23933422507007e-06	0.000711128246102092	0.00079657628389354
SP.DYN.IMRT.MA.IN	7.2375180134467e-06	8.87441034391866e-05	0.000109333999750094
SP.RUR.TOTL.ZG_rank	7.18716639344249e-06	0.000112693257181881	0.00015619142821442
EN.GHG.CH4.MT.CE.AR5_ratioavg2	7.16687755269063e-06	0.00017249267787683	0.000609146570036236
NY.ADJ.DKAP.GN.ZS	7.07909278209347e-06	0.000342781445900037	0.000562289141571911
IS.AIR.DPRT_max2	7.01454011046683e-06	3.80541768058764e-05	0.00015619142821442
SP.POP.2529.FE.5Y	7.0073789147543e-06	0.000339695972104966	0.000624765712857678
SP.DYN.IMRT.MA.IN_lag1	6.96797964754777e-06	9.88820887658487e-05	6.24765712857678e-05
TX.VAL.MMTL.ZS.UN_lag1	6.95405354848412e-06	0.000149718942722734	0.000359240284893165
TX.VAL.MRCH.HI.ZS_lag1	6.90013339228988e-06	0.000915798007841805	0.000749718855429214
NV.AGR.TOTL.KD	6.87706591299169e-06	4.12865779245223e-05	0.000124953142571536
AG.LND.ARBL.HA.PC_ratioavg2	6.86116970669731e-06	0.000677041107032735	0.000812195426714982
FP.CPI.TOTL.ZG_min2	6.85473791512632e-06	0.000804867878542822	0.00185867799575159
NY.GDP.FCST.CD	6.68970037987402e-06	0.000198645741473146	0.000359240284893165
NE.CON.PRVT.ZS_avg2	6.6791610472943e-06	6.12686939306967e-05	6.24765712857678e-05
NE.CON.PRVT.KD_min2	6.67532231075144e-06	7.99284640246979e-05	0.000109333999750094
SP.POP.2024.FE.5Y_delta1	6.66901800087699e-06	0.000276517222967797	0.000546669998750469
TX.VAL.AGRI.ZS.UN	6.65973818215727e-06	0.00210223614570841	0.00164000999625141
NV.IND.TOTL.ZS	6.6596993029651e-06	0.000381864113970937	0.000374859427714607
EN.GHG.CH4.FE.MT.CE.AR5_tend2	6.58010046867224e-06	0.000391561317326875	0.000999625140572286
BM.GSR.NFSV.CD	6.56907656452851e-06	1.93944067118752e-05	0.000109333999750094
TM.VAL.MRCH.R4.ZS_lag1	6.56205935455052e-06	0.000151482070605631	0.000187429713857304
DC.DAC.TOTL.CD_rank	6.54530421127421e-06	0.000119598841389897	0.000218667999500187
DC.DAC.TOTL.CD_isNA_rank	6.52613844153822e-06	0.000110783201975409	0.000265525427964513
EN.GHG.N2O.FE.MT.CE.AR5_lag1	6.39249012459343e-06	3.86418861001756e-05	0.000124953142571536
TM.VAL.FUEL.ZS.UN	6.37609502250575e-06	0.000226415005628786	0.000780957141072098
SE.PRM.ENRR_delta1	6.28938202846206e-06	0.000279455769439293	0.000999625140572286
BX.GSR.NFSV.CD	6.26726481908727e-06	0.000120774259978496	0.000249906285143071
EN.GHG.N2O.WA.MT.CE.AR5	6.18858828814338e-06	2.14513892419226e-05	9.37148569286517e-05
EN.GHG.CH4.TR.MT.CE.AR5_ratioavg2	6.164064899675e-06	0.000263293763846064	0.000562289141571911
SP.POP.4044.FE.5Y_delta1	6.15754747096328e-06	0.000227737351540959	0.000374859427714607
SP.POP.2024.MA.5Y	6.14703911027129e-06	0.000300025594739767	0.000577908284393353
NE.CON.TOTL.KD_delta1	6.13699767443462e-06	6.08279119599723e-05	0.00015619142821442
NY.GDP.TOTL.RT.ZS_lag1	6.09788096074425e-06	0.00028151275196934	0.000265525427964513
NY.ADJ.DMIN.GN.ZS	6.08793045973294e-06	0.000216277020302124	0.000468574284643259
NY.GDP.MINR.RT.ZS	6.07855142944188e-06	0.000195119485707351	0.000562289141571911
SE.ENR.PRIM.FM.ZS_lag1	6.05297085497284e-06	0.000186891555587161	0.000499812570286143
SP.POP.0014.FE.ZS	6.00834675996792e-06	0.000131499954599457	0.000109333999750094
AG.LND.ARBL.HA.PC_ratiomax2	5.90371371575762e-06	0.000467081961644328	0.000499812570286143
BX.KLT.DINV.WD.GD.ZS_min2	5.90319682508667e-06	0.000185422282351413	0.000452955141821817
IT.CEL.SETS_delta1	5.86319821241476e-06	0.00138699393454623	0.000609146570036236
BX.GSR.TRVL.ZS_isNA_rank	5.81072438639325e-06	0.0125688978952073	0.00399850056228914
TX.VAL.MRCH.R2.ZS_lag1	5.76050847147007e-06	0.000293120010531751	0.000328001999250281
NE.IMP.GNFS.KD	5.71437974061827e-06	0.000203494343151115	0.000281144570785955
NY.ADJ.DNGY.CD_lag1	5.67104176410633e-06	0.000141784867249694	0.000187429713857304
FM.AST.DOMS.CN_ratiomax2	5.644229846037e-06	0.000725233269165274	0.000328001999250281
EN.GHG.CO2.PC.CE.AR5_rank	5.62743257715611e-06	0.000146927323574812	0.000218667999500187
SE.PRM.ENRR.MA	5.60995264390022e-06	0.000231998243924629	0.00071848056978633
BM.GSR.NFSV.CD_min2	5.56307971212714e-06	6.75865688444137e-05	0.000171810571035862
SP.POP.3539.FE.5Y_delta1	5.54605834778449e-06	0.000536578585695215	0.000687242284143446
AG.CON.FERT.ZS	5.40366853426021e-06	0.000448569118873902	0.00071848056978633
BM.GSR.TRAN.ZS_min2	5.38864772971319e-06	0.000108432364798212	0.000218667999500187
BM.GSR.NFSV.CD_max2	5.35153533969846e-06	2.98262466856869e-05	9.37148569286517e-05
EN.GHG.N2O.FE.MT.CE.AR5_max2	5.28315172105185e-06	2.86508280970884e-05	6.24765712857678e-05
NY.GNP.PCAP.CD_delta1	5.2609595067435e-06	0.000581979128679832	0.000702861426964888
SP.POP.0509.FE.5Y	5.19688910834096e-06	0.000546275789051152	0.000296763713607397
SE.SEC.ENRL_lag1	5.1793890196454e-06	0.000106816164238889	0.000312382856428839
SP.POP.3034.FE.5Y_rank	5.11474821216357e-06	0.000135613919659552	0.000203048856678745
TM.VAL.MANF.ZS.UN_delta1	5.09501776648483e-06	0.00069702322303891	0.00112457828314382
SM.POP.NETM_lag1	5.08513387423476e-06	0.000541280260049609	0.000577908284393353
NY.GSR.NFCY.CN_lag1	5.00217265076233e-06	0.000812361172045137	0.000671623141322004
AG.LND.ARBL.ZS_max2	4.98966073424933e-06	3.48217756872305e-05	0.00015619142821442
NE.EXP.GNFS.CN_lag1	4.98712491351975e-06	0.000788118163655293	0.000437335999000375
SH.IMM.MEAS	4.94849899714561e-06	0.000182189881232767	0.000406097713357491
TM.VAL.AGRI.ZS.UN_lag1	4.93753695997744e-06	0.000217011656919998	0.000374859427714607
EN.GHG.CO2.IC.MT.CE.AR5_max2	4.8918325346953e-06	6.46480223729174e-06	6.24765712857678e-05
AG.LND.CROP.ZS_tend2	4.88852462769401e-06	5.23061271926332e-05	0.000234287142321629
TM.VAL.MRCH.R3.ZS_lag1	4.88256614928892e-06	0.0004106618693916	0.000406097713357491
SP.POP.1014.FE.5Y_lag1	4.85220818734124e-06	0.000886265615803268	0.000515431713107585
IS.AIR.PSGR	4.84504262493089e-06	0.000252714996548677	0.000499812570286143
SE.SEC.ENRL.GC_lag1	4.83905822241964e-06	0.000225974223658061	0.000437335999000375
NE.RSB.GNFS.CN_lag1	4.80781648042778e-06	0.00610365487594485	0.00173372485318006
SE.SEC.ENRR_rank	4.77553417687122e-06	0.000178369770819822	0.000359240284893165
SE.SEC.ENRR.FE_rank	4.76006577813922e-06	0.000169554131405333	0.000374859427714607
NY.GDS.TOTL.ZS_delta1	4.68363120853403e-06	0.000330880332690477	0.000765337998250656
FP.CPI.TOTL.ZG_rank	4.62506606103063e-06	5.77424381649012e-05	0.000234287142321629
FP.CPI.TOTL.ZG_avg2	4.61001027461396e-06	0.000206873671593336	0.000546669998750469
DC.DAC.USAL.CD_isNA_lag1	4.5524968690298e-06	4.74575255146644e-05	1.5619142821442e-05
FD.AST.PRVT.GD.ZS_tend2	4.54248279178551e-06	0.000194090994442327	0.000609146570036236
NE.EXP.GNFS.ZS_lag1	4.50682393810748e-06	0.000328088713542556	0.000343621142071723
NY.ADJ.AEDU.GN.ZS_delta1	4.3724642695723e-06	0.000172051895906105	0.00071848056978633
NE.IMP.GNFS.CN_lag1	4.37132295770317e-06	0.000367024454289881	0.000171810571035862
TM.VAL.FUEL.ZS.UN_lag1	4.35422555617376e-06	0.000744774603200724	0.000656003998500562
SP.DYN.TO65.FE.ZS_rank	4.34776487636193e-06	0.00340988932552424	0.000859052855179308
BM.GSR.TRVL.ZS_avg2	4.31851014037276e-06	0.000129736826716559	0.000328001999250281
SE.PRM.TCHR_isNA_rank	4.22161540954268e-06	0.000527028309662852	0.00106210171185805
BX.GSR.NFSV.CD_rank	4.21421476275271e-06	3.2911720480758e-05	7.80957141072098e-05
IS.AIR.GOOD.MT.K1	4.20913208379011e-06	0.00104715103511769	0.000609146570036236
EN.GHG.CH4.FE.MT.CE.AR5	4.1706791769155e-06	6.59703682850907e-05	0.000234287142321629
SE.PRM.ENRR.MA_rank	4.16898718222702e-06	0.000438871915517964	0.000452955141821817
FS.AST.PRVT.GD.ZS	4.12901220037277e-06	0.000311338998655027	0.000359240284893165
NE.TRD.GNFS.ZS_lag1	4.12425540480268e-06	0.000294001574473199	0.000328001999250281
SE.SEC.ENRR.MA_lag1	4.11424609504406e-06	0.000449450682815351	0.000702861426964888
FI.RES.TOTL.MO	4.06729711226903e-06	0.00300583918569351	0.00151505685367987
SP.URB.TOTL.IN.ZS_delta1	4.06222823287803e-06	0.00104612254385266	0.000452955141821817
DT.ODA.ODAT.CD	4.05154352581269e-06	0.00186891555587161	0.000671623141322004
SP.POP.65UP.MA.ZS_lag1	4.02113317315845e-06	0.000116366440271251	7.80957141072098e-05
EN.GHG.CH4.TR.MT.CE.AR5_ratiomax2	3.95693863702862e-06	8.02223186718475e-05	0.000171810571035862
NY.GDP.PCAP.KD_lag1	3.92364907875348e-06	9.52089056764784e-05	7.80957141072098e-05
AG.LND.CREL.HA	3.91052165325512e-06	4.46659063667429e-05	0.000249906285143071
SE.ENR.PRIM.FM.ZS_isNA_rank	3.820631948971e-06	0.00178017145243243	0.000984005997750843
NE.CON.PRVT.KD_lag1	3.7978592057817e-06	4.18742872188215e-05	4.68574284643259e-05
IT.CEL.SETS_ratioavg2	3.79060904699441e-06	0.000789293582243892	0.000827814569536424
NY.GDP.FCST.CN_delta1	3.78444278720349e-06	0.00247102372788119	0.000984005997750843
EN.GHG.N2O.IC.MT.CE.AR5	3.76512053699677e-06	4.84860167796881e-06	4.68574284643259e-05
NY.ADJ.DRES.GN.ZS_lag1	3.75392374253513e-06	0.000221566403950817	0.000343621142071723
SE.PRM.ENRR	3.74301168414663e-06	0.000435786441722893	0.00109333999750094
AG.LND.ARBL.ZS_tend2	3.74026499408452e-06	0.000181161389967744	0.000468574284643259
EN.GHG.CO2.TR.MT.CE.AR5_tend2	3.71902160354302e-06	0.00022318260451014	0.000577908284393353
NV.AGR.TOTL.KD.ZG_lag1	3.67117446491569e-06	0.000638986930226859	0.00137448456828689
FM.AST.PRVT.GD.ZS	3.62909578596516e-06	0.000389063552826103	0.000406097713357491
SE.PRM.TCHR_delta1	3.6286671897517e-06	0.000397732264917017	0.00101524428339373
AG.LND.TOTL.K2	3.61737681560378e-06	1.43988777103316e-05	0.000109333999750094
EN.GHG.CO2.PI.MT.CE.AR5_min2	3.59115731157266e-06	7.64022082589024e-05	0.000124953142571536
NY.GDP.MKTP.CN	3.55663604067019e-06	0.000463849560525683	0.000312382856428839
NY.GDP.TOTL.RT.ZS_rank	3.54652952301522e-06	8.1397737260446e-05	0.000171810571035862
EN.GHG.CO2.PC.CE.AR5_min2	3.53861572381694e-06	0.00153318662150317	0.000499812570286143
TM.VAL.MRCH.R4.ZS_rank	3.533233021888e-06	0.000192327866559429	0.000390478570536049
TX.VAL.TRVL.ZS.WT_lag1	3.52638756291072e-06	0.000147955814839836	0.000265525427964513
BX.KLT.DINV.WD.GD.ZS_lag1	3.518025909846e-06	0.000327501004248257	0.000687242284143446
TM.VAL.MRCH.R6.ZS_lag1	3.51712985289156e-06	0.000183659154468515	0.000421716856178933
SP.POP.TOTL.FE.ZS_delta1	3.50509337418628e-06	0.000115044094359078	0.000249906285143071
SP.POP.2024.FE.5Y	3.49418759564413e-06	0.000331027260014052	0.000624765712857678
TX.VAL.FOOD.ZS.UN_delta1	3.48796610260513e-06	0.000265350746376111	0.000765337998250656
EN.GHG.N2O.FE.MT.CE.AR5	3.48786725032978e-06	0.000103877617767392	0.000249906285143071
DT.ODA.ODAT.KD_min2	3.48384450866282e-06	0.00113648284785117	0.000421716856178933
SP.POP.7074.FE.5Y	3.46890858744641e-06	0.000586974657681375	0.000390478570536049
TX.VAL.MRCH.AL.ZS_lag1	3.46443727882792e-06	0.000440781970724437	0.000437335999000375
young_population_pressure_lag1	3.46035516149127e-06	0.000164999384374514	0.000234287142321629
SP.POP.5054.MA.5Y_lag1	3.43659680237063e-06	0.00161811061452941	0.000702861426964888
SP.URB.GROW_lag1	3.4283755390378e-06	0.000285185935058711	0.000359240284893165
SE.SEC.ENRL.GC	3.28469991159856e-06	0.000215395456360675	0.000624765712857678
EG.ELC.NUCL.ZS_ratioavg2	3.25365481410791e-06	0.000160738491990845	0.000765337998250656
TM.VAL.MRCH.HI.ZS	3.24860007182436e-06	0.000125916716303614	0.000452955141821817
NV.IND.MANF.ZS_delta1	3.22670302349394e-06	0.00116204820215319	0.00178058228164438
BX.GSR.FCTY.CD_rank	3.21731825099781e-06	5.52446736641294e-05	0.000109333999750094
MS.MIL.XPND.CD_min2	3.10381205940539e-06	7.96346093775483e-05	0.000249906285143071
NY.GDP.PETR.RT.ZS	3.09218284036468e-06	7.49329350231543e-05	0.000171810571035862
FM.AST.PRVT.GD.ZS_tend2	3.0497019498693e-06	0.000237581482220472	0.000593527427214794
AG.LND.ARBL.ZS_delta1	3.04527917342411e-06	7.15536065809336e-05	0.000218667999500187
EG.ELC.PETR.ZS_min2	3.04248358935248e-06	7.58144989646031e-05	0.000203048856678745
NV.IND.MANF.KD_lag1	3.02438549917782e-06	9.10949406163836e-05	0.000187429713857304
NV.IND.MANF.KD	3.0084137764608e-06	0.000232145171248203	0.000249906285143071
NY.GNP.PCAP.CD_isNA_rank	3.00102284997754e-06	0.000360118870081865	0.000968386854929402
NV.AGR.TOTL.CN_delta1	2.9498881154997e-06	0.00702665232264182	0.00257715856553792
SP.POP.2529.FE.5Y_rank	2.94694167533055e-06	5.89178567534997e-05	0.000187429713857304
BM.GSR.CMCP.ZS	2.94438226442e-06	0.000185863064322138	0.00071848056978633
SP.POP.0014.TO_delta1	2.91298444443235e-06	0.000259032871462394	0.000343621142071723
NE.IMP.GNFS.CN	2.90168354762817e-06	0.000309869725419279	0.000406097713357491
SE.PRM.ENRR.FE_delta1	2.81478707824837e-06	0.000214807747066376	0.000687242284143446
AG.LND.AGRI.K2_rank	2.7941672376139e-06	1.93944067118752e-05	1.5619142821442e-05
BM.GSR.TOTL.CD	2.78371848490422e-06	5.17184178983339e-05	0.000249906285143071
EN.GHG.CO2.IC.MT.CE.AR5_tend2	2.77199399666564e-06	0.000304580341770586	0.000671623141322004
NY.ADJ.DNGY.CD	2.7654519535968e-06	0.000105493818326715	0.000265525427964513
SP.POP.4549.FE.5Y_lag1	2.73504842855181e-06	0.000127532916862937	0.00015619142821442
EN.GHG.ALL.PC.CE.AR5_lag1	2.7349189374623e-06	0.000337492062251344	0.000171810571035862
FS.AST.PRVT.GD.ZS_ratioavg2	2.70740742068446e-06	0.00025036415937148	0.000484193427464701
TM.VAL.MRCH.CD.WT_lag1	2.70484774788593e-06	0.000116513367594826	0.000171810571035862
BX.GSR.TRAN.ZS	2.70317359216346e-06	0.000772690794679938	0.00140572285392978
EN.GHG.N2O.IC.MT.CE.AR5_max2	2.69322671276646e-06	1.93944067118752e-05	4.68574284643259e-05
SP.POP.5054.FE.5Y_delta1	2.65292478491483e-06	0.000349687030108053	0.00064038485567912
TM.VAL.MRCH.R6.ZS	2.63521799417812e-06	0.00055567913775994	0.00071848056978633
AG.PRD.LVSK.XD_max2	2.63091708920402e-06	0.000150747433987757	0.000203048856678745
NV.SRV.TOTL.KD.ZG_lag1	2.62910777060758e-06	0.000252714996548677	0.00064038485567912
DC.DAC.USAL.CD_max2	2.62004035344389e-06	0.000117688786183425	0.000265525427964513
BX.KLT.DINV.CD.WD_ratioavg2	2.616428891413e-06	0.000222301040568691	0.000859052855179308
SP.POP.BRTH.MF_delta1	2.6038230076497e-06	0.000315746818362272	0.000421716856178933
SP.DYN.TO65.MA.ZS_lag1	2.59768455534192e-06	0.000206873671593336	0.000124953142571536
FS.AST.PRVT.GD.ZS_ratiomax2	2.59251879419102e-06	0.000119304986742748	0.000249906285143071
TM.VAL.FOOD.ZS.UN	2.57892584281543e-06	9.96167253837227e-05	0.000359240284893165
SP.POP.5559.MA.5Y	2.5675314752613e-06	0.000347042338283707	0.000249906285143071
BX.GSR.CMCP.ZS	2.55713439543797e-06	0.000376427802998669	0.000890291140822192
AG.LND.PRCP.MM_min2	2.55449317904568e-06	4.43720517195933e-05	6.24765712857678e-05
DT.ODA.ALLD.KD_min2	2.54440566442398e-06	0.0024231254203958	0.000827814569536424
NV.IND.TOTL.KD	2.5274406978723e-06	5.62731649291531e-05	7.80957141072098e-05
SP.DYN.TO65.MA.ZS	2.52409627537093e-06	0.000268142365524032	0.000374859427714607
SE.PRM.ENRR.FE	2.52340868971536e-06	0.000261089853992441	0.000765337998250656
BM.GSR.INSF.ZS_avg2	2.50641003253925e-06	0.000197323395560973	0.000390478570536049
DT.NFL.UNDP.CD	2.49760408571142e-06	0.00022714964224666	0.000562289141571911
DC.DAC.USAL.CD	2.48700392044454e-06	0.00022685578759951	0.000577908284393353
BM.GSR.INSF.ZS_max2	2.48306757849257e-06	0.000248160249517858	0.000296763713607397
NY.ADJ.DNGY.CD_delta1	2.47813394176772e-06	7.3610589110981e-05	0.000296763713607397
NE.EXP.GNFS.CD_lag1	2.46635473979372e-06	8.15446645840208e-05	7.80957141072098e-05
TM.VAL.MRCH.RS.ZS_lag1	2.4583108429067e-06	5.42161823991058e-05	0.000203048856678745
NY.ADJ.DMIN.GN.ZS_lag1	2.45522662112219e-06	0.000135907774306701	0.000406097713357491
BX.GRT.TECH.CD.WD	2.44418808102579e-06	0.000221566403950817	0.000749718855429214
EN.GHG.ALL.PC.CE.AR5_avg2	2.43740256008618e-06	0.0012150889659637	0.000390478570536049
AG.PRD.LVSK.XD_lag1	2.40669081733414e-06	0.00028974068208953	0.000343621142071723
SH.DTH.IMRT_delta1	2.39416993510462e-06	0.000157359163548624	0.000328001999250281
NV.IND.MANF.KD_isNA_rank	2.37183334928733e-06	0.00134541350197456	0.00137448456828689
TX.VAL.MRCH.R1.ZS_lag1	2.36578916485485e-06	0.000333818879161974	0.000546669998750469
SE.PRM.ENRR_isNA_rank	2.3570553956352e-06	0.000261089853992441	0.000593527427214794
NV.AGR.TOTL.ZS_delta1	2.32180580718294e-06	0.00102819741037654	0.000859052855179308
AG.YLD.CREL.KG_max2	2.32026965999339e-06	6.17094759014212e-05	0.00015619142821442
NY.ADJ.DMIN.CD_isNA_rank	2.3175120834893e-06	0.0010569951657972	0.00153067599650131
BG.GSR.NFSV.GD.ZS_ratioavg2	2.30416808842862e-06	0.000228471988158833	0.000780957141072098
TX.VAL.MRCH.R3.ZS_rank	2.29182333258375e-06	0.000987939323717038	0.000484193427464701
EN.GHG.CO2.IP.MT.CE.AR5_tend2	2.28596102616847e-06	0.000311045144007878	0.000937148569286517
NY.GDP.PCAP.KD.ZG_delta1	2.27362385864518e-06	0.000272990967202001	0.000749718855429214
EN.GHG.CO2.FE.MT.CE.AR5	2.27184543008911e-06	4.21681418659711e-05	0.000109333999750094
NY.GDP.MINR.RT.ZS_lag1	2.24482618908045e-06	9.22703592049821e-05	0.000187429713857304
SE.SEC.ENRR.FE	2.23337344738092e-06	0.000304874196417736	0.00064038485567912
TX.VAL.MRCH.HI.ZS	2.20621203241904e-06	0.000617976322955661	0.000656003998500562
SP.POP.65UP.TO.ZS	2.18870574099329e-06	0.000168672567463885	7.80957141072098e-05
NV.SRV.TOTL.ZS_lag1	2.16501176848914e-06	0.000141637939926119	0.000234287142321629
EG.ELC.FOSL.ZS_min2	2.16144566315316e-06	6.56765136379411e-05	0.000140572285392978
NV.AGR.TOTL.KD.ZG_delta1	2.14668229947299e-06	0.000791791346744664	0.0015619142821442
SM.POP.RHCR.EA_rank	2.14415040091982e-06	0.00115749345512237	0.000968386854929402
FP.CPI.TOTL_tend2	2.12870290547309e-06	0.000253890415137276	0.000734099712607772
FI.RES.TOTL.CD_avg2	2.11984373260167e-06	7.77245541710757e-05	0.000124953142571536
TX.VAL.MRCH.HI.ZS_delta1	2.11324176688458e-06	0.000296793193621121	0.00087467199800075
TX.VAL.TRVL.ZS.WT_isNA_rank	2.109815911084e-06	0.000107844655503912	0.000452955141821817
DC.DAC.TOTL.CD_avg2	2.07757531276135e-06	0.000210253000035556	0.000203048856678745
AG.LND.CREL.HA_delta1	2.07677750666403e-06	0.000795317602510459	0.000468574284643259
DC.DAC.DEUL.CD_avg2	2.06998198985952e-06	7.1994388551658e-05	0.000171810571035862
SP.POP.1014.FE.5Y_delta1	2.0562278954858e-06	0.000590941695417895	0.000765337998250656
SP.POP.3539.MA.5Y_rank	2.02313987968172e-06	0.00013282230051163	0.000109333999750094
EG.USE.ELEC.KH.PC_tend2	2.01816335809864e-06	0.000501903737331559	0.000780957141072098
NE.EXP.GNFS.KD.ZG	2.01335461786191e-06	0.000525559036427104	0.00142134199675122
TM.VAL.MRCH.OR.ZS_rank	1.99794805078477e-06	6.61172956086655e-05	0.000187429713857304
NY.ADJ.DMIN.CD	1.99327574671717e-06	8.00753913482727e-05	0.000187429713857304
SP.POP.0014.MA.ZS	1.99216708448462e-06	3.58502669522542e-05	9.37148569286517e-05
SE.PRM.ENRR.FE_rank	1.98607218435767e-06	0.00103216444811306	0.000780957141072098
TX.VAL.MRCH.R6.ZS_delta1	1.97989406930943e-06	0.000284892080411561	0.000968386854929402
BM.GSR.INSF.ZS	1.9708470451435e-06	0.000242577011222015	0.000687242284143446
IT.CEL.SETS_max2	1.96711911094711e-06	3.93765227180497e-05	4.68574284643259e-05
year_cycle	1.95880243571653e-06	0.000118864204772023	0.000281144570785955
BX.GSR.CMCP.ZS_lag1	1.94906520911977e-06	0.000481040057383936	0.000702861426964888
BM.GSR.CMCP.ZS_ratioavg2	1.94291682717456e-06	0.000580950637414808	0.000890291140822192
DT.ODA.ODAT.GN.ZS_isNA_rank	1.92278130693392e-06	0.00228633608214765	0.0019367737098588
EN.GHG.N2O.IP.MT.CE.AR5_delta1	1.92012934477585e-06	0.000323240111864587	0.000546669998750469
TG.VAL.TOTL.GD.ZS_lag1	1.91667295968277e-06	0.000188360828822909	0.000281144570785955
SE.SEC.ENRR	1.91458412823017e-06	0.000428587002867728	0.000765337998250656
FS.AST.PRVT.GD.ZS_tend2	1.8657240302898e-06	0.000570078015470272	0.000780957141072098
EG.USE.ELEC.KH.PC	1.85337326575951e-06	0.000359237306140416	0.000499812570286143
AG.LND.CREL.HA_ratioavg2	1.84541461785487e-06	0.00464114029708117	0.00285830313632388
FM.AST.PRVT.GD.ZS_delta1	1.82857271415357e-06	7.50798623467291e-05	0.000140572285392978
EN.GHG.N2O.IP.MT.CE.AR5_max2	1.82760302564367e-06	2.55653543020173e-05	6.24765712857678e-05
DT.ODA.ALLD.CD	1.82745998320684e-06	0.000798550003629105	0.000734099712607772
BX.GSR.NFSV.CD_ratioavg2	1.82139283100951e-06	0.00187302952093171	0.00120267399725103
FM.LBL.BMNY.GD.ZS_tend2	1.81897430919686e-06	0.000336316643662745	0.000890291140822192
EN.GHG.CH4.FE.MT.CE.AR5_delta1	1.80804471859056e-06	0.000358061887551818	0.000656003998500562
BM.GSR.MRCH.CD_ratioavg2	1.8044736968024e-06	0.000148249669486986	0.000343621142071723
TX.VAL.MRCH.R4.ZS_lag1	1.79221103725483e-06	0.00011754185885985	0.000296763713607397
TM.VAL.MRCH.R4.ZS_delta1	1.78857179274871e-06	0.000894787400570607	0.00149943771085843
AG.SRF.TOTL.K2_min2	1.77255209173662e-06	5.28938364869324e-06	4.68574284643259e-05
BX.GSR.GNFS.CD_lag1	1.74810969169595e-06	7.03781879923351e-05	0.000109333999750094
EG.ELC.COAL.ZS_tend2	1.74740105784837e-06	0.000360706579376164	0.00079657628389354
SP.POP.4044.MA.5Y_rank	1.74698851226818e-06	3.20301565393091e-05	6.24765712857678e-05
DC.DAC.CECL.CD_max2	1.74305479434177e-06	0.00101291696872476	0.000827814569536424
AG.LND.ARBL.ZS	1.71946077046144e-06	9.52089056764784e-05	0.000249906285143071
ER.FSH.CAPT.MT	1.71644682946311e-06	5.49508190169798e-05	0.000203048856678745
BM.GSR.NFSV.CD_isNA_rank	1.70864635751656e-06	0.000202612779209666	0.000515431713107585
AG.YLD.CREL.KG_tend2	1.70729833957047e-06	0.00218539701085176	0.0012651505685368
TX.VAL.MANF.ZS.UN	1.69121522833879e-06	0.00149175311625507	0.000765337998250656
NE.IMP.GNFS.CD_lag1	1.68863229085094e-06	6.39133857550434e-05	6.24765712857678e-05
FM.LBL.BMNY.GD.ZS	1.68524681645591e-06	0.000554650646494916	0.00064038485567912
FS.AST.PRVT.GD.ZS_avg2	1.66769322378445e-06	4.37843424252941e-05	0.000109333999750094
consumption_vs_income	1.65814760650202e-06	0.000601961244686006	0.000937148569286517
DC.DAC.CECL.CD_tend2	1.64667766786602e-06	0.000754177951909512	0.0012651505685368
DC.DAC.JPNL.CD	1.63435910085691e-06	0.00038774120691393	0.000687242284143446
SP.POP.4044.MA.5Y_lag1	1.62682942095851e-06	0.000568314887587374	0.000234287142321629
NE.CON.TOTL.KD.ZG_lag1	1.61725492163562e-06	0.000123125097155693	0.000328001999250281
SP.POP.65UP.FE.ZS	1.60844348675968e-06	0.000360853506699739	0.000203048856678745
EN.URB.LCTY.UR.ZS_ratioavg2	1.60755321939308e-06	0.00030164179529909	0.000624765712857678
TX.VAL.MRCH.WL.CD	1.60748972632396e-06	2.67407728906158e-05	9.37148569286517e-05
NY.GDP.MKTP.CN_delta1	1.58939673462923e-06	0.00154846706315495	0.000624765712857678
FP.CPI.TOTL.ZG_ratiomax2	1.58730077303001e-06	0.00015265748919423	0.000328001999250281
DC.DAC.USAL.CD_ratioavg2	1.58125321057035e-06	0.00542558527764709	0.00198363113832313
EN.GHG.CH4.PI.MT.CE.AR5_lag1	1.57804037385855e-06	8.71279028798637e-05	0.000171810571035862
BM.GSR.FCTY.CD_isNA_rank	1.57222996242394e-06	0.000233614444483952	0.000609146570036236
SP.POP.1519.MA.5Y_rank	1.55600448409089e-06	0.000114015603094054	0.00015619142821442
TM.VAL.FOOD.ZS.UN_delta1	1.55096894485025e-06	0.000373048474556448	0.00118705485442959
NE.CON.PRVT.PC.KD_delta1	1.5440002033557e-06	0.000238022264191196	0.000374859427714607
SE.PRM.ENRL.FE.ZS_lag1	1.53745139500074e-06	0.000579775218826209	0.000999625140572286
SP.POP.7074.MA.5Y	1.52980599013253e-06	9.88820887658487e-05	0.000109333999750094
NE.CON.PRVT.PC.KD_tend2	1.52320906353725e-06	0.000340283681399265	0.000546669998750469
NV.IND.TOTL.ZS_delta1	1.50683790530249e-06	0.000271815548613403	0.00064038485567912
DC.DAC.JPNL.CD_max2	1.50676930476661e-06	0.000147368105545537	0.000281144570785955
SP.DYN.TFRT.IN	1.49044527388853e-06	0.00666139099623484	0.00212420342371611
NY.GDS.TOTL.CD_lag1	1.48679348651693e-06	0.000229059697453132	0.000203048856678745
DC.DAC.CECL.CD_min2	1.48322373917164e-06	0.0014484095558005	0.000780957141072098
SP.POP.2529.MA.5Y_rank	1.47067625427055e-06	7.11128246102092e-05	0.000218667999500187
NY.GSR.NFCY.CD	1.46856596559056e-06	0.000643688604581253	0.000890291140822192
ER.FSH.PROD.MT_ratioavg2	1.45791263422094e-06	0.000592410968653643	0.000968386854929402
TM.VAL.MRCH.WL.CD_lag1	1.45660006835967e-06	0.000115631803653377	7.80957141072098e-05
SP.URB.TOTL.IN.ZS_lag1	1.45404870708081e-06	0.0073219762430272	0.00192115456703736
FM.AST.NFRG.CN_rank	1.45227766528344e-06	0.000139287102748922	0.000140572285392978
EG.USE.ELEC.KH.PC_ratioavg2	1.41186346971323e-06	8.34547197904934e-05	0.000312382856428839
EN.GHG.CH4.AG.MT.CE.AR5_tend2	1.39640679508797e-06	0.000295176993061798	0.00087467199800075
EN.URB.LCTY.UR.ZS	1.39006145158984e-06	5.45100370462554e-05	0.000171810571035862
NY.ADJ.DNGY.GN.ZS_delta1	1.38537146297956e-06	0.000194972558383776	0.000562289141571911
EN.GHG.CO2.MT.CE.AR5	1.37281021605512e-06	7.56675716410283e-05	0.000140572285392978
BM.GSR.INSF.ZS_lag1	1.37006540449003e-06	0.000117982640830574	0.000374859427714607
IS.AIR.DPRT_tend2	1.35291228590362e-06	0.00220508527221078	0.0010777208546795
NV.IND.TOTL.KD.ZG_lag1	1.3506653370658e-06	0.000300025594739767	0.000671623141322004
SP.POP.65UP.TO_delta1	1.34672527819426e-06	0.000160003855372971	0.000171810571035862
IT.MLT.MAIN.P2_max2	1.34157754849914e-06	0.000215689311007825	0.000390478570536049
YearsSinceFirst_rank	1.33488858809439e-06	0.000253743487813701	0.000609146570036236
FP.CPI.TOTL.ZG_ratioavg2	1.32344375816527e-06	0.000769164538914142	0.00128076971135824
SE.SEC.ENRL.GC_delta1	1.32068871875768e-06	0.00112208397014084	0.000937148569286517
AG.YLD.CREL.KG	1.31999782944303e-06	0.00074345225728855	0.000656003998500562
EN.GHG.N2O.AG.MT.CE.AR5_tend2	1.31175377309886e-06	0.0003715792013207	0.000780957141072098
SP.DYN.CDRT.IN	1.31095149778666e-06	0.000405078631095758	0.000562289141571911
MS.MIL.MPRT.KD_min2	1.31015412372449e-06	0.000232585953218928	0.000265525427964513
NY.ADJ.DKAP.GN.ZS_lag1	1.30012460157364e-06	5.87709294299249e-05	0.000203048856678745
NE.IMP.GNFS.KD.ZG	1.29747297167373e-06	0.00020364127047469	0.000702861426964888
SM.POP.RHCR.EA	1.29258470540492e-06	0.00142534196599925	0.00115581656878671
NY.ADJ.AEDU.GN.ZS_lag1	1.2921169605473e-06	0.000142666431191143	0.000249906285143071
SP.POP.3034.FE.5Y	1.28603981829331e-06	0.000221860258597967	0.000452955141821817
TX.VAL.MRCH.R6.ZS_rank	1.28517158112928e-06	8.36016471140682e-05	0.000171810571035862
FM.LBL.BMNY.GD.ZS_delta1	1.28106296556824e-06	0.000337932844222068	0.000734099712607772
NY.ADJ.AEDU.GN.ZS_isNA_rank	1.27852099513036e-06	0.000494116589182094	0.0012651505685368
TX.VAL.OTHR.ZS.WT_isNA_rank	1.26671504084983e-06	0.000218774784802896	0.000499812570286143
BX.TRF.CURR.CD_tend2	1.26584127681736e-06	0.000295030065738223	0.000827814569536424
NE.EXP.GNFS.KD.ZG_lag1	1.26083012363688e-06	0.000166174802963113	0.000531050855929027
NY.GDP.TOTL.RT.ZS	1.25816385426251e-06	0.00256270637779188	0.000843433712357866
SH.DYN.NMRT_rank	1.25498302686606e-06	0.000129002190098685	0.000140572285392978
BX.PEF.TOTL.CD.WD_ratioavg2	1.25447695130831e-06	0.000413306561215947	0.00087467199800075
IT.MLT.MAIN.P2_lag1	1.25324148238977e-06	7.99284640246979e-05	0.000140572285392978
DC.DAC.JPNL.CD_isNA_rank	1.2457635761565e-06	0.000389210480149678	0.000687242284143446
FD.AST.PRVT.GD.ZS_lag1	1.24011955259588e-06	0.000125329007009315	0.000203048856678745
EN.GHG.N2O.FE.MT.CE.AR5_avg2	1.2383472842793e-06	2.93854647149625e-05	6.24765712857678e-05
BM.GSR.TRVL.ZS_max2	1.23510211482062e-06	5.53916009877043e-05	0.000218667999500187
NY.ADJ.DNGY.GN.ZS_lag1	1.23471762965982e-06	8.22793012018949e-05	0.000265525427964513
AG.PRD.FOOD.XD_lag1	1.22842162759177e-06	7.44921530524298e-05	0.000265525427964513
TM.VAL.MRCH.AL.ZS_delta1	1.22527820201338e-06	0.00360897584896811	0.00187429713857304
BX.GSR.FCTY.CD_tend2	1.22476931719079e-06	0.000409780305450152	0.000984005997750843
EN.GHG.CO2.FE.MT.CE.AR5_min2	1.21361393222101e-06	2.08636799476233e-05	0.000124953142571536
NV.SRV.TOTL.KD_isNA_rank	1.21070296211461e-06	0.000383333387206685	0.000984005997750843
MS.MIL.XPND.GD.ZS_lag1	1.20992479371992e-06	0.000496467426359291	0.000484193427464701
ER.FSH.CAPT.MT_delta1	1.20711148466623e-06	0.000301935649946239	0.000546669998750469
DT.ODA.ALLD.CD_ratiomax2	1.200012051527e-06	0.00207637693675925	0.000562289141571911
BX.GSR.MRCH.CD	1.19241496778864e-06	6.40603130786182e-05	0.000171810571035862
ER.FSH.CAPT.MT_tend2	1.18804703284364e-06	0.000626645035046575	0.000905910283643634
NY.GDP.MKTP.KN_isNA_rank	1.16693032742487e-06	0.000311338998655027	0.000671623141322004
TX.VAL.MRCH.R1.ZS_delta1	1.16018929095539e-06	0.00061856403224996	0.00157753342496564
NY.GNP.PCAP.CD_lag1	1.15696754857884e-06	0.000200555796679619	0.00015619142821442
BX.TRF.PWKR.CD.DT_max2	1.15509258415899e-06	9.0801085969234e-05	0.000171810571035862
IT.MLT.MAIN_lag1	1.15455108059697e-06	6.7292714197264e-05	0.000109333999750094
SE.SEC.ENRR.MA_isNA_rank	1.15430265329386e-06	0.000666315412411774	0.000687242284143446
TM.VAL.MRCH.OR.ZS_lag1	1.14578437063269e-06	0.000173227314494704	0.000234287142321629
AG.LND.ARBL.HA_tend2	1.14064768240753e-06	0.000222447967892266	0.000515431713107585
NY.GDS.TOTL.CD_isNA_rank	1.13031590130743e-06	0.000950913638176185	0.000827814569536424
neonatal_risk_indicator_lag1	1.12814303491174e-06	0.000445042863108106	0.000265525427964513
FM.AST.DOMS.CN_ratioavg2	1.12576092472555e-06	0.000852031549410337	0.00124953142571536
NE.IMP.GNFS.KD_isNA_rank	1.12380246134051e-06	0.000143694922456166	0.000468574284643259
TM.VAL.TRAN.ZS.WT	1.11864142853353e-06	7.91938274068238e-05	0.000281144570785955
SP.POP.6064.FE.5Y_lag1	1.11624478646541e-06	0.000116072585624102	0.00015619142821442
DT.ODA.ODAT.CD_ratiomax2	1.10490569545658e-06	0.00128752413648608	0.000359240284893165
NY.ADJ.DMIN.CD_rank	1.09472342364704e-06	5.75955108413264e-05	0.00015619142821442
SP.POP.4044.FE.5Y_lag1	1.09451757310183e-06	0.000238609973485495	0.000234287142321629
BX.GRT.TECH.CD.WD_tend2	1.06828790804703e-06	0.0001954133403545	0.000656003998500562
EN.GHG.ALL.PC.CE.AR5_ratioavg2	1.06207800872029e-06	0.000326619440306808	0.000593527427214794
EN.GHG.CO2.IP.MT.CE.AR5	1.06148252953167e-06	6.61172956086655e-05	9.37148569286517e-05
IS.AIR.GOOD.MT.K1_avg2	1.05805250327664e-06	0.000221860258597967	0.000281144570785955
NE.RSB.GNFS.CN_rank	1.04597458661581e-06	0.000182336808556342	0.000203048856678745
TX.VAL.AGRI.ZS.UN_isNA_rank	1.04246491913477e-06	0.00107609571786193	0.00117143571160815
EG.ELC.HYRO.ZS_ratioavg2	1.04161946323394e-06	0.000196441831619524	0.000609146570036236
AG.LND.AGRI.ZS_max2	1.03900425246316e-06	0.000104171472414542	0.000124953142571536
NE.CON.PRVT.ZS_tend2	1.03593328607957e-06	0.000115484876329802	0.000437335999000375
neonatal_risk_indicator_rank	1.03399601353281e-06	0.000145164195691915	0.000234287142321629
SP.POP.0014.TO.ZS	1.02343232573203e-06	7.88999727596742e-05	0.000109333999750094
NY.ADJ.DKAP.CD_lag1	1.02228168476888e-06	1.4105023063182e-05	1.5619142821442e-05
DC.DAC.CECL.CD_lag1	1.01599935347969e-06	0.000914769516576781	0.000765337998250656
NE.CON.PRVT.KD.ZG_ratioavg2	1.01488993044365e-06	0.000432994822574972	0.00115581656878671
EN.GHG.CO2.MT.CE.AR5_rank	1.00760910176631e-06	2.60061362727418e-05	3.12382856428839e-05
EN.GHG.CH4.BU.MT.CE.AR5_ratiomax2	1.00136641379974e-06	2.01290433297493e-05	6.24765712857678e-05
NV.IND.MANF.KD_delta1	9.96504190038751e-07	0.000323533966511737	0.000531050855929027
TX.VAL.TRAN.ZS.WT	9.89424909480942e-07	0.000529232219516474	0.000812195426714982
TX.VAL.MMTL.ZS.UN_delta1	9.89059393422065e-07	0.000598141134273061	0.000921529426465076
EG.ELC.PETR.ZS_rank	9.87185870357242e-07	6.56765136379411e-05	0.000140572285392978
TX.VAL.MRCH.R2.ZS_delta1	9.8484585984354e-07	0.000496467426359291	0.00115581656878671
TX.VAL.MRCH.AL.ZS	9.82889974499395e-07	0.00107095326153681	0.000812195426714982
EG.ELC.PETR.ZS	9.82832239504482e-07	0.000116219512947677	0.000359240284893165
DC.DAC.GBRL.CD	9.80174045527731e-07	0.000535256239783041	0.00109333999750094
SP.POP.7579.FE.5Y_delta1	9.74982263044548e-07	0.00173168543565274	0.00106210171185805
NY.GSR.NFCY.CD_rank	9.7368292942836e-07	0.000224945732393038	0.000452955141821817
EG.USE.PCAP.KG.OE_ratioavg2	9.71930254239496e-07	0.000322505475246713	0.000765337998250656
FD.AST.PRVT.GD.ZS_max2	9.70360028995817e-07	0.000168378712816735	0.000281144570785955
EN.GHG.N2O.BU.MT.CE.AR5_delta1	9.66637013146604e-07	0.000193650212471603	0.000343621142071723
DC.DAC.DEUL.CD_lag1	9.65626662387212e-07	0.000161326201285144	0.000218667999500187
TM.VAL.FUEL.ZS.UN_delta1	9.63522031196422e-07	0.00274989178802619	0.00146819942521554
BM.GSR.FCTY.CD_tend2	9.57654350859712e-07	0.00020393512512184	0.000593527427214794
EN.GHG.CO2.FE.MT.CE.AR5_ratioavg2	9.56595117164687e-07	0.000339695972104966	0.00064038485567912
IS.AIR.GOOD.MT.K1_lag1	9.44948162530926e-07	0.00218304617367456	0.000609146570036236
TM.VAL.MRCH.AL.ZS_rank	9.4222986985335e-07	9.09480132928088e-05	0.000203048856678745
BM.KLT.DINV.CD.WD_min2	9.38048152869493e-07	0.000236993772926172	0.000577908284393353
BX.TRF.PWKR.CD.DT_tend2	9.37748375764288e-07	0.000752414824026614	0.00114019742596526
EN.GHG.N2O.WA.MT.CE.AR5_tend2	9.36452061171511e-07	0.000225386514363762	0.000406097713357491
ER.FSH.PROD.MT	9.34609750843873e-07	3.23240111864587e-05	9.37148569286517e-05
NE.CON.TOTL.KD.ZG_tend2	9.27231180918672e-07	0.000290328391383829	0.000749718855429214
FP.CPI.TOTL.ZG_max2	9.26245682682126e-07	0.000213191546507053	0.000468574284643259
FM.AST.PRVT.GD.ZS_ratioavg2	9.16836317442646e-07	0.000264028400463938	0.000562289141571911
MS.MIL.MPRT.KD	9.15953245521793e-07	0.000658822118909458	0.0010777208546795
TM.VAL.OTHR.ZS.WT_delta1	9.15765887077333e-07	0.0011917275215153	0.00154629513932275
SP.DYN.CBRT.IN	9.14732950287846e-07	0.000270640130024804	0.000281144570785955
BX.PEF.TOTL.CD.WD_avg2	9.10511609790746e-07	0.000308400452183531	0.000421716856178933
BX.KLT.DINV.WD.GD.ZS_ratioavg2	9.09939447932419e-07	0.000395234500416245	0.000765337998250656
NE.CON.PRVT.ZS	9.08305722687668e-07	0.000183953009115665	0.000437335999000375
TM.VAL.MRCH.R6.ZS_delta1	9.03755057693586e-07	0.000444749008460957	0.00110895914032238
DC.DAC.DEUL.CD	8.95180340199348e-07	0.000426383093014105	0.000671623141322004
SE.SEC.ENRL.GC_rank	8.90189098504564e-07	7.72837722003513e-05	0.000265525427964513
TX.VAL.SERV.CD.WT_isNA_rank	8.89450737425912e-07	0.00179177871099484	0.0012651505685368
FI.RES.TOTL.MO_tend2	8.85058810858412e-07	0.000501169100713685	0.000968386854929402
DT.ODA.ODAT.GN.ZS_max2	8.80758882146856e-07	0.000574045053206792	0.000312382856428839
EG.ELC.COAL.ZS_delta1	8.78707138808192e-07	0.00017645971561335	0.000390478570536049
SP.DYN.AMRT.FE_isNA_rank	8.78573628041972e-07	0.000214807747066376	0.000484193427464701
NE.IMP.GNFS.KD.ZG_delta1	8.78136288620905e-07	0.000315306036391547	0.000984005997750843
DC.DAC.JPNL.CD_ratiomax2	8.75096873073721e-07	0.000130618390658008	0.000359240284893165
DC.DAC.CECL.CD_delta1	8.74942088327606e-07	0.00032456245777676	0.000749718855429214
TM.VAL.SERV.CD.WT_isNA_rank	8.688874657705e-07	0.000419036726835365	0.000999625140572286
NE.RSB.GNFS.ZS_isNA_rank	8.67466746305202e-07	0.00019996808738532	0.000406097713357491
BM.GSR.MRCH.CD_lag1	8.66892170230677e-07	7.14066792573588e-05	7.80957141072098e-05
NE.CON.GOVT.CD	8.65210529879644e-07	0.000108285437474637	0.000406097713357491
NE.CON.GOVT.ZS_tend2	8.59638082874223e-07	0.000151922852576356	0.000515431713107585
FD.AST.PRVT.GD.ZS_isNA_rank	8.58289223220218e-07	0.000323387039188162	0.000921529426465076
NY.GDP.PCAP.CD_rank	8.56986734469814e-07	0.000137523974866024	0.00015619142821442
NE.CON.PRVT.KD.ZG	8.50563900301775e-07	0.000306490396977058	0.000765337998250656
EG.ELC.NUCL.ZS_ratiomax2	8.49829633987533e-07	2.54184269784425e-05	0.000171810571035862
SP.POP.1519.FE.5Y	8.34847559140568e-07	0.00014472341372119	0.000265525427964513
NV.IND.TOTL.CN_delta1	8.33347426529543e-07	0.00168510947407952	0.000827814569536424
SP.POP.5054.MA.5Y_delta1	8.32590618008545e-07	0.00010564074565029	0.000312382856428839
SP.DYN.TFRT.IN_rank	8.25613929804131e-07	0.000334700443103422	0.000171810571035862
AG.PRD.CROP.XD_lag1	8.25504825498014e-07	0.000393324445209773	0.000421716856178933
IT.MLT.MAIN.P2_isNA_rank	8.19409973692889e-07	0.00125402470671102	0.0012651505685368
DC.DAC.CECL.CD_avg2	8.11635871057048e-07	0.000185569209674988	0.000328001999250281
SP.ADO.TFRT_rank	8.081941762908e-07	5.7154728870602e-05	6.24765712857678e-05
BM.KLT.DINV.CD.WD	8.05509963027199e-07	0.000523942835867781	0.000890291140822192
SP.POP.7579.MA.5Y	8.03236904954985e-07	0.00060298973595103	0.000359240284893165
FI.RES.TOTL.MO_isNA_rank	8.03093205840084e-07	0.0003324965332498	0.00064038485567912
SP.POP.4549.FE.5Y	7.95442673609555e-07	0.000108138510151062	0.000140572285392978
EN.GHG.CO2.IC.MT.CE.AR5_delta1	7.94689465100545e-07	0.000178516698143397	0.000343621142071723
SP.POP.BRTH.MF	7.93523292590401e-07	7.28759524931069e-05	0.00015619142821442
FD.AST.PRVT.GD.ZS_ratiomax2	7.87830993186289e-07	2.99731740092617e-05	7.80957141072098e-05
EN.GHG.CO2.IC.MT.CE.AR5_ratioavg2	7.85667725653658e-07	0.000274460240437749	0.000921529426465076
TM.VAL.AGRI.ZS.UN_rank	7.8560740721726e-07	3.58502669522542e-05	7.80957141072098e-05
BX.TRF.PWKR.DT.GD.ZS_isNA_rank	7.85309496557336e-07	0.00089273041804056	0.00109333999750094
ER.FSH.CAPT.MT_ratioavg2	7.75032772114516e-07	0.000471342854027998	0.000843433712357866
SP.POP.1564.TO.ZS_rank	7.74561406314654e-07	0.00013737704754245	9.37148569286517e-05
AG.PRD.LVSK.XD_ratioavg2	7.73089176911772e-07	0.000155596035665726	0.000452955141821817
EN.GHG.N2O.MT.CE.AR5_tend2	7.64893586041593e-07	0.00041462890712812	0.000812195426714982
FP.CPI.TOTL.ZG_isNA_rank	7.61031309308629e-07	0.000252274214577953	0.000624765712857678
SE.PRM.ENRL	7.60476884671353e-07	0.000145164195691915	0.000421716856178933
BX.TRF.PWKR.CD.DT_min2	7.57563010582903e-07	0.000162354692550168	0.000328001999250281
IS.AIR.GOOD.MT.K1_min2	7.56694168076059e-07	0.000627820453635173	0.000249906285143071
BM.TRF.PWKR.CD.DT_tend2	7.56603154221854e-07	0.00101203540478331	0.00139010371110833
NV.IND.MANF.CD_lag1	7.55595298574991e-07	0.000219068639450045	0.000281144570785955
NE.RSB.GNFS.CD_delta1	7.54416865799224e-07	0.000434611023134295	0.000937148569286517
NV.IND.TOTL.CD_isNA_rank	7.49982243454498e-07	0.000280337333380742	0.000515431713107585
BX.GSR.CMCP.ZS_max2	7.49584997452015e-07	0.000229500479423857	0.000531050855929027
FP.CPI.TOTL.ZG_lag1	7.48392101545985e-07	0.00034439764645936	0.000780957141072098
FM.LBL.BMNY.GD.ZS_ratioavg2	7.47690166128729e-07	0.000298997103474743	0.000749718855429214
SE.ENR.PRIM.FM.ZS_rank	7.42947199427324e-07	3.34994297750572e-05	0.000124953142571536
BM.GSR.NFSV.CD_tend2	7.35469911075662e-07	0.00014075637598467	0.000296763713607397
EN.GHG.CH4.FE.MT.CE.AR5_ratioavg2	7.32043919340805e-07	0.000366877526966306	0.000937148569286517
EN.GHG.CH4.TR.MT.CE.AR5_rank	7.23570829509685e-07	1.13134039152605e-05	3.12382856428839e-05
NE.CON.TOTL.KD.ZG_delta1	7.22608259929331e-07	0.000171170331964656	0.000390478570536049
SP.POP.1519.FE.5Y_lag1	7.21093021613946e-07	0.000382451823265236	0.000359240284893165
DT.ODA.ODAT.GN.ZS_lag1	7.19235707697226e-07	0.000415657398393144	0.000234287142321629
TX.VAL.MRCH.CD.WT_lag1	7.17800992534531e-07	2.79161914792143e-05	6.24765712857678e-05
EG.ELC.NUCL.ZS_tend2	7.17065230421826e-07	0.000582126056003406	0.00064038485567912
NY.GNP.PCAP.CN_isNA_rank	7.13859376413672e-07	0.00025036415937148	0.00064038485567912
SH.IMM.IDPT_delta1	7.13249629459397e-07	0.000252714996548677	0.000593527427214794
NY.ADJ.DNGY.CD_isNA_rank	7.09688956359523e-07	0.00054377802455038	0.00110895914032238
ER.FSH.PROD.MT_tend2	7.05594161444307e-07	0.000302082577269814	0.000484193427464701
EG.USE.ELEC.KH.PC_delta1	7.03155766433779e-07	0.000215395456360675	0.000343621142071723
TX.VAL.MRCH.R1.ZS	7.01675448825956e-07	0.000476632237676691	0.000921529426465076
SE.PRM.ENRR.MA_lag1	7.00518706366701e-07	0.000346748483636557	0.00079657628389354
TM.VAL.FOOD.ZS.UN_lag1	6.92256219663105e-07	0.000163383183815191	0.000390478570536049
IT.MLT.MAIN.P2_tend2	6.89365519339457e-07	0.000316628382303721	0.000515431713107585
PA.NUS.FCRF_rank	6.89296841386899e-07	4.39312697488689e-05	7.80957141072098e-05
DT.ODA.ODAT.PC.ZS_max2	6.8926590028113e-07	0.0012115627101979	0.000452955141821817
IS.AIR.GOOD.MT.K1_ratioavg2	6.86718834576065e-07	0.000365555181054133	0.000968386854929402
NY.GDP.DEFL.ZS_isNA_rank	6.82786571072074e-07	0.000476485310353116	0.00101524428339373
NY.ADJ.DFOR.CD_rank	6.82335512279185e-07	0.000135466992335977	0.000281144570785955
SE.PRM.ENRR_lag1	6.78361360655582e-07	0.000399936174770639	0.000890291140822192
DC.DAC.CECL.CD_ratioavg2	6.78196144377352e-07	0.000620033305485708	0.000937148569286517
SE.SEC.ENRR.MA_delta1	6.77589178614505e-07	0.00016426474775664	0.000546669998750469
EG.USE.PCAP.KG.OE_tend2	6.77127226607286e-07	0.000433141749898547	0.000562289141571911
FP.CPI.TOTL_ratioavg2	6.73568921757399e-07	0.00012914911742226	0.000421716856178933
BM.TRF.PWKR.CD.DT_ratioavg2	6.72452375437931e-07	0.000564347849850854	0.00137448456828689
DT.ODA.ALLD.CD_ratioavg2	6.71335564242323e-07	0.000616066267749188	0.000562289141571911
TM.VAL.MMTL.ZS.UN_delta1	6.71078561130802e-07	0.000510425522098898	0.00114019742596526
EN.GHG.N2O.BU.MT.CE.AR5_tend2	6.70422076293447e-07	0.000199086523443871	0.000702861426964888
FD.AST.PRVT.GD.ZS_avg2	6.70319115343292e-07	0.000145458050339064	0.000109333999750094
IS.AIR.GOOD.MT.K1_max2	6.63949903765701e-07	0.000723763995929525	0.000281144570785955
AG.LND.CREL.HA_max2	6.63405104472985e-07	2.6593845567041e-05	6.24765712857678e-05
NV.IND.TOTL.ZS_isNA_rank	6.56477838341099e-07	0.000224504950422313	0.00064038485567912
NV.IND.TOTL.ZS_lag1	6.52703476504663e-07	0.000149865870046309	0.000281144570785955
SP.POP.65UP.MA.ZS	6.51869139031221e-07	0.000122684315184968	9.37148569286517e-05
IS.AIR.PSGR_avg2	6.48310995200198e-07	0.000292679228561026	0.000328001999250281
FS.AST.CGOV.GD.ZS_max2	6.46042414900821e-07	0.00106463538662309	0.000624765712857678
AG.SRF.TOTL.K2_avg2	6.39894660534998e-07	5.73016561941768e-06	3.12382856428839e-05
MS.MIL.XPND.CD_isNA_rank	6.32398669535464e-07	0.000193062503177303	0.000624765712857678
BX.TRF.CURR.CD_ratiomax2	6.321951313782e-07	5.15714905747591e-05	0.00015619142821442
NY.ADJ.NNTY.CD	6.31267774463596e-07	7.22882431988077e-05	0.000140572285392978
DC.DAC.CECL.CD_rank	6.21974347143229e-07	0.000264616109758237	0.000359240284893165
SP.POP.3539.MA.5Y_delta1	6.21130908824839e-07	0.000353066358550274	0.000437335999000375
NE.CON.GOVT.ZS_delta1	6.19450126147621e-07	0.000116219512947677	0.000249906285143071
AG.LND.PRCP.MM_max2	6.18409441295999e-07	3.86418861001756e-05	4.68574284643259e-05
ER.FSH.PROD.MT_delta1	6.16996380900164e-07	0.000169260276758184	0.000296763713607397
SP.ADO.TFRT_delta1	6.16629789504507e-07	0.000320301565393091	0.000734099712607772
NE.CON.PRVT.CD_isNA_rank	6.15799209786836e-07	0.000535109312459466	0.000749718855429214
EG.USE.PCAP.KG.OE_isNA_rank	6.11502730030548e-07	0.000322946257217438	0.000937148569286517
NY.GSR.NFCY.CN_isNA_rank	6.09614473217554e-07	0.000602108172009581	0.00149943771085843
EN.GHG.N2O.FE.MT.CE.AR5_min2	6.06915261550233e-07	2.55653543020173e-05	6.24765712857678e-05
EN.GHG.CH4.BU.MT.CE.AR5_ratioavg2	6.05956309653921e-07	0.00158137878363571	0.000921529426465076
SP.DYN.TO65.MA.ZS_delta1	6.04309566555774e-07	0.0004304970580742	0.000843433712357866
SP.POP.1014.MA.5Y	6.01856190748032e-07	0.00016823178549316	0.000124953142571536
IT.MLT.MAIN.P2	6.00767342927764e-07	0.000432113258633523	0.000702861426964888
SP.DYN.CBRT.IN_delta1	6.00048653594109e-07	0.000588150076269974	0.000827814569536424
BM.TRF.PWKR.CD.DT_delta1	5.97657182105142e-07	0.00079105671012679	0.000734099712607772
SP.POP.80UP.FE.5Y_delta1	5.96571286770344e-07	0.000216277020302124	0.000374859427714607
SP.POP.3034.MA.5Y_rank	5.87550856743582e-07	0.00013311615515878	0.000171810571035862
EG.ELC.PETR.ZS_tend2	5.83307706942038e-07	0.000429909348779901	0.000999625140572286
EN.GHG.N2O.IP.MT.CE.AR5_ratioavg2	5.831157274257e-07	0.000423003764571885	0.000859052855179308
BM.GSR.MRCH.CD_isNA_rank	5.77341976531209e-07	0.000167791003522436	0.000484193427464701
AG.LND.ARBL.HA	5.77333594361603e-07	4.31966331309948e-05	0.00015619142821442
IS.AIR.GOOD.MT.K1_tend2	5.75681064296136e-07	0.000187038482910736	0.000593527427214794
NE.IMP.GNFS.KD.ZG_lag1	5.75583300942657e-07	0.000470902072057274	0.000937148569286517
NE.IMP.GNFS.CN_isNA_rank	5.72829213709666e-07	0.000206726744269761	0.000593527427214794
SE.SEC.ENRR.FE_delta1	5.72732015478971e-07	0.000184393791086389	0.000515431713107585
MS.MIL.MPRT.KD_lag1	5.71177878307609e-07	0.00030531497838846	0.000406097713357491
NE.CON.PRVT.CD_delta1	5.70522683216291e-07	1.20480405331346e-05	4.68574284643259e-05
NE.EXP.GNFS.KD.ZG_rank	5.68847053400087e-07	7.81653361418002e-05	0.000265525427964513
BX.KLT.DINV.CD.WD_tend2	5.65045102477011e-07	0.00036761216358418	0.000812195426714982
SE.SEC.ENRR_isNA_rank	5.64675611930129e-07	0.000182924517850641	0.000468574284643259
TM.VAL.MRCH.R3.ZS	5.64009585176217e-07	0.000165587093668813	0.000359240284893165
NE.RSB.GNFS.CN_isNA_rank	5.63012304882335e-07	0.00117615322521637	0.00103086342621517
AG.LND.CREL.HA_ratiomax2	5.62179651898981e-07	0.00163427262012264	0.000812195426714982
DT.ODA.ALLD.KD_tend2	5.60351290360107e-07	0.000211428418624155	0.000515431713107585
FI.RES.TOTL.MO_delta1	5.5912039545756e-07	0.000425207674425507	0.000609146570036236
SP.POP.3539.FE.5Y_lag1	5.55690163341875e-07	7.40513710817054e-05	0.000171810571035862
NE.CON.GOVT.ZS_max2	5.55479551930583e-07	0.000204816689063288	0.000437335999000375
SP.DYN.CDRT.IN_delta1	5.51274251486634e-07	0.000212309982565604	0.000390478570536049
TM.VAL.MANF.ZS.UN_isNA_rank	5.51187549115434e-07	0.000128561408127961	0.000531050855929027
BG.GSR.NFSV.GD.ZS_ratiomax2	5.39252232094472e-07	1.74843515054027e-05	6.24765712857678e-05
NE.RSB.GNFS.ZS	5.39201871762589e-07	0.000729200306901794	0.00101524428339373
FM.AST.PRVT.GD.ZS_isNA_rank	5.37355826973884e-07	0.00045797246758269	0.000921529426465076
urban_health_access_delta1	5.37200347498206e-07	0.00108593984854144	0.000421716856178933
TX.VAL.MMTL.ZS.UN_isNA_rank	5.34725485736768e-07	0.000336904352957045	0.000749718855429214
ER.FSH.AQUA.MT_ratioavg2	5.34003436190709e-07	0.000280484260704317	0.00087467199800075
BM.GSR.TOTL.CD_min2	5.27743060689584e-07	9.30049958228562e-05	0.000109333999750094
BM.GSR.MRCH.CD_tend2	5.26867344786366e-07	7.53737169938787e-05	0.000312382856428839
NV.IND.MANF.ZS_rank	5.24518042946332e-07	9.006644935136e-05	0.000218667999500187
BX.TRF.CURR.CD_min2	5.19733474771981e-07	5.4803891693405e-05	0.000140572285392978
BM.GSR.TRAN.ZS	5.14034820818135e-07	0.000190123956705807	0.000780957141072098
TX.VAL.MRCH.R4.ZS_rank	5.10645282064983e-07	4.48128336903178e-05	0.000140572285392978
NE.RSB.GNFS.ZS_lag1	5.09522574785782e-07	0.000117394931536275	0.000359240284893165
EG.ELC.PETR.ZS_ratioavg2	5.08754442612322e-07	0.000237728409544046	0.000656003998500562
SM.POP.RHCR.EA_isNA_rank	5.06540315272015e-07	0.000306049615006334	0.000921529426465076
SP.POP.6569.FE.5Y	5.06239454602489e-07	0.000227002714923085	0.000281144570785955
EG.ELC.HYRO.ZS_min2	5.04096699265762e-07	4.39312697488689e-05	0.000140572285392978
SP.POP.0014.TO	5.02908497700261e-07	3.42340663929313e-05	3.12382856428839e-05
TM.VAL.MRCH.R6.ZS_isNA_rank	5.02443716466798e-07	0.000292826155884601	0.00071848056978633
NY.ADJ.DFOR.GN.ZS_isNA_rank	4.97529390252381e-07	0.000275782586349923	0.000859052855179308
MS.MIL.XPND.GD.ZS	4.96743035067995e-07	0.000213632328477777	0.000421716856178933
NV.AGR.TOTL.KD_rank	4.9650230128155e-07	1.39580957396072e-05	1.5619142821442e-05
BM.GSR.GNFS.CD_tend2	4.95677187204121e-07	0.000246837903605685	0.000484193427464701
DC.DAC.TOTL.CD_tend2	4.94732691066248e-07	0.000320007710745941	0.00071848056978633
NY.GNP.ATLS.CD_delta1	4.92902431088602e-07	0.000208930654123383	0.000452955141821817
NY.ADJ.DFOR.GN.ZS_rank	4.91761012108757e-07	0.000142960285838292	0.000484193427464701
EN.GHG.CO2.TR.MT.CE.AR5	4.91386205326195e-07	9.52089056764784e-05	0.000140572285392978
FI.RES.XGLD.CD_rank	4.89175480581915e-07	2.80631188027892e-05	9.37148569286517e-05
EN.GHG.CO2.BU.MT.CE.AR5_ratioavg2	4.87287519428592e-07	0.00080633715177857	0.00129638885417968
BX.GSR.FCTY.CD_ratioavg2	4.87229484627203e-07	0.000738603655610582	0.000734099712607772
SP.POP.0004.FE.5Y_delta1	4.86323728386781e-07	0.000299731740092617	0.000593527427214794
IS.AIR.DPRT_delta1	4.84501082346502e-07	0.000812067317397988	0.000452955141821817
FM.AST.DOMS.CN_rank	4.83116133803878e-07	0.000144135704426891	0.00015619142821442
MS.MIL.MPRT.KD_avg2	4.76370151175393e-07	0.000138405538807473	0.000218667999500187
IS.AIR.PSGR_lag1	4.75575040382466e-07	0.000114603312388354	0.000187429713857304
IT.CEL.SETS.P2_rank	4.74826601282496e-07	6.33256764607441e-05	0.000218667999500187
NY.GNP.ATLS.CD_isNA_rank	4.72938928925246e-07	0.00277178395923883	0.00151505685367987
DT.ODA.ALLD.KD_ratioavg2	4.72010970020326e-07	0.000467228888967903	0.000531050855929027
DT.ODA.ODAT.KD_ratiomax2	4.71670667619181e-07	0.000253890415137276	9.37148569286517e-05
EN.GHG.ALL.MT.CE.AR5	4.69302718586964e-07	2.79161914792143e-05	9.37148569286517e-05
NY.GSR.NFCY.CD_lag1	4.67676894498673e-07	0.000236112208984723	0.000359240284893165
NV.SRV.TOTL.ZS_delta1	4.66673755215789e-07	0.000929903030904987	0.00137448456828689
SE.SEC.ENRL.GC.FE.ZS_isNA_delta1	4.64586746837922e-07	1.83659154468515e-05	1.5619142821442e-05
SP.POP.DPND.YG_delta1	4.63083799053261e-07	0.000215395456360675	0.000359240284893165
BX.GSR.GNFS.CD_ratioavg2	4.59190401338206e-07	0.000232732880542503	0.000562289141571911
IS.AIR.GOOD.MT.K1_isNA_rank	4.50805587612598e-07	0.00029370771982605	0.000905910283643634
EN.GHG.CO2.PI.MT.CE.AR5_tend2	4.44783332573213e-07	0.000163383183815191	0.000562289141571911
DC.DAC.CANL.CD_max2	4.43450707348581e-07	0.000160885419314419	0.000265525427964513
EG.ELC.FOSL.ZS_delta1	4.42553101826521e-07	0.000263881473140363	0.000593527427214794
DT.ODA.ODAT.KD_isNA_rank	4.42421043990917e-07	9.44742690586043e-05	0.000359240284893165
EN.GHG.N2O.FE.MT.CE.AR5_tend2	4.41952239187883e-07	0.000164411675080215	0.000515431713107585
EN.GHG.N2O.AG.MT.CE.AR5	4.37938377380214e-07	2.85039007735136e-05	0.000187429713857304
IS.AIR.GOOD.MT.K1_rank	4.34728361155346e-07	3.11485925978602e-05	7.80957141072098e-05
EN.URB.MCTY.TL.ZS_isNA_rank	4.34478584486258e-07	0.000206873671593336	0.000484193427464701
NV.SRV.TOTL.KD.ZG_delta1	4.34165815604849e-07	0.000598581916243785	0.000999625140572286
DC.DAC.CANL.CD_isNA_rank	4.32818752524619e-07	0.00108961303163081	0.00123391228289391
BM.GSR.GNFS.CD_min2	4.31488008089252e-07	7.37575164345558e-05	0.000109333999750094
BM.GSR.TRVL.ZS_delta1	4.30825827679048e-07	0.000319273074128067	0.000624765712857678
BX.GSR.MRCH.CD_min2	4.30195492765298e-07	0.000121949678567094	0.000109333999750094
BM.GSR.NFSV.CD_ratioavg2	4.30091764245121e-07	0.000190711666000106	0.000546669998750469
IT.MLT.MAIN_isNA_rank	4.29640461666912e-07	0.000331614969308351	0.000780957141072098
NY.GDS.TOTL.ZS_isNA_rank	4.24738926314707e-07	0.000170582622670357	0.000421716856178933
AG.PRD.CREL.MT_delta1	4.22436676481137e-07	0.000264469182434662	0.000531050855929027
AG.CON.FERT.ZS_min2	4.22125315464436e-07	0.000337345134927769	0.000390478570536049
SP.POP.4549.MA.5Y_delta1	4.18318227097045e-07	0.00144576486397615	0.000905910283643634
TX.VAL.MRCH.OR.ZS_delta1	4.1686321949495e-07	0.0001569183815779	0.000312382856428839
BM.GSR.INSF.ZS_isNA_rank	4.16744918432517e-07	0.000440635043400862	0.000702861426964888
NE.IMP.GNFS.ZS_delta1	4.15464886767481e-07	0.000259473653433119	0.000812195426714982
NY.GDP.FCST.KD_isNA_rank	4.11031364134782e-07	0.000226121150981636	0.000359240284893165
BX.KLT.DINV.CD.WD_delta1	4.10620473603096e-07	0.000185716136998563	0.000515431713107585
BX.KLT.DINV.WD.GD.ZS_tend2	4.09679186206155e-07	0.000508074684921701	0.00118705485442959
DC.DAC.GBRL.CD_isNA_rank	4.0806503400028e-07	0.000230969752659605	0.000484193427464701
EN.GHG.CO2.PI.MT.CE.AR5	4.07967932012625e-07	9.25642138521317e-05	0.000187429713857304
EN.GHG.N2O.WA.MT.CE.AR5_delta1	4.06690564469228e-07	5.90647840770746e-05	0.000234287142321629
NV.SRV.TOTL.KD.ZG_isNA_rank	4.02349359664811e-07	0.000250070304724331	0.000780957141072098
EN.GHG.N2O.BU.MT.CE.AR5_lag1	4.00615032725588e-07	9.84413067951242e-05	0.000109333999750094
NY.ADJ.DNGY.GN.ZS_isNA_rank	3.99017422495135e-07	0.000557148410995688	0.00128076971135824
AG.PRD.CROP.XD_max2	3.98551369076903e-07	0.000110048565357534	0.000171810571035862
NE.EXP.GNFS.KD_delta1	3.97768597910109e-07	0.000251098795989354	0.000531050855929027
BM.GSR.TRAN.ZS_rank	3.9581611250352e-07	6.08279119599723e-05	0.000171810571035862
FM.AST.DOMS.CN_delta1	3.95291727733603e-07	0.00419844827115026	0.00151505685367987
FS.AST.CGOV.GD.ZS_lag1	3.9329292388427e-07	0.000492500388622771	0.00064038485567912
DC.DAC.USAL.CD_rank	3.92818998200377e-07	5.42161823991058e-05	0.000234287142321629
MS.MIL.MPRT.KD_tend2	3.92025511177642e-07	0.000316334527656571	0.00079657628389354
DT.ODA.ODAT.GN.ZS_ratioavg2	3.91919819152327e-07	0.00103907003232107	0.000577908284393353
BX.TRF.PWKR.CD.DT_rank	3.90561045019422e-07	8.25731558490445e-05	0.00015619142821442
NE.CON.PRVT.PC.KD_isNA_rank	3.88815479653231e-07	0.000492206533975621	0.00064038485567912
EN.GHG.CO2.FE.MT.CE.AR5_tend2	3.84533215025378e-07	0.000487504859621227	0.000671623141322004
ER.FSH.AQUA.MT_ratiomax2	3.82462719823683e-07	2.54184269784425e-05	9.37148569286517e-05
NE.TRD.GNFS.ZS_isNA_rank	3.8152660191065e-07	6.06809846363975e-05	0.000249906285143071
DC.DAC.USAL.CD_tend2	3.80971245455589e-07	0.000242283156574866	0.000546669998750469
FS.AST.CGOV.GD.ZS_tend2	3.75798680061714e-07	0.000220390985362218	0.000765337998250656
BX.GRT.TECH.CD.WD_min2	3.73192296337946e-07	0.000157212236225049	0.000281144570785955
NY.GDP.FCST.CN_isNA_rank	3.64629229171746e-07	0.00034439764645936	0.00079657628389354
BX.GSR.MRCH.CD_ratioavg2	3.62942208679449e-07	0.000280337333380742	0.000780957141072098
SP.RUR.TOTL_delta1	3.61591263252006e-07	0.000233026735189652	0.000328001999250281
DT.ODA.ODAT.KD_tend2	3.59744180444974e-07	0.000126063643627189	0.000281144570785955
AG.YLD.CREL.KG_delta1	3.59547284945388e-07	0.000627085817017299	0.000562289141571911
NY.GDP.MINR.RT.ZS_delta1	3.57767815388778e-07	0.00030928201612498	0.000656003998500562
EN.GHG.N2O.IC.MT.CE.AR5_delta1	3.56648307573422e-07	3.43809937165061e-05	0.000109333999750094
DT.ODA.ALLD.KD_lag1	3.56578851783112e-07	0.000498230554242189	0.000343621142071723
TX.VAL.MRCH.RS.ZS_delta1	3.55502817734295e-07	0.000829257814256241	0.000624765712857678
SE.PRM.ENRR.FE_isNA_rank	3.54590845109364e-07	0.000466788106997179	0.000812195426714982
MS.MIL.XPND.GD.ZS_tend2	3.54186062199507e-07	0.000566257905057327	0.00123391228289391
EN.GHG.CO2.IP.MT.CE.AR5_delta1	3.52709823644772e-07	0.00017190496858253	0.000406097713357491
BX.GSR.MRCH.CD_lag1	3.51234214655145e-07	0.000132675373188056	0.000109333999750094
DC.DAC.GBRL.CD_max2	3.48899142456174e-07	8.15446645840208e-05	0.000249906285143071
EG.ELC.HYRO.ZS_lag1	3.48809532859779e-07	4.12865779245223e-05	0.000124953142571536
SE.PRM.AGES_rank	3.4699575750451e-07	7.46390803760047e-05	0.000328001999250281
TM.VAL.MRCH.R1.ZS_rank	3.46949724133589e-07	0.000351303230667376	0.000249906285143071
AG.LND.CROP.ZS_delta1	3.4612831555761e-07	6.53826589907915e-05	0.00015619142821442
EN.GHG.N2O.AG.MT.CE.AR5_ratioavg2	3.46116231141269e-07	0.000414335052480971	0.000843433712357866
NE.CON.TOTL.KD.ZG_ratioavg2	3.46115734543745e-07	0.000292385373913877	0.000671623141322004
TX.VAL.MRCH.R5.ZS_delta1	3.45096731542913e-07	0.00173609325535998	0.00153067599650131
SP.POP.5559.MA.5Y_rank	3.44032065588506e-07	6.47949496964922e-05	0.00015619142821442
NY.ADJ.DMIN.CD_delta1	3.43562919324683e-07	0.000151335143282057	0.000421716856178933
EN.GHG.N2O.MT.CE.AR5_ratioavg2	3.42719656610483e-07	0.000785473471830947	0.000984005997750843
BM.GSR.TRVL.ZS_lag1	3.41889577211053e-07	0.000125916716303614	0.000328001999250281
EG.USE.PCAP.KG.OE	3.4005589150524e-07	0.000208049090181934	0.00064038485567912
DC.DAC.JPNL.CD_lag1	3.38157023441079e-07	0.000221713331274392	0.000390478570536049
SP.DYN.AMRT.MA_delta1	3.37348958319454e-07	0.000239785392074094	0.000687242284143446
BX.GSR.TRVL.ZS_lag1	3.37241529413649e-07	0.00030898816147783	0.000328001999250281
NY.ADJ.DRES.GN.ZS	3.36709165121837e-07	0.000271962475936978	0.000499812570286143
SH.MMR.RISK_delta1	3.36675547605089e-07	0.000863638807972747	0.00087467199800075
NE.CON.PRVT.ZS_delta1	3.36031885062058e-07	8.62463389384148e-05	0.000203048856678745
NY.GDP.COAL.RT.ZS_isNA_rank	3.34234161595105e-07	0.000115191021682653	0.000390478570536049
EN.GHG.CH4.BU.MT.CE.AR5_max2	3.3422639945134e-07	8.66871209091393e-06	4.68574284643259e-05
BM.GSR.CMCP.ZS_min2	3.33546324922567e-07	0.000116219512947677	0.000218667999500187
FI.RES.TOTL.MO_ratioavg2	3.32865345850975e-07	0.000250951868665779	0.000702861426964888
FM.AST.PRVT.GD.ZS_min2	3.29616363634004e-07	7.11128246102092e-05	0.000109333999750094
TM.VAL.MRCH.HI.ZS_delta1	3.29482157596197e-07	0.00018806697417576	0.000577908284393353
BM.TRF.PWKR.CD.DT_avg2	3.25839363711494e-07	0.000101232925943046	0.000124953142571536
TX.VAL.MMTL.ZS.UN	3.23364399038323e-07	0.000254478124431575	0.000499812570286143
TX.VAL.MRCH.R3.ZS_delta1	3.22849251571095e-07	0.00141255928884825	0.000827814569536424
AG.PRD.CREL.MT_tend2	3.22726620314629e-07	0.000540545623431734	0.000952767712107959
EN.GHG.CH4.FE.MT.CE.AR5_avg2	3.2119129140478e-07	5.03960719861606e-05	4.68574284643259e-05
EG.ELC.PETR.ZS_max2	3.20096377273965e-07	0.000124594370391441	0.000265525427964513
TM.VAL.MRCH.R2.ZS_rank	3.19958496845049e-07	3.84949587766008e-05	0.00015619142821442
NE.RSB.GNFS.CD_lag1	3.19078012011261e-07	0.000832784070022036	0.000656003998500562
SP.POP.7074.FE.5Y_lag1	3.1549059225676e-07	0.0001954133403545	0.000124953142571536
NY.GDP.DEFL.KD.ZG_isNA_rank	3.15070968310878e-07	0.000347483120254431	0.000780957141072098
EG.ELC.NGAS.ZS_ratioavg2	3.13561321106545e-07	0.000297821684886145	0.000593527427214794
FP.CPI.TOTL_delta1	3.13094457384325e-07	0.000143254140485442	0.000374859427714607
SE.PRM.ENRL_lag1	3.12702254020752e-07	6.97904786980359e-05	0.000203048856678745
NY.ADJ.DKAP.GN.ZS_rank	3.12387378684028e-07	0.000150747433987757	0.000171810571035862
BX.TRF.CURR.CD_max2	3.1213220325525e-07	7.40513710817054e-05	0.000218667999500187
TM.VAL.INSF.ZS.WT_isNA_rank	3.12026538509189e-07	0.00182909825118284	0.00137448456828689
BX.TRF.CURR.CD_delta1	3.11891331307364e-07	0.000231998243924629	0.000702861426964888
BM.GSR.GNFS.CD	3.10699378902047e-07	7.34636617874062e-05	0.000499812570286143
BX.GRT.TECH.CD.WD_max2	3.09375603977746e-07	8.21323738783201e-05	0.000203048856678745
SP.POP.4549.FE.5Y_delta1	3.07539006270787e-07	0.0010016035648095	0.000671623141322004
DC.DAC.JPNL.CD_rank	3.05973152018449e-07	6.20033305485708e-05	0.000203048856678745
BX.GSR.GNFS.CD_tend2	3.04892996469508e-07	5.02491446625858e-05	0.000171810571035862
SE.SEC.ENRL_delta1	3.04414576236945e-07	0.000427117729631979	0.000812195426714982
TX.VAL.TRVL.ZS.WT_rank	3.04351525417578e-07	6.47949496964922e-05	0.000140572285392978
SP.POP.1564.FE.IN	3.0407792382166e-07	8.08100279661468e-06	1.5619142821442e-05
TX.VAL.OTHR.ZS.WT_delta1	3.03921817926784e-07	0.00017645971561335	0.000390478570536049
NE.RSB.GNFS.CN	3.03676352232937e-07	0.000823968430607548	0.00064038485567912
SP.POP.3034.MA.5Y	3.02975474007437e-07	0.000136201628953851	0.000281144570785955
BX.GSR.CMCP.ZS_tend2	3.01335255919576e-07	0.000235671427013999	0.000765337998250656
BX.GSR.TRAN.ZS_ratiomax2	3.00043627219504e-07	0.000161032346637994	0.000499812570286143
SP.POP.65UP.TO.ZS_delta1	2.99516542699305e-07	0.000393765227180497	0.000374859427714607
AG.PRD.CROP.XD_ratioavg2	2.99192254106297e-07	0.000126210570950764	0.000437335999000375
EG.USE.ELEC.KH.PC_isNA_rank	2.98598211747903e-07	0.00020731445356406	0.000577908284393353
TX.VAL.MRCH.R4.ZS	2.97854577413811e-07	0.000332643460573375	0.000609146570036236
AG.LND.ARBL.ZS_ratiomax2	2.97157406559809e-07	4.26089238366956e-05	0.000109333999750094
TM.VAL.OTHR.ZS.WT_rank	2.96968470439966e-07	5.64200922527279e-05	0.000171810571035862
EN.GHG.CO2.PI.MT.CE.AR5_ratioavg2	2.96711705550227e-07	0.00016793793084601	0.000671623141322004
SE.ENR.PRIM.FM.ZS_delta1	2.96035078958188e-07	0.000435492587075744	0.00128076971135824
NE.CON.GOVT.ZS_ratiomax2	2.95374152443365e-07	3.86418861001756e-05	7.80957141072098e-05
EN.GHG.N2O.PI.MT.CE.AR5_ratioavg2	2.94614116862998e-07	0.000155889890312876	0.000437335999000375
BM.GSR.CMCP.ZS_tend2	2.91464085236246e-07	0.000270346275377655	0.00079657628389354
BM.GSR.CMCP.ZS_lag1	2.90672991087277e-07	0.000123565879126417	0.000312382856428839
ER.H2O.INTR.PC_ratiomax2	2.89934972537889e-07	5.55385283112791e-05	9.37148569286517e-05
NE.CON.GOVT.ZS	2.88581312671259e-07	0.000121802751243519	0.000624765712857678
BX.GSR.FCTY.CD_delta1	2.88220814736719e-07	0.000285920571676585	0.000499812570286143
AG.LND.ARBL.HA_ratioavg2	2.8730027940834e-07	0.000385684224383882	0.000624765712857678
TX.VAL.MRCH.R4.ZS_delta1	2.86947536623377e-07	0.000224211095775164	0.000749718855429214
NE.GDI.FTOT.ZS_isNA_rank	2.86506500023472e-07	0.000115191021682653	0.000343621142071723
NE.GDI.FTOT.CD	2.84842541890638e-07	0.000259767508080268	0.00015619142821442
MS.MIL.MPRT.KD_max2	2.83490721029327e-07	0.000160885419314419	0.000374859427714607
EN.GHG.CO2.RT.GDP.KD_ratiomax2	2.83333211684095e-07	4.84860167796881e-05	0.000171810571035862
NE.EXP.GNFS.CN_isNA_rank	2.82565985886916e-07	0.00046561268840858	0.000812195426714982
DC.DAC.FRAL.CD_isNA_rank	2.81247654826215e-07	0.000259620580756693	0.000484193427464701
NE.GDI.TOTL.CD_delta1	2.81216626675014e-07	8.3748574437643e-05	0.000203048856678745
NY.GDP.FRST.RT.ZS_delta1	2.8103027615045e-07	0.000208049090181934	0.000734099712607772
NV.SRV.TOTL.KD.ZG	2.79993289554392e-07	0.000438578060870815	0.000937148569286517
IT.CEL.SETS_lag1	2.77694033034625e-07	4.39312697488689e-05	9.37148569286517e-05
BM.GSR.MRCH.CD_delta1	2.74942718020492e-07	2.05698253004737e-05	9.37148569286517e-05
EG.ELC.FOSL.ZS_tend2	2.74859778404638e-07	0.000356592614316069	0.000937148569286517
EN.GHG.ALL.PC.CE.AR5_tend2	2.74589652514658e-07	0.000171758041258956	0.000390478570536049
SE.SEC.ENRR_delta1	2.74202822953477e-07	0.000225239587040187	0.00079657628389354
NE.CON.TOTL.CD_avg2	2.739849296163e-07	1.35173137688827e-05	3.12382856428839e-05
DT.NFL.UNDP.CD_rank	2.7285863236638e-07	0.000133263082482355	0.000234287142321629
SP.DYN.AMRT.MA_rank	2.71893574160465e-07	4.64290342496407e-05	7.80957141072098e-05
TX.VAL.MRCH.AL.ZS_delta1	2.71386805928256e-07	0.000299731740092617	0.000843433712357866
SP.POP.1519.MA.5Y_delta1	2.70933183912862e-07	0.00146427770674658	0.000937148569286517
NE.CON.GOVT.CD_isNA_rank	2.70747649278666e-07	0.000246103266987811	0.000577908284393353
NV.AGR.TOTL.CD_delta1	2.68252308498973e-07	0.00196133284240017	0.00135886542546545
EG.USE.ELEC.KH.PC_lag1	2.67697669049921e-07	0.000107550800856763	0.000124953142571536
NY.GSR.NFCY.CD_isNA_rank	2.66514043799371e-07	0.000212309982565604	0.000593527427214794
AG.PRD.LVSK.XD_delta1	2.65681108032163e-07	0.00021554238368425	0.000499812570286143
EN.GHG.CO2.BU.MT.CE.AR5_ratiomax2	2.65601177148897e-07	0.00024639712163496	0.000265525427964513
AG.LND.TOTL.K2_min2	2.65044390052878e-07	5.87709294299249e-06	4.68574284643259e-05
FM.AST.NFRG.CN_isNA_rank	2.65017906186097e-07	0.000551565172699845	0.00104648256903661
AG.LND.CROP.ZS	2.64051127289512e-07	0.000188948538117209	0.000234287142321629
EN.GHG.N2O.AG.MT.CE.AR5_max2	2.63844247296429e-07	4.40781970724437e-06	3.12382856428839e-05
NY.GSR.NFCY.CN_rank	2.6331706421356e-07	0.000248013322194283	0.000421716856178933
BX.KLT.DINV.CD.WD	2.63246440855125e-07	0.000534080821194443	0.000562289141571911
TM.VAL.MRCH.WL.CD_delta1	2.62528492522362e-07	7.34636617874062e-05	0.000203048856678745
FI.RES.XGLD.CD_ratioavg2	2.62082926023465e-07	0.000375399311733645	0.000687242284143446
EN.GHG.N2O.IP.MT.CE.AR5_ratiomax2	2.62041823689484e-07	0.00016793793084601	0.000328001999250281
NY.GDP.MKTP.KD.ZG_isNA_rank	2.6117319384446e-07	0.000368346800202054	0.000687242284143446
BM.GSR.TRVL.ZS	2.60506693076234e-07	0.000307959670212807	0.000812195426714982
BX.GSR.NFSV.CD_isNA_rank	2.58664075741719e-07	0.000402140084624261	0.000827814569536424
BX.GRT.EXTA.CD.WD_ratiomax2	2.58463198328367e-07	3.55564123051046e-05	0.000124953142571536
DT.ODA.ODAT.CD_isNA_rank	2.5791640034194e-07	0.000121655823919945	0.000359240284893165
NY.ADJ.DRES.GN.ZS_rank	2.57818820415768e-07	9.24172865285569e-05	0.000265525427964513
DT.NFL.UNDP.CD_isNA_rank	2.55375088606727e-07	0.00105302812806068	0.000843433712357866
SP.DYN.TO65.FE.ZS_delta1	2.55154714725189e-07	0.000193062503177303	0.000468574284643259
SE.PRM.ENRL_delta1	2.54654783831681e-07	0.00087715612174163	0.00159315256778708
TM.VAL.MRCH.R2.ZS	2.53954238242103e-07	0.000185128427704264	0.000515431713107585
BM.GSR.GNFS.CD_ratioavg2	2.53190481833689e-07	0.000167497148875286	0.000406097713357491
ER.FSH.AQUA.MT_tend2	2.52830480869304e-07	0.000201878142591792	0.000390478570536049
MS.MIL.XPND.GD.ZS_max2	2.52308078551473e-07	0.000126945207568638	0.000281144570785955
BX.GSR.CMCP.ZS_avg2	2.52179365881592e-07	0.000232585953218928	0.000499812570286143
MS.MIL.XPND.CD_ratioavg2	2.50788369082493e-07	0.000226268078305211	0.000702861426964888
TM.VAL.MRCH.RS.ZS_rank	2.50277265359333e-07	0.000163823965785916	0.000359240284893165
BX.TRF.CURR.CD_ratioavg2	2.50142808030294e-07	0.000237728409544046	0.000624765712857678
NE.CON.TOTL.KD.ZG	2.49057560630881e-07	0.000488239496239101	0.00064038485567912
EN.GHG.N2O.AG.MT.CE.AR5_delta1	2.47499357156556e-07	0.000155889890312876	0.000359240284893165
TM.VAL.AGRI.ZS.UN_delta1	2.47390166497039e-07	0.000296352411650396	0.000780957141072098
SM.POP.NETM_delta1	2.45675606124697e-07	0.000336904352957045	0.000749718855429214
BX.KLT.DINV.WD.GD.ZS_ratiomax2	2.44980506083221e-07	9.3151923146431e-05	0.000234287142321629
BX.GSR.MRCH.CD_avg2	2.44854530948213e-07	6.12686939306967e-05	3.12382856428839e-05
EG.ELC.PETR.ZS_avg2	2.43980219138056e-07	6.84681327858626e-05	0.000187429713857304
SH.DYN.MORT_lag1	2.43535177388198e-07	5.84770747827753e-05	0.00015619142821442
NY.GNP.MKTP.CN_delta1	2.42306863486154e-07	0.000741689129405653	0.000374859427714607
NY.GDP.PCAP.KN_delta1	2.40031552713613e-07	0.000303257995858413	0.000328001999250281
BM.GSR.MRCH.CD	2.38205915395544e-07	7.1994388551658e-05	0.000390478570536049
SP.POP.5559.FE.5Y_rank	2.37990324902866e-07	5.34815457812317e-05	9.37148569286517e-05
NY.GDP.DEFL.KD.ZG	2.37912144030437e-07	0.000142225649220418	0.000468574284643259
BM.KLT.DINV.WD.GD.ZS_rank	2.36693150604e-07	0.000238316118838346	0.000562289141571911
BX.PEF.TOTL.CD.WD	2.3609693925926e-07	0.000580509855444083	0.000859052855179308
NY.GDP.DEFL.ZS_rank	2.35348627126007e-07	8.68340482327141e-05	0.000218667999500187
FM.AST.NFRG.CN_delta1	2.35330384708847e-07	0.00212618529945111	0.00120267399725103
FS.AST.CGOV.GD.ZS_avg2	2.3388691348278e-07	0.000384214951148134	0.000468574284643259
IT.MLT.MAIN_ratioavg2	2.33520362724192e-07	0.00026255912722819	0.00079657628389354
NY.ADJ.DKAP.GN.ZS_delta1	2.33340506677603e-07	0.00017983904405557	0.000437335999000375
BX.TRF.PWKR.CD.DT_delta1	2.32249981607473e-07	0.000427999293573428	0.000546669998750469
BM.KLT.DINV.WD.GD.ZS	2.3163155475435e-07	0.000642807040639804	0.00109333999750094
BX.GSR.CMCP.ZS_rank	2.29727444870056e-07	0.000146633468927663	0.000312382856428839
DT.ODA.ODAT.PC.ZS_lag1	2.28892782952127e-07	0.00012944297206941	0.000234287142321629
SE.SEC.ENRL	2.27522267818077e-07	0.00026623231031756	0.000671623141322004
DT.ODA.ODAT.GN.ZS_ratiomax2	2.27298015484718e-07	0.000778420960299356	0.000234287142321629
NY.GDP.MKTP.KD.ZG_delta1	2.2653987636706e-07	0.000269611638759781	0.000812195426714982
TM.VAL.TRVL.ZS.WT_isNA_rank	2.26025094977829e-07	0.000204816689063288	0.000515431713107585
AG.LND.CREL.HA_lag1	2.26020915795217e-07	4.86329441032629e-05	6.24765712857678e-05
NY.GDP.TOTL.RT.ZS_isNA_rank	2.24946622219098e-07	0.000547891989610475	0.00118705485442959
DC.DAC.CANL.CD_tend2	2.2460451941644e-07	0.000387888134237505	0.000531050855929027
IT.MLT.MAIN.P2_avg2	2.23883066640501e-07	3.45279210400809e-05	7.80957141072098e-05
SE.SEC.ENRL_isNA_rank	2.22241721552058e-07	0.000137670902189599	0.000437335999000375
NY.GDP.DEFL.KD.ZG_delta1	2.19180387848538e-07	0.000338226698869218	0.000702861426964888
SP.POP.0014.FE.IN	2.19049790370644e-07	5.27469091633576e-05	0.000124953142571536
FM.AST.PRVT.GD.ZS_lag1	2.18209072700501e-07	2.24798805069463e-05	6.24765712857678e-05
BX.GSR.NFSV.CD_delta1	2.17928658605802e-07	5.09837812804599e-05	0.000124953142571536
NY.GSR.NFCY.CD_delta1	2.17717344098936e-07	0.000236259136308298	0.000624765712857678
TM.VAL.TRVL.ZS.WT	2.1557393096598e-07	0.000160738491990845	0.000421716856178933
TM.VAL.MRCH.R3.ZS_delta1	2.14927679206218e-07	0.000187332337557886	0.000452955141821817
IT.CEL.SETS_min2	2.12662037103799e-07	2.54184269784425e-05	9.37148569286517e-05
NE.RSB.GNFS.CD	2.11883606746689e-07	0.00130853474375728	0.00104648256903661
TX.VAL.MRCH.R3.ZS_isNA_rank	2.11453528403033e-07	0.0006655807757939	0.000656003998500562
BM.GSR.TRVL.ZS_ratioavg2	2.10731714741031e-07	0.000360118870081865	0.000624765712857678
BX.PEF.TOTL.CD.WD_lag1	2.10525505637087e-07	0.000127385989539362	0.000390478570536049
EN.GHG.N2O.WA.MT.CE.AR5_ratioavg2	2.10434020591053e-07	0.000609454538188321	0.000812195426714982
SP.POP.80UP.MA.5Y_delta1	2.07786461358927e-07	0.000142813358514718	0.000234287142321629
BX.GSR.TRAN.ZS_ratioavg2	2.06890114517519e-07	0.00024243008389844	0.00087467199800075
BM.KLT.DINV.CD.WD_delta1	2.06831360663406e-07	0.000161032346637994	0.000296763713607397
AG.PRD.FOOD.XD_tend2	2.06591953959701e-07	0.000499846754801512	0.00101524428339373
NV.IND.MANF.ZS_isNA_rank	2.06422231369893e-07	0.000322358547923138	0.000749718855429214
TM.VAL.MRCH.WR.ZS_delta1	2.06393497865334e-07	0.000360412724729015	0.00110895914032238
SP.POP.0014.MA.IN_lag1	2.06118753802357e-07	2.60061362727418e-05	9.37148569286517e-05
EG.ELC.HYRO.ZS_tend2	2.0524099002687e-07	0.000251833432607228	0.000702861426964888
BM.GSR.TRAN.ZS_isNA_rank	2.04674435676034e-07	0.000192327866559429	0.000562289141571911
TM.VAL.MRCH.WR.ZS_rank	2.03572695346874e-07	3.0560883303561e-05	9.37148569286517e-05
DC.DAC.GBRL.CD_ratioavg2	2.03175444530627e-07	0.000521151216719859	0.000921529426465076
TX.VAL.MRCH.WR.ZS_delta1	2.02351459996516e-07	0.000313836763155799	0.000859052855179308
NE.IMP.GNFS.CN_delta1	2.02146263848402e-07	0.000543484169903231	0.00071848056978633
DT.ODA.ODAT.PC.ZS_avg2	2.00570679667792e-07	7.05251153159099e-05	9.37148569286517e-05
NE.EXP.GNFS.KD.ZG_isNA_rank	1.98944577079291e-07	0.000106522309591739	0.000296763713607397
AG.LND.ARBL.ZS_ratioavg2	1.98928687102445e-07	0.000138699393454623	0.000265525427964513
SP.DYN.AMRT.FE_delta1	1.98608138000572e-07	0.000381423332000213	0.000702861426964888
NY.GDP.COAL.RT.ZS	1.97840435838608e-07	0.000101232925943046	0.000234287142321629
BX.TRF.PWKR.DT.GD.ZS_ratioavg2	1.9776692431294e-07	0.000257857452873796	0.000624765712857678
MS.MIL.MPRT.KD_delta1	1.97758868743093e-07	0.000193944067118752	0.000452955141821817
SE.SEC.ENRL.GC_isNA_rank	1.97532243838866e-07	0.000120039623360622	0.000452955141821817
TX.VAL.OTHR.ZS.WT_lag1	1.96294111467203e-07	0.000251392650636504	0.000359240284893165
TX.VAL.AGRI.ZS.UN_delta1	1.9601094456614e-07	0.000264763037081812	0.000546669998750469
NV.IND.TOTL.KD.ZG_rank	1.95727282918304e-07	0.000123418951802842	0.000390478570536049
NE.IMP.GNFS.KD.ZG_rank	1.95524216844257e-07	6.50888043436419e-05	0.000249906285143071
DT.ODA.ODAT.CD_ratioavg2	1.95285991746668e-07	0.00013282230051163	0.000218667999500187
NE.CON.PRVT.KD.ZG_tend2	1.94442459471207e-07	8.36016471140682e-05	0.000328001999250281
NY.GDP.DEFL.ZS_delta1	1.92894894554474e-07	0.000162942401844467	0.000421716856178933
TG.VAL.TOTL.GD.ZS_rank	1.91954045578641e-07	0.00029767475756257	0.000374859427714607
AG.LND.AGRI.K2_tend2	1.90839307657733e-07	0.00029003453673668	0.00071848056978633
AG.PRD.FOOD.XD_delta1	1.90378205029955e-07	0.000297527830238995	0.000562289141571911
NE.GDI.FTOT.CD_isNA_rank	1.89912781396882e-07	0.00179001558311194	0.00131200799700112
EG.ELC.HYRO.ZS_delta1	1.8966541325656e-07	0.000115044094359078	0.000281144570785955
NE.CON.GOVT.ZS_avg2	1.89631716032954e-07	0.000101820635237345	0.000249906285143071
NE.CON.PRVT.ZS_max2	1.89156395178147e-07	9.32988504700058e-05	0.000218667999500187
SP.POP.7579.MA.5Y_lag1	1.87632150881773e-07	0.000272990967202001	0.000296763713607397
DC.DAC.DEUL.CD_ratiomax2	1.87228986597434e-07	0.00127929620636589	0.0010777208546795
SE.PRM.ENRR.MA_isNA_rank	1.87200384140071e-07	0.000403168575889285	0.000812195426714982
EN.GHG.N2O.IC.MT.CE.AR5_tend2	1.85165187027543e-07	0.000116954149565551	0.000234287142321629
NV.IND.TOTL.KD.ZG_delta1	1.84548876219222e-07	0.000433141749898547	0.00117143571160815
FM.LBL.BMNY.GD.ZS_isNA_rank	1.84490842634621e-07	0.000338079771545643	0.00064038485567912
BM.GSR.CMCP.ZS_avg2	1.84472754276777e-07	0.000103730690443817	0.000312382856428839
AG.PRD.LVSK.XD_tend2	1.84174865864037e-07	0.00044269202593091	0.00112457828314382
TM.VAL.INSF.ZS.WT	1.83786095735964e-07	0.000136936265571725	0.000515431713107585
NY.ADJ.DNGY.CD_rank	1.83693186807392e-07	1.98351886825997e-05	4.68574284643259e-05
NE.EXP.GNFS.ZS_isNA_rank	1.8337077250148e-07	0.000173374241818279	0.000390478570536049
DC.DAC.TOTL.CD_ratiomax2	1.83133932876046e-07	6.61172956086655e-06	4.68574284643259e-05
AG.PRD.LVSK.XD_min2	1.82440151852381e-07	0.000128120626157236	0.000312382856428839
DC.DAC.DEUL.CD_isNA_rank	1.81062362350599e-07	0.00374326742271549	0.00157753342496564
NV.AGR.TOTL.CN_isNA_rank	1.80170642320593e-07	0.000518506524895513	0.00104648256903661
BM.GSR.INSF.ZS_tend2	1.78909677055881e-07	0.000370844564702826	0.00121829314007247
AG.PRD.CREL.MT_ratioavg2	1.78862341866987e-07	0.0008417466367601	0.00114019742596526
BM.GSR.INSF.ZS_rank	1.77963419987894e-07	9.56496876472028e-05	0.000203048856678745
BX.GRT.TECH.CD.WD_lag1	1.75998066991838e-07	0.000189095465440783	0.000390478570536049
EN.GHG.CH4.IC.MT.CE.AR5_tend2	1.75968053405954e-07	0.000123418951802842	0.000343621142071723
NY.GDP.DEFL.KD.ZG_lag1	1.7556831972543e-07	0.0008417466367601	0.000656003998500562
EN.GHG.CO2.BU.MT.CE.AR5_tend2	1.75539865624519e-07	0.000222741822539415	0.000484193427464701
NV.AGR.TOTL.KD_delta1	1.74687092800115e-07	0.000262412199904615	0.000421716856178933
BX.KLT.DINV.WD.GD.ZS	1.74287007827216e-07	0.000926523702462766	0.000937148569286517
NV.IND.MANF.CD_rank	1.7394428239765e-07	5.53916009877043e-05	0.000109333999750094
private_consumption_capacity	1.73710249645881e-07	0.00013678933824815	0.000249906285143071
DC.DAC.FRAL.CD_ratioavg2	1.73636314913765e-07	0.000480746202736786	0.00110895914032238
SE.PRM.ENRR.FE_lag1	1.73430086751981e-07	0.000194972558383776	0.000468574284643259
PA.NUS.ATLS_rank	1.7310252435113e-07	0.000237140700249747	0.00015619142821442
BM.GSR.FCTY.CD_ratioavg2	1.72341168576114e-07	0.000257710525550221	0.000890291140822192
SE.PRM.DURS_rank	1.71801664130918e-07	0.000280190406057167	0.000562289141571911
BM.GSR.CMCP.ZS_max2	1.71767410583759e-07	0.000139140175425347	0.000359240284893165
BM.GSR.TRAN.ZS_lag1	1.71117591607767e-07	0.000102555271855219	0.000265525427964513
AG.PRD.LVSK.XD_avg2	1.69619540498498e-07	0.00017645971561335	0.000249906285143071
BM.GSR.TRVL.ZS_tend2	1.69143608212179e-07	0.000517478033630489	0.00087467199800075
AG.SRF.TOTL.K2	1.68522125045557e-07	5.14245632511843e-06	4.68574284643259e-05
AG.CON.FERT.ZS_tend2	1.67736870328228e-07	0.000525265181779954	0.00123391228289391
TM.VAL.MRCH.WR.ZS	1.67691674266258e-07	0.000253743487813701	0.000515431713107585
EN.GHG.ALL.PC.CE.AR5_rank	1.67530943008782e-07	0.00012885526277511	0.000109333999750094
BM.GSR.FCTY.CD_avg2	1.67418206501401e-07	6.06809846363975e-05	0.000140572285392978
TX.VAL.MANF.ZS.UN_isNA_rank	1.6720870244275e-07	0.000440047334106563	0.000656003998500562
DT.ODA.ODAT.GN.ZS_avg2	1.66738479137972e-07	0.000118423422801299	0.000140572285392978
BX.GSR.TRAN.ZS_min2	1.66208045210576e-07	0.000429027784838452	0.000531050855929027
BX.KLT.DINV.WD.GD.ZS_delta1	1.66176723471978e-07	0.000162795474520892	0.000562289141571911
EG.ELC.PETR.ZS_lag1	1.65381509439816e-07	0.000113427893799755	0.000203048856678745
EN.GHG.N2O.AG.MT.CE.AR5_ratiomax2	1.64812441333272e-07	0.00016793793084601	0.00015619142821442
NY.GDP.MKTP.KD_isNA_rank	1.64047128259307e-07	0.000389945116767552	0.0010777208546795
BX.GSR.GNFS.CD_isNA_rank	1.6354282211451e-07	0.000182042953909192	0.000531050855929027
NE.CON.PRVT.KD_ratioavg2	1.63219005457245e-07	0.000257710525550221	0.000437335999000375
SP.POP.BRTH.MF_rank	1.63179021016841e-07	1.57212236225049e-05	4.68574284643259e-05
EN.GHG.N2O.TR.MT.CE.AR5	1.6234801600267e-07	3.17363018921595e-05	7.80957141072098e-05
EG.ELC.PETR.ZS_delta1	1.61920078685134e-07	0.000148249669486986	0.000359240284893165
AG.YLD.CREL.KG_lag1	1.61268649779756e-07	9.90290160894235e-05	0.000234287142321629
SE.SEC.ENRL.GC.FE.ZS_delta1	1.59748538521458e-07	0.000287830626883057	0.000780957141072098
NY.ADJ.NNTY.PC.CD_isNA_rank	1.58081716055008e-07	0.000514539487158993	0.00124953142571536
BX.KLT.DINV.CD.WD_min2	1.56619470769229e-07	0.000295617775032522	0.000390478570536049
private_consumption_capacity_delta1	1.56117357513215e-07	0.000224064168451589	0.000531050855929027
BX.TRF.PWKR.CD.DT_ratiomax2	1.56105754083039e-07	0.000123125097155693	0.000218667999500187
DC.DAC.JPNL.CD_avg2	1.56013294804029e-07	0.000182042953909192	0.000281144570785955
EG.ELC.FOSL.ZS_ratioavg2	1.55634356034814e-07	0.000215395456360675	0.000609146570036236
EN.GHG.CH4.AG.MT.CE.AR5	1.55517294951215e-07	5.06899266333102e-05	0.000187429713857304
NV.IND.TOTL.KD.ZG	1.55484516624623e-07	0.000212750764536328	0.000812195426714982
BX.PEF.TOTL.CD.WD_max2	1.54911667965885e-07	0.000390532826061851	0.000296763713607397
SE.TER.ENRR_rank	1.54598317880509e-07	0.000318244582863043	0.000609146570036236
NV.IND.MANF.CD	1.53830954560072e-07	0.000844832110555171	0.000452955141821817
NY.GDP.FCST.KD_delta1	1.53028895177159e-07	0.000217011656919998	0.000296763713607397
DC.DAC.GBRL.CD_tend2	1.52858440039048e-07	0.000524383617838505	0.00109333999750094
BM.GSR.FCTY.CD_delta1	1.52799432437031e-07	9.63843242650769e-05	0.000187429713857304
BX.GSR.TOTL.CD	1.52791858160691e-07	3.23240111864587e-05	0.000109333999750094
BM.KLT.DINV.WD.GD.ZS_min2	1.52549014976025e-07	0.000377015512292968	0.000702861426964888
TM.VAL.OTHR.ZS.WT_isNA_rank	1.52226951229913e-07	0.00148719836922425	0.00106210171185805
NV.SRV.TOTL.CD_isNA_rank	1.51699013354157e-07	0.000419036726835365	0.00087467199800075
SP.POP.DPND.OL_delta1	1.51624827398804e-07	0.000318244582863043	0.000328001999250281
EN.GHG.CH4.AG.MT.CE.AR5_ratiomax2	1.51603239532506e-07	0.000111517838593283	0.000312382856428839
EN.GHG.CH4.WA.MT.CE.AR5_tend2	1.51510461137544e-07	0.000110342420004684	0.000312382856428839
SP.POP.65UP.FE.ZS_delta1	1.51235729359075e-07	0.000477073019647416	0.000437335999000375
NY.GDP.FCST.CD_isNA_rank	1.5112960381861e-07	0.000126210570950764	0.000421716856178933
SP.URB.TOTL	1.5080772454139e-07	1.46927323574812e-05	4.68574284643259e-05
DC.DAC.FRAL.CD_tend2	1.49943777545279e-07	0.000140609448661095	0.000406097713357491
BG.GSR.NFSV.GD.ZS_tend2	1.49902222723709e-07	0.000222007185921541	0.000765337998250656
NE.CON.PRVT.KD_isNA_rank	1.48568163474915e-07	0.000352919431226699	0.000624765712857678
SE.SEC.DURS_rank	1.4838213870226e-07	0.000199233450767446	0.000359240284893165
BX.GSR.CMCP.ZS_delta1	1.48053313519352e-07	0.000166321730286688	0.000468574284643259
EG.ELC.NUCL.ZS_delta1	1.46575509298888e-07	0.000153245198488529	0.000218667999500187
BX.GSR.TRVL.ZS	1.46548180009284e-07	0.00127356604074647	0.00115581656878671
NY.GDP.MKTP.CD_isNA_rank	1.46064039375028e-07	0.000633109837283866	0.00106210171185805
SE.TER.ENRR_isNA_rank	1.45027942332301e-07	9.57966149707776e-05	0.000359240284893165
EN.GHG.CO2.MT.CE.AR5_min2	1.44601683658259e-07	7.34636617874062e-06	1.5619142821442e-05
NY.GDP.PETR.RT.ZS_isNA_rank	1.44023655127954e-07	0.000373342329203598	0.000734099712607772
NV.AGR.TOTL.CD_isNA_rank	1.43864195746384e-07	0.00116057892891744	0.00110895914032238
DT.ODA.ODAT.KD_lag1	1.43429783586434e-07	4.304970580742e-05	0.000109333999750094
EN.GHG.N2O.PI.MT.CE.AR5_rank	1.42756660995539e-07	2.92385373913877e-05	3.12382856428839e-05
DT.ODA.ODAT.GN.ZS_min2	1.42723487604678e-07	0.000331908823955501	0.000171810571035862
BX.PEF.TOTL.CD.WD_ratiomax2	1.42661475954855e-07	9.13887952635332e-05	0.000312382856428839
NY.ADJ.DKAP.GN.ZS_isNA_rank	1.4210628913609e-07	0.000300172522063342	0.000780957141072098
BM.TRF.PWKR.CD.DT_isNA_rank	1.41751104939274e-07	0.00029738090291542	0.000734099712607772
BX.GSR.TOTL.CD_delta1	1.41116273896846e-07	0.000117101076889125	0.000218667999500187
BX.GRT.TECH.CD.WD_ratioavg2	1.41099899759773e-07	0.000263881473140363	0.000593527427214794
SP.POP.1014.FE.5Y	1.40428397099851e-07	0.000823527648636823	0.000343621142071723
NY.GDP.COAL.RT.ZS_delta1	1.38529033015396e-07	0.000145751904986214	0.000437335999000375
BX.KLT.DINV.WD.GD.ZS_rank	1.38403136894053e-07	0.000335582007044871	0.000484193427464701
AG.PRD.CROP.XD_tend2	1.3810783982945e-07	0.000190417811352957	0.000499812570286143
FI.RES.XGLD.CD_isNA_rank	1.37664418073963e-07	0.000194090994442327	0.000499812570286143
BX.GSR.CMCP.ZS_ratioavg2	1.37651752142616e-07	0.00017983904405557	0.000484193427464701
EN.GHG.N2O.TR.MT.CE.AR5_ratioavg2	1.37496439382353e-07	0.000267554656229733	0.00064038485567912
NY.GDP.PCAP.CD_delta1	1.36914703177927e-07	0.000388475843531804	0.000484193427464701
SP.URB.GROW_rank	1.35497547033424e-07	4.24619965131208e-05	0.000124953142571536
NE.CON.GOVT.ZS_lag1	1.35160095027014e-07	0.000164411675080215	0.000390478570536049
BM.GSR.INSF.ZS_ratioavg2	1.3484624118841e-07	0.000228618915482408	0.000656003998500562
SE.SEC.ENRR.FE_isNA_rank	1.34273411768539e-07	0.000128414480804386	0.000452955141821817
NV.SRV.TOTL.KD_delta1	1.3355242992785e-07	0.000146486541604088	0.000249906285143071
NE.GDI.TOTL.ZS_isNA_rank	1.32395466892561e-07	0.000107110018886038	0.000312382856428839
ER.FSH.AQUA.MT_max2	1.32175425952179e-07	3.92295953944749e-05	6.24765712857678e-05
BX.GSR.MRCH.CD_isNA_rank	1.31234878403039e-07	0.000265644601023261	0.000687242284143446
AG.PRD.LVSK.XD_rank	1.29374153545325e-07	0.000104465327061692	0.000328001999250281
SE.SEC.ENRL.GC.FE.ZS	1.29099326865626e-07	0.000208636799476233	0.000656003998500562
AG.LND.AGRI.ZS_delta1	1.2879375738302e-07	8.66871209091393e-05	0.000296763713607397
NY.GDP.MKTP.CN_isNA_rank	1.28472716189715e-07	9.0801085969234e-05	0.000359240284893165
SP.POP.1519.FE.5Y_delta1	1.28108583229872e-07	0.001017324788432	0.000577908284393353
BX.PEF.TOTL.CD.WD_min2	1.27760252048702e-07	0.000224798805069463	0.000562289141571911
DC.DAC.CANL.CD_delta1	1.27349973411412e-07	0.000187185410234311	0.000312382856428839
NY.GDP.MKTP.KD.ZG_lag1	1.26024370339899e-07	0.000205110543710438	0.000468574284643259
BX.KLT.DINV.WD.GD.ZS_avg2	1.25183448538897e-07	0.00023846304616192	0.000577908284393353
TX.VAL.TRVL.ZS.WT	1.24567885650463e-07	0.000401846229977112	0.000577908284393353
IT.MLT.MAIN.P2_rank	1.24513390064216e-07	0.000101085998619471	0.000203048856678745
TM.VAL.TRVL.ZS.WT_delta1	1.23927439341965e-07	0.000684681327858625	0.000702861426964888
NE.EXP.GNFS.ZS_delta1	1.21092055466043e-07	0.000258739016815245	0.000577908284393353
DC.DAC.CANL.CD_ratioavg2	1.20433815598017e-07	0.000189242392764358	0.000531050855929027
young_population_pressure_delta1	1.19947234576675e-07	0.00016852564014031	0.000452955141821817
BM.GSR.TRAN.ZS_max2	1.18616345938099e-07	0.000105787672973865	0.000281144570785955
EN.GHG.N2O.FE.MT.CE.AR5_ratioavg2	1.18315561547915e-07	0.000342781445900037	0.00064038485567912
SP.DYN.TFRT.IN_delta1	1.17858279849054e-07	0.000170729549993932	0.000484193427464701
AG.LND.ARBL.HA.PC_tend2	1.17434575207186e-07	0.000106375382268164	0.000343621142071723
SP.POP.7074.MA.5Y_delta1	1.17288925097289e-07	0.000503813792538031	0.000577908284393353
EN.GHG.N2O.FE.MT.CE.AR5_delta1	1.1719241133475e-07	0.000136642410924575	0.000390478570536049
DC.DAC.JPNL.CD_ratioavg2	1.17179315010882e-07	0.000400817738712088	0.0010777208546795
DC.DAC.CECL.CD_ratiomax2	1.16303767467287e-07	0.000571694216029595	0.000390478570536049
FS.AST.CGOV.GD.ZS_ratioavg2	1.1589262797816e-07	0.000303551850505562	0.000577908284393353
EG.ELC.FOSL.ZS	1.15654719466974e-07	8.88910307627615e-05	0.000343621142071723
NE.CON.PRVT.ZS_lag1	1.1563071104593e-07	6.43541677257678e-05	9.37148569286517e-05
FI.RES.TOTL.CD_ratioavg2	1.15598496792411e-07	0.000311779780625752	0.000593527427214794
BX.GSR.TRAN.ZS_tend2	1.1510245704731e-07	0.000516008760394741	0.00087467199800075
SE.PRM.TCHR	1.14687718238783e-07	0.000231704389277479	0.000687242284143446
SP.POP.0004.FE.5Y_rank	1.13796817890212e-07	0.00165998490174823	0.000593527427214794
AG.LND.CREL.HA_min2	1.12267751412445e-07	3.58502669522542e-05	9.37148569286517e-05
NE.CON.GOVT.CD_tend2	1.11912745293126e-07	6.17094759014212e-05	0.000265525427964513
TM.VAL.MMTL.ZS.UN	1.11222103976605e-07	0.000257563598226646	0.000562289141571911
AG.CON.FERT.ZS_ratioavg2	1.10566663035406e-07	0.000265644601023261	0.000905910283643634
AG.PRD.FOOD.XD_ratioavg2	1.10521676594222e-07	0.000252421141901528	0.000484193427464701
NE.CON.GOVT.ZS_min2	1.09995975091646e-07	0.000183512227144941	0.000406097713357491
EN.GHG.CH4.FE.MT.CE.AR5_ratiomax2	1.09645915790485e-07	8.03692459954223e-05	0.000203048856678745
SE.PRM.ENRL.FE.ZS_isNA_rank	1.08978910564647e-07	0.000357621105581093	0.000827814569536424
NE.CON.PRVT.CD_tend2	1.08897414615603e-07	6.06809846363975e-05	0.000234287142321629
EN.GHG.CH4.IC.MT.CE.AR5_delta1	1.0888500925374e-07	3.18832292157343e-05	0.000124953142571536
TM.VAL.MMTL.ZS.UN_rank	1.08273154804112e-07	0.000486770223003353	0.00064038485567912
BX.KLT.DINV.WD.GD.ZS_isNA_rank	1.0771100277469e-07	0.000212897691859903	0.000624765712857678
IT.MLT.MAIN_ratiomax2	1.07305071296165e-07	6.99374060216107e-05	0.000234287142321629
TX.VAL.MRCH.AL.ZS_rank	1.06655283430787e-07	0.000509984740128174	0.000468574284643259
TM.VAL.MRCH.AL.ZS_lag1	1.06263222793867e-07	0.000168966422111034	0.000484193427464701
SE.PRM.ENRL_isNA_rank	1.06140620610682e-07	7.97815367011231e-05	0.000265525427964513
NY.GDP.FCST.CN_lag1	1.05414849824198e-07	0.000114603312388354	0.000140572285392978
FI.RES.TOTL.CD_tend2	1.05220048750781e-07	0.000109020074092511	0.000359240284893165
TX.VAL.FUEL.ZS.UN_delta1	1.05212710702001e-07	0.00022714964224666	0.000531050855929027
SP.POP.65UP.TO.ZS_lag1	1.04959587761835e-07	0.000405225558419332	0.000171810571035862
NY.ADJ.NNTY.CD_delta1	1.04721566922945e-07	0.00039905461082919	0.000296763713607397
BX.GSR.TRVL.ZS_ratioavg2	1.04720628639244e-07	0.000702900315981902	0.000734099712607772
BM.TRF.PWKR.CD.DT_ratiomax2	1.04610738223707e-07	0.000184540718409964	0.000343621142071723
DT.ODA.ODAT.PC.ZS_ratiomax2	1.04122857038892e-07	0.000253008851195827	7.80957141072098e-05
TM.VAL.MRCH.R2.ZS_delta1	1.03796183560273e-07	0.000181308317291318	0.000687242284143446
FI.RES.TOTL.MO_avg2	1.02398577433373e-07	0.000214073110448502	0.000203048856678745
EN.GHG.CO2.BU.MT.CE.AR5_delta1	1.02274306688841e-07	0.000166762512257412	0.000437335999000375
DC.DAC.USAL.CD_min2	1.01122563579203e-07	3.95234500416245e-05	0.000109333999750094
SH.DYN.MORT_delta1	1.00152808650358e-07	4.56943976317666e-05	0.000187429713857304
NE.RSB.GNFS.CD_rank	1.00026646045627e-07	0.000151041288634907	0.000234287142321629
BM.KLT.DINV.WD.GD.ZS_avg2	9.96371603635712e-08	0.000275488731702773	0.000484193427464701
BM.GSR.MRCH.CD_avg2	9.94877045632665e-08	8.81563941448874e-06	1.5619142821442e-05
NE.EXP.GNFS.CD_isNA_rank	9.90089806990441e-08	0.000207902162858359	0.000343621142071723
BX.GRT.TECH.CD.WD_delta1	9.87727795958651e-08	9.12418679399584e-05	0.000312382856428839
IS.AIR.PSGR_tend2	9.72680829399502e-08	0.000193209430500878	0.000577908284393353
SP.POP.3034.FE.5Y_lag1	9.71272260043946e-08	0.000798109221658381	0.000390478570536049
BX.KLT.DINV.CD.WD_isNA_rank	9.69025603440692e-08	0.000304580341770586	0.000687242284143446
BX.GSR.FCTY.CD_isNA_rank	9.66713417121244e-08	0.000205845180328312	0.000609146570036236
NE.TRD.GNFS.ZS_rank	9.65213666289058e-08	0.000217158584243573	0.000203048856678745
IT.MLT.MAIN_min2	9.64325366112044e-08	8.58055569676904e-05	0.000124953142571536
FI.RES.TOTL.CD_isNA_rank	9.6343212571931e-08	0.000155596035665726	0.000452955141821817
TM.VAL.TRAN.ZS.WT_rank	9.59761803373209e-08	4.39312697488689e-05	0.000171810571035862
TM.VAL.TRVL.ZS.WT_rank	9.59639922071047e-08	9.81474521479746e-05	0.000171810571035862
IS.AIR.PSGR_max2	9.54303820044335e-08	0.00012885526277511	0.00015619142821442
BM.KLT.DINV.CD.WD_max2	9.40269856372749e-08	6.58234409615159e-05	0.000234287142321629
FD.AST.PRVT.GD.ZS_ratioavg2	9.39947379364161e-08	0.000227884278864534	0.000546669998750469
NY.ADJ.DMIN.GN.ZS_isNA_rank	9.27559177319982e-08	0.000271227839319104	0.000827814569536424
DT.ODA.ALLD.KD_ratiomax2	9.2339495986203e-08	0.000575367399118965	0.000171810571035862
EN.GHG.CO2.PC.CE.AR5_tend2	9.17752962582411e-08	0.000158240727490073	0.000374859427714607
NV.AGR.TOTL.CD	9.1088032758364e-08	8.24262285254697e-05	0.00015619142821442
NE.CON.PRVT.PC.KD_ratioavg2	9.10426183245089e-08	7.74306995239261e-05	0.000265525427964513
TX.VAL.FOOD.ZS.UN_isNA_rank	9.07582366067937e-08	4.73105981910896e-05	0.000218667999500187
BM.GSR.FCTY.CD_max2	9.07353295087203e-08	2.26268078305211e-05	6.24765712857678e-05
NY.GNP.MKTP.CD_isNA_rank	9.03233170858562e-08	0.000149278160752009	0.000421716856178933
NY.GNP.ATLS.CD	8.92646616451638e-08	8.55117023205408e-05	9.37148569286517e-05
BX.PEF.TOTL.CD.WD_tend2	8.90560102553807e-08	0.000252274214577953	0.000499812570286143
SP.POP.0004.MA.5Y_delta1	8.86611418513725e-08	0.00017645971561335	0.000437335999000375
DC.DAC.GBRL.CD_delta1	8.86284816266616e-08	0.00033675742563347	0.000515431713107585
EN.GHG.N2O.TR.MT.CE.AR5_min2	8.72035008098261e-08	2.26268078305211e-05	7.80957141072098e-05
AG.LND.AGRI.ZS_tend2	8.71991444939719e-08	0.000106081527621014	0.000421716856178933
IS.AIR.DPRT_ratioavg2	8.6919016501075e-08	0.000211869200594879	0.000562289141571911
NE.CON.PRVT.KD	8.66270611855999e-08	2.02759706533241e-05	7.80957141072098e-05
MS.MIL.MPRT.KD_ratioavg2	8.66200786290576e-08	0.000333965806485548	0.000687242284143446
NE.CON.PRVT.ZS_isNA_rank	8.65170593304565e-08	0.000116219512947677	0.000452955141821817
MS.MIL.XPND.GD.ZS_avg2	8.63571909623555e-08	0.000155742962989301	0.000203048856678745
DT.ODA.ALLD.CD_max2	8.61710728474856e-08	5.86240021063501e-05	9.37148569286517e-05
EN.GHG.CO2.TR.MT.CE.AR5_delta1	8.57296331696422e-08	0.000160885419314419	0.000343621142071723
BX.GSR.TRVL.ZS_tend2	8.57222045244697e-08	0.000153539053135679	0.00071848056978633
NE.IMP.GNFS.KD.ZG_isNA_rank	8.55932466656844e-08	0.000282688170557939	0.000406097713357491
BX.GRT.EXTA.CD.WD_avg2	8.53839878133283e-08	0.000103583763120243	0.000171810571035862
AG.LND.ARBL.ZS_lag1	8.48588326567796e-08	6.84681327858626e-05	0.000140572285392978
SP.POP.1014.MA.5Y_lag1	8.46229393189786e-08	0.000343956864488636	0.000171810571035862
NV.IND.TOTL.CD_delta1	8.44373550010755e-08	0.000707161208365572	0.000593527427214794
TM.VAL.MRCH.RS.ZS_delta1	8.38638462665759e-08	0.000112105547887582	0.000421716856178933
EN.GHG.CH4.BU.MT.CE.AR5_tend2	8.38544705206169e-08	0.000916532644459679	0.000765337998250656
FM.AST.PRVT.GD.ZS_avg2	8.36429675998369e-08	1.02849126502369e-05	1.5619142821442e-05
NE.GDI.FTOT.ZS_rank	8.35326572088432e-08	5.09837812804599e-05	9.37148569286517e-05
AG.LND.ARBL.ZS_min2	8.30702780071904e-08	6.24441125192952e-05	0.000203048856678745
SP.POP.0004.FE.5Y	8.28855914973571e-08	0.00164823071586224	0.000671623141322004
SH.IMM.IDPT_lag1	8.12969852045538e-08	0.000251539577960079	0.000234287142321629
BM.KLT.DINV.WD.GD.ZS_max2	8.10259990741077e-08	0.000161179273961569	0.000452955141821817
NE.CON.PRVT.KD.ZG_delta1	8.09848211496251e-08	7.69899175532017e-05	0.000234287142321629
SM.POP.RHCR.EO_delta1	8.08322642541188e-08	0.000438871915517964	0.000765337998250656
EN.GHG.CO2.PI.MT.CE.AR5_delta1	8.04277440898899e-08	5.46569643698302e-05	0.000281144570785955
NE.CON.PRVT.KD.ZG_avg2	8.01987882367771e-08	0.000205551325681162	0.000406097713357491
NE.CON.PRVT.KD.ZG_ratiomax2	7.99479324493235e-08	6.62642229322404e-05	0.000281144570785955
NE.CON.PRVT.CD_ratioavg2	7.97096855840302e-08	0.000210693782006281	0.000546669998750469
NE.CON.PRVT.KD.ZG_lag1	7.95356854972083e-08	0.000216717802272848	0.000484193427464701
NE.TRD.GNFS.ZS_delta1	7.94057657275357e-08	0.000165146311698089	0.000452955141821817
IT.MLT.MAIN_rank	7.91060911945645e-08	8.71279028798637e-05	0.00015619142821442
TM.VAL.FUEL.ZS.UN_rank	7.910589337763e-08	5.43631097226806e-05	9.37148569286517e-05
IT.MLT.MAIN_delta1	7.85419177246038e-08	0.00010196756256092	0.000296763713607397
SE.SEC.ENRR.FE_lag1	7.85135839848469e-08	0.00091168404278171	0.000609146570036236
BM.KLT.DINV.WD.GD.ZS_ratioavg2	7.847412857439e-08	0.000272256330584127	0.000734099712607772
NE.IMP.GNFS.ZS_isNA_rank	7.76019010373516e-08	0.000137523974866024	0.000484193427464701
AG.PRD.CROP.XD_delta1	7.74856444129401e-08	0.000198939596120296	0.000249906285143071
DT.NFL.UNDP.CD_lag1	7.72102285284009e-08	0.000458854031524139	0.000452955141821817
EN.GHG.N2O.PI.MT.CE.AR5_tend2	7.60575523331924e-08	0.000119892696037047	0.000249906285143071
FirstYear_rank	7.59659723772238e-08	0.00032882335016043	0.000687242284143446
SP.POP.0004.MA.5Y	7.58777619213647e-08	0.00186553622742939	0.000687242284143446
NE.EXP.GNFS.KD.ZG_delta1	7.57796604813681e-08	0.000312808271890775	0.000905910283643634
NY.GDP.FRST.RT.ZS_isNA_rank	7.55449272728834e-08	0.00374385513200979	0.00187429713857304
SP.POP.65UP.MA.IN_delta1	7.53563934387848e-08	0.00016059156466727	0.000171810571035862
TM.VAL.MRCH.HI.ZS_lag1	7.42617743303206e-08	0.000141197157955395	0.000312382856428839
EN.GHG.CH4.IC.MT.CE.AR5_avg2	7.42398808842194e-08	2.01290433297493e-05	6.24765712857678e-05
EN.GHG.CO2.TR.MT.CE.AR5_ratioavg2	7.41924650835501e-08	0.000167791003522436	0.000421716856178933
TM.VAL.FOOD.ZS.UN_isNA_rank	7.39894665157003e-08	0.000436668005664342	0.000531050855929027
AG.CON.FERT.ZS_lag1	7.37737095518343e-08	0.000494998153123543	0.000406097713357491
BX.GRT.EXTA.CD.WD_tend2	7.36026422614599e-08	0.000329851841425454	0.000484193427464701
SP.DYN.CDRT.IN_lag1	7.31014856816725e-08	0.000147221178221962	0.000249906285143071
AG.YLD.CREL.KG_ratioavg2	7.305193002147e-08	0.000172933459847554	0.000452955141821817
NE.GDI.FTOT.ZS_lag1	7.23241197042562e-08	0.000190858593323681	0.000265525427964513
SH.DTH.MORT_rank	7.22643731006568e-08	6.30318218135945e-05	3.12382856428839e-05
DC.DAC.CECL.CD_isNA_rank	7.2219652090042e-08	0.000512041722658221	0.000827814569536424
DC.DAC.CANL.CD_rank	7.20456338580305e-08	4.74575255146644e-05	0.00015619142821442
DT.ODA.ODAT.CD_tend2	7.19361506238538e-08	0.000108285437474637	0.000249906285143071
DC.DAC.DEUL.CD_ratioavg2	7.18403884064852e-08	0.000497202062977165	0.000921529426465076
TM.VAL.MMTL.ZS.UN_isNA_rank	7.18343642099256e-08	9.72658882065257e-05	0.000312382856428839
NE.CON.TOTL.CD_tend2	7.18074614173412e-08	2.15983165654974e-05	9.37148569286517e-05
SP.POP.TOTL.FE.IN_delta1	7.1075131258504e-08	5.34815457812317e-05	9.37148569286517e-05
IS.AIR.PSGR_ratioavg2	7.10136662220776e-08	0.000527322164310001	0.000843433712357866
DT.ODA.ODAT.CD_avg2	7.10127939721413e-08	0.000178957480114121	0.000124953142571536
SP.DYN.AMRT.MA_isNA_rank	7.0937408507303e-08	0.00142401962008708	0.00114019742596526
EN.URB.LCTY.UR.ZS_ratiomax2	7.06914633751267e-08	8.52178476733911e-06	4.68574284643259e-05
TM.VAL.MRCH.CD.WT	7.05671934711704e-08	2.77692641556395e-05	6.24765712857678e-05
MS.MIL.XPND.GD.ZS_isNA_rank	7.02976853947428e-08	0.000424766892454782	0.000765337998250656
AG.LND.AGRI.K2_delta1	6.97769147810444e-08	0.000149572015399159	0.000343621142071723
TM.VAL.SERV.CD.WT_delta1	6.97631693134439e-08	0.000191152447970831	0.000343621142071723
DC.DAC.GBRL.CD_ratiomax2	6.94605332978294e-08	0.000103877617767392	0.000265525427964513
NY.GNP.MKTP.CN_isNA_rank	6.89114510664629e-08	0.00010196756256092	0.000328001999250281
SP.POP.7579.FE.5Y_lag1	6.83655605240859e-08	0.000126504425597913	9.37148569286517e-05
SH.IMM.MEAS_delta1	6.81142021716677e-08	0.00022288874986299	0.000359240284893165
TM.VAL.TRVL.ZS.WT_lag1	6.74869764279911e-08	0.000107991582827487	0.000203048856678745
TX.VAL.MANF.ZS.UN_delta1	6.71331043166505e-08	0.00030531497838846	0.000671623141322004
MS.MIL.XPND.CD	6.68514490652845e-08	9.52089056764784e-05	0.000187429713857304
BX.PEF.TOTL.CD.WD_rank	6.67542425117514e-08	0.000116954149565551	0.000234287142321629
NE.CON.TOTL.CD_isNA_rank	6.66120855151837e-08	0.000338373626192793	0.000390478570536049
NE.GDI.TOTL.CD_isNA_rank	6.58125973480907e-08	0.000151188215958482	0.000406097713357491
NE.IMP.GNFS.ZS_rank	6.5638529833797e-08	6.24441125192952e-05	7.80957141072098e-05
DC.DAC.TOTL.CD_delta1	6.53868125720773e-08	8.91848854099111e-05	0.000187429713857304
SP.DYN.LE00.IN_lag1	6.48423363933525e-08	4.5400542984617e-05	6.24765712857678e-05
EG.USE.PCAP.KG.OE_delta1	6.47245543224978e-08	0.000219068639450045	0.000249906285143071
urban_development_ratio_lag1	6.45341517347413e-08	0.000163677038462341	0.000109333999750094
BG.GSR.NFSV.GD.ZS_delta1	6.43378711593314e-08	0.000108432364798212	0.000359240284893165
EG.ELC.COAL.ZS	6.41726161206469e-08	4.34904877781444e-05	7.80957141072098e-05
NE.CON.TOTL.KD.ZG_ratiomax2	6.41503572161001e-08	0.000114309457741204	0.000343621142071723
EN.GHG.N2O.TR.MT.CE.AR5_tend2	6.38386396232134e-08	0.000522914344602757	0.000484193427464701
EN.POP.DNST_lag1	6.34745988049518e-08	4.02580866594986e-05	6.24765712857678e-05
FD.AST.PRVT.GD.ZS_rank	6.32091433947654e-08	3.04139559799861e-05	6.24765712857678e-05
NE.CON.PRVT.ZS_ratioavg2	6.27255806492281e-08	6.99374060216107e-05	0.000249906285143071
DC.DAC.CANL.CD_ratiomax2	6.2650535794645e-08	7.1994388551658e-06	3.12382856428839e-05
TM.VAL.MRCH.R2.ZS_lag1	6.22199851884912e-08	0.000103583763120243	0.000265525427964513
DT.ODA.ALLD.CD_isNA_rank	6.20461128720079e-08	0.000861141043471975	0.000562289141571911
BX.TRF.PWKR.CD.DT_lag1	6.18559010464074e-08	0.000151335143282057	0.000234287142321629
BX.GSR.TOTL.CD_lag1	6.1786706419759e-08	3.42340663929313e-05	7.80957141072098e-05
BX.GSR.CMCP.ZS_isNA_rank	6.17010312506807e-08	0.000248307176841433	0.000546669998750469
AG.PRD.CREL.MT_avg2	6.14571374776705e-08	0.000200702724003194	0.000124953142571536
BX.PEF.TOTL.CD.WD_isNA_rank	6.14502646213004e-08	0.000221566403950817	0.000702861426964888
DC.DAC.FRAL.CD	6.12042313477186e-08	0.000161032346637994	0.000468574284643259
EN.GHG.CO2.PC.CE.AR5_avg2	6.12002413985304e-08	0.000430937840044925	0.000140572285392978
MS.MIL.XPND.GD.ZS_ratioavg2	6.07551726438093e-08	0.000772837722003513	0.00109333999750094
EN.GHG.CO2.IP.MT.CE.AR5_ratioavg2	6.03598765544726e-08	0.000249188740782882	0.000702861426964888
BX.GSR.TOTL.CD_tend2	6.01565933574807e-08	0.000161032346637994	0.000296763713607397
DC.DAC.FRAL.CD_ratiomax2	6.01150919336781e-08	0.000151775925252781	0.000234287142321629
SH.MMR.RISK.ZS_lag1	5.97045914120013e-08	2.70346275377655e-05	9.37148569286517e-05
NY.GDP.PCAP.KD.ZG	5.96617033156213e-08	5.90647840770746e-05	0.000203048856678745
EN.GHG.CO2.RT.GDP.KD_rank	5.96451066616305e-08	0.0001761658609662	9.37148569286517e-05
DT.ODA.ALLD.CD_delta1	5.95374117719801e-08	2.76223368320647e-05	7.80957141072098e-05
IT.CEL.SETS_ratiomax2	5.92682519832859e-08	8.22793012018949e-06	1.5619142821442e-05
neonatal_risk_indicator_delta1	5.91928609818831e-08	0.000221272549303667	0.000562289141571911
NE.IMP.GNFS.ZS	5.91072116927459e-08	0.000457384758288391	0.000593527427214794
AG.LND.ARBL.HA.PC_delta1	5.90632342554427e-08	0.000172639605200404	0.000281144570785955
NV.IND.MANF.CD_isNA_rank	5.88910889825719e-08	0.000145751904986214	0.000374859427714607
TG.VAL.TOTL.GD.ZS_delta1	5.87442197155512e-08	0.000157799945519348	0.000484193427464701
EN.GHG.ALL.MT.CE.AR5_ratioavg2	5.87425976262452e-08	0.000200408869356044	0.000452955141821817
NE.CON.TOTL.KD_isNA_rank	5.78607527241328e-08	9.7853597500825e-05	0.000374859427714607
EN.GHG.CO2.RT.GDP.KD_lag1	5.77669191061647e-08	6.25910398428701e-05	0.000140572285392978
SH.DTH.NMRT_rank	5.75779116522746e-08	5.96524933713738e-05	1.5619142821442e-05
AG.PRD.CROP.XD_avg2	5.75352453178873e-08	9.94697980601479e-05	0.000218667999500187
SP.POP.TOTL.MA.ZS_delta1	5.75145370965999e-08	7.64022082589024e-05	0.000171810571035862
NY.ADJ.DKAP.CD_isNA_rank	5.72727389059471e-08	0.000345573065047959	0.000656003998500562
NE.EXP.GNFS.CD_rank	5.71799152483811e-08	4.17273598952467e-05	6.24765712857678e-05
EG.ELC.FOSL.ZS_lag1	5.70468087710672e-08	5.7889365488476e-05	0.00015619142821442
FM.AST.PRVT.GD.ZS_max2	5.6911473861537e-08	5.50977463405546e-05	0.000124953142571536
DT.NFL.UNDP.CD_tend2	5.68157196035443e-08	0.00189213007299643	0.00168686742471573
DT.NFL.UNDP.CD_delta1	5.67030584664673e-08	0.000850856130821738	0.00087467199800075
NV.IND.TOTL.KD_isNA_rank	5.64797996365715e-08	0.000451948447316123	0.00104648256903661
TX.VAL.TRAN.ZS.WT_lag1	5.61637819105986e-08	0.000267113874259009	0.000421716856178933
DC.DAC.FRAL.CD_delta1	5.60413330177122e-08	7.00843333451855e-05	0.000312382856428839
SP.RUR.TOTL.ZG_delta1	5.57913181266885e-08	0.000265791528346835	0.000484193427464701
NE.EXP.GNFS.CN_delta1	5.56520339118889e-08	0.00157447319942769	0.00106210171185805
young_population_pressure	5.5486978698986e-08	0.000204669761739714	0.000124953142571536
EN.GHG.N2O.MT.CE.AR5_delta1	5.54445530070134e-08	0.000158975364107947	0.000359240284893165
BM.KLT.DINV.WD.GD.ZS_tend2	5.52521884400017e-08	0.00032515016707106	0.000765337998250656
NE.CON.TOTL.KD.ZG_isNA_rank	5.50911402950224e-08	0.000111370911269708	0.000452955141821817
DT.ODA.ODAT.CD_delta1	5.47782170088091e-08	2.23329531833715e-05	6.24765712857678e-05
BM.GSR.TOTL.CD_isNA_rank	5.4505619207753e-08	0.00043417024116357	0.000531050855929027
SP.POP.0014.MA.ZS_delta1	5.40636979917935e-08	0.000119892696037047	0.000249906285143071
IS.AIR.PSGR_min2	5.40446090017883e-08	0.000368787582172779	0.000249906285143071
BM.KLT.DINV.CD.WD_lag1	5.3993901941137e-08	0.000115631803653377	0.000281144570785955
NV.AGR.TOTL.KD.ZG_isNA_rank	5.38082627675022e-08	0.000135320065012402	0.000452955141821817
NE.CON.TOTL.CD_ratioavg2	5.37478427775521e-08	0.000103436835796668	0.000390478570536049
SH.DTH.MORT_delta1	5.36157819558671e-08	6.92027694037366e-05	0.000234287142321629
PA.NUS.FCRF_isNA_rank	5.33373479831267e-08	0.000212456909889179	0.000687242284143446
IS.AIR.DPRT_isNA_rank	5.32016025284176e-08	0.00156345365015958	0.00106210171185805
NE.EXP.GNFS.KD_isNA_rank	5.30294512476371e-08	0.000116660294918401	0.000421716856178933
DC.DAC.USAL.CD_ratiomax2	5.29718029267046e-08	3.1295519921435e-05	7.80957141072098e-05
NV.AGR.TOTL.KD_isNA_rank	5.28777635609172e-08	0.000610189174806196	0.00104648256903661
IT.MLT.MAIN_tend2	5.28666795202297e-08	0.000146192686956938	0.000484193427464701
DC.DAC.DEUL.CD_rank	5.2587890201234e-08	9.60904696179272e-05	0.000171810571035862
DC.DAC.CANL.CD_lag1	5.2418218925294e-08	0.000175137369701176	0.000359240284893165
EN.GHG.N2O.IP.MT.CE.AR5_tend2	5.24039716521454e-08	0.000380394840735189	0.00064038485567912
NE.RSB.GNFS.CD_isNA_rank	5.18879835337764e-08	0.000164411675080215	0.000484193427464701
NY.GDP.PETR.RT.ZS_delta1	5.15513024738535e-08	0.000114456385064779	0.000312382856428839
DT.ODA.ODAT.PC.ZS_ratioavg2	5.11326404932539e-08	0.000224798805069463	0.000312382856428839
FS.AST.CGOV.GD.ZS_isNA_rank	5.08385151622919e-08	0.000213779255801352	0.000421716856178933
AG.LND.CROP.ZS_min2	5.07577094686719e-08	1.27826771510087e-05	7.80957141072098e-05
BM.GSR.TRVL.ZS_rank	5.0650760993722e-08	7.50798623467291e-05	0.000203048856678745
BG.GSR.NFSV.GD.ZS_rank	5.04555835057416e-08	0.000102996053825943	0.000218667999500187
SP.POP.GROW	5.01412765190163e-08	0.000130765317981583	0.000281144570785955
NY.GDP.PCAP.KN_isNA_rank	4.99856274707293e-08	0.000178516698143397	0.000562289141571911
EN.GHG.CH4.WA.MT.CE.AR5_ratioavg2	4.99489275837592e-08	0.00014472341372119	0.000359240284893165
SP.POP.6569.FE.5Y_rank	4.97037341488026e-08	0.000416392035011018	0.000124953142571536
DT.ODA.ALLD.KD_delta1	4.9146925884741e-08	4.62821069260659e-05	0.000124953142571536
DT.ODA.ODAT.KD_avg2	4.89883951559732e-08	6.24441125192952e-05	4.68574284643259e-05
EG.ELC.NGAS.ZS_tend2	4.89161350929277e-08	0.000197911104855272	0.000531050855929027
SP.POP.65UP.FE.IN_delta1	4.88952169530214e-08	0.000179398262084846	0.000171810571035862
EN.GHG.CH4.MT.CE.AR5	4.88064973750163e-08	1.67497148875286e-05	7.80957141072098e-05
SP.POP.7074.MA.5Y_lag1	4.87932059360051e-08	0.000202612779209666	0.000109333999750094
NY.GDP.PCAP.CD_lag1	4.85691344199024e-08	0.000147515032869112	0.000140572285392978
IS.AIR.GOOD.MT.K1_delta1	4.84950088745241e-08	0.000146486541604088	0.000343621142071723
NV.IND.TOTL.KD_delta1	4.8396816405443e-08	8.90379580863363e-05	0.000234287142321629
EN.GHG.CO2.RT.GDP.KD_tend2	4.75660683080713e-08	0.000323533966511737	0.000593527427214794
SP.RUR.TOTL.ZS_delta1	4.75311068951249e-08	0.00028606749900016	0.000374859427714607
BM.KLT.DINV.WD.GD.ZS_delta1	4.73660571018844e-08	0.000159416146078671	0.000452955141821817
BX.GRT.EXTA.CD.WD_lag1	4.70190054502445e-08	0.000620621014780007	0.000312382856428839
NY.GDP.MINR.RT.ZS_isNA_rank	4.63487815796147e-08	0.00060269588130388	0.000937148569286517
TX.VAL.TRAN.ZS.WT_isNA_rank	4.59571955487193e-08	0.000132969227835205	0.000343621142071723
DC.DAC.USAL.CD_isNA_rank	4.58286570978708e-08	0.000737722091669133	0.000468574284643259
EN.GHG.CH4.BU.MT.CE.AR5_avg2	4.58130613673744e-08	7.00843333451855e-05	9.37148569286517e-05
NY.ADJ.NNTY.CD_isNA_rank	4.55379116611003e-08	0.000436374151017193	0.000734099712607772
SP.POP.TOTL.FE.IN_lag1	4.47940679379919e-08	8.81563941448874e-06	3.12382856428839e-05
EN.GHG.N2O.TR.MT.CE.AR5_delta1	4.45355186220568e-08	0.000187332337557886	0.000203048856678745
SP.DYN.LE00.FE.IN_delta1	4.45116134955727e-08	6.45010950493426e-05	0.000249906285143071
IS.AIR.PSGR_delta1	4.43330005925162e-08	9.60904696179272e-05	0.000234287142321629
SP.POP.80UP.FE.5Y	4.41753042742323e-08	6.92027694037366e-05	9.37148569286517e-05
DC.DAC.DEUL.CD_tend2	4.41082721412225e-08	0.000522473562632033	0.000827814569536424
SE.SEC.ENRL.GC.FE.ZS_lag1	4.40203743858639e-08	0.000584183038533454	0.000734099712607772
EN.GHG.CO2.PC.CE.AR5_max2	4.34875250738317e-08	0.00024272393854559	9.37148569286517e-05
DT.ODA.ODAT.KD_delta1	4.3465542154425e-08	5.39223277519561e-05	0.000109333999750094
AG.LND.ARBL.HA_delta1	4.34211678856443e-08	9.27111411757066e-05	0.000249906285143071
EN.GHG.ALL.MT.CE.AR5_tend2	4.32714697202001e-08	9.03603039985096e-05	0.000281144570785955
NV.SRV.TOTL.KD_lag1	4.29915831744632e-08	2.74754095084899e-05	6.24765712857678e-05
NY.GDP.PCAP.KD.ZG_isNA_rank	4.28822552923335e-08	0.000284892080411561	0.000702861426964888
EN.GHG.CO2.IC.MT.CE.AR5_ratiomax2	4.2839458131077e-08	6.39133857550434e-05	0.000140572285392978
AG.LND.ARBL.HA.PC_rank	4.28338632491484e-08	5.97994206949486e-05	7.80957141072098e-05
BM.GSR.INSF.ZS_delta1	4.27562977332859e-08	0.000248601031488582	0.000531050855929027
DT.ODA.ODAT.PC.ZS	4.25270400645077e-08	0.000642219331345505	0.000328001999250281
SH.MMR.RISK.ZS_delta1	4.24768794285232e-08	0.000188360828822909	0.000437335999000375
AG.LND.AGRI.ZS_min2	4.23871312387852e-08	3.82011041294512e-05	0.000124953142571536
DT.NFL.UNDP.CD_avg2	4.22989273582708e-08	0.000142225649220418	0.000171810571035862
NV.IND.MANF.KD_rank	4.21555211483783e-08	2.21860258597967e-05	6.24765712857678e-05
SE.PRM.TCHR_lag1	4.20962518318656e-08	0.000213191546507053	0.000468574284643259
MS.MIL.MPRT.KD_isNA_rank	4.16868241481267e-08	0.000165440166345239	0.000499812570286143
MS.MIL.XPND.CD_tend2	4.12100948092514e-08	0.000335141225074147	0.000562289141571911
BX.GRT.EXTA.CD.WD_isNA_rank	4.11575978662182e-08	0.000129589899392984	0.000421716856178933
FS.AST.PRVT.GD.ZS_isNA_rank	4.08733053053839e-08	0.000171023404641082	0.000546669998750469
TM.VAL.MRCH.R5.ZS_rank	4.08521446685378e-08	6.36195311078937e-05	0.000124953142571536
ER.H2O.INTR.PC_ratioavg2	4.07496413081121e-08	3.67318308937031e-05	0.000140572285392978
SE.SEC.ENRL.GC.FE.ZS_isNA_rank	4.06843684035722e-08	0.000162942401844467	0.000452955141821817
EN.GHG.CH4.IC.MT.CE.AR5_ratioavg2	4.03533859289955e-08	0.000115631803653377	0.000406097713357491
BM.GSR.CMCP.ZS_delta1	4.02940975524291e-08	4.17273598952467e-05	0.000218667999500187
BX.GSR.NFSV.CD_max2	4.00963814342898e-08	1.1754185885985e-05	3.12382856428839e-05
IT.MLT.MAIN_max2	3.99917323198013e-08	1.70435695346782e-05	9.37148569286517e-05
BX.KLT.DINV.CD.WD_max2	3.98132418948543e-08	0.000153392125812104	0.000218667999500187
AG.CON.FERT.ZS_delta1	3.96906773828538e-08	0.000165146311698089	0.000562289141571911
TM.VAL.MRCH.AL.ZS	3.96771985554894e-08	0.000576689745031138	0.00071848056978633
EN.GHG.CO2.BU.MT.CE.AR5_max2	3.95801677104691e-08	0.000362175852611912	0.000109333999750094
urban_development_ratio_delta1	3.95675821151717e-08	0.000176018933642625	0.000218667999500187
TM.VAL.FUEL.ZS.UN_isNA_rank	3.95125927225716e-08	0.000303845705152712	0.000343621142071723
EG.USE.ELEC.KH.PC_min2	3.89975443876914e-08	0.000245368630369937	0.000124953142571536
FI.RES.XGLD.CD_ratiomax2	3.88839261902509e-08	9.5502760323628e-05	7.80957141072098e-05
BX.GRT.EXTA.CD.WD_rank	3.86971896060185e-08	0.00115881580103454	0.000546669998750469
EN.GHG.CH4.AG.MT.CE.AR5_delta1	3.86173298758704e-08	5.75955108413264e-05	0.000187429713857304
NY.ADJ.AEDU.GN.ZS_rank	3.83691594034825e-08	8.11038826132964e-05	0.00015619142821442
SP.POP.6569.MA.5Y_rank	3.8363532389492e-08	0.000258885944138819	7.80957141072098e-05
NY.ADJ.DFOR.GN.ZS_lag1	3.82750169461383e-08	1.21949678567094e-05	1.5619142821442e-05
EN.GHG.CO2.FE.MT.CE.AR5_delta1	3.79482227983016e-08	0.000206579816946186	0.000265525427964513
NY.GDP.MKTP.KD_delta1	3.78433765560105e-08	9.25642138521317e-06	4.68574284643259e-05
BX.TRF.PWKR.CD.DT_ratioavg2	3.78033220212189e-08	0.000378044003557992	0.000780957141072098
FP.CPI.TOTL.ZG_tend2	3.75320239823892e-08	0.00032882335016043	0.000952767712107959
MS.MIL.MPRT.KD_ratiomax2	3.75285899566889e-08	8.05161733189972e-05	0.000124953142571536
FM.LBL.BMNY.GD.ZS_rank	3.70620659142183e-08	0.000402140084624261	0.000265525427964513
NY.ADJ.DFOR.CD_isNA_rank	3.6933777655038e-08	0.000140609448661095	0.000499812570286143
DT.ODA.ODAT.KD_ratioavg2	3.68718107491845e-08	0.000314571399773673	0.000343621142071723
NE.IMP.GNFS.CD	3.68264365460657e-08	1.1754185885985e-05	4.68574284643259e-05
NY.ADJ.DKAP.CD_delta1	3.6802650413717e-08	3.46748483636557e-05	0.000140572285392978
NV.AGR.TOTL.ZS_isNA_rank	3.67439056326918e-08	0.00018042675334987	0.000437335999000375
TM.VAL.MMTL.ZS.UN_lag1	3.63825728551045e-08	0.000223770313804439	0.000406097713357491
NE.IMP.GNFS.CD_isNA_rank	3.61422061706633e-08	0.000149425088075584	0.000437335999000375
NE.IMP.GNFS.KD_delta1	3.6017435865955e-08	0.000119304986742748	0.000265525427964513
TX.VAL.MRCH.HI.ZS_rank	3.56697587009417e-08	6.77334961679885e-05	0.000187429713857304
TM.VAL.AGRI.ZS.UN_isNA_rank	3.55862738276301e-08	0.000108138510151062	0.000374859427714607
TM.VAL.INSF.ZS.WT_delta1	3.54201906966802e-08	0.000393177517886198	0.000765337998250656
EG.ELC.NGAS.ZS_ratiomax2	3.53845491195326e-08	0.000136054701630276	7.80957141072098e-05
BX.GRT.EXTA.CD.WD_ratioavg2	3.45969302158693e-08	0.000169847986052483	0.000452955141821817
NE.CON.GOVT.ZS_isNA_rank	3.45347211157484e-08	0.000258885944138819	0.000562289141571911
BX.GSR.CMCP.ZS_min2	3.4351967516988e-08	0.000277104932262096	0.000359240284893165
BM.KLT.DINV.CD.WD_isNA_rank	3.42067978824953e-08	4.37843424252941e-05	0.000187429713857304
SP.POP.DPND.OL	3.38339214839943e-08	7.56675716410283e-05	7.80957141072098e-05
SP.POP.DPND	3.38091592367845e-08	0.000155449108342151	0.000140572285392978
SP.POP.3539.MA.5Y	3.37418318445659e-08	5.84770747827753e-05	0.000140572285392978
BM.GSR.MRCH.CD_min2	3.3740801438235e-08	0.000169847986052483	0.000124953142571536
TX.VAL.MRCH.R3.ZS_lag1	3.34593934072942e-08	0.000229206624776707	0.000296763713607397
NE.CON.GOVT.CD_min2	3.34029748576605e-08	2.61530635963166e-05	9.37148569286517e-05
TM.VAL.MRCH.OR.ZS_delta1	3.33749391902244e-08	0.000255065833725874	0.000734099712607772
SP.POP.65UP.FE.ZS_lag1	3.32846025158153e-08	0.000219362494097195	0.000124953142571536
AG.YLD.CREL.KG_rank	3.29105170119608e-08	2.08636799476233e-05	6.24765712857678e-05
FD.AST.PRVT.GD.ZS_min2	3.27464699098598e-08	4.52536156610422e-05	0.000140572285392978
DT.ODA.ALLD.KD_rank	3.26142331592469e-08	4.40781970724437e-05	0.000109333999750094
SP.POP.0509.FE.5Y_rank	3.24751430555849e-08	6.0240202665673e-06	1.5619142821442e-05
FM.LBL.BMNY.GD.ZS_avg2	3.21985237026468e-08	4.80452348089636e-05	6.24765712857678e-05
NE.IMP.GNFS.CD_delta1	3.21957805393281e-08	7.1259751933784e-05	0.000234287142321629
FM.LBL.BMNY.GD.ZS_ratiomax2	3.21149980180938e-08	3.17363018921595e-05	0.000109333999750094
EG.USE.PCAP.KG.OE_lag1	3.21037490514783e-08	0.00010534689100314	0.000124953142571536
IT.MLT.MAIN.P2_delta1	3.16044211700205e-08	0.000163823965785916	0.000312382856428839
ER.FSH.CAPT.MT_lag1	3.11297971690082e-08	1.49865870046309e-05	4.68574284643259e-05
SP.POP.GROW_delta1	3.10834626070935e-08	9.85882341186991e-05	0.000249906285143071
AG.CON.FERT.ZS_ratiomax2	3.10822242110433e-08	5.93586387242242e-05	0.00015619142821442
NE.GDI.FTOT.ZS	3.09849101864957e-08	0.00014501726836834	0.000421716856178933
year_cycle_lag1	3.08235191532687e-08	0.000138993248101772	0.000281144570785955
NY.ADJ.AEDU.GN.ZS	3.07028987476581e-08	0.000114309457741204	0.000234287142321629
NE.CON.PRVT.CD_min2	3.06733663017463e-08	5.25999818397828e-05	7.80957141072098e-05
AG.YLD.CREL.KG_min2	3.03836158023826e-08	0.000413453488539522	0.000234287142321629
SP.POP.7579.FE.5Y	3.0376381084651e-08	0.00028210046126364	0.000124953142571536
BM.KLT.DINV.CD.WD_ratioavg2	3.03100949668218e-08	0.000284892080411561	0.000687242284143446
BX.GSR.TRAN.ZS_delta1	3.0273037156124e-08	0.00028210046126364	0.000406097713357491
AG.PRD.FOOD.XD_ratiomax2	3.02061474480111e-08	8.71279028798637e-05	6.24765712857678e-05
IS.AIR.PSGR_ratiomax2	3.01151984800581e-08	9.41804144114547e-05	0.000281144570785955
FI.RES.TOTL.CD_delta1	3.00882060699346e-08	0.000145164195691915	0.000218667999500187
MS.MIL.XPND.CD_delta1	3.00882018736986e-08	0.000197617250208123	0.000312382856428839
NY.GDP.MKTP.KD.ZG_rank	2.99807042780387e-08	0.000119598841389897	0.000312382856428839
BX.GRT.EXTA.CD.WD_delta1	2.97072460090728e-08	0.000120774259978496	0.000218667999500187
SP.POP.0014.FE.ZS_rank	2.96024629636034e-08	6.0240202665673e-06	1.5619142821442e-05
AG.PRD.FOOD.XD_rank	2.95507501660345e-08	0.000107550800856763	0.000374859427714607
AG.LND.CROP.ZS_ratioavg2	2.93024486165866e-08	0.000104171472414542	0.000328001999250281
BX.GSR.TRAN.ZS_max2	2.9143806519601e-08	0.000208342944829084	0.000328001999250281
EN.GHG.CH4.WA.MT.CE.AR5_ratiomax2	2.9123922178859e-08	6.17094759014212e-06	4.68574284643259e-05
NE.CON.TOTL.KD.ZG_rank	2.89195051052301e-08	1.96882613590248e-05	7.80957141072098e-05
NV.IND.TOTL.KD.ZG_isNA_rank	2.88489319977917e-08	0.000193797139795177	0.000531050855929027
DT.ODA.ODAT.PC.ZS_rank	2.87843565547537e-08	0.000585064602474903	0.000328001999250281
BX.GRT.EXTA.CD.WD_max2	2.87808246234696e-08	0.000116219512947677	0.000249906285143071
TX.VAL.TRAN.ZS.WT_delta1	2.86602141076264e-08	0.000239638464750519	0.000562289141571911
EN.GHG.N2O.BU.MT.CE.AR5	2.86054050742444e-08	3.80541768058764e-05	0.000124953142571536
NY.GDP.MKTP.CD	2.85882290097826e-08	3.18832292157343e-05	4.68574284643259e-05
BX.TRF.PWKR.DT.GD.ZS_tend2	2.84892010691079e-08	0.000248894886135732	0.000859052855179308
EN.GHG.CO2.PC.CE.AR5_delta1	2.835342267583e-08	0.000131353027275882	0.00015619142821442
NE.CON.TOTL.CD_min2	2.83055469729448e-08	1.68966422111034e-05	7.80957141072098e-05
EG.ELC.COAL.ZS_ratioavg2	2.81447270414856e-08	7.94876820539735e-05	0.000281144570785955
EN.GHG.CH4.MT.CE.AR5_rank	2.80173381984561e-08	1.26357498274339e-05	4.68574284643259e-05
BX.GSR.MRCH.CD_ratiomax2	2.78066793796094e-08	5.87709294299249e-06	1.5619142821442e-05
AG.PRD.CREL.MT	2.77741736720728e-08	2.54184269784425e-05	0.00015619142821442
BG.GSR.NFSV.GD.ZS_isNA_rank	2.74318405629058e-08	0.000820442174841752	0.00079657628389354
NY.GNP.MKTP.CD_delta1	2.74274388531808e-08	0.000135760846983127	6.24765712857678e-05
NV.IND.TOTL.CN_isNA_rank	2.73518275680828e-08	0.000314277545126524	0.000671623141322004
DT.ODA.ALLD.CD_avg2	2.72956736721661e-08	0.000254771979078725	0.000140572285392978
DT.ODA.ODAT.PC.ZS_isNA_rank	2.72214587242582e-08	0.000134438501070953	0.000343621142071723
BM.GSR.CMCP.ZS_isNA_rank	2.69000766621304e-08	0.00022318260451014	0.000624765712857678
SP.POP.0004.MA.5Y_rank	2.64532772409947e-08	0.000869515900915739	0.000281144570785955
AG.PRD.FOOD.XD_avg2	2.64293953889026e-08	0.000135466992335977	0.000203048856678745
FS.AST.CGOV.GD.ZS_rank	2.63622664594791e-08	0.000150012797369883	0.000359240284893165
SP.DYN.LE00.IN_delta1	2.61895460787062e-08	5.67139468998776e-05	0.000281144570785955
TX.VAL.MRCH.WL.CD_delta1	2.61547636739654e-08	9.52089056764784e-05	0.000281144570785955
BM.KLT.DINV.CD.WD_tend2	2.60021385575749e-08	0.000327794858895406	0.000687242284143446
NV.SRV.TOTL.KD.ZG_rank	2.57817513572842e-08	0.000390092044091127	0.000452955141821817
FM.AST.NFRG.CN_ratiomax2	2.56076045543047e-08	4.15804325716719e-05	9.37148569286517e-05
IS.AIR.GOOD.MT.K1_ratiomax2	2.51977293291635e-08	8.94787400570607e-05	0.000203048856678745
AG.LND.AGRI.K2_ratiomax2	2.51029413345757e-08	0.000327207149601107	0.000203048856678745
FS.AST.PRVT.GD.ZS_delta1	2.5083923441296e-08	0.000202906633856816	0.000281144570785955
TX.VAL.TRVL.ZS.WT_delta1	2.49267307366813e-08	0.000162354692550168	0.000546669998750469
NY.GDP.PCAP.KD.ZG_lag1	2.47438472550961e-08	0.000112252475211157	0.000406097713357491
DT.NFL.UNDP.CD_min2	2.47246452819419e-08	0.00012518207968574	0.000171810571035862
NE.CON.TOTL.CD_max2	2.43289700651187e-08	2.77692641556395e-05	1.5619142821442e-05
TX.VAL.MRCH.R2.ZS_rank	2.42199827313724e-08	6.36195311078937e-05	0.000140572285392978
EN.GHG.CH4.BU.MT.CE.AR5_delta1	2.40270530537865e-08	0.00037187305596785	0.000281144570785955
EN.GHG.CH4.IC.MT.CE.AR5_lag1	2.39952299496958e-08	3.67318308937031e-06	1.5619142821442e-05
BX.GSR.TRAN.ZS_rank	2.39307315366354e-08	0.000147515032869112	0.000187429713857304
NY.GDP.MKTP.KD.ZG	2.37251611907251e-08	0.000218334002832171	0.000390478570536049
SP.POP.DPND.OL_rank	2.3543864414106e-08	6.46480223729174e-06	3.12382856428839e-05
EN.GHG.ALL.MT.CE.AR5_lag1	2.33672196753608e-08	5.43631097226806e-06	1.5619142821442e-05
FS.AST.PRVT.GD.ZS_lag1	2.31274845433509e-08	2.23329531833715e-05	6.24765712857678e-05
NY.GDS.TOTL.CD_delta1	2.30675086464613e-08	0.000316628382303721	0.000312382856428839
BX.KLT.DINV.CD.WD_ratiomax2	2.27587146523098e-08	0.000121068114625645	0.000343621142071723
SP.URB.GROW_delta1	2.2635115396042e-08	0.000141637939926119	0.000328001999250281
NE.CON.PRVT.KD_tend2	2.26324130496294e-08	6.67050049029648e-05	0.000218667999500187
EN.GHG.N2O.IP.MT.CE.AR5_rank	2.25863279537551e-08	3.67318308937031e-06	1.5619142821442e-05
DT.NFL.UNDP.CD_ratioavg2	2.2530723354548e-08	0.00092784604837494	0.000937148569286517
NE.CON.PRVT.CD_lag1	2.23611922785389e-08	6.75865688444137e-05	4.68574284643259e-05
SP.DYN.LE00.MA.IN_delta1	2.22996027799242e-08	0.000177194352231224	0.000421716856178933
SP.DYN.IMRT.FE.IN_delta1	2.22067688560779e-08	4.04050139830734e-05	0.000140572285392978
EN.POP.DNST_max2	2.19747490742905e-08	1.45458050339064e-05	3.12382856428839e-05
NE.CON.GOVT.CD_delta1	2.16646128108791e-08	2.350837177197e-05	6.24765712857678e-05
EN.URB.LCTY	2.16645417328332e-08	5.86240021063501e-05	0.000140572285392978
FP.CPI.TOTL.ZG_delta1	2.16548218938229e-08	0.000178957480114121	0.000421716856178933
NE.CON.TOTL.KD.ZG_max2	2.16161261704347e-08	0.000118423422801299	0.000296763713607397
EN.URB.MCTY.TL.ZS_tend2	2.15771441928963e-08	0.000341018318017139	0.000702861426964888
EN.URB.MCTY.TL.ZS_delta1	2.15372778963284e-08	0.000185275355027838	0.000390478570536049
EN.GHG.CH4.MT.CE.AR5_min2	2.1427583009087e-08	1.45458050339064e-05	4.68574284643259e-05
SM.POP.RHCR.EO_rank	2.13918123885162e-08	2.32145171248203e-05	9.37148569286517e-05
EG.ELC.FOSL.ZS_ratiomax2	2.13309249778967e-08	6.81742781387129e-05	0.000203048856678745
DT.ODA.ALLD.KD	2.12326820741965e-08	0.000291650737296002	0.000406097713357491
NY.GDP.PCAP.KD.ZG_rank	2.12192577286399e-08	4.81921621325384e-05	0.000140572285392978
FP.CPI.TOTL_isNA_rank	2.11696001598467e-08	0.000276958004938521	0.000702861426964888
BX.KLT.DINV.CD.WD_avg2	2.10842795766215e-08	0.000100057507354447	0.000218667999500187
MS.MIL.MPRT.KD_rank	2.10261148130051e-08	0.00015295134384138	0.000234287142321629
NV.AGR.TOTL.CN_lag1	2.10255113812868e-08	0.000455474703081918	0.000234287142321629
NE.CON.TOTL.KD.ZG_min2	2.09544338292068e-08	0.000169260276758184	0.000249906285143071
SH.MMR.RISK.ZS	2.06994697513856e-08	0.000644423241199127	0.000265525427964513
FS.AST.CGOV.GD.ZS_ratiomax2	2.06958384827408e-08	0.000309135088801405	0.000296763713607397
MS.MIL.XPND.GD.ZS_ratiomax2	2.03985188574159e-08	0.000375252384410071	0.000312382856428839
NY.ADJ.DRES.GN.ZS_isNA_rank	1.99450221352767e-08	0.000321770838628839	0.000859052855179308
NE.IMP.GNFS.KD_lag1	1.97006257217808e-08	1.33703864453079e-05	4.68574284643259e-05
NY.GNP.ATLS.CD_rank	1.96243778002278e-08	3.82011041294512e-06	3.12382856428839e-05
DC.DAC.FRAL.CD_max2	1.95952556287707e-08	0.000102114489884495	0.000265525427964513
EG.USE.ELEC.KH.PC_ratiomax2	1.95800203845142e-08	2.5859208949167e-05	0.000109333999750094
NE.CON.GOVT.CD_avg2	1.94206324765776e-08	4.55474703081918e-06	3.12382856428839e-05
EG.ELC.NGAS.ZS_delta1	1.94205473921739e-08	6.92027694037366e-05	0.000249906285143071
EN.GHG.CO2.BU.MT.CE.AR5_lag1	1.91905332575214e-08	0.000602255099333156	0.000234287142321629
SH.STA.MMRT_delta1	1.90900005882819e-08	5.93586387242242e-05	0.000187429713857304
BM.KLT.DINV.WD.GD.ZS_ratiomax2	1.90648165105175e-08	5.80362928120509e-05	0.000124953142571536
NY.GDP.PETR.RT.ZS_lag1	1.9036738421991e-08	6.14156212542715e-05	0.000140572285392978
NE.CON.TOTL.KD_min2	1.90071999484853e-08	3.77603221587268e-05	6.24765712857678e-05
EG.USE.ELEC.KH.PC_max2	1.89306139087448e-08	2.1892171212647e-05	4.68574284643259e-05
DT.ODA.ALLD.KD_isNA_rank	1.88099331965754e-08	0.000436521078340767	0.000343621142071723
TM.VAL.INSF.ZS.WT_rank	1.87732605239261e-08	0.000127826771510087	0.000140572285392978
MS.MIL.XPND.GD.ZS_delta1	1.87584944802308e-08	0.000293120010531751	0.000468574284643259
BX.GSR.TRAN.ZS_lag1	1.85286658450031e-08	0.000107110018886038	0.000234287142321629
DT.ODA.ODAT.GN.ZS_tend2	1.84537189748249e-08	0.000279161914792143	0.000484193427464701
EN.GHG.CO2.TR.MT.CE.AR5_max2	1.83219796931472e-08	1.86597700940012e-05	4.68574284643259e-05
AG.LND.AGRI.ZS_ratioavg2	1.82772296881627e-08	9.16826499106829e-05	0.000281144570785955
IS.AIR.PSGR_isNA_rank	1.80705314427842e-08	0.000187479264881461	0.000468574284643259
BM.GSR.GNFS.CD_rank	1.80571598354457e-08	0.000328382568189706	9.37148569286517e-05
AG.PRD.CREL.MT_min2	1.80437584355915e-08	0.000203200488503965	9.37148569286517e-05
SE.SEC.ENRL_rank	1.80264170134021e-08	0.000101085998619471	0.000218667999500187
NV.SRV.TOTL.ZS_rank	1.79502227450406e-08	6.8908914756587e-05	6.24765712857678e-05
NY.GDP.COAL.RT.ZS_lag1	1.79376812839383e-08	5.56854556348539e-05	0.00015619142821442
TM.VAL.MRCH.R3.ZS_rank	1.78835102366512e-08	0.000257122816255922	0.000281144570785955
TX.VAL.MRCH.CD.WT_delta1	1.78377121432369e-08	0.000197323395560973	0.000406097713357491
NE.GDI.TOTL.ZS_lag1	1.75350039719943e-08	0.000601226608068132	0.000531050855929027
NY.GDP.PCAP.KD_delta1	1.75301232316523e-08	0.000289152972795231	0.000296763713607397
BX.GSR.TRAN.ZS_isNA_rank	1.75129240562215e-08	0.00019938037809102	0.000702861426964888
NV.AGR.TOTL.KD.ZG	1.74472592478177e-08	0.000635901456431788	0.00103086342621517
BM.KLT.DINV.CD.WD_ratiomax2	1.74273315159659e-08	7.52267896703039e-05	0.000281144570785955
BX.PEF.TOTL.CD.WD_delta1	1.73478850793126e-08	7.84591907889498e-05	0.000171810571035862
NV.SRV.TOTL.CD_delta1	1.70987573873383e-08	0.000235818354337574	0.000281144570785955
NE.DAB.TOTL.CD_tend2	1.70792087370846e-08	7.4345225728855e-05	0.000249906285143071
EN.GHG.CO2.RT.GDP.KD_ratioavg2	1.68138371644741e-08	0.000129736826716559	0.000359240284893165
DT.ODA.ALLD.CD_min2	1.67484008996709e-08	0.000168819494787459	0.000171810571035862
NE.RSB.GNFS.ZS_delta1	1.66534707822285e-08	0.000362028925288338	0.000734099712607772
EG.USE.PCAP.KG.OE_max2	1.65837370691144e-08	0.000222447967892266	9.37148569286517e-05
year_cycle_rank	1.64596050413908e-08	0.00041859594486464	0.0010777208546795
EN.GHG.ALL.PC.CE.AR5_ratiomax2	1.62478558992824e-08	3.0560883303561e-05	7.80957141072098e-05
DT.ODA.ALLD.CD_tend2	1.59355794665657e-08	0.000161766983255868	0.000406097713357491
NY.GDP.COAL.RT.ZS_rank	1.59318793377058e-08	3.46748483636557e-05	9.37148569286517e-05
NY.ADJ.NNTY.PC.CD_delta1	1.59183896969244e-08	0.00025065801401863	0.000343621142071723
NV.IND.TOTL.CD_rank	1.58385157874336e-08	0.000125329007009315	4.68574284643259e-05
clase_isNA_rank	1.57432340962418e-08	0.000112546329858306	0.000437335999000375
BM.GSR.GNFS.CD_max2	1.56686557023975e-08	1.76312788289775e-06	1.5619142821442e-05
SP.POP.4549.MA.5Y	1.55360651432476e-08	0.000152510561870655	0.000124953142571536
EN.GHG.N2O.TR.MT.CE.AR5_rank	1.55303016220768e-08	0.000231410534630329	6.24765712857678e-05
BX.KLT.DINV.WD.GD.ZS_max2	1.5525124618699e-08	0.000390532826061851	0.000687242284143446
IS.AIR.DPRT_ratiomax2	1.54900846950647e-08	5.43631097226806e-05	4.68574284643259e-05
SP.POP.1564.TO.ZS	1.53858737014787e-08	0.000313102126537925	0.000171810571035862
BM.GSR.NFSV.CD_avg2	1.5365487291267e-08	6.61172956086655e-06	3.12382856428839e-05
NV.IND.TOTL.CD	1.51685838007787e-08	0.000176753570260499	0.000109333999750094
EN.GHG.CO2.IC.MT.CE.AR5_min2	1.49567256137826e-08	1.04318399738117e-05	6.24765712857678e-05
BM.GSR.TRVL.ZS_isNA_rank	1.47981578747244e-08	0.000169554131405333	0.000406097713357491
NY.GNP.PCAP.CD_rank	1.47872906370595e-08	4.26089238366956e-05	7.80957141072098e-05
EN.GHG.CH4.WA.MT.CE.AR5_delta1	1.46632288211352e-08	4.99552900154362e-05	0.000140572285392978
IT.MLT.MAIN_avg2	1.45640070101746e-08	1.68966422111034e-05	7.80957141072098e-05
SM.POP.RHCR.EA_lag1	1.45356510482086e-08	0.00040669483165508	0.000421716856178933
private_consumption_capacity_rank	1.42468517478528e-08	2.76223368320647e-05	0.000109333999750094
EN.GHG.N2O.MT.CE.AR5_ratiomax2	1.42081723713759e-08	0.000534668530488742	0.000218667999500187
BX.GSR.MRCH.CD_max2	1.41689290668263e-08	0.000299731740092617	0.00015619142821442
SE.SEC.AGES_rank	1.40571842087894e-08	6.31787491371693e-05	0.000203048856678745
SP.POP.DPND.YG_rank	1.39698059062738e-08	0.000905366167867994	0.000281144570785955
SP.POP.1564.MA.ZS_lag1	1.39618291148814e-08	0.000125916716303614	0.000124953142571536
SE.SEC.ENRR_lag1	1.3913707834286e-08	0.000234055226454676	0.000437335999000375
TM.VAL.FOOD.ZS.UN_rank	1.37986644783946e-08	3.21770838628839e-05	0.000124953142571536
TM.VAL.MRCH.WL.CD_rank	1.37193926665989e-08	6.28848944900197e-05	3.12382856428839e-05
BX.GSR.FCTY.CD_lag1	1.37001846249467e-08	5.77424381649012e-05	7.80957141072098e-05
AG.LND.AGRI.K2_min2	1.36564942124568e-08	1.83659154468515e-05	6.24765712857678e-05
NV.AGR.TOTL.CD_lag1	1.36048052565595e-08	2.62999909198914e-05	4.68574284643259e-05
SP.POP.0004.MA.5Y_lag1	1.36014902895401e-08	0.000127239062215787	6.24765712857678e-05
EN.GHG.N2O.BU.MT.CE.AR5_ratioavg2	1.33455992871017e-08	0.000395969137034119	0.000577908284393353
NE.RSB.GNFS.ZS_rank	1.33067501083868e-08	7.08189699630595e-05	6.24765712857678e-05
BX.TRF.PWKR.DT.GD.ZS_delta1	1.32719066243252e-08	0.000106669236915314	0.000281144570785955
DC.DAC.JPNL.CD_min2	1.32010508169101e-08	0.000274313313114175	0.000437335999000375
TM.VAL.MRCH.WR.ZS_lag1	1.31579189623227e-08	6.84681327858626e-05	0.000187429713857304
NE.CON.TOTL.KD.ZG_avg2	1.31554043429376e-08	3.98173046887741e-05	0.00015619142821442
EN.URB.MCTY.TL.ZS_max2	1.3119277268836e-08	0.000368640654849204	0.000234287142321629
ER.FSH.AQUA.MT_delta1	1.29500331181417e-08	9.37396324407303e-05	0.000249906285143071
BX.GSR.TRVL.ZS_max2	1.29149500442071e-08	0.000154861399047852	0.000265525427964513
NY.GDS.TOTL.CD	1.28943214907466e-08	0.000493528879887795	0.000296763713607397
NY.ADJ.NNTY.CD_rank	1.28272000615162e-08	1.4839659681056e-05	6.24765712857678e-05
BX.KLT.DINV.CD.WD_lag1	1.28049114096014e-08	5.30407638105072e-05	0.000187429713857304
BM.GSR.GNFS.CD_avg2	1.27080117934442e-08	3.26178658336083e-05	0.000109333999750094
DT.ODA.ODAT.CD_rank	1.26822840494159e-08	0.000302670286564113	0.000140572285392978
EN.GHG.N2O.BU.MT.CE.AR5_rank	1.26804249543764e-08	1.77782061525523e-05	7.80957141072098e-05
SP.DYN.IMRT.MA.IN_delta1	1.26804023608881e-08	1.77782061525523e-05	3.12382856428839e-05
NE.CON.PRVT.KD.ZG_isNA_rank	1.26204862913585e-08	9.56496876472028e-05	0.000312382856428839
NE.EXP.GNFS.CN	1.25866235245089e-08	0.000378190930881567	0.000468574284643259
NE.DAB.TOTL.CD	1.25542158023105e-08	2.71815548613403e-05	0.000109333999750094
EN.GHG.CO2.MT.CE.AR5_ratioavg2	1.21485130751943e-08	9.75597428536754e-05	0.000234287142321629
EG.ELC.COAL.ZS_rank	1.2133560049838e-08	6.31787491371693e-06	3.12382856428839e-05
BM.GSR.TRVL.ZS_ratiomax2	1.20581415318805e-08	0.000110048565357534	0.000249906285143071
NE.DAB.TOTL.CD_isNA_rank	1.18497197151447e-08	0.000112840184505456	0.000203048856678745
FM.AST.DOMS.CN_isNA_rank	1.18077380447449e-08	0.000122243533214244	0.000484193427464701
NY.ADJ.DRES.GN.ZS_delta1	1.17328003912226e-08	0.000258445162168095	0.000484193427464701
EN.URB.MCTY.TL.ZS_avg2	1.16959667205912e-08	0.000538782495548837	0.000281144570785955
EN.GHG.CO2.IP.MT.CE.AR5_max2	1.16675319402685e-08	1.76312788289775e-06	1.5619142821442e-05
AG.PRD.CROP.XD_ratiomax2	1.16287151017289e-08	3.46748483636557e-05	6.24765712857678e-05
NY.GDP.MKTP.KN_lag1	1.14802309052289e-08	1.38111684160324e-05	4.68574284643259e-05
EN.GHG.CO2.RT.GDP.KD_delta1	1.14400087159829e-08	0.000120774259978496	0.000312382856428839
NY.GDP.DEFL.KD.ZG_rank	1.13143962983762e-08	8.47770657026667e-05	0.000312382856428839
EN.GHG.N2O.IC.MT.CE.AR5_ratioavg2	1.11993641153842e-08	0.000115925658300527	0.000328001999250281
DC.DAC.GBRL.CD_rank	1.11965520059496e-08	7.97815367011231e-05	0.000140572285392978
TM.VAL.MRCH.CD.WT_delta1	1.11503760888752e-08	7.28759524931069e-05	0.000171810571035862
BX.GSR.GNFS.CD	1.11170671391242e-08	0.000139287102748922	0.00015619142821442
NE.CON.PRVT.KD_avg2	1.10358953020919e-08	1.4105023063182e-05	3.12382856428839e-05
BX.GSR.TRVL.ZS_min2	1.09623935709223e-08	0.000251980359930803	0.000406097713357491
BX.GSR.CMCP.ZS_ratiomax2	1.09155571247318e-08	4.11396506009474e-05	0.000140572285392978
NE.CON.PRVT.KD_delta1	1.07939096596496e-08	6.61172956086655e-05	0.00015619142821442
BM.KLT.DINV.WD.GD.ZS_isNA_rank	1.05289159742419e-08	0.000155742962989301	0.000328001999250281
BX.TRF.CURR.CD_isNA_rank	1.03801964131976e-08	7.72837722003513e-05	0.000281144570785955
EN.POP.DNST_ratioavg2	1.03064558087926e-08	4.36374151017193e-05	0.000140572285392978
TX.VAL.MMTL.ZS.UN_rank	1.0211498567439e-08	5.68608742234524e-05	0.000187429713857304
DT.ODA.ODAT.PC.ZS_tend2	1.01909088766257e-08	0.000173668096465428	0.000390478570536049
NE.CON.TOTL.KD_tend2	1.01827296709042e-08	6.0240202665673e-05	0.000187429713857304
SP.DYN.CDRT.IN_rank	1.0103642309207e-08	2.61530635963166e-05	4.68574284643259e-05
TX.VAL.MANF.ZS.UN_lag1	1.008225091806e-08	0.000411102651362325	0.000234287142321629
NE.CON.TOTL.KD	1.00661359140266e-08	2.61530635963166e-05	4.68574284643259e-05
SP.DYN.TFRT.IN_lag1	9.79642061645332e-09	6.71457868736892e-05	9.37148569286517e-05
NE.GDI.TOTL.ZS_delta1	9.79312846172624e-09	8.72748302034385e-05	0.000328001999250281
NY.ADJ.DNGY.GN.ZS_rank	9.69272215789179e-09	6.71457868736892e-05	9.37148569286517e-05
BX.GSR.NFSV.CD_tend2	9.68533066769182e-09	6.25910398428701e-05	0.000203048856678745
EN.GHG.CO2.PC.CE.AR5_lag1	9.65607594905157e-09	9.93228707365731e-05	9.37148569286517e-05
NE.IMP.GNFS.ZS_lag1	9.63615768496648e-09	0.00043417024116357	0.000296763713607397
EN.URB.MCTY.TL.ZS_ratioavg2	9.57294985928127e-09	0.000130324536010859	0.000390478570536049
DT.ODA.ALLD.KD_max2	9.45083713378678e-09	6.75865688444137e-06	3.12382856428839e-05
FS.AST.PRVT.GD.ZS_rank	9.39199878039085e-09	1.80720607997019e-05	6.24765712857678e-05
FI.RES.TOTL.CD_ratiomax2	9.28909215533169e-09	1.54273689753553e-05	3.12382856428839e-05
IT.MLT.MAIN.P2_min2	9.26477130796602e-09	5.21591998690584e-05	0.000140572285392978
NE.CON.PRVT.KD.ZG_max2	9.06200852679639e-09	0.000186303846292862	0.000249906285143071
DC.DAC.JPNL.CD_tend2	9.00836747362812e-09	0.00039934846547634	0.000859052855179308
NV.SRV.TOTL.KD	8.99464792176563e-09	0.000134585428394528	7.80957141072098e-05
SP.POP.7074.MA.5Y_rank	8.97710618979444e-09	0.000471783635998722	0.000171810571035862
FI.RES.XGLD.CD_tend2	8.89309121663966e-09	0.000151335143282057	0.000328001999250281
EN.GHG.N2O.PI.MT.CE.AR5_delta1	8.86229379658531e-09	0.000190858593323681	0.000124953142571536
DT.ODA.ODAT.PC.ZS_min2	8.73905720211259e-09	0.000427558511602704	0.000187429713857304
NY.ADJ.DMIN.GN.ZS_delta1	8.64763051379019e-09	0.000237875336867621	0.000406097713357491
BM.GSR.FCTY.CD_lag1	8.59586513271215e-09	0.00010534689100314	7.80957141072098e-05
EN.GHG.ALL.MT.CE.AR5_max2	8.47686148737262e-09	8.22793012018949e-06	1.5619142821442e-05
EN.URB.LCTY.UR.ZS_rank	8.45888378618115e-09	6.31787491371693e-06	1.5619142821442e-05
SP.DYN.TO65.MA.ZS_rank	8.41872694662661e-09	3.55564123051046e-05	6.24765712857678e-05
SP.POP.80UP.FE.5Y_lag1	8.37760490872179e-09	0.000120921187302071	4.68574284643259e-05
FI.RES.TOTL.MO_ratiomax2	8.35464574160668e-09	5.05429993097354e-05	0.000140572285392978
BX.GSR.FCTY.CD_avg2	8.29629809259075e-09	1.02849126502369e-05	4.68574284643259e-05
BM.KLT.DINV.WD.GD.ZS_lag1	8.25627680755945e-09	8.87441034391866e-05	0.000281144570785955
BM.TRF.PWKR.CD.DT_lag1	8.25609309733263e-09	0.000169994913376058	0.000203048856678745
TM.VAL.MRCH.WL.CD	8.20432081324858e-09	1.16072585624102e-05	4.68574284643259e-05
FI.RES.XGLD.CD_delta1	8.1220376740756e-09	0.000109754710710385	0.000203048856678745
NY.GDP.FCST.CD_rank	8.06763595365159e-09	4.26089238366956e-06	3.12382856428839e-05
BX.TRF.PWKR.DT.GD.ZS_min2	7.99483573289437e-09	9.62373969415021e-05	0.000296763713607397
EN.GHG.CO2.RT.GDP.KD_avg2	7.8777231568917e-09	6.55295863143663e-05	0.000187429713857304
NE.GDI.FTOT.CD_delta1	7.80223375344314e-09	8.59524842912652e-05	0.000171810571035862
ER.H2O.INTR.PC_tend2	7.63219497522086e-09	0.000197617250208123	0.000187429713857304
SH.DYN.MORT.MA_delta1	7.58938878845185e-09	3.55564123051046e-05	9.37148569286517e-05
NV.IND.MANF.CD_delta1	7.51391242647561e-09	0.000158240727490073	0.000328001999250281
BX.GSR.MRCH.CD_tend2	7.41212447286695e-09	0.000208489872152659	0.000312382856428839
NY.ADJ.DFOR.CD_delta1	7.32075757130436e-09	0.000104024545090967	0.000249906285143071
TM.VAL.MRCH.HI.ZS_rank	7.31229855554156e-09	0.000150159724693458	0.000187429713857304
NE.GDI.FTOT.ZS_delta1	7.22598325228158e-09	0.00026197141793389	0.000609146570036236
EG.USE.PCAP.KG.OE_min2	7.18075714738074e-09	8.81563941448874e-05	0.000124953142571536
EN.GHG.CO2.IP.MT.CE.AR5_min2	7.0621642854294e-09	1.08726219445361e-05	6.24765712857678e-05
BX.GSR.GNFS.CD_avg2	7.04392730507825e-09	1.52804416517805e-05	3.12382856428839e-05
EN.GHG.N2O.BU.MT.CE.AR5_ratiomax2	7.02818638943587e-09	1.60150782696545e-05	6.24765712857678e-05
AG.LND.ARBL.HA_ratiomax2	6.93895198600354e-09	0.000103142981149518	0.00015619142821442
BM.GSR.TOTL.CD_tend2	6.87388516531258e-09	5.64200922527279e-05	0.000171810571035862
EG.ELC.HYRO.ZS_ratiomax2	6.7614021050757e-09	5.4803891693405e-05	0.000140572285392978
EN.GHG.CH4.PI.MT.CE.AR5_avg2	6.72643994815052e-09	1.23418951802842e-05	3.12382856428839e-05
NE.CON.GOVT.CD_ratioavg2	6.64084458104941e-09	0.000103583763120243	0.000406097713357491
EG.ELC.NGAS.ZS	6.59113880982372e-09	9.3151923146431e-05	0.000296763713607397
EG.ELC.NUCL.ZS_rank	6.57853231431024e-09	0.000136495483601001	0.000312382856428839
NY.GDP.FCST.CN_rank	6.57415545774024e-09	8.81563941448874e-05	0.000109333999750094
BM.GSR.TRAN.ZS_ratioavg2	6.51927086031651e-09	0.000154273689753553	0.000499812570286143
DC.DAC.FRAL.CD_min2	6.3211400405681e-09	1.60150782696545e-05	6.24765712857678e-05
NE.CON.PRVT.PC.KD_rank	6.31417911172397e-09	1.4839659681056e-05	3.12382856428839e-05
EG.USE.PCAP.KG.OE_avg2	6.28857026967038e-09	6.80273508151381e-05	7.80957141072098e-05
TM.VAL.TRAN.ZS.WT_delta1	6.17055142752578e-09	0.000375252384410071	0.000515431713107585
EN.URB.MCTY.TL.ZS_min2	6.15138758838044e-09	0.0003914143900033	0.000203048856678745
EN.GHG.ALL.MT.CE.AR5_ratiomax2	6.02938146886804e-09	0.000406841758978655	0.000140572285392978
BX.TRF.PWKR.DT.GD.ZS_ratiomax2	6.00935160863635e-09	4.98083626918614e-05	0.000140572285392978
NE.CON.GOVT.ZS_rank	5.93999978099203e-09	0.000194090994442327	0.000187429713857304
TX.VAL.SERV.CD.WT_delta1	5.91142324339557e-09	0.000107697728180337	0.000234287142321629
SP.POP.0014.TO.ZS_rank	5.90755755440148e-09	1.04318399738117e-05	4.68574284643259e-05
BX.GSR.GNFS.CD_delta1	5.90557274950074e-09	4.98083626918614e-05	9.37148569286517e-05
AG.PRD.CREL.MT_lag1	5.82596761186732e-09	0.00034865853884303	0.00015619142821442
SP.POP.65UP.MA.ZS_delta1	5.78426334013577e-09	9.77066701772502e-05	0.000171810571035862
IT.MLT.MAIN.P2_ratioavg2	5.7483255472743e-09	0.000162207765226593	0.000499812570286143
SP.POP.3539.MA.5Y_lag1	5.67463109928577e-09	9.22703592049821e-05	0.00015619142821442
AG.LND.ARBL.ZS_avg2	5.65262634645288e-09	1.8806697417576e-05	6.24765712857678e-05
NE.EXP.GNFS.CN_rank	5.61671909401414e-09	3.3646357098632e-05	4.68574284643259e-05
EN.GHG.CO2.PI.MT.CE.AR5_avg2	5.6155768870394e-09	1.14603312388354e-05	3.12382856428839e-05
DT.ODA.ODAT.CD_min2	5.60436626905002e-09	0.000210399927359131	0.000124953142571536
NY.GDP.PCAP.KN_lag1	5.55181649712998e-09	0.000151041288634907	0.000218667999500187
SP.POP.0004.FE.5Y_lag1	5.49926396107074e-09	7.94876820539735e-05	4.68574284643259e-05
EN.URB.LCTY.UR.ZS_max2	5.39738949090343e-09	3.79072494823016e-05	7.80957141072098e-05
NY.GDP.MKTP.KD_lag1	5.37815715734001e-09	0.000181161389967744	4.68574284643259e-05
NE.GDI.TOTL.CD_lag1	5.34661063172431e-09	4.37843424252941e-05	0.000109333999750094
BX.GSR.MRCH.CD_delta1	5.33176892043115e-09	0.000205992107651887	0.000218667999500187
DC.DAC.USAL.CD_delta1	5.3266370777702e-09	8.63932662619896e-05	0.000249906285143071
BX.GRT.TECH.CD.WD_ratiomax2	5.14384605480386e-09	7.05251153159099e-05	0.000171810571035862
EN.GHG.CH4.IC.MT.CE.AR5_min2	5.14054722019487e-09	1.05787672973865e-05	3.12382856428839e-05
NE.CON.PRVT.CD	5.14021903615593e-09	0.000102261417208069	0.00015619142821442
IS.AIR.DPRT_lag1	5.10765571385004e-09	1.68966422111034e-05	6.24765712857678e-05
DC.DAC.USAL.CD_avg2	5.02506534586414e-09	0.000104612254385266	0.000187429713857304
FM.LBL.BMNY.GD.ZS_max2	4.96553589542424e-09	7.44921530524298e-05	0.000171810571035862
SP.POP.0014.FE.ZS_delta1	4.95969823333464e-09	0.000150600506664183	0.000343621142071723
EG.ELC.FOSL.ZS_avg2	4.94429715626121e-09	3.98173046887741e-05	0.000140572285392978
BX.GSR.GNFS.CD_max2	4.87272849016924e-09	8.22793012018949e-06	4.68574284643259e-05
ER.H2O.INTR.PC_max2	4.86431714043567e-09	1.57212236225049e-05	6.24765712857678e-05
BX.GSR.TRVL.ZS_avg2	4.83565354659035e-09	0.000248894886135732	0.000203048856678745
EG.ELC.FOSL.ZS_rank	4.83262841637464e-09	3.64379762465535e-05	0.000124953142571536
NE.CON.GOVT.CD_lag1	4.70529523095934e-09	5.28938364869324e-06	1.5619142821442e-05
mortality_efficiency_rank	4.69773045823298e-09	1.14603312388354e-05	3.12382856428839e-05
AG.YLD.CREL.KG_avg2	4.65957453458943e-09	0.00014869045145771	0.000124953142571536
TM.VAL.MRCH.R1.ZS_delta1	4.63753760071136e-09	0.000153832907782829	0.000484193427464701
ER.H2O.INTR.PC_delta1	4.56906757487236e-09	6.69988595501144e-05	9.37148569286517e-05
EN.GHG.N2O.TR.MT.CE.AR5_max2	4.53501673730342e-09	6.46480223729174e-06	4.68574284643259e-05
BX.GSR.TRVL.ZS_delta1	4.52897268134104e-09	9.27111411757066e-05	0.000343621142071723
BM.GSR.TRAN.ZS_tend2	4.52471194862762e-09	0.000198351886825997	0.000515431713107585
NY.ADJ.DFOR.GN.ZS	4.50686317068562e-09	2.85039007735136e-05	3.12382856428839e-05
SP.RUR.TOTL.ZS_lag1	4.49394894157333e-09	0.000469138944174376	0.00015619142821442
SP.POP.GROW_rank	4.47537146641605e-09	5.17184178983339e-05	9.37148569286517e-05
FS.AST.PRVT.GD.ZS_min2	4.36863244066864e-09	3.11485925978602e-05	6.24765712857678e-05
BM.GSR.TOTL.CD_ratioavg2	4.30682160706987e-09	0.000116807222241976	0.000249906285143071
DT.NFL.UNDP.CD_max2	4.27246217645712e-09	0.000158975364107947	0.000281144570785955
FI.RES.TOTL.MO_rank	4.25410616923291e-09	9.84413067951242e-05	0.000171810571035862
BM.GSR.GNFS.CD_ratiomax2	4.23695934869742e-09	3.08547379507106e-06	1.5619142821442e-05
AG.PRD.CREL.MT_rank	4.17156113095014e-09	5.28938364869324e-06	1.5619142821442e-05
SP.POP.6064.MA.5Y_rank	4.17113683557161e-09	1.07256946209613e-05	4.68574284643259e-05
SP.POP.DPND.OL_lag1	4.15761993567977e-09	0.000114162530417629	7.80957141072098e-05
SG.LAW.INDX_lag1	4.13049190505439e-09	1.45458050339064e-05	4.68574284643259e-05
DC.DAC.TOTL.CD_ratioavg2	4.0953415394137e-09	0.000150453579340608	0.000390478570536049
TM.VAL.MANF.ZS.UN_rank	4.05980252618724e-09	4.76044528382392e-05	0.000140572285392978
NE.CON.PRVT.CD_avg2	4.02691679313817e-09	1.23418951802842e-05	3.12382856428839e-05
NV.SRV.TOTL.CD_lag1	3.97034651212053e-09	1.20480405331346e-05	4.68574284643259e-05
SP.POP.7074.FE.5Y_rank	3.92835254467661e-09	6.46480223729174e-06	3.12382856428839e-05
EN.GHG.CO2.BU.MT.CE.AR5_avg2	3.92401246289876e-09	0.000176312788289775	6.24765712857678e-05
EG.ELC.FOSL.ZS_max2	3.91897973209804e-09	4.80452348089636e-05	0.000140572285392978
EN.GHG.CO2.IC.MT.CE.AR5	3.87426871426664e-09	1.6455860240379e-05	7.80957141072098e-05
BX.GSR.TOTL.CD_isNA_rank	3.86374104504214e-09	5.80362928120509e-05	0.000265525427964513
NE.CON.TOTL.KD_ratioavg2	3.62231548681815e-09	0.000142372576543993	0.000187429713857304
SP.DYN.IMRT.FE.IN_lag1	3.58151159400496e-09	4.01111593359238e-05	4.68574284643259e-05
SG.LAW.INDX_delta1	3.5269007606357e-09	1.66027875639538e-05	4.68574284643259e-05
EN.POP.DNST_rank	3.4964450321362e-09	2.5859208949167e-05	0.000171810571035862
DC.DAC.JPNL.CD_delta1	3.47534273735441e-09	0.000156477599607175	0.000343621142071723
BX.GSR.TOTL.CD_ratiomax2	3.45566073822097e-09	3.65849035701283e-05	6.24765712857678e-05
BM.GSR.TOTL.CD_delta1	3.41807522923112e-09	4.0698868630223e-05	9.37148569286517e-05
EN.GHG.CO2.PC.CE.AR5_ratioavg2	3.38200887644416e-09	9.25642138521317e-05	0.000203048856678745
EN.GHG.CO2.PC.CE.AR5_ratiomax2	3.38102289975881e-09	1.4105023063182e-05	4.68574284643259e-05
EG.USE.ELEC.KH.PC_avg2	3.37628139048451e-09	7.69899175532017e-05	0.000109333999750094
TX.VAL.OTHR.ZS.WT_rank	3.37173705666739e-09	1.60150782696545e-05	6.24765712857678e-05
AG.PRD.CREL.MT_max2	3.27195056177169e-09	0.000166027875639538	0.000140572285392978
NY.GNP.MKTP.CN_lag1	3.22595327281251e-09	6.46480223729174e-06	1.5619142821442e-05
EN.GHG.ALL.MT.CE.AR5_delta1	3.19186408311924e-09	0.000116513367594826	0.000187429713857304
NY.ADJ.DMIN.GN.ZS_rank	3.15692103675557e-09	7.31698071402565e-05	0.000171810571035862
EN.GHG.N2O.PI.MT.CE.AR5_min2	3.14580638162507e-09	1.38111684160324e-05	6.24765712857678e-05
EG.ELC.NUCL.ZS_lag1	3.10349105939412e-09	4.95145080447117e-05	1.5619142821442e-05
SP.DYN.AMRT.FE_rank	3.0980315021022e-09	6.99374060216107e-05	4.68574284643259e-05
TX.VAL.FUEL.ZS.UN_rank	3.08520077131776e-09	7.88999727596742e-05	0.000203048856678745
NY.GDP.FCST.KD_lag1	3.03186936657941e-09	3.01201013328365e-05	7.80957141072098e-05
BX.GSR.TOTL.CD_min2	3.02966564306366e-09	2.80631188027892e-05	6.24765712857678e-05
NY.GDP.TOTL.RT.ZS_delta1	2.98602532192994e-09	0.000325003239747485	0.000468574284643259
EN.URB.MCTY.TL.ZS_lag1	2.93328996809286e-09	0.000379219422146591	0.000140572285392978
EN.URB.LCTY.UR.ZS_lag1	2.89678196020273e-09	0.000158534582137223	6.24765712857678e-05
AG.PRD.CROP.XD_rank	2.8754375178442e-09	8.27200831726193e-05	0.000234287142321629
IT.MLT.MAIN.P2_ratiomax2	2.86880569787901e-09	5.14245632511843e-05	0.000187429713857304
NV.SRV.TOTL.ZS_isNA_rank	2.85701953323203e-09	0.000106963091562463	0.000359240284893165
NE.CON.GOVT.ZS_ratioavg2	2.83256159285969e-09	0.000114162530417629	0.000390478570536049
TX.VAL.SERV.CD.WT	2.80038451169455e-09	1.33703864453079e-05	3.12382856428839e-05
EN.GHG.CH4.PI.MT.CE.AR5_min2	2.78665334186037e-09	1.04318399738117e-05	3.12382856428839e-05
NY.GNP.MKTP.CN	2.7751401128096e-09	7.87530454360994e-05	9.37148569286517e-05
NE.CON.PRVT.ZS_min2	2.76724393533931e-09	5.67139468998776e-05	0.000187429713857304
DT.NFL.UNDP.CD_ratiomax2	2.59884487355977e-09	0.000201143505973918	0.000187429713857304
EN.GHG.ALL.PC.CE.AR5_delta1	2.59570701324935e-09	9.12418679399584e-05	0.000187429713857304
NV.AGR.TOTL.KD.ZG_rank	2.58699316164883e-09	9.41804144114547e-05	0.000265525427964513
ER.FSH.PROD.MT_ratiomax2	2.53465212448693e-09	0.000104465327061692	9.37148569286517e-05
private_consumption_capacity_lag1	2.51749340453896e-09	3.90826680709001e-05	7.80957141072098e-05
NE.GDI.TOTL.ZS_rank	2.51493613273446e-09	2.85039007735136e-05	0.000109333999750094
IT.CEL.SETS_avg2	2.49371217152587e-09	6.46480223729174e-06	3.12382856428839e-05
EN.GHG.CO2.TR.MT.CE.AR5_min2	2.42975622593374e-09	3.5262557657955e-06	1.5619142821442e-05
EN.GHG.CO2.RT.GDP.KD_max2	2.36027298018898e-09	0.000103289908473093	0.000140572285392978
BM.GSR.INSF.ZS_ratiomax2	2.33718661173947e-09	5.23061271926332e-05	0.000171810571035862
BM.TRF.PWKR.CD.DT_rank	2.3369298748867e-09	6.40603130786182e-05	4.68574284643259e-05
SP.POP.1519.FE.5Y_rank	2.33151314433943e-09	4.71636708675147e-05	6.24765712857678e-05
NE.EXP.GNFS.CD_delta1	2.30070342320486e-09	7.99284640246979e-05	0.000171810571035862
EG.ELC.NUCL.ZS_min2	2.29611827194221e-09	2.95323920385373e-05	4.68574284643259e-05
ER.FSH.PROD.MT_avg2	2.27125864601578e-09	4.40781970724437e-06	3.12382856428839e-05
FS.AST.CGOV.GD.ZS_delta1	2.25298987719343e-09	0.000177928988849098	0.000343621142071723
NE.DAB.TOTL.CD_rank	2.21433469112924e-09	9.5502760323628e-06	4.68574284643259e-05
NE.DAB.TOTL.CD_min2	2.2019949996417e-09	1.04318399738117e-05	4.68574284643259e-05
TX.VAL.MRCH.WR.ZS_rank	2.19635499601387e-09	9.09480132928088e-05	6.24765712857678e-05
NE.EXP.GNFS.CD	2.17827716495202e-09	4.46659063667429e-05	0.000140572285392978
EN.GHG.CO2.MT.CE.AR5_tend2	2.15219993221806e-09	7.56675716410283e-05	0.000265525427964513
SE.TER.ENRR_isNA_lag1	2.08566013592463e-09	6.46480223729174e-06	1.5619142821442e-05
SP.POP.1014.MA.5Y_rank	2.07013690851471e-09	6.7292714197264e-05	6.24765712857678e-05
SP.DYN.IMRT.IN_delta1	2.06667109910957e-09	7.93407547303987e-06	6.24765712857678e-05
TX.VAL.FUEL.ZS.UN_isNA_rank	2.05797076771805e-09	7.49329350231543e-05	0.000218667999500187
mortality_efficiency_delta1	2.04594342434002e-09	0.000104318399738117	0.000281144570785955
IS.AIR.DPRT_min2	2.00596582758437e-09	5.93586387242242e-05	0.00015619142821442
EG.ELC.PETR.ZS_ratiomax2	1.98714079153209e-09	7.09658972866343e-05	0.000187429713857304
EN.GHG.CO2.FE.MT.CE.AR5_lag1	1.94004018830752e-09	5.62731649291531e-05	6.24765712857678e-05
EG.ELC.HYRO.ZS_avg2	1.87864821520661e-09	3.21770838628839e-05	4.68574284643259e-05
MS.MIL.XPND.CD_lag1	1.8567870633995e-09	0.000121655823919945	0.000218667999500187
NY.GDP.PETR.RT.ZS_rank	1.84057039237778e-09	5.59793102820035e-05	0.000109333999750094
BM.GSR.TRAN.ZS_delta1	1.81510586578636e-09	0.00010167370791377	0.000328001999250281
SP.POP.3034.MA.5Y_lag1	1.74860382026125e-09	0.000122831242508543	0.000109333999750094
EN.GHG.N2O.MT.CE.AR5_min2	1.71709737405079e-09	3.08547379507106e-06	1.5619142821442e-05
BX.GSR.GNFS.CD_min2	1.70726824422085e-09	8.02223186718475e-05	4.68574284643259e-05
BX.GSR.TRVL.ZS_rank	1.68897140679605e-09	8.16915919075956e-05	0.000140572285392978
ER.FSH.PROD.MT_lag1	1.67028206734454e-09	1.66027875639538e-05	3.12382856428839e-05
EN.GHG.N2O.TR.MT.CE.AR5_ratiomax2	1.65306746283763e-09	2.1157534594773e-05	9.37148569286517e-05
BM.KLT.DINV.CD.WD_rank	1.64850238595404e-09	2.95323920385373e-05	9.37148569286517e-05
EN.GHG.CO2.TR.MT.CE.AR5_rank	1.62171012663645e-09	5.99463480185234e-05	1.5619142821442e-05
EN.GHG.CO2.PI.MT.CE.AR5_ratiomax2	1.6095933532506e-09	4.40781970724437e-06	3.12382856428839e-05
NV.IND.TOTL.CD_lag1	1.58498600617096e-09	1.35173137688827e-05	3.12382856428839e-05
SP.POP.0014.MA.IN	1.5810567719796e-09	2.26268078305211e-05	4.68574284643259e-05
NY.ADJ.NNTY.CD_lag1	1.57595904221364e-09	1.43988777103316e-05	4.68574284643259e-05
EN.GHG.CO2.IP.MT.CE.AR5_lag1	1.57415571507015e-09	1.68966422111034e-05	4.68574284643259e-05
NY.GDP.MKTP.KD_rank	1.56851166748845e-09	0.000107256946209613	3.12382856428839e-05
EN.GHG.N2O.FE.MT.CE.AR5_ratiomax2	1.51284229480208e-09	2.8944682744238e-05	0.000109333999750094
AG.PRD.LVSK.XD_ratiomax2	1.50260250307057e-09	9.69720335593761e-06	3.12382856428839e-05
EN.GHG.CH4.IC.MT.CE.AR5	1.45308414784807e-09	1.6455860240379e-05	0.000109333999750094
NE.CON.GOVT.CD_rank	1.43608683392933e-09	4.73105981910896e-05	7.80957141072098e-05
NY.GDP.MKTP.KD	1.42134339049433e-09	6.0240202665673e-05	1.5619142821442e-05
EN.GHG.N2O.AG.MT.CE.AR5_lag1	1.40109347923577e-09	5.28938364869324e-06	3.12382856428839e-05
FI.RES.TOTL.MO_lag1	1.3960676156983e-09	4.78983074853888e-05	0.000140572285392978
SH.DTH.IMRT_rank	1.38371574507708e-09	1.13134039152605e-05	7.80957141072098e-05
DT.ODA.ALLD.KD_avg2	1.33886560047778e-09	0.000117835713506999	4.68574284643259e-05
NV.IND.TOTL.ZS_rank	1.33628057556112e-09	5.08368539568851e-05	9.37148569286517e-05
NE.CON.GOVT.CD_max2	1.33206758670663e-09	1.8806697417576e-05	6.24765712857678e-05
EG.ELC.NGAS.ZS_max2	1.32213243687907e-09	2.04228979768989e-05	6.24765712857678e-05
BM.GSR.CMCP.ZS_rank	1.30379616932775e-09	4.99552900154362e-05	0.00015619142821442
TX.VAL.MRCH.CD.WT	1.29542026899576e-09	3.57033396286794e-05	3.12382856428839e-05
EN.GHG.N2O.FE.MT.CE.AR5_rank	1.29079099056813e-09	6.0240202665673e-06	1.5619142821442e-05
BM.GSR.TOTL.CD_avg2	1.28630002226818e-09	2.350837177197e-05	3.12382856428839e-05
EN.GHG.CH4.FE.MT.CE.AR5_min2	1.28160752786191e-09	5.92117114006494e-05	9.37148569286517e-05
SP.POP.1564.MA.IN	1.2681384959677e-09	8.52178476733911e-06	1.5619142821442e-05
SM.POP.NETM_rank	1.2364419488591e-09	7.06720426394847e-05	7.80957141072098e-05
SP.POP.6569.MA.5Y_lag1	1.23215371557624e-09	1.07256946209613e-05	4.68574284643259e-05
BX.GSR.TOTL.CD_ratioavg2	1.23125974777129e-09	0.000114750239711928	0.000265525427964513
AG.PRD.CREL.MT_ratiomax2	1.23080325435075e-09	1.80720607997019e-05	3.12382856428839e-05
PA.NUS.ATLS_delta1	1.21674921349446e-09	0.000398319974211316	0.000546669998750469
NY.GDP.FCST.CD_lag1	1.2158085093609e-09	4.46659063667429e-05	0.000124953142571536
EN.GHG.CH4.AG.MT.CE.AR5_min2	1.21533744052541e-09	9.40334870878799e-06	4.68574284643259e-05
EN.GHG.N2O.PI.MT.CE.AR5_lag1	1.21170371707616e-09	1.76312788289775e-06	1.5619142821442e-05
SE.SEC.ENRR.MA_rank	1.1680801153583e-09	0.0001172480042127	0.000187429713857304
EG.ELC.HYRO.ZS_rank	1.16606571466707e-09	1.36642410924575e-05	4.68574284643259e-05
EN.GHG.CO2.MT.CE.AR5_delta1	1.16307086175037e-09	2.14513892419226e-05	6.24765712857678e-05
SP.POP.4549.MA.5Y_lag1	1.15761910118102e-09	4.01111593359238e-05	9.37148569286517e-05
SP.POP.0014.TO.ZS_delta1	1.13198455097603e-09	6.20033305485708e-05	0.000140572285392978
DC.DAC.DEUL.CD_delta1	1.12685809083442e-09	0.000210987636653431	0.000343621142071723
NV.IND.TOTL.KD_rank	1.11544906070855e-09	6.1856403224996e-05	3.12382856428839e-05
BM.GSR.TRAN.ZS_ratiomax2	1.09180941004862e-09	5.70078015470272e-05	9.37148569286517e-05
BM.GSR.NFSV.CD_delta1	1.08374982293561e-09	6.15625485778464e-05	0.000140572285392978
SP.POP.0014.FE.ZS_lag1	1.07228090818249e-09	5.52446736641294e-05	7.80957141072098e-05
SP.POP.0509.FE.5Y_lag1	1.07183011137862e-09	4.92206533975621e-05	9.37148569286517e-05
DC.DAC.TOTL.CD_min2	1.06849343031024e-09	0.000124447443067866	9.37148569286517e-05
SH.MMR.DTHS_delta1	1.06015285957276e-09	4.27558511602704e-05	0.000171810571035862
FD.AST.PRVT.GD.ZS_delta1	9.57921694970793e-10	0.000149425088075584	0.000187429713857304
TX.VAL.MRCH.R1.ZS_rank	9.49072075825769e-10	9.37396324407303e-05	0.00015619142821442
TX.VAL.MRCH.OR.ZS_rank	9.48513996276843e-10	1.93944067118752e-05	6.24765712857678e-05
BX.GSR.TRVL.ZS_ratiomax2	9.48426539435521e-10	3.58502669522542e-05	0.000171810571035862
NY.GDP.MKTP.KN	9.47812087322516e-10	0.00010960778338681	0.000124953142571536
EN.GHG.CO2.PI.MT.CE.AR5_lag1	9.44007467844762e-10	3.54094849815298e-05	6.24765712857678e-05
BM.GSR.TRAN.ZS_avg2	9.30728948810311e-10	5.15714905747591e-05	6.24765712857678e-05
NE.CON.TOTL.KD_lag1	9.28032049138541e-10	8.66871209091393e-06	1.5619142821442e-05
AG.LND.CREL.HA_avg2	9.08571481422018e-10	1.13134039152605e-05	4.68574284643259e-05
SP.POP.0014.MA.ZS_lag1	8.98670130114985e-10	0.000109020074092511	3.12382856428839e-05
ER.FSH.CAPT.MT_max2	8.97618625502707e-10	0.000108873146768936	6.24765712857678e-05
MS.MIL.XPND.CD_avg2	8.92066806611714e-10	1.66027875639538e-05	3.12382856428839e-05
TX.VAL.OTHR.ZS.WT	8.85780579777542e-10	0.00014105023063182	0.000296763713607397
FM.LBL.BMNY.GD.ZS_min2	8.46582463891819e-10	7.8312263465375e-05	0.000171810571035862
EN.GHG.ALL.MT.CE.AR5_min2	8.30300534182418e-10	1.54273689753553e-05	3.12382856428839e-05
SP.POP.1564.TO_lag1	8.16692305724877e-10	1.91005520647256e-06	1.5619142821442e-05
DT.ODA.ODAT.PC.ZS_delta1	8.11805786703558e-10	4.67228888967903e-05	0.00015619142821442
NE.GDI.TOTL.CD_rank	7.94706099256934e-10	1.66027875639538e-05	7.80957141072098e-05
ER.FSH.CAPT.MT_ratiomax2	7.85361983523965e-10	4.42251243960185e-05	9.37148569286517e-05
NY.ADJ.DMIN.CD_lag1	7.57914448814692e-10	1.58681509460797e-05	6.24765712857678e-05
EN.POP.DNST_min2	7.52605442082729e-10	0.000108432364798212	0.000124953142571536
BX.GRT.TECH.CD.WD_rank	7.52500032137608e-10	3.37932844222068e-05	9.37148569286517e-05
BM.GSR.FCTY.CD_rank	7.09851965945033e-10	1.35173137688827e-05	4.68574284643259e-05
EG.ELC.COAL.ZS_lag1	7.02007051497349e-10	4.26089238366956e-06	1.5619142821442e-05
AG.LND.TOTL.K2_rank	6.91286818953216e-10	1.91005520647256e-06	1.5619142821442e-05
NE.CON.PRVT.ZS_ratiomax2	6.90389250418552e-10	1.66027875639538e-05	7.80957141072098e-05
BX.TRF.CURR.CD_lag1	6.82716284796605e-10	7.09658972866343e-05	7.80957141072098e-05
NY.GDP.MINR.RT.ZS_rank	6.57253042109685e-10	4.33435604545696e-05	0.000109333999750094
DC.DAC.FRAL.CD_lag1	6.4868038644179e-10	5.49508190169798e-05	0.000140572285392978
NE.CON.PRVT.CD_rank	6.24300482095789e-10	4.61351796024911e-05	3.12382856428839e-05
SP.DYN.LE00.FE.IN_rank	5.66426626937923e-10	4.52536156610422e-05	3.12382856428839e-05
AG.SRF.TOTL.K2_tend2	5.64106619073239e-10	6.06809846363975e-05	1.5619142821442e-05
EN.GHG.CH4.TR.MT.CE.AR5_lag1	5.62208405542078e-10	1.6455860240379e-05	4.68574284643259e-05
BM.GSR.FCTY.CD_min2	5.38935843879155e-10	3.79072494823016e-05	7.80957141072098e-05
EN.GHG.CH4.WA.MT.CE.AR5_avg2	5.25817831570796e-10	1.33703864453079e-05	3.12382856428839e-05
EG.ELC.NUCL.ZS_avg2	5.05326042670164e-10	6.24441125192952e-05	6.24765712857678e-05
EN.GHG.CO2.IP.MT.CE.AR5_ratiomax2	5.0103038908801e-10	6.12686939306967e-05	0.000124953142571536
NY.GDP.MKTP.CD_delta1	4.96820305375508e-10	3.21770838628839e-05	4.68574284643259e-05
IS.AIR.DPRT_rank	4.8630541084705e-10	7.72837722003513e-05	9.37148569286517e-05
BM.GSR.FCTY.CD_ratiomax2	4.84873705778772e-10	2.74754095084899e-05	7.80957141072098e-05
BM.GSR.GNFS.CD_delta1	4.84760642604762e-10	9.88820887658487e-05	9.37148569286517e-05
MS.MIL.XPND.CD_ratiomax2	4.71778440399038e-10	5.70078015470272e-05	7.80957141072098e-05
BX.TRF.CURR.CD_rank	4.63463512358682e-10	7.93407547303987e-06	3.12382856428839e-05
TM.VAL.MRCH.R6.ZS_rank	4.56583850209436e-10	2.8944682744238e-05	7.80957141072098e-05
EN.GHG.CH4.FE.MT.CE.AR5_lag1	4.42791585166116e-10	9.21234318814073e-05	4.68574284643259e-05
DC.DAC.GBRL.CD_min2	4.39423038286794e-10	9.87351614422739e-05	0.000218667999500187
EG.ELC.COAL.ZS_ratiomax2	4.35738679299435e-10	4.55474703081918e-06	3.12382856428839e-05
TX.VAL.MRCH.WL.CD_lag1	4.27408824866067e-10	3.67318308937031e-06	1.5619142821442e-05
FM.LBL.BMNY.GD.ZS_lag1	4.26946437713653e-10	4.02580866594986e-05	7.80957141072098e-05
EN.GHG.CO2.FE.MT.CE.AR5_avg2	4.26700973252477e-10	5.28938364869324e-06	3.12382856428839e-05
TM.VAL.TRAN.ZS.WT_isNA_rank	4.23539929031245e-10	0.000165293239021664	0.000421716856178933
SH.DYN.MORT.MA_rank	4.12975039626445e-10	2.01290433297493e-05	3.12382856428839e-05
DC.DAC.USAL.CD_lag1	4.082959378165e-10	2.26268078305211e-05	7.80957141072098e-05
EN.GHG.CO2.RT.GDP.KD_min2	4.00560186942426e-10	0.000133703864453079	0.000234287142321629
NV.IND.TOTL.CN_rank	3.94659565785428e-10	9.87351614422739e-05	4.68574284643259e-05
NE.CON.TOTL.CD_delta1	3.92196441821475e-10	1.86597700940012e-05	4.68574284643259e-05
DC.DAC.GBRL.CD_lag1	3.83921374231121e-10	4.43720517195933e-05	0.000140572285392978
DT.ODA.ALLD.CD_rank	3.81442906000897e-10	5.87709294299249e-06	3.12382856428839e-05
NE.IMP.GNFS.CN_rank	3.77141120974647e-10	1.66027875639538e-05	4.68574284643259e-05
FS.AST.PRVT.GD.ZS_isNA_delta1	3.67257233731367e-10	4.62821069260659e-05	1.5619142821442e-05
EN.GHG.CO2.FE.MT.CE.AR5_rank	3.66560758705182e-10	2.64469182434662e-06	1.5619142821442e-05
EN.GHG.N2O.AG.MT.CE.AR5_avg2	3.4752919536696e-10	1.51335143282057e-05	3.12382856428839e-05
FI.RES.TOTL.MO_isNA_delta1	3.45111126746032e-10	0.000100351362001597	3.12382856428839e-05
NY.GDP.MKTP.CN_lag1	3.07476529704107e-10	1.76312788289775e-06	1.5619142821442e-05
EN.GHG.CH4.FE.MT.CE.AR5_rank	3.04375382463406e-10	3.23240111864587e-05	3.12382856428839e-05
MS.MIL.XPND.CD_max2	3.03589873556391e-10	1.19011132095598e-05	6.24765712857678e-05
AG.LND.AGRI.ZS_lag1	2.90676593661925e-10	1.27826771510087e-05	3.12382856428839e-05
TX.VAL.TRAN.ZS.WT_rank	2.8021849926007e-10	7.3610589110981e-05	4.68574284643259e-05
NY.GDP.PCAP.CN_rank	2.69354594411167e-10	4.45189790431681e-05	0.000109333999750094
ER.FSH.PROD.MT_max2	2.67311320817897e-10	4.70167435439399e-06	3.12382856428839e-05
NY.GDP.MKTP.CN_rank	2.66575842167523e-10	2.05698253004737e-05	4.68574284643259e-05
EG.USE.PCAP.KG.OE_ratiomax2	2.61002018632403e-10	1.68966422111034e-05	9.37148569286517e-05
NE.CON.TOTL.CD_lag1	2.57951603429574e-10	4.99552900154362e-06	1.5619142821442e-05
AG.LND.CROP.ZS_max2	2.56466104234447e-10	9.10949406163836e-06	1.5619142821442e-05
EN.GHG.CO2.BU.MT.CE.AR5_rank	2.53983824898293e-10	2.99731740092617e-05	6.24765712857678e-05
NY.GDP.PCAP.KN_rank	2.52593558766747e-10	3.23240111864587e-06	1.5619142821442e-05
SG.LAW.INDX_rank	2.44971245205583e-10	6.15625485778464e-05	3.12382856428839e-05
AG.LND.TOTL.K2_delta1	2.39211394667422e-10	4.62821069260659e-05	1.5619142821442e-05
ER.FSH.CAPT.MT_avg2	2.37529260912831e-10	2.74754095084899e-05	4.68574284643259e-05
SP.POP.65UP.TO.ZS_rank	2.35047270199318e-10	4.93675807211369e-05	1.5619142821442e-05
EN.GHG.N2O.IC.MT.CE.AR5_avg2	2.33000865539294e-10	1.89536247411508e-05	1.5619142821442e-05
EN.GHG.N2O.PI.MT.CE.AR5_ratiomax2	2.31239942119458e-10	1.96882613590248e-05	7.80957141072098e-05
NY.ADJ.DFOR.GN.ZS_delta1	2.30893071922411e-10	3.98173046887741e-05	0.000124953142571536
NY.GDP.FCST.CD_delta1	2.18024253672552e-10	7.44921530524298e-05	0.000171810571035862
EN.GHG.CH4.AG.MT.CE.AR5_max2	2.16336702712695e-10	1.45458050339064e-05	1.5619142821442e-05
EG.ELC.COAL.ZS_min2	2.08294801963563e-10	2.49776450077181e-06	1.5619142821442e-05
SE.ENR.PRIM.FM.ZS_isNA_lag1	2.02394030206912e-10	1.61620055932294e-06	1.5619142821442e-05
SE.SEC.DURS_lag1	1.99271623076394e-10	0.000101526780590195	3.12382856428839e-05
NY.GDS.TOTL.ZS_rank	1.86430273743588e-10	1.66027875639538e-05	4.68574284643259e-05
FI.RES.TOTL.CD_rank	1.84501255957927e-10	2.07167526240485e-05	6.24765712857678e-05
IS.AIR.PSGR_rank	1.79175842491302e-10	2.350837177197e-05	7.80957141072098e-05
BX.GSR.FCTY.CD_max2	1.78867178400306e-10	2.5859208949167e-05	3.12382856428839e-05
NE.DAB.TOTL.CD_lag1	1.76970137333299e-10	7.64022082589024e-06	3.12382856428839e-05
SH.MMR.RISK.ZS_rank	1.62284861402062e-10	4.31966331309948e-05	1.5619142821442e-05
SE.SEC.ENRL.GC.FE.ZS_isNA_lag1	1.61013894607054e-10	1.70435695346782e-05	3.12382856428839e-05
SP.POP.TOTL.FE.IN	1.590067296787e-10	4.11396506009474e-06	1.5619142821442e-05
BM.GSR.MRCH.CD_max2	1.54246426282552e-10	1.19011132095598e-05	3.12382856428839e-05
SP.DYN.LE00.IN_rank	1.52789450557136e-10	5.28938364869324e-06	1.5619142821442e-05
NE.CON.PRVT.CD_ratiomax2	1.50363647388899e-10	7.93407547303987e-06	3.12382856428839e-05
BX.GRT.TECH.CD.WD_avg2	1.4855090390644e-10	3.2911720480758e-05	7.80957141072098e-05
SP.POP.65UP.MA.IN_lag1	1.48359039063719e-10	8.38955017612178e-05	4.68574284643259e-05
SP.POP.TOTL.FE.ZS_rank	1.48159358591296e-10	7.05251153159099e-06	3.12382856428839e-05
NE.GDI.FTOT.CD_lag1	1.47168395562056e-10	3.73195401880023e-05	7.80957141072098e-05
BX.GSR.GNFS.CD_rank	1.45622603012849e-10	5.87709294299249e-06	3.12382856428839e-05
ER.H2O.INTR.K3_rank	1.33943606515153e-10	2.45368630369937e-05	3.12382856428839e-05
EN.GHG.CO2.IC.MT.CE.AR5_lag1	1.33167284102664e-10	6.90558420801618e-06	3.12382856428839e-05
BX.TRF.PWKR.DT.GD.ZS_rank	1.32813275485447e-10	1.85128427704264e-05	3.12382856428839e-05
DC.DAC.GBRL.CD_avg2	1.30592994532127e-10	6.99374060216107e-05	0.000109333999750094
EN.GHG.N2O.WA.MT.CE.AR5_rank	1.26851910237516e-10	3.67318308937031e-06	1.5619142821442e-05
EN.GHG.CH4.PI.MT.CE.AR5_max2	1.25122910639743e-10	2.20390985362218e-06	1.5619142821442e-05
NE.EXP.GNFS.KD_rank	1.24895664209965e-10	1.83659154468515e-05	4.68574284643259e-05
SP.POP.7579.MA.5Y_rank	1.23475748238619e-10	3.82011041294512e-06	1.5619142821442e-05
EN.GHG.N2O.MT.CE.AR5	1.22299343172951e-10	8.66871209091393e-06	4.68574284643259e-05
SP.POP.TOTL.MA.IN_lag1	1.20333971561716e-10	1.92474793883004e-05	1.5619142821442e-05
BM.GSR.GNFS.CD_lag1	1.19733964472432e-10	8.08100279661468e-06	1.5619142821442e-05
EN.GHG.N2O.TR.MT.CE.AR5_avg2	1.18992967111016e-10	1.91005520647256e-06	1.5619142821442e-05
NE.CON.TOTL.CD	1.12532778310698e-10	2.07167526240485e-05	7.80957141072098e-05
NY.GNP.MKTP.CN_rank	1.12113808837559e-10	3.67318308937031e-06	1.5619142821442e-05
EN.GHG.CO2.MT.CE.AR5_ratiomax2	1.0845712060185e-10	8.81563941448874e-06	4.68574284643259e-05
EN.GHG.CH4.PI.MT.CE.AR5	1.05388751115107e-10	1.63089329168042e-05	9.37148569286517e-05
BX.TRF.CURR.CD_avg2	1.01697950549182e-10	2.02759706533241e-05	7.80957141072098e-05
SP.POP.1014.FE.5Y_rank	9.77466981255045e-11	1.4839659681056e-05	1.5619142821442e-05
SH.MMR.RISK_rank	9.40663375732565e-11	4.31966331309948e-05	1.5619142821442e-05
NY.GNP.PCAP.CN_rank	9.23568195991657e-11	5.21591998690584e-05	3.12382856428839e-05
EG.USE.PCAP.KG.OE_rank	8.97611581315849e-11	3.67318308937031e-05	9.37148569286517e-05
ER.FSH.CAPT.MT_min2	8.74370304795188e-11	2.51245723312929e-05	4.68574284643259e-05
NE.CON.TOTL.KD_avg2	8.12557822532303e-11	4.40781970724437e-06	1.5619142821442e-05
FM.AST.PRVT.GD.ZS_rank	8.00915669928613e-11	1.92474793883004e-05	4.68574284643259e-05
AG.LND.ARBL.HA_lag1	7.13307930216087e-11	4.56943976317666e-05	1.5619142821442e-05
EN.GHG.CH4.BU.MT.CE.AR5_lag1	6.81386975497178e-11	1.36642410924575e-05	6.24765712857678e-05
EN.URB.LCTY.UR.ZS_min2	6.80243805952441e-11	1.68966422111034e-05	3.12382856428839e-05
consumption_vs_income_rank	6.73803874154126e-11	1.63089329168042e-05	3.12382856428839e-05
NE.CON.PRVT.KD.ZG_rank	6.09919524712514e-11	1.77782061525523e-05	6.24765712857678e-05
TX.VAL.MANF.ZS.UN_rank	5.50151312711388e-11	1.4105023063182e-05	6.24765712857678e-05
SE.SEC.ENRR_isNA_lag1	5.38931215160979e-11	2.49776450077181e-06	1.5619142821442e-05
EN.GHG.CO2.TR.MT.CE.AR5_avg2	5.19305220815008e-11	3.5262557657955e-06	1.5619142821442e-05
SE.SEC.ENRL.GC_isNA_delta1	5.1165429315123e-11	7.11128246102092e-05	3.12382856428839e-05
EN.GHG.CO2.FE.MT.CE.AR5_ratiomax2	4.19134457730894e-11	5.73016561941768e-06	3.12382856428839e-05
NY.GDP.MKTP.CD_lag1	3.96357331288328e-11	1.45458050339064e-05	3.12382856428839e-05
TX.VAL.SERV.CD.WT_lag1	3.81599320590673e-11	1.32234591217331e-05	4.68574284643259e-05
SP.POP.0014.FE.IN_rank	3.65155612053416e-11	6.75865688444137e-06	1.5619142821442e-05
AG.LND.ARBL.HA_max2	3.64076017714612e-11	4.40781970724437e-06	3.12382856428839e-05
BX.GSR.GNFS.CD_ratiomax2	3.60222904440594e-11	1.20480405331346e-05	4.68574284643259e-05
SH.STA.MMRT_rank	3.58826651614601e-11	2.05698253004737e-06	1.5619142821442e-05
NE.CON.PRVT.CD_max2	3.41958228117026e-11	5.43631097226806e-06	1.5619142821442e-05
NV.SRV.TOTL.KD_rank	3.26990096090331e-11	1.14603312388354e-05	1.5619142821442e-05
EN.GHG.CH4.MT.CE.AR5_ratiomax2	3.05193227895887e-11	8.52178476733911e-06	3.12382856428839e-05
EN.GHG.CH4.IC.MT.CE.AR5_ratiomax2	3.00427806438058e-11	2.76223368320647e-05	3.12382856428839e-05
NY.GDP.FCST.KD_rank	2.98212466832485e-11	2.62999909198914e-05	4.68574284643259e-05
DT.ODA.ODAT.GN.ZS_delta1	2.95990734619803e-11	1.67497148875286e-05	6.24765712857678e-05
FS.AST.PRVT.GD.ZS_max2	2.92693637947731e-11	8.3748574437643e-06	3.12382856428839e-05
EN.GHG.CO2.IP.MT.CE.AR5_rank	2.8917399155224e-11	1.4105023063182e-05	1.5619142821442e-05
SP.DYN.LE00.MA.IN_rank	2.88954810978891e-11	1.21949678567094e-05	1.5619142821442e-05
BX.GSR.TOTL.CD_max2	2.83006025627797e-11	1.8806697417576e-05	4.68574284643259e-05
NY.ADJ.DFOR.CD	2.73778029059144e-11	2.05698253004737e-06	1.5619142821442e-05
BM.GSR.TOTL.CD_lag1	2.68573305059273e-11	2.29206624776707e-05	1.5619142821442e-05
EN.GHG.CH4.TR.MT.CE.AR5_min2	2.62640912129721e-11	1.11664765916857e-05	4.68574284643259e-05
EN.GHG.CH4.AG.MT.CE.AR5_avg2	2.40770996781632e-11	6.31787491371693e-06	3.12382856428839e-05
EN.GHG.CO2.TR.MT.CE.AR5_lag1	2.3667660812928e-11	4.26089238366956e-06	1.5619142821442e-05
ER.FSH.AQUA.MT_rank	2.34125480694302e-11	1.27826771510087e-05	3.12382856428839e-05
EN.GHG.N2O.WA.MT.CE.AR5_min2	2.31664087926716e-11	6.0240202665673e-06	3.12382856428839e-05
BX.GSR.NFSV.CD_lag1	2.31277245247153e-11	1.77782061525523e-05	3.12382856428839e-05
EG.ELC.NGAS.ZS_rank	2.30436211345669e-11	2.90916100678128e-05	0.000109333999750094
AG.LND.CROP.ZS_lag1	2.25289245001614e-11	4.81921621325384e-05	6.24765712857678e-05
MS.MIL.XPND.GD.ZS_rank	2.25271756405147e-11	7.05251153159099e-06	3.12382856428839e-05
EN.URB.MCTY.TL.ZS_rank	2.23908271558169e-11	4.70167435439399e-06	3.12382856428839e-05
EN.GHG.CO2.IP.MT.CE.AR5_avg2	2.19831425497857e-11	2.350837177197e-06	1.5619142821442e-05
SE.SEC.ENRR.MA_isNA_lag1	2.18696787854192e-11	4.40781970724437e-06	1.5619142821442e-05
ER.FSH.AQUA.MT_lag1	2.14809828517833e-11	1.4839659681056e-05	3.12382856428839e-05
EN.GHG.CO2.TR.MT.CE.AR5_ratiomax2	2.11915016254754e-11	1.38111684160324e-05	4.68574284643259e-05
EN.GHG.CH4.IC.MT.CE.AR5_rank	2.05025396894121e-11	2.05698253004737e-06	1.5619142821442e-05
EN.GHG.CH4.WA.MT.CE.AR5_min2	2.04789255020126e-11	6.31787491371693e-06	1.5619142821442e-05
AG.LND.CROP.ZS_rank	2.02738038184474e-11	4.84860167796881e-06	1.5619142821442e-05
BX.GSR.FCTY.CD_ratiomax2	2.02101838355442e-11	2.64469182434662e-06	1.5619142821442e-05
SP.POP.1564.MA.ZS_rank	2.01402823989494e-11	5.14245632511843e-06	3.12382856428839e-05
TX.VAL.MRCH.WL.CD_rank	1.9297329224335e-11	2.79161914792143e-06	1.5619142821442e-05
SH.DYN.NMRT_delta1	1.8999131863998e-11	4.55474703081918e-06	1.5619142821442e-05
DC.DAC.FRAL.CD_avg2	1.71369418186717e-11	5.28938364869324e-06	3.12382856428839e-05
SP.RUR.TOTL_rank	1.68514060908457e-11	2.05698253004737e-06	1.5619142821442e-05
SP.POP.0014.MA.ZS_rank	1.66898788342057e-11	1.61620055932294e-06	1.5619142821442e-05
DT.ODA.ODAT.KD_max2	1.65564434620185e-11	4.70167435439399e-06	1.5619142821442e-05
NE.DAB.TOTL.CD_delta1	1.61287245418632e-11	2.10106072711982e-05	6.24765712857678e-05
EN.GHG.CH4.MT.CE.AR5_avg2	1.52285516504241e-11	1.46927323574812e-06	1.5619142821442e-05
NE.EXP.GNFS.KD_lag1	1.35060301473757e-11	2.79161914792143e-06	1.5619142821442e-05
SP.POP.80UP.MA.5Y_rank	1.30185492034844e-11	3.08547379507106e-06	1.5619142821442e-05
EN.GHG.ALL.MT.CE.AR5_avg2	1.1466009712283e-11	2.20390985362218e-06	1.5619142821442e-05
SP.POP.1564.TO	9.76897170028347e-12	2.57122816255922e-05	3.12382856428839e-05
TM.VAL.SERV.CD.WT_lag1	9.2021367934216e-12	1.19011132095598e-05	1.5619142821442e-05
EN.GHG.CO2.FE.MT.CE.AR5_max2	9.00705971725816e-12	2.350837177197e-06	1.5619142821442e-05
NE.IMP.GNFS.CD_rank	8.90774925195096e-12	1.08726219445361e-05	1.5619142821442e-05
BM.GSR.TOTL.CD_rank	8.6645951964748e-12	1.02849126502369e-05	1.5619142821442e-05
BX.GSR.NFSV.CD_ratiomax2	7.52538220959175e-12	6.61172956086655e-06	1.5619142821442e-05
NY.GDS.TOTL.CD_rank	7.16868454647632e-12	7.05251153159099e-06	1.5619142821442e-05
NE.CON.TOTL.CD_rank	6.8423931437604e-12	8.96256673806355e-06	3.12382856428839e-05
SP.POP.65UP.MA.ZS_rank	6.31133935220668e-12	4.40781970724437e-06	1.5619142821442e-05
AG.YLD.CREL.KG_ratiomax2	5.75794508924661e-12	2.64469182434662e-06	1.5619142821442e-05
SP.POP.7579.FE.5Y_rank	5.69152951283371e-12	2.93854647149625e-06	1.5619142821442e-05
EG.ELC.NGAS.ZS_avg2	5.04579596544864e-12	3.37932844222068e-06	1.5619142821442e-05
NV.AGR.TOTL.CD_rank	4.99802379322449e-12	3.37932844222068e-06	1.5619142821442e-05
BM.GSR.CMCP.ZS_ratiomax2	4.88426965290148e-12	1.29296044745835e-05	4.68574284643259e-05
AG.LND.ARBL.ZS_rank	4.57467115874828e-12	9.10949406163836e-06	3.12382856428839e-05
BX.GSR.NFSV.CD_min2	4.46472225169819e-12	2.05698253004737e-06	1.5619142821442e-05
EN.URB.LCTY_max2	4.08593335766299e-12	1.20480405331346e-05	1.5619142821442e-05
NY.ADJ.DFOR.CD_lag1	2.81267457519325e-12	1.04318399738117e-05	1.5619142821442e-05
FM.AST.PRVT.GD.ZS_ratiomax2	2.3666654679795e-12	1.36642410924575e-05	1.5619142821442e-05
IT.CEL.SETS.P2_ratiomax2	1.80301714389707e-12	2.350837177197e-06	1.5619142821442e-05
TX.VAL.MRCH.CD.WT_rank	1.68337877690802e-12	1.21949678567094e-05	3.12382856428839e-05
SE.TER.ENRR_isNA	1.6708251418645e-12	1.76312788289775e-06	1.5619142821442e-05
EG.ELC.COAL.ZS_max2	1.21845878379826e-12	5.43631097226806e-06	1.5619142821442e-05
SP.POP.0014.TO_lag1	1.10766720653164e-12	2.49776450077181e-06	1.5619142821442e-05
BX.GSR.TOTL.CD_avg2	1.1041765584508e-12	1.89536247411508e-05	4.68574284643259e-05
EN.URB.LCTY.UR.ZS_avg2	1.09926532051869e-12	3.82011041294512e-06	1.5619142821442e-05
NY.GNP.ATLS.CD_lag1	9.61170648293814e-13	6.90558420801618e-06	1.5619142821442e-05
SP.POP.65UP.FE.IN	5.71116974409838e-13	1.46927323574812e-06	1.5619142821442e-05
EN.GHG.CH4.MT.CE.AR5_lag1	1.03395166893559e-13	2.49776450077181e-06	1.5619142821442e-05
