Feature	Gain	Cover	Frequency
NE.CON.PRVT.PC.KD	0.418726314364804	0.000180760201986593	0.000150670483652253
NY.GDP.PCAP.KD	0.338142738013693	0.000597535798354685	0.000331475064034956
EN.URB.LCTY_max2	0.0885421018772261	0.000266979294597369	0.000301340967304505
NY.GDP.DEFL.ZS	0.0248290831229077	0.000346375832923293	0.000512279644417659
TX.VAL.MRCH.OR.ZS_lag1	0.0136055013272868	0.000225519157020187	0.000467078499321983
EG.ELC.PETR.ZS	0.00625339269173412	6.89003009646117e-05	0.000150670483652253
EN.GHG.CH4.WA.MT.CE.AR5	0.00559903043375182	2.75151365114391e-05	7.53352418261263e-05
EG.ELC.PETR.ZS_max2	0.00512731422010766	5.06068587063253e-05	0.000135603435287027
SP.ADO.TFRT_lag1	0.00466544491218046	0.000392784196685093	0.000527346692782884
SP.POP.BRTH.MF_lag1	0.00438298105530158	0.000229567705716693	0.000331475064034956
NY.GDP.DEFL.ZS_lag1	0.00422613293570086	0.000239913996829986	0.000512279644417659
EN.GHG.CH4.WA.MT.CE.AR5_max2	0.00365643907309253	1.34201891976774e-05	4.52011450956758e-05
SP.POP.2024.MA.5Y	0.00342550585487665	0.000244187464898521	0.000195871628747928
SH.IMM.IDPT_rank	0.00307544624309112	0.000175362137057918	0.000210938677113154
FP.CPI.TOTL_rank	0.00295334266817846	0.000317736099551713	0.000512279644417659
FM.AST.DOMS.CN_min2	0.00241118076507421	0.00243175327724394	0.00153683893325298
SH.IMM.MEAS_rank	0.00237520180307999	0.000659538571910434	0.000497212596052433
AG.CON.FERT.ZS_avg2	0.00236822386475388	0.00012385560086348	0.000165737532017478
SP.POP.7074.MA.5Y_delta1	0.0023471943621475	0.000949909481198727	0.000934156998643966
SP.POP.TOTL.MA.ZS_rank	0.00216808049495065	5.2181294310522e-05	0.000105469338556577
FP.CPI.TOTL	0.00169626816030156	0.000630823865414846	0.000873888805183065
FS.AST.CGOV.GD.ZS_lag1	0.00166707947233126	0.000314212362723273	0.000406810305861082
TM.VAL.MRCH.RS.ZS	0.00164925630623331	0.00242965402977168	0.00158204007834865
SP.POP.6064.MA.5Y_delta1	0.00163169956905297	0.00113704239872612	0.00111496157902667
SP.DYN.TO65.MA.ZS	0.00151709579680294	0.000165090819068634	0.000150670483652253
SP.POP.1014.FE.5Y_delta1	0.00150022169910151	9.33415393916666e-05	0.000165737532017478
SP.URB.TOTL_delta1	0.00145041646493609	0.000198678778624832	0.00028627391893928
EN.GHG.N2O.BU.MT.CE.AR5_ratioavg2	0.00138342781999273	0.0165743085247516	0.0116920295314148
SM.POP.RHCR.EA_delta1	0.00137536627275373	0.000781894710293727	0.00102455928883532
SH.DYN.NMRT_lag1	0.00124485464047877	0.00710602766673217	0.00393249962332379
BG.GSR.NFSV.GD.ZS_rank	0.00115740523889354	0.000120106944663012	0.000195871628747928
SP.POP.4549.MA.5Y	0.00115546905178324	0.00142561395303818	0.000843754708452614
SP.POP.4549.MA.5Y_lag1	0.000943168766219593	0.00110217989606176	0.000768419466626488
EN.GHG.CH4.MT.CE.AR5_min2	0.000942946883416888	9.82147924522757e-06	1.50670483652253e-05
SE.ENR.PRIM.FM.ZS	0.000942195342365421	0.000397432530373674	0.00060268193460901
AG.LND.ARBL.HA.PC_min2	0.000890698100639805	0.00470711261780433	0.00257646527045352
TX.VAL.MRCH.RS.ZS	0.000853165106081629	0.000514615523200321	0.000436944402591532
PA.NUS.ATLS	0.000828146209015454	0.000161866974736231	0.000226005725478379
NY.GDP.FRST.RT.ZS	0.000825335040049753	0.000188632380007577	0.000210938677113154
BG.GSR.NFSV.GD.ZS_max2	0.000782844357355928	0.000757528444990682	0.000693084224800362
FD.AST.PRVT.GD.ZS_max2	0.000766197254505195	0.000199203590492898	0.000210938677113154
SH.DYN.MORT.FE	0.000756508005667676	0.000173337862709665	0.000150670483652253
TX.VAL.MRCH.R5.ZS	0.000664570288586634	0.000163591356588447	0.000226005725478379
AG.CON.FERT.ZS_max2	0.000651444282124124	0.000453587400256693	0.000376676209130631
EG.USE.PCAP.KG.OE	0.000617876894639868	0.000155869124815482	0.000180804580382703
TM.VAL.MRCH.RS.ZS_lag1	0.000617502766541153	0.000977124725214129	0.000858821756817839
TX.VAL.MRCH.HI.ZS	0.000600771606130439	8.4119845138514e-05	0.000180804580382703
IT.CEL.SETS.P2_min2	0.000584524621566051	0.000147172242430395	0.000195871628747928
NY.GDP.FRST.RT.ZS_rank	0.000573556867505767	5.71295204951405e-05	9.04022901913515e-05
FI.RES.TOTL.CD	0.00057064619708308	0.000201527757337189	0.000226005725478379
NY.GDS.TOTL.ZS	0.000556267265270533	0.00128443956052854	0.00108482748229622
BM.GSR.TRAN.ZS	0.000554734547370356	0.000201977596081245	0.000376676209130631
SE.TER.ENRR	0.000549131086050042	0.000392109438569009	0.000587614886243785
SH.DTH.MORT	0.000536817328560108	0.000464608449486071	0.000346542112400181
EN.GHG.CH4.TR.MT.CE.AR5_max2	0.000536589338450074	2.61656202792704e-05	4.52011450956758e-05
SP.POP.0004.MA.5Y	0.00053208054258499	0.000682330401609283	0.000406810305861082
SP.POP.7074.FE.5Y_delta1	0.000513460795156386	0.000785268500874149	0.00105469338556577
SP.DYN.AMRT.MA	0.000496764759402225	0.00683889842588678	0.00363115865601929
SM.POP.RHCR.EO_lag1	0.00046958619004407	0.00032170967512421	0.000421877354226307
SP.POP.7579.FE.5Y_lag1	0.000456327853924132	8.92180175711512e-05	9.04022901913515e-05
SM.POP.NETM	0.000452074850877496	0.00243842588528077	0.00168750941690523
NY.GSR.NFCY.CN_lag1	0.000424221351227247	0.00113164433379744	0.000828687660087389
NE.RSB.GNFS.CN	0.000419152179945927	0.00115113734603988	0.000798553563356938
SM.POP.RHCR.EO	0.000414064971611303	0.000326358008812791	0.000346542112400181
FP.CPI.TOTL_min2	0.000412515949785269	0.000230692302576834	0.000557480789513334
TX.VAL.MRCH.HI.ZS_lag1	0.000411183285825528	9.85896580723225e-05	0.000226005725478379
SP.POP.3539.FE.5Y	0.000394198131966042	0.000263530530892938	0.000271206870574055
BX.GSR.CMCP.ZS_min2	0.000389914205179057	0.000331306234997409	0.000557480789513334
SP.POP.80UP.FE.5Y_delta1	0.00038872503791315	0.00122288662571685	0.00091908995027874
SP.POP.1014.FE.5Y_lag1	0.00037048478495262	7.60227477455019e-05	0.000105469338556577
FM.AST.DOMS.CN_avg2	0.000367500370297262	0.0012305338843658	0.000693084224800362
SP.POP.5054.FE.5Y_delta1	0.000367455200098219	0.000994593463108312	0.00091908995027874
BM.TRF.PWKR.CD.DT_tend2	0.000362854305202218	0.00137110849188337	0.00138616844960072
SP.POP.5559.FE.5Y_delta1	0.000362424519441585	0.000755054331898373	0.000753352418261263
SP.POP.4549.FE.5Y_lag1	0.000348281178749328	0.000757903310610729	0.000527346692782884
DT.ODA.ODAT.GN.ZS	0.00034092709322091	0.000642744592132335	0.000497212596052433
DC.DAC.DEUL.CD_min2	0.000321601163812399	0.000190356761859792	0.000256139822208829
BX.TRF.PWKR.DT.GD.ZS	0.000318496180887738	0.00151985516991796	0.0011902968208528
BX.GSR.TRVL.ZS_min2	0.000308748222178517	0.00027402676825425	0.000346542112400181
SH.STA.MMRT	0.000286124073074761	0.000174687378941834	0.000241072773843604
NE.EXP.GNFS.CN	0.000284823000575949	0.000430645624309826	0.000406810305861082
AG.LND.AGRI.ZS	0.000276804482019497	0.000152195441739023	0.000180804580382703
TX.VAL.MRCH.R1.ZS_lag1	0.000273374895783727	0.006064576001118	0.00485158957360253
SP.POP.6064.FE.5Y_delta1	0.000261188835359743	0.000838049580176746	0.00091908995027874
SP.DYN.TO65.MA.ZS_lag1	0.000260954269385402	4.74579874979317e-05	6.0268193460901e-05
SH.IMM.IDPT	0.00026080601182019	0.000162916598472363	0.000210938677113154
BX.GRT.TECH.CD.WD_isNA_rank	0.000256748400675022	0.00630111620736756	0.00376676209130631
NY.ADJ.NNTY.PC.CD	0.000252990516536893	0.00173765209516519	0.00116016272412234
SP.POP.2529.FE.5Y_rank	0.000251633961027587	7.50480971333801e-05	9.04022901913515e-05
NE.GDI.FTOT.ZS_lag1	0.000250357932594484	0.00089240509508354	0.000979358143739641
NE.TRD.GNFS.ZS_lag1	0.000241903179163572	0.00200808015346699	0.00153683893325298
DC.DAC.DEUL.CD_max2	0.000240892687608063	0.000203477058561432	0.000271206870574055
SP.POP.TOTL.FE.ZS_delta1	0.000223854104209891	0.000935664587636947	0.000828687660087389
SP.POP.5559.MA.5Y	0.000220183374046702	0.00201970098768844	0.00116016272412234
SE.SEC.ENRL.GC.FE.ZS	0.000217306085541249	0.000259407009072423	0.000467078499321983
BM.GSR.CMCP.ZS_min2	0.000212553512797737	0.00976022620291191	0.00644869670031641
SP.DYN.AMRT.MA_lag1	0.000211496110067907	0.00085191960811848	0.00057254783787856
SP.POP.6569.FE.5Y_delta1	0.000203135789599027	0.000356572177788567	0.000482145547687208
SP.ADO.TFRT	0.000202524161799947	0.000784443796510046	0.000813620611722164
SP.POP.80UP.MA.5Y	0.000201196444695377	6.28274779198527e-05	6.0268193460901e-05
FP.CPI.TOTL.ZG_avg2	0.000199066467128315	0.000371116963846385	0.000512279644417659
EN.GHG.CO2.FE.MT.CE.AR5	0.000196016337855394	8.99677488112449e-06	3.01340967304505e-05
AG.LND.AGRI.K2	0.000192576640486743	0.000250860072935354	0.000271206870574055
SE.SEC.ENRR.MA	0.0001901772853122	0.00021329853780666	0.000256139822208829
NY.ADJ.DFOR.CD_rank	0.000189488908478804	0.000517239582540649	0.000527346692782884
TM.VAL.TRAN.ZS.WT_delta1	0.000183755186239866	0.000190281788735783	0.000452011450956758
NY.GDP.PCAP.CD	0.000183383558669375	0.000145447860578179	0.000195871628747928
BX.TRF.PWKR.CD.DT_max2	0.000178914236936559	5.66047086270749e-05	7.53352418261263e-05
FM.AST.NFRG.CN	0.00017852794522538	0.000564172758170515	0.000632816031339461
TX.VAL.MRCH.R2.ZS_lag1	0.000177957538956294	0.000172513158345562	0.000391743257495857
NE.CON.PRVT.PC.KD_isNA_rank	0.000174863586930034	0.000190056869363755	0.000452011450956758
SM.POP.RHCR.EO_rank	0.00016420712368497	7.99963233179986e-05	0.000135603435287027
EN.GHG.N2O.BU.MT.CE.AR5_tend2	0.000163626945046643	0.00123600692241849	0.00153683893325298
SP.POP.4549.FE.5Y	0.000162047462671681	0.00100066628615307	0.00060268193460901
NY.GSR.NFCY.CD_rank	0.000154229825019633	5.87039560993373e-05	0.000120536386921802
SP.DYN.AMRT.FE_lag1	0.00014817910953498	0.000161941947860241	0.000165737532017478
BM.GSR.INSF.ZS_min2	0.000143487611634761	0.000333480455593681	0.000557480789513334
TX.VAL.FOOD.ZS.UN_lag1	0.000140657244563997	0.0159955160073992	0.00869368690673497
EN.GHG.CO2.TR.MT.CE.AR5_ratioavg2	0.000137905917234884	0.000185483508799183	0.000361609160765406
SP.POP.3539.FE.5Y_lag1	0.000137695866875212	5.76543323632061e-05	9.04022901913515e-05
SH.DYN.MORT.FE_lag1	0.000133961058209371	0.000372391506954544	0.000210938677113154
FM.AST.NFRG.CN_rank	0.000127024460678491	0.000281524080655187	0.000361609160765406
SP.RUR.TOTL.ZS_delta1	0.000126704469014599	0.000844047430097496	0.000738285369896037
SP.DYN.AMRT.FE	0.000125140965148901	0.000107136594209391	9.04022901913515e-05
DC.DAC.CANL.CD_avg2	0.000123883778655091	0.000111110169781887	0.000180804580382703
year_cycle_lag1	0.000123092198325417	0.000156918748551613	0.00031640801566973
NE.IMP.GNFS.KD	0.000119600635684321	0.000114708879734337	0.000150670483652253
NY.ADJ.DKAP.GN.ZS_delta1	0.000118529773439099	0.000435818769866472	0.000828687660087389
SP.POP.0004.FE.5Y_delta1	0.000115787416671535	0.000211724102202463	0.000421877354226307
FI.RES.TOTL.MO_min2	0.000115523424120083	0.000164940872820616	0.000210938677113154
BM.TRF.PWKR.CD.DT_min2	0.000115354317725649	0.000156918748551613	0.000331475064034956
FM.AST.DOMS.CN	0.000114544355282552	0.00145245433143354	0.00109989453066144
DT.ODA.ODAT.GN.ZS_max2	0.000113796246439962	0.00010121371741265	0.000105469338556577
SP.POP.BRTH.MF	0.000112016871076539	0.000101663556156707	0.000226005725478379
SE.PRM.ENRR.MA_rank	0.000108360570870624	2.38414534349799e-05	7.53352418261263e-05
SP.DYN.LE00.FE.IN_lag1	0.000100266297531107	0.00015017116739077	0.000120536386921802
AG.LND.AGRI.K2_rank	9.56729342621075e-05	4.22098688172757e-05	3.01340967304505e-05
SE.PRM.ENRR.MA	9.47903317640326e-05	8.86932057030856e-05	0.000210938677113154
SP.DYN.IMRT.MA.IN_lag1	9.23500933228186e-05	0.000192605955580073	0.000120536386921802
NY.GNP.PCAP.CD_lag1	9.10537414763583e-05	0.000102713179892838	0.000120536386921802
BM.TRF.PWKR.CD.DT_ratioavg2	9.1001313308944e-05	0.000284148139995515	0.000617748982974235
DC.DAC.CANL.CD_min2	8.97286560688959e-05	0.000109085895433634	0.000226005725478379
SM.POP.RHCR.EA_isNA_rank	8.6054477228222e-05	0.000373516103814685	0.000557480789513334
NE.CON.GOVT.ZS_avg2	8.59724464384172e-05	0.000114783852858347	0.000150670483652253
NY.ADJ.DRES.GN.ZS	8.39515756984532e-05	0.000503519500846934	0.000587614886243785
AG.PRD.FOOD.XD_avg2	8.12949301553853e-05	0.000308889270918607	0.000436944402591532
SP.POP.5559.FE.5Y_lag1	7.95851520228287e-05	0.00205553814096492	0.0011902968208528
SP.POP.5054.MA.5Y_lag1	7.92692616518145e-05	0.000512741195100087	0.000346542112400181
SE.PRM.ENRL.FE.ZS_delta1	7.66366052483823e-05	0.00145590309513797	0.00212445381949676
SP.POP.0509.MA.5Y	7.60836668442925e-05	0.00140934478512815	0.000798553563356938
SP.POP.DPND.OL_delta1	7.57681924499341e-05	0.000605183057003641	0.000617748982974235
BX.KLT.DINV.WD.GD.ZS_lag1	7.49603553104337e-05	0.000756328875006532	0.00103962633720054
SM.POP.RHCR.EA	7.30513918479342e-05	0.000181734852598715	0.00031640801566973
IT.CEL.SETS.P2_rank	7.17701218411144e-05	1.64940872820616e-05	6.0268193460901e-05
SE.SEC.ENRL.GC_delta1	7.09876711853905e-05	0.000678281852912777	0.00141630254633117
FS.AST.CGOV.GD.ZS_min2	7.05005532668792e-05	0.000242837948666352	0.000361609160765406
FD.AST.PRVT.GD.ZS	6.96795328708778e-05	0.00113996635056248	0.000798553563356938
BM.GSR.TRVL.ZS	6.86262311427443e-05	0.000157068694799632	0.000256139822208829
NY.GDS.TOTL.ZS_delta1	6.78593385267948e-05	0.000263080692148882	0.000542413741148109
NV.AGR.TOTL.ZS_rank	6.74750959525901e-05	4.04854869650602e-06	1.50670483652253e-05
SE.PRM.TCHR_rank	6.65865129256581e-05	7.8871726457858e-05	0.000105469338556577
SP.POP.3034.MA.5Y_lag1	6.48227649920626e-05	8.1495785798186e-05	0.000150670483652253
AG.LND.CROP.ZS_tend2	6.458451339188e-05	0.000358296559640783	0.000421877354226307
year	6.44243701731974e-05	0.00327692530420158	0.00197378333584451
IT.CEL.SETS	6.40228499912114e-05	9.73900880881726e-05	0.000135603435287027
SP.POP.2024.MA.5Y_delta1	6.3407518837796e-05	0.000215397785278922	0.000391743257495857
IS.AIR.PSGR	6.31440423343664e-05	0.000156019071063501	0.000210938677113154
NE.IMP.GNFS.KD.ZG	6.21095726033926e-05	0.000280924295663112	0.000557480789513334
DC.DAC.JPNL.CD	6.18691618996563e-05	0.00042179879567672	0.000497212596052433
TX.VAL.MRCH.R2.ZS_delta1	5.88671663248388e-05	0.000605782841995716	0.00123549796594847
DC.DAC.FRAL.CD	5.88290927193879e-05	0.000138475360045308	0.000331475064034956
IS.AIR.GOOD.MT.K1_min2	5.82796590025241e-05	0.000366318683909785	0.000256139822208829
SP.POP.5054.FE.5Y	5.81661343694322e-05	0.000419699548204457	0.000346542112400181
TX.VAL.MRCH.R6.ZS	5.69258264526592e-05	0.000198153966756767	0.000271206870574055
SP.POP.1519.MA.5Y_lag1	5.31075629038921e-05	0.000294944269852865	0.000391743257495857
SP.DYN.AMRT.MA_rank	5.31054512316354e-05	6.04283379515528e-05	6.0268193460901e-05
SE.SEC.ENRR.MA_delta1	5.28127851204048e-05	0.000231517006940937	0.000391743257495857
NY.ADJ.NNTY.CD_delta1	5.25114048729267e-05	0.000431095463053882	0.000467078499321983
NY.ADJ.DKAP.GN.ZS	5.22885033619271e-05	0.000217422059627175	0.00028627391893928
EN.POP.DNST_tend2	5.22421831815303e-05	0.000361070565229129	0.000376676209130631
SH.IMM.MEAS_lag1	5.13869826487868e-05	8.98178025632262e-05	0.000105469338556577
NY.ADJ.NNTY.CD_lag1	5.04480341748418e-05	0.000149796301770723	0.000165737532017478
SP.RUR.TOTL.ZG_delta1	4.89640863705549e-05	0.000390535002964812	0.000497212596052433
EN.URB.MCTY.TL.ZS_tend2	4.8620691176884e-05	0.000286547279963815	0.000527346692782884
NE.CON.PRVT.ZS_rank	4.79426328664825e-05	0.00023474085127334	0.000301340967304505
BM.KLT.DINV.WD.GD.ZS_rank	4.70869524798237e-05	1.26704579575837e-05	4.52011450956758e-05
EN.GHG.CH4.TR.MT.CE.AR5_avg2	4.65025282840891e-05	9.73151149641632e-05	7.53352418261263e-05
TG.VAL.TOTL.GD.ZS_delta1	4.61632256817631e-05	0.000320360158892041	0.000647883079704686
SP.DYN.TO65.FE.ZS	4.34340893092598e-05	0.000199728402360964	0.000150670483652253
BX.KLT.DINV.CD.WD_min2	4.32071785233037e-05	0.000155344312947416	0.000210938677113154
NE.CON.PRVT.KD.ZG	4.24961402964003e-05	0.000173787701453721	0.000346542112400181
FS.AST.CGOV.GD.ZS	4.17184703335941e-05	0.000535982863542991	0.000678017176435136
EN.GHG.CH4.BU.MT.CE.AR5_rank	4.14304310686147e-05	0.000412652074547577	0.00028627391893928
AG.YLD.CREL.KG_min2	4.10842459498305e-05	0.000543705095315957	0.000452011450956758
NY.GNP.PCAP.CN_delta1	4.0222418956898e-05	0.000232716576925087	0.000301340967304505
NY.GDP.MKTP.KD.ZG_delta1	3.97685531653156e-05	0.000383262609935903	0.000647883079704686
DC.DAC.FRAL.CD_min2	3.93287133750713e-05	0.000206251064149779	0.000331475064034956
NY.ADJ.DKAP.CD	3.76639936748246e-05	5.39056761627376e-05	6.0268193460901e-05
NV.SRV.TOTL.ZS	3.7271335160237e-05	0.000574818941779845	0.00060268193460901
FP.CPI.TOTL.ZG_lag1	3.67249062364504e-05	0.000464308556990033	0.000723218321530812
NE.RSB.GNFS.CN_lag1	3.5901683927189e-05	0.000301991743509745	0.000391743257495857
SE.SEC.ENRL.GC.FE.ZS_lag1	3.52726217690215e-05	0.00017153850773344	0.000376676209130631
FP.CPI.TOTL.ZG_isNA_rank	3.51906057128097e-05	0.000824854310351097	0.00123549796594847
EN.GHG.CO2.IC.MT.CE.AR5_min2	3.51834435593397e-05	9.52158674919009e-06	3.01340967304505e-05
SP.POP.DPND.YG	3.42407761715681e-05	0.000352598602216071	0.000256139822208829
TM.VAL.MMTL.ZS.UN_isNA_rank	3.33175210574873e-05	0.000310763599018842	0.000436944402591532
YearsSinceFirst_lag1	3.30580476788951e-05	6.91252203366398e-05	7.53352418261263e-05
SP.DYN.TFRT.IN	3.20935975345398e-05	0.00015729361417166	0.000135603435287027
SP.POP.3034.FE.5Y_lag1	3.1682564775199e-05	0.000231292087568909	0.000210938677113154
PA.NUS.FCRF	3.13615044756227e-05	0.00113794207621423	0.000979358143739641
AG.LND.TOTL.K2_tend2	3.10591516784725e-05	0.000189682003743708	0.000120536386921802
NV.AGR.TOTL.CD_lag1	3.07715827333172e-05	1.32702429496586e-05	4.52011450956758e-05
SP.DYN.LE00.FE.IN	3.06423496130085e-05	0.00132507499374162	0.000783486514991713
IT.MLT.MAIN_isNA_rank	3.04160703976751e-05	0.000194630229928326	0.000436944402591532
NE.EXP.GNFS.KD.ZG	3.02448596564574e-05	0.000200628079849076	0.000512279644417659
SP.POP.3539.FE.5Y_delta1	3.01942135765422e-05	0.00134554265659618	0.00113002862739189
EN.GHG.CO2.FE.MT.CE.AR5_tend2	3.00628719219654e-05	0.00436905880164608	0.0029230073828537
AG.LND.CROP.ZS	2.99782686485754e-05	0.000128578907676071	0.000256139822208829
MS.MIL.XPND.CD_lag1	2.991204807772e-05	0.000365493979545682	0.000647883079704686
SP.POP.0004.MA.5Y_lag1	2.97019370677327e-05	0.000203102192941385	0.000135603435287027
EN.GHG.CO2.BU.MT.CE.AR5_max2	2.91963293961496e-05	0.00038011373872751	0.00028627391893928
EN.GHG.N2O.IP.MT.CE.AR5_tend2	2.88378436094516e-05	0.000361445430849176	0.000678017176435136
AG.PRD.CROP.XD	2.85211388118789e-05	0.00115571070660445	0.000904022901913515
FP.CPI.TOTL.ZG_min2	2.81816615510261e-05	0.000430795570557844	0.000542413741148109
IS.AIR.DPRT_tend2	2.75138873796854e-05	0.000277475531958681	0.000497212596052433
BM.GSR.TRVL.ZS_avg2	2.69659912651349e-05	0.00014057460751757	0.000226005725478379
BX.PEF.TOTL.CD.WD_min2	2.66840151257572e-05	0.000295843947340977	0.000527346692782884
SP.URB.TOTL.IN.ZS_delta1	2.61415874107328e-05	0.000752055406937998	0.000527346692782884
NV.IND.MANF.ZS	2.58860136882735e-05	0.000355897419672483	0.000421877354226307
TM.VAL.MRCH.R5.ZS_lag1	2.57181148299951e-05	0.000169739152757215	0.000346542112400181
BX.TRF.PWKR.DT.GD.ZS_min2	2.56236951007408e-05	5.20313480625033e-05	0.000105469338556577
MS.MIL.XPND.CD_min2	2.53912558809939e-05	0.00020130283796516	0.000376676209130631
NY.GNP.PCAP.CD	2.51483383546936e-05	6.90502472126305e-05	9.04022901913515e-05
DC.DAC.DEUL.CD	2.51027824267297e-05	0.000321034917008126	0.000512279644417659
BX.PEF.TOTL.CD.WD_ratiomax2	2.49345175514068e-05	0.00014177417750172	0.000165737532017478
SE.ENR.PRIM.FM.ZS_lag1	2.40840558333733e-05	0.000520988238741117	0.000662950128069911
MS.MIL.MPRT.KD	2.39769331397524e-05	0.00234193547468071	0.00269700165737532
PA.NUS.FCRF_delta1	2.37629570711184e-05	0.00284088161496308	0.00204911857767063
SP.POP.2529.FE.5Y_lag1	2.3703549565341e-05	0.000257907546592235	0.000271206870574055
BX.GSR.MRCH.CD_min2	2.36795708721253e-05	0.000259631928444451	0.000210938677113154
BM.GSR.CMCP.ZS_max2	2.35426912023591e-05	0.00111200137530699	0.00102455928883532
SP.DYN.CBRT.IN	2.33351502204169e-05	0.000293369834248668	0.000195871628747928
NY.GSR.NFCY.CD_lag1	2.25469703779554e-05	0.000556075660777503	0.000497212596052433
SP.POP.65UP.TO.ZS_delta1	2.24282631996835e-05	0.0014209656193496	0.00102455928883532
SM.POP.RHCR.EO_delta1	2.23517251093355e-05	0.00061485459000085	0.000964291095374416
SP.POP.0509.FE.5Y_lag1	2.22147920335559e-05	0.000709020833756619	0.000436944402591532
DC.DAC.FRAL.CD_avg2	2.19339321928255e-05	2.3466587814933e-05	6.0268193460901e-05
AG.SRF.TOTL.K2_ratioavg2	2.16066008836204e-05	0.00183024390331676	0.00111496157902667
FM.AST.NFRG.CN_min2	2.15610623572755e-05	0.000167714878408962	0.000241072773843604
BX.KLT.DINV.CD.WD_max2	2.147526590224e-05	0.000152420361111051	0.000195871628747928
NY.GDP.DEFL.ZS_isNA_rank	2.12937231624333e-05	0.000284223113119525	0.000587614886243785
DT.ODA.ALLD.KD_max2	2.10946331606365e-05	3.17136314559638e-05	6.0268193460901e-05
NY.GNP.PCAP.CD_delta1	2.04139665745503e-05	0.000538756869131338	0.000587614886243785
EG.ELC.HYRO.ZS	2.00332562404156e-05	7.78970758457362e-05	0.000165737532017478
IS.AIR.GOOD.MT.K1	1.94059057824341e-05	0.00544829692176097	0.00328461654361911
ER.FSH.PROD.MT_avg2	1.92556628684788e-05	1.61941947860241e-05	3.01340967304505e-05
AG.PRD.CROP.XD_max2	1.86070648677124e-05	0.000274401633874297	0.000331475064034956
SP.POP.1519.MA.5Y	1.85940415274366e-05	0.000151895549242985	0.000210938677113154
SE.PRM.ENRR_delta1	1.83647423967771e-05	0.000218321737115288	0.000542413741148109
NV.SRV.TOTL.ZS_delta1	1.83194142714749e-05	0.000479977939907992	0.00091908995027874
BX.GSR.TRVL.ZS_rank	1.82663826352315e-05	0.000856343022435033	0.000858821756817839
NE.CON.PRVT.KD.ZG_ratioavg2	1.76949262700976e-05	0.000197179316144645	0.000421877354226307
NY.GDP.DEFL.KD.ZG_isNA_rank	1.76712847777235e-05	0.000447739496583962	0.000873888805183065
SH.MMR.RISK.ZS_lag1	1.7425479275549e-05	0.000145222941206151	0.000105469338556577
EN.GHG.CO2.PI.MT.CE.AR5	1.74121411522221e-05	0.000162166867232269	0.000150670483652253
SP.POP.TOTL.FE.ZS	1.72976252188243e-05	0.000382063039951753	0.000436944402591532
BX.GSR.MRCH.CD	1.72329178087546e-05	0.000217047194007128	0.000210938677113154
SP.POP.7579.FE.5Y_delta1	1.70861429843016e-05	0.000352148763472014	0.000452011450956758
BX.PEF.TOTL.CD.WD_max2	1.6801914091049e-05	0.000146947323058367	0.000210938677113154
BX.GSR.CMCP.ZS_max2	1.59461540173968e-05	0.000100389013048547	0.000210938677113154
EN.GHG.ALL.PC.CE.AR5_max2	1.53469025291252e-05	0.000169589206509197	0.000105469338556577
NY.GSR.NFCY.CN_rank	1.52523453360697e-05	0.000656239754454022	0.000482145547687208
TM.VAL.MRCH.OR.ZS_lag1	1.52228056910209e-05	0.000581266630444651	0.000678017176435136
BX.GSR.TRAN.ZS_ratioavg2	1.49543489695974e-05	0.000271402708913922	0.000512279644417659
AG.PRD.FOOD.XD	1.48704938713248e-05	0.00101258701287056	0.000843754708452614
AG.PRD.FOOD.XD_max2	1.47756458839309e-05	0.000281074241911131	0.000452011450956758
TX.VAL.MRCH.R1.ZS_rank	1.43358466421298e-05	6.76257578564524e-05	0.000135603435287027
NV.SRV.TOTL.KD.ZG_rank	1.38473449024311e-05	0.000205576306033695	0.000301340967304505
MS.MIL.XPND.CD_ratioavg2	1.37194717355065e-05	0.000259332035948413	0.000587614886243785
NY.ADJ.DNGY.GN.ZS_lag1	1.32557568990667e-05	0.000127829176435977	0.000226005725478379
TM.VAL.AGRI.ZS.UN	1.31790971016544e-05	0.000239089292465883	0.000527346692782884
NE.CON.PRVT.ZS_min2	1.3113213217273e-05	0.00031458722834332	0.00031640801566973
TX.VAL.FOOD.ZS.UN	1.30934524212139e-05	0.0008184815948103	0.000813620611722164
DC.DAC.CANL.CD_rank	1.3015122057164e-05	0.000438742721702838	0.000391743257495857
NE.CON.TOTL.CD_lag1	1.30020632601311e-05	7.71473446056425e-05	4.52011450956758e-05
DC.DAC.TOTL.CD_tend2	1.28372520946196e-05	0.000875461169057422	0.00108482748229622
TX.VAL.MRCH.CD.WT_delta1	1.27630061941627e-05	0.0003384286817783	0.000346542112400181
NY.ADJ.DMIN.CD	1.26626935019393e-05	7.69224252336144e-05	0.000105469338556577
NY.GDP.PCAP.CN_rank	1.25285603922329e-05	0.000116433261586553	0.000195871628747928
NV.IND.TOTL.ZS_rank	1.23580993926062e-05	7.30238227851271e-05	0.000165737532017478
AG.PRD.FOOD.XD_min2	1.23563508074768e-05	0.000293969619240743	0.00028627391893928
BM.GSR.MRCH.CD_isNA_rank	1.23431971456464e-05	0.000186683078783333	0.000376676209130631
AG.LND.ARBL.HA_ratioavg2	1.22370192985264e-05	0.000223644828919953	0.000361609160765406
NV.IND.TOTL.ZS_delta1	1.22068550657543e-05	0.000641170156528139	0.000708151273165587
SP.POP.1519.MA.5Y_rank	1.20405804641521e-05	6.71009459883868e-05	0.000135603435287027
TM.VAL.AGRI.ZS.UN_delta1	1.19582303253453e-05	0.00051476546944834	0.000723218321530812
TX.VAL.MRCH.AL.ZS_delta1	1.18365424985777e-05	0.000903426144312918	0.00111496157902667
SE.PRM.ENRR	1.18061675059748e-05	0.000127904149559987	0.000256139822208829
NY.ADJ.DFOR.GN.ZS_rank	1.16009150943002e-05	6.94251128326773e-05	0.000105469338556577
EN.GHG.N2O.FE.MT.CE.AR5_ratioavg2	1.10277009189353e-05	0.0014729219942881	0.00152177188488775
TM.VAL.MRCH.R4.ZS	1.09997420215948e-05	0.000215997570270997	0.000406810305861082
NV.SRV.TOTL.KD_isNA_rank	1.09895396269123e-05	0.000639895613419979	0.00126563206267892
MS.MIL.MPRT.KD_max2	1.08759595212709e-05	0.000516040012556499	0.000557480789513334
EN.GHG.CH4.FE.MT.CE.AR5_max2	1.07767778592976e-05	3.22384433240294e-06	1.50670483652253e-05
SH.DYN.NMRT_delta1	1.07061994776989e-05	4.75329606219411e-05	0.000105469338556577
NV.AGR.TOTL.CN	1.04477761838791e-05	0.000789466995818674	0.000768419466626488
IT.MLT.MAIN.P2_delta1	1.04423376660365e-05	0.000626625370470321	0.00060268193460901
NE.CON.PRVT.ZS_lag1	1.03657505006064e-05	0.000720041882985997	0.000708151273165587
NE.IMP.GNFS.ZS	1.02470071184474e-05	0.0022674121894154	0.00167244236854
NY.GDS.TOTL.ZS_lag1	1.01559958376958e-05	0.0021178408070167	0.00152177188488775
SH.MMR.RISK_delta1	9.97587602353688e-06	0.00496322080942034	0.00331475064034956
SP.POP.0014.MA.ZS_rank	9.92639856072546e-06	8.99677488112449e-06	1.50670483652253e-05
BX.GSR.FCTY.CD_min2	9.8212364162674e-06	9.20669962835073e-05	0.000120536386921802
PA.NUS.FCRF_lag1	9.70233951792359e-06	0.000186458159411305	0.000226005725478379
BM.GSR.TOTL.CD_tend2	9.68140319691507e-06	0.000148071919918507	0.000165737532017478
EN.GHG.CH4.TR.MT.CE.AR5_min2	9.67665815304046e-06	0.000461459578277677	0.00028627391893928
EN.POP.DNST_min2	9.59038201831244e-06	0.000424272908769029	0.000361609160765406
AG.LND.CROP.ZS_rank	9.53638443011288e-06	6.09531498196184e-05	9.04022901913515e-05
SH.DTH.NMRT_lag1	9.49476105441669e-06	0.000315561878955441	0.000241072773843604
BM.GSR.INSF.ZS	9.36732174939923e-06	0.000165690604060709	0.000301340967304505
NY.GDP.FCST.CD	9.31802709301621e-06	0.00012865388080008	0.000165737532017478
NY.GDP.TOTL.RT.ZS_rank	9.21744021622785e-06	0.000156019071063501	0.000195871628747928
FP.CPI.TOTL_isNA_rank	9.15076548984009e-06	0.0033626945580683	0.00253126412535784
SP.POP.DPND.OL_lag1	9.07985549613007e-06	0.000138775252541345	0.000105469338556577
SP.POP.7074.MA.5Y_lag1	8.93880117355906e-06	0.00013457675759682	0.000105469338556577
SP.POP.5559.MA.5Y_delta1	8.88760741914292e-06	0.00163029058158377	0.00134096730450505
EN.GHG.ALL.PC.CE.AR5_lag1	8.86896820059456e-06	0.000134801676968849	0.000105469338556577
NY.ADJ.DKAP.GN.ZS_isNA_rank	8.77786689406817e-06	0.000452237884024524	0.000662950128069911
AG.PRD.FOOD.XD_lag1	8.76940049031062e-06	0.000140349688145542	0.000241072773843604
NY.GDP.TOTL.RT.ZS_lag1	8.73883428599168e-06	0.000240438808698052	0.00028627391893928
IT.CEL.SETS.P2_avg2	8.69958135086376e-06	7.55729090014457e-05	9.04022901913515e-05
EG.ELC.NUCL.ZS_tend2	8.65398827352015e-06	0.0262956236763026	0.0163477474762694
NV.IND.TOTL.ZS_isNA_rank	8.44672174018292e-06	0.000314212362723273	0.000452011450956758
SP.POP.3539.MA.5Y	8.24789231789513e-06	0.000455911567100984	0.000361609160765406
EG.USE.ELEC.KH.PC_tend2	8.08454614312711e-06	0.00098289765576285	0.00135603435287027
DC.DAC.CECL.CD_lag1	8.07677314993668e-06	0.000265929670861238	0.000436944402591532
SP.DYN.TO65.FE.ZS_lag1	8.05714734633832e-06	0.000701298601983654	0.000436944402591532
BX.GRT.EXTA.CD.WD	8.01067511076651e-06	0.000338053816158253	0.00028627391893928
DT.NFL.UNDP.CD_rank	7.90453110201057e-06	0.000200778026097095	0.00031640801566973
SP.POP.65UP.MA.ZS	7.89041507396389e-06	3.51623951603949e-05	3.01340967304505e-05
EN.GHG.N2O.IP.MT.CE.AR5_ratioavg2	7.88183886383111e-06	0.000501720145870709	0.000798553563356938
EN.URB.MCTY.TL.ZS_min2	7.73831174371161e-06	0.000113959148494244	0.000105469338556577
NY.ADJ.AEDU.GN.ZS_rank	7.70648509179936e-06	5.02319930862784e-05	0.000135603435287027
NV.IND.TOTL.CN_isNA_rank	7.61865044812906e-06	0.000734436722795796	0.000843754708452614
NY.GDP.PETR.RT.ZS_delta1	7.53675396998048e-06	0.000273426983262175	0.000452011450956758
BX.GSR.TRAN.ZS_rank	7.50609806586564e-06	3.23134164480388e-05	4.52011450956758e-05
BX.KLT.DINV.CD.WD	7.49507947707041e-06	0.000357921694020736	0.000301340967304505
BX.GSR.CMCP.ZS_tend2	7.35689096199138e-06	0.000259407009072423	0.000542413741148109
SP.POP.80UP.MA.5Y_delta1	7.29756836683056e-06	0.000322684325736332	0.000346542112400181
TX.VAL.MRCH.RS.ZS_delta1	6.99918597289937e-06	0.000998117199936753	0.000994425192104867
BM.KLT.DINV.WD.GD.ZS_min2	6.94024545231484e-06	0.000242313136798286	0.000406810305861082
SE.PRM.AGES_rank	6.84265503530327e-06	0.000374865620046854	0.000557480789513334
AG.YLD.CREL.KG_lag1	6.73590349603483e-06	0.000147547108050442	0.000195871628747928
NV.IND.TOTL.CN_delta1	6.71150550538945e-06	0.000939263297589397	0.000828687660087389
SE.TER.ENRR_isNA_rank	6.6752123306545e-06	0.000170263964625281	0.000331475064034956
TM.VAL.MRCH.CD.WT_delta1	6.64565958393632e-06	0.000759402773090916	0.000783486514991713
TX.VAL.AGRI.ZS.UN_isNA_rank	6.56717752682659e-06	0.000448639174072074	0.000557480789513334
SP.DYN.LE00.IN	6.54783037430581e-06	0.0017233322284794	0.00108482748229622
TM.VAL.FUEL.ZS.UN	6.49446409047012e-06	0.00635592156101841	0.00479132138014163
ER.H2O.INTR.PC_tend2	6.46880141637016e-06	0.000374640700674826	0.000361609160765406
SE.TER.ENRR_delta1	6.39664783728636e-06	0.00335984557935594	0.00247099593189694
SH.MMR.RISK_rank	6.37497594861753e-06	3.23134164480388e-05	4.52011450956758e-05
EG.USE.PCAP.KG.OE_ratioavg2	6.3435481171402e-06	0.00041460137577182	0.000647883079704686
SH.DYN.NMRT	6.27563827301679e-06	0.00218906527482561	0.00122043091758325
NY.GSR.NFCY.CN	6.23764089538092e-06	0.00113966645806644	0.000768419466626488
SP.POP.DPND.YG_delta1	6.17923012812686e-06	0.000379513953735435	0.000617748982974235
BX.TRF.CURR.CD_tend2	6.14415888489938e-06	0.00308214512802523	0.00265180051227964
TM.VAL.AGRI.ZS.UN_rank	6.13127244114715e-06	0.000121156568399143	0.000241072773843604
SE.ENR.PRIM.FM.ZS_isNA_rank	6.07651159460147e-06	0.000147247215554404	0.000391743257495857
BX.PEF.TOTL.CD.WD_ratioavg2	6.05194410731982e-06	0.00057189498994348	0.000813620611722164
NY.GDP.PCAP.KD.ZG_rank	6.00137812667085e-06	9.55907331119477e-05	0.000256139822208829
NY.GDP.TOTL.RT.ZS_isNA_rank	5.92359491869636e-06	0.000161117243496138	0.000406810305861082
SP.POP.7074.FE.5Y_lag1	5.89361404563865e-06	0.000357621801524698	0.000256139822208829
TM.VAL.MRCH.AL.ZS	5.88629533577449e-06	0.000126554633327818	0.000180804580382703
AG.PRD.CROP.XD_rank	5.86570359854373e-06	7.32487421571552e-05	0.000135603435287027
NV.AGR.TOTL.KD	5.72697251502099e-06	1.2745431081593e-05	4.52011450956758e-05
SP.POP.65UP.MA.ZS_lag1	5.72609463132601e-06	0.000161567082240194	0.000120536386921802
NY.GDP.DEFL.KD.ZG_lag1	5.72573607289535e-06	0.00032290924510836	0.000587614886243785
DT.ODA.ODAT.GN.ZS_min2	5.66297691375557e-06	7.89466995818674e-05	0.000120536386921802
TM.VAL.MANF.ZS.UN_delta1	5.63280466938381e-06	0.000405004815898621	0.000482145547687208
EN.GHG.ALL.PC.CE.AR5_rank	5.50119354314051e-06	6.71759191123962e-05	7.53352418261263e-05
BM.KLT.DINV.CD.WD_isNA_rank	5.37081571194412e-06	0.000182784476334846	0.000421877354226307
SE.SEC.ENRR.FE_rank	5.34635825461015e-06	0.000114558933486319	0.000180804580382703
NE.RSB.GNFS.CD_delta1	5.29667015782908e-06	0.00519803663381769	0.00367635980111496
NY.ADJ.DRES.GN.ZS_rank	5.25178394737182e-06	9.17671037874698e-05	0.000105469338556577
SP.POP.65UP.TO.ZS	5.21702504933365e-06	4.72330681259036e-05	6.0268193460901e-05
AG.LND.CROP.ZS_ratioavg2	5.08085005856945e-06	0.000751980433813989	0.000662950128069911
FI.RES.TOTL.CD_isNA_rank	5.04226476242006e-06	6.40270479040026e-05	0.000180804580382703
EN.GHG.N2O.TR.MT.CE.AR5_tend2	5.00671803265049e-06	0.000505918640815234	0.000587614886243785
year_cycle_rank	5.002287298488e-06	0.000139524983781439	0.000452011450956758
AG.CON.FERT.ZS_lag1	4.9684787009025e-06	0.000132702429496586	0.000241072773843604
AG.PRD.LVSK.XD	4.96126621698177e-06	0.000323509030100435	0.000452011450956758
TM.VAL.MRCH.R3.ZS	4.96027512542169e-06	0.000494672672213828	0.000662950128069911
SP.POP.5054.FE.5Y_lag1	4.93102408715034e-06	0.00842667924615724	0.0045351815579328
FD.AST.PRVT.GD.ZS_isNA_rank	4.90751858432619e-06	0.000172962997089618	0.000271206870574055
NE.CON.PRVT.CD_isNA_rank	4.90424321534584e-06	0.000178136142646265	0.000527346692782884
DC.DAC.FRAL.CD_ratiomax2	4.90117579068716e-06	0.000137125843813139	0.000301340967304505
TM.VAL.MMTL.ZS.UN_delta1	4.88402853217594e-06	0.000408228660231024	0.000647883079704686
NY.GDP.TOTL.RT.ZS	4.86216758072827e-06	0.000149346463026667	0.000165737532017478
SE.PRM.ENRL.FE.ZS	4.859331048062e-06	0.000330931369377362	0.000557480789513334
NV.AGR.TOTL.KD_delta1	4.85448994054803e-06	0.000823804686614966	0.000873888805183065
SP.POP.1564.MA.ZS_delta1	4.85355691146024e-06	0.000258807224080348	0.000361609160765406
NY.ADJ.DNGY.GN.ZS_delta1	4.85131519817347e-06	0.000250485207315308	0.000452011450956758
EN.GHG.N2O.PI.MT.CE.AR5_tend2	4.7927544746231e-06	0.0114360254707694	0.0072171161669429
SP.POP.DPND_delta1	4.77857860008502e-06	0.000240738701194089	0.00031640801566973
EN.URB.LCTY.UR.ZS_ratioavg2	4.76694111445216e-06	0.000151595656746948	0.000271206870574055
TX.VAL.MRCH.R1.ZS_delta1	4.76659242207858e-06	0.000375990216906994	0.000738285369896037
BX.TRF.PWKR.CD.DT_avg2	4.74423021465469e-06	8.09709739301204e-06	3.01340967304505e-05
SP.POP.0004.MA.5Y_delta1	4.67718420489625e-06	0.00019657953115257	0.000421877354226307
MS.MIL.MPRT.KD_isNA_rank	4.66392534223814e-06	0.00702183284846965	0.00476118728341118
BM.GSR.TRVL.ZS_ratioavg2	4.62017729777555e-06	0.000261356310296666	0.000557480789513334
EN.GHG.CH4.IC.MT.CE.AR5_tend2	4.61492294450063e-06	0.000149571382398695	0.000226005725478379
NE.CON.GOVT.CD_tend2	4.5838003102736e-06	0.000469106836926633	0.000482145547687208
TM.VAL.FOOD.ZS.UN_isNA_rank	4.55570754963931e-06	0.000149571382398695	0.000361609160765406
SE.SEC.ENRR_delta1	4.55269614398472e-06	0.000319085615783882	0.000497212596052433
TX.VAL.MRCH.OR.ZS	4.5327080112439e-06	0.000120631756531078	0.000271206870574055
TX.VAL.FOOD.ZS.UN_rank	4.49115161853639e-06	0.000276725800718587	0.000271206870574055
SE.PRM.TCHR_delta1	4.47132037483544e-06	0.000333930294337737	0.000527346692782884
SE.PRM.ENRR.MA_isNA_rank	4.4712279961015e-06	0.000161417135992175	0.000256139822208829
AG.LND.AGRI.K2_max2	4.44504723439432e-06	3.32880670601606e-05	3.01340967304505e-05
TM.VAL.OTHR.ZS.WT_isNA_rank	4.3442316525441e-06	0.000233466308165181	0.000527346692782884
EN.GHG.CO2.PC.CE.AR5_lag1	4.33526696850421e-06	0.00184306430752236	0.00108482748229622
TX.VAL.MMTL.ZS.UN	4.30718105733092e-06	0.000247636228602952	0.000376676209130631
BX.GSR.MRCH.CD_avg2	4.11256868826198e-06	0.000207000795389873	0.000180804580382703
BM.GSR.FCTY.CD_ratioavg2	4.11010555258911e-06	0.000223569855795944	0.000527346692782884
EN.GHG.CO2.PI.MT.CE.AR5_tend2	4.0476366368477e-06	0.00123863098175881	0.00116016272412234
IT.MLT.MAIN.P2	4.03772567698277e-06	0.00011913229405089	0.000135603435287027
SP.POP.4044.MA.5Y_lag1	4.00880300084311e-06	0.00190064366676156	0.00111496157902667
SP.POP.80UP.MA.5Y_lag1	3.99506179130541e-06	0.000180685228862584	0.000150670483652253
SP.POP.7579.MA.5Y_lag1	3.99010423107407e-06	0.000118232616562778	0.000120536386921802
DC.DAC.CECL.CD_tend2	3.95251758378788e-06	0.000810984282409363	0.00106976043393099
MS.MIL.XPND.GD.ZS_isNA_rank	3.83155749364837e-06	0.000169064394641131	0.000376676209130631
SH.IMM.IDPT_lag1	3.78995656374771e-06	7.82719414657831e-05	0.000120536386921802
BG.GSR.NFSV.GD.ZS	3.7665130928747e-06	0.00152847707917904	0.00109989453066144
NY.GDP.FCST.KD_isNA_rank	3.71835324020481e-06	0.000252884347283608	0.000497212596052433
BG.GSR.NFSV.GD.ZS_lag1	3.69645895338922e-06	0.000200478133601057	0.00028627391893928
SP.POP.3034.FE.5Y_delta1	3.67299356622917e-06	0.000948110126222502	0.0012505650143137
SP.DYN.LE00.IN_rank	3.66817864874203e-06	3.29881745641231e-05	3.01340967304505e-05
DT.NFL.UNDP.CD_lag1	3.64431500915248e-06	5.17314555664658e-05	0.000135603435287027
MS.MIL.XPND.GD.ZS_tend2	3.63593961909738e-06	0.000166965147168869	0.000421877354226307
NY.GSR.NFCY.CD	3.61721087668464e-06	0.000393309008553159	0.000406810305861082
AG.LND.ARBL.HA.PC_tend2	3.60330381410395e-06	0.000967003353472864	0.00111496157902667
BM.KLT.DINV.CD.WD_ratioavg2	3.57389716026762e-06	0.000203252139189404	0.000482145547687208
SP.POP.3539.MA.5Y_delta1	3.54729291786079e-06	0.000865114877944129	0.000873888805183065
EN.URB.MCTY.TL.ZS_ratioavg2	3.51748945603642e-06	0.00010368783050496	0.000226005725478379
DC.DAC.GBRL.CD_isNA_rank	3.48482711929598e-06	0.00032170967512421	0.000632816031339461
BX.KLT.DINV.WD.GD.ZS_isNA_rank	3.46395620507382e-06	0.000535083186054879	0.000693084224800362
NY.ADJ.DNGY.GN.ZS_rank	3.42270849836764e-06	2.78150290074766e-05	4.52011450956758e-05
SP.POP.6569.MA.5Y_delta1	3.37964300207117e-06	0.000334230186833775	0.000391743257495857
MS.MIL.XPND.CD_tend2	3.37601331025628e-06	0.000612830315652596	0.000858821756817839
AG.YLD.CREL.KG_avg2	3.35631292473052e-06	0.000142298989369786	0.000120536386921802
SP.POP.4044.FE.5Y	3.3484615152978e-06	0.000174837325189853	0.000165737532017478
EN.GHG.N2O.PI.MT.CE.AR5_ratioavg2	3.34547435719106e-06	0.000270203138929772	0.000482145547687208
BX.TRF.CURR.CD	3.31606191921984e-06	0.000157518533543688	0.000256139822208829
SP.POP.5559.MA.5Y_lag1	3.2785158307414e-06	0.000214573080914819	0.000150670483652253
DC.DAC.CANL.CD_max2	3.24486056404984e-06	6.33522897879183e-05	0.000180804580382703
TM.VAL.MRCH.R6.ZS_delta1	3.23286722290429e-06	0.00134599249534023	0.00164230827180955
NV.SRV.TOTL.CD_delta1	3.21014543800845e-06	6.79256503524899e-05	0.000165737532017478
IS.AIR.GOOD.MT.K1_tend2	3.20725327556799e-06	0.00111245121405104	0.00156697302998343
SP.POP.1014.MA.5Y_delta1	3.13633000440156e-06	0.000104362588621044	0.000120536386921802
SE.PRM.ENRR_lag1	3.09481708159505e-06	0.000358146613392764	0.000738285369896037
SH.MMR.DTHS_delta1	3.06554175072982e-06	8.3520060146439e-05	0.000210938677113154
EN.GHG.CO2.PC.CE.AR5	3.03120844080326e-06	8.80934207110106e-05	7.53352418261263e-05
TM.VAL.SERV.CD.WT	3.01063684909921e-06	3.04390883478045e-05	6.0268193460901e-05
NV.SRV.TOTL.KD	3.00692932700101e-06	1.18457535934806e-05	4.52011450956758e-05
SP.POP.3034.MA.5Y_delta1	2.95554469491684e-06	0.000412052289555502	0.00060268193460901
FS.AST.CGOV.GD.ZS_max2	2.95496901534828e-06	0.000217047194007128	0.000346542112400181
DC.DAC.GBRL.CD_rank	2.92886295015944e-06	0.00023466587814933	0.00028627391893928
EN.GHG.CO2.TR.MT.CE.AR5_tend2	2.92041715870056e-06	0.00051828920627678	0.000738285369896037
TX.VAL.MRCH.R2.ZS	2.91813716452207e-06	0.000254308836639786	0.00060268193460901
BX.GRT.TECH.CD.WD_ratioavg2	2.89233035853342e-06	0.000176261814546031	0.000361609160765406
NE.RSB.GNFS.CD_isNA_rank	2.88309710699724e-06	0.00018345923445093	0.000346542112400181
NV.IND.MANF.CD_isNA_rank	2.8696421899608e-06	0.00068750354716593	0.000783486514991713
FS.AST.PRVT.GD.ZS_tend2	2.86281440621541e-06	0.000282048892523253	0.00057254783787856
TX.VAL.TRVL.ZS.WT_isNA_rank	2.85167567635415e-06	0.000253184239779645	0.000497212596052433
SP.POP.7579.MA.5Y_delta1	2.83927879037727e-06	0.000724015458558493	0.000738285369896037
TM.VAL.MRCH.HI.ZS	2.82906587760497e-06	9.34165125156759e-05	9.04022901913515e-05
EN.GHG.CO2.FE.MT.CE.AR5_ratioavg2	2.80714004285656e-06	0.000473605224367195	0.000904022901913515
NY.GSR.NFCY.CN_isNA_rank	2.77493458303909e-06	0.000448189335328018	0.000904022901913515
SP.POP.3034.MA.5Y	2.72091678055452e-06	0.000138475360045308	0.000195871628747928
DT.ODA.ODAT.GN.ZS_lag1	2.70531916598987e-06	0.000119432186546928	0.000135603435287027
EN.GHG.CH4.IC.MT.CE.AR5_min2	2.70517020561881e-06	0.000101738529280716	0.000105469338556577
TX.VAL.SERV.CD.WT_delta1	2.6875437618967e-06	0.000177986196398246	0.000256139822208829
TM.VAL.MRCH.OR.ZS	2.66416978258044e-06	0.000190806600603849	0.000331475064034956
SE.SEC.ENRL.GC.FE.ZS_delta1	2.62936391227065e-06	0.000199353536740917	0.000421877354226307
BX.KLT.DINV.WD.GD.ZS_rank	2.57563179333636e-06	0.000237739776233715	0.000436944402591532
BX.GSR.FCTY.CD_isNA_rank	2.55099736677087e-06	0.00032283427198435	0.000617748982974235
NV.AGR.TOTL.ZS_lag1	2.54508672524104e-06	0.000154519608583313	0.000165737532017478
NE.IMP.GNFS.KD_isNA_rank	2.52489229852563e-06	0.0022906538578583	0.00186831399728793
NE.RSB.GNFS.CN_delta1	2.52207592470564e-06	0.00147209728992399	0.00132590025613982
NE.EXP.GNFS.CD_isNA_rank	2.46861174548353e-06	0.000165540657812691	0.000331475064034956
BX.GSR.TRVL.ZS_max2	2.45089766144912e-06	0.000835425520836418	0.000934156998643966
BX.PEF.TOTL.CD.WD_tend2	2.39546903275193e-06	0.000535383078550917	0.000693084224800362
NE.EXP.GNFS.CD_ratioavg2	2.38336745031197e-06	0.000228967920724618	0.000452011450956758
NV.SRV.TOTL.ZS_lag1	2.31421238572398e-06	0.000106761728589344	0.000195871628747928
FS.AST.CGOV.GD.ZS_isNA_rank	2.3057077524356e-06	0.000190281788735783	0.000452011450956758
BX.KLT.DINV.CD.WD_tend2	2.2944065605143e-06	0.00308889270918607	0.00253126412535784
TX.VAL.MRCH.WR.ZS_rank	2.28998051803363e-06	9.04175875553011e-05	0.000135603435287027
EN.GHG.CH4.TR.MT.CE.AR5_ratioavg2	2.26037517753254e-06	0.000334680025577831	0.000467078499321983
SP.POP.0014.MA.ZS_delta1	2.251713733784e-06	0.000270053192681753	0.000421877354226307
AG.CON.FERT.ZS_tend2	2.25115704084631e-06	0.00154189726837672	0.00177791170709658
AG.YLD.CREL.KG	2.24413284744839e-06	0.000663137281862884	0.000497212596052433
SH.DYN.MORT_lag1	2.22921307426872e-06	7.85718339618205e-05	7.53352418261263e-05
NE.CON.GOVT.ZS_tend2	2.19252819958439e-06	0.000338203762406271	0.000527346692782884
DC.DAC.FRAL.CD_isNA_rank	2.18009694204423e-06	0.000525786518677717	0.000647883079704686
EN.GHG.CH4.MT.CE.AR5_ratioavg2	2.15842227528869e-06	0.000485151085464638	0.000813620611722164
NY.ADJ.DKAP.GN.ZS_lag1	2.14966182382397e-06	0.000128054095808005	0.000150670483652253
NY.GDS.TOTL.CD_delta1	2.14718834973198e-06	0.000257082842228132	0.000421877354226307
EN.GHG.CO2.IC.MT.CE.AR5	2.1407597630206e-06	0.00019777910113672	0.000180804580382703
NY.GDP.MKTP.CN_isNA_rank	2.14067018363229e-06	0.000498196409042269	0.000678017176435136
TX.VAL.MRCH.OR.ZS_rank	2.12835173253829e-06	2.63905396512985e-05	7.53352418261263e-05
NV.AGR.TOTL.KD.ZG	2.12822253492449e-06	0.00111177645593496	0.00117522977248757
NY.ADJ.DNGY.CD_isNA_rank	2.12176379427356e-06	0.000666735991815334	0.00114509567575712
EN.URB.MCTY.TL.ZS_isNA_rank	2.07783649028184e-06	0.00015969275413996	0.000391743257495857
NY.GDP.PCAP.KN_isNA_rank	2.05734582888061e-06	0.000244562330518567	0.000421877354226307
SP.POP.6569.FE.5Y_lag1	2.04408401686749e-06	1.43198666857898e-05	4.52011450956758e-05
DC.DAC.JPNL.CD_lag1	2.03328037832994e-06	0.000170788776493347	0.00031640801566973
NE.EXP.GNFS.KD.ZG_isNA_rank	2.01922832478069e-06	0.00113629266748602	0.000979358143739641
BX.GSR.GNFS.CD_ratiomax2	2.001803023738e-06	6.44768866480588e-05	4.52011450956758e-05
NY.GDP.PCAP.CD_delta1	1.97958004044605e-06	0.000244187464898521	0.000436944402591532
SP.POP.2529.MA.5Y_lag1	1.9758965871581e-06	0.000396907718505609	0.000467078499321983
YearsSinceFirst	1.97567234080491e-06	4.86575574820816e-05	9.04022901913515e-05
FI.RES.TOTL.CD_min2	1.97560428889316e-06	0.0010512731448594	0.000647883079704686
SP.POP.5559.FE.5Y	1.97250640481268e-06	0.0049028674445928	0.00283260509266235
FS.AST.PRVT.GD.ZS	1.96825341668289e-06	0.000456436378969049	0.000783486514991713
IT.MLT.MAIN.P2_tend2	1.9560770258754e-06	0.00312120612563411	0.00227512430314901
SP.URB.GROW	1.95302923982823e-06	0.00122820971752151	0.000994425192104867
FS.AST.CGOV.GD.ZS_tend2	1.93295397692954e-06	0.000598735368338835	0.00088895585354829
TX.VAL.MRCH.R5.ZS_delta1	1.9297141243426e-06	0.000281074241911131	0.000617748982974235
BM.GSR.TOTL.CD_ratioavg2	1.92952650635464e-06	0.000200628079849076	0.000421877354226307
SM.POP.RHCR.EA_lag1	1.91392409991939e-06	0.000426821994985348	0.000693084224800362
FS.AST.CGOV.GD.ZS_ratioavg2	1.87837851898784e-06	0.0304515338863901	0.019331023052584
SE.SEC.ENRL_delta1	1.87776949166298e-06	0.00103522889632139	0.00105469338556577
DC.DAC.CANL.CD	1.86413958957385e-06	0.000349599677255696	0.000542413741148109
SP.POP.6064.MA.5Y	1.84080099217162e-06	5.22562674345314e-05	7.53352418261263e-05
NY.GDP.MKTP.KN_isNA_rank	1.82639414271635e-06	0.000485900816704732	0.000768419466626488
SE.PRM.ENRR.FE	1.8038769348451e-06	9.4841001871854e-05	0.000150670483652253
SE.PRM.ENRR.MA_delta1	1.79796384585416e-06	0.00024538703488267	0.000482145547687208
SP.DYN.CBRT.IN_delta1	1.79705255859332e-06	0.000324783573208594	0.000617748982974235
BM.GSR.CMCP.ZS_ratioavg2	1.7591914173673e-06	0.000186608105659324	0.000406810305861082
TM.VAL.TRAN.ZS.WT	1.74617336191675e-06	0.000277250612586653	0.000421877354226307
SP.POP.4549.MA.5Y_rank	1.7459379263132e-06	0.000163141517844391	0.000135603435287027
AG.PRD.CREL.MT_ratioavg2	1.73988530337695e-06	0.000319535454527938	0.000542413741148109
TM.VAL.MRCH.RS.ZS_rank	1.71966468458956e-06	0.000174987271437871	0.000195871628747928
FM.AST.NFRG.CN_ratioavg2	1.71940933446296e-06	0.000890530766983306	0.00134096730450505
IS.AIR.GOOD.MT.K1_ratiomax2	1.71415270075084e-06	4.19099763212382e-05	7.53352418261263e-05
NY.GDP.MKTP.KD.ZG_lag1	1.70658019140518e-06	0.00033835370865429	0.000587614886243785
SP.DYN.IMRT.FE.IN_lag1	1.6993702945443e-06	2.63905396512985e-05	3.01340967304505e-05
DT.ODA.ALLD.KD_rank	1.68297699468038e-06	0.000228368135732543	0.000165737532017478
NV.AGR.TOTL.CN_delta1	1.67405608840681e-06	0.000158568157279819	0.00028627391893928
FP.CPI.TOTL_tend2	1.67152777037912e-06	0.000379214061239397	0.00060268193460901
FM.AST.DOMS.CN_tend2	1.66818608077099e-06	0.00148469277475757	0.00158204007834865
DC.DAC.CANL.CD_lag1	1.66259073723862e-06	0.000221020769579625	0.000391743257495857
SP.POP.2024.FE.5Y	1.66138153990897e-06	0.000224694452656084	0.000331475064034956
BX.GSR.CMCP.ZS_ratioavg2	1.65774281415289e-06	0.000444815544747597	0.000828687660087389
DC.DAC.USAL.CD_ratioavg2	1.62663006491559e-06	0.000284822898111599	0.000587614886243785
NV.IND.TOTL.KD_isNA_rank	1.62264042388267e-06	0.00036219516208927	0.000632816031339461
SG.LAW.INDX_delta1	1.60616946120529e-06	0.00015137073737492	0.000105469338556577
NE.EXP.GNFS.CN_isNA_rank	1.60518062692693e-06	9.78399268322288e-05	0.000180804580382703
EN.GHG.CH4.AG.MT.CE.AR5	1.58585017411314e-06	8.89930981991231e-05	0.000105469338556577
DT.ODA.ALLD.KD_tend2	1.57391195225191e-06	0.000178585981390321	0.000361609160765406
FM.AST.NFRG.CN_ratiomax2	1.56676457165448e-06	0.000176561707042068	0.000150670483652253
NY.GDP.PCAP.CD_lag1	1.56087535224402e-06	4.53587400256693e-05	4.52011450956758e-05
SP.POP.1014.FE.5Y	1.54765069285284e-06	0.000150396086762798	0.000180804580382703
FM.AST.NFRG.CN_avg2	1.54471768770367e-06	7.63976133655488e-05	0.000105469338556577
BX.GRT.EXTA.CD.WD_max2	1.50862840753351e-06	3.70367232606291e-05	9.04022901913515e-05
BX.PEF.TOTL.CD.WD	1.50426943127431e-06	0.0012297091800017	0.00135603435287027
BM.GSR.TRVL.ZS_isNA_rank	1.49221425793185e-06	0.000271102816417885	0.00060268193460901
DC.DAC.CECL.CD_rank	1.49070843075797e-06	0.000208650204118079	0.000226005725478379
EG.ELC.HYRO.ZS_tend2	1.48408279605374e-06	0.000120256890911031	0.000271206870574055
EN.GHG.CO2.IP.MT.CE.AR5_ratioavg2	1.45239072554294e-06	0.00119986987664597	0.00156697302998343
MS.MIL.XPND.GD.ZS_rank	1.45135643760605e-06	4.07104063370883e-05	0.000120536386921802
NY.GNP.PCAP.CN_isNA_rank	1.44347508626646e-06	0.000787217802098393	0.00106976043393099
NV.SRV.TOTL.KD.ZG_lag1	1.42085274572625e-06	0.000305515480338186	0.000557480789513334
BM.GSR.CMCP.ZS_tend2	1.42071204453079e-06	0.000319910320147985	0.000647883079704686
IS.AIR.PSGR_tend2	1.41441990473615e-06	0.000802737238768333	0.000964291095374416
NV.IND.TOTL.ZS_lag1	1.41054081840588e-06	0.000968577789077061	0.000768419466626488
SP.POP.4044.FE.5Y_delta1	1.40290788717247e-06	0.000803486970008426	0.00122043091758325
EN.GHG.CH4.BU.MT.CE.AR5_ratioavg2	1.39500461245465e-06	0.00282806121075747	0.00238059364170559
TX.VAL.OTHR.ZS.WT_delta1	1.39488583473238e-06	0.000320435132016051	0.000678017176435136
SP.DYN.CDRT.IN_delta1	1.39488269047473e-06	0.000375990216906994	0.000331475064034956
BM.GSR.TRVL.ZS_lag1	1.3706086340918e-06	0.000984846956987094	0.00117522977248757
DT.ODA.ODAT.KD_ratioavg2	1.36768541661876e-06	0.000146047645570254	0.000210938677113154
NE.CON.PRVT.PC.KD_tend2	1.34733580710927e-06	0.000280474456919056	0.000467078499321983
DT.ODA.ODAT.CD_min2	1.34730230653956e-06	6.53765641361713e-05	6.0268193460901e-05
IT.MLT.MAIN.P2_isNA_rank	1.33994122380001e-06	0.000345925994179237	0.000708151273165587
TX.VAL.MMTL.ZS.UN_delta1	1.32602793474781e-06	0.000186458159411305	0.000497212596052433
NY.GNP.MKTP.CD_isNA_rank	1.31663748679437e-06	0.000404929842774611	0.000647883079704686
EN.GHG.CH4.AG.MT.CE.AR5_ratioavg2	1.30066546633629e-06	0.001480119414193	0.00129576615940937
SP.POP.GROW_delta1	1.29827181082855e-06	0.000213448484054679	0.000361609160765406
TM.VAL.MRCH.OR.ZS_delta1	1.29803593600802e-06	0.00173367851959269	0.00250113002862739
EN.GHG.CH4.PI.MT.CE.AR5_min2	1.27656380413976e-06	0.000326283035688782	0.000256139822208829
NV.IND.MANF.ZS_delta1	1.2668004198708e-06	0.000254533756011814	0.000587614886243785
NE.CON.GOVT.ZS_min2	1.26247301238314e-06	0.000135551408208942	0.000226005725478379
ER.FSH.AQUA.MT_tend2	1.24819513150209e-06	0.000764051106779497	0.000723218321530812
SP.DYN.TFRT.IN_delta1	1.24685368830749e-06	0.000325608277572697	0.000467078499321983
EN.GHG.ALL.PC.CE.AR5_avg2	1.23956633818029e-06	6.86004084685742e-05	6.0268193460901e-05
BX.GSR.TRVL.ZS	1.23521893392846e-06	0.00157308608796462	0.00167244236854
BX.KLT.DINV.CD.WD_rank	1.23431290210504e-06	8.4119845138514e-05	7.53352418261263e-05
NE.EXP.GNFS.KD.ZG_rank	1.23082137160436e-06	7.6847452109605e-05	0.000165737532017478
TM.VAL.MRCH.R4.ZS_delta1	1.22990776084908e-06	0.000657214405066144	0.00105469338556577
NY.GDP.COAL.RT.ZS_delta1	1.22111245679175e-06	0.000338203762406271	0.000421877354226307
EN.GHG.N2O.TR.MT.CE.AR5_ratioavg2	1.21729449825077e-06	0.000169889099005234	0.000346542112400181
SP.POP.BRTH.MF_delta1	1.20874554823482e-06	0.000506668372055327	0.000467078499321983
NV.IND.TOTL.KD_delta1	1.20665644896084e-06	0.000537782218519216	0.000557480789513334
NY.GDP.MKTP.KD.ZG_isNA_rank	1.20388362569785e-06	0.000248011094222998	0.000557480789513334
IS.AIR.GOOD.MT.K1_lag1	1.1583212591451e-06	0.000315187013335395	0.00028627391893928
BX.GSR.CMCP.ZS_isNA_rank	1.15679002695344e-06	0.000135926273828989	0.00031640801566973
NE.IMP.GNFS.ZS_rank	1.14813828338894e-06	7.60977208695113e-05	0.000135603435287027
MS.MIL.MPRT.KD_tend2	1.13894660753849e-06	0.017969783281938	0.0116769624830496
NY.GNP.MKTP.CN_isNA_rank	1.12162600601349e-06	0.000197104343020636	0.000436944402591532
TM.VAL.OTHR.ZS.WT_lag1	1.11383970516555e-06	0.000380863469967603	0.000542413741148109
BM.GSR.FCTY.CD_lag1	1.10617479905692e-06	8.38199526424765e-05	7.53352418261263e-05
DT.ODA.ALLD.KD_ratioavg2	1.10448731420552e-06	0.000197854074260729	0.000376676209130631
TX.VAL.FOOD.ZS.UN_delta1	1.09968286963201e-06	0.000256932895980114	0.000391743257495857
BM.KLT.DINV.WD.GD.ZS_tend2	1.09013708027893e-06	0.000146422511190301	0.000436944402591532
NE.CON.TOTL.CD_isNA_rank	1.08465969984251e-06	0.0004896494729052	0.000662950128069911
NY.GDP.FRST.RT.ZS_isNA_rank	1.07960832395971e-06	0.000161117243496138	0.000406810305861082
TM.VAL.INSF.ZS.WT	1.06000842964507e-06	0.000125654955839705	0.000180804580382703
FD.AST.PRVT.GD.ZS_min2	1.05979229399677e-06	0.000232116791933012	0.00031640801566973
NV.IND.TOTL.KD.ZG_isNA_rank	1.05724428038904e-06	0.00048844990292105	0.000828687660087389
TX.VAL.MRCH.R1.ZS	1.03526750304192e-06	0.000625875639230227	0.000768419466626488
AG.YLD.CREL.KG_max2	1.01758522449404e-06	0.00013697589756512	0.000135603435287027
EN.GHG.N2O.IP.MT.CE.AR5	1.00639163889225e-06	0.00222632691745826	0.0013108332077746
NY.ADJ.DRES.GN.ZS_isNA_rank	1.00635099252035e-06	0.000197704128012711	0.000512279644417659
FI.RES.TOTL.CD_ratioavg2	1.00527077621319e-06	0.00034075284862259	0.000708151273165587
FP.CPI.TOTL_lag1	9.97401394782645e-07	3.71866695086479e-05	7.53352418261263e-05
NE.RSB.GNFS.CN_isNA_rank	9.90163177462499e-07	0.00053380864294672	0.000647883079704686
AG.LND.CREL.HA_tend2	9.87586606784604e-07	0.000297718275441211	0.000662950128069911
EN.URB.LCTY_ratioavg2	9.72152410388711e-07	0.000196129692408514	0.000271206870574055
SP.POP.0509.FE.5Y	9.26124806284577e-07	0.000755879036262476	0.000497212596052433
TX.VAL.MRCH.R4.ZS_lag1	9.13722283412225e-07	0.000197029369896626	0.00031640801566973
TM.VAL.MRCH.R2.ZS	8.82431467517433e-07	0.000324783573208594	0.000421877354226307
SP.POP.5054.MA.5Y_delta1	8.75590642972638e-07	0.000384912018664109	0.000497212596052433
FP.CPI.TOTL.ZG_ratioavg2	8.70063668375749e-07	0.000948110126222502	0.0011902968208528
SP.DYN.CBRT.IN_rank	8.6957539963387e-07	0.000511541625115937	0.000271206870574055
AG.LND.AGRI.K2_min2	8.6366841524098e-07	0.000381538228083688	0.000226005725478379
BX.GSR.TRVL.ZS_ratioavg2	8.58830059389069e-07	0.000288121715568012	0.000527346692782884
EN.GHG.CO2.PC.CE.AR5_tend2	8.57234920715464e-07	0.000382662824943828	0.00057254783787856
MS.MIL.MPRT.KD_min2	8.52718610490021e-07	0.000236090367505508	0.000346542112400181
TX.VAL.MANF.ZS.UN_isNA_rank	8.46800130080702e-07	0.00109445766428879	0.00109989453066144
TX.VAL.OTHR.ZS.WT_lag1	8.27701182586796e-07	0.000233316361917162	0.000421877354226307
NY.GDP.PCAP.CN_delta1	8.20494550385983e-07	0.000229117866972637	0.000331475064034956
NE.CON.GOVT.CD_isNA_rank	8.16176479564635e-07	0.000371416856342423	0.000798553563356938
SH.MMR.RISK.ZS_delta1	8.01345223856362e-07	0.000209774800978219	0.000391743257495857
EN.GHG.CH4.PI.MT.CE.AR5_delta1	7.96786680527015e-07	0.00482294609439881	0.00328461654361911
BX.GSR.FCTY.CD_ratioavg2	7.85883260750512e-07	9.10923456713854e-05	0.000256139822208829
MS.MIL.MPRT.KD_avg2	7.823710565234e-07	0.000334680025577831	0.000421877354226307
NY.ADJ.DMIN.GN.ZS	7.8001836780423e-07	0.000155344312947416	0.000361609160765406
DC.DAC.CECL.CD	7.74484254335071e-07	0.000272452332650053	0.000452011450956758
NV.IND.MANF.KD_delta1	7.69064353029553e-07	0.00033835370865429	0.000512279644417659
SE.PRM.ENRR.FE_delta1	7.62517875201726e-07	0.000172513158345562	0.000376676209130631
BX.GSR.TOTL.CD_tend2	7.61114691707521e-07	0.000264655127753079	0.000421877354226307
TM.VAL.FUEL.ZS.UN_rank	7.55377160901567e-07	7.71473446056425e-05	0.000105469338556577
SP.URB.GROW_rank	7.51421700529659e-07	0.000113884175370234	0.000120536386921802
SP.POP.80UP.FE.5Y_lag1	7.48130060988117e-07	0.000189831949991727	0.000180804580382703
BX.PEF.TOTL.CD.WD_lag1	7.44607875473204e-07	0.000640570371536064	0.000873888805183065
DT.ODA.ODAT.GN.ZS_ratioavg2	7.44259031891189e-07	0.000254083917267757	0.000527346692782884
MS.MIL.MPRT.KD_ratioavg2	7.34854183860633e-07	0.00540743656917586	0.00399276781678469
DT.ODA.ODAT.CD_isNA_rank	7.18880546865818e-07	0.000378314383751285	0.000467078499321983
EG.USE.ELEC.KH.PC	6.9917105203404e-07	0.000484251407976526	0.000346542112400181
TX.VAL.FUEL.ZS.UN_isNA_rank	6.95739498562272e-07	4.68582025058567e-05	0.000105469338556577
NE.IMP.GNFS.CN_lag1	6.94149012218212e-07	0.00799715821870755	0.0045954497513937
DC.DAC.CANL.CD_tend2	6.91694900057789e-07	0.000274401633874297	0.000617748982974235
NE.DAB.TOTL.CD_ratioavg2	6.89039764104353e-07	0.000225294237648159	0.000512279644417659
TM.VAL.MRCH.R1.ZS_lag1	6.86972512292825e-07	0.000239988969953996	0.000376676209130631
IS.AIR.GOOD.MT.K1_max2	6.86120929826161e-07	0.000164191141580522	0.000150670483652253
BX.GSR.CMCP.ZS_avg2	6.82700580460232e-07	0.000141699204377711	0.000256139822208829
SM.POP.NETM_lag1	6.81899627741811e-07	0.0159729490970724	0.00923610064788308
SP.RUR.TOTL.ZS	6.81172456617338e-07	0.000447289657839906	0.000346542112400181
SP.POP.2024.MA.5Y_lag1	6.77501468635416e-07	0.000183684153822958	0.000241072773843604
NE.IMP.GNFS.KD.ZG_rank	6.76035721489695e-07	3.26133089440763e-05	9.04022901913515e-05
ER.FSH.PROD.MT_min2	6.73430689627639e-07	7.77471295977175e-05	7.53352418261263e-05
SP.POP.DPND.YG_lag1	6.68725570357418e-07	0.00169409271011574	0.00100949224047009
BM.GSR.TRAN.ZS_max2	6.68509324494555e-07	0.000854918533078855	0.00091908995027874
SP.RUR.TOTL.ZG_rank	6.61926216020622e-07	0.000964379294132536	0.000632816031339461
SP.POP.65UP.FE.ZS_delta1	6.61722229576316e-07	0.000814882884857851	0.000843754708452614
SE.SEC.ENRR.FE	6.60718702778501e-07	6.7550784732443e-05	0.000135603435287027
BM.GSR.NFSV.CD	6.5224861226931e-07	9.34165125156759e-05	0.000150670483652253
SE.SEC.ENRL_isNA_rank	6.46532702421947e-07	0.000362420081461298	0.000467078499321983
SP.DYN.LE00.IN_delta1	6.45540072272126e-07	0.000138925198789364	0.000226005725478379
SP.DYN.LE00.MA.IN_rank	6.34462958317414e-07	8.73436894709169e-05	7.53352418261263e-05
FP.CPI.TOTL.ZG_max2	6.20247543035317e-07	0.000477653773063701	0.00057254783787856
SP.DYN.TFRT.IN_lag1	6.17239916648664e-07	0.000682780240353339	0.000421877354226307
DT.ODA.ODAT.PC.ZS_max2	6.17167065707171e-07	0.00011313444413014	0.000165737532017478
SP.POP.0004.FE.5Y_lag1	6.1442025420709e-07	0.000566646871262824	0.000346542112400181
SP.POP.DPND.OL_rank	6.12042679396732e-07	2.44412384270549e-05	1.50670483652253e-05
FI.RES.TOTL.MO_lag1	6.11074358857693e-07	0.000120856675903106	0.000180804580382703
TX.VAL.TRAN.ZS.WT_lag1	6.10787349358171e-07	5.08317780783534e-05	0.000105469338556577
MS.MIL.MPRT.KD_lag1	6.07637896885219e-07	0.000787817587090468	0.00120536386921802
SH.MMR.RISK_lag1	6.02658561190301e-07	0.000124605332103574	0.000135603435287027
NY.GSR.NFCY.CD_delta1	6.00629957218332e-07	0.000369242635746151	0.00060268193460901
BX.KLT.DINV.CD.WD_avg2	5.99710248175739e-07	0.000118907374678862	0.000120536386921802
NY.GDP.DEFL.KD.ZG_rank	5.97205087532231e-07	0.000100314039924538	0.000120536386921802
SP.DYN.LE00.MA.IN_lag1	5.71370599554769e-07	0.000151745602994966	0.000105469338556577
DC.DAC.DEUL.CD_avg2	5.69831257366822e-07	0.000429071188705629	0.000467078499321983
BX.GSR.GNFS.CD_tend2	5.63760703148933e-07	0.000325458331324678	0.000436944402591532
SP.DYN.AMRT.FE_delta1	5.60541803301281e-07	9.46910556238352e-05	0.000256139822208829
SP.POP.0509.MA.5Y_lag1	5.55331137120682e-07	0.00090072711184858	0.000512279644417659
DC.DAC.JPNL.CD_ratioavg2	5.51053106990645e-07	0.000262330960908788	0.000587614886243785
EN.GHG.CO2.BU.MT.CE.AR5_tend2	5.48913769696415e-07	0.00437813054965121	0.0030435437697755
AG.PRD.CREL.MT_tend2	5.4807498887808e-07	0.000466932616330361	0.000662950128069911
MS.MIL.XPND.GD.ZS	5.38665585415156e-07	0.000390535002964812	0.000617748982974235
NY.GDP.PCAP.KD_delta1	5.38105367459284e-07	0.000193280713696158	0.000271206870574055
SE.PRM.ENRR.FE_isNA_rank	5.30346016314568e-07	0.000362645000833326	0.000617748982974235
EN.GHG.CH4.WA.MT.CE.AR5_ratioavg2	5.2603916384796e-07	0.000215922597146988	0.000361609160765406
NY.GDP.FCST.CN	5.21164232444832e-07	0.000933715286412703	0.000768419466626488
NE.IMP.GNFS.ZS_lag1	5.17910943819785e-07	0.00656329722202833	0.00399276781678469
NV.AGR.TOTL.ZS_delta1	5.14739312367099e-07	0.00020017824110502	0.000391743257495857
BG.GSR.NFSV.GD.ZS_tend2	5.06413449840921e-07	0.000129778477660221	0.000346542112400181
NY.GNP.MKTP.CD_delta1	5.06386740743889e-07	5.93787142154216e-05	9.04022901913515e-05
NY.ADJ.NNTY.CD_isNA_rank	5.03105504697716e-07	0.000436718447354585	0.000482145547687208
FM.AST.PRVT.GD.ZS_tend2	4.92135470339606e-07	0.00052181294310522	0.000512279644417659
SP.POP.3034.FE.5Y	4.88268759243993e-07	0.00022514429140014	0.000226005725478379
BX.KLT.DINV.CD.WD_lag1	4.85470408228815e-07	0.000410852719571352	0.000421877354226307
BM.KLT.DINV.CD.WD	4.82957146630471e-07	0.000437393205470669	0.000542413741148109
DC.DAC.CANL.CD_ratioavg2	4.81906804540508e-07	0.000419699548204457	0.000964291095374416
NY.GDP.COAL.RT.ZS_isNA_rank	4.76186278927209e-07	0.000949009803710615	0.000873888805183065
EN.GHG.CO2.PC.CE.AR5_max2	4.71312182242788e-07	0.000152045495491004	0.000105469338556577
SP.URB.GROW_delta1	4.6605434564447e-07	0.000394058739793253	0.000632816031339461
EN.GHG.ALL.PC.CE.AR5_min2	4.64404898447482e-07	0.000394283659165281	0.000271206870574055
SE.SEC.ENRR_isNA_rank	4.60621366051725e-07	0.000233691227537209	0.00028627391893928
NY.GDP.DEFL.KD.ZG	4.59697910836484e-07	0.000884008105194491	0.00109989453066144
DT.ODA.ODAT.KD_isNA_rank	4.56752630609687e-07	0.00295836450028576	0.00195871628747928
SE.PRM.ENRL_rank	4.45981905009098e-07	0.000193505633068186	0.000226005725478379
SP.POP.2529.MA.5Y_delta1	4.43986177120592e-07	0.00061118090692439	0.000798553563356938
PA.NUS.ATLS_lag1	4.42846400263908e-07	0.000131577832636446	0.000120536386921802
NY.ADJ.DMIN.GN.ZS_delta1	4.41127795038382e-07	0.000183159341954893	0.000391743257495857
NE.CON.PRVT.KD.ZG_tend2	4.39820717966388e-07	0.00021569767777496	0.000406810305861082
ER.FSH.PROD.MT_tend2	4.38499275772279e-07	0.0021754201662559	0.00198885038420973
NE.CON.GOVT.ZS_ratiomax2	4.3756178007401e-07	5.24811868065595e-05	6.0268193460901e-05
DC.DAC.CECL.CD_max2	4.36663162375777e-07	0.000235715501885462	0.000256139822208829
SP.POP.4549.FE.5Y_rank	4.35978672197255e-07	0.00031811096517176	0.000180804580382703
EN.GHG.N2O.WA.MT.CE.AR5_ratioavg2	4.28621607914733e-07	0.000445715222235709	0.000678017176435136
EN.GHG.ALL.MT.CE.AR5_ratioavg2	4.2700762564027e-07	0.000920520016587054	0.00100949224047009
BM.TRF.PWKR.CD.DT	4.19850389052724e-07	0.000744783013909089	0.000964291095374416
NY.GDP.DEFL.ZS_delta1	4.19536225183819e-07	0.000248236013595027	0.000436944402591532
BX.GSR.MRCH.CD_tend2	4.19109003161233e-07	0.00113314379627763	0.00114509567575712
EG.ELC.PETR.ZS_lag1	4.18975392992735e-07	4.60334981417536e-05	7.53352418261263e-05
NE.RSB.GNFS.CD_rank	4.17748161239235e-07	5.12816168224096e-05	0.000150670483652253
TX.VAL.MMTL.ZS.UN_lag1	4.16764127621678e-07	8.94429369431793e-05	0.000210938677113154
BM.GSR.INSF.ZS_tend2	4.01072940858138e-07	0.000173037970213628	0.000482145547687208
EG.ELC.NUCL.ZS	3.8703755338034e-07	0.000273202063890147	0.000165737532017478
BX.GRT.EXTA.CD.WD_avg2	3.86137880272984e-07	9.05675338033199e-05	0.000135603435287027
NV.IND.TOTL.ZS	3.85846021573228e-07	0.00152765237481494	0.00111496157902667
BM.GSR.MRCH.CD_tend2	3.83565262414994e-07	0.000605183057003641	0.000527346692782884
NV.AGR.TOTL.CD_isNA_rank	3.82438980595051e-07	0.00438420337269597	0.0032243483501582
BM.GSR.FCTY.CD_tend2	3.819703923903e-07	0.000373516103814685	0.000587614886243785
BX.TRF.PWKR.CD.DT_tend2	3.81080171491219e-07	0.000478028638683748	0.000647883079704686
BM.KLT.DINV.WD.GD.ZS_isNA_rank	3.80098825893075e-07	0.000519338830012911	0.00057254783787856
BX.TRF.CURR.CD_max2	3.79240636117561e-07	8.3520060146439e-05	0.000105469338556577
BM.GSR.INSF.ZS_isNA_rank	3.78500878897193e-07	0.000241563405558193	0.000497212596052433
NY.GDP.MKTP.KN_delta1	3.76552443539767e-07	0.00234081087782057	0.00195871628747928
EN.GHG.N2O.IP.MT.CE.AR5_delta1	3.71771675806106e-07	2.59407009072423e-05	6.0268193460901e-05
NE.CON.GOVT.CD	3.68628306635099e-07	0.000278225263198775	0.000226005725478379
NV.AGR.TOTL.ZS	3.65924300479678e-07	0.000114783852858347	0.000120536386921802
AG.YLD.CREL.KG_tend2	3.63706638584459e-07	0.00034427658545103	0.00057254783787856
SP.RUR.TOTL.ZG	3.60631781688689e-07	0.00457695927452407	0.00266686756064487
TM.VAL.MRCH.R1.ZS_delta1	3.58233016965818e-07	0.00164940872820616	0.00179297875546181
DC.DAC.USAL.CD_max2	3.51679809270078e-07	7.02498171967804e-05	0.000165737532017478
BX.GRT.TECH.CD.WD_tend2	3.51625148413141e-07	0.000364969167677617	0.000813620611722164
BM.GSR.GNFS.CD_tend2	3.51254058744022e-07	0.000447814469707971	0.000497212596052433
FM.AST.NFRG.CN_max2	3.49808418029877e-07	0.000713369274949163	0.000557480789513334
EN.GHG.N2O.WA.MT.CE.AR5_tend2	3.48872007712053e-07	0.00193070788948932	0.00162724122344433
TX.VAL.TRAN.ZS.WT_isNA_rank	3.46846310538189e-07	0.000275826123230475	0.000436944402591532
SP.URB.TOTL.IN.ZS_rank	3.44972441609015e-07	0.000560199182598018	0.000361609160765406
BG.GSR.NFSV.GD.ZS_isNA_rank	3.44646833696804e-07	0.000331606127493447	0.000406810305861082
EN.GHG.CO2.PC.CE.AR5_min2	3.43347374537656e-07	9.31166200196385e-05	0.000105469338556577
EN.GHG.CO2.RT.GDP.KD_tend2	3.40871029030382e-07	0.000537632272271198	0.000662950128069911
NE.CON.TOTL.CD_min2	3.40009898330066e-07	6.0053472331506e-05	4.52011450956758e-05
NY.GDP.PCAP.KD.ZG_delta1	3.38208386343497e-07	0.000937988754481237	0.000843754708452614
EG.ELC.FOSL.ZS_tend2	3.3751613717905e-07	0.00080543627123267	0.00102455928883532
DC.DAC.DEUL.CD_isNA_rank	3.34702051517381e-07	0.000571520124323433	0.00088895585354829
IS.AIR.DPRT_isNA_rank	3.34341620208731e-07	0.000166890174044859	0.000512279644417659
IT.CEL.SETS.P2_ratioavg2	3.34067787742354e-07	0.000263005719024873	0.000361609160765406
NY.GDP.FCST.CD_delta1	3.30785479919802e-07	0.000164865899696606	0.000301340967304505
BM.GSR.NFSV.CD_max2	3.27830511654311e-07	3.15636852079451e-05	4.52011450956758e-05
DT.ODA.ODAT.CD_rank	3.25626412635323e-07	0.000185933347543239	0.000120536386921802
BX.GSR.NFSV.CD_isNA_rank	3.24276295057676e-07	0.000832126703380006	0.00129576615940937
BX.GSR.FCTY.CD_tend2	3.1662602904548e-07	0.00060998133694024	0.00088895585354829
TM.VAL.TRAN.ZS.WT_isNA_rank	3.16500390404153e-07	0.000481552375512188	0.00109989453066144
SP.POP.2024.FE.5Y_lag1	3.15158830061115e-07	0.000193655579316205	0.000241072773843604
TX.VAL.MANF.ZS.UN	3.14717107815375e-07	0.000181659879474705	0.000271206870574055
TM.VAL.TRVL.ZS.WT_isNA_rank	3.12907206222891e-07	0.000149796301770723	0.00028627391893928
NY.GDP.MKTP.KD	3.05281706541556e-07	4.28096538093507e-05	3.01340967304505e-05
SE.PRM.ENRL_delta1	3.03708381480976e-07	0.000577967812988239	0.000768419466626488
BM.GSR.CMCP.ZS	3.03270550915642e-07	0.00155329318322614	0.0014313695946964
AG.PRD.LVSK.XD_ratioavg2	2.99963535814654e-07	0.000111110169781887	0.000241072773843604
EN.GHG.CH4.IC.MT.CE.AR5_ratioavg2	2.9716863713139e-07	0.000614479724380803	0.000587614886243785
NE.IMP.GNFS.KD.ZG_lag1	2.95385860875741e-07	0.000703847688199973	0.00128069911104415
DC.DAC.DEUL.CD_rank	2.91081927191068e-07	0.000542280605959779	0.000497212596052433
EN.GHG.CO2.RT.GDP.KD_ratioavg2	2.90526121611608e-07	0.000123480735243434	0.000271206870574055
NY.GDP.MINR.RT.ZS_isNA_rank	2.80579003605579e-07	0.000222220339563775	0.000527346692782884
EG.ELC.NGAS.ZS_tend2	2.79262191521808e-07	0.00175796981177173	0.00182311285219226
BM.KLT.DINV.CD.WD_tend2	2.75534980277936e-07	0.000423073338784879	0.000647883079704686
SE.SEC.ENRR.FE_lag1	2.75298453027364e-07	7.83469145897924e-05	0.000150670483652253
BX.TRF.PWKR.CD.DT_ratioavg2	2.73473783098474e-07	0.000313462631483179	0.000693084224800362
DC.DAC.JPNL.CD_isNA_rank	2.70560039859529e-07	0.000134201891976774	0.000271206870574055
BX.GSR.TRVL.ZS_avg2	2.66627150257232e-07	0.000229867598212731	0.000301340967304505
NE.GDI.TOTL.CD_delta1	2.66101850358022e-07	0.00072791406100698	0.000678017176435136
SP.POP.6064.FE.5Y	2.62294419224288e-07	0.000146947323058367	0.000135603435287027
SP.POP.2529.FE.5Y	2.60544055560159e-07	0.000300117415409511	0.000301340967304505
DC.DAC.GBRL.CD_min2	2.5794047177973e-07	8.43447645105421e-05	0.000226005725478379
DC.DAC.JPNL.CD_tend2	2.57197664967129e-07	0.000598735368338835	0.000813620611722164
TM.VAL.MRCH.R3.ZS_delta1	2.55017516295387e-07	0.00118959855865669	0.00188338104565316
FM.AST.PRVT.GD.ZS_rank	2.53753693149862e-07	1.91181466223895e-05	1.50670483652253e-05
DC.DAC.DEUL.CD_lag1	2.52406749043532e-07	0.000349524704131686	0.000467078499321983
NE.CON.TOTL.KD.ZG_ratioavg2	2.49933883291874e-07	0.000627300128586405	0.000979358143739641
IT.MLT.MAIN.P2_ratioavg2	2.49443447510126e-07	0.000242388109922296	0.000406810305861082
SP.POP.5559.MA.5Y_rank	2.48511033179871e-07	0.00011320941725415	9.04022901913515e-05
IS.AIR.GOOD.MT.K1_ratioavg2	2.45888790753128e-07	0.000250410234191298	0.000482145547687208
TM.VAL.MRCH.RS.ZS_delta1	2.44048864727472e-07	0.0010368783050496	0.00114509567575712
NY.ADJ.DKAP.CD_isNA_rank	2.43229607607547e-07	0.000554426252049297	0.000768419466626488
FP.CPI.TOTL.ZG	2.42059845684042e-07	0.000943086926913874	0.00108482748229622
TM.VAL.FOOD.ZS.UN	2.41643645412782e-07	0.000421124037560636	0.000467078499321983
NE.CON.PRVT.KD.ZG_avg2	2.3870401748227e-07	0.000111634981649953	0.000210938677113154
SP.DYN.IMRT.IN_lag1	2.35117524510033e-07	4.5508686273688e-05	3.01340967304505e-05
EN.GHG.CH4.PI.MT.CE.AR5	2.30620385931076e-07	0.000720641667978072	0.000542413741148109
DC.DAC.USAL.CD	2.30292932451223e-07	0.000641694968396204	0.000647883079704686
DC.DAC.FRAL.CD_tend2	2.30065882200593e-07	0.000169289314013159	0.000452011450956758
NY.GDP.PCAP.CN	2.29887874068095e-07	0.00219026484480976	0.00167244236854
FI.RES.XGLD.CD_ratioavg2	2.28081705200229e-07	0.000287596903699946	0.000557480789513334
TM.VAL.MRCH.R2.ZS_delta1	2.27711927812021e-07	0.000899077703120374	0.0014313695946964
BX.GRT.EXTA.CD.WD_lag1	2.26815556786944e-07	5.69795742471218e-05	0.000105469338556577
SE.PRM.ENRL.FE.ZS_isNA_rank	2.26597641527949e-07	0.000368417931382048	0.000662950128069911
BX.GSR.TRAN.ZS	2.2586433155277e-07	0.000155494259195435	0.000331475064034956
DC.DAC.DEUL.CD_tend2	2.25184210939774e-07	0.000287222038079899	0.00057254783787856
BX.GSR.GNFS.CD_min2	2.20125144323927e-07	9.15421844154417e-05	7.53352418261263e-05
NY.ADJ.DNGY.GN.ZS	2.19759118350729e-07	0.000195904773036486	0.000301340967304505
BM.GSR.MRCH.CD_ratiomax2	2.18344880906726e-07	5.77293054872155e-05	6.0268193460901e-05
EN.GHG.CO2.BU.MT.CE.AR5_ratioavg2	2.16867731896413e-07	0.000439492452942931	0.000587614886243785
BX.GSR.TOTL.CD_isNA_rank	2.15360669435649e-07	0.000263230638396901	0.000708151273165587
BX.GSR.TRVL.ZS_lag1	2.14999491181415e-07	0.000265029993373126	0.000482145547687208
DC.DAC.TOTL.CD	2.08376967190527e-07	0.0002120239946985	0.000331475064034956
EN.GHG.N2O.AG.MT.CE.AR5_delta1	2.04381836794028e-07	1.73187916461646e-05	4.52011450956758e-05
BM.GSR.TRAN.ZS_tend2	2.02766335807253e-07	0.00020017824110502	0.000467078499321983
TM.VAL.MANF.ZS.UN_isNA_rank	2.00760428979424e-07	0.000292695076132583	0.000421877354226307
EN.GHG.CH4.TR.MT.CE.AR5_tend2	2.00445149087075e-07	0.000337304084918159	0.000647883079704686
BM.KLT.DINV.WD.GD.ZS_lag1	2.00280831106089e-07	9.79898730802476e-05	0.000226005725478379
TX.VAL.MANF.ZS.UN_delta1	1.9950321286172e-07	0.000456811244589096	0.000678017176435136
EN.GHG.CH4.PI.MT.CE.AR5_ratioavg2	1.96709663928335e-07	0.000339703224886459	0.000557480789513334
NY.GDP.TOTL.RT.ZS_delta1	1.95428701743595e-07	0.00024898574483512	0.000452011450956758
BX.TRF.PWKR.DT.GD.ZS_tend2	1.94207191571699e-07	0.000176111868298012	0.000376676209130631
DT.ODA.ODAT.PC.ZS_avg2	1.94151186402715e-07	0.000137275790061158	0.000135603435287027
SM.POP.NETM_delta1	1.92859378520018e-07	0.000615154482496887	0.000828687660087389
DC.DAC.USAL.CD_tend2	1.92161917286201e-07	0.000205501332909685	0.000436944402591532
SE.SEC.ENRR.MA_lag1	1.90663205098388e-07	9.03426144312918e-05	0.000226005725478379
DT.ODA.ODAT.GN.ZS_isNA_rank	1.90453974497419e-07	0.000217122167131138	0.000331475064034956
MS.MIL.XPND.CD_isNA_rank	1.89296818184592e-07	0.00378216918690073	0.00295314147958415
NE.EXP.GNFS.KD_isNA_rank	1.89210530541632e-07	0.000210674478466332	0.000361609160765406
NE.EXP.GNFS.KD	1.88797886123925e-07	9.10923456713854e-05	0.000135603435287027
AG.PRD.LVSK.XD_min2	1.8833257476269e-07	9.97892280564725e-05	0.000180804580382703
DC.DAC.DEUL.CD_ratioavg2	1.87798224030853e-07	0.000255283487251907	0.000617748982974235
SP.POP.BRTH.MF_rank	1.87794592738351e-07	4.68582025058567e-05	0.000135603435287027
EG.ELC.COAL.ZS_tend2	1.87106173411698e-07	0.000467232508826398	0.000482145547687208
NY.GDP.PCAP.KD.ZG_isNA_rank	1.85956769080937e-07	0.000638845989683848	0.000858821756817839
NY.GDP.MKTP.CN_delta1	1.80056870713714e-07	8.89181250751137e-05	0.000120536386921802
NV.SRV.TOTL.KD.ZG_delta1	1.79859988749343e-07	0.000379888819355482	0.00088895585354829
FD.AST.PRVT.GD.ZS_tend2	1.76693510867836e-07	0.000560873940714103	0.000934156998643966
NV.SRV.TOTL.ZS_rank	1.75470655884494e-07	2.92395183636546e-05	6.0268193460901e-05
NE.DAB.TOTL.CD_isNA_rank	1.72615363438912e-07	0.00148184379604521	0.0013108332077746
SE.TER.ENRR_lag1	1.71862457141255e-07	0.000351548978479939	0.000542413741148109
SP.POP.1519.MA.5Y_delta1	1.71567540381902e-07	0.000164715953448588	0.000301340967304505
TX.VAL.MRCH.R6.ZS_delta1	1.71357703555992e-07	0.000314062416475254	0.000783486514991713
SH.IMM.MEAS_delta1	1.71052165352982e-07	0.000155569232319444	0.00028627391893928
EN.GHG.CO2.PI.MT.CE.AR5_ratioavg2	1.705159444647e-07	0.000405004815898621	0.000617748982974235
SH.DYN.MORT.MA_lag1	1.69513913435652e-07	0.000189232164999652	0.000150670483652253
SP.POP.2529.FE.5Y_delta1	1.6655195147129e-07	0.000344051666079002	0.000527346692782884
AG.PRD.LVSK.XD_lag1	1.66216344282225e-07	6.13280154396653e-05	0.000105469338556577
NY.GNP.ATLS.CD_isNA_rank	1.63693893572273e-07	0.000358446505888802	0.000527346692782884
BM.GSR.GNFS.CD_isNA_rank	1.63351077688655e-07	0.000600084884571003	0.00100949224047009
NE.CON.PRVT.KD_isNA_rank	1.62475990875457e-07	0.000106761728589344	0.000271206870574055
EN.GHG.CH4.TR.MT.CE.AR5_lag1	1.62456599586444e-07	8.0071296442008e-05	7.53352418261263e-05
SH.DTH.IMRT_lag1	1.59202754117972e-07	0.000258207439088273	0.000241072773843604
SP.POP.7579.FE.5Y	1.58448472091069e-07	5.78792517352342e-05	7.53352418261263e-05
SP.URB.GROW_lag1	1.57213897822891e-07	0.00119484667733734	0.00091908995027874
TM.VAL.MRCH.OR.ZS_rank	1.57080460046585e-07	0.000190206815611774	0.000226005725478379
BM.GSR.NFSV.CD_isNA_rank	1.56436564303995e-07	0.000236615179373574	0.000436944402591532
DT.ODA.ODAT.PC.ZS_min2	1.55948070186772e-07	6.80006234764993e-05	9.04022901913515e-05
TM.VAL.MRCH.WR.ZS_delta1	1.55300750218499e-07	0.000255733325995964	0.000632816031339461
EN.GHG.CH4.AG.MT.CE.AR5_tend2	1.52341072689172e-07	0.000486950440440863	0.000678017176435136
FI.RES.TOTL.CD_tend2	1.5215253403975e-07	0.000401780971566218	0.000632816031339461
AG.LND.ARBL.HA.PC_ratioavg2	1.50664954266162e-07	0.000472780520003092	0.000738285369896037
NY.GDP.FRST.RT.ZS_lag1	1.5045472100893e-07	0.00083879931141684	0.000557480789513334
IT.CEL.SETS_ratioavg2	1.50422475662583e-07	0.00135259013025306	0.00129576615940937
NV.SRV.TOTL.ZS_isNA_rank	1.49792732530413e-07	0.000162466759728306	0.000391743257495857
FI.RES.TOTL.MO_max2	1.49677139727105e-07	0.000294794323604846	0.000361609160765406
NE.GDI.FTOT.ZS_rank	1.46722755703544e-07	0.000977949429578232	0.000693084224800362
EN.GHG.CO2.BU.MT.CE.AR5_min2	1.40875960411514e-07	6.44019135240495e-05	9.04022901913515e-05
SP.DYN.IMRT.IN_delta1	1.3843577525184e-07	0.000115083745354384	0.000150670483652253
BM.GSR.TRVL.ZS_tend2	1.38143228307102e-07	0.000281299161283159	0.000542413741148109
TX.VAL.MRCH.R3.ZS_isNA_delta1	1.36572603265216e-07	9.40912706317603e-05	6.0268193460901e-05
BX.GSR.CMCP.ZS_rank	1.36033509040024e-07	0.000164041195332503	0.000165737532017478
DC.DAC.USAL.CD_ratiomax2	1.3325817125282e-07	0.000139000171913373	0.000226005725478379
DC.DAC.CECL.CD_isNA_rank	1.32560206746273e-07	0.000444890517871606	0.000512279644417659
IS.AIR.PSGR_max2	1.31247271007302e-07	4.97821543422222e-05	4.52011450956758e-05
AG.PRD.CROP.XD_ratioavg2	1.3054729227746e-07	0.000109835626673728	0.00028627391893928
DC.DAC.GBRL.CD_ratiomax2	1.28630277941969e-07	5.34558374186813e-05	0.000135603435287027
SP.DYN.LE00.MA.IN_delta1	1.2712293832968e-07	9.86646311963319e-05	0.000210938677113154
DC.DAC.CANL.CD_isNA_rank	1.26937287904811e-07	0.000229492732592684	0.000331475064034956
MS.MIL.XPND.GD.ZS_ratioavg2	1.24830848361655e-07	0.000284448032491553	0.000587614886243785
NV.IND.MANF.CD_delta1	1.21841075677337e-07	0.000386561427392316	0.000557480789513334
SP.DYN.CBRT.IN_lag1	1.20623285416185e-07	0.000136601031945074	0.000120536386921802
SP.DYN.IMRT.FE.IN	1.20288758992468e-07	1.82184691342771e-05	6.0268193460901e-05
SP.RUR.TOTL.ZS_rank	1.20229900787126e-07	0.000134876650092858	9.04022901913515e-05
NY.GDP.MINR.RT.ZS	1.19460938451354e-07	7.81219952177643e-05	0.000195871628747928
SE.ENR.PRIM.FM.ZS_rank	1.12634921917929e-07	0.00012992842390824	0.000165737532017478
TX.VAL.MRCH.HI.ZS_delta1	1.12164363169245e-07	0.000613729993140709	0.000768419466626488
FS.AST.CGOV.GD.ZS_rank	1.11074251051755e-07	5.43555149067938e-05	0.000120536386921802
FI.RES.XGLD.CD_tend2	1.10943502263531e-07	0.000550077810856753	0.00057254783787856
YearsSinceFirst_rank	1.10941748259649e-07	0.000239014319341874	0.000406810305861082
BM.KLT.DINV.WD.GD.ZS	1.10158667439541e-07	0.000331156288749391	0.000708151273165587
BX.GRT.EXTA.CD.WD_ratioavg2	1.09066257806703e-07	0.00025858230470832	0.000467078499321983
SP.POP.4044.FE.5Y_lag1	1.08074031487811e-07	0.000176936572662115	0.000180804580382703
TX.VAL.MRCH.WL.CD_lag1	1.07196038231334e-07	2.2042098458755e-05	1.50670483652253e-05
NV.IND.TOTL.CD_lag1	1.06467206410067e-07	2.144231346668e-05	3.01340967304505e-05
NV.AGR.TOTL.CD_delta1	1.05176808262265e-07	0.000346975617915368	0.000527346692782884
TM.VAL.MRCH.CD.WT_lag1	1.04346701616967e-07	8.85432594550668e-05	7.53352418261263e-05
BX.TRF.PWKR.CD.DT_min2	1.04003788705666e-07	6.4701806020087e-05	0.000135603435287027
NE.RSB.GNFS.ZS_rank	1.02159919592913e-07	8.14208126741766e-05	9.04022901913515e-05
TX.VAL.OTHR.ZS.WT	1.00634402253789e-07	0.000352148763472014	0.000587614886243785
BM.GSR.INSF.ZS_max2	9.84817407719061e-08	0.000204001870429498	0.000406810305861082
EN.GHG.CO2.PI.MT.CE.AR5_max2	9.77866541696509e-08	7.19741990489959e-05	6.0268193460901e-05
SP.POP.80UP.FE.5Y	9.67608397808942e-08	6.46268328960776e-05	7.53352418261263e-05
NY.ADJ.DRES.GN.ZS_delta1	9.52620833148204e-08	0.000160367512256044	0.000406810305861082
EN.GHG.CO2.IP.MT.CE.AR5_rank	9.46228638760936e-08	3.0738980843842e-06	1.50670483652253e-05
SE.SEC.ENRL_lag1	9.36656470270651e-08	0.000178585981390321	0.000346542112400181
NE.RSB.GNFS.CD_lag1	9.36583067328422e-08	0.000254683702259832	0.000406810305861082
FS.AST.CGOV.GD.ZS_avg2	9.35027945021779e-08	0.000116433261586553	0.000195871628747928
NE.CON.TOTL.KD.ZG_avg2	9.34345343693316e-08	0.000136900924441111	0.000226005725478379
NE.RSB.GNFS.ZS	9.26504691655031e-08	0.000162166867232269	0.000226005725478379
NV.IND.TOTL.KD.ZG_rank	9.22902671526783e-08	9.888955056836e-05	0.000241072773843604
TX.VAL.MMTL.ZS.UN_rank	9.0881403642331e-08	7.36985809012114e-05	0.000135603435287027
MS.MIL.XPND.CD_rank	8.99896098565338e-08	0.000319385508279919	0.000436944402591532
NV.SRV.TOTL.KD_delta1	8.86397296208062e-08	0.00246204241934373	0.00194364923911406
TM.VAL.MRCH.WR.ZS	8.81213282773931e-08	0.000913922381674229	0.000753352418261263
DT.ODA.ALLD.KD_isNA_rank	8.79364704045484e-08	0.000693876262706726	0.000904022901913515
NV.IND.TOTL.KD.ZG_delta1	8.78163629366821e-08	0.00312472986246255	0.00331475064034956
TM.VAL.TRAN.ZS.WT_rank	8.70150873941724e-08	0.000207450634133929	0.000241072773843604
SE.PRM.ENRR.MA_lag1	8.56699173351651e-08	0.000194555256804317	0.000436944402591532
AG.LND.AGRI.K2_ratioavg2	8.53494308637523e-08	0.000443990840383494	0.00060268193460901
EN.GHG.CO2.IC.MT.CE.AR5_tend2	8.51410339689418e-08	0.000593487249658179	0.000738285369896037
NE.GDI.TOTL.ZS_lag1	8.49254574431616e-08	0.000157818426039725	0.000346542112400181
SP.POP.0014.TO.ZS_delta1	8.26912545130369e-08	0.000242238163674277	0.000391743257495857
EN.GHG.N2O.AG.MT.CE.AR5_tend2	8.22125445020638e-08	0.0002776254782067	0.000391743257495857
SH.MMR.RISK.ZS	8.13685549399309e-08	0.000174612405817824	0.000195871628747928
SP.POP.5054.FE.5Y_rank	8.13110471583395e-08	0.000201602730461198	0.000165737532017478
FM.AST.PRVT.GD.ZS_max2	8.07993663146309e-08	1.12459686014056e-05	3.01340967304505e-05
EN.GHG.CO2.IP.MT.CE.AR5_tend2	8.0482978161176e-08	0.00105112319861138	0.00158204007834865
DT.ODA.ODAT.KD	8.02621249223312e-08	0.000713144355577134	0.000467078499321983
NE.GDI.FTOT.ZS_delta1	7.70108003948043e-08	0.00105029849424727	0.00106976043393099
AG.PRD.CROP.XD_tend2	7.68891233437498e-08	0.00021449810779081	0.000421877354226307
BM.GSR.MRCH.CD_ratioavg2	7.54125615873757e-08	0.000661712792506706	0.000843754708452614
AG.CON.FERT.ZS_min2	7.51886005653584e-08	0.000633073059135127	0.000512279644417659
FP.CPI.TOTL.ZG_tend2	7.46029738938445e-08	0.000329506880021184	0.000662950128069911
TM.VAL.MMTL.ZS.UN_lag1	7.36782690241362e-08	0.00102120892213164	0.000964291095374416
NY.GDP.FCST.CD_lag1	7.11399824197402e-08	7.0774629064846e-05	9.04022901913515e-05
EG.USE.ELEC.KH.PC_max2	7.10018751209825e-08	0.000130528208900314	9.04022901913515e-05
BX.GSR.TRVL.ZS_tend2	7.04339636416166e-08	0.000145597806826198	0.000346542112400181
EN.GHG.N2O.MT.CE.AR5_ratioavg2	6.97680450076119e-08	0.0169177604058385	0.010501732710562
NE.GDI.FTOT.ZS	6.92533563030348e-08	0.000851244850002395	0.00102455928883532
BX.TRF.CURR.CD_lag1	6.91326392156374e-08	0.000146947323058367	0.000195871628747928
NE.CON.PRVT.KD.ZG_max2	6.87888539088498e-08	0.000396907718505609	0.000632816031339461
NE.GDI.TOTL.ZS_isNA_rank	6.74365453137129e-08	0.000181509933226687	0.000226005725478379
NV.IND.MANF.KD_isNA_rank	6.72549702768836e-08	0.00010488740048911	0.000210938677113154
SH.DTH.IMRT	6.6739590334877e-08	0.000456211459597021	0.000346542112400181
NY.ADJ.DMIN.GN.ZS_isNA_rank	6.6626871410041e-08	0.000528560524266064	0.000768419466626488
FM.AST.NFRG.CN_isNA_rank	6.62087452066237e-08	0.000149496409274685	0.00031640801566973
TM.VAL.SERV.CD.WT_isNA_rank	6.58560741260131e-08	0.000244712276766586	0.000512279644417659
BM.GSR.TRAN.ZS_min2	6.54523044687168e-08	0.000593562222782188	0.000708151273165587
SH.MMR.RISK	6.53131456213968e-08	0.000436868393602603	0.000467078499321983
SE.SEC.ENRR.FE_delta1	6.49851515387915e-08	0.000415576026383942	0.000738285369896037
BM.TRF.PWKR.CD.DT_isNA_rank	6.47141315654883e-08	0.000118907374678862	0.00031640801566973
SP.POP.5054.MA.5Y_rank	6.44165513270109e-08	0.000175437110181928	0.000150670483652253
NY.GNP.ATLS.CD_delta1	6.43213226106934e-08	0.00015249533423506	0.000150670483652253
BX.GRT.TECH.CD.WD_max2	6.39534619742937e-08	8.65189851068138e-05	0.000195871628747928
NY.GDP.PCAP.KD_lag1	6.38188151644967e-08	1.55944097939491e-05	1.50670483652253e-05
SE.PRM.ENRL	6.3300482264852e-08	0.000519038937516874	0.000723218321530812
NY.ADJ.DMIN.CD_rank	6.32194947141112e-08	0.000192755901828092	0.000180804580382703
AG.PRD.CROP.XD_min2	6.29481205297696e-08	8.05211351860642e-05	0.000241072773843604
FM.LBL.BMNY.GD.ZS_ratioavg2	6.26833806430228e-08	0.000851094903754377	0.00144643664306162
NY.ADJ.DNGY.CD_rank	6.23691233876429e-08	0.000104962373613119	7.53352418261263e-05
SP.POP.1564.TO.ZS_delta1	6.19476811498454e-08	0.000178585981390321	0.000271206870574055
TM.VAL.MANF.ZS.UN	6.1041814820042e-08	0.000268478757077557	0.000406810305861082
IT.MLT.MAIN_min2	6.01088471214287e-08	7.19741990489959e-05	0.000105469338556577
TM.VAL.SERV.CD.WT_delta1	5.94681355765943e-08	0.000163591356588447	0.000241072773843604
FM.AST.PRVT.GD.ZS	5.92961343157735e-08	5.06068587063253e-05	7.53352418261263e-05
MS.MIL.XPND.GD.ZS_ratiomax2	5.74586448979988e-08	4.86575574820816e-05	0.000105469338556577
IS.AIR.PSGR_ratioavg2	5.71460952157111e-08	0.00070774629064846	0.00091908995027874
NE.CON.PRVT.ZS_max2	5.68867399885867e-08	0.000541530874719685	0.000467078499321983
TX.VAL.MRCH.R3.ZS_isNA_rank	5.6571939760761e-08	0.000674233304216271	0.000934156998643966
NE.RSB.GNFS.ZS_lag1	5.64362446000072e-08	0.000157818426039725	0.000195871628747928
NE.GDI.TOTL.CD_rank	5.61391710434732e-08	1.91931197463989e-05	4.52011450956758e-05
EG.ELC.FOSL.ZS_avg2	5.58897858667157e-08	2.63155665272891e-05	6.0268193460901e-05
SP.RUR.TOTL.ZG_lag1	5.52454196064094e-08	0.00444928004433611	0.00287780623775802
AG.CON.FERT.ZS	5.49038869833649e-08	0.00588366585288339	0.00334488473708001
year_cycle	5.48678648316285e-08	0.000164491034076559	0.000346542112400181
TM.VAL.MRCH.R1.ZS	5.47952962613094e-08	0.00172033330351902	0.00129576615940937
SP.POP.4549.FE.5Y_delta1	5.42290247518131e-08	0.00244277432647332	0.00185324694892271
DC.DAC.JPNL.CD_max2	5.32297412886744e-08	9.10173725473761e-05	0.000226005725478379
IT.MLT.MAIN.P2_max2	5.28281674401954e-08	0.000164715953448588	0.000150670483652253
DC.DAC.CECL.CD_ratioavg2	5.2613004423603e-08	0.000241038593690127	0.000542413741148109
NE.CON.PRVT.ZS_avg2	5.24696993554638e-08	0.000155269339823407	0.000165737532017478
DT.ODA.ODAT.PC.ZS_rank	5.226880064312e-08	0.0004360436892385	0.000361609160765406
BM.KLT.DINV.WD.GD.ZS_ratioavg2	5.20092597198236e-08	0.000124605332103574	0.000241072773843604
NY.ADJ.DRES.GN.ZS_lag1	5.18428925428875e-08	0.000113884175370234	0.000165737532017478
TM.VAL.MRCH.R3.ZS_lag1	5.14943893993673e-08	0.000339178413018393	0.000512279644417659
NY.ADJ.DFOR.GN.ZS_isNA_rank	5.11509738979043e-08	0.000181659879474705	0.000421877354226307
NV.SRV.TOTL.KD.ZG	5.09080179495025e-08	0.000391209761080897	0.000753352418261263
NE.TRD.GNFS.ZS	5.06306203879025e-08	0.000843147752609383	0.000723218321530812
NY.GDP.FCST.CN_lag1	5.0385980596321e-08	0.000383712448679959	0.00031640801566973
NV.IND.TOTL.KD.ZG	5.01614639018542e-08	0.000499920790894484	0.00060268193460901
NY.ADJ.DKAP.CD_lag1	4.99598864490198e-08	0.000103537884256941	7.53352418261263e-05
SP.POP.7074.MA.5Y_rank	4.9737861607269e-08	0.000192680928704083	0.000195871628747928
FM.AST.PRVT.GD.ZS_ratioavg2	4.96334441618859e-08	0.000202277488577282	0.00028627391893928
TM.VAL.MRCH.R6.ZS_lag1	4.87120772763089e-08	0.000104062696125007	0.000226005725478379
FM.AST.PRVT.GD.ZS_isNA_rank	4.76607827327508e-08	0.000120631756531078	0.000346542112400181
SP.POP.2024.FE.5Y_rank	4.73946323296099e-08	3.68867770126104e-05	7.53352418261263e-05
SG.LAW.INDX	4.5555068668724e-08	0.000104737454241091	0.000120536386921802
NE.CON.TOTL.KD.ZG	4.52513081260439e-08	0.00022994257133674	0.000361609160765406
SP.POP.4044.MA.5Y	4.45074613533963e-08	0.000165915523432737	0.000150670483652253
BX.TRF.CURR.CD_isNA_rank	4.42914865016176e-08	0.000167340012788916	0.00028627391893928
SP.POP.0004.FE.5Y	4.39959338925886e-08	0.000179335712630415	0.000150670483652253
NY.GSR.NFCY.CN_delta1	4.39538718283151e-08	0.00047652917620356	0.000693084224800362
BX.GSR.TRAN.ZS_isNA_rank	4.26724030789299e-08	0.000252809374159598	0.000512279644417659
SE.SEC.ENRL.GC	4.24713674482829e-08	0.000165390711564672	0.000271206870574055
DT.ODA.ODAT.CD_ratioavg2	4.18528890234248e-08	0.000101888475528735	0.000150670483652253
NE.TRD.GNFS.ZS_delta1	4.1705366092365e-08	0.000755729090014457	0.00091908995027874
BX.KLT.DINV.CD.WD_isNA_rank	4.08178208178787e-08	0.0008744865184453	0.00144643664306162
SP.POP.0014.FE.ZS	3.98037287517416e-08	1.91931197463989e-05	1.50670483652253e-05
IT.CEL.SETS_max2	3.94117617008751e-08	1.77686303902209e-05	3.01340967304505e-05
NY.GNP.ATLS.CD_rank	3.91310262361166e-08	9.40162975077509e-05	6.0268193460901e-05
SP.POP.1564.FE.ZS_delta1	3.88184868540199e-08	0.000491598774129444	0.000647883079704686
TG.VAL.TOTL.GD.ZS_lag1	3.82850698534212e-08	0.000280399483795047	0.000482145547687208
SP.POP.6569.MA.5Y	3.78722554034041e-08	6.03533648275435e-05	6.0268193460901e-05
EN.GHG.CO2.IC.MT.CE.AR5_ratioavg2	3.76977507254342e-08	0.000372166587582516	0.000527346692782884
EG.USE.PCAP.KG.OE_lag1	3.76226007980162e-08	0.00038843575549255	0.000391743257495857
EG.USE.PCAP.KG.OE_max2	3.73193518262493e-08	9.80648462042569e-05	0.000120536386921802
SP.POP.65UP.FE.ZS_lag1	3.68693578652456e-08	6.90502472126305e-05	4.52011450956758e-05
SH.DYN.MORT.MA_delta1	3.68437620106542e-08	0.000304540829726064	0.000271206870574055
NY.ADJ.DNGY.CD_delta1	3.67377178190659e-08	0.00044796441595599	0.000617748982974235
NV.IND.TOTL.CD_isNA_rank	3.66431784053016e-08	0.000574444076159799	0.00141630254633117
AG.PRD.LVSK.XD_max2	3.64146259065179e-08	6.30523972918808e-05	0.000135603435287027
EN.GHG.CH4.IC.MT.CE.AR5_delta1	3.62325554455206e-08	0.000126404687079799	0.000150670483652253
EG.ELC.HYRO.ZS_ratioavg2	3.59500765591927e-08	0.000154819501079351	0.000361609160765406
EG.USE.PCAP.KG.OE_tend2	3.55885221548691e-08	0.0015225542023823	0.00153683893325298
TM.VAL.TRAN.ZS.WT_lag1	3.5244242849678e-08	0.000327032766928875	0.000452011450956758
EG.ELC.NUCL.ZS_max2	3.49403509287281e-08	7.38485271492302e-05	4.52011450956758e-05
NY.ADJ.NNTY.PC.CD_delta1	3.49331905056451e-08	0.000253034293531626	0.00031640801566973
NY.GDP.MKTP.CD_lag1	3.4514436634671e-08	1.61941947860241e-05	1.50670483652253e-05
DT.ODA.ODAT.KD_rank	3.4470619625361e-08	0.000522562674345314	0.000406810305861082
EN.GHG.CO2.PC.CE.AR5_avg2	3.41623437724018e-08	1.98678778624832e-05	4.52011450956758e-05
TX.VAL.MRCH.WR.ZS_delta1	3.41557644638224e-08	0.000277550505082691	0.000436944402591532
DT.NFL.UNDP.CD_isNA_rank	3.37913716644619e-08	0.000280474456919056	0.000482145547687208
SH.DYN.MORT.FE_delta1	3.37373314860306e-08	2.62405934032798e-05	4.52011450956758e-05
IS.AIR.PSGR_isNA_rank	3.33593597201483e-08	0.000350199462247771	0.000632816031339461
NE.GDI.TOTL.CD_isNA_rank	3.19374565598974e-08	0.000267579079589444	0.000376676209130631
DT.ODA.ALLD.KD	3.13915892392493e-08	0.000261356310296666	0.000376676209130631
TX.VAL.AGRI.ZS.UN_lag1	3.05622380725136e-08	7.15243603049397e-05	0.000150670483652253
AG.PRD.CREL.MT	3.01758863414177e-08	2.74401633874297e-05	3.01340967304505e-05
NY.ADJ.DFOR.GN.ZS_delta1	3.00412479531498e-08	4.54337131496787e-05	7.53352418261263e-05
BX.GSR.CMCP.ZS	2.99975384705599e-08	0.000373591076938694	0.00057254783787856
ER.FSH.CAPT.MT_min2	2.98650173630396e-08	0.000100538959296566	7.53352418261263e-05
IS.AIR.DPRT	2.93909337511719e-08	0.000422548526916814	0.000331475064034956
NY.ADJ.DKAP.GN.ZS_rank	2.88713423687804e-08	0.000154519608583313	0.000105469338556577
BX.GSR.MRCH.CD_ratiomax2	2.87189735173069e-08	0.000200328187353039	0.000226005725478379
FI.RES.TOTL.MO_ratioavg2	2.86420373554217e-08	0.000186683078783333	0.000421877354226307
BX.GRT.EXTA.CD.WD_isNA_rank	2.84487960531889e-08	0.000172888023965609	0.000376676209130631
MS.MIL.XPND.GD.ZS_max2	2.80714834714021e-08	0.000112084820394009	0.000301340967304505
SP.POP.6064.FE.5Y_lag1	2.78864165626516e-08	7.97714039459705e-05	9.04022901913515e-05
SE.SEC.ENRR	2.74486415336737e-08	0.000115233691602403	0.000180804580382703
SP.DYN.LE00.FE.IN_delta1	2.68414199770458e-08	0.00011433401411429	0.000256139822208829
TX.VAL.AGRI.ZS.UN_delta1	2.5764258490757e-08	0.000161567082240194	0.00028627391893928
BX.GRT.EXTA.CD.WD_min2	2.56462950439588e-08	5.77293054872155e-05	9.04022901913515e-05
EG.USE.PCAP.KG.OE_isNA_rank	2.55781278178886e-08	0.000232266738181031	0.00057254783787856
NE.CON.PRVT.CD_min2	2.53400222219207e-08	0.000149121543654638	0.000120536386921802
NE.GDI.TOTL.ZS_rank	2.51888573285549e-08	7.25739840410709e-05	7.53352418261263e-05
SP.POP.4549.MA.5Y_delta1	2.49129765415969e-08	0.00167504953661736	0.00156697302998343
DT.NFL.UNDP.CD_tend2	2.47787118005981e-08	0.000694176155202764	0.00109989453066144
NE.CON.PRVT.ZS	2.45023437201593e-08	0.00145297914330161	0.00126563206267892
FI.RES.TOTL.MO	2.44669685507171e-08	0.000246961470486867	0.000361609160765406
EN.GHG.N2O.AG.MT.CE.AR5_max2	2.41818956030877e-08	1.70938722741365e-05	1.50670483652253e-05
NV.SRV.TOTL.CD_lag1	2.41399153002946e-08	1.25954848335743e-05	3.01340967304505e-05
TM.VAL.MRCH.R4.ZS_lag1	2.41318895526554e-08	0.000241038593690127	0.000331475064034956
FM.AST.DOMS.CN_isNA_rank	2.39621367284992e-08	0.000397207611001646	0.000662950128069911
SP.POP.1014.MA.5Y	2.39063751143417e-08	0.000156693829179585	0.000180804580382703
TX.VAL.FUEL.ZS.UN_lag1	2.38524927433483e-08	6.26775316718339e-05	0.000135603435287027
NY.ADJ.DMIN.CD_isNA_rank	2.37961214417484e-08	0.000446914792219859	0.000693084224800362
SE.SEC.ENRR_lag1	2.36840659919782e-08	0.000146122618694264	0.000195871628747928
BX.TRF.CURR.CD_ratioavg2	2.36808695075656e-08	0.000404929842774611	0.000738285369896037
SP.POP.1519.FE.5Y	2.34715694862216e-08	0.000110735304161841	0.000150670483652253
TM.VAL.FUEL.ZS.UN_delta1	2.33404514489978e-08	0.000242013244302249	0.000361609160765406
NY.ADJ.DNGY.GN.ZS_isNA_rank	2.30241254510668e-08	0.000201827649833226	0.000467078499321983
EN.GHG.CH4.WA.MT.CE.AR5_tend2	2.28748007258947e-08	0.000183759126946968	0.000271206870574055
IT.MLT.MAIN_ratioavg2	2.27211998806734e-08	0.000172962997089618	0.000421877354226307
NE.CON.PRVT.KD.ZG_isNA_rank	2.2308695418122e-08	0.000119207267174899	0.000391743257495857
EN.URB.MCTY.TL.ZS_avg2	2.18583655688303e-08	3.29132014401138e-05	3.01340967304505e-05
TM.VAL.FOOD.ZS.UN_rank	2.16600237760494e-08	4.66332831338286e-05	4.52011450956758e-05
NY.ADJ.DMIN.CD_delta1	2.13871341129475e-08	0.000905075553041124	0.000873888805183065
SP.DYN.LE00.IN_lag1	2.12231066661281e-08	7.06246828168272e-05	4.52011450956758e-05
NY.GNP.PCAP.CD_isNA_rank	2.11484446397526e-08	0.00021329853780666	0.000346542112400181
TM.VAL.MRCH.R1.ZS_rank	2.0760796898423e-08	0.000339328359266412	0.000406810305861082
NE.CON.PRVT.CD_lag1	2.07289678143489e-08	3.06640077198326e-05	3.01340967304505e-05
IT.MLT.MAIN_tend2	2.05618000860334e-08	0.00227693377616459	0.00213952086786199
NE.RSB.GNFS.ZS_delta1	2.02228369919922e-08	0.000264955020249116	0.00057254783787856
BX.GRT.TECH.CD.WD_rank	2.02164299136489e-08	0.000131727778884464	0.000105469338556577
BX.GSR.TRVL.ZS_isNA_rank	2.01827671080282e-08	0.000169589206509197	0.000361609160765406
SP.POP.TOTL.FE.ZS_lag1	2.01694275035589e-08	0.000268778649573594	0.00028627391893928
EN.GHG.N2O.TR.MT.CE.AR5_delta1	1.99094770461875e-08	6.34272629119277e-05	0.000120536386921802
NV.IND.MANF.CD	1.98432838380819e-08	0.000154369662335294	0.00028627391893928
SH.DTH.NMRT_delta1	1.97206033255392e-08	0.000286247387467777	0.000497212596052433
BM.GSR.MRCH.CD_min2	1.96754278576932e-08	3.11888195878982e-05	3.01340967304505e-05
EN.GHG.CH4.FE.MT.CE.AR5_tend2	1.96484844278344e-08	0.00058021700670852	0.00088895585354829
FM.AST.DOMS.CN_ratioavg2	1.96351036769028e-08	0.000461834443897724	0.000798553563356938
SP.POP.1519.FE.5Y_lag1	1.91925522496621e-08	0.000153245065475154	0.000165737532017478
SP.POP.0014.FE.ZS_rank	1.91390281258727e-08	7.27239302890896e-06	3.01340967304505e-05
EN.GHG.N2O.MT.CE.AR5_tend2	1.89452022895325e-08	0.000395033390405374	0.000527346692782884
NY.GDP.MINR.RT.ZS_lag1	1.86837788958352e-08	8.53194151226639e-05	0.000180804580382703
NY.GDP.MKTP.KD.ZG	1.86513228858817e-08	0.00078159481779769	0.000738285369896037
BX.GSR.TRAN.ZS_min2	1.86034599313187e-08	6.03533648275435e-05	0.000165737532017478
SP.POP.0014.FE.ZS_lag1	1.8571884724443e-08	5.5405138642925e-05	4.52011450956758e-05
BM.KLT.DINV.CD.WD_avg2	1.78950609245557e-08	0.000177461384530181	0.000241072773843604
SE.SEC.ENRL	1.78629256494213e-08	0.000132402537000549	0.00028627391893928
FirstYear_rank	1.73107111922549e-08	0.00059093816344186	0.000632816031339461
EN.GHG.ALL.PC.CE.AR5	1.72546854761983e-08	0.000153844850467229	0.000105469338556577
BM.GSR.TRAN.ZS_lag1	1.67485906777786e-08	0.00230407404705598	0.00216965496459244
BX.PEF.TOTL.CD.WD_isNA_rank	1.66391933295309e-08	0.0024537953757027	0.00201898448094018
DC.DAC.USAL.CD_min2	1.66247610250831e-08	0.000106911674837363	0.000271206870574055
NV.AGR.TOTL.CN_lag1	1.64964467333262e-08	0.000145822726198226	0.000226005725478379
TX.VAL.MRCH.R3.ZS_delta1	1.64865734668068e-08	0.000773122854784631	0.00106976043393099
AG.PRD.FOOD.XD_rank	1.6402328103088e-08	0.000156243990435529	0.00031640801566973
SP.POP.5054.MA.5Y	1.6399073939854e-08	0.000143048720609879	0.000165737532017478
NV.IND.TOTL.KD.ZG_lag1	1.62744087422915e-08	0.0018618075885247	0.00236552659334036
TX.VAL.FOOD.ZS.UN_isNA_rank	1.58957815397659e-08	8.83183400830387e-05	0.000195871628747928
NE.CON.TOTL.KD.ZG_min2	1.58252796122752e-08	0.00019298082120012	0.000436944402591532
FD.AST.PRVT.GD.ZS_lag1	1.57249927808115e-08	9.53658137399196e-05	0.000120536386921802
EN.GHG.CH4.PI.MT.CE.AR5_tend2	1.57075101837799e-08	0.012745356108469	0.00854301642308272
SP.POP.DPND.OL	1.56750787374645e-08	4.69331756298661e-05	6.0268193460901e-05
EG.USE.ELEC.KH.PC_lag1	1.5487467698601e-08	0.000549478025864678	0.000331475064034956
NY.ADJ.AEDU.GN.ZS	1.54180093011354e-08	8.05211351860642e-05	0.000180804580382703
NV.AGR.TOTL.CN_isNA_rank	1.51514674951217e-08	0.000401705998442208	0.000678017176435136
EN.GHG.N2O.IC.MT.CE.AR5_tend2	1.49826157442251e-08	4.6708256257838e-05	6.0268193460901e-05
NE.EXP.GNFS.ZS_delta1	1.46691721099295e-08	0.000677157256052637	0.000843754708452614
AG.PRD.LVSK.XD_avg2	1.46243246747724e-08	3.05140614718139e-05	4.52011450956758e-05
NY.ADJ.DFOR.CD_isNA_rank	1.45817431890186e-08	0.000279124940686887	0.000497212596052433
FM.AST.DOMS.CN_ratiomax2	1.44988219914416e-08	8.52444419986545e-05	7.53352418261263e-05
TG.VAL.TOTL.GD.ZS	1.44754407221832e-08	0.00344763910757091	0.00251619707699262
DT.NFL.UNDP.CD_ratiomax2	1.44549189463993e-08	6.98749515767335e-05	9.04022901913515e-05
SP.POP.4044.MA.5Y_rank	1.42409617194275e-08	8.20205976662516e-05	0.000105469338556577
NV.AGR.TOTL.KD_isNA_rank	1.41468072331007e-08	0.00130213321779475	0.00153683893325298
AG.LND.CREL.HA_min2	1.39560264011648e-08	0.000130453235776305	0.000105469338556577
TM.VAL.MRCH.R6.ZS	1.36526429042457e-08	6.74008384844243e-05	0.000150670483652253
BM.GSR.TRAN.ZS_isNA_rank	1.35539124255914e-08	0.000272002493905997	0.000512279644417659
FM.AST.PRVT.GD.ZS_lag1	1.34487991166836e-08	4.76079337459504e-05	6.0268193460901e-05
DC.DAC.GBRL.CD_lag1	1.34044587617543e-08	7.78970758457362e-05	0.000165737532017478
AG.PRD.CREL.MT_min2	1.32982858699529e-08	6.89752740886211e-06	3.01340967304505e-05
SP.DYN.CDRT.IN_lag1	1.27875454690664e-08	3.55372607804417e-05	7.53352418261263e-05
BM.GSR.CMCP.ZS_isNA_rank	1.27018236299433e-08	0.000327482605672931	0.000557480789513334
SH.DYN.MORT.MA	1.26863238698431e-08	4.22848419412851e-05	4.52011450956758e-05
BM.KLT.DINV.CD.WD_ratiomax2	1.26543756491096e-08	2.54908621631861e-05	6.0268193460901e-05
SP.POP.7074.FE.5Y	1.24976271120027e-08	0.000407029090246874	0.000331475064034956
TM.VAL.INSF.ZS.WT_lag1	1.23611876627526e-08	0.000254908621631861	0.000361609160765406
BX.GSR.NFSV.CD_min2	1.22820222767913e-08	0.000291645452396452	0.000301340967304505
NY.GDP.FCST.CN_delta1	1.22664430540645e-08	0.000201527757337189	0.000376676209130631
DC.DAC.TOTL.CD_isNA_rank	1.20799052817775e-08	0.000343826746706974	0.00060268193460901
BX.GRT.TECH.CD.WD_ratiomax2	1.20627918257719e-08	2.41413459310174e-05	3.01340967304505e-05
NV.IND.MANF.ZS_lag1	1.19445900992529e-08	0.000134276865100783	0.000180804580382703
TM.VAL.OTHR.ZS.WT_delta1	1.18597174372486e-08	0.000283923220623487	0.000542413741148109
NE.EXP.GNFS.ZS_lag1	1.15202028182059e-08	0.00784571250820862	0.00497212596052433
BX.GSR.TOTL.CD_ratioavg2	1.12818742438811e-08	0.00011320941725415	0.000271206870574055
FM.AST.NFRG.CN_tend2	1.10640511154294e-08	0.00217249621441954	0.00194364923911406
EN.GHG.CO2.RT.GDP.KD	1.07555472304113e-08	0.000109910599797738	0.000195871628747928
NY.GDP.PCAP.KD.ZG_lag1	1.04722310220451e-08	0.000430795570557844	0.000647883079704686
NE.CON.TOTL.KD.ZG_isNA_rank	1.03239747357808e-08	0.0017105867973978	0.0013108332077746
SP.DYN.TFRT.IN_rank	1.02519810706567e-08	9.97142549324631e-06	3.01340967304505e-05
TX.VAL.SERV.CD.WT_isNA_rank	1.02162253873013e-08	0.000148371812414545	0.000436944402591532
BM.GSR.TRAN.ZS_rank	1.01146516319897e-08	0.000137875575053233	0.000180804580382703
BX.TRF.PWKR.DT.GD.ZS_ratioavg2	1.00533672992526e-08	0.000177986196398246	0.000376676209130631
NY.GDP.MKTP.CN_rank	1.00025618082745e-08	4.54337131496787e-05	7.53352418261263e-05
clase_isNA_rank	9.95321641862008e-09	0.00154804506454549	0.00156697302998343
NE.EXP.GNFS.KD.ZG_delta1	9.89951073847008e-09	0.000204451709173554	0.000467078499321983
EN.GHG.CH4.FE.MT.CE.AR5_ratioavg2	9.89455579619059e-09	0.000244937196138614	0.000497212596052433
IT.CEL.SETS.P2_tend2	9.81120379635023e-09	0.000553451601437175	0.000783486514991713
NE.CON.GOVT.ZS_ratioavg2	9.72422327401254e-09	0.000154144742963266	0.000301340967304505
NY.GNP.ATLS.CD_lag1	9.68670758303699e-09	4.91073962261378e-05	4.52011450956758e-05
TM.VAL.MRCH.WL.CD_lag1	9.60031404079795e-09	5.8029197983253e-05	6.0268193460901e-05
AG.YLD.CREL.KG_ratioavg2	9.51122339487561e-09	0.000223644828919953	0.000301340967304505
NE.IMP.GNFS.CN_delta1	9.49434442692998e-09	0.00115915947030888	0.000979358143739641
TM.VAL.MRCH.WL.CD_delta1	9.48883191797827e-09	0.000784893635254102	0.000934156998643966
NV.AGR.TOTL.CD_rank	9.46609611875754e-09	8.99677488112449e-06	1.50670483652253e-05
IS.AIR.DPRT_rank	9.39799168215542e-09	4.60334981417536e-05	6.0268193460901e-05
TX.VAL.AGRI.ZS.UN	9.39041381781099e-09	0.000110660331037831	0.000150670483652253
SP.POP.7579.MA.5Y	9.37654132448285e-09	6.53765641361713e-05	6.0268193460901e-05
SP.POP.TOTL_delta1	9.31822506038028e-09	0.000101363663660669	9.04022901913515e-05
FM.LBL.BMNY.GD.ZS_avg2	9.10437799061718e-09	8.83183400830387e-05	0.000135603435287027
EN.POP.DNST	9.05579401270421e-09	0.000595511524006432	0.000557480789513334
EN.GHG.N2O.AG.MT.CE.AR5_ratioavg2	9.02247677778509e-09	0.000327557578796941	0.000542413741148109
NE.RSB.GNFS.CN_rank	8.99125567982643e-09	3.39628251762449e-05	7.53352418261263e-05
NY.ADJ.NNTY.PC.CD_lag1	8.91577108885841e-09	0.000127229391443902	0.000135603435287027
NE.CON.GOVT.ZS_lag1	8.89176268729091e-09	7.53479896294176e-05	0.000105469338556577
EG.USE.PCAP.KG.OE_avg2	8.79491806855626e-09	0.00167160077291293	0.000964291095374416
FS.AST.CGOV.GD.ZS_ratiomax2	8.71500963604522e-09	0.000319085615783882	0.000527346692782884
DT.ODA.ODAT.PC.ZS_ratioavg2	8.68933739364947e-09	5.52551923949062e-05	0.000120536386921802
EN.GHG.N2O.BU.MT.CE.AR5	8.67394770652155e-09	0.000440242184183025	0.000361609160765406
NY.GDP.COAL.RT.ZS_lag1	8.65230126848016e-09	4.9332315598166e-05	0.000120536386921802
FM.LBL.BMNY.GD.ZS_rank	8.62989333840145e-09	9.0792453175348e-05	0.000105469338556577
SE.SEC.AGES_rank	8.48519109119357e-09	0.000158268264783782	0.000271206870574055
SE.PRM.ENRL.FE.ZS_rank	8.47889084409131e-09	9.9489335560435e-05	0.000195871628747928
NE.CON.TOTL.KD.ZG_max2	8.33579005292012e-09	0.000490774069765341	0.000617748982974235
EN.GHG.CH4.MT.CE.AR5_max2	8.26192329256793e-09	2.45911846750736e-05	3.01340967304505e-05
SH.IMM.MEAS	8.22011097335442e-09	0.000861141302371632	0.000617748982974235
NY.GDP.MKTP.KD_delta1	8.07672362248776e-09	0.000633073059135127	0.000497212596052433
NE.GDI.TOTL.CD_lag1	8.06262208532215e-09	0.000638246204691773	0.000497212596052433
TM.VAL.TRVL.ZS.WT	7.93606577271997e-09	0.000180235390118527	0.000271206870574055
SE.TER.ENRR_rank	7.90915986687973e-09	0.000130678155148333	0.000361609160765406
NE.GDI.TOTL.ZS_delta1	7.87260142551333e-09	0.000233091442545134	0.000452011450956758
NE.IMP.GNFS.CN_isNA_rank	7.81733008197091e-09	0.000174387486445796	0.000361609160765406
NE.EXP.GNFS.CN_delta1	7.70156216579644e-09	0.000419624575080448	0.000542413741148109
NV.SRV.TOTL.CD	7.67990547620908e-09	9.52158674919009e-06	1.50670483652253e-05
TX.VAL.SERV.CD.WT	7.66373901190163e-09	2.42163190550267e-05	3.01340967304505e-05
NY.GDP.DEFL.KD.ZG_delta1	7.61323454821601e-09	0.000200253214229029	0.000482145547687208
FM.AST.NFRG.CN_lag1	7.55640324649629e-09	0.000292245237388527	0.000346542112400181
DT.ODA.ALLD.CD	7.54132139016878e-09	7.6847452109605e-05	0.000135603435287027
TX.VAL.MRCH.CD.WT_lag1	7.51057934023876e-09	0.00027290217139411	0.000195871628747928
ER.FSH.CAPT.MT_tend2	7.40392173868156e-09	0.0322684325736332	0.0204309175832454
EG.ELC.NUCL.ZS_rank	7.39207978608389e-09	0.000159317888519913	0.000271206870574055
SP.POP.DPND.YG_rank	7.39158304977784e-09	2.7290217139411e-05	3.01340967304505e-05
NE.EXP.GNFS.KD_rank	7.37704604050128e-09	7.29488496611177e-05	6.0268193460901e-05
NY.GDP.PCAP.KN_lag1	7.30434818663047e-09	0.0001072115673334	0.000150670483652253
SP.POP.1519.FE.5Y_delta1	7.28066074027783e-09	0.00167587424098146	0.00120536386921802
EG.ELC.FOSL.ZS_ratioavg2	7.27186189895678e-09	0.000102938099264866	0.000210938677113154
DT.ODA.ODAT.PC.ZS_isNA_rank	6.97198923159984e-09	0.000244562330518567	0.000452011450956758
NY.GDP.FCST.CD_rank	6.951680407813e-09	2.06925822265863e-05	3.01340967304505e-05
NE.EXP.GNFS.KD_delta1	6.75543363165949e-09	0.00151408223936924	0.00150670483652253
NY.GDS.TOTL.ZS_isNA_rank	6.71173653986132e-09	0.00022521926452415	0.000482145547687208
SH.DYN.MORT.FE_rank	6.57799534330836e-09	3.08139539678514e-05	4.52011450956758e-05
TX.VAL.OTHR.ZS.WT_isNA_rank	6.5443290260031e-09	0.000184133992567015	0.000406810305861082
BX.GRT.EXTA.CD.WD_rank	6.50830162798504e-09	8.56193076187014e-05	0.000150670483652253
SP.POP.3539.MA.5Y_lag1	6.4753124397628e-09	0.000136226166325027	0.000165737532017478
BX.GSR.NFSV.CD_lag1	6.44149374203503e-09	0.000136301139449036	0.000135603435287027
TM.VAL.MRCH.HI.ZS_delta1	6.35346060129659e-09	0.00123923076675089	0.0012505650143137
ER.FSH.AQUA.MT	6.34040718075259e-09	0.000231966845684993	0.000226005725478379
FM.LBL.BMNY.GD.ZS_max2	6.30940686161044e-09	0.000146797376810348	0.000210938677113154
SE.SEC.ENRR_rank	6.08789543264247e-09	8.63690388587951e-05	0.000165737532017478
NE.CON.PRVT.KD.ZG_min2	6.06484640455282e-09	0.000155044420451379	0.00031640801566973
ER.FSH.CAPT.MT_ratioavg2	6.01185502880992e-09	0.000842472994493299	0.00120536386921802
NE.IMP.GNFS.ZS_isNA_rank	5.98229625128495e-09	0.000174987271437871	0.000331475064034956
TX.VAL.TRAN.ZS.WT_delta1	5.96114132170497e-09	0.000450663448420328	0.000768419466626488
MS.MIL.XPND.CD	5.92523220219254e-09	0.00106101965098061	0.00134096730450505
EN.GHG.CH4.MT.CE.AR5_tend2	5.88662357910252e-09	0.000537257406651151	0.000678017176435136
AG.PRD.CROP.XD_avg2	5.82450354002573e-09	9.96392818084537e-05	0.000165737532017478
DC.DAC.CANL.CD_ratiomax2	5.78455358477161e-09	6.32773166639089e-05	0.000105469338556577
BM.KLT.DINV.WD.GD.ZS_max2	5.66993029188619e-09	0.000137425736309177	0.000256139822208829
BM.GSR.NFSV.CD_min2	5.56988210454075e-09	0.000124305439607537	0.000105469338556577
EN.GHG.N2O.FE.MT.CE.AR5	5.48701853872202e-09	0.000139075145037383	0.000165737532017478
SE.SEC.ENRR.MA_isNA_rank	5.4195719311376e-09	0.000340527929250562	0.000497212596052433
BX.GSR.MRCH.CD_rank	5.20989823968094e-09	0.000118157643438768	0.000105469338556577
NY.GDP.PCAP.KD.ZG	5.18625735986803e-09	0.000521588023733192	0.00057254783787856
SP.POP.0014.FE.IN_delta1	5.05463515215587e-09	5.77293054872155e-05	0.000135603435287027
BM.GSR.TOTL.CD_isNA_rank	4.95336317782225e-09	0.000149646355522704	0.000361609160765406
BM.GSR.TRAN.ZS_avg2	4.91308238458923e-09	0.000590338378449785	0.000557480789513334
NY.ADJ.DNGY.CD	4.91136174790485e-09	3.17136314559638e-05	6.0268193460901e-05
AG.LND.AGRI.K2_lag1	4.9075397298893e-09	2.70652977673828e-05	3.01340967304505e-05
SP.POP.TOTL.MA.ZS	4.88953964957608e-09	0.000115908449718487	0.000135603435287027
NV.IND.MANF.CD_lag1	4.80991388944531e-09	0.000181809825722724	0.000256139822208829
NE.CON.GOVT.ZS	4.78678901563105e-09	0.000311588303382945	0.000406810305861082
NV.IND.TOTL.CN	4.74098487344452e-09	0.00048732530606091	0.000391743257495857
SE.ENR.PRIM.FM.ZS_delta1	4.73817019696603e-09	0.000906575015521311	0.00152177188488775
BX.GRT.TECH.CD.WD_lag1	4.69777069043741e-09	9.6865276220107e-05	0.000226005725478379
IT.CEL.SETS.P2_lag1	4.69451677533175e-09	0.000142598881865823	0.000150670483652253
NE.CON.TOTL.KD.ZG_lag1	4.68323727175203e-09	0.000380338658099538	0.000662950128069911
NY.ADJ.NNTY.PC.CD_isNA_rank	4.59429246411079e-09	0.000857467619295173	0.000828687660087389
NV.AGR.TOTL.ZS_isNA_rank	4.3916879312785e-09	0.000229567705716693	0.000406810305861082
TM.VAL.MRCH.AL.ZS_delta1	4.36965730732679e-09	0.000381763147455716	0.000873888805183065
SE.SEC.ENRL_rank	4.30305705432228e-09	4.28096538093507e-05	0.000105469338556577
BX.TRF.PWKR.DT.GD.ZS_lag1	4.29242130107472e-09	6.76257578564524e-05	0.000150670483652253
BX.GSR.TOTL.CD_max2	4.27753876656742e-09	2.05426359785676e-05	1.50670483652253e-05
NY.GDP.MKTP.KN_lag1	4.25330908111072e-09	0.0007184674473818	0.000467078499321983
IT.MLT.MAIN.P2_rank	4.20231057766e-09	8.35950332704484e-05	9.04022901913515e-05
NY.ADJ.AEDU.GN.ZS_lag1	4.19737097243037e-09	5.24062136825502e-05	0.000120536386921802
NV.IND.TOTL.KD_lag1	4.17127265659984e-09	3.56872070284605e-05	3.01340967304505e-05
TM.VAL.MRCH.CD.WT	4.15475695276546e-09	4.85076112340629e-05	4.52011450956758e-05
NE.EXP.GNFS.ZS	4.11861483980347e-09	0.0038259534913222	0.00238059364170559
NE.CON.GOVT.ZS_max2	4.07819732566097e-09	0.000154669554831332	0.000226005725478379
BX.TRF.CURR.CD_min2	4.0170829097189e-09	0.000131352913264418	0.000135603435287027
TM.VAL.MRCH.R6.ZS_isNA_rank	4.00500243071518e-09	0.000702798064463841	0.00120536386921802
EG.ELC.PETR.ZS_ratioavg2	3.97519073659091e-09	0.00018938211124767	0.000406810305861082
NY.GNP.MKTP.CN	3.93964788452989e-09	2.05426359785676e-05	3.01340967304505e-05
NV.IND.TOTL.CN_lag1	3.90102257447411e-09	0.000289846097420227	0.000195871628747928
NY.GDP.FCST.KD_delta1	3.88879676863749e-09	0.000428996215581619	0.000497212596052433
BX.GSR.FCTY.CD	3.79219501321082e-09	0.000148671704910582	0.000195871628747928
BX.GSR.GNFS.CD_ratioavg2	3.70633694169376e-09	0.000148521758662563	0.000226005725478379
DT.ODA.ALLD.KD_min2	3.61235880251207e-09	3.48625026643574e-05	4.52011450956758e-05
AG.LND.AGRI.K2_tend2	3.59294048338392e-09	0.000269528380813688	0.000452011450956758
BX.GSR.FCTY.CD_avg2	3.54753377602391e-09	2.64655127753079e-05	3.01340967304505e-05
EN.GHG.CO2.PI.MT.CE.AR5_ratiomax2	3.53393507958469e-09	2.51909696671486e-05	4.52011450956758e-05
FI.RES.XGLD.CD_isNA_rank	3.52892673806748e-09	6.552651038419e-05	0.000195871628747928
DC.DAC.JPNL.CD_avg2	3.52344538220352e-09	9.40162975077509e-05	0.000180804580382703
BX.GSR.FCTY.CD_lag1	3.50088434649044e-09	0.000148371812414545	0.000180804580382703
EN.GHG.CH4.PI.MT.CE.AR5_lag1	3.42706629633758e-09	0.000563872865674477	0.000406810305861082
DC.DAC.CECL.CD_avg2	3.36772564591348e-09	5.57050311389625e-05	0.000135603435287027
NV.AGR.TOTL.KD.ZG_rank	3.35686125297475e-09	6.65761341203212e-05	0.000135603435287027
SP.POP.1564.MA.ZS_rank	3.26107330005827e-09	3.1338765835917e-05	6.0268193460901e-05
EN.GHG.N2O.FE.MT.CE.AR5_tend2	3.23367088530388e-09	0.000180760201986593	0.000301340967304505
DC.DAC.TOTL.CD_avg2	3.18843727342773e-09	3.65868845165729e-05	4.52011450956758e-05
FI.RES.TOTL.MO_tend2	3.17339035636764e-09	0.000355672500300455	0.000617748982974235
EN.GHG.ALL.MT.CE.AR5_tend2	3.16761005573737e-09	0.00078991683456273	0.00091908995027874
NV.IND.MANF.ZS_isNA_rank	3.12445147692167e-09	0.000587864265357476	0.00106976043393099
DC.DAC.GBRL.CD_max2	3.05645347482639e-09	0.000108261191069531	0.000210938677113154
NV.AGR.TOTL.CD	3.00359129548237e-09	3.80863469967603e-05	7.53352418261263e-05
BX.KLT.DINV.WD.GD.ZS_tend2	2.98189544218283e-09	0.000337379058042168	0.000678017176435136
SP.POP.4044.MA.5Y_delta1	2.9661176668541e-09	0.000275151365114391	0.000497212596052433
SH.DYN.MORT	2.91927116614872e-09	0.000124605332103574	0.000105469338556577
FM.LBL.BMNY.GD.ZS_isNA_rank	2.89011886724273e-09	0.000126179767707771	0.000361609160765406
NE.CON.GOVT.CD_lag1	2.86850919938797e-09	2.95394108596921e-05	3.01340967304505e-05
EN.URB.LCTY.UR.ZS_min2	2.85472845257085e-09	1.28204042056024e-05	1.50670483652253e-05
AG.LND.ARBL.HA.PC_lag1	2.84991530343122e-09	7.83469145897924e-05	9.04022901913515e-05
IT.MLT.MAIN.P2_lag1	2.83078425914045e-09	0.00369699971802608	0.00191351514238361
BX.GSR.TOTL.CD_lag1	2.82266369608639e-09	8.12708664261579e-05	7.53352418261263e-05
BX.GRT.EXTA.CD.WD_tend2	2.80288797719019e-09	0.000260156740312516	0.000452011450956758
DC.DAC.JPNL.CD_ratiomax2	2.71256389756442e-09	4.89574499781191e-05	0.000135603435287027
BX.GSR.TRAN.ZS_tend2	2.70181822409286e-09	0.00141946615686942	0.00176284465873135
BM.GSR.MRCH.CD_max2	2.70151089504628e-09	5.09067512023627e-05	6.0268193460901e-05
AG.PRD.LVSK.XD_tend2	2.6947662162303e-09	0.0001656156309367	0.000376676209130631
AG.LND.CREL.HA	2.68202143635069e-09	9.03426144312918e-05	0.000135603435287027
EN.GHG.ALL.PC.CE.AR5_ratioavg2	2.66223572022211e-09	0.000424797720637095	0.000542413741148109
DC.DAC.GBRL.CD_ratioavg2	2.6412269076447e-09	0.000347125564163387	0.000708151273165587
DC.DAC.USAL.CD_avg2	2.64040995279406e-09	6.38021285319745e-05	0.000150670483652253
DT.ODA.ODAT.CD	2.59205715701822e-09	2.6090647155261e-05	1.50670483652253e-05
EN.GHG.N2O.PI.MT.CE.AR5_delta1	2.56915452138439e-09	5.84790367273092e-06	1.50670483652253e-05
NV.SRV.TOTL.CD_isNA_rank	2.55928055236502e-09	0.000899377595616411	0.00132590025613982
NY.GDS.TOTL.CD_isNA_rank	2.52709725924155e-09	0.000580816791700595	0.000708151273165587
BM.GSR.TRAN.ZS_ratioavg2	2.51970184504817e-09	0.000399531777845937	0.000557480789513334
BM.KLT.DINV.CD.WD_lag1	2.51487235439765e-09	0.000507643022667449	0.000467078499321983
BX.GSR.NFSV.CD_max2	2.43931920802044e-09	6.26025585478246e-05	9.04022901913515e-05
TM.VAL.TRVL.ZS.WT_delta1	2.37121804798587e-09	0.000109085895433634	0.000226005725478379
SP.DYN.TO65.MA.ZS_delta1	2.36509719874022e-09	8.18706514182328e-05	0.000241072773843604
BX.GSR.GNFS.CD_rank	2.36280854786293e-09	8.54693613706826e-06	1.50670483652253e-05
NE.CON.PRVT.KD	2.35813390827446e-09	7.45232852653145e-05	7.53352418261263e-05
DT.ODA.ALLD.CD_tend2	2.34959787528202e-09	0.000348400107271546	0.000452011450956758
EN.GHG.CO2.RT.GDP.KD_max2	2.32597847689288e-09	4.6108471265763e-05	0.000135603435287027
DC.DAC.GBRL.CD_tend2	2.32332347117889e-09	0.000220795850207597	0.000632816031339461
NE.CON.GOVT.CD_ratioavg2	2.30592121280579e-09	0.000612005611288493	0.000738285369896037
SE.SEC.ENRL.GC.FE.ZS_isNA_rank	2.29345110583406e-09	0.000340527929250562	0.000436944402591532
SP.POP.1014.MA.5Y_rank	2.22327955675656e-09	2.33916146909237e-05	4.52011450956758e-05
DT.NFL.UNDP.CD_ratioavg2	2.22156866716324e-09	0.000354098064696258	0.000662950128069911
TM.VAL.FUEL.ZS.UN_isNA_rank	2.20789339254794e-09	0.000175512083305937	0.000346542112400181
NV.AGR.TOTL.KD.ZG_delta1	2.16446183275764e-09	0.000232266738181031	0.000527346692782884
BM.GSR.CMCP.ZS_lag1	2.15476395498115e-09	0.00131892719757285	0.00135603435287027
TM.VAL.MANF.ZS.UN_lag1	2.13803205824604e-09	0.000102938099264866	0.000195871628747928
MS.MIL.XPND.CD_avg2	2.11818228039825e-09	8.86182325790762e-05	0.000105469338556577
TX.VAL.OTHR.ZS.WT_rank	2.11039122003434e-09	4.6108471265763e-05	9.04022901913515e-05
FP.CPI.TOTL.ZG_ratiomax2	2.09922234739882e-09	0.000254233863515776	0.000361609160765406
NE.IMP.GNFS.KD_rank	2.08295731137312e-09	2.15922597146988e-05	1.50670483652253e-05
SH.MMR.DTHS	2.03612409116724e-09	0.000183909073194986	0.000195871628747928
SP.ADO.TFRT_delta1	2.00143055707208e-09	0.000258957170328367	0.00060268193460901
EG.ELC.NGAS.ZS_avg2	1.96993498873276e-09	3.82362932447791e-05	4.52011450956758e-05
DT.ODA.ALLD.CD_isNA_rank	1.94888240642911e-09	0.000238189614977771	0.000467078499321983
BX.GSR.NFSV.CD_tend2	1.91130590534478e-09	0.00108343661505942	0.00105469338556577
BX.TRF.PWKR.CD.DT	1.90059130705154e-09	0.000370892044474357	0.000482145547687208
NE.CON.TOTL.KD_ratioavg2	1.85518290425445e-09	6.54515372601807e-05	0.000105469338556577
NE.GDI.TOTL.ZS	1.85070727563256e-09	0.0001656156309367	0.000361609160765406
SP.DYN.LE00.MA.IN	1.84568253633182e-09	0.000171913373353487	0.000150670483652253
DC.DAC.TOTL.CD_rank	1.83367046503782e-09	8.99677488112449e-05	0.000120536386921802
BX.KLT.DINV.WD.GD.ZS_avg2	1.82023495149018e-09	0.000250110341695261	0.000376676209130631
NE.IMP.GNFS.KD.ZG_delta1	1.80833040761466e-09	0.00068870311715008	0.00135603435287027
BX.GSR.CMCP.ZS_lag1	1.79230888293303e-09	0.000116283315338534	0.000301340967304505
SP.POP.0509.FE.5Y_delta1	1.78687786237649e-09	0.000207450634133929	0.000376676209130631
EN.GHG.CO2.RT.GDP.KD_avg2	1.76067759080945e-09	9.59655987319946e-06	3.01340967304505e-05
TM.VAL.FOOD.ZS.UN_lag1	1.74516886410032e-09	9.22919156555354e-05	0.000180804580382703
ER.FSH.AQUA.MT_lag1	1.72792932830491e-09	3.79364007487416e-05	4.52011450956758e-05
NE.CON.TOTL.KD.ZG_rank	1.71771654556471e-09	7.06996559408366e-05	0.000120536386921802
BG.GSR.NFSV.GD.ZS_ratioavg2	1.69855300329188e-09	0.000146422511190301	0.000331475064034956
BX.TRF.PWKR.DT.GD.ZS_isNA_rank	1.68084754378053e-09	0.000103237991760904	0.000271206870574055
BX.GSR.MRCH.CD_ratioavg2	1.67771130415407e-09	0.000283398408755421	0.000557480789513334
SP.POP.0014.MA.IN_lag1	1.66954535543156e-09	2.16672328387081e-05	4.52011450956758e-05
SP.POP.1014.MA.5Y_lag1	1.66286631325586e-09	2.264188345083e-05	6.0268193460901e-05
BM.GSR.NFSV.CD_avg2	1.619982064808e-09	5.98285529594779e-05	4.52011450956758e-05
SM.POP.NETM_rank	1.59887105596241e-09	0.000161192216620147	0.000165737532017478
AG.LND.ARBL.HA_tend2	1.5733965696622e-09	0.000327857471292978	0.000527346692782884
BX.GSR.MRCH.CD_lag1	1.57092042850349e-09	0.000106536809217316	0.000105469338556577
TX.VAL.MRCH.WL.CD_delta1	1.56081472873745e-09	0.000370142313234263	0.000482145547687208
NE.CON.PRVT.KD.ZG_ratiomax2	1.55434929142095e-09	5.15065361944377e-05	0.000105469338556577
SP.POP.GROW	1.53635677798536e-09	0.000168164717153019	0.000210938677113154
TM.VAL.MRCH.R2.ZS_lag1	1.52760608638768e-09	0.000243887572402483	0.000421877354226307
NE.EXP.GNFS.ZS_isNA_rank	1.52410054860774e-09	0.000139824876277476	0.000421877354226307
NE.IMP.GNFS.CD_isNA_rank	1.51047028591187e-09	0.000263380584644919	0.000527346692782884
IS.AIR.DPRT_lag1	1.47569932504221e-09	8.21705439142703e-05	9.04022901913515e-05
SE.SEC.ENRL.GC.FE.ZS_rank	1.4684377298018e-09	0.000136900924441111	0.000165737532017478
FS.AST.PRVT.GD.ZS_ratioavg2	1.43626240435201e-09	0.000301691851013708	0.000421877354226307
DT.ODA.ALLD.CD_lag1	1.43425928069893e-09	5.03069662102878e-05	9.04022901913515e-05
EN.GHG.CH4.TR.MT.CE.AR5	1.40804240550508e-09	2.97643302317202e-05	4.52011450956758e-05
DC.DAC.FRAL.CD_ratioavg2	1.37887723418975e-09	0.000260456632808554	0.000557480789513334
ER.FSH.PROD.MT_lag1	1.3708618135839e-09	0.000301916770385736	0.000256139822208829
NV.IND.TOTL.CD_delta1	1.37085245985501e-09	0.000131277940140408	0.000195871628747928
EN.GHG.CO2.PI.MT.CE.AR5_lag1	1.34876425484109e-09	0.000137950548177242	0.000135603435287027
IS.AIR.GOOD.MT.K1_rank	1.34587678273886e-09	0.000266004643985247	0.00028627391893928
BX.TRF.PWKR.CD.DT_lag1	1.34020195888445e-09	5.83290904792904e-05	0.000105469338556577
SP.POP.0509.MA.5Y_delta1	1.3231097740951e-09	0.000350049515999752	0.000452011450956758
FM.LBL.BMNY.GD.ZS_lag1	1.29269321795062e-09	0.000192605955580073	0.00031640801566973
NY.GSR.NFCY.CD_isNA_rank	1.29072048725495e-09	0.000542880390951854	0.000934156998643966
TX.VAL.MRCH.R3.ZS_lag1	1.28507236198149e-09	7.93965383259236e-05	0.000195871628747928
NV.IND.MANF.ZS_rank	1.2806323402747e-09	3.84612126168072e-05	9.04022901913515e-05
TM.VAL.INSF.ZS.WT_isNA_rank	1.27580293153721e-09	0.000187807675643474	0.000436944402591532
NE.GDI.FTOT.CD_isNA_rank	1.25995606344872e-09	0.000153020146103126	0.000346542112400181
NE.DAB.TOTL.CD_max2	1.25720522451207e-09	3.14887120839357e-05	3.01340967304505e-05
BX.KLT.DINV.WD.GD.ZS	1.25398970566506e-09	0.00041227720892753	0.000557480789513334
FM.LBL.BMNY.GD.ZS_tend2	1.25136291972656e-09	0.000929066952724122	0.00146150369142685
DC.DAC.FRAL.CD_rank	1.23195827811572e-09	0.000243212814286399	0.000226005725478379
NE.CON.TOTL.CD_ratioavg2	1.22707583699196e-09	0.000238789399969846	0.00031640801566973
TX.VAL.TRVL.ZS.WT	1.22324770315413e-09	0.000634872414111351	0.000858821756817839
SE.PRM.TCHR	1.20352335038569e-09	4.83576649860441e-05	0.000135603435287027
DT.NFL.UNDP.CD_avg2	1.18967914356012e-09	6.02034185795247e-05	7.53352418261263e-05
BM.TRF.PWKR.CD.DT_lag1	1.17172910575184e-09	0.00036931760887016	0.000421877354226307
BX.PEF.TOTL.CD.WD_avg2	1.15974536780785e-09	0.000336329434306037	0.000406810305861082
TX.VAL.MRCH.RS.ZS_rank	1.15402380726566e-09	6.44019135240495e-05	0.000135603435287027
SP.POP.80UP.MA.5Y_rank	1.14019883514619e-09	8.78685013389825e-05	9.04022901913515e-05
ER.FSH.AQUA.MT_max2	1.12926555815245e-09	6.11030960676372e-05	4.52011450956758e-05
SP.POP.65UP.MA.ZS_rank	1.11796028320154e-09	5.28560524266064e-05	7.53352418261263e-05
TM.VAL.OTHR.ZS.WT_rank	1.09333011591888e-09	6.01284454555153e-05	9.04022901913515e-05
NY.GDP.FCST.CD_isNA_rank	1.08334958392903e-09	0.000262780799652844	0.000587614886243785
TX.VAL.MMTL.ZS.UN_isNA_rank	1.06989949585427e-09	0.000178511008266312	0.00031640801566973
NE.GDI.FTOT.CD_rank	1.06584601738805e-09	9.70152224681257e-05	9.04022901913515e-05
AG.SRF.TOTL.K2_tend2	1.04326892567483e-09	0.000144323263718039	0.000120536386921802
TX.VAL.MRCH.R4.ZS	1.01969619307251e-09	0.00012992842390824	0.000256139822208829
EN.GHG.N2O.IC.MT.CE.AR5_ratioavg2	1.01915319385562e-09	0.00118869888116857	0.00114509567575712
BM.GSR.TOTL.CD	1.00385659106117e-09	3.72616426326573e-05	4.52011450956758e-05
BX.KLT.DINV.WD.GD.ZS_min2	9.84216087773792e-10	0.000452912642140609	0.000557480789513334
NE.CON.GOVT.ZS_isNA_rank	9.82368867254258e-10	0.000170563857121318	0.000452011450956758
AG.PRD.LVSK.XD_rank	9.72463925089511e-10	0.000270802923921847	0.000421877354226307
EG.ELC.PETR.ZS_tend2	9.55353123302596e-10	0.000131802752008474	0.000331475064034956
NE.CON.TOTL.KD_delta1	9.460327550167e-10	7.38485271492302e-05	6.0268193460901e-05
NE.DAB.TOTL.CD_tend2	9.30782463522506e-10	0.000133527133860689	0.000195871628747928
EN.GHG.CH4.BU.MT.CE.AR5_tend2	9.29046849058101e-10	0.000494072887221753	0.000647883079704686
BM.GSR.TRVL.ZS_rank	9.23873430649751e-10	3.6811803888601e-05	9.04022901913515e-05
NY.ADJ.AEDU.GN.ZS_isNA_rank	9.15625278607465e-10	0.000830702214023828	0.0013711014012355
NV.IND.MANF.KD_lag1	9.14997377753099e-10	8.32201676504015e-06	3.01340967304505e-05
NE.TRD.GNFS.ZS_isNA_rank	9.01329943877807e-10	0.000566871790634852	0.000994425192104867
TX.VAL.MRCH.OR.ZS_delta1	8.98137638674292e-10	0.00106956658711768	0.00153683893325298
TX.VAL.MRCH.R2.ZS_rank	8.93285036274563e-10	3.35879595561981e-05	0.000120536386921802
SE.PRM.ENRL_isNA_rank	8.92958389455614e-10	0.000116283315338534	0.000271206870574055
SP.RUR.TOTL	8.90949666383574e-10	6.3502236035937e-05	0.000135603435287027
SE.PRM.ENRL_lag1	8.83707234463389e-10	0.000404929842774611	0.000798553563356938
NE.CON.PRVT.CD_ratioavg2	8.7762719195249e-10	0.000126704579575837	0.000301340967304505
EN.GHG.CO2.MT.CE.AR5_tend2	8.74430918213291e-10	0.0010440757249545	0.00091908995027874
TM.VAL.OTHR.ZS.WT	8.49560564334645e-10	0.000652041259509497	0.000858821756817839
NE.CON.PRVT.KD_tend2	8.34141752904687e-10	0.000134201891976774	0.000195871628747928
NV.AGR.TOTL.KD.ZG_lag1	8.1778614678876e-10	0.000223869748291981	0.000497212596052433
AG.LND.ARBL.HA_min2	8.12083229304782e-10	2.27168565748393e-05	6.0268193460901e-05
DT.ODA.ODAT.GN.ZS_rank	8.10896888210882e-10	0.000182559556962818	0.000150670483652253
FM.LBL.BMNY.GD.ZS_min2	7.91657453582918e-10	0.000171313588361412	0.000241072773843604
TX.VAL.FUEL.ZS.UN_delta1	7.81451448760555e-10	0.00109670685800908	0.00156697302998343
FM.LBL.BMNY.GD.ZS	7.66229418538579e-10	0.000279649752554953	0.000346542112400181
BX.GSR.MRCH.CD_isNA_rank	7.62735639071515e-10	0.000335279810569906	0.000753352418261263
NE.GDI.FTOT.ZS_isNA_rank	7.32220257591416e-10	0.000114783852858347	0.00031640801566973
BX.GSR.TRAN.ZS_max2	7.15941169557914e-10	7.30987959091365e-05	0.000180804580382703
NE.EXP.GNFS.KD.ZG_lag1	7.08293997436304e-10	0.000155194366699397	0.00031640801566973
EG.USE.PCAP.KG.OE_min2	7.06087430315432e-10	0.000948784884338587	0.000587614886243785
NY.GDP.MKTP.KD.ZG_rank	7.03328009897546e-10	0.000167564932160944	0.000241072773843604
NE.GDI.FTOT.CD	6.97371808509328e-10	4.91823693501472e-05	4.52011450956758e-05
TX.VAL.MRCH.R3.ZS_rank	6.90229988221993e-10	0.00011800769719075	0.000150670483652253
NE.IMP.GNFS.CD_delta1	6.83625937451651e-10	5.3380864294672e-05	7.53352418261263e-05
BM.GSR.NFSV.CD_lag1	6.75041074823578e-10	3.14137389599263e-05	6.0268193460901e-05
SE.PRM.ENRR.FE_lag1	6.67465247479595e-10	8.44197376345515e-05	0.000195871628747928
BM.KLT.DINV.CD.WD_max2	6.63957697450585e-10	0.000104362588621044	0.000180804580382703
DT.ODA.ODAT.GN.ZS_tend2	6.48048232854905e-10	9.30416468956291e-05	0.000271206870574055
TM.VAL.FUEL.ZS.UN_lag1	6.4624456737673e-10	0.00334957426136666	0.00216965496459244
NE.CON.PRVT.KD.ZG_rank	6.30361462144405e-10	0.000239089292465883	0.000346542112400181
PA.NUS.ATLS_rank	6.04464027445982e-10	8.0896000806111e-05	9.04022901913515e-05
PA.NUS.ATLS_delta1	5.94045578577699e-10	0.00879479728504325	0.00709657978002109
SE.SEC.DURS	5.83002361405163e-10	9.2216942531526e-06	3.01340967304505e-05
FI.RES.TOTL.MO_avg2	5.80582815073546e-10	0.000166965147168869	0.000165737532017478
BX.GRT.TECH.CD.WD	5.77639854106276e-10	0.00027875007506684	0.000527346692782884
DC.DAC.TOTL.CD_lag1	5.73800779313999e-10	6.82255428485274e-05	0.000105469338556577
TX.VAL.MRCH.RS.ZS_lag1	5.6966590625783e-10	3.43376907962918e-05	6.0268193460901e-05
NE.IMP.GNFS.KD_lag1	5.48215972445172e-10	8.80184475870012e-05	7.53352418261263e-05
EN.POP.DNST_max2	5.47170459194119e-10	0.000474879767475354	0.00028627391893928
BX.GSR.GNFS.CD_avg2	5.43203607005847e-10	2.08425284746051e-05	1.50670483652253e-05
ER.FSH.AQUA.MT_ratioavg2	5.34548021380996e-10	0.000455461728356927	0.00060268193460901
SE.SEC.ENRR.MA_rank	5.3086689442983e-10	4.10852719571352e-05	9.04022901913515e-05
TM.VAL.MRCH.AL.ZS_rank	5.19878324544783e-10	2.09924747226238e-05	6.0268193460901e-05
TX.VAL.MRCH.R4.ZS_delta1	5.14455319862939e-10	0.000730613093471318	0.00111496157902667
EN.GHG.CH4.FE.MT.CE.AR5	5.13352118306519e-10	0.000144248290594029	0.000195871628747928
SE.PRM.TCHR_isNA_rank	5.08925293601863e-10	0.000148146893042517	0.000180804580382703
DC.DAC.JPNL.CD_min2	5.07674224005738e-10	0.000294869296728855	0.000452011450956758
NV.SRV.TOTL.KD.ZG_isNA_rank	5.06285632611057e-10	0.000280774349415093	0.000587614886243785
BM.KLT.DINV.CD.WD_min2	5.03638997097468e-10	0.00100861343729806	0.000934156998643966
BX.GRT.TECH.CD.WD_avg2	5.00686560794285e-10	5.2181294310522e-05	9.04022901913515e-05
TX.VAL.MRCH.WR.ZS_lag1	4.99178017122491e-10	0.000164191141580522	0.000226005725478379
SH.DYN.NMRT_rank	4.75985784151424e-10	3.28382283161044e-05	3.01340967304505e-05
EG.ELC.PETR.ZS_min2	4.73562584623626e-10	5.32309180466532e-05	0.000105469338556577
FS.AST.PRVT.GD.ZS_isNA_rank	4.69921687054382e-10	0.000167340012788916	0.000361609160765406
FI.RES.TOTL.MO_isNA_rank	4.51326062154885e-10	0.000161792001612222	0.000361609160765406
EN.GHG.CO2.MT.CE.AR5_max2	4.4872486567749e-10	2.07675553505957e-05	3.01340967304505e-05
EN.GHG.CH4.BU.MT.CE.AR5_min2	4.45747607962574e-10	8.58442269907295e-05	0.000120536386921802
NE.CON.PRVT.KD_max2	4.45590314826832e-10	1.17707804694712e-05	3.01340967304505e-05
SP.RUR.TOTL_delta1	4.4409360839945e-10	5.63048161310374e-05	0.000120536386921802
NV.IND.MANF.CD_rank	4.32314138743232e-10	4.18350031972289e-05	6.0268193460901e-05
DC.DAC.GBRL.CD	4.20621462343903e-10	0.000391584626700943	0.000708151273165587
MS.MIL.XPND.GD.ZS_avg2	4.20091580153283e-10	7.27239302890896e-05	0.000105469338556577
FM.AST.DOMS.CN_lag1	4.19795178381696e-10	0.000120256890911031	0.000150670483652253
EN.GHG.CH4.FE.MT.CE.AR5_delta1	4.1811992340418e-10	1.73187916461646e-05	3.01340967304505e-05
ER.H2O.INTR.PC_min2	4.17007780113734e-10	4.07104063370883e-05	6.0268193460901e-05
BM.GSR.GNFS.CD_lag1	4.16645866598218e-10	5.57050311389625e-05	6.0268193460901e-05
AG.LND.ARBL.HA.PC	4.10987248227135e-10	0.000221395635199672	0.000301340967304505
NE.IMP.GNFS.KD_delta1	3.97789630527409e-10	0.00143033725985078	0.00140123549796595
BM.GSR.NFSV.CD_tend2	3.9131042514197e-10	0.000143723478725964	0.000210938677113154
NE.GDI.FTOT.CD_delta1	3.88747008566718e-10	0.00015969275413996	0.000301340967304505
SE.PRM.ENRR_isNA_rank	3.88536518475828e-10	0.000687278627793902	0.000783486514991713
IT.MLT.MAIN	3.86717592758884e-10	7.79720489697456e-05	0.000120536386921802
TM.VAL.TRVL.ZS.WT_lag1	3.86501948958158e-10	0.000257532680972189	0.000376676209130631
MS.MIL.XPND.GD.ZS_min2	3.83196995026908e-10	0.00011673315408259	0.000271206870574055
SE.PRM.DURS_rank	3.82917134549627e-10	0.00040627935900678	0.000331475064034956
AG.YLD.CREL.KG_delta1	3.77486634120848e-10	1.56693829179585e-05	3.01340967304505e-05
NE.EXP.GNFS.KD_lag1	3.73721247914132e-10	2.81898946275234e-05	3.01340967304505e-05
DT.ODA.ALLD.CD_ratioavg2	3.70614952884966e-10	0.000126179767707771	0.000256139822208829
SP.POP.GROW_rank	3.69029957619553e-10	0.000189682003743708	0.000195871628747928
TX.VAL.MRCH.AL.ZS_rank	3.68830010741919e-10	2.01677703585207e-05	6.0268193460901e-05
AG.LND.CROP.ZS_min2	3.68824110932486e-10	3.90609976088822e-05	0.000105469338556577
AG.LND.TOTL.K2_ratioavg2	3.64114601656937e-10	2.17422059627175e-05	1.50670483652253e-05
NY.ADJ.NNTY.CD_rank	3.35342887120834e-10	7.92465920779049e-05	0.000105469338556577
MS.MIL.XPND.CD_max2	3.33138002806767e-10	0.000119207267174899	0.000165737532017478
SP.POP.TOTL.MA.ZS_delta1	3.1312735712572e-10	7.00248978247523e-05	4.52011450956758e-05
SE.PRM.TCHR_lag1	3.02404957137934e-10	0.000307614727810448	0.00057254783787856
SG.LAW.INDX_lag1	2.94109639235229e-10	4.04105138410508e-05	3.01340967304505e-05
BM.GSR.INSF.ZS_avg2	2.85452036118748e-10	0.000104662481117082	0.000210938677113154
IS.AIR.DPRT_avg2	2.83239992803259e-10	3.14887120839357e-05	3.01340967304505e-05
IT.MLT.MAIN_avg2	2.81670064239559e-10	3.12637927119076e-05	3.01340967304505e-05
TX.VAL.TRAN.ZS.WT	2.70576551765485e-10	0.000104362588621044	0.000210938677113154
NE.CON.GOVT.ZS_rank	2.70273201628425e-10	0.000102563233644819	0.000120536386921802
TX.VAL.TRVL.ZS.WT_delta1	2.66579168428493e-10	0.000178211115770274	0.000436944402591532
ER.FSH.PROD.MT_ratioavg2	2.62224006572642e-10	0.0015113832069049	0.00167244236854
AG.LND.AGRI.ZS_avg2	2.4465809240485e-10	4.31095463053882e-05	6.0268193460901e-05
TX.VAL.MRCH.R6.ZS_lag1	2.39933857245061e-10	9.19170500354885e-05	0.000210938677113154
TM.VAL.INSF.ZS.WT_delta1	2.38939957977086e-10	0.000101363663660669	0.000241072773843604
FD.AST.PRVT.GD.ZS_avg2	2.34854157871243e-10	6.99499247007429e-05	6.0268193460901e-05
BX.GSR.NFSV.CD_ratioavg2	2.34486709147909e-10	0.000240138916202015	0.000497212596052433
BM.GSR.CMCP.ZS_rank	2.3446085769004e-10	9.17671037874698e-05	0.000180804580382703
AG.LND.PRCP.MM	2.3340747244189e-10	1.97929047384739e-05	4.52011450956758e-05
TM.VAL.MRCH.HI.ZS_rank	2.29284657409597e-10	2.69903246433735e-05	7.53352418261263e-05
IT.MLT.MAIN_ratiomax2	2.26510840287414e-10	1.96429584904551e-05	4.52011450956758e-05
SE.SEC.ENRR.FE_isNA_rank	2.23796498472961e-10	0.000497746570298212	0.000783486514991713
NY.ADJ.NNTY.CD	2.22932928845566e-10	0.000681655643493199	0.000512279644417659
TM.VAL.MRCH.R5.ZS_delta1	2.18542176674813e-10	0.00017273807771759	0.000497212596052433
BX.GSR.TRAN.ZS_lag1	2.11327616394891e-10	8.78685013389825e-05	0.000195871628747928
AG.LND.AGRI.ZS_lag1	2.06791567298266e-10	6.15529348116934e-05	9.04022901913515e-05
NE.CON.TOTL.KD_isNA_rank	2.0355171944103e-10	6.84504622205555e-05	0.000195871628747928
BM.GSR.FCTY.CD_min2	1.99715923492957e-10	6.52266178881526e-05	0.000105469338556577
SP.POP.2529.MA.5Y_rank	1.91252775095183e-10	5.39056761627376e-05	7.53352418261263e-05
EN.GHG.CO2.IP.MT.CE.AR5_lag1	1.87862441607712e-10	5.99784992074966e-06	1.50670483652253e-05
EG.ELC.HYRO.ZS_avg2	1.8588137056365e-10	1.08711029813588e-05	3.01340967304505e-05
FI.RES.TOTL.CD_avg2	1.85675862452749e-10	5.06818318303346e-05	4.52011450956758e-05
AG.PRD.FOOD.XD_ratioavg2	1.835382808099e-10	0.000275901096354484	0.000497212596052433
NE.RSB.GNFS.CD	1.80869955642893e-10	0.000347275510411405	0.000467078499321983
IT.MLT.MAIN_lag1	1.80030221432349e-10	1.54444635459304e-05	1.50670483652253e-05
AG.LND.AGRI.ZS_tend2	1.77508739060691e-10	0.000108261191069531	0.000135603435287027
BM.GSR.INSF.ZS_rank	1.77105423126191e-10	5.95286604634404e-05	0.000135603435287027
NE.EXP.GNFS.ZS_rank	1.76343372701068e-10	0.000273127090766138	0.000271206870574055
EN.URB.LCTY_min2	1.72418477187679e-10	6.04283379515528e-05	4.52011450956758e-05
NE.DAB.TOTL.CD_rank	1.70079283568264e-10	8.32201676504015e-06	1.50670483652253e-05
IS.AIR.DPRT_ratioavg2	1.67764700340047e-10	0.000251459857927429	0.000482145547687208
MS.MIL.XPND.GD.ZS_lag1	1.67205588101912e-10	0.000189607030619699	0.000391743257495857
EG.ELC.NUCL.ZS_ratioavg2	1.6589011066335e-10	0.000588838915969598	0.000723218321530812
EG.ELC.HYRO.ZS_lag1	1.65007963106101e-10	3.22384433240294e-05	7.53352418261263e-05
SP.POP.6569.FE.5Y_rank	1.64431832726458e-10	3.34380133081794e-05	4.52011450956758e-05
EG.USE.ELEC.KH.PC_isNA_rank	1.57445617469646e-10	9.37913781357228e-05	0.000256139822208829
NY.GNP.PCAP.CN	1.51011998899144e-10	0.00075303005755012	0.000467078499321983
SH.DTH.MORT_delta1	1.50178978799388e-10	0.0016577307449712	0.00135603435287027
NY.ADJ.DFOR.CD	1.49627996698558e-10	8.99677488112449e-05	0.000105469338556577
NE.IMP.GNFS.CN	1.4572340376259e-10	0.000225369210772168	0.000256139822208829
DC.DAC.JPNL.CD_rank	1.43490659066814e-10	0.000610206256312269	0.000557480789513334
SP.DYN.AMRT.MA_delta1	1.3802835241656e-10	0.000120706729655087	0.00031640801566973
DC.DAC.CECL.CD_ratiomax2	1.31693653134214e-10	4.25847344373226e-05	0.000105469338556577
TG.VAL.TOTL.GD.ZS_rank	1.29673870826247e-10	0.000440092237935006	0.000482145547687208
BX.TRF.PWKR.DT.GD.ZS_max2	1.23253760086635e-10	5.27061061785876e-05	0.000105469338556577
NE.CON.PRVT.ZS_isNA_rank	1.2103730605669e-10	0.00184711285621887	0.00186831399728793
DT.ODA.ODAT.KD_ratiomax2	1.2061879226946e-10	8.54693613706826e-06	1.50670483652253e-05
SE.SEC.DURS_rank	1.20362343802801e-10	0.000309189163414645	0.000301340967304505
EN.GHG.CO2.BU.MT.CE.AR5	1.18544522367424e-10	0.000135026596340877	0.000135603435287027
IT.MLT.MAIN_max2	1.16109926539784e-10	4.42341431655287e-06	1.50670483652253e-05
SE.SEC.ENRL.GC_isNA_rank	1.10910466350602e-10	0.00035867142526083	0.000527346692782884
SH.DTH.NMRT	1.08660990218671e-10	7.57978283734738e-05	9.04022901913515e-05
EG.ELC.NGAS.ZS_rank	1.08457014354756e-10	3.88360782368541e-05	7.53352418261263e-05
TX.VAL.MRCH.WL.CD	1.08441664330065e-10	4.37093312974631e-05	4.52011450956758e-05
SP.POP.65UP.MA.IN_delta1	1.02479447924921e-10	1.77686303902209e-05	3.01340967304505e-05
SP.POP.65UP.MA.ZS_delta1	1.01576286076526e-10	0.000226493807632309	0.00031640801566973
EG.ELC.NGAS.ZS_ratioavg2	9.95665896432829e-11	0.000248760825463092	0.000331475064034956
EN.GHG.CH4.IC.MT.CE.AR5_avg2	9.83892771051232e-11	1.73187916461646e-05	1.50670483652253e-05
AG.PRD.FOOD.XD_tend2	9.60725681407204e-11	0.00027290217139411	0.000436944402591532
BX.TRF.PWKR.CD.DT_rank	9.51422481027343e-11	2.15922597146988e-05	6.0268193460901e-05
NY.GDP.FCST.CN_isNA_rank	8.76775477056849e-11	0.000419249709460401	0.000587614886243785
EG.USE.ELEC.KH.PC_ratioavg2	8.35519117510473e-11	0.000624226230502021	0.000843754708452614
AG.LND.CREL.HA_ratioavg2	8.03589039726475e-11	0.000208725177242088	0.000497212596052433
NE.CON.PRVT.PC.KD_rank	7.50661333392028e-11	7.72223177296519e-06	1.50670483652253e-05
DC.DAC.TOTL.CD_min2	7.42214125544139e-11	0.00011313444413014	0.000165737532017478
IT.CEL.SETS.P2_max2	7.09654722424729e-11	2.63905396512985e-05	4.52011450956758e-05
EN.URB.MCTY.TL.ZS	6.96821161863312e-11	0.000511991463859993	0.000557480789513334
NE.CON.GOVT.CD_min2	6.96060551947877e-11	2.49660502951205e-05	1.50670483652253e-05
EN.GHG.CO2.MT.CE.AR5	6.84122246024347e-11	8.50944957506358e-05	0.000105469338556577
DT.NFL.UNDP.CD_min2	6.70233157015183e-11	5.93037410914123e-05	0.000150670483652253
DT.ODA.ODAT.PC.ZS_lag1	6.67859167089104e-11	7.15243603049397e-05	0.000150670483652253
FP.CPI.TOTL.ZG_rank	6.67414265197226e-11	0.000244112491774511	0.000301340967304505
NV.IND.MANF.KD_rank	6.49331684320924e-11	1.31952698256493e-05	3.01340967304505e-05
ER.H2O.INTR.PC	6.48500686198115e-11	0.000493173209733641	0.00031640801566973
EN.GHG.CO2.BU.MT.CE.AR5_lag1	6.20438499915721e-11	8.82433669590294e-05	9.04022901913515e-05
SP.POP.2529.MA.5Y	6.18174489356586e-11	5.90038485953748e-05	0.000105469338556577
NY.GDP.FRST.RT.ZS_delta1	6.12666932956996e-11	0.000230242463832778	0.000497212596052433
EN.GHG.CO2.RT.GDP.KD_min2	6.043882154368e-11	4.10852719571352e-05	0.000135603435287027
SE.SEC.ENRL.GC_lag1	5.91563917051166e-11	0.000152945172979116	0.000301340967304505
BX.GSR.TOTL.CD	5.6921258682805e-11	4.02605675930321e-05	4.52011450956758e-05
DC.DAC.USAL.CD_lag1	5.632898290474e-11	8.3520060146439e-05	0.000226005725478379
EG.ELC.COAL.ZS_ratioavg2	5.45499655283091e-11	8.83933132070481e-05	0.000150670483652253
NY.GDP.PCAP.KN	5.3929833215527e-11	0.000483951515480488	0.000391743257495857
FP.CPI.TOTL_ratioavg2	5.28395432525009e-11	8.92180175711512e-05	0.000120536386921802
NY.GDP.PETR.RT.ZS_isNA_rank	5.04721487228532e-11	0.000583140958544886	0.00100949224047009
EN.GHG.N2O.BU.MT.CE.AR5_max2	4.94786947726749e-11	1.22206192135274e-05	3.01340967304505e-05
AG.CON.FERT.ZS_ratioavg2	4.75787370035277e-11	0.000390535002964812	0.000798553563356938
SP.POP.TOTL.MA.IN_delta1	4.66065113668688e-11	7.0174844072771e-05	6.0268193460901e-05
NV.IND.MANF.KD	4.62178963358705e-11	0.000118982347802871	0.000165737532017478
NE.IMP.GNFS.KD.ZG_isNA_rank	4.55991852958326e-11	0.000729413523487168	0.000768419466626488
NE.IMP.GNFS.ZS_delta1	4.55417994604811e-11	0.000411152612067389	0.000723218321530812
DT.ODA.ODAT.KD_tend2	4.37182339868876e-11	4.74579874979317e-05	7.53352418261263e-05
TM.VAL.SERV.CD.WT_rank	4.36666161011264e-11	6.29774241678714e-06	1.50670483652253e-05
NY.GDP.COAL.RT.ZS	4.31699545752162e-11	0.000108261191069531	0.000195871628747928
NE.CON.TOTL.KD.ZG_tend2	4.23353858115229e-11	0.00049092401601336	0.000708151273165587
NY.GDS.TOTL.CD	4.21260867395158e-11	0.000122955923375368	0.000120536386921802
FS.AST.PRVT.GD.ZS_max2	4.00307671120194e-11	0.000159017996023875	0.000241072773843604
TX.VAL.MRCH.AL.ZS_lag1	3.98059396337702e-11	6.84504622205555e-05	0.000150670483652253
SH.DYN.MORT_delta1	3.96652428092248e-11	0.000190731627479839	0.000180804580382703
EN.GHG.CH4.FE.MT.CE.AR5_lag1	3.87880600780144e-11	3.20135239520013e-05	4.52011450956758e-05
AG.LND.ARBL.ZS_ratioavg2	3.68408634071229e-11	0.00012393057398749	0.000180804580382703
NV.AGR.TOTL.KD.ZG_isNA_rank	3.57293930309048e-11	0.00144098344346011	0.002742202802471
IS.AIR.PSGR_lag1	3.56651322758759e-11	5.63797892550468e-05	9.04022901913515e-05
PA.NUS.FCRF_rank	3.39132989269952e-11	2.8714706495589e-05	3.01340967304505e-05
TM.VAL.MRCH.R5.ZS	3.37189627594353e-11	0.000569645796223199	0.000753352418261263
NY.ADJ.DFOR.GN.ZS	3.30437265026579e-11	9.29666737716197e-06	1.50670483652253e-05
EN.URB.LCTY.UR.ZS	3.26403205778743e-11	0.000134201891976774	0.000150670483652253
DT.NFL.UNDP.CD	3.21657893734732e-11	0.000563123134434384	0.000662950128069911
EN.GHG.N2O.BU.MT.CE.AR5_delta1	3.13763665050874e-11	8.5544334494692e-05	0.000120536386921802
EN.GHG.CH4.AG.MT.CE.AR5_max2	3.12993726082775e-11	1.23705654615462e-05	3.01340967304505e-05
NE.CON.PRVT.PC.KD_ratioavg2	3.09597958526332e-11	6.97250053287148e-05	0.000195871628747928
NY.GDP.MKTP.CD_isNA_rank	3.05391683188209e-11	0.000938288646977275	0.00146150369142685
BM.GSR.GNFS.CD	2.97611290912731e-11	8.02962158140361e-05	0.000150670483652253
SP.POP.3034.FE.5Y_rank	2.92409373092292e-11	1.54444635459304e-05	3.01340967304505e-05
EN.GHG.ALL.PC.CE.AR5_tend2	2.90584177234763e-11	0.00037291631882261	0.000527346692782884
FS.AST.PRVT.GD.ZS_lag1	2.89105381931539e-11	9.37913781357228e-05	0.000135603435287027
MS.MIL.MPRT.KD_rank	2.86188613563688e-11	0.000161492109116185	0.000331475064034956
DC.DAC.GBRL.CD_avg2	2.82969650165122e-11	3.58371532764792e-05	0.000105469338556577
BM.GSR.INSF.ZS_lag1	2.78594966224275e-11	0.000218696602735334	0.000361609160765406
SP.POP.1564.MA.ZS	2.74986826967195e-11	0.00186270726601282	0.00111496157902667
BX.GSR.GNFS.CD	2.64460256615694e-11	5.29310255506158e-05	4.52011450956758e-05
BX.GSR.NFSV.CD	2.4295945696406e-11	0.000145447860578179	0.000150670483652253
EG.ELC.FOSL.ZS	2.2545661480981e-11	0.000100239066800529	0.000135603435287027
TX.VAL.MRCH.AL.ZS	2.22465614885532e-11	8.77935282149731e-05	0.000150670483652253
TX.VAL.TRVL.ZS.WT_lag1	2.21484451258102e-11	0.000420374306320542	0.000693084224800362
AG.LND.CREL.HA_lag1	2.18880556665721e-11	0.000487625198556947	0.00031640801566973
DC.DAC.CECL.CD_min2	2.12803323616916e-11	9.55907331119477e-05	0.000256139822208829
FP.CPI.TOTL_avg2	2.08881087206847e-11	0.00014897159740662	0.000195871628747928
NE.EXP.GNFS.CD_tend2	2.07966839868689e-11	0.000138325413797289	0.000165737532017478
NE.EXP.GNFS.CN_lag1	2.07789969726012e-11	0.000372466480078554	0.00031640801566973
AG.PRD.LVSK.XD_delta1	2.06304450918978e-11	6.36521822839558e-05	9.04022901913515e-05
SP.POP.1564.FE.IN_delta1	2.02698572993438e-11	0.000832576542124062	0.000904022901913515
BM.TRF.PWKR.CD.DT_avg2	1.95817406791669e-11	7.3398688405174e-05	0.000105469338556577
SP.URB.TOTL.IN.ZS_lag1	1.94252263411106e-11	0.000151595656746948	0.000120536386921802
NY.GDP.PCAP.KN_delta1	1.93220401131327e-11	4.78328531179785e-05	0.000120536386921802
SP.POP.1564.TO.ZS_lag1	1.8979580850052e-11	0.000212848699062604	0.000120536386921802
SP.POP.1564.MA.ZS_lag1	1.87984841422867e-11	0.000278900021314859	0.000271206870574055
NY.ADJ.DFOR.CD_delta1	1.8371955595335e-11	0.00113764218371819	0.00146150369142685
IT.CEL.SETS_tend2	1.83357651591563e-11	0.000365868845165729	0.000391743257495857
NE.CON.PRVT.KD_min2	1.82524180284112e-11	6.59763491282463e-06	3.01340967304505e-05
NE.CON.TOTL.CD_tend2	1.62855145355029e-11	9.12422919194042e-05	0.000150670483652253
EN.GHG.CO2.RT.GDP.KD_lag1	1.51533273749406e-11	4.79827993659973e-05	0.000105469338556577
BX.KLT.DINV.WD.GD.ZS_ratioavg2	1.51403325321842e-11	0.000346900644791358	0.000708151273165587
NY.GDP.MKTP.KD_isNA_rank	1.47549188788934e-11	0.000721466372342175	0.000753352418261263
TM.VAL.AGRI.ZS.UN_lag1	1.46823959721059e-11	8.62940657347857e-05	0.000195871628747928
BX.KLT.DINV.CD.WD_ratiomax2	1.45445387007916e-11	4.54337131496787e-05	0.000105469338556577
IS.AIR.GOOD.MT.K1_isNA_rank	1.44649773225944e-11	0.000261956095288741	0.000361609160765406
NE.GDI.TOTL.CD	1.43522839176037e-11	0.000364669275181579	0.000271206870574055
EN.POP.DNST_rank	1.42877930193454e-11	4.41591700415194e-05	4.52011450956758e-05
NE.CON.TOTL.KD_tend2	1.42789411577007e-11	0.000108036271697503	0.000150670483652253
NV.AGR.TOTL.KD_rank	1.4132370529807e-11	6.59763491282463e-06	1.50670483652253e-05
SP.POP.6569.MA.5Y_lag1	1.38333610642063e-11	4.8132745614016e-05	4.52011450956758e-05
AG.LND.AGRI.ZS_max2	1.38018494068078e-11	5.06068587063253e-05	9.04022901913515e-05
FD.AST.PRVT.GD.ZS_rank	1.36748540499555e-11	0.000103088045512885	0.000135603435287027
BM.GSR.FCTY.CD_isNA_rank	1.26404393111862e-11	8.97428294392168e-05	0.000241072773843604
AG.PRD.CROP.XD_lag1	1.20684753322011e-11	0.000133602106984699	0.000241072773843604
AG.LND.ARBL.ZS_tend2	1.16560731352143e-11	8.43447645105421e-05	0.000150670483652253
SP.POP.1564.TO_delta1	1.15271345762093e-11	0.000145147968082142	0.000210938677113154
SP.POP.2024.FE.5Y_delta1	1.14046786696343e-11	0.000211874048450482	0.000421877354226307
EN.URB.MCTY.TL.ZS_max2	1.12582219071224e-11	8.77185550909638e-05	6.0268193460901e-05
NY.GDP.DEFL.ZS_rank	1.11618800371722e-11	0.000311213437762898	0.000542413741148109
DC.DAC.TOTL.CD_ratioavg2	1.10935159315279e-11	0.000305290560966158	0.000678017176435136
EN.GHG.N2O.WA.MT.CE.AR5_delta1	1.03227867609771e-11	0.000169514233385187	0.000195871628747928
BX.PEF.TOTL.CD.WD_rank	1.02917943830373e-11	4.01855944690227e-05	9.04022901913515e-05
EG.ELC.HYRO.ZS_min2	1.01232591365596e-11	2.80399483795047e-05	9.04022901913515e-05
BX.TRF.CURR.CD_avg2	9.81483146229077e-12	5.78042786112248e-05	7.53352418261263e-05
IS.AIR.PSGR_min2	9.78806209957009e-12	3.37379058042168e-05	6.0268193460901e-05
EN.GHG.CO2.PI.MT.CE.AR5_rank	9.72282363356072e-12	3.89860244848728e-06	1.50670483652253e-05
BM.GSR.CMCP.ZS_avg2	9.27896831809639e-12	0.00124635321353178	0.00111496157902667
BX.KLT.DINV.CD.WD_ratioavg2	8.76073490025823e-12	0.000279799698802972	0.000497212596052433
NY.ADJ.DFOR.CD_lag1	8.72771292062252e-12	0.000890155901363259	0.000587614886243785
NE.CON.TOTL.KD_max2	8.65630850391799e-12	1.04962373613119e-05	1.50670483652253e-05
BX.GSR.GNFS.CD_isNA_rank	8.60625428514296e-12	0.000132777402620596	0.000376676209130631
TX.VAL.MRCH.R5.ZS_rank	8.45991873426742e-12	2.4066372807008e-05	6.0268193460901e-05
EG.USE.ELEC.KH.PC_min2	8.22688883730516e-12	0.000960030852939992	0.000542413741148109
DT.ODA.ODAT.CD_lag1	7.98266328619378e-12	1.05712104853213e-05	3.01340967304505e-05
BM.TRF.PWKR.CD.DT_max2	7.96642092406272e-12	0.000126629606451827	0.000195871628747928
BM.GSR.GNFS.CD_ratioavg2	7.89224864812498e-12	0.000418350031972289	0.000753352418261263
SP.POP.0014.MA.ZS	7.8080551481432e-12	1.28204042056024e-05	1.50670483652253e-05
TM.VAL.MRCH.R3.ZS_rank	7.64481749387708e-12	9.85896580723225e-05	0.000210938677113154
EN.GHG.N2O.FE.MT.CE.AR5_lag1	7.64232729937076e-12	4.05604600890696e-05	6.0268193460901e-05
BX.KLT.DINV.WD.GD.ZS_max2	7.37371527226682e-12	0.000259332035948413	0.000497212596052433
IT.CEL.SETS_rank	7.31303842653376e-12	6.24526122998058e-05	7.53352418261263e-05
SH.STA.MMRT_rank	7.31065421132885e-12	2.24919372028112e-05	3.01340967304505e-05
BM.GSR.FCTY.CD_rank	7.2739294082681e-12	2.27918296988487e-05	6.0268193460901e-05
EN.GHG.CH4.AG.MT.CE.AR5_lag1	7.25902529921786e-12	8.38949257664859e-05	6.0268193460901e-05
EG.ELC.NGAS.ZS_lag1	7.10617750173207e-12	2.01677703585207e-05	6.0268193460901e-05
SP.POP.TOTL.FE.IN	7.00246850729919e-12	2.99892496037483e-06	1.50670483652253e-05
NE.DAB.TOTL.CD_min2	6.47804263264252e-12	1.56693829179585e-05	3.01340967304505e-05
NY.ADJ.DMIN.CD_lag1	6.47650445719806e-12	0.000284073166871506	0.000271206870574055
BM.TRF.PWKR.CD.DT_rank	6.25120734351037e-12	6.28274779198527e-05	0.000120536386921802
EG.ELC.COAL.ZS	6.17829123187852e-12	6.97250053287148e-05	9.04022901913515e-05
BX.GSR.FCTY.CD_rank	6.03564515185447e-12	1.70188991501272e-05	4.52011450956758e-05
EN.URB.LCTY_tend2	6.01950938350016e-12	0.000310838572142851	0.00031640801566973
BX.GSR.TRAN.ZS_avg2	5.92587869703712e-12	4.62584175137818e-05	0.000105469338556577
DT.ODA.ODAT.KD_avg2	5.79582144711652e-12	1.03462911132932e-05	1.50670483652253e-05
BM.GSR.GNFS.CD_rank	5.5992383308556e-12	6.06532573235809e-05	7.53352418261263e-05
EG.ELC.COAL.ZS_min2	5.58742168700488e-12	3.92859169809103e-05	3.01340967304505e-05
NE.CON.PRVT.CD_tend2	5.37669950857852e-12	0.000164191141580522	0.000180804580382703
EN.GHG.CO2.PC.CE.AR5_ratioavg2	5.22984789291307e-12	6.95000859566867e-05	0.000150670483652253
BX.GRT.TECH.CD.WD_min2	5.08736683073809e-12	4.58835518937349e-05	0.000135603435287027
NE.CON.PRVT.PC.KD_max2	4.99751775234436e-12	1.072115673334e-05	3.01340967304505e-05
NE.CON.PRVT.ZS_ratioavg2	4.81980018634214e-12	5.57050311389625e-05	9.04022901913515e-05
NY.ADJ.DKAP.CD_rank	4.81228766485395e-12	0.000137800601929223	7.53352418261263e-05
IT.CEL.SETS_min2	4.64968976365716e-12	5.12816168224096e-05	6.0268193460901e-05
SH.DTH.IMRT_delta1	4.59301106827829e-12	0.000763826187407469	0.000768419466626488
SP.POP.80UP.FE.5Y_rank	4.40731683929345e-12	2.4666157799083e-05	1.50670483652253e-05
NE.RSB.GNFS.ZS_isNA_rank	4.38577118905168e-12	7.55729090014457e-05	0.000210938677113154
FI.RES.XGLD.CD_max2	4.38037048752095e-12	3.05890345958233e-05	3.01340967304505e-05
TX.VAL.MRCH.R5.ZS_lag1	4.257569106908e-12	6.26025585478246e-05	0.000180804580382703
DT.ODA.ALLD.KD_lag1	4.20493780997253e-12	3.8011373872751e-05	9.04022901913515e-05
DT.ODA.ODAT.PC.ZS	4.16687248322308e-12	0.000378314383751285	0.000376676209130631
TM.VAL.MMTL.ZS.UN	4.127168635392e-12	0.000463258933253902	0.000632816031339461
TM.VAL.MANF.ZS.UN_rank	3.99426481358782e-12	9.56657062359571e-05	0.000150670483652253
BM.KLT.DINV.WD.GD.ZS_avg2	3.94531818589632e-12	0.000177836250150227	0.000346542112400181
NE.EXP.GNFS.CN_rank	3.8332294248355e-12	2.29417759468674e-05	4.52011450956758e-05
EN.GHG.N2O.MT.CE.AR5_min2	3.69658472984189e-12	1.64940872820616e-05	1.50670483652253e-05
BG.GSR.NFSV.GD.ZS_avg2	3.68849206529691e-12	0.00103260483698106	0.000979358143739641
SP.POP.0014.FE.ZS_delta1	3.63695210689531e-12	0.000254833648507851	0.000436944402591532
EN.GHG.N2O.AG.MT.CE.AR5_lag1	3.5759002656964e-12	9.59655987319946e-06	1.50670483652253e-05
TX.VAL.MRCH.R3.ZS	3.46824201127188e-12	0.00303506200614735	0.00253126412535784
FS.AST.PRVT.GD.ZS_rank	3.31414757768225e-12	0.000117482885322684	0.000120536386921802
SP.POP.1564.FE.ZS	3.25287951507122e-12	0.00144840578273703	0.000813620611722164
BM.GSR.NFSV.CD_rank	3.25266991046431e-12	3.76365082527041e-05	6.0268193460901e-05
FM.AST.DOMS.CN_rank	3.25158036784277e-12	8.65189851068138e-05	0.000105469338556577
DC.DAC.CANL.CD_delta1	3.24287684683443e-12	5.02319930862784e-05	6.0268193460901e-05
NE.IMP.GNFS.CN_rank	3.21803055710698e-12	2.96893571077108e-05	6.0268193460901e-05
EN.GHG.CH4.BU.MT.CE.AR5	3.00938587700857e-12	0.00118982347802871	0.000873888805183065
NE.EXP.GNFS.CD	2.93873539962121e-12	1.61192216620147e-05	3.01340967304505e-05
NY.GDP.COAL.RT.ZS_rank	2.9188067803887e-12	4.22098688172757e-05	7.53352418261263e-05
NE.CON.PRVT.KD_avg2	2.84835699557871e-12	3.52373682844043e-06	1.50670483652253e-05
DC.DAC.TOTL.CD_max2	2.8312908118749e-12	4.89574499781191e-05	0.000105469338556577
SP.POP.2024.MA.5Y_rank	2.80737021448399e-12	8.32201676504015e-06	3.01340967304505e-05
EN.GHG.CO2.FE.MT.CE.AR5_max2	2.78018390410531e-12	1.51445710498929e-05	4.52011450956758e-05
EN.GHG.CH4.IC.MT.CE.AR5_rank	2.69143780135943e-12	1.82184691342771e-05	1.50670483652253e-05
IS.AIR.PSGR_rank	2.58507815987516e-12	4.42341431655287e-05	6.0268193460901e-05
AG.LND.AGRI.ZS_ratioavg2	2.55217426011194e-12	0.000251534831051439	0.000331475064034956
TX.VAL.TRVL.ZS.WT_rank	2.45614734148298e-12	0.000266229563357275	0.000301340967304505
NY.ADJ.AEDU.GN.ZS_delta1	2.40040181413262e-12	0.000160142592884016	0.00031640801566973
TM.VAL.MRCH.R5.ZS_rank	2.37713063379999e-12	9.9489335560435e-05	0.000301340967304505
EN.GHG.CO2.FE.MT.CE.AR5_lag1	2.34470755103018e-12	2.60156740312517e-05	1.50670483652253e-05
AG.PRD.CREL.MT_lag1	2.23199831562639e-12	0.000161717028488213	0.000165737532017478
EN.GHG.CH4.BU.MT.CE.AR5_lag1	2.2242939717846e-12	0.000325983143192744	0.000226005725478379
NE.CON.TOTL.KD.ZG_ratiomax2	2.22216604400075e-12	0.000109460761053681	0.000226005725478379
BM.GSR.TRVL.ZS_max2	2.07152982917908e-12	0.000152720253607088	0.000210938677113154
NE.CON.PRVT.ZS_ratiomax2	2.04047306829625e-12	2.17422059627175e-05	6.0268193460901e-05
EG.USE.PCAP.KG.OE_rank	2.00599130512759e-12	3.31381208121419e-05	6.0268193460901e-05
SP.POP.0014.MA.IN_delta1	1.97735374503546e-12	4.75329606219411e-05	0.000135603435287027
TM.VAL.MRCH.R4.ZS_rank	1.92148018218261e-12	0.000111934874145991	0.000105469338556577
EN.GHG.CO2.MT.CE.AR5_ratioavg2	1.87249714052836e-12	6.66511072443306e-05	0.000210938677113154
EN.GHG.CH4.BU.MT.CE.AR5_avg2	1.79308482706833e-12	9.76150074602007e-05	7.53352418261263e-05
SH.IMM.IDPT_delta1	1.71040751855221e-12	8.50944957506358e-05	0.000120536386921802
DT.ODA.ALLD.KD_ratiomax2	1.69411728191811e-12	2.0617609102577e-05	6.0268193460901e-05
NE.CON.TOTL.KD	1.69286993923888e-12	3.38128789282262e-05	6.0268193460901e-05
EN.GHG.N2O.AG.MT.CE.AR5	1.62003736513991e-12	2.09924747226238e-05	3.01340967304505e-05
FD.AST.PRVT.GD.ZS_ratioavg2	1.61227015910086e-12	0.000404480004030555	0.000662950128069911
SE.PRM.ENRL.FE.ZS_lag1	1.50513834836781e-12	0.000141324338757664	0.000391743257495857
BM.GSR.MRCH.CD	1.47974627124957e-12	4.05604600890696e-05	4.52011450956758e-05
EG.ELC.FOSL.ZS_max2	1.46894248126187e-12	3.97357557249665e-06	1.50670483652253e-05
TM.VAL.MRCH.AL.ZS_lag1	1.45882985298995e-12	9.43161900037884e-05	0.000150670483652253
SG.LAW.INDX_rank	1.45861847778396e-12	2.13673403426707e-05	3.01340967304505e-05
AG.LND.ARBL.HA.PC_max2	1.37637418929977e-12	5.10566974503815e-05	4.52011450956758e-05
BM.GSR.GNFS.CD_max2	1.35268093055815e-12	3.14887120839357e-06	1.50670483652253e-05
TX.VAL.MRCH.WR.ZS	1.3317766130381e-12	0.000121756353391218	0.000210938677113154
BM.GSR.INSF.ZS_ratioavg2	1.29790682431501e-12	0.000350724274115836	0.000662950128069911
NY.ADJ.DNGY.CD_lag1	1.28608467588716e-12	0.000331831046865475	0.00031640801566973
SE.SEC.AGES_delta1	1.26260530380244e-12	2.60156740312517e-05	1.50670483652253e-05
SP.POP.0014.TO_delta1	1.14747623957709e-12	2.18921522107363e-05	4.52011450956758e-05
EN.URB.LCTY.UR.ZS_tend2	1.13284467170081e-12	0.000126704579575837	0.000301340967304505
EN.URB.MCTY.TL.ZS_ratiomax2	1.0723940347539e-12	1.192072671749e-05	1.50670483652253e-05
SP.URB.TOTL	1.07193654295524e-12	1.34201891976774e-05	1.50670483652253e-05
NY.ADJ.DMIN.GN.ZS_lag1	1.03145220090122e-12	5.64547623790562e-05	0.000105469338556577
EN.GHG.CO2.TR.MT.CE.AR5_max2	1.00233790039108e-12	3.65119113925636e-05	3.01340967304505e-05
TM.VAL.AGRI.ZS.UN_isNA_rank	9.75856705306675e-13	5.81791442312717e-05	0.000165737532017478
SP.POP.7074.MA.5Y	9.75009571980224e-13	3.79364007487416e-05	4.52011450956758e-05
DT.ODA.ALLD.CD_rank	9.66015103126917e-13	0.000267579079589444	0.000256139822208829
TX.VAL.FUEL.ZS.UN	9.34846354933265e-13	4.62584175137818e-05	0.000105469338556577
DT.NFL.UNDP.CD_delta1	9.19045297053422e-13	0.000103387938008922	0.000150670483652253
BM.GSR.NFSV.CD_ratioavg2	9.12106811171839e-13	0.00123060885748981	0.00230525839987946
TM.VAL.FOOD.ZS.UN_delta1	9.03603440465731e-13	0.000119732079042965	0.000271206870574055
SP.RUR.TOTL.ZS_lag1	8.7654473981758e-13	2.54908621631861e-05	3.01340967304505e-05
BG.GSR.NFSV.GD.ZS_min2	8.31131509267605e-13	0.000350424381619799	0.000406810305861082
NE.IMP.GNFS.CD_rank	8.09670254027451e-13	2.18921522107363e-05	1.50670483652253e-05
EG.ELC.NGAS.ZS_min2	8.08037637546387e-13	1.83684153822958e-05	4.52011450956758e-05
BX.GSR.TOTL.CD_rank	7.6924618095466e-13	3.08889270918607e-05	3.01340967304505e-05
FM.AST.DOMS.CN_max2	7.27312479894704e-13	3.08139539678514e-05	4.52011450956758e-05
DC.DAC.USAL.CD_isNA_rank	7.14060604166779e-13	0.000112609632262075	0.000256139822208829
NY.ADJ.DMIN.GN.ZS_rank	7.09285565096952e-13	3.50124489123761e-05	9.04022901913515e-05
NE.CON.PRVT.CD	6.83259258856668e-13	4.72330681259036e-06	1.50670483652253e-05
BM.GSR.FCTY.CD_avg2	6.73508004475962e-13	1.65690604060709e-05	3.01340967304505e-05
NE.TRD.GNFS.ZS_rank	6.66563929681914e-13	6.29774241678714e-05	9.04022901913515e-05
AG.LND.ARBL.ZS_lag1	6.38633333937667e-13	9.01176950592636e-05	0.000135603435287027
NY.GDS.TOTL.ZS_rank	6.22021246371291e-13	0.000143498559353936	0.000165737532017478
TM.VAL.MMTL.ZS.UN_rank	6.13218296478414e-13	4.70831218778848e-05	9.04022901913515e-05
SP.POP.65UP.FE.IN_delta1	6.12886939783071e-13	7.0174844072771e-05	9.04022901913515e-05
EN.GHG.CH4.BU.MT.CE.AR5_max2	5.7812120121459e-13	1.5369490421921e-05	3.01340967304505e-05
NE.CON.PRVT.ZS_tend2	5.6196776009138e-13	5.67546548750937e-05	0.000165737532017478
BX.KLT.DINV.WD.GD.ZS_ratiomax2	5.61299116569418e-13	4.58835518937349e-05	0.000120536386921802
BM.GSR.TRVL.ZS_min2	5.55516797576432e-13	0.000530734744862336	0.000708151273165587
EN.URB.MCTY.TL.ZS_lag1	5.46215151597005e-13	8.09709739301204e-06	1.50670483652253e-05
FI.RES.TOTL.MO_ratiomax2	5.38572829396882e-13	6.65761341203212e-05	6.0268193460901e-05
AG.CON.FERT.ZS_ratiomax2	5.25845233331388e-13	9.83647387002944e-05	0.000120536386921802
NY.GDP.FCST.KD	5.05600405682718e-13	3.02141689757764e-05	3.01340967304505e-05
AG.PRD.CREL.MT_avg2	5.04071737563812e-13	3.97357557249665e-06	1.50670483652253e-05
EN.GHG.CH4.IC.MT.CE.AR5	4.83160353491712e-13	0.000353798172200221	0.00028627391893928
BX.GSR.NFSV.CD_rank	4.7116269953134e-13	2.87896796195984e-05	6.0268193460901e-05
SP.POP.65UP.TO.ZS_lag1	4.60884153398984e-13	5.85540098513186e-05	7.53352418261263e-05
SP.POP.TOTL_rank	4.60316693830781e-13	8.77185550909638e-06	3.01340967304505e-05
EG.USE.ELEC.KH.PC_avg2	4.53478214903144e-13	3.35129864321887e-05	3.01340967304505e-05
BM.GSR.GNFS.CD_min2	4.492810361943e-13	5.50302730228781e-05	7.53352418261263e-05
DC.DAC.USAL.CD_rank	4.2629414573349e-13	0.000122581057755321	0.000180804580382703
BM.GSR.MRCH.CD_lag1	4.20727380195165e-13	5.93037410914123e-05	6.0268193460901e-05
EN.GHG.N2O.PI.MT.CE.AR5	4.18834841781474e-13	0.000133827026356727	0.000120536386921802
SP.POP.TOTL.FE.IN_delta1	3.94698548381769e-13	3.71116963846385e-05	7.53352418261263e-05
EN.GHG.N2O.FE.MT.CE.AR5_max2	3.90849754240488e-13	2.21920447067737e-05	3.01340967304505e-05
SE.PRM.ENRR.FE_rank	3.7652046187396e-13	0.000180835175110602	0.000180804580382703
DC.DAC.FRAL.CD_lag1	3.61764080355159e-13	0.000159317888519913	0.000256139822208829
EN.GHG.CH4.BU.MT.CE.AR5_delta1	3.53341980201448e-13	0.000133152268240642	0.000165737532017478
DT.ODA.ALLD.CD_min2	3.25073368165925e-13	2.78150290074766e-05	3.01340967304505e-05
NY.GNP.PCAP.CN_lag1	3.13497369910672e-13	9.14672112914323e-06	3.01340967304505e-05
AG.LND.ARBL.HA.PC_ratiomax2	2.99155273708467e-13	9.1617157539451e-05	0.000135603435287027
NV.SRV.TOTL.CD_rank	2.93644819120904e-13	3.56122339044511e-05	3.01340967304505e-05
DT.ODA.ALLD.CD_max2	2.82997274228887e-13	3.05140614718139e-05	9.04022901913515e-05
NY.GDP.MKTP.CD_delta1	2.80419143838073e-13	6.68760266163587e-05	0.000150670483652253
EN.GHG.CH4.MT.CE.AR5_lag1	2.72743701825482e-13	1.07961298573494e-05	3.01340967304505e-05
NY.GDP.MKTP.KN_rank	2.46534557621955e-13	2.63155665272891e-05	3.01340967304505e-05
DT.ODA.ODAT.GN.ZS_ratiomax2	2.40705879259678e-13	4.60334981417536e-05	0.000105469338556577
BM.GSR.TOTL.CD_max2	2.34509123875887e-13	3.336304018417e-05	3.01340967304505e-05
NE.DAB.TOTL.CD_lag1	2.24782032839148e-13	6.37271554079651e-06	1.50670483652253e-05
AG.LND.ARBL.ZS_min2	2.13765893939101e-13	0.000171988346477496	0.000226005725478379
EN.GHG.CO2.IP.MT.CE.AR5_max2	2.10436819512427e-13	2.08425284746051e-05	3.01340967304505e-05
FI.RES.TOTL.MO_rank	2.04017294816179e-13	0.000253484132275683	0.000241072773843604
NE.EXP.GNFS.CD_min2	2.03727524878122e-13	2.99892496037483e-06	1.50670483652253e-05
BM.GSR.MRCH.CD_rank	2.00851327901715e-13	4.70831218778848e-05	4.52011450956758e-05
EN.GHG.CO2.TR.MT.CE.AR5_min2	1.83602252896525e-13	5.51802192708969e-05	6.0268193460901e-05
AG.PRD.CREL.MT_max2	1.81932502879906e-13	1.20706729655087e-05	1.50670483652253e-05
TM.VAL.INSF.ZS.WT_rank	1.77848953230218e-13	2.71402708913922e-05	3.01340967304505e-05
DT.ODA.ODAT.PC.ZS_tend2	1.67520735001945e-13	0.000300642227277577	0.000632816031339461
AG.LND.ARBL.ZS	1.66341023636094e-13	0.000491223908509397	0.000512279644417659
EN.GHG.N2O.AG.MT.CE.AR5_min2	1.60312674126344e-13	1.80685228862583e-05	1.50670483652253e-05
SP.POP.6064.MA.5Y_lag1	1.57935416662059e-13	6.37271554079651e-06	1.50670483652253e-05
BX.GSR.MRCH.CD_max2	1.50251651566005e-13	0.000193430659944177	0.000195871628747928
TX.VAL.MRCH.R4.ZS_rank	1.43705030485275e-13	1.73187916461646e-05	3.01340967304505e-05
BX.TRF.PWKR.DT.GD.ZS_avg2	1.42560198003399e-13	3.0738980843842e-05	6.0268193460901e-05
SP.POP.1564.MA.IN_delta1	1.41981294012516e-13	0.00011553358409844	0.000226005725478379
DC.DAC.FRAL.CD_max2	1.35999422122619e-13	0.00011313444413014	0.000195871628747928
BM.KLT.DINV.WD.GD.ZS_ratiomax2	1.26312915207607e-13	2.80399483795047e-05	6.0268193460901e-05
BM.GSR.TOTL.CD_min2	1.13864420425616e-13	5.81041711072623e-05	4.52011450956758e-05
FI.RES.TOTL.CD_lag1	1.11840724158538e-13	0.000184508858187061	0.000150670483652253
IT.MLT.MAIN.P2_avg2	1.0856939698424e-13	5.70545473711311e-05	4.52011450956758e-05
SP.DYN.IMRT.FE.IN_delta1	1.02403630424333e-13	7.90216727058768e-05	9.04022901913515e-05
NY.GDP.MKTP.CN	9.93687673081507e-14	0.000110435411665803	0.000135603435287027
NY.GDP.MINR.RT.ZS_delta1	9.87144217925205e-14	0.000201002945469123	0.000301340967304505
NE.CON.PRVT.KD.ZG_lag1	9.36979614579608e-14	0.000135401461960924	0.000331475064034956
SP.DYN.AMRT.FE_rank	8.96480677807127e-14	3.5987099524498e-06	1.50670483652253e-05
AG.CON.FERT.ZS_rank	8.81878081048475e-14	9.97142549324631e-06	3.01340967304505e-05
FP.CPI.TOTL_max2	8.13823299179418e-14	2.69153515193641e-05	9.04022901913515e-05
IT.CEL.SETS.P2	7.06571511210321e-14	4.34094388014257e-05	6.0268193460901e-05
EN.GHG.N2O.PI.MT.CE.AR5_max2	6.33594540287638e-14	0.000170263964625281	0.000135603435287027
SP.POP.65UP.FE.ZS	6.27054662254007e-14	3.72616426326573e-05	3.01340967304505e-05
SP.POP.1519.FE.5Y_rank	6.24114042144321e-14	1.192072671749e-05	4.52011450956758e-05
SP.RUR.TOTL_lag1	6.23926442422434e-14	5.31559449226439e-05	7.53352418261263e-05
IS.AIR.DPRT_min2	5.90064005239666e-14	0.00010608697047326	0.000105469338556577
AG.LND.ARBL.ZS_max2	5.71045599592269e-14	3.29881745641231e-05	6.0268193460901e-05
SP.POP.1564.TO.ZS	5.61885759454629e-14	0.00136953405627918	0.000798553563356938
NY.GDP.MINR.RT.ZS_rank	5.60408236104215e-14	6.18528273077309e-05	0.000135603435287027
EN.GHG.N2O.PI.MT.CE.AR5_min2	5.4315628403745e-14	6.1477961687684e-05	6.0268193460901e-05
SP.URB.TOTL.IN.ZS	4.98845299970545e-14	8.78685013389825e-05	6.0268193460901e-05
TX.VAL.MANF.ZS.UN_rank	4.89543397128336e-14	2.99892496037483e-05	6.0268193460901e-05
AG.LND.ARBL.HA.PC_rank	4.49023936412981e-14	2.47411309230923e-05	7.53352418261263e-05
EN.GHG.N2O.WA.MT.CE.AR5_min2	4.42188873948492e-14	1.82934422582865e-05	3.01340967304505e-05
EN.URB.MCTY.TL.ZS_rank	4.37392115439711e-14	3.97357557249665e-06	1.50670483652253e-05
EN.GHG.N2O.TR.MT.CE.AR5	4.36486441969878e-14	5.51052461468875e-05	6.0268193460901e-05
ER.FSH.CAPT.MT	4.26401683412169e-14	0.000240888647442108	0.000210938677113154
AG.LND.ARBL.ZS_rank	4.11435371537307e-14	3.79364007487416e-05	4.52011450956758e-05
EN.GHG.N2O.WA.MT.CE.AR5_lag1	3.93077293695071e-14	8.32201676504015e-06	1.50670483652253e-05
SE.PRM.TCHR_isNA_delta1	3.71928537373126e-14	1.58193291659772e-05	1.50670483652253e-05
EN.GHG.N2O.MT.CE.AR5_lag1	3.66780749780287e-14	2.70652977673828e-05	3.01340967304505e-05
IT.MLT.MAIN_rank	3.48910467967266e-14	3.41877445482731e-05	4.52011450956758e-05
EN.GHG.N2O.IP.MT.CE.AR5_lag1	3.44071780281507e-14	0.000117557858446693	0.000105469338556577
NY.ADJ.DKAP.CD_delta1	3.43661778804696e-14	0.00010128869053666	0.000195871628747928
EN.GHG.N2O.TR.MT.CE.AR5_lag1	3.3739353070029e-14	0.00013457675759682	9.04022901913515e-05
IS.AIR.DPRT_ratiomax2	3.30686489298825e-14	3.7411588880676e-05	3.01340967304505e-05
EN.GHG.N2O.BU.MT.CE.AR5_min2	3.16491088700818e-14	4.57336056457162e-06	1.50670483652253e-05
SM.POP.RHCR.EA_rank	3.06906082559066e-14	3.10388733398795e-05	9.04022901913515e-05
EG.USE.ELEC.KH.PC_rank	2.7607182662114e-14	1.65690604060709e-05	4.52011450956758e-05
BX.TRF.CURR.CD_ratiomax2	2.53596082802565e-14	1.05712104853213e-05	3.01340967304505e-05
SP.DYN.TO65.MA.ZS_rank	2.47519892639533e-14	1.25205117095649e-05	3.01340967304505e-05
NY.GNP.MKTP.CN_delta1	2.37773100435972e-14	8.38949257664859e-05	0.000120536386921802
EN.GHG.CH4.TR.MT.CE.AR5_delta1	2.1599197515905e-14	2.82648677515328e-05	6.0268193460901e-05
BX.TRF.PWKR.DT.GD.ZS_rank	2.14618124305101e-14	4.01106213450133e-05	3.01340967304505e-05
EN.GHG.CO2.TR.MT.CE.AR5_avg2	1.42186715383298e-14	3.58371532764792e-05	3.01340967304505e-05
SP.POP.65UP.FE.IN	1.29909048626856e-14	0.000294119565488761	0.000210938677113154
AG.LND.ARBL.HA.PC_avg2	1.23257976761227e-14	5.93787142154216e-05	6.0268193460901e-05
SE.PRM.ENRR_rank	1.15402123268013e-14	6.17028810597121e-05	6.0268193460901e-05
EN.GHG.CO2.IC.MT.CE.AR5_ratiomax2	1.13957885098426e-14	4.08603525851071e-05	4.52011450956758e-05
BX.GSR.FCTY.CD_ratiomax2	1.0809172407676e-14	8.69688238508701e-06	1.50670483652253e-05
TM.VAL.MRCH.WR.ZS_lag1	9.10112547379605e-15	0.000467457428198427	0.000376676209130631
EG.ELC.PETR.ZS_rank	9.07169309303283e-15	9.43161900037884e-05	7.53352418261263e-05
EN.GHG.N2O.FE.MT.CE.AR5_delta1	8.85476554060538e-15	3.44126639203012e-05	7.53352418261263e-05
SP.POP.GROW_lag1	7.54833006655277e-15	0.000488974714789116	0.00057254783787856
EN.GHG.N2O.IC.MT.CE.AR5	6.42312982622838e-15	3.29881745641231e-06	1.50670483652253e-05
FS.AST.PRVT.GD.ZS_min2	5.83535034539942e-15	7.56478821254551e-05	9.04022901913515e-05
NE.DAB.TOTL.CD	5.82324154992005e-15	2.15922597146988e-05	4.52011450956758e-05
NE.CON.PRVT.PC.KD_avg2	5.62652783266652e-15	3.5987099524498e-06	1.50670483652253e-05
BX.GSR.GNFS.CD_lag1	5.54821215349371e-15	3.14887120839357e-05	3.01340967304505e-05
DC.DAC.DEUL.CD_ratiomax2	5.19003188469362e-15	1.48446785538554e-05	4.52011450956758e-05
EG.ELC.NGAS.ZS_max2	4.84258754014925e-15	1.46947323058367e-05	3.01340967304505e-05
EG.ELC.FOSL.ZS_lag1	4.75526591354128e-15	3.43376907962918e-05	9.04022901913515e-05
EN.GHG.CO2.PI.MT.CE.AR5_min2	4.58592241814606e-15	1.48446785538554e-05	1.50670483652253e-05
EN.GHG.N2O.PI.MT.CE.AR5_rank	4.42778002771053e-15	1.82184691342771e-05	1.50670483652253e-05
SH.MMR.DTHS_lag1	4.42108179619181e-15	0.000351249085983902	0.000301340967304505
SP.DYN.CDRT.IN	3.86491496491093e-15	6.4701806020087e-05	0.000150670483652253
NY.GDS.TOTL.CD_lag1	3.61103964476165e-15	0.000139000171913373	0.000135603435287027
EG.ELC.PETR.ZS_avg2	3.44663742942547e-15	1.31952698256493e-05	3.01340967304505e-05
SP.DYN.TO65.FE.ZS_delta1	3.0208817604975e-15	6.48517522681057e-05	0.000165737532017478
NE.EXP.GNFS.CD_ratiomax2	2.94923408538477e-15	8.62190926107764e-06	1.50670483652253e-05
EN.GHG.CH4.TR.MT.CE.AR5_ratiomax2	2.912411582976e-15	8.02212426900267e-06	1.50670483652253e-05
EN.URB.LCTY_rank	2.71520879366138e-15	2.36915071869612e-05	3.01340967304505e-05
SH.STA.MMRT_delta1	2.21695882341951e-15	4.28846269333601e-05	0.000105469338556577
NE.CON.TOTL.CD	2.20364129064178e-15	5.06818318303346e-05	4.52011450956758e-05
AG.LND.AGRI.ZS_rank	2.09554399550982e-15	5.45804342788219e-05	7.53352418261263e-05
NY.GDP.PETR.RT.ZS	1.85588693215259e-15	1.06461836093306e-05	4.52011450956758e-05
EN.GHG.CO2.MT.CE.AR5_avg2	1.73994076784926e-15	1.55194366699397e-05	1.50670483652253e-05
FI.RES.XGLD.CD_rank	1.55891678641034e-15	8.69688238508701e-06	1.50670483652253e-05
DC.DAC.TOTL.CD_ratiomax2	1.41691535891093e-15	9.6865276220107e-05	0.000180804580382703
AG.LND.ARBL.ZS_avg2	1.06275325372028e-15	1.18457535934806e-05	3.01340967304505e-05
EN.GHG.CH4.PI.MT.CE.AR5_avg2	7.66919727802739e-16	9.47660287478446e-05	7.53352418261263e-05
SP.POP.6569.FE.5Y	6.95073629031094e-16	2.49660502951205e-05	4.52011450956758e-05
EG.ELC.FOSL.ZS_min2	6.63087893405887e-16	1.60442485380053e-05	4.52011450956758e-05
AG.LND.TOTL.K2	6.33159955969651e-16	3.05890345958233e-05	0.000105469338556577
NV.IND.TOTL.CD_rank	5.85822440647434e-16	1.03462911132932e-05	1.50670483652253e-05
EN.GHG.CH4.AG.MT.CE.AR5_min2	5.21769956927265e-16	1.28953773296118e-05	3.01340967304505e-05
EN.GHG.CO2.TR.MT.CE.AR5	4.91641994058992e-16	7.38485271492302e-05	7.53352418261263e-05
EN.GHG.CH4.PI.MT.CE.AR5_max2	4.82499012579889e-16	7.75222102256894e-05	6.0268193460901e-05
EN.POP.DNST_ratioavg2	4.75216659565774e-16	0.000184283938815033	0.000180804580382703
AG.LND.CROP.ZS_max2	4.52234765487583e-16	3.28382283161044e-05	6.0268193460901e-05
DT.ODA.ODAT.CD_tend2	3.92182337977793e-16	5.33058911706626e-05	7.53352418261263e-05
SP.ADO.TFRT_rank	3.04058983286903e-16	1.20706729655087e-05	4.52011450956758e-05
EN.GHG.N2O.BU.MT.CE.AR5_lag1	3.03180392788852e-16	3.66618576405823e-05	3.01340967304505e-05
ER.FSH.CAPT.MT_max2	2.73583419217163e-16	0.000114034121618253	9.04022901913515e-05
TM.VAL.MRCH.WL.CD	2.65324022273516e-16	0.000136001246952999	9.04022901913515e-05
ER.FSH.CAPT.MT_lag1	2.6089185234672e-16	0.0001144089872383	0.000120536386921802
BG.GSR.NFSV.GD.ZS_ratiomax2	2.08951757580459e-16	2.43662653030455e-05	4.52011450956758e-05
BX.GSR.NFSV.CD_ratiomax2	1.74802608159232e-16	8.83933132070481e-05	9.04022901913515e-05
AG.LND.TOTL.K2_max2	1.65263754089302e-16	6.07282304475903e-06	1.50670483652253e-05
BX.GSR.FCTY.CD_max2	1.50014016529498e-16	3.31381208121419e-05	6.0268193460901e-05
EN.GHG.CO2.BU.MT.CE.AR5_rank	1.47004373182433e-16	4.04854869650602e-06	1.50670483652253e-05
EN.GHG.CH4.IC.MT.CE.AR5_lag1	1.44283521580028e-16	6.88253278406023e-05	6.0268193460901e-05
TM.VAL.MRCH.WR.ZS_rank	1.43449265461196e-16	8.07460545580923e-05	7.53352418261263e-05
EN.GHG.N2O.IP.MT.CE.AR5_rank	1.40491175549527e-16	6.02783917035341e-05	4.52011450956758e-05
EN.GHG.ALL.MT.CE.AR5	1.38107490921916e-16	6.4701806020087e-05	4.52011450956758e-05
TX.VAL.FUEL.ZS.UN_rank	1.30018961984345e-16	2.95394108596921e-05	7.53352418261263e-05
EN.GHG.N2O.TR.MT.CE.AR5_avg2	1.18803765595197e-16	1.88932272503614e-05	1.50670483652253e-05
SP.POP.1564.TO.ZS_rank	1.12665859319152e-16	1.35701354456961e-05	3.01340967304505e-05
Country_Code	1.09681082226777e-16	5.69795742471218e-06	1.50670483652253e-05
ER.FSH.AQUA.MT_min2	1.00887333885754e-16	5.42805417827844e-05	4.52011450956758e-05
IT.CEL.SETS_ratiomax2	9.61983529833382e-17	1.52945172979116e-05	1.50670483652253e-05
EN.URB.LCTY	9.47849879079277e-17	0.000128953773296118	9.04022901913515e-05
SE.SEC.ENRL.GC_rank	8.92370369411608e-17	2.18171790867269e-05	6.0268193460901e-05
NE.GDI.FTOT.CD_lag1	8.86076819078791e-17	0.000281599053779197	0.000210938677113154
EG.USE.ELEC.KH.PC_ratiomax2	8.7966385270288e-17	0.000178211115770274	0.000180804580382703
FS.AST.PRVT.GD.ZS_avg2	8.63617750286941e-17	1.62691679100335e-05	4.52011450956758e-05
IS.AIR.PSGR_avg2	8.58196547249083e-17	4.01855944690227e-05	4.52011450956758e-05
NV.IND.TOTL.KD	6.93725732026008e-17	5.71295204951405e-05	4.52011450956758e-05
NE.EXP.GNFS.CD_lag1	5.77418713683912e-17	1.3945001065743e-05	3.01340967304505e-05
ER.FSH.PROD.MT_rank	5.43548188656308e-17	7.0174844072771e-05	6.0268193460901e-05
BM.GSR.FCTY.CD	5.26798828733121e-17	3.14137389599263e-05	6.0268193460901e-05
BX.TRF.CURR.CD_rank	4.99484078907181e-17	7.40734465212583e-05	0.000105469338556577
FI.RES.TOTL.CD_max2	4.96033296255948e-17	9.06425069273292e-05	0.000120536386921802
SP.POP.0014.MA.IN	4.89274523652757e-17	3.2763255192095e-05	4.52011450956758e-05
EN.URB.LCTY.UR.ZS_rank	4.14626437260584e-17	2.12173940946519e-05	3.01340967304505e-05
EN.GHG.N2O.TR.MT.CE.AR5_min2	3.95353939680016e-17	0.000119057320926881	7.53352418261263e-05
EN.GHG.N2O.PI.MT.CE.AR5_lag1	3.86301664031814e-17	6.22276929277777e-05	7.53352418261263e-05
NY.GDP.PETR.RT.ZS_lag1	3.53667835685706e-17	3.4787529540348e-05	6.0268193460901e-05
IS.AIR.GOOD.MT.K1_avg2	3.34953392255702e-17	5.5405138642925e-05	9.04022901913515e-05
EN.POP.DNST_avg2	3.09090316548422e-17	3.83862394927978e-05	3.01340967304505e-05
BX.GSR.GNFS.CD_max2	3.05037252011625e-17	2.75151365114391e-05	3.01340967304505e-05
SP.POP.TOTL.FE.IN_rank	2.73100800835888e-17	9.97142549324631e-06	3.01340967304505e-05
NY.GDP.PCAP.KN_rank	2.45746055880896e-17	2.63155665272891e-05	3.01340967304505e-05
TM.VAL.MRCH.R6.ZS_rank	2.40066124069345e-17	3.29881745641231e-05	7.53352418261263e-05
AG.YLD.CREL.KG_rank	2.38649786900011e-17	5.78792517352342e-05	7.53352418261263e-05
income	2.34829723186056e-17	2.38414534349799e-05	6.0268193460901e-05
EG.ELC.COAL.ZS_max2	2.23768177640615e-17	2.144231346668e-05	3.01340967304505e-05
TM.VAL.MRCH.HI.ZS_lag1	2.05790439642441e-17	1.23705654615462e-05	4.52011450956758e-05
SP.POP.0014.FE.IN	1.68319351419712e-17	3.78614276247322e-05	9.04022901913515e-05
TX.VAL.MRCH.CD.WT	1.66075511823885e-17	5.0157019962269e-05	4.52011450956758e-05
EN.GHG.CH4.TR.MT.CE.AR5_rank	1.57236675828317e-17	1.99428509864926e-05	1.50670483652253e-05
EN.GHG.CO2.TR.MT.CE.AR5_rank	1.55804997540977e-17	1.64940872820616e-05	1.50670483652253e-05
NY.GDP.MKTP.CD	1.41050412822921e-17	1.91181466223895e-05	1.50670483652253e-05
EN.GHG.CO2.IP.MT.CE.AR5	1.36186296649287e-17	2.0017824110502e-05	1.50670483652253e-05
TX.VAL.TRAN.ZS.WT_rank	1.27652537207386e-17	1.82934422582865e-05	3.01340967304505e-05
EN.GHG.N2O.IP.MT.CE.AR5_min2	1.09359099328422e-17	0.000128953773296118	0.000120536386921802
EN.GHG.CO2.IP.MT.CE.AR5_delta1	1.09214199358167e-17	8.92180175711512e-06	3.01340967304505e-05
EN.GHG.CH4.PI.MT.CE.AR5_rank	1.05603848848559e-17	0.000264580154629069	0.000180804580382703
SP.POP.3539.FE.5Y_rank	8.70173854668588e-18	4.99321005902409e-05	6.0268193460901e-05
SH.DYN.MORT_rank	8.51021100473341e-18	3.8011373872751e-05	3.01340967304505e-05
EN.GHG.CO2.PI.MT.CE.AR5_avg2	7.9182175189511e-18	7.27239302890896e-06	1.50670483652253e-05
AG.LND.CROP.ZS_delta1	7.8821297033285e-18	7.8047022093755e-05	6.0268193460901e-05
ER.FSH.PROD.MT	7.48876571494019e-18	5.16564824424564e-05	6.0268193460901e-05
NV.AGR.TOTL.CN_rank	6.84578296062013e-18	0.000143273639981908	0.000135603435287027
Country_Name	5.59352826191475e-18	6.35772091599464e-05	0.000165737532017478
EG.USE.PCAP.KG.OE_ratiomax2	5.54668751512573e-18	3.34380133081794e-05	4.52011450956758e-05
SP.POP.7074.FE.5Y_rank	5.3855237448272e-18	1.14708879734337e-05	1.50670483652253e-05
NE.CON.GOVT.CD_ratiomax2	4.4997609540366e-18	4.06354332130789e-05	3.01340967304505e-05
EG.ELC.HYRO.ZS_max2	4.12015970157031e-18	1.26704579575837e-05	4.52011450956758e-05
AG.LND.TOTL.K2_rank	4.00791024963241e-18	3.52373682844043e-06	1.50670483652253e-05
AG.LND.CROP.ZS_lag1	3.6259630505725e-18	1.49946248018741e-05	4.52011450956758e-05
TX.VAL.SERV.CD.WT_lag1	3.56622471195209e-18	8.05211351860642e-05	9.04022901913515e-05
SE.PRM.DURS_lag1	3.51877065265197e-18	3.14887120839357e-06	1.50670483652253e-05
NY.GNP.PCAP.CN_rank	2.60109734980655e-18	1.16208342214525e-05	3.01340967304505e-05
SP.POP.1564.MA.IN_rank	2.59129405238165e-18	4.54337131496787e-05	7.53352418261263e-05
EN.URB.LCTY_lag1	2.0465100561859e-18	2.12923672186613e-05	1.50670483652253e-05
BM.GSR.MRCH.CD_avg2	1.80627528068368e-18	1.10960223533869e-05	1.50670483652253e-05
NY.GDP.PCAP.CN_lag1	1.5911828035354e-18	8.02962158140361e-05	0.000120536386921802
SP.POP.4044.FE.5Y_rank	1.58001272719875e-18	3.55372607804417e-05	3.01340967304505e-05
TM.VAL.MRCH.WL.CD_rank	1.28826317167056e-18	3.53123414084136e-05	4.52011450956758e-05
NY.ADJ.NNTY.PC.CD_rank	1.15512310859861e-18	6.52266178881526e-05	9.04022901913515e-05
SP.DYN.IMRT.MA.IN_delta1	1.14681510803449e-18	3.80863469967603e-05	6.0268193460901e-05
EN.GHG.CO2.IC.MT.CE.AR5_rank	1.09468246718433e-18	1.51445710498929e-05	1.50670483652253e-05
TX.VAL.MRCH.R6.ZS_rank	1.08207414594338e-18	1.55194366699397e-05	3.01340967304505e-05
DT.ODA.ALLD.CD_ratiomax2	1.0380991012269e-18	4.59585250177443e-05	6.0268193460901e-05
AG.SRF.TOTL.K2_max2	8.64571183864801e-19	4.3484411925435e-06	1.50670483652253e-05
DT.NFL.UNDP.CD_max2	7.74837406105963e-19	2.63155665272891e-05	6.0268193460901e-05
AG.LND.AGRI.K2_delta1	7.30092653364456e-19	2.50410234191298e-05	6.0268193460901e-05
IS.AIR.DPRT_max2	7.19074099014027e-19	3.97357557249665e-05	6.0268193460901e-05
BM.GSR.FCTY.CD_max2	7.00603754811056e-19	9.67153299720882e-06	3.01340967304505e-05
EN.GHG.N2O.BU.MT.CE.AR5_rank	6.60149745801443e-19	4.94822618461847e-06	1.50670483652253e-05
DT.ODA.ALLD.CD_avg2	6.56741122230365e-19	4.57336056457162e-06	1.50670483652253e-05
FI.RES.XGLD.CD	6.30565711143826e-19	7.72223177296519e-05	7.53352418261263e-05
SP.DYN.LE00.FE.IN_rank	6.27454107744462e-19	6.29774241678714e-06	1.50670483652253e-05
EN.GHG.CH4.FE.MT.CE.AR5_min2	6.15410481417009e-19	6.29774241678714e-06	3.01340967304505e-05
SP.POP.5559.FE.5Y_rank	6.13179767124927e-19	2.77400558834672e-05	3.01340967304505e-05
DT.ODA.ODAT.CD_max2	5.74864083324873e-19	1.15458610974431e-05	1.50670483652253e-05
EN.GHG.CO2.MT.CE.AR5_lag1	5.41155816314826e-19	1.93430659944177e-05	3.01340967304505e-05
AG.LND.ARBL.HA	5.10997633514693e-19	1.52945172979116e-05	3.01340967304505e-05
EN.GHG.N2O.IC.MT.CE.AR5_avg2	4.14829171420581e-19	1.48446785538554e-05	1.50670483652253e-05
EG.ELC.FOSL.ZS_rank	3.97988817740512e-19	1.58193291659772e-05	3.01340967304505e-05
EN.URB.LCTY_avg2	2.88818410254733e-19	2.16672328387081e-05	1.50670483652253e-05
AG.LND.AGRI.ZS_min2	2.85810262708839e-19	8.41948182625234e-05	0.000135603435287027
FI.RES.XGLD.CD_lag1	2.80981531354639e-19	2.38414534349799e-05	6.0268193460901e-05
FI.RES.TOTL.CD_rank	2.72724611464829e-19	2.37664803109705e-05	4.52011450956758e-05
SP.POP.6064.FE.5Y_rank	2.34584829237697e-19	3.47125564163387e-05	3.01340967304505e-05
AG.SRF.TOTL.K2	2.21296825172175e-19	1.00463986172557e-05	3.01340967304505e-05
ER.H2O.INTR.PC_max2	2.05310686349723e-19	3.29881745641231e-06	1.50670483652253e-05
SH.DTH.MORT_rank	1.58859849544711e-19	1.08711029813588e-05	3.01340967304505e-05
NE.CON.TOTL.KD_min2	1.43617827309455e-19	1.87432810023427e-05	1.50670483652253e-05
DT.ODA.ODAT.KD_min2	1.33738063289587e-19	2.60156740312517e-05	3.01340967304505e-05
NY.GDP.PCAP.KD_rank	1.27987333469857e-19	4.27346806853413e-06	1.50670483652253e-05
SP.RUR.TOTL_rank	1.22767324074262e-19	8.02212426900267e-06	3.01340967304505e-05
FS.AST.PRVT.GD.ZS_ratiomax2	1.1691084783428e-19	4.04854869650602e-05	4.52011450956758e-05
BM.GSR.CMCP.ZS_ratiomax2	9.02085762417059e-20	2.07675553505957e-05	4.52011450956758e-05
ER.H2O.INTR.PC_ratiomax2	9.01780884816595e-20	4.37093312974631e-05	3.01340967304505e-05
DT.ODA.ALLD.KD_avg2	6.47581724754708e-20	1.38700279417336e-05	3.01340967304505e-05
SP.POP.DPND_rank	6.30099212091477e-20	2.95394108596921e-05	3.01340967304505e-05
SP.DYN.IMRT.IN_rank	5.91535095162881e-20	1.32702429496586e-05	1.50670483652253e-05
EN.GHG.N2O.IC.MT.CE.AR5_max2	5.00500618285331e-20	1.02713179892838e-05	1.50670483652253e-05
SH.MMR.DTHS_rank	4.09423213671988e-20	4.75329606219411e-05	6.0268193460901e-05
SP.POP.6064.MA.5Y_rank	3.57031211945102e-20	3.74865620046854e-06	1.50670483652253e-05
SP.DYN.IMRT.IN	3.45239288920556e-20	9.2216942531526e-06	1.50670483652253e-05
EN.GHG.CO2.PC.CE.AR5_rank	3.32888006433209e-20	4.27346806853413e-06	1.50670483652253e-05
FM.AST.PRVT.GD.ZS_avg2	3.327230960352e-20	2.54158890391767e-05	3.01340967304505e-05
NV.SRV.TOTL.KD_lag1	2.65106209252191e-20	3.52373682844043e-06	1.50670483652253e-05
SP.POP.3034.MA.5Y_rank	2.17814549023281e-20	0.000127004472071874	0.000135603435287027
BX.GRT.EXTA.CD.WD_ratiomax2	2.124600102674e-20	3.97357557249665e-06	1.50670483652253e-05
EN.GHG.CO2.MT.CE.AR5_rank	1.87628077126602e-20	1.91931197463989e-05	1.50670483652253e-05
NE.CON.PRVT.KD_ratioavg2	1.80114340988315e-20	1.85933347543239e-05	3.01340967304505e-05
EN.POP.DNST_lag1	1.57801060679029e-20	1.98678778624832e-05	1.50670483652253e-05
EN.GHG.CH4.MT.CE.AR5	1.55715037324757e-20	3.26133089440763e-05	7.53352418261263e-05
NY.GDP.MKTP.KN	1.44536527365658e-20	4.37843044214725e-05	4.52011450956758e-05
EG.ELC.COAL.ZS_rank	1.10715521490977e-20	1.02713179892838e-05	4.52011450956758e-05
EG.ELC.NUCL.ZS_lag1	1.01355204118706e-20	1.17707804694712e-05	1.50670483652253e-05
TX.VAL.MANF.ZS.UN_lag1	9.26511622602606e-21	3.54622876564324e-05	4.52011450956758e-05
EN.GHG.N2O.IC.MT.CE.AR5_lag1	6.28493398690955e-21	8.92180175711512e-06	3.01340967304505e-05
SP.DYN.CDRT.IN_rank	6.12455601045567e-21	7.87967533338487e-05	0.000120536386921802
ER.FSH.PROD.MT_max2	5.4955855358384e-21	3.95858094769478e-05	3.01340967304505e-05
NE.CON.PRVT.PC.KD_min2	5.09129711801859e-21	1.34201891976774e-05	4.52011450956758e-05
EG.ELC.NGAS.ZS	3.90758889358626e-21	8.24704364103078e-06	3.01340967304505e-05
TM.VAL.TRVL.ZS.WT_rank	2.73832722692183e-21	1.11709954773962e-05	3.01340967304505e-05
SP.POP.65UP.MA.IN_lag1	2.20564256823019e-21	1.71688453981459e-05	1.50670483652253e-05
NY.GDP.MKTP.CN_lag1	1.85214641759836e-21	1.31202967016399e-05	1.50670483652253e-05
EG.ELC.NGAS.ZS_ratiomax2	1.74827138504843e-21	6.44768866480588e-06	3.01340967304505e-05
NY.GNP.ATLS.CD	1.55405230340967e-21	1.3345216073668e-05	1.50670483652253e-05
IT.MLT.MAIN.P2_min2	1.41397003300663e-21	2.29417759468674e-05	1.50670483652253e-05
NE.DAB.TOTL.CD_avg2	1.38402221114118e-21	9.14672112914323e-06	1.50670483652253e-05
EN.GHG.N2O.IP.MT.CE.AR5_avg2	1.21133954834147e-21	1.55194366699397e-05	1.50670483652253e-05
NY.GDP.PETR.RT.ZS_rank	1.18628502045744e-21	3.0738980843842e-06	1.50670483652253e-05
SP.POP.TOTL.FE.ZS_rank	9.32021169016845e-22	3.41877445482731e-05	4.52011450956758e-05
SP.POP.0014.FE.IN_lag1	8.67774741604206e-22	2.6690432147336e-05	4.52011450956758e-05
NY.GDP.FCST.KD_lag1	8.26720279067332e-22	4.16100838252008e-05	4.52011450956758e-05
FI.RES.XGLD.CD_min2	7.32261500136648e-22	3.95858094769478e-05	3.01340967304505e-05
NE.CON.PRVT.CD_ratiomax2	6.43898418299369e-22	9.59655987319946e-06	1.50670483652253e-05
SH.DTH.IMRT_rank	5.9692056872033e-22	1.64940872820616e-05	4.52011450956758e-05
EN.GHG.N2O.PI.MT.CE.AR5_avg2	5.33277977300122e-22	2.39913996829986e-05	3.01340967304505e-05
EN.GHG.CO2.RT.GDP.KD_rank	4.64613038010637e-22	1.072115673334e-05	1.50670483652253e-05
BX.GSR.TOTL.CD_min2	4.53960030683452e-22	4.71580950018942e-05	4.52011450956758e-05
AG.LND.TOTL.K2_min2	4.29068655988741e-22	1.45447860578179e-05	1.50670483652253e-05
TM.VAL.MRCH.R2.ZS_rank	3.83868834063362e-22	1.55944097939491e-05	4.52011450956758e-05
NV.IND.TOTL.CD	3.25805632933416e-22	1.51445710498929e-05	3.01340967304505e-05
SP.POP.0014.MA.IN_rank	2.26228218220763e-22	7.27239302890896e-06	1.50670483652253e-05
SP.POP.0014.FE.IN_rank	1.594541259537e-22	1.43198666857898e-05	3.01340967304505e-05
EN.GHG.CO2.FE.MT.CE.AR5_avg2	1.13605873454009e-22	2.06925822265863e-05	1.50670483652253e-05
AG.LND.AGRI.K2_avg2	9.43155484249042e-23	8.09709739301204e-06	1.50670483652253e-05
NE.EXP.GNFS.CD_avg2	7.74471839397824e-23	4.42341431655287e-06	1.50670483652253e-05
NE.CON.GOVT.CD_rank	6.93719697353593e-23	1.86683078783333e-05	1.50670483652253e-05
SP.POP.1014.FE.5Y_rank	4.30797101611705e-23	1.61192216620147e-05	1.50670483652253e-05
SH.STA.MMRT_lag1	4.21450739747054e-23	1.08711029813588e-05	1.50670483652253e-05
NY.GDS.TOTL.CD_rank	4.13605145616252e-23	2.97643302317202e-05	3.01340967304505e-05
EN.GHG.CH4.FE.MT.CE.AR5_avg2	3.47161348846649e-23	4.57336056457162e-06	1.50670483652253e-05
EG.ELC.COAL.ZS_lag1	3.44451253086835e-23	1.58943022899866e-05	1.50670483652253e-05
ER.H2O.INTR.PC_rank	2.23106719922403e-23	3.22384433240294e-06	1.50670483652253e-05
SP.POP.1564.FE.ZS_lag1	2.17035970113926e-23	9.59655987319946e-06	3.01340967304505e-05
IT.CEL.SETS_lag1	1.68881968149628e-23	5.84790367273092e-06	1.50670483652253e-05
NY.GDP.FCST.KD_rank	1.62431029646225e-23	1.88932272503614e-05	1.50670483652253e-05
EN.GHG.CO2.BU.MT.CE.AR5_avg2	1.5035124250505e-23	1.78436035142302e-05	1.50670483652253e-05
SP.POP.3539.MA.5Y_rank	5.99630421041892e-24	2.08425284746051e-05	1.50670483652253e-05
SP.POP.65UP.TO_delta1	5.63638748640187e-24	7.49731240093707e-06	1.50670483652253e-05
NE.IMP.GNFS.CD	5.48147384904058e-24	2.03177166065395e-05	1.50670483652253e-05
AG.PRD.FOOD.XD_delta1	3.95808900914583e-24	1.44698129338086e-05	3.01340967304505e-05
DT.ODA.ODAT.GN.ZS_avg2	2.89986833774165e-24	4.19849494452476e-06	1.50670483652253e-05
TM.VAL.SERV.CD.WT_lag1	2.62283122306426e-24	4.72330681259036e-06	1.50670483652253e-05
SP.DYN.IMRT.MA.IN	2.59781405825716e-24	1.07961298573494e-05	1.50670483652253e-05
region	2.58918782829345e-24	3.5987099524498e-06	1.50670483652253e-05
SP.POP.7579.FE.5Y_rank	1.81471498060879e-24	3.82362932447791e-06	1.50670483652253e-05
SH.DTH.NMRT_rank	1.21836586102158e-24	9.59655987319946e-06	1.50670483652253e-05
TX.VAL.MRCH.HI.ZS_rank	9.6864480513367e-25	1.16208342214525e-05	1.50670483652253e-05
TM.VAL.MRCH.CD.WT_rank	8.96762412248754e-25	1.91931197463989e-05	1.50670483652253e-05
BX.GSR.NFSV.CD_avg2	8.39136915122264e-25	1.43198666857898e-05	1.50670483652253e-05
NV.IND.TOTL.CN_rank	7.54875784771691e-25	3.5987099524498e-06	1.50670483652253e-05
EN.GHG.CH4.MT.CE.AR5_avg2	4.54750862144785e-25	1.04962373613119e-05	1.50670483652253e-05
EN.GHG.CO2.IC.MT.CE.AR5_lag1	2.40587937726177e-25	9.37164050117134e-06	1.50670483652253e-05
BX.GSR.TOTL.CD_ratiomax2	1.04897961053524e-25	1.46947323058367e-05	1.50670483652253e-05
