Feature	Gain	Cover	Frequency
NE.CON.PRVT.PC.KD	0.30050902335094	0.000270018629419556	0.000248015873015873
SP.URB.TOTL.IN.ZS	0.205967064786147	0.000231901488247792	0.000165343915343915
NY.GDP.PCAP.KD	0.134714423705111	0.000580819934358551	0.000496031746031746
SP.RUR.TOTL.ZS_rank	0.117989255806559	0.00020684546537964	0.000165343915343915
NY.GDP.PCAP.CD	0.0455561645743302	0.000347852232371689	0.000248015873015873
EN.URB.LCTY_avg2	0.0295191768972041	9.08947212557439e-05	0.000165343915343915
SH.DTH.MORT_lag1	0.0172819255819843	0.000206578911944872	0.000248015873015873
SP.POP.2024.FE.5Y_rank	0.0130492585570765	0.000463802976495585	0.000330687830687831
TX.VAL.MRCH.R2.ZS	0.0120445731315768	0.000212176534074992	0.000413359788359788
NY.GDP.DEFL.ZS_lag1	0.00564143742318537	0.00488379203181155	0.00496031746031746
EG.ELC.PETR.ZS_lag1	0.00456540366958396	5.22444732144452e-05	0.000165343915343915
BG.GSR.NFSV.GD.ZS	0.00445550336735963	8.87622937776033e-05	0.000165343915343915
SP.POP.80UP.FE.5Y_lag1	0.00384130647727238	9.22274884295818e-05	0.000248015873015873
SP.RUR.TOTL.ZS	0.00381261190403488	0.000271084843158626	0.000413359788359788
price_instability_lag1	0.00373051900963687	0.00403162070085961	0.00347222222222222
SH.DTH.NMRT_delta1	0.00346030314785288	0.000401162919325204	0.000744047619047619
SP.POP.80UP.MA.5Y	0.00330405681928255	0.000231901488247792	0.000165343915343915
FP.CPI.TOTL_rank	0.00295750023366421	0.000160998274599617	0.000248015873015873
TX.VAL.MRCH.RS.ZS_rank	0.00291051418792641	0.00260769225233121	0.00231481481481482
FP.CPI.TOTL	0.0028032823128338	0.000709565243351291	0.000826719576719577
SP.POP.2024.MA.5Y_lag1	0.0027164445909552	0.000685308880787442	0.000826719576719577
SP.RUR.TOTL_rank	0.00268461418463372	3.99830152151366e-05	8.26719576719577e-05
year	0.0026622195001359	0.00229609128708791	0.00198412698412698
SH.IMM.MEAS_rank	0.00256469183767245	0.000835645017996355	0.000661375661375661
FP.CPI.TOTL_max2	0.00251626874200318	0.00129385037236182	0.0015707671957672
vaccination_coverage_proxy_rank	0.00206042112296223	0.000119149385341107	0.000165343915343915
DT.ODA.ODAT.GN.ZS	0.00197894782948796	0.000163663808947293	0.000165343915343915
EN.GHG.CH4.WA.MT.CE.AR5_min2	0.00197104465704674	2.74550037810605e-05	8.26719576719577e-05
SP.POP.4044.MA.5Y	0.00191086674261176	0.000347852232371689	0.000248015873015873
SP.RUR.TOTL	0.00186346053643679	0.000138341232644373	0.000248015873015873
TX.VAL.MRCH.OR.ZS	0.00185040560090594	0.000289477030157589	0.000413359788359788
EG.ELC.PETR.ZS_avg2	0.00156609517895589	0.000584018575575762	0.000578703703703704
SH.IMM.IDPT_rank	0.00153830480939759	7.09032136481756e-05	8.26719576719577e-05
EG.ELC.PETR.ZS_max2	0.00141871608763276	0.000206045805075337	0.000248015873015873
AG.PRD.CROP.XD_max2	0.00137359733708936	0.000106621373907031	0.000165343915343915
SP.POP.4549.MA.5Y_lag1	0.00131008078511758	0.00205059557366697	0.00148809523809524
Country_Name	0.0012432324257541	0.000124213900601691	0.000165343915343915
TX.VAL.MRCH.R3.ZS	0.0011843653253873	0.00368136948757501	0.00355489417989418
NE.TRD.GNFS.ZS	0.00107383295759459	0.00103769252155018	0.000909391534391534
SP.RUR.TOTL_lag1	0.00104510284639893	0.000182589102815791	0.000248015873015873
DC.DAC.CECL.CD_rank	0.00102090965169558	0.00111525957106754	0.000909391534391534
SE.TER.ENRR_lag1	0.00101447248713482	0.000518712984057706	0.000744047619047619
SH.MMR.DTHS_lag1	0.00094483611539889	0.00680111088809474	0.00496031746031746
SP.URB.GROW	0.000916925185782048	0.00189306249371933	0.00148809523809524
EN.GHG.N2O.PI.MT.CE.AR5_max2	0.00091437580625403	0.000731689178437	0.000578703703703704
SP.POP.6569.FE.5Y_delta1	0.000912766841761738	0.000311867518678066	0.000413359788359788
AG.LND.ARBL.ZS	0.00081707838747027	3.62512671283905e-05	8.26719576719577e-05
BX.GSR.TRVL.ZS_max2	0.000810351889304588	0.000117016957862966	0.000165343915343915
AG.LND.AGRI.ZS_max2	0.00080201227016679	0.000265487221028507	0.000330687830687831
SH.DYN.MORT.FE	0.000785107734584596	0.000138074679209605	0.000165343915343915
IT.CEL.SETS.P2_min2	0.000748715344208941	0.00151855491787089	0.00140542328042328
MS.MIL.XPND.GD.ZS_min2	0.000736426301602222	5.6775881605494e-05	0.000165343915343915
AG.LND.PRCP.MM_max2	0.000731630827265222	0.00013754157234007	0.000165343915343915
EG.ELC.HYRO.ZS_max2	0.000720695576691847	0.0145332929238326	0.0108300264550265
SP.POP.2529.MA.5Y_delta1	0.000675786291909254	0.000104222392994123	0.000165343915343915
NY.GDP.FCST.CN_delta1	0.000628941058680453	2.15908282161738e-05	8.26719576719577e-05
FM.AST.NFRG.CN	0.000626109348331806	0.000429417583410567	0.000496031746031746
NE.CON.PRVT.ZS_avg2	0.000625327589972903	0.00104222392994123	0.000826719576719577
SP.POP.6064.FE.5Y_delta1	0.000605760356356012	0.000457938800930698	0.000413359788359788
SM.POP.RHCR.EA	0.000570499451854573	0.000351850533893202	0.000330687830687831
SP.POP.65UP.TO.ZS_lag1	0.00055422989707113	0.000105555160167961	8.26719576719577e-05
NY.GDP.PCAP.KD_rank	0.000540080287638101	7.7567049517365e-05	8.26719576719577e-05
SP.POP.4549.FE.5Y_lag1	0.000539095719826908	0.000308668877460855	0.000248015873015873
AG.LND.AGRI.K2_ratioavg2	0.00050289038409664	0.00205805906984047	0.0015707671957672
ER.FSH.AQUA.MT_min2	0.000485018049923271	0.00536785306934947	0.00388558201058201
TX.VAL.MANF.ZS.UN_lag1	0.00042291841823418	0.00106621373907031	0.000826719576719577
SP.POP.3034.FE.5Y_delta1	0.000418710302966739	0.00235419993586724	0.00173611111111111
AG.LND.AGRI.ZS_min2	0.000415329714727364	0.000280147659940724	0.000413359788359788
TM.VAL.MRCH.OR.ZS	0.00039823436752444	0.000232701148552095	0.000248015873015873
NV.AGR.TOTL.ZS_lag1	0.000397715825560111	0.000324395530112142	0.000413359788359788
IT.CEL.SETS.P2	0.000388091782348207	0.000142872641035422	0.000248015873015873
SP.DYN.LE00.FE.IN_lag1	0.00038287335400573	0.000207645125683943	0.000165343915343915
price_instability	0.000371982349891152	0.00246028820290474	0.00206679894179894
NY.GDP.PCAP.KD_delta1	0.000371880891299541	0.00100837164372575	0.000826719576719577
NY.ADJ.DNGY.GN.ZS	0.000360594336987911	0.000246561927160009	0.000248015873015873
SP.POP.2529.FE.5Y_delta1	0.000360322028740578	0.000468867491756169	0.000744047619047619
DT.ODA.ODAT.GN.ZS_max2	0.000339505400756928	8.60967594299275e-05	8.26719576719577e-05
NE.EXP.GNFS.ZS_delta1	0.00033948431521555	0.000212976194379294	0.000248015873015873
SH.MMR.RISK	0.000335772089061595	0.00467268171147563	0.00363756613756614
SP.POP.7074.FE.5Y_delta1	0.00033341779572779	0.0017075413031211	0.00132275132275132
SP.POP.0004.FE.5Y	0.000333040576132932	0.000180723228772417	0.000165343915343915
SE.TER.ENRR	0.00033021126444905	0.000434482098671151	0.000496031746031746
NY.ADJ.NNTY.PC.CD	0.000328392099287769	0.000126079774645064	0.000165343915343915
SH.DTH.IMRT	0.000324985339103019	0.000144205408209259	0.000165343915343915
SP.POP.4044.FE.5Y_delta1	0.000324505957850787	0.00126053119301587	0.00115740740740741
SP.POP.80UP.FE.5Y_delta1	0.000319222373536225	0.00143618990652771	0.00107473544973545
SH.DYN.MORT_lag1	0.000316919141104307	0.0012306772083219	0.000992063492063492
NV.IND.MANF.KD	0.000316414197038109	0.000117550064732502	0.000165343915343915
TX.VAL.MRCH.HI.ZS_lag1	0.000314068781657293	9.43599159077224e-05	0.000248015873015873
FS.AST.PRVT.GD.ZS	0.000312156618459704	0.000259089938594085	0.000248015873015873
SP.POP.0004.FE.5Y_lag1	0.000310783522437339	0.000482728270364083	0.000413359788359788
SH.DYN.MORT	0.000306641806950025	0.000285478728636075	0.000248015873015873
SE.ENR.PRIM.FM.ZS	0.000301160864807583	0.000115950744123896	8.26719576719577e-05
SP.POP.DPND.OL	0.000300543138042541	0.000115950744123896	8.26719576719577e-05
EN.URB.MCTY.TL.ZS	0.000293037650831602	0.000572823331315524	0.000744047619047619
FS.AST.PRVT.GD.ZS_avg2	0.00029180740769013	0.000109286908254707	0.000165343915343915
DC.DAC.DEUL.CD_avg2	0.000288399668972879	0.00012208147312355	0.000165343915343915
NE.CON.PRVT.PC.KD_avg2	0.000286956306623166	2.37232556943144e-05	8.26719576719577e-05
AG.CON.FERT.ZS_max2	0.000284380210588948	0.00017059419825125	0.000248015873015873
EN.URB.MCTY.TL.ZS_max2	0.000270095346992075	9.78251105597009e-05	0.000165343915343915
AG.LND.AGRI.K2	0.000267078256536562	0.000550965949664583	0.000496031746031746
BG.GSR.NFSV.GD.ZS_max2	0.00025648872887087	0.000113551763210988	0.000248015873015873
AG.LND.ARBL.ZS_ratioavg2	0.000251439662888244	0.00107341068180903	0.000992063492063492
SP.POP.6064.MA.5Y_rank	0.000246709883022231	9.35602556034197e-05	8.26719576719577e-05
SP.DYN.TO65.MA.ZS_rank	0.000243549170122516	0.000605875957226704	0.000496031746031746
NE.CON.PRVT.PC.KD_max2	0.000234617856057042	0.000114884530384826	0.000165343915343915
EN.GHG.CH4.BU.MT.CE.AR5_min2	0.000229464713039429	6.53055915180565e-05	8.26719576719577e-05
TM.VAL.MRCH.AL.ZS_lag1	0.000227284149590343	6.5572144952824e-05	0.000165343915343915
TX.VAL.MRCH.AL.ZS_rank	0.000221309087690265	0.000337190094980985	0.000661375661375661
SP.POP.1519.MA.5Y_delta1	0.000215239010827027	0.000169261431077412	0.000248015873015873
DC.DAC.JPNL.CD_min2	0.000210977318946809	0.000245495713420939	0.000330687830687831
NY.GSR.NFCY.CN_delta1	0.000204710461678113	0.000926273185817331	0.000744047619047619
SP.POP.7579.MA.5Y_delta1	0.000201054101452825	0.000845240941647988	0.000661375661375661
NE.IMP.GNFS.KD_delta1	0.00019225899133342	0.00027614935841921	0.000248015873015873
SP.DYN.TO65.FE.ZS_lag1	0.000190767676234081	0.00101743446050784	0.000826719576719577
EG.ELC.HYRO.ZS_lag1	0.000189743364967145	0.0111843155694128	0.00983796296296296
NV.AGR.TOTL.KD_lag1	0.000182248468219787	0.000166595896729736	0.000165343915343915
SP.POP.5054.MA.5Y	0.000181878700421749	0.00104888776581042	0.000992063492063492
FS.AST.CGOV.GD.ZS	0.000181375183194434	0.000150336137208914	0.000248015873015873
NE.CON.PRVT.PC.KD_tend2	0.000180689006810283	0.000580553380923784	0.000496031746031746
NV.AGR.TOTL.CD_lag1	0.00017834584067146	9.32937021686521e-05	8.26719576719577e-05
TX.VAL.MRCH.R6.ZS_lag1	0.000177060622018155	0.00143858888744062	0.00148809523809524
NE.CON.PRVT.ZS	0.000176287186556874	0.000991045670465853	0.000909391534391534
SP.POP.0004.MA.5Y_lag1	0.000175927814373264	0.000834312250822517	0.000661375661375661
SH.DYN.MORT.MA_lag1	0.000173294332300921	0.00238965154269133	0.00190145502645503
SH.MMR.RISK.ZS_rank	0.000170336001567191	0.000115950744123896	8.26719576719577e-05
NY.GDP.TOTL.RT.ZS_lag1	0.000167883534556462	0.00445650687587913	0.00322420634920635
SP.DYN.LE00.MA.IN	0.000159347354678284	0.00243496562660182	0.00173611111111111
SP.DYN.AMRT.FE_lag1	0.000154288250773436	0.00156626798269428	0.00124007936507937
AG.LND.AGRI.K2_ratiomax2	0.00015138938647897	0.000414224037628815	0.000330687830687831
NE.IMP.GNFS.KD.ZG_rank	0.000148388075127662	2.45229159986171e-05	8.26719576719577e-05
FP.CPI.TOTL_avg2	0.000147425111405631	0.000442478701714178	0.000578703703703704
MS.MIL.XPND.CD_min2	0.00014702053654775	2.98539846939687e-05	8.26719576719577e-05
FM.AST.NFRG.CN_min2	0.000146865537568858	0.000131677396775183	0.000248015873015873
SP.POP.6064.MA.5Y_delta1	0.00014678694066867	0.000379038984239495	0.000330687830687831
year_cycle	0.000138540641623409	0.000399297045281831	0.000413359788359788
SP.POP.1014.MA.5Y_lag1	0.00013495337354484	0.000293475331679103	0.000248015873015873
BX.GSR.CMCP.ZS	0.000117536282883781	0.00241843931364623	0.00330687830687831
IT.CEL.SETS.P2_avg2	0.000116563394536867	0.000409959182672534	0.000496031746031746
NV.IND.MANF.KD_delta1	0.000113191157161406	0.000275882804984443	0.000330687830687831
SE.SEC.ENRL_lag1	0.00010658535554688	0.000694638251004307	0.000744047619047619
EN.GHG.CH4.PI.MT.CE.AR5_tend2	0.000105011121070144	0.00173126455881542	0.00140542328042328
EG.ELC.NGAS.ZS_min2	0.000103952512920108	8.42308853865545e-05	8.26719576719577e-05
SP.ADO.TFRT	0.000102885977775969	0.00179097252820335	0.00148809523809524
NE.CON.TOTL.CD	0.00010260232786569	8.47639922560896e-05	8.26719576719577e-05
EG.ELC.NUCL.ZS_tend2	0.000102326619795145	0.00172140208172901	0.00140542328042328
SP.POP.6064.MA.5Y	0.000101519403013316	5.01120457363046e-05	8.26719576719577e-05
AG.PRD.FOOD.XD_avg2	9.91484489724156e-05	0.000311867518678066	0.000413359788359788
SP.POP.1014.FE.5Y_lag1	9.64465992939978e-05	0.000731156071567465	0.000578703703703704
BX.GSR.TRAN.ZS	9.41354460139553e-05	0.000281480427114562	0.000330687830687831
SP.POP.3034.MA.5Y_rank	9.31062269084202e-05	7.70339426478299e-05	0.000165343915343915
NE.RSB.GNFS.CN_delta1	9.20004854024812e-05	0.000989979456726782	0.000744047619047619
IT.CEL.SETS.P2_ratioavg2	9.19330441521923e-05	0.000160198614295314	0.000248015873015873
BX.GSR.TRVL.ZS	9.02758150683798e-05	0.00225957346652475	0.00264550264550265
SP.DYN.LE00.FE.IN	8.86417470326453e-05	0.00010235651895075	8.26719576719577e-05
SP.POP.7579.FE.5Y_delta1	8.78141202584668e-05	0.000594680712966465	0.000496031746031746
FI.RES.XGLD.CD_min2	8.57818905201231e-05	0.000695704464743377	0.000496031746031746
BX.KLT.DINV.WD.GD.ZS_max2	8.44541010831576e-05	8.9561954081906e-05	0.000165343915343915
NE.RSB.GNFS.CD_lag1	7.9274184956567e-05	0.00126106429988541	0.00115740740740741
NY.GDP.FCST.KD	7.727000021018e-05	0.00023216804168256	0.000413359788359788
FP.CPI.TOTL_lag1	7.63621385293726e-05	9.43599159077224e-05	0.000165343915343915
NE.CON.PRVT.KD.ZG_isNA_rank	7.47940905853744e-05	0.00343827275506698	0.00289351851851852
SP.POP.TOTL_delta1	7.45429430200692e-05	4.58471907800233e-05	0.000165343915343915
SE.SEC.ENRL.GC_delta1	6.91991897718414e-05	0.00182669068846221	0.00165343915343915
IT.CEL.SETS_ratioavg2	6.74917520884926e-05	0.000577088186271805	0.000661375661375661
EG.ELC.COAL.ZS	6.66909079421515e-05	2.34567022595468e-05	8.26719576719577e-05
TX.VAL.MRCH.R6.ZS	6.6640890225698e-05	0.000963590666684792	0.00124007936507937
BX.PEF.TOTL.CD.WD_max2	6.62494808948497e-05	0.000270818289723859	0.000330687830687831
EN.GHG.N2O.PI.MT.CE.AR5	6.56709406424501e-05	0.00236086377173643	0.00206679894179894
SG.LAW.INDX_rank	6.56095797701579e-05	0.000205512698205802	0.000330687830687831
SP.POP.5559.MA.5Y_delta1	6.0389476515898e-05	0.00048192861005978	0.000578703703703704
BM.GSR.TRVL.ZS	5.98249390759826e-05	3.35857327807148e-05	8.26719576719577e-05
TM.VAL.MRCH.AL.ZS	5.95509479578444e-05	2.0791167911871e-05	8.26719576719577e-05
SP.DYN.AMRT.MA_lag1	5.79754899092703e-05	0.000891088132428011	0.000826719576719577
BM.KLT.DINV.CD.WD_delta1	5.77902196108888e-05	7.22359808220135e-05	0.000165343915343915
NE.TRD.GNFS.ZS_delta1	5.75337229994723e-05	8.50305456908572e-05	8.26719576719577e-05
AG.LND.PRCP.MM	5.69720714747872e-05	0.000150869244078449	0.000248015873015873
SP.POP.1519.MA.5Y_lag1	5.68869811731674e-05	0.000409692629237766	0.000496031746031746
BM.GSR.FCTY.CD_ratioavg2	5.55438521399126e-05	0.000261488919506993	0.000413359788359788
SP.POP.4044.MA.5Y_delta1	5.42595778258284e-05	0.000563760514533426	0.000661375661375661
SP.POP.5559.FE.5Y_lag1	5.34586656523702e-05	0.000593347945792627	0.000496031746031746
BX.GSR.FCTY.CD_tend2	5.15696182734418e-05	0.00108700490698218	0.000992063492063492
SP.POP.5559.MA.5Y_lag1	5.01576371607354e-05	0.00182642413502744	0.00132275132275132
AG.PRD.LVSK.XD_rank	4.85944292839162e-05	0.000141806427296351	0.000248015873015873
DT.NFL.UNDP.CD_ratiomax2	4.81780905796474e-05	0.000373174808674608	0.000496031746031746
TX.VAL.MRCH.WL.CD	4.77727968255433e-05	0.000127412541818902	0.000165343915343915
TX.VAL.FOOD.ZS.UN_lag1	4.70095310014212e-05	0.000660519411354057	0.000661375661375661
AG.LND.TOTL.K2_tend2	4.68398376446728e-05	0.000968655181945376	0.00107473544973545
SP.ADO.TFRT_lag1	4.67402602188489e-05	0.001016101693334	0.000992063492063492
FI.RES.TOTL.CD	4.65543343472991e-05	0.000423286854410913	0.000496031746031746
BX.KLT.DINV.WD.GD.ZS_lag1	4.4190192421514e-05	0.00143592335309294	0.00132275132275132
TX.VAL.AGRI.ZS.UN_isNA_rank	4.19878632313473e-05	0.000112485549471918	0.000165343915343915
DT.ODA.ODAT.PC.ZS_rank	4.09880120744369e-05	0.00223105224900462	0.00173611111111111
EG.USE.ELEC.KH.PC_tend2	4.09539448868227e-05	0.000419288552889399	0.000578703703703704
IT.CEL.SETS.P2_max2	4.03083122620938e-05	0.000317731694242952	0.000496031746031746
SE.SEC.ENRL.GC.FE.ZS_lag1	3.95646601278159e-05	0.00024203051876896	0.000496031746031746
TX.VAL.FUEL.ZS.UN_delta1	3.94966195685374e-05	0.000325461743851212	0.000578703703703704
SP.POP.6569.MA.5Y_delta1	3.92581712824473e-05	0.000377972770500425	0.000330687830687831
BX.GSR.FCTY.CD_lag1	3.81264573273986e-05	3.57181602588554e-05	8.26719576719577e-05
DT.ODA.ODAT.KD_isNA_rank	3.80110235624775e-05	0.000288144262983751	0.000578703703703704
SP.POP.3034.MA.5Y_delta1	3.75687753489397e-05	0.000203380270727662	0.000330687830687831
EG.ELC.NUCL.ZS_max2	3.72679779316946e-05	6.5572144952824e-05	8.26719576719577e-05
SP.POP.3539.MA.5Y	3.681095484791e-05	0.000115950744123896	8.26719576719577e-05
IS.AIR.GOOD.MT.K1_lag1	3.60359020976869e-05	0.000105555160167961	8.26719576719577e-05
SP.DYN.CBRT.IN_delta1	3.59799074714843e-05	0.000701035533438729	0.000661375661375661
FS.AST.PRVT.GD.ZS_tend2	3.52331488878767e-05	0.000184454976859164	0.000165343915343915
IT.CEL.SETS_delta1	3.51403445328257e-05	5.91748625184022e-05	8.26719576719577e-05
IT.CEL.SETS	3.47018220152742e-05	7.54346220392244e-05	0.000248015873015873
FD.AST.PRVT.GD.ZS_tend2	3.44662553647876e-05	0.000485393804711759	0.000826719576719577
NY.GDP.PCAP.KD.ZG_delta1	3.43975603317049e-05	0.000413157823889745	0.000496031746031746
NV.IND.MANF.ZS	3.31379574434928e-05	0.000731156071567465	0.00124007936507937
SH.MMR.RISK_lag1	3.31324665074884e-05	0.00306536449982714	0.00248015873015873
EN.GHG.CH4.BU.MT.CE.AR5_lag1	3.23758563291778e-05	2.74550037810605e-05	8.26719576719577e-05
SP.POP.0509.MA.5Y	3.07724603303091e-05	0.000103955839559355	8.26719576719577e-05
NE.CON.GOVT.ZS_avg2	3.03800332332423e-05	0.000288144262983751	0.000578703703703704
AG.PRD.LVSK.XD_min2	3.01651847962816e-05	0.000943599159077224	0.000992063492063492
BX.GSR.FCTY.CD_delta1	2.98527384539871e-05	0.000368110293414024	0.000330687830687831
EN.GHG.CO2.BU.MT.CE.AR5	2.96901596174276e-05	5.41103472578182e-05	8.26719576719577e-05
EN.GHG.CH4.PI.MT.CE.AR5_delta1	2.96308896666647e-05	0.000431816564323475	0.000413359788359788
NE.GDI.TOTL.CD_isNA_rank	2.95179370345415e-05	0.00010235651895075	0.000165343915343915
NE.IMP.GNFS.KD	2.95006598533161e-05	4.39813167366503e-05	8.26719576719577e-05
DT.ODA.ODAT.GN.ZS_isNA_rank	2.94445226765524e-05	0.00401136263981727	0.00380291005291005
SP.POP.3539.MA.5Y_rank	2.90810300201375e-05	0.000579753720619481	0.000413359788359788
NY.ADJ.DMIN.GN.ZS	2.88924365088147e-05	0.000517646770318635	0.000578703703703704
EG.ELC.PETR.ZS_ratioavg2	2.79788117363865e-05	0.00222252253909206	0.00181878306878307
SP.RUR.TOTL.ZS_delta1	2.75332318513164e-05	0.00111419335732847	0.000909391534391534
TX.VAL.TRAN.ZS.WT_lag1	2.74545223885038e-05	0.000683176453309301	0.000826719576719577
FM.AST.PRVT.GD.ZS_max2	2.72001921604619e-05	0.000147937156296005	0.000165343915343915
NV.AGR.TOTL.KD_isNA_rank	2.71816211601012e-05	0.0029941947327442	0.00289351851851852
SE.PRM.AGES_rank	2.71699462833672e-05	0.000263354793550367	0.000496031746031746
SE.PRM.ENRL_delta1	2.70179503177263e-05	0.000510449827579911	0.000661375661375661
NY.GDP.TOTL.RT.ZS_rank	2.66521269837096e-05	4.45144236061854e-05	8.26719576719577e-05
SE.PRM.ENRR.FE_delta1	2.65461998728948e-05	0.00024203051876896	0.000330687830687831
NE.GDI.FTOT.ZS_lag1	2.64776741036129e-05	0.000662651838832197	0.000909391534391534
NE.CON.PRVT.ZS_min2	2.62259832992354e-05	0.000608274938139612	0.000661375661375661
FM.AST.PRVT.GD.ZS	2.59057767819991e-05	0.00017166041199032	0.000248015873015873
TX.VAL.MRCH.AL.ZS_delta1	2.56982769372213e-05	0.00020577925164057	0.000330687830687831
IS.AIR.GOOD.MT.K1	2.47060504855226e-05	0.000211110320335921	0.000165343915343915
NY.GDP.FCST.CN	2.41629474941473e-05	0.000279081446201654	0.000248015873015873
BM.GSR.NFSV.CD_tend2	2.37351238701344e-05	2.71884503462929e-05	8.26719576719577e-05
NE.CON.TOTL.KD	2.33111434653579e-05	4.13157823889745e-05	8.26719576719577e-05
NY.ADJ.AEDU.GN.ZS_isNA_rank	2.28664390409707e-05	0.00329086870564051	0.00305886243386243
FP.CPI.TOTL.ZG_lag1	2.27079431787996e-05	0.00198928828367043	0.0015707671957672
SH.DYN.NMRT	2.25624499004121e-05	4.02495686499042e-05	8.26719576719577e-05
SP.URB.GROW_lag1	2.24130876932615e-05	0.000596813140444606	0.000496031746031746
SE.PRM.ENRL.FE.ZS_lag1	2.22054148433625e-05	0.000694105144134772	0.000744047619047619
NE.CON.PRVT.ZS_max2	2.21611775464879e-05	0.000971054162858284	0.000826719576719577
TX.VAL.SERV.CD.WT_isNA_rank	2.10645119150423e-05	0.000253758869898734	0.000330687830687831
SH.MMR.RISK_delta1	2.09605737125494e-05	0.000571757117576454	0.000578703703703704
BM.TRF.PWKR.CD.DT_avg2	2.09156508538044e-05	0.00120188943736701	0.000909391534391534
DC.DAC.CECL.CD_tend2	2.0728680719126e-05	0.000413424377324513	0.000661375661375661
TX.VAL.MANF.ZS.UN_delta1	2.05986988331273e-05	0.000210843766901154	0.000496031746031746
NY.GDP.FRST.RT.ZS	2.04771083629586e-05	0.00151055831482786	0.00140542328042328
TM.VAL.INSF.ZS.WT_lag1	2.02793305804536e-05	0.000494723174928624	0.000578703703703704
SP.POP.0014.MA.ZS_lag1	2.02221589441217e-05	0.000314533053025741	0.000248015873015873
SP.DYN.TFRT.IN_delta1	2.00977099297643e-05	0.000481128949755477	0.000578703703703704
BX.KLT.DINV.CD.WD_lag1	2.00278826269193e-05	7.30356411263162e-05	0.000165343915343915
EG.USE.PCAP.KG.OE_isNA_rank	1.95493134700439e-05	0.000108753801385172	0.000248015873015873
BX.TRF.CURR.CD_tend2	1.90734016704318e-05	0.00020791167911871	0.000248015873015873
SP.POP.5559.MA.5Y	1.89764639971397e-05	0.000328660385068423	0.000413359788359788
NV.AGR.TOTL.ZS_delta1	1.88781183937363e-05	0.000171926965425087	0.000330687830687831
SP.POP.2529.FE.5Y	1.88772977225326e-05	0.000462203655886979	0.000661375661375661
DT.ODA.ODAT.PC.ZS_avg2	1.86785337629605e-05	0.000288144262983751	0.000330687830687831
TM.VAL.FUEL.ZS.UN	1.86509954290068e-05	0.000173526286033693	0.000330687830687831
PA.NUS.ATLS_lag1	1.82703513657762e-05	0.000905748571340228	0.000661375661375661
NE.CON.PRVT.KD.ZG_lag1	1.81634328864511e-05	0.000197516095162775	0.000413359788359788
TX.VAL.MRCH.WR.ZS_rank	1.81029925435171e-05	0.00113818316645756	0.00148809523809524
EN.GHG.N2O.WA.MT.CE.AR5_tend2	1.78683624979075e-05	0.000380371751413333	0.000496031746031746
DC.DAC.DEUL.CD	1.74993806152928e-05	0.000122348026558318	0.000248015873015873
NE.GDI.TOTL.ZS_delta1	1.74747985487007e-05	0.000394499083456015	0.000744047619047619
SP.POP.2024.FE.5Y_lag1	1.71480212697052e-05	0.00140926800961618	0.00140542328042328
SE.SEC.ENRR.MA	1.70612203561803e-05	9.35602556034197e-05	0.000248015873015873
NE.CON.PRVT.ZS_tend2	1.70154269892154e-05	2.90543243896659e-05	8.26719576719577e-05
NE.EXP.GNFS.ZS	1.68616056696643e-05	8.36977785170193e-05	0.000165343915343915
ER.FSH.PROD.MT_tend2	1.62657979853232e-05	0.000781801224173305	0.000992063492063492
SP.POP.2024.MA.5Y	1.61780749958828e-05	0.000310801304938995	0.000413359788359788
NE.CON.GOVT.ZS_min2	1.61366320900606e-05	0.000222039011161392	0.000330687830687831
BM.TRF.PWKR.CD.DT_min2	1.55539869835484e-05	0.000310001644634693	0.000330687830687831
DC.DAC.GBRL.CD_isNA_rank	1.54841964737878e-05	0.000299606060678757	0.000330687830687831
SH.DTH.MORT	1.53587137929424e-05	0.000109553461689474	0.000165343915343915
EN.GHG.N2O.BU.MT.CE.AR5_ratioavg2	1.52866932529134e-05	0.000269752075984788	0.000248015873015873
FM.AST.DOMS.CN_ratioavg2	1.51759891404644e-05	0.000195117114249867	0.000248015873015873
NV.IND.TOTL.KD	1.50179083174628e-05	3.17198587373417e-05	8.26719576719577e-05
IT.MLT.MAIN_delta1	1.49949090458929e-05	0.000800459964607035	0.000661375661375661
AG.PRD.CROP.XD_tend2	1.48395905250446e-05	6.1840396866078e-05	0.000165343915343915
NY.GDP.PCAP.KD.ZG_isNA_rank	1.44146112010383e-05	9.43599159077224e-05	0.000165343915343915
EN.GHG.CH4.BU.MT.CE.AR5_delta1	1.42296426583791e-05	0.00471932856255996	0.00380291005291005
EG.USE.ELEC.KH.PC	1.40511032408671e-05	9.27605952991169e-05	0.000248015873015873
TG.VAL.TOTL.GD.ZS_delta1	1.40142308235768e-05	3.7850587736996e-05	8.26719576719577e-05
NY.ADJ.DMIN.CD_delta1	1.3930006083885e-05	0.00023216804168256	0.000248015873015873
SP.POP.7074.MA.5Y_delta1	1.39228311020316e-05	2.05246144771035e-05	8.26719576719577e-05
ER.FSH.PROD.MT_ratioavg2	1.38473217548687e-05	0.000364378545327278	0.000578703703703704
FM.AST.PRVT.GD.ZS_ratioavg2	1.36965381737083e-05	0.000146071282252632	0.000330687830687831
TX.VAL.MMTL.ZS.UN_rank	1.36170593516529e-05	7.51680686044568e-05	8.26719576719577e-05
AG.PRD.CROP.XD_lag1	1.35208193821108e-05	0.00062933265948625	0.000744047619047619
EG.ELC.HYRO.ZS_min2	1.33947122660345e-05	0.00242963455790647	0.00256283068783069
EN.URB.LCTY.UR.ZS_ratioavg2	1.33507725304101e-05	0.000281213873679794	0.000496031746031746
TM.VAL.MRCH.R5.ZS_lag1	1.31183938146199e-05	0.000456339480322093	0.000496031746031746
DC.DAC.GBRL.CD_max2	1.29900716937228e-05	6.47724846485213e-05	0.000165343915343915
SP.POP.5054.MA.5Y_rank	1.29548045171401e-05	6.82376793004998e-05	8.26719576719577e-05
MS.MIL.MPRT.KD_max2	1.27920845272397e-05	0.000246561927160009	0.000330687830687831
SP.POP.5054.FE.5Y	1.26046593166935e-05	0.00119309317401968	0.000992063492063492
BM.KLT.DINV.WD.GD.ZS_avg2	1.25589672332196e-05	0.000417156125411259	0.000496031746031746
SP.POP.4549.FE.5Y	1.25495205703498e-05	0.000256157850811642	0.000330687830687831
MS.MIL.XPND.GD.ZS_tend2	1.21435042569837e-05	0.000205512698205802	0.000413359788359788
BM.TRF.PWKR.CD.DT_lag1	1.18309292948807e-05	0.000711431117394664	0.000661375661375661
EG.USE.ELEC.KH.PC_min2	1.17331850124924e-05	7.99660304302732e-05	0.000165343915343915
SP.POP.1519.FE.5Y	1.16949095431003e-05	0.000780735010434234	0.000744047619047619
BM.KLT.DINV.CD.WD_lag1	1.153785825062e-05	0.000318264801112487	0.000413359788359788
MS.MIL.MPRT.KD_delta1	1.15292296260701e-05	0.000295607759157243	0.000330687830687831
FM.AST.PRVT.GD.ZS_lag1	1.14878880899478e-05	0.000245229159986171	0.000248015873015873
NY.ADJ.DFOR.GN.ZS_isNA_rank	1.14279072648911e-05	0.000570690903837383	0.000578703703703704
EN.GHG.N2O.AG.MT.CE.AR5_ratioavg2	1.12664128773661e-05	5.94414159531698e-05	0.000165343915343915
BM.GSR.GNFS.CD_isNA_rank	1.12621044054591e-05	0.000268152755376183	0.000578703703703704
FP.CPI.TOTL.ZG	1.12078681867899e-05	0.000107421034211334	0.000248015873015873
IT.MLT.MAIN.P2_rank	1.11804265446872e-05	0.000208977892857781	0.000165343915343915
human_capital_priority_delta1	1.10087185746424e-05	0.000446210449800925	0.000496031746031746
NV.AGR.TOTL.ZS_rank	1.09949996271897e-05	4.9845492301537e-05	8.26719576719577e-05
SH.DTH.IMRT_delta1	1.08750437477145e-05	0.000151668904382752	0.000248015873015873
DC.DAC.TOTL.CD_max2	1.08408715920303e-05	7.41018548653865e-05	8.26719576719577e-05
NY.GDP.TOTL.RT.ZS	1.08033780947548e-05	5.38437938230506e-05	8.26719576719577e-05
EN.GHG.CH4.AG.MT.CE.AR5_max2	1.07905970029441e-05	2.79881106505956e-05	8.26719576719577e-05
SE.SEC.ENRR.FE	1.05902034415689e-05	7.78336029521326e-05	0.000165343915343915
SP.POP.2529.FE.5Y_lag1	1.05810916096947e-05	0.00407160371607475	0.00314153439153439
NE.EXP.GNFS.KD.ZG_lag1	1.04493076093529e-05	0.000107154480776566	0.000165343915343915
DT.NFL.UNDP.CD_ratioavg2	1.03788059614647e-05	0.000286278388940378	0.000496031746031746
NE.CON.PRVT.KD_ratioavg2	1.03649170418538e-05	2.50560228681523e-05	8.26719576719577e-05
SP.POP.6064.FE.5Y	1.02491264506878e-05	0.000680244365526858	0.000744047619047619
BX.KLT.DINV.CD.WD_max2	1.02111416149124e-05	2.34567022595468e-05	8.26719576719577e-05
FP.CPI.TOTL.ZG_min2	1.0049498832226e-05	0.000311067858373763	0.000496031746031746
SP.POP.1564.TO.ZS_delta1	1.00048985259153e-05	0.000229502507334884	0.000413359788359788
TX.VAL.MMTL.ZS.UN	9.90084435821526e-06	0.000510183274145143	0.000661375661375661
ER.FSH.CAPT.MT_delta1	9.83308657614913e-06	0.000482461716929315	0.000413359788359788
NE.CON.GOVT.CD_ratioavg2	9.82994406021064e-06	0.000779935350129932	0.00107473544973545
SE.PRM.ENRR.FE_lag1	9.78897812134719e-06	0.000515780896275262	0.000496031746031746
DT.ODA.ODAT.CD_ratioavg2	9.6964944132433e-06	9.1427828125279e-05	0.000165343915343915
SE.SEC.ENRR.MA_lag1	9.36945233739356e-06	0.00158066186817173	0.0015707671957672
NY.ADJ.AEDU.GN.ZS_lag1	9.30899534353196e-06	0.000722626361654902	0.000744047619047619
MS.MIL.XPND.GD.ZS_ratioavg2	9.27550712241717e-06	0.000224704545509068	0.000413359788359788
NY.GSR.NFCY.CD	9.20324695220589e-06	0.000253225763029199	0.000413359788359788
SE.PRM.ENRL	9.16133206077541e-06	0.000126879434949367	0.000248015873015873
EN.GHG.ALL.PC.CE.AR5_lag1	8.68623293849908e-06	0.000163130702077757	0.000248015873015873
NV.IND.TOTL.KD_isNA_rank	8.6395308375452e-06	5.91748625184022e-05	8.26719576719577e-05
EG.ELC.HYRO.ZS	8.55873459909057e-06	0.000817785937866928	0.000992063492063492
SP.POP.65UP.FE.ZS_delta1	8.53234976196207e-06	0.000741818208958168	0.000578703703703704
AG.YLD.CREL.KG	8.53168722027485e-06	0.000347852232371689	0.000248015873015873
SE.PRM.ENRR.MA_lag1	8.51189030283305e-06	0.000170327644816482	0.000248015873015873
NY.GDS.TOTL.ZS	8.48615786802603e-06	0.000596013480140303	0.000578703703703704
EG.USE.ELEC.KH.PC_isNA_rank	8.40532325790814e-06	4.37147633018827e-05	8.26719576719577e-05
BM.GSR.TRVL.ZS_tend2	8.16109172785809e-06	0.000236966003508376	0.000330687830687831
FI.RES.XGLD.CD_ratioavg2	8.12477372251617e-06	0.0057556883169363	0.00512566137566138
MS.MIL.MPRT.KD	7.83764510289095e-06	0.00859581516438484	0.00677910052910053
BM.GSR.TRVL.ZS_rank	7.76802635432208e-06	3.9716461780369e-05	8.26719576719577e-05
TM.VAL.MRCH.HI.ZS	7.72811115019252e-06	9.78251105597009e-05	0.000165343915343915
TM.VAL.MRCH.HI.ZS_rank	7.72142515492603e-06	0.000260156152333156	0.000578703703703704
SP.DYN.CBRT.IN_lag1	7.71359236504036e-06	0.000103955839559355	8.26719576719577e-05
NY.GDP.PETR.RT.ZS	7.62640913849743e-06	0.00182162617320162	0.00198412698412698
SE.PRM.ENRL.FE.ZS	7.59720209952806e-06	0.00109526806345998	0.00115740740740741
TM.VAL.OTHR.ZS.WT_lag1	7.59215924520206e-06	0.000752480346348871	0.00107473544973545
SE.PRM.DURS_rank	7.54704698412578e-06	0.000900950609514411	0.000909391534391534
BX.TRF.PWKR.CD.DT_avg2	7.53685380594206e-06	3.51850533893202e-05	8.26719576719577e-05
SP.DYN.TO65.FE.ZS_delta1	7.45351379994193e-06	8.60967594299275e-05	0.000248015873015873
TX.VAL.MRCH.OR.ZS_lag1	7.42610032684204e-06	0.000343853930850175	0.000578703703703704
DT.ODA.ODAT.PC.ZS	7.41815657419175e-06	0.000366244419370651	0.000496031746031746
BX.TRF.CURR.CD_ratioavg2	7.3905881712613e-06	0.000118083171602037	0.000330687830687831
BX.GRT.TECH.CD.WD_tend2	7.38982013782159e-06	0.000130877736470881	0.000330687830687831
SP.POP.GROW_delta1	7.38639729512373e-06	0.000627466785442877	0.000661375661375661
MS.MIL.XPND.CD_ratiomax2	7.38272041664482e-06	9.51595762120251e-05	8.26719576719577e-05
BM.GSR.NFSV.CD_ratioavg2	7.34025844692753e-06	0.00056882502979401	0.000661375661375661
SE.PRM.ENRL.FE.ZS_delta1	7.29192441641266e-06	0.0028100063093198	0.0027281746031746
BX.PEF.TOTL.CD.WD_tend2	7.26099309417503e-06	0.000686641647961279	0.000578703703703704
SP.POP.0509.FE.5Y_delta1	7.21585888377243e-06	0.00572503467193803	0.00537367724867725
EG.ELC.HYRO.ZS_rank	7.20555584580217e-06	0.000643459991528932	0.000744047619047619
TM.VAL.MMTL.ZS.UN_lag1	7.12546640807647e-06	0.000195650221119402	0.000248015873015873
EG.ELC.NUCL.ZS_ratioavg2	7.10555079439532e-06	0.000759943842522363	0.000909391534391534
EN.GHG.CO2.IC.MT.CE.AR5_tend2	7.02921370237295e-06	0.000766074571522018	0.000578703703703704
FP.CPI.TOTL_isNA_rank	6.97813523264252e-06	0.000277748679027816	0.000413359788359788
TX.VAL.FUEL.ZS.UN_isNA_rank	6.93239934487166e-06	0.00158359395595418	0.0015707671957672
BX.KLT.DINV.CD.WD_isNA_rank	6.92547295055395e-06	0.000374507575848446	0.000496031746031746
BM.GSR.TRAN.ZS	6.87949118973194e-06	0.000125813221210297	0.000248015873015873
SP.DYN.TO65.MA.ZS_lag1	6.81325760145629e-06	0.000294541545418173	0.000330687830687831
SP.POP.65UP.TO.ZS_delta1	6.76340117804503e-06	0.000115950744123896	8.26719576719577e-05
NY.GSR.NFCY.CD_delta1	6.76321863285337e-06	0.000255891297376874	0.000413359788359788
NY.GDP.DEFL.ZS_isNA_rank	6.64650093043191e-06	0.00313653426691008	0.00248015873015873
IT.CEL.SETS.P2_ratiomax2	6.6390566817258e-06	9.38268090381872e-05	8.26719576719577e-05
SP.POP.0004.FE.5Y_delta1	6.55715352426231e-06	0.000842042300430777	0.000909391534391534
SE.SEC.ENRL.GC.FE.ZS_delta1	6.48808368524909e-06	0.00112778758250162	0.00140542328042328
clase_isNA_rank	6.44380733251297e-06	0.00101663480020354	0.00132275132275132
DC.DAC.CANL.CD_isNA_rank	6.4116790984899e-06	0.000621336056443223	0.000744047619047619
NV.IND.TOTL.CN_isNA_rank	6.35810220411408e-06	0.000401162919325204	0.000496031746031746
AG.LND.ARBL.HA_ratioavg2	6.2377860121018e-06	0.0012306772083219	0.00115740740740741
PA.NUS.FCRF_delta1	6.11923993300374e-06	0.000957459937685138	0.000744047619047619
NY.ADJ.DFOR.CD_rank	6.10452424376488e-06	0.00030920198433039	0.000248015873015873
BX.TRF.CURR.CD_max2	6.098963767501e-06	4.13157823889745e-05	8.26719576719577e-05
BX.GRT.TECH.CD.WD_ratioavg2	6.01755281110898e-06	0.000566959155750637	0.000661375661375661
SP.POP.2024.MA.5Y_delta1	5.99076670281418e-06	0.000363312331588208	0.000413359788359788
DC.DAC.USAL.CD	5.7871277867941e-06	9.40933624729548e-05	0.000248015873015873
AG.CON.FERT.ZS_delta1	5.75473745211143e-06	3.83836946065312e-05	8.26719576719577e-05
BX.GSR.CMCP.ZS_isNA_rank	5.75318475214878e-06	3.01205381287362e-05	8.26719576719577e-05
SE.SEC.ENRR.FE_delta1	5.69441690502296e-06	0.000131144289905648	0.000165343915343915
BM.GSR.TOTL.CD_min2	5.68509885878659e-06	3.17198587373417e-05	8.26719576719577e-05
DT.ODA.ODAT.KD	5.6535159862579e-06	0.000265753774463275	0.000248015873015873
BM.GSR.TRVL.ZS_ratioavg2	5.64168915928856e-06	0.000458738461235001	0.000413359788359788
IS.AIR.GOOD.MT.K1_min2	5.63020670828436e-06	7.22359808220135e-05	0.000165343915343915
TX.VAL.FOOD.ZS.UN_delta1	5.61898388102721e-06	0.000167395557034039	0.000330687830687831
FP.CPI.TOTL_tend2	5.6104395302985e-06	4.63802976495585e-05	0.000165343915343915
DC.DAC.GBRL.CD_avg2	5.60485907680907e-06	0.000331325919416099	0.000496031746031746
NE.DAB.TOTL.CD	5.45243556546706e-06	2.10577213466386e-05	8.26719576719577e-05
TX.VAL.MRCH.HI.ZS_delta1	5.40888199453523e-06	0.000264687560724204	0.000496031746031746
SP.RUR.TOTL_delta1	5.404272314294e-06	7.5701175473992e-05	0.000248015873015873
EN.URB.LCTY.UR.ZS_tend2	5.38402224884754e-06	0.000280947320245027	0.000578703703703704
DC.DAC.CANL.CD_ratiomax2	5.37009445570465e-06	9.03616143862087e-05	0.000165343915343915
AG.LND.CREL.HA_tend2	5.3661168266607e-06	0.000658120430441149	0.000909391534391534
EN.URB.MCTY.TL.ZS_tend2	5.35498116519245e-06	0.000445410789496622	0.000661375661375661
DT.ODA.ALLD.KD	5.25741424984662e-06	0.000599745228227049	0.000744047619047619
NE.GDI.TOTL.ZS_lag1	5.2305560342176e-06	0.00486513329137782	0.00504298941798942
BX.TRF.CURR.CD_isNA_rank	5.1906585316024e-06	0.000145804728817865	0.000248015873015873
SP.POP.1014.MA.5Y	5.17618079435376e-06	8.50305456908572e-05	8.26719576719577e-05
PA.NUS.ATLS_delta1	5.0899777066936e-06	0.00123254308236528	0.000909391534391534
EN.GHG.CH4.WA.MT.CE.AR5_tend2	5.06810602891548e-06	0.000111685889167615	0.000248015873015873
SH.DYN.NMRT_delta1	5.05908688743105e-06	0.000411825056715907	0.000496031746031746
EN.GHG.CO2.PI.MT.CE.AR5_tend2	5.00833422941218e-06	0.00033559077437238	0.000413359788359788
NY.ADJ.DKAP.CD_delta1	4.91522836718867e-06	0.000157266526512871	0.000248015873015873
SP.DYN.AMRT.MA	4.91346051872769e-06	2.69218969115253e-05	8.26719576719577e-05
SE.SEC.ENRR.FE_lag1	4.90221795779774e-06	0.00017272662572939	0.000330687830687831
SP.DYN.LE00.FE.IN_rank	4.90144468618422e-06	5.01120457363046e-05	8.26719576719577e-05
BM.KLT.DINV.CD.WD_avg2	4.89704014296505e-06	9.51595762120251e-05	8.26719576719577e-05
NV.SRV.TOTL.CD_isNA_rank	4.89360865940228e-06	0.000620802949573688	0.000826719576719577
TX.VAL.MRCH.WR.ZS_lag1	4.83750223831666e-06	0.00178830699385568	0.00256283068783069
EN.GHG.CO2.IC.MT.CE.AR5_ratioavg2	4.83146054948137e-06	0.000129011862427507	0.000330687830687831
SP.DYN.LE00.IN	4.79033179412798e-06	0.000105821713602728	8.26719576719577e-05
NE.CON.PRVT.KD.ZG_ratiomax2	4.73751521495723e-06	0.000126612881514599	0.000330687830687831
YearsSinceFirst_lag1	4.70594648015969e-06	0.00697170508634599	0.00578703703703704
SH.IMM.MEAS_lag1	4.67647834839383e-06	4.93123854320018e-05	8.26719576719577e-05
TX.VAL.MRCH.R4.ZS_lag1	4.65313100085491e-06	0.00108913733446032	0.00115740740740741
NY.GDP.PCAP.KD.ZG_rank	4.62983692424485e-06	5.43769006925858e-05	8.26719576719577e-05
BM.GSR.TRVL.ZS_delta1	4.61922164118712e-06	0.000227103526421976	0.000330687830687831
NY.GDP.FCST.CN_isNA_rank	4.54217544031163e-06	0.00124107279227784	0.000992063492063492
EN.GHG.CO2.FE.MT.CE.AR5_tend2	4.53855918449441e-06	0.000503519438275954	0.000413359788359788
NV.IND.TOTL.KD.ZG_lag1	4.51892770958862e-06	8.9561954081906e-05	0.000165343915343915
SP.POP.65UP.MA.ZS_delta1	4.49513846639762e-06	0.00068104402583116	0.000578703703703704
FD.AST.PRVT.GD.ZS_avg2	4.48151812860084e-06	3.14533053025741e-05	8.26719576719577e-05
IS.AIR.DPRT_ratioavg2	4.47831558931827e-06	5.70424350402616e-05	8.26719576719577e-05
EN.GHG.CO2.IP.MT.CE.AR5_tend2	4.4716102965978e-06	5.27775800839803e-05	8.26719576719577e-05
EN.GHG.CH4.MT.CE.AR5_ratioavg2	4.38382538294592e-06	7.70339426478299e-05	8.26719576719577e-05
BM.GSR.FCTY.CD_tend2	4.36505490866949e-06	0.000194850560815099	0.000248015873015873
SP.POP.TOTL.FE.ZS	4.3343860596952e-06	0.00073062296469793	0.000661375661375661
SP.POP.TOTL.MA.ZS_lag1	4.26279302987257e-06	0.000572023671011221	0.000578703703703704
DC.DAC.DEUL.CD_rank	4.24485271998341e-06	0.000764208697478644	0.000661375661375661
SP.POP.1564.MA.ZS_delta1	4.17312708781983e-06	0.000135142591427162	0.000248015873015873
SP.POP.80UP.MA.5Y_delta1	4.1456931439125e-06	8.60967594299275e-05	0.000248015873015873
BX.GSR.NFSV.CD	4.13563458804947e-06	0.000186587404337304	0.000248015873015873
NY.GSR.NFCY.CN_rank	4.12620048968112e-06	0.000210577213466386	0.000165343915343915
NE.EXP.GNFS.KD.ZG	4.10749843545192e-06	6.47724846485213e-05	0.000165343915343915
EN.GHG.N2O.WA.MT.CE.AR5_ratioavg2	3.98222863247011e-06	0.000317731694242952	0.000661375661375661
EN.GHG.CH4.BU.MT.CE.AR5_avg2	3.95766966846805e-06	2.15908282161738e-05	8.26719576719577e-05
SP.DYN.AMRT.MA_delta1	3.91713454185371e-06	0.000172993179164158	0.000248015873015873
NE.CON.PRVT.KD_max2	3.88053184027434e-06	2.29235953900117e-05	8.26719576719577e-05
TM.VAL.SERV.CD.WT	3.85368204327955e-06	0.000553898037447026	0.000496031746031746
SE.PRM.ENRL.FE.ZS_isNA_rank	3.852888982296e-06	0.00193624415015168	0.00181878306878307
NV.SRV.TOTL.KD_delta1	3.80658609406281e-06	0.00019911541577138	0.000248015873015873
SH.STA.MMRT_rank	3.78245663230257e-06	0.000122614579993086	0.000330687830687831
SE.SEC.ENRR_lag1	3.74732471613874e-06	6.45059312137537e-05	8.26719576719577e-05
SP.POP.0014.TO.ZS	3.74354775435768e-06	0.000105555160167961	8.26719576719577e-05
FP.CPI.TOTL.ZG_ratioavg2	3.73603224008642e-06	8.98285075166736e-05	0.000165343915343915
NV.SRV.TOTL.KD_isNA_rank	3.67130655782088e-06	0.000210044106596851	0.000330687830687831
BM.GSR.TOTL.CD_isNA_rank	3.66542342627391e-06	0.000122348026558318	0.000165343915343915
NY.GDP.FCST.CD_isNA_rank	3.6561933622543e-06	0.000352916747632273	0.000578703703703704
FI.RES.XGLD.CD_tend2	3.65480893428367e-06	0.00012208147312355	0.000165343915343915
BM.KLT.DINV.WD.GD.ZS_lag1	3.62337766894172e-06	8.63633128646951e-05	0.000165343915343915
FI.RES.XGLD.CD	3.61890879147683e-06	0.000292409117940032	0.000496031746031746
SH.DYN.MORT.FE_delta1	3.50453077562275e-06	0.000771672193652137	0.000661375661375661
EG.ELC.HYRO.ZS_avg2	3.44824643056846e-06	0.000803392052389478	0.000909391534391534
TX.VAL.OTHR.ZS.WT	3.43985441425457e-06	0.000783133991347142	0.000909391534391534
DC.DAC.CECL.CD_ratioavg2	3.43543451858924e-06	0.000408359862063929	0.000413359788359788
TM.VAL.MRCH.R1.ZS_lag1	3.41887356679919e-06	0.000661852178527895	0.000661375661375661
DT.ODA.ODAT.KD_max2	3.39657938746864e-06	0.000158066186817173	0.000165343915343915
SP.POP.2024.FE.5Y	3.39223078224e-06	0.000430750350584405	0.000413359788359788
NY.GDS.TOTL.ZS_isNA_rank	3.37922277616444e-06	0.00111206092985033	0.00132275132275132
FM.AST.PRVT.GD.ZS_delta1	3.33629023412964e-06	9.22274884295818e-05	8.26719576719577e-05
DC.DAC.FRAL.CD	3.26274196747853e-06	0.000296407419461546	0.000413359788359788
BM.GSR.CMCP.ZS_min2	3.25563619494537e-06	0.000253225763029199	0.000248015873015873
BX.GRT.TECH.CD.WD_max2	3.18442870305356e-06	0.000190585705858818	0.000248015873015873
SP.POP.TOTL.FE.ZS_lag1	3.15650705339695e-06	0.000519246090927241	0.000578703703703704
EN.GHG.CO2.IC.MT.CE.AR5	3.13136768485955e-06	9.51595762120251e-05	8.26719576719577e-05
AG.YLD.CREL.KG_min2	3.10936740714254e-06	0.000727424323480719	0.000578703703703704
EN.GHG.CH4.BU.MT.CE.AR5_tend2	3.08624735424417e-06	0.00694638251004307	0.00570436507936508
SH.MMR.RISK.ZS_lag1	3.08445004916416e-06	0.00145511520039621	0.00132275132275132
NY.ADJ.AEDU.GN.ZS_delta1	3.06966982213868e-06	0.00917823441935199	0.00843253968253968
DC.DAC.FRAL.CD_isNA_rank	3.05789666066683e-06	0.00268126100032706	0.00281084656084656
DT.NFL.UNDP.CD_max2	3.05651974308615e-06	0.000485393804711759	0.000661375661375661
BM.KLT.DINV.CD.WD_min2	3.00622255054514e-06	0.000106088267037496	0.000248015873015873
SP.POP.DPND_delta1	3.00607968630635e-06	0.000335857327807148	0.000496031746031746
TX.VAL.FUEL.ZS.UN_lag1	2.99470231355653e-06	4.61137442147909e-05	0.000165343915343915
AG.LND.AGRI.K2_delta1	2.98483965709119e-06	2.47894694333847e-05	8.26719576719577e-05
EG.ELC.FOSL.ZS_max2	2.98172579142101e-06	0.000416356465106956	0.000413359788359788
SP.POP.1564.FE.ZS	2.97973620766962e-06	3.99830152151366e-05	8.26719576719577e-05
EG.ELC.HYRO.ZS_tend2	2.95057150019581e-06	0.000848439582865199	0.00107473544973545
AG.PRD.LVSK.XD_ratioavg2	2.92887990579063e-06	0.000192984686771726	0.000248015873015873
TM.VAL.TRAN.ZS.WT_delta1	2.89827063620668e-06	0.000995577078856902	0.00132275132275132
NE.CON.PRVT.PC.KD_ratioavg2	2.89539637058879e-06	0.000172460072294623	0.000248015873015873
DT.ODA.ODAT.GN.ZS_lag1	2.89138348978827e-06	0.000120482152514945	0.000165343915343915
TX.VAL.MANF.ZS.UN	2.85722822842135e-06	0.000211110320335921	0.000165343915343915
TX.VAL.AGRI.ZS.UN_lag1	2.84935550209381e-06	0.00085163822408241	0.00124007936507937
BX.GRT.TECH.CD.WD_isNA_rank	2.84934682750318e-06	0.00272364299645511	0.00289351851851852
AG.PRD.FOOD.XD_rank	2.83003241130769e-06	2.47894694333847e-05	8.26719576719577e-05
NV.SRV.TOTL.KD.ZG_delta1	2.8194959132951e-06	0.0002828131942884	0.000413359788359788
DT.ODA.ODAT.CD_rank	2.79341995727649e-06	0.00049845492301537	0.000413359788359788
TM.VAL.AGRI.ZS.UN_lag1	2.76075120668115e-06	2.05246144771035e-05	8.26719576719577e-05
TM.VAL.TRVL.ZS.WT_delta1	2.75542518752095e-06	0.000306803003417482	0.000496031746031746
DC.DAC.JPNL.CD_max2	2.73550107786679e-06	8.74295266037654e-05	0.000248015873015873
BM.GSR.TRAN.ZS_ratioavg2	2.7339822602533e-06	0.000692239270091399	0.000744047619047619
NY.ADJ.DRES.GN.ZS_isNA_rank	2.69423067637942e-06	0.00156280278804231	0.00132275132275132
SP.POP.5054.FE.5Y_lag1	2.68076005626987e-06	0.000358247816327624	0.000330687830687831
NY.GSR.NFCY.CN	2.6615756866971e-06	0.00103102868568099	0.000992063492063492
BM.GSR.NFSV.CD_max2	2.64012247004547e-06	0.000261755472941761	0.000248015873015873
SE.SEC.ENRR.FE_isNA_rank	2.60007659074323e-06	7.94329235607381e-05	0.000165343915343915
BX.GSR.TRAN.ZS_min2	2.55667690581431e-06	9.11612746905115e-05	8.26719576719577e-05
SE.ENR.PRIM.FM.ZS_delta1	2.55390769581899e-06	0.00168515081460062	0.00206679894179894
TX.VAL.MRCH.R3.ZS_rank	2.53115803374584e-06	0.000133809824253324	0.000248015873015873
MS.MIL.MPRT.KD_min2	2.49401314735627e-06	0.000119415938775875	0.000165343915343915
SM.POP.NETM_rank	2.49344191844262e-06	0.000251093335551058	0.000248015873015873
TX.VAL.MRCH.OR.ZS_delta1	2.49028442498376e-06	0.000331325919416099	0.000578703703703704
BM.GSR.CMCP.ZS_lag1	2.45920752163098e-06	0.00105555160167961	0.00115740740740741
SH.DTH.MORT_rank	2.45571641512715e-06	3.81171411717636e-05	8.26719576719577e-05
SE.PRM.TCHR_lag1	2.45226317042849e-06	0.000395831850629852	0.000413359788359788
FM.AST.DOMS.CN	2.44170700382842e-06	0.000192451579902191	0.000330687830687831
DC.DAC.GBRL.CD_rank	2.42206144175889e-06	0.00312560557608461	0.00297619047619048
SM.POP.RHCR.EO	2.39818448346921e-06	3.94499083456015e-05	8.26719576719577e-05
SP.POP.TOTL.MA.ZS	2.39739139731388e-06	0.000362779224718673	0.000330687830687831
NY.ADJ.DFOR.CD_isNA_rank	2.38951454707669e-06	0.00150042928430669	0.00198412698412698
NY.GDS.TOTL.ZS_lag1	2.37753385211149e-06	0.000178324247859509	0.000248015873015873
FM.AST.DOMS.CN_min2	2.36544082110382e-06	0.000576288525967502	0.000496031746031746
BX.TRF.PWKR.DT.GD.ZS_tend2	2.35622925638708e-06	0.000211376873770689	0.000413359788359788
IT.CEL.SETS_tend2	2.35215161519417e-06	0.000131144289905648	0.000165343915343915
BM.TRF.PWKR.CD.DT_tend2	2.3465833691499e-06	0.000770872533347834	0.000826719576719577
BM.KLT.DINV.WD.GD.ZS_ratioavg2	2.32390262382944e-06	0.000675712957135809	0.00107473544973545
EN.GHG.CO2.FE.MT.CE.AR5_ratioavg2	2.31813996646621e-06	0.000167395557034039	0.000248015873015873
FS.AST.PRVT.GD.ZS_min2	2.31513429781478e-06	0.000455006713148255	0.000413359788359788
EG.ELC.NUCL.ZS_delta1	2.31041352881946e-06	9.35602556034197e-05	8.26719576719577e-05
AG.LND.AGRI.K2_tend2	2.28306463787538e-06	0.000404095007107647	0.000413359788359788
EN.GHG.N2O.MT.CE.AR5_tend2	2.26894819057497e-06	0.00524817057713883	0.0042989417989418
BM.GSR.TRAN.ZS_max2	2.20133403791043e-06	5.33106869535155e-05	0.000165343915343915
SP.DYN.TFRT.IN_lag1	2.16177753869849e-06	0.00103102868568099	0.000992063492063492
NY.GDP.DEFL.KD.ZG_rank	2.15985957437297e-06	0.000694105144134772	0.000826719576719577
SE.ENR.PRIM.FM.ZS_lag1	2.15459480142555e-06	0.000900150949210109	0.000909391534391534
SH.MMR.RISK.ZS	2.15024987487912e-06	0.000791397147824937	0.000578703703703704
SP.POP.TOTL.FE.ZS_delta1	2.12091635315626e-06	0.00654761857163077	0.00553902116402116
EG.ELC.HYRO.ZS_ratioavg2	2.11958286297499e-06	0.0014535158797876	0.00115740740740741
NV.IND.TOTL.KD_delta1	2.10548683696452e-06	0.000171393858555552	0.000330687830687831
BX.TRF.CURR.CD_delta1	2.09647306362321e-06	0.000279081446201654	0.000248015873015873
FS.AST.CGOV.GD.ZS_ratioavg2	2.03816881703551e-06	0.00417049504037352	0.00305886243386243
TM.VAL.MRCH.OR.ZS_delta1	2.03504777851273e-06	0.000380638304848101	0.000413359788359788
EN.GHG.CO2.PI.MT.CE.AR5_max2	2.01243306271183e-06	0.000227370079856744	0.000248015873015873
TX.VAL.MRCH.R1.ZS_delta1	2.00600475459021e-06	0.000142606087600654	0.000248015873015873
NV.IND.TOTL.CN_rank	2.00526515305637e-06	3.41188396502499e-05	8.26719576719577e-05
EN.GHG.CO2.MT.CE.AR5_tend2	2.00141245054244e-06	0.000248427801203382	0.000248015873015873
TX.VAL.MRCH.AL.ZS_lag1	1.9963241054775e-06	0.000125813221210297	0.000330687830687831
SM.POP.RHCR.EO_lag1	1.98900123942224e-06	0.000212976194379294	0.000413359788359788
DT.ODA.ALLD.CD_isNA_rank	1.97020722677454e-06	5.43769006925858e-05	0.000165343915343915
IT.MLT.MAIN.P2_lag1	1.96614600569073e-06	0.000106621373907031	0.000165343915343915
EN.GHG.CH4.IC.MT.CE.AR5_delta1	1.9386926932408e-06	0.000501387010797813	0.000578703703703704
IS.AIR.PSGR_isNA_rank	1.93809978895775e-06	3.70509274326933e-05	8.26719576719577e-05
DC.DAC.CECL.CD	1.91873594023025e-06	0.000651723148006727	0.000909391534391534
DT.NFL.UNDP.CD_rank	1.91641508576696e-06	0.00138501164705233	0.00107473544973545
DC.DAC.USAL.CD_tend2	1.91559657403368e-06	0.000738086460871422	0.000909391534391534
BM.GSR.NFSV.CD	1.88501349995038e-06	0.000495256281798159	0.000413359788359788
BG.GSR.NFSV.GD.ZS_ratioavg2	1.88454483824571e-06	0.000812188315736808	0.00115740740740741
NV.SRV.TOTL.KD.ZG	1.88253585512907e-06	4.66468510843261e-05	0.000165343915343915
NE.EXP.GNFS.ZS_isNA_rank	1.87419477523771e-06	0.00107127825433089	0.00115740740740741
IS.AIR.PSGR_tend2	1.86806899632733e-06	0.000875894586646259	0.000744047619047619
TX.VAL.MMTL.ZS.UN_lag1	1.85798448307421e-06	0.000550432842795047	0.000661375661375661
NE.CON.TOTL.KD.ZG_isNA_rank	1.85596100483754e-06	4.02495686499042e-05	8.26719576719577e-05
TM.VAL.MMTL.ZS.UN_isNA_rank	1.85052904081796e-06	8.39643319517869e-05	8.26719576719577e-05
EN.GHG.CH4.PI.MT.CE.AR5_max2	1.84420981967687e-06	8.90288472123709e-05	8.26719576719577e-05
FI.RES.TOTL.MO_delta1	1.80499860026295e-06	3.91833549108339e-05	8.26719576719577e-05
SE.PRM.TCHR_isNA_rank	1.79565562979804e-06	9.54261296467927e-05	8.26719576719577e-05
NV.IND.MANF.ZS_lag1	1.78973856127425e-06	0.000381971072021938	0.000413359788359788
TM.VAL.MRCH.R6.ZS_delta1	1.78413769126803e-06	0.000286544942375146	0.000413359788359788
FI.RES.TOTL.CD_lag1	1.77825848841415e-06	0.000201514396684289	0.000165343915343915
TM.VAL.TRVL.ZS.WT_rank	1.76369796133247e-06	0.000166862450164503	0.000248015873015873
BM.KLT.DINV.CD.WD_ratioavg2	1.76196768412406e-06	0.00037850587736996	0.000578703703703704
NY.ADJ.AEDU.GN.ZS	1.72721247324996e-06	0.00131517464714323	0.00115740740740741
EN.GHG.CO2.PI.MT.CE.AR5_delta1	1.7064368350184e-06	0.000282546640853632	0.000248015873015873
AG.CON.FERT.ZS	1.69763966149932e-06	9.40933624729548e-05	0.000248015873015873
NY.GDP.MKTP.KD_isNA_rank	1.68094854747243e-06	0.00110566364741591	0.00115740740740741
BM.GSR.TRAN.ZS_tend2	1.62845827750866e-06	0.00105661781541868	0.00140542328042328
NE.RSB.GNFS.CD	1.55239066558206e-06	3.62512671283905e-05	8.26719576719577e-05
PA.NUS.FCRF_isNA_rank	1.53753365365572e-06	0.00036970961402263	0.000413359788359788
NV.SRV.TOTL.ZS_isNA_rank	1.53608073086279e-06	7.51680686044568e-05	0.000165343915343915
SP.POP.2024.FE.5Y_delta1	1.53529133903504e-06	0.000250027121811988	0.000330687830687831
SP.POP.TOTL.MA.ZS_rank	1.50303498039616e-06	9.54261296467927e-05	8.26719576719577e-05
TM.VAL.MRCH.R1.ZS	1.4986850102448e-06	0.00216388078344319	0.00231481481481482
BM.GSR.INSF.ZS_max2	1.43993916510206e-06	0.00251759719137977	0.00206679894179894
NE.TRD.GNFS.ZS_isNA_rank	1.4162256747024e-06	0.000384370052934847	0.000496031746031746
BX.GSR.TRVL.ZS_tend2	1.40665523258691e-06	0.000301205381287362	0.000496031746031746
NY.GSR.NFCY.CN_lag1	1.38126696569945e-06	0.000631998193833926	0.000496031746031746
SE.SEC.ENRR_rank	1.37613904619495e-06	5.19779197796776e-05	8.26719576719577e-05
NY.GNP.PCAP.CD_lag1	1.36157062845426e-06	8.4497438821322e-05	8.26719576719577e-05
BM.KLT.DINV.WD.GD.ZS_tend2	1.35881852147012e-06	0.00177631208929114	0.00190145502645503
NY.GDP.FCST.CD_delta1	1.33839486429307e-06	0.000689307182308955	0.000826719576719577
DT.ODA.ALLD.CD_ratioavg2	1.32853788567887e-06	0.000524577159622592	0.000661375661375661
SP.POP.7579.FE.5Y	1.32665852344924e-06	0.000206578911944872	0.000165343915343915
SP.POP.BRTH.MF	1.31087879117072e-06	0.00887676248462986	0.00768849206349206
NE.CON.GOVT.CD_isNA_rank	1.30994082478225e-06	0.000363578885022976	0.000413359788359788
NV.AGR.TOTL.KD.ZG_isNA_rank	1.29085619669774e-06	0.000501120457363046	0.000826719576719577
NE.GDI.TOTL.CD_delta1	1.26451110520406e-06	2.13242747814062e-05	8.26719576719577e-05
TM.VAL.MRCH.R5.ZS_delta1	1.26032863442075e-06	0.000492857300885251	0.000661375661375661
DT.ODA.ALLD.CD_rank	1.25104640472746e-06	9.1427828125279e-05	8.26719576719577e-05
NE.EXP.GNFS.ZS_lag1	1.24450068443541e-06	8.18319044736463e-05	8.26719576719577e-05
SE.PRM.TCHR_delta1	1.23359184478319e-06	0.000585617896184368	0.000744047619047619
TX.VAL.MRCH.R1.ZS_lag1	1.21528073967892e-06	0.00218014054296402	0.00248015873015873
NE.CON.TOTL.CD_tend2	1.21331667367483e-06	0.000119415938775875	0.000165343915343915
DC.DAC.CANL.CD_ratioavg2	1.21232451377092e-06	0.000462736762756514	0.000992063492063492
EG.ELC.NUCL.ZS_ratiomax2	1.20524151531138e-06	0.000304404022504573	0.000330687830687831
TM.VAL.TRVL.ZS.WT	1.20281824359695e-06	2.90543243896659e-05	8.26719576719577e-05
NV.SRV.TOTL.KD.ZG_isNA_rank	1.19365164945016e-06	0.000607741831270077	0.000826719576719577
NY.GDP.DEFL.ZS	1.19163393847371e-06	0.000525110266492128	0.000578703703703704
IT.CEL.SETS.P2_delta1	1.1873137122273e-06	4.58471907800233e-05	8.26719576719577e-05
SP.POP.DPND.YG_lag1	1.18622663103424e-06	0.000105555160167961	8.26719576719577e-05
DT.ODA.ODAT.PC.ZS_lag1	1.17116394962062e-06	0.000138341232644373	0.000248015873015873
EN.GHG.CH4.FE.MT.CE.AR5_tend2	1.16948490037634e-06	8.0765690734576e-05	0.000248015873015873
BX.GRT.EXTA.CD.WD	1.16043001266463e-06	6.31731640399159e-05	8.26719576719577e-05
FI.RES.TOTL.CD_ratioavg2	1.15073770655641e-06	0.000409959182672534	0.000661375661375661
BX.GRT.EXTA.CD.WD_ratioavg2	1.14132343728372e-06	7.19694273872459e-05	0.000165343915343915
EG.ELC.NUCL.ZS	1.11644883012654e-06	9.51595762120251e-05	8.26719576719577e-05
SP.POP.6569.MA.5Y_lag1	1.1130486657933e-06	7.09032136481756e-05	8.26719576719577e-05
SH.MMR.DTHS	1.10254700254223e-06	0.000105555160167961	8.26719576719577e-05
FM.LBL.BMNY.GD.ZS_tend2	1.09922783149445e-06	0.000122614579993086	0.000330687830687831
IT.CEL.SETS.P2_tend2	1.08387721739457e-06	8.55636525603923e-05	0.000248015873015873
FirstYear_rank	1.07945826812623e-06	0.000661585625093127	0.000578703703703704
FS.AST.CGOV.GD.ZS_tend2	1.07256208223966e-06	0.000353982961371343	0.000661375661375661
TM.VAL.SERV.CD.WT_delta1	1.06471607507325e-06	5.14448129101424e-05	0.000165343915343915
AG.PRD.FOOD.XD_lag1	1.05707065437802e-06	0.000742351315827703	0.000909391534391534
DC.DAC.CECL.CD_avg2	1.04642711056882e-06	0.000832712930213912	0.000992063492063492
TX.VAL.AGRI.ZS.UN_delta1	1.04547928941435e-06	0.000760476949391898	0.000826719576719577
NE.CON.PRVT.PC.KD_min2	1.04283772947884e-06	8.18319044736463e-05	0.000165343915343915
BX.KLT.DINV.WD.GD.ZS_isNA_rank	1.04198429425461e-06	0.000132477057079486	0.000165343915343915
SE.PRM.TCHR_rank	1.0256019233094e-06	9.40933624729548e-05	8.26719576719577e-05
AG.LND.ARBL.HA.PC_ratioavg2	1.02217460883654e-06	0.000188453278380677	0.000165343915343915
SP.POP.3539.FE.5Y_delta1	1.01210920921894e-06	4.4780977040953e-05	8.26719576719577e-05
NE.CON.TOTL.CD_isNA_rank	1.01177495522031e-06	0.000101023751776912	0.000248015873015873
TX.VAL.MRCH.R4.ZS_delta1	9.83553491896116e-07	0.000355049175110413	0.000578703703703704
FI.RES.TOTL.MO_ratioavg2	9.66362212911754e-07	2.42563625638495e-05	8.26719576719577e-05
NV.IND.MANF.ZS_rank	9.50496079158643e-07	0.000155400652469498	0.000330687830687831
NY.GDP.MKTP.KD.ZG_rank	9.49016431795756e-07	2.13242747814062e-05	8.26719576719577e-05
TX.VAL.MRCH.R2.ZS_lag1	9.30970124109325e-07	0.000161797934903919	0.000248015873015873
FM.AST.DOMS.CN_rank	9.15597242168621e-07	5.73089884750291e-05	8.26719576719577e-05
NY.ADJ.DNGY.CD_isNA_rank	9.12820056826554e-07	0.00103849218185448	0.000992063492063492
EG.USE.ELEC.KH.PC_ratioavg2	9.11561694211731e-07	0.000243363285942798	0.000413359788359788
NE.EXP.GNFS.KD_lag1	9.04887149981672e-07	2.50560228681523e-05	8.26719576719577e-05
EN.GHG.ALL.MT.CE.AR5_delta1	8.87355216967443e-07	2.29235953900117e-05	8.26719576719577e-05
FM.AST.DOMS.CN_lag1	8.87218663350007e-07	0.000307602663721784	0.000248015873015873
TX.VAL.AGRI.ZS.UN	8.77100742761617e-07	0.000552831823707956	0.000661375661375661
AG.LND.CROP.ZS_min2	8.74959670883229e-07	0.000134609484557627	0.000165343915343915
BX.PEF.TOTL.CD.WD_isNA_rank	8.73314461579744e-07	0.000175658713511833	0.000248015873015873
BM.GSR.NFSV.CD_isNA_rank	8.71509105727743e-07	0.000547234201577836	0.000744047619047619
EG.USE.ELEC.KH.PC_avg2	8.59566966205786e-07	0.000128478755557972	0.000248015873015873
SP.POP.3539.FE.5Y_rank	8.56758040400503e-07	4.95789388667694e-05	8.26719576719577e-05
NY.GDP.FCST.KD_isNA_rank	8.40446773382064e-07	0.000585884449619135	0.000909391534391534
BM.KLT.DINV.WD.GD.ZS	8.37800700966795e-07	0.000224704545509068	0.000330687830687831
DC.DAC.TOTL.CD_ratioavg2	8.28690265779361e-07	0.000569624690098313	0.000826719576719577
TM.VAL.OTHR.ZS.WT	8.24625734376428e-07	0.000128212202123205	0.000330687830687831
SE.SEC.ENRL.GC.FE.ZS	8.22510310473744e-07	0.00110033257872056	0.00115740740740741
BX.TRF.PWKR.CD.DT_delta1	8.22104306705737e-07	0.000109286908254707	0.000165343915343915
SE.ENR.PRIM.FM.ZS_isNA_rank	8.2171464152059e-07	0.00268126100032706	0.00314153439153439
NY.ADJ.AEDU.GN.ZS_rank	8.07549698580087e-07	0.00058641755648867	0.000744047619047619
BM.GSR.INSF.ZS_tend2	8.06846305476222e-07	0.00103715941468064	0.00124007936507937
NV.SRV.TOTL.ZS	7.97382086224342e-07	0.000475531327625358	0.000496031746031746
DC.DAC.USAL.CD_isNA_rank	7.95419614767049e-07	0.00116936991832536	0.00132275132275132
EN.GHG.CH4.BU.MT.CE.AR5	7.90126823254859e-07	0.00016393036238206	0.000165343915343915
TM.VAL.MRCH.R4.ZS	7.76150909992213e-07	6.13072899965428e-05	0.000165343915343915
NV.AGR.TOTL.ZS	7.74490231120222e-07	6.61052518223592e-05	8.26719576719577e-05
EN.GHG.ALL.PC.CE.AR5_tend2	7.71924523504908e-07	7.59677289087596e-05	0.000165343915343915
SP.POP.1014.FE.5Y_delta1	7.71349287017618e-07	0.000578954060315178	0.000661375661375661
NE.RSB.GNFS.ZS_lag1	7.64411861923343e-07	0.00104355669711507	0.000744047619047619
NY.GDP.MINR.RT.ZS_isNA_rank	7.59167067900718e-07	0.00045767224749593	0.000496031746031746
SP.POP.1564.TO_delta1	7.58715073733067e-07	0.000288943923288054	0.000330687830687831
NY.ADJ.DMIN.GN.ZS_rank	7.5194295293415e-07	7.09032136481756e-05	8.26719576719577e-05
SP.POP.BRTH.MF_delta1	7.47440013474233e-07	0.000812721422606344	0.000826719576719577
NY.GDP.MKTP.KN_delta1	7.46095128968061e-07	0.000221505904291857	0.000413359788359788
FD.AST.PRVT.GD.ZS_max2	7.4157198801121e-07	0.000231901488247792	0.000165343915343915
SM.POP.RHCR.EA_isNA_rank	7.385589723593e-07	0.000164196915816828	0.000413359788359788
BM.KLT.DINV.CD.WD_isNA_rank	7.24988693484013e-07	3.14533053025741e-05	8.26719576719577e-05
BM.TRF.PWKR.CD.DT_delta1	7.20755756058224e-07	0.000463802976495585	0.000330687830687831
BM.GSR.TRAN.ZS_lag1	7.1431450270322e-07	5.09117060406073e-05	8.26719576719577e-05
SH.DYN.MORT_delta1	7.06708525687521e-07	0.000185254637163466	0.000165343915343915
AG.YLD.CREL.KG_tend2	7.00380646583e-07	0.000285478728636075	0.000496031746031746
NE.EXP.GNFS.CN_lag1	6.93567362133943e-07	0.000140207106687746	0.000165343915343915
AG.YLD.CREL.KG_ratioavg2	6.92304182881342e-07	0.000529375121448409	0.000661375661375661
SM.POP.RHCR.EA_delta1	6.88906113796917e-07	0.00738672878427911	0.00694444444444444
SP.POP.1564.FE.ZS_delta1	6.87706069691604e-07	9.75585571249333e-05	0.000165343915343915
SE.SEC.ENRL_isNA_rank	6.85219953556839e-07	0.000493656961189553	0.000496031746031746
BM.KLT.DINV.CD.WD_ratiomax2	6.79626286807351e-07	5.01120457363046e-05	8.26719576719577e-05
NY.GDP.PCAP.KN_lag1	6.77922810499806e-07	2.90543243896659e-05	8.26719576719577e-05
EN.GHG.CH4.BU.MT.CE.AR5_ratiomax2	6.76382850581028e-07	0.00180430019994173	0.00132275132275132
TX.VAL.FOOD.ZS.UN_rank	6.73634604528695e-07	0.000796461663085521	0.000909391534391534
EN.URB.MCTY.TL.ZS_isNA_rank	6.68340577001858e-07	3.33191793459472e-05	8.26719576719577e-05
AG.LND.ARBL.ZS_tend2	6.67120817876381e-07	0.00234513711908515	0.00190145502645503
MS.MIL.MPRT.KD_ratioavg2	6.61653447271268e-07	0.00339935595359091	0.0027281746031746
SP.POP.4549.MA.5Y	6.61262176766688e-07	7.0636660213408e-05	0.000165343915343915
EN.GHG.CH4.IC.MT.CE.AR5_max2	6.59529148128226e-07	6.21069503008455e-05	8.26719576719577e-05
NE.CON.TOTL.KD_ratioavg2	6.5210563606542e-07	9.51595762120251e-05	8.26719576719577e-05
SP.POP.5054.MA.5Y_delta1	6.41405465602976e-07	0.000927605952991169	0.000661375661375661
SP.POP.5559.FE.5Y_delta1	6.29207675228375e-07	0.000118616278471572	0.000248015873015873
NE.IMP.GNFS.ZS_isNA_rank	6.28777476009778e-07	0.000874828372907189	0.000992063492063492
SP.DYN.LE00.MA.IN_lag1	6.23768124974228e-07	0.00114164836110953	0.000909391534391534
AG.LND.CREL.HA_delta1	6.13159234338908e-07	8.23650113431814e-05	0.000165343915343915
SP.POP.65UP.TO_delta1	6.09178310383137e-07	3.99830152151366e-05	8.26719576719577e-05
TM.VAL.OTHR.ZS.WT_delta1	6.04438908608207e-07	0.00180403364650696	0.00223214285714286
SH.DYN.MORT.FE_lag1	5.93478687617319e-07	8.2631564777949e-05	8.26719576719577e-05
EN.GHG.N2O.IC.MT.CE.AR5_delta1	5.91867903426145e-07	0.000284679068331773	0.000248015873015873
BX.KLT.DINV.CD.WD_ratioavg2	5.88550394989564e-07	3.19864121721093e-05	8.26719576719577e-05
trade_openness	5.87403988037461e-07	2.29235953900117e-05	8.26719576719577e-05
NE.CON.PRVT.ZS_rank	5.86005936608653e-07	8.0765690734576e-05	8.26719576719577e-05
EN.GHG.N2O.MT.CE.AR5_delta1	5.8523451902933e-07	0.00206552256601396	0.00165343915343915
SG.LAW.INDX	5.81793738997347e-07	0.000143938854774492	0.000165343915343915
BX.PEF.TOTL.CD.WD_avg2	5.81526571405155e-07	0.000129011862427507	0.000248015873015873
DT.ODA.ALLD.CD_max2	5.7816475399247e-07	2.98539846939687e-05	8.26719576719577e-05
EN.GHG.N2O.TR.MT.CE.AR5_ratioavg2	5.75981795522814e-07	2.37232556943144e-05	8.26719576719577e-05
BX.GSR.FCTY.CD	5.74354185435734e-07	7.70339426478299e-05	8.26719576719577e-05
SM.POP.NETM_delta1	5.66941129739635e-07	0.00169794537946947	0.00124007936507937
TX.VAL.MRCH.R6.ZS_delta1	5.66135500890572e-07	0.00817226175653916	0.0070271164021164
NV.AGR.TOTL.CN	5.54259581018459e-07	0.00277562091623478	0.00289351851851852
NY.GDP.FRST.RT.ZS_lag1	5.44988412758509e-07	3.11867518678066e-05	8.26719576719577e-05
BX.TRF.PWKR.CD.DT_tend2	5.44188542814695e-07	2.69218969115253e-05	8.26719576719577e-05
TX.VAL.MMTL.ZS.UN_isNA_rank	5.42338085415348e-07	0.000253758869898734	0.000578703703703704
BM.TRF.PWKR.CD.DT	5.40988838072172e-07	0.000453140839104882	0.000496031746031746
TX.VAL.MRCH.R3.ZS_isNA_rank	5.37203151935176e-07	0.00367177356392338	0.00322420634920635
DT.ODA.ODAT.PC.ZS_min2	5.34647947299121e-07	2.79881106505956e-05	8.26719576719577e-05
BX.TRF.PWKR.DT.GD.ZS_min2	5.33259930682933e-07	0.000159132400556244	0.000165343915343915
NY.ADJ.DKAP.CD_isNA_rank	5.23533662819525e-07	0.00270338493541277	0.00198412698412698
TM.VAL.MRCH.R1.ZS_rank	5.21282817502133e-07	0.000220706243987554	0.000330687830687831
SP.DYN.LE00.MA.IN_delta1	5.1925242880439e-07	0.000140207106687746	0.000165343915343915
TM.VAL.MRCH.WR.ZS	5.15918503999658e-07	0.0002145755149879	0.000248015873015873
EN.GHG.CO2.BU.MT.CE.AR5_ratioavg2	5.14932278800468e-07	0.000216174835596505	0.000330687830687831
TX.VAL.FOOD.ZS.UN	5.08225080377047e-07	0.000299872614113525	0.000330687830687831
EN.GHG.N2O.PI.MT.CE.AR5_tend2	5.06049631557696e-07	0.000662918392266965	0.000578703703703704
AG.PRD.CREL.MT_tend2	5.00700359298947e-07	0.000280947320245027	0.000330687830687831
NE.RSB.GNFS.CN_lag1	4.97259238149247e-07	0.000105555160167961	8.26719576719577e-05
BX.GRT.TECH.CD.WD_ratiomax2	4.93843250426615e-07	4.23819961280448e-05	8.26719576719577e-05
BG.GSR.NFSV.GD.ZS_tend2	4.93581757413788e-07	0.000671448102179528	0.000992063492063492
NE.IMP.GNFS.KD.ZG_delta1	4.9217642103816e-07	0.00091107964003558	0.00132275132275132
DT.ODA.ALLD.KD_tend2	4.91294622757384e-07	0.000105821713602728	0.000248015873015873
AG.SRF.TOTL.K2_ratioavg2	4.91147537652791e-07	0.000347852232371689	0.000248015873015873
BM.TRF.PWKR.CD.DT_max2	4.86815715469267e-07	0.000373707915544144	0.000413359788359788
MS.MIL.MPRT.KD_lag1	4.85577613083424e-07	0.000151668904382752	0.000330687830687831
FS.AST.PRVT.GD.ZS_rank	4.84266944724092e-07	2.31901488247792e-05	8.26719576719577e-05
EN.GHG.CO2.FE.MT.CE.AR5_delta1	4.83862393601011e-07	0.00025749061798548	0.000248015873015873
BM.KLT.DINV.CD.WD	4.81941853627667e-07	0.000892954006471384	0.000992063492063492
ER.FSH.PROD.MT_min2	4.80833322258245e-07	0.000134609484557627	0.000165343915343915
EG.USE.PCAP.KG.OE_lag1	4.67638140025576e-07	5.89083090836346e-05	8.26719576719577e-05
SE.SEC.ENRL_delta1	4.63008599500044e-07	0.00396951375055876	0.00405092592592593
NY.ADJ.DKAP.GN.ZS	4.56795295024437e-07	0.000237232556943144	0.000330687830687831
TM.VAL.MRCH.R6.ZS	4.55917153395126e-07	0.000391300442238804	0.000578703703703704
SP.POP.0509.FE.5Y_lag1	4.39945858093963e-07	0.000211110320335921	0.000165343915343915
NY.ADJ.DRES.GN.ZS_lag1	4.3799013078629e-07	4.37147633018827e-05	0.000165343915343915
NE.DAB.TOTL.CD_isNA_rank	4.33915837218802e-07	0.00086150070116881	0.000744047619047619
SH.DYN.MORT.MA_delta1	4.33826059629831e-07	0.00213989097431411	0.0015707671957672
ER.FSH.AQUA.MT_ratioavg2	4.277604300564e-07	0.000667982907527549	0.000826719576719577
SP.DYN.AMRT.FE_isNA_rank	4.27330787528024e-07	0.000107687587646101	0.000165343915343915
FM.AST.NFRG.CN_tend2	4.23859441891586e-07	0.000520312304666311	0.000496031746031746
BX.PEF.TOTL.CD.WD_ratioavg2	4.2108033267879e-07	0.00173926116185844	0.00124007936507937
BM.GSR.FCTY.CD_isNA_rank	4.19393688597106e-07	0.000944398819381527	0.000909391534391534
EN.GHG.CH4.IC.MT.CE.AR5_ratioavg2	4.18296272580715e-07	0.000412891270454977	0.000744047619047619
TM.VAL.FUEL.ZS.UN_lag1	4.16203352301943e-07	0.000149536476904611	0.000248015873015873
NE.IMP.GNFS.KD.ZG_lag1	4.15385108881336e-07	6.95704464743377e-05	0.000165343915343915
NY.GDP.FRST.RT.ZS_isNA_rank	4.10559565205562e-07	0.000226037312682906	0.000330687830687831
NY.GDP.MKTP.KD.ZG_isNA_rank	4.10224236929396e-07	7.09032136481756e-05	0.000165343915343915
NE.GDI.FTOT.ZS_delta1	4.07625951835551e-07	5.33106869535155e-05	8.26719576719577e-05
ER.FSH.AQUA.MT_tend2	4.05486155126325e-07	0.000463802976495585	0.000330687830687831
TX.VAL.MRCH.RS.ZS_delta1	4.04708366952649e-07	0.00527509247405036	0.00454695767195767
FI.RES.TOTL.CD_rank	4.04360589597252e-07	0.000258023724855015	0.000330687830687831
NY.GDP.TOTL.RT.ZS_isNA_rank	4.02326263702567e-07	5.62427747359588e-05	8.26719576719577e-05
EN.GHG.N2O.MT.CE.AR5_ratioavg2	3.99874895011115e-07	0.00186694025711211	0.00148809523809524
NY.GDP.MKTP.KD.ZG_delta1	3.9199110457618e-07	3.81171411717636e-05	8.26719576719577e-05
BX.KLT.DINV.WD.GD.ZS	3.86381721998098e-07	0.000116483850993431	0.000248015873015873
DT.ODA.ODAT.GN.ZS_ratioavg2	3.84342921012002e-07	0.000429684136845335	0.000578703703703704
ER.FSH.PROD.MT_delta1	3.83262962124594e-07	0.000293208778244335	0.000248015873015873
FP.CPI.TOTL.ZG_rank	3.82360425393303e-07	0.000133809824253324	0.000165343915343915
SP.POP.2529.MA.5Y	3.75050008723434e-07	0.000395298743760317	0.000578703703703704
TX.VAL.OTHR.ZS.WT_delta1	3.73215032185927e-07	0.000267619648506648	0.000496031746031746
SP.POP.1564.FE.IN_delta1	3.6826261007279e-07	0.000415823358237421	0.000496031746031746
DT.NFL.UNDP.CD_lag1	3.65415945835137e-07	0.000663184945701733	0.000744047619047619
EN.GHG.CH4.FE.MT.CE.AR5_ratioavg2	3.63013397181331e-07	5.6775881605494e-05	0.000165343915343915
AG.LND.AGRI.ZS_delta1	3.60520934881987e-07	0.000526443033665965	0.000496031746031746
EN.GHG.N2O.IC.MT.CE.AR5_tend2	3.57764470934727e-07	0.00120722050606236	0.000909391534391534
EN.GHG.CO2.TR.MT.CE.AR5_delta1	3.569928506382e-07	6.74380189961971e-05	8.26719576719577e-05
SE.PRM.ENRR_isNA_rank	3.56182826909276e-07	0.000562161193924821	0.000578703703703704
SP.POP.5054.FE.5Y_delta1	3.49673177943811e-07	0.00401696026194739	0.00297619047619048
BX.GSR.TRAN.ZS_tend2	3.49063971980479e-07	0.00150735967361065	0.00107473544973545
AG.LND.CROP.ZS_ratioavg2	3.4829319169076e-07	0.000182589102815791	0.000330687830687831
NE.RSB.GNFS.CN_isNA_rank	3.46914934752454e-07	8.10322441693435e-05	0.000165343915343915
TM.VAL.MRCH.R6.ZS_lag1	3.4481931310921e-07	0.000882824975950216	0.000992063492063492
DT.ODA.ODAT.GN.ZS_tend2	3.42584004205513e-07	0.000209777553162083	0.000496031746031746
IT.MLT.MAIN.P2_ratioavg2	3.41691259744751e-07	0.00277508780936525	0.00281084656084656
NY.GDP.MINR.RT.ZS_delta1	3.33621003875458e-07	0.000643726544963699	0.000744047619047619
BX.GRT.EXTA.CD.WD_isNA_rank	3.32768558608284e-07	0.00235686547021492	0.00206679894179894
FI.RES.XGLD.CD_lag1	3.31130632129313e-07	0.000210577213466386	0.000165343915343915
DC.DAC.GBRL.CD_lag1	3.29921106417597e-07	0.000123680793732156	0.000248015873015873
SP.POP.BRTH.MF_rank	3.28842761970446e-07	0.00791263871107554	0.00677910052910053
SP.DYN.TFRT.IN	3.26419439033358e-07	0.000231901488247792	0.000165343915343915
SP.DYN.IMRT.MA.IN_delta1	3.22392274202404e-07	0.000453407392539649	0.000413359788359788
NY.GDP.FRST.RT.ZS_delta1	3.16768216314624e-07	0.000995843632291669	0.00132275132275132
FD.AST.PRVT.GD.ZS_isNA_rank	3.16320896869534e-07	8.34312250822517e-05	0.000165343915343915
SP.DYN.CBRT.IN	3.15341686091321e-07	0.000115151083819593	0.000165343915343915
TX.VAL.MRCH.OR.ZS_rank	3.14403067191967e-07	0.000208444785988246	0.000248015873015873
EN.GHG.N2O.IC.MT.CE.AR5_lag1	3.11071605215696e-07	0.000370242720892165	0.000413359788359788
EN.GHG.N2O.IP.MT.CE.AR5_tend2	3.10386894601582e-07	0.00163663808947293	0.00148809523809524
NY.GDP.PCAP.CN_rank	3.08724418443869e-07	0.000113018656341453	0.000165343915343915
EG.ELC.HYRO.ZS_delta1	3.08451448543858e-07	0.000145538175383097	0.000165343915343915
SP.URB.TOTL.IN.ZS_rank	3.07569623242949e-07	0.00010448894642889	0.000165343915343915
AG.LND.ARBL.HA_tend2	3.05931917214503e-07	0.00295261239692045	0.0027281746031746
BM.KLT.DINV.WD.GD.ZS_max2	3.03914629718196e-07	0.000167129003599271	0.000165343915343915
TX.VAL.MRCH.WR.ZS	3.03649724357534e-07	0.000163397255512525	0.000248015873015873
NV.AGR.TOTL.CD_rank	2.97728568572425e-07	7.03701067786404e-05	8.26719576719577e-05
SP.POP.4549.MA.5Y_delta1	2.93753764156485e-07	0.000177524587555207	0.000248015873015873
FM.AST.DOMS.CN_tend2	2.91650622878315e-07	0.000307336110287017	0.000496031746031746
DC.DAC.FRAL.CD_tend2	2.91610734915972e-07	0.000167395557034039	0.000330687830687831
SP.POP.6569.MA.5Y_rank	2.90742828982155e-07	6.90373396048025e-05	8.26719576719577e-05
FS.AST.PRVT.GD.ZS_max2	2.87086932861662e-07	2.0791167911871e-05	8.26719576719577e-05
price_stability_rank	2.85825633044019e-07	7.41018548653865e-05	0.000165343915343915
TX.VAL.MRCH.HI.ZS	2.81072711211263e-07	7.91663701259705e-05	0.000248015873015873
NV.AGR.TOTL.CD	2.65807386993453e-07	9.48930227772576e-05	0.000165343915343915
AG.LND.ARBL.HA.PC	2.65615824043328e-07	6.29066106051483e-05	0.000165343915343915
SP.POP.DPND.OL_rank	2.65416585959913e-07	6.23735037356131e-05	8.26719576719577e-05
NY.GDP.MKTP.KD.ZG_lag1	2.65395383900073e-07	8.4497438821322e-05	0.000248015873015873
TX.VAL.TRAN.ZS.WT_delta1	2.64304180041795e-07	0.0001463378356874	0.000165343915343915
FS.AST.PRVT.GD.ZS_ratioavg2	2.64029229684023e-07	0.000180723228772417	0.000248015873015873
EN.GHG.N2O.PI.MT.CE.AR5_ratioavg2	2.62134629644152e-07	0.0128268178344506	0.0104993386243386
AG.PRD.FOOD.XD_tend2	2.60490495597605e-07	0.000217507602770343	0.000248015873015873
BG.GSR.NFSV.GD.ZS_isNA_rank	2.59962589633866e-07	0.000175658713511833	0.000496031746031746
TM.VAL.MRCH.R6.ZS_isNA_rank	2.58980470297164e-07	0.000876427693515795	0.000661375661375661
DC.DAC.JPNL.CD_tend2	2.57892975987487e-07	0.0003025381484612	0.000578703703703704
EN.GHG.N2O.FE.MT.CE.AR5_ratioavg2	2.56376517768488e-07	0.00136022217761895	0.00107473544973545
NE.CON.PRVT.KD.ZG	2.53324146221548e-07	4.66468510843261e-05	8.26719576719577e-05
AG.LND.CROP.ZS_ratiomax2	2.52633701469068e-07	7.86332632564353e-05	8.26719576719577e-05
IT.MLT.MAIN_min2	2.52038651198592e-07	2.13242747814062e-05	8.26719576719577e-05
NY.GNP.MKTP.CD_isNA_rank	2.51540310042168e-07	2.74550037810605e-05	8.26719576719577e-05
IT.MLT.MAIN.P2_tend2	2.50601193979276e-07	0.000777003262347488	0.000744047619047619
SE.SEC.ENRR	2.48784028584456e-07	2.66553434767577e-05	8.26719576719577e-05
BM.GSR.CMCP.ZS_ratioavg2	2.47825207674638e-07	0.000105555160167961	0.000165343915343915
AG.PRD.LVSK.XD_tend2	2.43690403049656e-07	2.42563625638495e-05	8.26719576719577e-05
EN.URB.MCTY.TL.ZS_ratioavg2	2.38239041158002e-07	9.30271487338845e-05	0.000248015873015873
ER.FSH.CAPT.MT_tend2	2.37397868580762e-07	0.00124667041440796	0.000992063492063492
NV.AGR.TOTL.KD.ZG_delta1	2.3715940810712e-07	0.000133809824253324	0.000330687830687831
EN.GHG.CH4.IC.MT.CE.AR5_tend2	2.36321410110787e-07	0.000433682438366848	0.000661375661375661
BX.GSR.TOTL.CD_isNA_rank	2.36036376232542e-07	3.99830152151366e-05	8.26719576719577e-05
BM.GSR.TRAN.ZS_delta1	2.36001498393017e-07	0.00039609840406462	0.000496031746031746
SE.PRM.ENRR_lag1	2.34260416641209e-07	8.52970991256248e-05	0.000248015873015873
TM.VAL.MANF.ZS.UN	2.32693293451184e-07	0.00262715065306924	0.00289351851851852
TX.VAL.MRCH.R1.ZS	2.31339878516737e-07	0.00109073665506893	0.000909391534391534
AG.LND.CROP.ZS_tend2	2.3111305108916e-07	0.0024195055273853	0.00190145502645503
SE.SEC.ENRL.GC.FE.ZS_rank	2.30786116770725e-07	6.13072899965428e-05	0.000165343915343915
TM.VAL.MANF.ZS.UN_lag1	2.30071621034101e-07	0.000171127305120785	0.000248015873015873
BX.GSR.NFSV.CD_min2	2.2820251260621e-07	0.000350251213284597	0.000330687830687831
FM.LBL.BMNY.GD.ZS	2.26423880801152e-07	0.000171127305120785	0.000248015873015873
NE.CON.TOTL.KD.ZG_min2	2.26270635197023e-07	8.28981182127166e-05	0.000248015873015873
AG.LND.AGRI.ZS_ratioavg2	2.22894823646381e-07	0.00237818974499633	0.00181878306878307
DC.DAC.FRAL.CD_ratioavg2	2.22498246661271e-07	0.000395565297195085	0.000578703703703704
TM.VAL.MRCH.HI.ZS_lag1	2.22410466596609e-07	0.000343587377415407	0.000661375661375661
NV.AGR.TOTL.ZS_isNA_rank	2.20932483757755e-07	0.00906095090805426	0.00760582010582011
TM.VAL.MRCH.R4.ZS_rank	2.19123054206739e-07	0.000657853877006381	0.000826719576719577
AG.YLD.CREL.KG_delta1	2.1813515258325e-07	0.000205246144771035	0.000248015873015873
NE.CON.TOTL.KD.ZG_max2	2.17532452085598e-07	4.37147633018827e-05	8.26719576719577e-05
ER.FSH.PROD.MT_max2	2.16974331024516e-07	9.40933624729548e-05	8.26719576719577e-05
BX.GSR.CMCP.ZS_max2	2.15574092736105e-07	0.000139140892948675	0.000248015873015873
DT.ODA.ODAT.PC.ZS_tend2	2.14245030282991e-07	0.00031026819806946	0.000496031746031746
NE.CON.TOTL.KD_tend2	2.1090417663558e-07	0.00012208147312355	0.000165343915343915
SP.POP.3034.FE.5Y	2.1042184644638e-07	8.79626334733005e-05	0.000165343915343915
DC.DAC.JPNL.CD_lag1	2.10348180857408e-07	0.000195117114249867	0.000248015873015873
SE.SEC.DURS_rank	2.08714563588122e-07	0.000105288606733193	0.000165343915343915
BX.TRF.CURR.CD	2.08353093554868e-07	2.66553434767577e-05	8.26719576719577e-05
NE.IMP.GNFS.ZS_delta1	2.07019091316973e-07	4.9845492301537e-05	0.000165343915343915
NY.GNP.ATLS.CD_delta1	2.06793453306031e-07	0.000563227407663891	0.000496031746031746
NV.AGR.TOTL.KD_delta1	2.02560440733765e-07	0.00233847328321596	0.00173611111111111
ER.FSH.AQUA.MT_delta1	2.00511880687209e-07	0.000441945594844643	0.000330687830687831
IS.AIR.PSGR_ratioavg2	1.9983842880989e-07	0.00143085883783236	0.00107473544973545
BM.GSR.TRVL.ZS_ratiomax2	1.9651173042445e-07	9.40933624729548e-05	0.000165343915343915
ER.FSH.AQUA.MT_avg2	1.95788210911458e-07	8.36977785170193e-05	8.26719576719577e-05
SH.DTH.IMRT_lag1	1.95357991597608e-07	3.38522862154823e-05	8.26719576719577e-05
EN.GHG.N2O.PI.MT.CE.AR5_delta1	1.94629697393298e-07	0.000115950744123896	8.26719576719577e-05
ER.FSH.CAPT.MT_ratioavg2	1.9399799829406e-07	0.00501946773010825	0.00454695767195767
BX.KLT.DINV.CD.WD_ratiomax2	1.93158277544918e-07	6.50390380832889e-05	8.26719576719577e-05
NV.IND.TOTL.CN	1.92239003157395e-07	4.39813167366503e-05	8.26719576719577e-05
NV.AGR.TOTL.CN_rank	1.9082900613026e-07	0.000316132373634347	0.000248015873015873
TM.VAL.MRCH.RS.ZS_delta1	1.90707731697155e-07	9.35602556034197e-05	8.26719576719577e-05
NY.GDP.MKTP.CN_isNA_rank	1.90517666621094e-07	0.000150069583774146	0.000248015873015873
NE.CON.PRVT.ZS_lag1	1.89261700865513e-07	0.000542969346621555	0.000496031746031746
NE.RSB.GNFS.ZS	1.88381110590855e-07	0.00237632387095295	0.00181878306878307
BX.PEF.TOTL.CD.WD_lag1	1.88256193060677e-07	0.00305177027465399	0.00223214285714286
BX.TRF.PWKR.CD.DT_ratioavg2	1.87169435777167e-07	0.000318531354547255	0.000413359788359788
NE.EXP.GNFS.KD.ZG_isNA_rank	1.84641124862762e-07	0.00377946115156948	0.0037202380952381
SP.DYN.CDRT.IN_lag1	1.84296576553484e-07	0.000503785991710721	0.000413359788359788
EN.GHG.CH4.TR.MT.CE.AR5_tend2	1.83832684125465e-07	5.54431144316561e-05	8.26719576719577e-05
DC.DAC.TOTL.CD_rank	1.83543039664263e-07	0.00429017753258416	0.00305886243386243
NY.GDP.DEFL.KD.ZG_isNA_rank	1.82749664339671e-07	0.00553951348133979	0.00454695767195767
SH.DTH.NMRT	1.81973411968835e-07	0.000140207106687746	0.000165343915343915
FD.AST.PRVT.GD.ZS_lag1	1.79191566893357e-07	2.02580610423359e-05	8.26719576719577e-05
EN.GHG.CH4.WA.MT.CE.AR5_ratioavg2	1.77840912431639e-07	0.000120482152514945	0.000165343915343915
NY.GNP.PCAP.CD_delta1	1.7778141464067e-07	0.000392633209412642	0.000413359788359788
SP.POP.0509.MA.5Y_lag1	1.75613771867814e-07	5.65093281707264e-05	8.26719576719577e-05
FM.LBL.BMNY.GD.ZS_ratioavg2	1.73815682330096e-07	0.000842575407300312	0.000826719576719577
BX.GSR.NFSV.CD_isNA_rank	1.70947189615345e-07	8.47639922560896e-05	0.000165343915343915
TX.VAL.MRCH.R3.ZS_delta1	1.67652181249124e-07	0.00170407610846912	0.00132275132275132
TM.VAL.MRCH.OR.ZS_rank	1.66150895008775e-07	2.5855683172455e-05	8.26719576719577e-05
AG.PRD.LVSK.XD	1.65897259847159e-07	0.00108620524667788	0.00140542328042328
SP.POP.3539.FE.5Y_lag1	1.62637015003247e-07	2.53225763029199e-05	8.26719576719577e-05
BM.TRF.PWKR.CD.DT_ratioavg2	1.60892107866133e-07	0.000198848862336613	0.000330687830687831
DT.NFL.UNDP.CD	1.6054451482551e-07	0.000372108594935538	0.000413359788359788
BX.GSR.CMCP.ZS_tend2	1.60152609513887e-07	0.000368376846848792	0.000661375661375661
EN.GHG.CO2.TR.MT.CE.AR5_tend2	1.60094257801025e-07	0.000114884530384826	0.000165343915343915
NE.RSB.GNFS.ZS_delta1	1.60092090805624e-07	0.000124213900601691	0.000330687830687831
DC.DAC.USAL.CD_rank	1.571509032861e-07	0.000613606006834963	0.000578703703703704
BX.GSR.TRVL.ZS_ratioavg2	1.56327626038032e-07	0.00103049557881145	0.000909391534391534
SE.PRM.ENRR	1.53396303187742e-07	0.000782600884477607	0.000826719576719577
NV.SRV.TOTL.ZS_rank	1.52647580576993e-07	0.000220972797422322	0.000248015873015873
human_capital_priority_rank	1.48139300564428e-07	4.13157823889745e-05	8.26719576719577e-05
NY.GDP.MKTP.KN_isNA_rank	1.4760091910214e-07	0.00185521190598234	0.00132275132275132
DT.ODA.ODAT.PC.ZS_max2	1.47239554438442e-07	6.31731640399159e-05	8.26719576719577e-05
SP.POP.1564.MA.ZS_lag1	1.47094048572946e-07	6.39728243442186e-05	8.26719576719577e-05
NY.GDP.PCAP.KN_isNA_rank	1.46083669036602e-07	0.00066131907165836	0.000826719576719577
EN.GHG.N2O.FE.MT.CE.AR5_delta1	1.42127140892924e-07	0.000337989755285288	0.000496031746031746
NE.RSB.GNFS.CN	1.41980157856843e-07	0.0117539402595111	0.00851521164021164
NE.EXP.GNFS.CD_isNA_rank	1.41153393657351e-07	3.33191793459472e-05	8.26719576719577e-05
EN.GHG.ALL.MT.CE.AR5_lag1	1.39894525909e-07	4.79796182581639e-05	8.26719576719577e-05
DC.DAC.GBRL.CD_tend2	1.38685404845791e-07	0.00015513409903473	0.000248015873015873
SP.POP.TOTL.MA.ZS_delta1	1.38190487802378e-07	0.0028873068054024	0.00248015873015873
NE.CON.PRVT.KD_delta1	1.36438298494449e-07	5.35772403882831e-05	8.26719576719577e-05
NY.GDP.DEFL.KD.ZG	1.36180197692443e-07	0.000456872587191628	0.000661375661375661
NY.GDP.PCAP.CN_lag1	1.35560057806726e-07	9.59592365163279e-05	0.000165343915343915
FI.RES.TOTL.MO	1.33446936923857e-07	7.46349617349217e-05	8.26719576719577e-05
AG.PRD.LVSK.XD_max2	1.30056308559707e-07	0.000283612854592702	0.000413359788359788
DC.DAC.CANL.CD_delta1	1.28861133068661e-07	0.000104222392994123	0.000248015873015873
SM.POP.RHCR.EO_delta1	1.28792428068195e-07	0.000156999973078103	0.000330687830687831
EN.URB.MCTY.TL.ZS_min2	1.27342942033919e-07	0.000331325919416099	0.000413359788359788
NV.IND.TOTL.KD.ZG	1.22246491230664e-07	7.65008357782947e-05	0.000248015873015873
AG.LND.ARBL.HA_delta1	1.21519157291889e-07	0.000820984579084138	0.000744047619047619
NY.GNP.PCAP.CD_rank	1.18665811717533e-07	7.19694273872459e-05	8.26719576719577e-05
SE.SEC.ENRL	1.17281199413633e-07	7.17028739524783e-05	0.000165343915343915
BM.GSR.CMCP.ZS_avg2	1.15891209069529e-07	0.000133543270818556	0.000165343915343915
trade_openness_lag1	1.14203305176172e-07	3.70509274326933e-05	8.26719576719577e-05
BX.GRT.EXTA.CD.WD_rank	1.13249615748858e-07	0.00150735967361065	0.00107473544973545
SP.POP.0014.FE.ZS_delta1	1.13190774676864e-07	0.00027401693094107	0.000330687830687831
DC.DAC.CECL.CD_isNA_rank	1.13153005646532e-07	0.00142979262409329	0.00107473544973545
SE.PRM.ENRR.MA_isNA_rank	1.11748991873673e-07	0.000354782621675646	0.000578703703703704
NV.IND.TOTL.KD.ZG_delta1	1.10955104838379e-07	0.000196449881423705	0.000413359788359788
DC.DAC.FRAL.CD_max2	1.10677137739098e-07	0.000378772430804727	0.000661375661375661
AG.YLD.CREL.KG_lag1	1.10180538386984e-07	0.000241230858464658	0.000330687830687831
BX.KLT.DINV.CD.WD	1.10050119604895e-07	0.000110619675428545	0.000165343915343915
TM.VAL.MRCH.AL.ZS_delta1	1.08628771084813e-07	0.000487792785624667	0.000413359788359788
TM.VAL.TRVL.ZS.WT_lag1	1.0844641706713e-07	0.000546701094708301	0.000744047619047619
EN.GHG.N2O.PI.MT.CE.AR5_avg2	1.0720209594042e-07	0.00186000986780816	0.00165343915343915
SE.TER.ENRR_delta1	1.053589018666e-07	0.00149669753621995	0.00124007936507937
human_capital_priority_lag1	1.03069838846883e-07	0.00011888283190634	0.000248015873015873
BX.KLT.DINV.WD.GD.ZS_ratioavg2	1.02201467399438e-07	0.00131250911279555	0.000992063492063492
DC.DAC.DEUL.CD_isNA_rank	1.02061242746371e-07	0.000864166235516486	0.000661375661375661
DC.DAC.DEUL.CD_min2	1.01802796892841e-07	0.000336390434676683	0.000330687830687831
SP.URB.TOTL.IN.ZS_delta1	1.00298035646132e-07	3.0920198433039e-05	8.26719576719577e-05
NY.ADJ.DMIN.GN.ZS_isNA_rank	1.0000360318233e-07	0.00184348355485257	0.0021494708994709
EN.GHG.CO2.IP.MT.CE.AR5_delta1	9.92937858891801e-08	0.000695704464743377	0.000496031746031746
AG.LND.ARBL.HA.PC_min2	9.91391447810723e-08	0.000149803030339379	0.000248015873015873
SE.SEC.ENRR.FE_rank	9.89153728818052e-08	5.06451526058397e-05	0.000165343915343915
EN.GHG.N2O.BU.MT.CE.AR5_tend2	9.729899094755e-08	0.000106887927341799	0.000165343915343915
MS.MIL.MPRT.KD_avg2	9.72156537329021e-08	9.48930227772576e-05	8.26719576719577e-05
EN.GHG.CH4.PI.MT.CE.AR5_ratioavg2	9.71225235263284e-08	0.00158466016969325	0.00124007936507937
FM.LBL.BMNY.GD.ZS_avg2	9.66373259765071e-08	0.000308135770591319	0.000330687830687831
SE.SEC.AGES_rank	9.41388860828217e-08	9.80916639944685e-05	0.000165343915343915
AG.LND.ARBL.HA_lag1	9.40597599856953e-08	2.13242747814062e-05	8.26719576719577e-05
SP.POP.1519.FE.5Y_lag1	9.34280842783279e-08	0.00114298112828337	0.00132275132275132
SP.POP.BRTH.MF_lag1	9.31484588815453e-08	0.00684242667048371	0.00586970899470899
IT.MLT.MAIN.P2_isNA_rank	9.19624256060392e-08	0.00170194368099098	0.00140542328042328
DC.DAC.CANL.CD_max2	9.10100741701617e-08	0.000203113717292894	0.000248015873015873
BX.GSR.CMCP.ZS_ratioavg2	9.07248694745596e-08	0.001042490483376	0.00115740740740741
BX.GRT.TECH.CD.WD_lag1	9.0142879525344e-08	6.93038930395701e-05	8.26719576719577e-05
NE.CON.PRVT.KD_tend2	8.99918342784386e-08	7.03701067786404e-05	8.26719576719577e-05
BM.GSR.TOTL.CD	8.89334299908598e-08	4.13157823889745e-05	8.26719576719577e-05
NY.GSR.NFCY.CN_isNA_rank	8.8430406376288e-08	0.00134849382648917	0.00124007936507937
DT.ODA.ALLD.CD_delta1	8.74050021693769e-08	9.51595762120251e-05	0.000165343915343915
TM.VAL.SERV.CD.WT_rank	8.59096806670445e-08	2.5855683172455e-05	8.26719576719577e-05
DC.DAC.CANL.CD_tend2	8.49629673503408e-08	0.00019698298829324	0.000413359788359788
EG.ELC.COAL.ZS_tend2	8.44410095947687e-08	6.34397174746834e-05	8.26719576719577e-05
TM.VAL.MRCH.R4.ZS_delta1	8.43269280643071e-08	0.000674646743396738	0.000992063492063492
NY.ADJ.DNGY.GN.ZS_isNA_rank	8.39200985962925e-08	2.34567022595468e-05	8.26719576719577e-05
NE.EXP.GNFS.CD_lag1	8.33649952133247e-08	0.000105288606733193	8.26719576719577e-05
SE.SEC.ENRL_rank	8.13937821376666e-08	3.03870915635038e-05	8.26719576719577e-05
TM.VAL.FOOD.ZS.UN_delta1	8.06000528408575e-08	0.000177258034120439	0.000248015873015873
TM.VAL.MRCH.RS.ZS_lag1	8.05274134270071e-08	0.000115151083819593	0.000165343915343915
EG.USE.PCAP.KG.OE_tend2	8.0460236522904e-08	6.26400571703807e-05	0.000165343915343915
SE.PRM.ENRR.FE_isNA_rank	7.97736188109733e-08	0.00143778922713631	0.00132275132275132
EN.GHG.N2O.MT.CE.AR5_ratiomax2	7.96669890380409e-08	5.171136634491e-05	8.26719576719577e-05
BM.GSR.NFSV.CD_avg2	7.96040540164637e-08	3.2786072476412e-05	8.26719576719577e-05
FI.RES.XGLD.CD_isNA_rank	7.89973579873709e-08	0.00386209271634743	0.00347222222222222
TM.VAL.MANF.ZS.UN_isNA_rank	7.89805096874105e-08	0.00181736131824534	0.00132275132275132
BX.GSR.CMCP.ZS_rank	7.89159875528735e-08	2.47894694333847e-05	8.26719576719577e-05
BX.GSR.CMCP.ZS_min2	7.80414141674906e-08	0.000522444732144452	0.000744047619047619
SP.POP.65UP.FE.IN	7.78907538221476e-08	4.23819961280448e-05	8.26719576719577e-05
BM.KLT.DINV.CD.WD_rank	7.77863996278715e-08	0.000120215599080177	0.000248015873015873
SP.POP.4549.FE.5Y_delta1	7.7454702074466e-08	0.000532040655796084	0.000578703703703704
SP.URB.TOTL_delta1	7.65477914518202e-08	5.33106869535155e-05	8.26719576719577e-05
DC.DAC.TOTL.CD_lag1	7.62144425932287e-08	0.000191918473032656	0.000248015873015873
EN.GHG.CO2.RT.GDP.KD	7.53376987933617e-08	0.000105288606733193	0.000165343915343915
TM.VAL.MRCH.CD.WT_delta1	7.50547996866258e-08	3.57181602588554e-05	8.26719576719577e-05
SP.DYN.AMRT.MA_isNA_rank	7.41273625813129e-08	0.000410758842976837	0.000578703703703704
NV.AGR.TOTL.CN_delta1	7.37485724565508e-08	0.00153748021173939	0.00115740740740741
SH.IMM.MEAS	7.33438120495971e-08	3.94499083456015e-05	8.26719576719577e-05
IS.AIR.GOOD.MT.K1_tend2	7.21899134688175e-08	0.00108300660546067	0.000826719576719577
NE.CON.TOTL.KD.ZG_ratioavg2	7.21370905524118e-08	0.000146604389122168	0.000330687830687831
NE.CON.TOTL.KD_delta1	7.16518789327218e-08	0.000115684190689129	0.000165343915343915
SH.DYN.NMRT_lag1	7.15748551147788e-08	2.90543243896659e-05	8.26719576719577e-05
EN.GHG.ALL.PC.CE.AR5_max2	7.14119505120947e-08	0.00018925293868498	0.000248015873015873
FI.RES.TOTL.MO_ratiomax2	7.1363014111177e-08	9.54261296467927e-05	8.26719576719577e-05
IS.AIR.GOOD.MT.K1_delta1	7.04565304959366e-08	0.000221239350857089	0.000165343915343915
IT.MLT.MAIN_tend2	7.03675840221892e-08	0.00113738350615325	0.00107473544973545
TX.VAL.TRAN.ZS.WT_isNA_rank	6.88643342608891e-08	0.000243363285942798	0.000413359788359788
TM.VAL.FOOD.ZS.UN_lag1	6.88227685284249e-08	5.54431144316561e-05	8.26719576719577e-05
NE.EXP.GNFS.KD.ZG_delta1	6.87194287389715e-08	9.80916639944685e-05	0.000165343915343915
EN.GHG.ALL.MT.CE.AR5	6.82472644462865e-08	8.28981182127166e-05	8.26719576719577e-05
DT.ODA.ODAT.PC.ZS_delta1	6.71960636630821e-08	0.000116217297558664	0.000165343915343915
NY.GDP.DEFL.ZS_rank	6.64573218913406e-08	0.00010342273268982	0.000165343915343915
NV.IND.TOTL.ZS	6.59955664078426e-08	0.000826848754649025	0.00115740740740741
DC.DAC.FRAL.CD_avg2	6.55590289456929e-08	0.00143592335309294	0.00140542328042328
SG.LAW.INDX_lag1	6.55170903859604e-08	8.2631564777949e-05	8.26719576719577e-05
DT.ODA.ALLD.CD_tend2	6.5440066392951e-08	0.000139407446383443	0.000330687830687831
AG.LND.AGRI.ZS_ratiomax2	6.52125829806913e-08	0.00115950744123896	0.000826719576719577
NE.RSB.GNFS.ZS_rank	6.44424384413678e-08	2.05246144771035e-05	8.26719576719577e-05
TX.VAL.OTHR.ZS.WT_isNA_rank	6.41612386459461e-08	5.41103472578182e-05	0.000165343915343915
AG.LND.CROP.ZS_rank	6.30151603518556e-08	5.99745228227049e-05	8.26719576719577e-05
EN.GHG.CH4.IC.MT.CE.AR5_lag1	6.2925502446069e-08	3.51850533893202e-05	8.26719576719577e-05
AG.PRD.FOOD.XD_max2	6.02880017222283e-08	0.000448342877279065	0.000578703703703704
AG.PRD.LVSK.XD_lag1	5.93238357748881e-08	0.00282120155358004	0.00231481481481482
BX.KLT.DINV.CD.WD_delta1	5.9139118252953e-08	0.000396631510934155	0.000413359788359788
EG.ELC.FOSL.ZS	5.91119393666702e-08	0.000138874339513908	0.000165343915343915
SP.DYN.IMRT.FE.IN_delta1	5.89973400524915e-08	4.45144236061854e-05	8.26719576719577e-05
FI.RES.TOTL.MO_isNA_rank	5.89610143787194e-08	7.41018548653865e-05	0.000165343915343915
EG.USE.ELEC.KH.PC_delta1	5.87677395650189e-08	3.14533053025741e-05	8.26719576719577e-05
ER.FSH.AQUA.MT_lag1	5.81343065203923e-08	0.000186320850902537	0.000165343915343915
FP.CPI.TOTL.ZG_tend2	5.79763143429824e-08	0.000321729995764466	0.000496031746031746
DC.DAC.GBRL.CD_min2	5.77602698407128e-08	0.00167822042529667	0.00190145502645503
NV.IND.TOTL.KD.ZG_isNA_rank	5.61370750277702e-08	0.000156733419643336	0.000330687830687831
AG.YLD.CREL.KG_max2	5.61209256408111e-08	0.00173926116185844	0.00124007936507937
AG.PRD.CROP.XD_min2	5.59948033625274e-08	5.22444732144452e-05	0.000165343915343915
TM.VAL.AGRI.ZS.UN_delta1	5.56177138572337e-08	2.05246144771035e-05	8.26719576719577e-05
AG.LND.ARBL.ZS_lag1	5.54611889849214e-08	2.02580610423359e-05	8.26719576719577e-05
MS.MIL.MPRT.KD_tend2	5.43570892824165e-08	0.000143938854774492	0.000165343915343915
AG.CON.FERT.ZS_ratioavg2	5.40461360292065e-08	0.000323062762938304	0.000413359788359788
DC.DAC.CECL.CD_lag1	5.28788376718838e-08	0.00189626113493655	0.00231481481481482
FP.CPI.TOTL.ZG_avg2	5.27309964946837e-08	0.000859634827125437	0.000661375661375661
TX.VAL.SERV.CD.WT_lag1	5.15189379233602e-08	9.88913242987712e-05	0.000165343915343915
NY.ADJ.NNTY.CD_isNA_rank	5.08923333789983e-08	0.000231368381378257	0.000330687830687831
TX.VAL.MRCH.AL.ZS	5.06932037844215e-08	2.69218969115253e-05	8.26719576719577e-05
SP.POP.1014.MA.5Y_delta1	5.03488064524187e-08	0.00105555160167961	0.000992063492063492
FD.AST.PRVT.GD.ZS_rank	5.02077161440833e-08	2.55891297376874e-05	8.26719576719577e-05
EN.GHG.CO2.MT.CE.AR5_delta1	4.96777461356649e-08	9.40933624729548e-05	8.26719576719577e-05
AG.CON.FERT.ZS_tend2	4.96133307758426e-08	0.000157266526512871	0.000248015873015873
NV.IND.TOTL.KD_lag1	4.85892068961477e-08	3.35857327807148e-05	8.26719576719577e-05
EN.POP.DNST_lag1	4.83891467883909e-08	2.26570419552441e-05	8.26719576719577e-05
NE.CON.GOVT.ZS_isNA_rank	4.82237416111496e-08	0.00247361587464312	0.00181878306878307
NE.CON.TOTL.KD.ZG_tend2	4.82080370165768e-08	0.000793529575303078	0.000992063492063492
AG.YLD.CREL.KG_rank	4.8095631280904e-08	5.65093281707264e-05	8.26719576719577e-05
DC.DAC.JPNL.CD_ratiomax2	4.74313717953506e-08	0.000279881106505956	0.000330687830687831
BM.GSR.FCTY.CD_min2	4.73063222768022e-08	9.51595762120251e-05	0.000165343915343915
price_instability_rank	4.71726063026468e-08	0.00014740404942647	0.000165343915343915
IS.AIR.GOOD.MT.K1_ratioavg2	4.70608126305195e-08	8.92954006471384e-05	0.000165343915343915
BM.GSR.CMCP.ZS_rank	4.70490347793712e-08	3.2786072476412e-05	8.26719576719577e-05
BX.GSR.TRAN.ZS_isNA_rank	4.61156139052633e-08	0.000226037312682906	0.000248015873015873
AG.LND.ARBL.HA.PC_lag1	4.60188980686601e-08	0.000175658713511833	0.000165343915343915
FD.AST.PRVT.GD.ZS	4.60140787470781e-08	0.000140473660122513	0.000165343915343915
EN.GHG.CO2.BU.MT.CE.AR5_tend2	4.49435209289589e-08	0.000154334438730427	0.000248015873015873
IS.AIR.DPRT	4.41263955991751e-08	2.85212175201308e-05	8.26719576719577e-05
TM.VAL.OTHR.ZS.WT_rank	4.38410666639974e-08	5.33106869535155e-05	8.26719576719577e-05
AG.LND.ARBL.ZS_delta1	4.3661549929443e-08	0.00211643427205456	0.00181878306878307
FS.AST.CGOV.GD.ZS_isNA_rank	4.31510031361381e-08	9.86247708640036e-05	0.000248015873015873
NY.GDP.COAL.RT.ZS_isNA_rank	4.30969819022976e-08	0.00250400296620662	0.00231481481481482
NV.AGR.TOTL.KD.ZG_lag1	4.30947476251475e-08	0.00199568556610485	0.00248015873015873
ER.H2O.INTR.PC_max2	4.29233015491622e-08	0.000498988029884905	0.000661375661375661
SP.RUR.TOTL.ZG_rank	4.17955679141333e-08	6.07741831270077e-05	8.26719576719577e-05
DC.DAC.GBRL.CD_ratioavg2	4.13654140284368e-08	0.000526976140535501	0.000744047619047619
TX.VAL.MRCH.R2.ZS_delta1	4.12227961751982e-08	5.49100075621209e-05	0.000165343915343915
SE.PRM.ENRR.MA	4.09788151915084e-08	0.000346786018632618	0.000578703703703704
SP.POP.5054.FE.5Y_rank	4.09128940779923e-08	2.82546640853632e-05	8.26719576719577e-05
EN.GHG.CH4.TR.MT.CE.AR5_ratioavg2	4.0494074739544e-08	0.00172140208172901	0.00190145502645503
BX.GRT.EXTA.CD.WD_delta1	4.03933437657034e-08	0.00010235651895075	0.000165343915343915
SE.PRM.ENRL_isNA_rank	4.01881365586991e-08	0.00266686711484961	0.00190145502645503
NV.IND.TOTL.ZS_isNA_rank	4.00687430691314e-08	8.15653510388787e-05	0.000165343915343915
TM.VAL.MRCH.R2.ZS_delta1	3.99694093594168e-08	0.000170860751686017	0.000248015873015873
FS.AST.PRVT.GD.ZS_isNA_rank	3.99003226441447e-08	7.30356411263162e-05	8.26719576719577e-05
TX.VAL.MRCH.R1.ZS_rank	3.91853045808301e-08	0.000463802976495585	0.000330687830687831
NE.IMP.GNFS.ZS_rank	3.85550327775294e-08	5.75755419097967e-05	8.26719576719577e-05
SP.POP.5054.MA.5Y_lag1	3.84215221825364e-08	0.000143405747904957	0.000165343915343915
IT.MLT.MAIN_ratioavg2	3.64696945217292e-08	0.00308962086239099	0.0027281746031746
TG.VAL.TOTL.GD.ZS	3.55807089736857e-08	0.000367310633109722	0.000661375661375661
SP.POP.0004.MA.5Y	3.47903209769259e-08	7.30356411263162e-05	8.26719576719577e-05
MS.MIL.MPRT.KD_isNA_rank	3.46691474387881e-08	0.000425152728454286	0.000496031746031746
SP.POP.2024.MA.5Y_rank	3.45481149607771e-08	2.18573816509413e-05	8.26719576719577e-05
SP.POP.3539.MA.5Y_delta1	3.44782870843396e-08	7.99660304302732e-05	8.26719576719577e-05
NV.AGR.TOTL.KD.ZG	3.43276184869859e-08	0.000188719831815445	0.000248015873015873
FS.AST.PRVT.GD.ZS_lag1	3.40970378143387e-08	0.000105555160167961	8.26719576719577e-05
FI.RES.TOTL.CD_isNA_rank	3.38711272600055e-08	2.98539846939687e-05	8.26719576719577e-05
BX.KLT.DINV.WD.GD.ZS_avg2	3.37898552046258e-08	0.000134876037992394	0.000330687830687831
NE.RSB.GNFS.CD_delta1	3.32490015449061e-08	3.43853930850175e-05	8.26719576719577e-05
MS.MIL.XPND.GD.ZS_rank	3.31252707666324e-08	7.96994769955056e-05	8.26719576719577e-05
EN.GHG.CH4.TR.MT.CE.AR5	3.28166340027744e-08	2.5855683172455e-05	8.26719576719577e-05
BX.PEF.TOTL.CD.WD_min2	3.25651890550953e-08	0.000138074679209605	0.000165343915343915
NE.GDI.TOTL.ZS_isNA_rank	3.23627356260794e-08	0.000105821713602728	0.000165343915343915
TX.VAL.MRCH.CD.WT_lag1	3.12372499973167e-08	0.000105288606733193	8.26719576719577e-05
DC.DAC.JPNL.CD_isNA_rank	3.11143037149813e-08	0.000409959182672534	0.000578703703703704
BX.KLT.DINV.WD.GD.ZS_min2	3.10459208308799e-08	0.000998242613204577	0.000992063492063492
DC.DAC.FRAL.CD_min2	3.10454483820693e-08	0.000215375175292203	0.000413359788359788
BX.TRF.CURR.CD_min2	3.0871942881768e-08	5.38437938230506e-05	0.000165343915343915
NE.IMP.GNFS.KD_isNA_rank	3.06173870597349e-08	0.000770872533347834	0.000661375661375661
EG.ELC.NGAS.ZS_tend2	3.05998924772419e-08	4.9845492301537e-05	8.26719576719577e-05
BX.GSR.CMCP.ZS_ratiomax2	3.04540788683342e-08	4.90458319972342e-05	8.26719576719577e-05
BX.TRF.PWKR.DT.GD.ZS_isNA_rank	2.99109227405919e-08	0.00269085692397869	0.00281084656084656
IS.AIR.DPRT_min2	2.955093561362e-08	3.73174808674608e-05	8.26719576719577e-05
NE.IMP.GNFS.CN_lag1	2.94893022006102e-08	0.000218573816509413	0.000248015873015873
EN.GHG.CH4.BU.MT.CE.AR5_ratioavg2	2.92426843406234e-08	0.00938961129312268	0.00793650793650794
NY.GDP.MKTP.KD.ZG	2.90346706443192e-08	6.23735037356131e-05	8.26719576719577e-05
TX.VAL.MRCH.CD.WT	2.89671583129691e-08	4.26485495628124e-05	8.26719576719577e-05
EN.GHG.N2O.IC.MT.CE.AR5_ratioavg2	2.85393074842892e-08	0.000125813221210297	0.000330687830687831
NY.ADJ.DRES.GN.ZS	2.84817447636546e-08	0.00211403529114166	0.0015707671957672
IT.MLT.MAIN_isNA_rank	2.83794580263934e-08	0.0012184157503226	0.00124007936507937
NY.GNP.PCAP.CN_rank	2.77741476547058e-08	7.96994769955056e-05	8.26719576719577e-05
BM.GSR.MRCH.CD	2.75968665350094e-08	4.26485495628124e-05	8.26719576719577e-05
SP.RUR.TOTL.ZG_delta1	2.75937321459535e-08	0.000978784212466544	0.00107473544973545
EN.GHG.CH4.AG.MT.CE.AR5_lag1	2.75688293922254e-08	7.88998166912029e-05	0.000165343915343915
AG.LND.AGRI.ZS	2.65993546466224e-08	0.000113018656341453	0.000165343915343915
NE.CON.PRVT.KD_isNA_rank	2.64798744750176e-08	3.41188396502499e-05	8.26719576719577e-05
NE.IMP.GNFS.KD.ZG_isNA_rank	2.64777469263652e-08	0.00123280963580005	0.000909391534391534
SP.DYN.LE00.FE.IN_delta1	2.61310996044434e-08	5.03785991710721e-05	8.26719576719577e-05
MS.MIL.XPND.GD.ZS	2.60908003861135e-08	0.000760210395957131	0.000826719576719577
IS.AIR.PSGR_delta1	2.58151869505346e-08	0.000463802976495585	0.000330687830687831
EN.GHG.N2O.PI.MT.CE.AR5_lag1	2.55030251793193e-08	8.28981182127166e-05	8.26719576719577e-05
NE.EXP.GNFS.KD_isNA_rank	2.52011195072237e-08	0.00269059037054393	0.00305886243386243
DC.DAC.CANL.CD_rank	2.5196096248133e-08	0.00067891159835302	0.000578703703703704
DC.DAC.TOTL.CD	2.51320400297624e-08	6.26400571703807e-05	0.000165343915343915
NE.CON.TOTL.KD.ZG_lag1	2.47909395105156e-08	8.28981182127166e-05	0.000165343915343915
NY.ADJ.DKAP.GN.ZS_isNA_rank	2.47809642729951e-08	0.000130611183036113	0.000248015873015873
TM.VAL.MMTL.ZS.UN	2.42733497319711e-08	6.8770786170035e-05	8.26719576719577e-05
ER.H2O.INTR.PC	2.41741705825568e-08	0.000513648468797122	0.000578703703703704
DC.DAC.FRAL.CD_rank	2.40996121432085e-08	0.000105555160167961	8.26719576719577e-05
SP.DYN.TO65.MA.ZS_delta1	2.40986854670831e-08	0.000579220613749946	0.000826719576719577
EN.GHG.CO2.MT.CE.AR5_ratioavg2	2.39965644112161e-08	2.18573816509413e-05	8.26719576719577e-05
EN.GHG.CH4.FE.MT.CE.AR5_max2	2.39677778908163e-08	9.35602556034197e-05	0.000165343915343915
FM.AST.NFRG.CN_lag1	2.38799640179118e-08	0.000105821713602728	8.26719576719577e-05
FM.LBL.BMNY.GD.ZS_isNA_rank	2.37623563216456e-08	0.000966789307902003	0.000826719576719577
NE.CON.PRVT.ZS_ratioavg2	2.37255604836796e-08	3.86502480412987e-05	8.26719576719577e-05
EG.ELC.FOSL.ZS_tend2	2.35910655690268e-08	0.000133543270818556	0.000330687830687831
AG.LND.ARBL.HA.PC_ratiomax2	2.34639622588559e-08	0.00139140892948675	0.000992063492063492
EN.GHG.N2O.IP.MT.CE.AR5_delta1	2.33954966906826e-08	0.000695704464743377	0.000496031746031746
TM.VAL.FUEL.ZS.UN_rank	2.31655149766973e-08	0.000899617842340574	0.000992063492063492
AG.LND.CREL.HA_ratioavg2	2.3156824516841e-08	0.00128318823497112	0.00148809523809524
BX.GSR.TOTL.CD_ratioavg2	2.28416731593795e-08	0.000288677369853286	0.000330687830687831
BX.GSR.TRVL.ZS_delta1	2.28097624015873e-08	3.2786072476412e-05	8.26719576719577e-05
EN.GHG.CH4.PI.MT.CE.AR5_avg2	2.27360922142046e-08	0.000105821713602728	8.26719576719577e-05
AG.LND.AGRI.ZS_tend2	2.26208177478793e-08	0.00164090294442921	0.00148809523809524
EG.ELC.NGAS.ZS_ratioavg2	2.25511159219488e-08	6.53055915180565e-05	0.000165343915343915
FM.AST.NFRG.CN_ratioavg2	2.25191779004807e-08	0.00113871627332709	0.00148809523809524
DT.ODA.ALLD.KD_isNA_rank	2.21374487346905e-08	0.00334497905289833	0.00305886243386243
BX.GSR.GNFS.CD_rank	2.20118016620462e-08	8.50305456908572e-05	8.26719576719577e-05
FP.CPI.TOTL_ratioavg2	2.19667889594459e-08	5.03785991710721e-05	8.26719576719577e-05
AG.PRD.FOOD.XD	2.19395151412352e-08	0.00136262115853186	0.0015707671957672
DT.NFL.UNDP.CD_min2	2.18279133404375e-08	0.000796461663085521	0.000744047619047619
EN.GHG.CO2.RT.GDP.KD_ratiomax2	2.17103708885056e-08	0.000133276717383789	0.000165343915343915
DT.NFL.UNDP.CD_tend2	2.16130475918742e-08	0.000289743583592357	0.000330687830687831
DC.DAC.JPNL.CD_ratioavg2	2.15232161369169e-08	0.000743950636436309	0.000744047619047619
BX.KLT.DINV.CD.WD_min2	2.14081054449929e-08	8.2631564777949e-05	0.000165343915343915
EN.GHG.N2O.FE.MT.CE.AR5_lag1	2.13974523707462e-08	0.00017939046159858	0.000248015873015873
AG.PRD.CREL.MT_max2	2.13587432523784e-08	2.5855683172455e-05	8.26719576719577e-05
FI.RES.TOTL.CD_tend2	2.1255820914622e-08	0.000112485549471918	0.000248015873015873
EN.GHG.N2O.IC.MT.CE.AR5_ratiomax2	2.12078877307801e-08	4.77130648233964e-05	8.26719576719577e-05
TM.VAL.MRCH.R3.ZS_delta1	2.1146988272947e-08	0.00360673452584009	0.00338955026455026
TM.VAL.MRCH.WR.ZS_delta1	2.07190526601049e-08	0.000993178097943993	0.000992063492063492
NY.ADJ.DKAP.GN.ZS_lag1	2.06470411424142e-08	0.000408626415498696	0.000413359788359788
NV.IND.MANF.ZS_isNA_rank	2.0613989257247e-08	6.1840396866078e-05	8.26719576719577e-05
TX.VAL.MRCH.WL.CD_delta1	2.05138979534662e-08	2.69218969115253e-05	8.26719576719577e-05
EG.ELC.PETR.ZS_tend2	2.03303884390573e-08	0.00279827795819003	0.0021494708994709
DC.DAC.CECL.CD_min2	2.03140126042972e-08	0.00471906200912519	0.00462962962962963
MS.MIL.XPND.CD_isNA_rank	2.03088213293199e-08	3.14533053025741e-05	8.26719576719577e-05
TM.VAL.SERV.CD.WT_lag1	2.02651964598721e-08	0.000105555160167961	8.26719576719577e-05
AG.LND.ARBL.ZS_avg2	2.01351449904597e-08	2.5855683172455e-05	8.26719576719577e-05
BX.KLT.DINV.CD.WD_tend2	1.96355564307486e-08	0.00052377749931829	0.000496031746031746
IT.MLT.MAIN.P2_min2	1.95262101790834e-08	0.00236752760760562	0.00190145502645503
NY.ADJ.DMIN.CD_isNA_rank	1.92129953023238e-08	0.000943865712511992	0.00115740740740741
SP.DYN.IMRT.IN_lag1	1.90812268847503e-08	3.01205381287362e-05	8.26719576719577e-05
SP.POP.0509.MA.5Y_delta1	1.88180703325125e-08	0.000627466785442877	0.000744047619047619
BM.GSR.NFSV.CD_delta1	1.88080448509315e-08	2.21239350857089e-05	8.26719576719577e-05
SP.POP.DPND.OL_delta1	1.87755973417059e-08	5.62427747359588e-05	8.26719576719577e-05
BX.GSR.TRAN.ZS_max2	1.86959082309958e-08	2.26570419552441e-05	8.26719576719577e-05
EG.USE.PCAP.KG.OE_ratioavg2	1.86374836671639e-08	5.73089884750291e-05	0.000165343915343915
NE.EXP.GNFS.KD.ZG_rank	1.86120152855269e-08	2.37232556943144e-05	8.26719576719577e-05
EN.GHG.CO2.MT.CE.AR5_max2	1.83159392333433e-08	0.000105288606733193	8.26719576719577e-05
EG.ELC.PETR.ZS_delta1	1.81097257338386e-08	0.00104782155207135	0.000826719576719577
TM.VAL.FOOD.ZS.UN	1.79877503055467e-08	3.0920198433039e-05	8.26719576719577e-05
TX.VAL.TRVL.ZS.WT_isNA_rank	1.77784110126558e-08	8.34312250822517e-05	0.000165343915343915
TM.VAL.MRCH.WL.CD	1.75019130925953e-08	2.34567022595468e-05	8.26719576719577e-05
BX.GSR.GNFS.CD_isNA_rank	1.74294651401273e-08	0.000286544942375146	0.000413359788359788
DC.DAC.DEUL.CD_tend2	1.72717920641095e-08	0.00119842424271503	0.00132275132275132
NY.GDP.PCAP.CN	1.69154440291357e-08	9.24940418643494e-05	0.000165343915343915
BX.GSR.MRCH.CD_lag1	1.6912963162999e-08	0.000105555160167961	0.000165343915343915
DT.ODA.ALLD.KD_ratioavg2	1.6885615081616e-08	7.19694273872459e-05	0.000165343915343915
NE.GDI.FTOT.ZS_isNA_rank	1.67609342295909e-08	7.99660304302732e-05	0.000165343915343915
FI.RES.TOTL.MO_max2	1.67543251690569e-08	3.75840343022284e-05	8.26719576719577e-05
BX.GSR.CMCP.ZS_delta1	1.65985039236711e-08	0.000105555160167961	8.26719576719577e-05
BX.TRF.PWKR.CD.DT	1.65218911266522e-08	0.000114084870080523	0.000248015873015873
BX.GSR.NFSV.CD_tend2	1.60722895799945e-08	8.31646716474842e-05	8.26719576719577e-05
NV.AGR.TOTL.CD_isNA_rank	1.59602767704908e-08	0.00113391831150127	0.00107473544973545
TX.VAL.MRCH.R4.ZS	1.57579771513603e-08	0.00146897597900412	0.00148809523809524
TX.VAL.MRCH.R5.ZS	1.57117038319932e-08	0.00100037504068272	0.00107473544973545
SP.POP.1564.MA.IN_delta1	1.56814679480677e-08	0.00319650878973279	0.00264550264550265
SE.PRM.ENRR.FE	1.54726557017307e-08	0.000638662029703115	0.000661375661375661
FP.CPI.TOTL.ZG_max2	1.53002136467311e-08	5.19779197796776e-05	0.000165343915343915
TX.VAL.FUEL.ZS.UN_rank	1.52695664738109e-08	9.08947212557439e-05	0.000165343915343915
NE.RSB.GNFS.ZS_isNA_rank	1.49049763296262e-08	0.00085270443782148	0.000826719576719577
EN.GHG.CO2.RT.GDP.KD_lag1	1.48928906015781e-08	0.000334791114068077	0.000496031746031746
DT.ODA.ODAT.GN.ZS_ratiomax2	1.48484434590485e-08	0.000228702847030581	0.000248015873015873
FI.RES.TOTL.CD_avg2	1.46886005063288e-08	2.13242747814062e-05	8.26719576719577e-05
FM.AST.PRVT.GD.ZS_isNA_rank	1.46459385751872e-08	0.00162677561238653	0.00124007936507937
price_instability_delta1	1.43819908580978e-08	0.00312560557608461	0.00305886243386243
NE.CON.GOVT.CD_tend2	1.43661967065007e-08	5.25110266492128e-05	0.000165343915343915
BX.GSR.NFSV.CD_delta1	1.39037367885823e-08	2.77215572158281e-05	8.26719576719577e-05
NY.GDP.MKTP.CD_isNA_rank	1.38683656060709e-08	0.000397431171238458	0.000578703703703704
TM.VAL.SERV.CD.WT_isNA_rank	1.3711102858006e-08	0.000185787744033001	0.000165343915343915
YearsSinceFirst_rank	1.36946955871081e-08	0.000153001671556589	0.000248015873015873
EG.ELC.FOSL.ZS_min2	1.32275782023419e-08	8.90288472123709e-05	8.26719576719577e-05
DC.DAC.DEUL.CD_lag1	1.31518702652557e-08	0.00220546311926694	0.00173611111111111
SE.PRM.ENRR_delta1	1.30682501199424e-08	0.000256690957681177	0.000330687830687831
NE.CON.GOVT.CD	1.29663249604737e-08	8.50305456908572e-05	8.26719576719577e-05
SH.DTH.NMRT_lag1	1.27939916377642e-08	2.34567022595468e-05	8.26719576719577e-05
FP.CPI.TOTL.ZG_isNA_rank	1.27480143542423e-08	0.00019911541577138	0.000330687830687831
DC.DAC.FRAL.CD_lag1	1.26118547213986e-08	9.6492343385863e-05	0.000165343915343915
EG.ELC.FOSL.ZS_ratioavg2	1.2554325368787e-08	0.000723159468524437	0.000992063492063492
TM.VAL.MRCH.R2.ZS_lag1	1.25269517740274e-08	4.74465113886288e-05	8.26719576719577e-05
IS.AIR.DPRT_delta1	1.24932515362357e-08	8.20984579084138e-05	0.000165343915343915
EG.ELC.NUCL.ZS_min2	1.24476757733673e-08	0.000347852232371689	0.000248015873015873
year_cycle_rank	1.24437663698606e-08	0.00226996905048069	0.00248015873015873
NY.ADJ.NNTY.CD	1.18844059390566e-08	4.15823358237421e-05	8.26719576719577e-05
AG.LND.ARBL.HA	1.18416370743411e-08	6.13072899965428e-05	8.26719576719577e-05
SM.POP.RHCR.EA_lag1	1.15675840967894e-08	4.85127251276991e-05	8.26719576719577e-05
SP.POP.6064.FE.5Y_lag1	1.14731793655165e-08	0.00120375531141038	0.000992063492063492
BX.GSR.TRAN.ZS_ratioavg2	1.14479351263316e-08	0.00118509657097665	0.000992063492063492
TM.VAL.MRCH.R1.ZS_delta1	1.13883243064683e-08	2.55891297376874e-05	8.26719576719577e-05
SE.PRM.ENRR.MA_delta1	1.12649329997493e-08	0.00061947018239985	0.000661375661375661
NE.IMP.GNFS.CD_isNA_rank	1.11352098321074e-08	3.99830152151366e-05	8.26719576719577e-05
TX.VAL.OTHR.ZS.WT_rank	1.10709784320719e-08	0.000128478755557972	0.000165343915343915
NY.GDP.PCAP.KN	1.10659773273623e-08	0.00058428512901053	0.000744047619047619
EN.GHG.CH4.PI.MT.CE.AR5_min2	1.10493837799656e-08	0.000105821713602728	8.26719576719577e-05
year_cycle_lag1	1.08944681881468e-08	0.00013754157234007	0.000165343915343915
TM.VAL.MRCH.WL.CD_lag1	1.07787055226413e-08	2.61222366072226e-05	8.26719576719577e-05
DC.DAC.CANL.CD_min2	1.04973599275343e-08	8.18319044736463e-05	0.000165343915343915
AG.LND.ARBL.HA.PC_tend2	1.04872411399319e-08	2.85212175201308e-05	8.26719576719577e-05
EN.GHG.ALL.MT.CE.AR5_ratioavg2	1.04739775482809e-08	3.0920198433039e-05	8.26719576719577e-05
SE.PRM.ENRL_lag1	1.03045819800324e-08	9.48930227772576e-05	8.26719576719577e-05
NY.ADJ.DMIN.GN.ZS_lag1	1.02958252981141e-08	9.32937021686521e-05	0.000165343915343915
EG.ELC.COAL.ZS_max2	1.02385747529891e-08	5.97079693879373e-05	8.26719576719577e-05
EN.GHG.ALL.MT.CE.AR5_tend2	1.02193773903139e-08	2.55891297376874e-05	8.26719576719577e-05
BX.GRT.TECH.CD.WD_rank	1.00389672969494e-08	6.8770786170035e-05	8.26719576719577e-05
FD.AST.PRVT.GD.ZS_ratioavg2	9.98931846226148e-09	5.22444732144452e-05	0.000165343915343915
DC.DAC.DEUL.CD_ratiomax2	9.91560551198964e-09	8.74295266037654e-05	8.26719576719577e-05
EG.ELC.NGAS.ZS_max2	9.87915094265328e-09	0.000111685889167615	0.000165343915343915
SP.RUR.TOTL.ZG	9.76377522060459e-09	6.13072899965428e-05	8.26719576719577e-05
EG.ELC.PETR.ZS	9.58469525850275e-09	0.000183122209685326	0.000165343915343915
BM.GSR.INSF.ZS_delta1	9.52289206025021e-09	0.000227103526421976	0.000330687830687831
BX.PEF.TOTL.CD.WD	9.43562158619683e-09	4.9845492301537e-05	0.000165343915343915
EN.GHG.CO2.IP.MT.CE.AR5_avg2	9.42858438324352e-09	6.23735037356131e-05	8.26719576719577e-05
SP.POP.7579.FE.5Y_lag1	9.32436684690344e-09	0.00060401008318333	0.000578703703703704
EG.ELC.NGAS.ZS_avg2	9.2140747139284e-09	7.35687479958514e-05	0.000165343915343915
NE.EXP.GNFS.CN	9.20011267731664e-09	0.000105288606733193	0.000165343915343915
NV.IND.TOTL.ZS_lag1	9.19953225816508e-09	0.00242457004264588	0.00231481481481482
vaccination_coverage_proxy_delta1	9.0501205001101e-09	0.000862033808038345	0.000826719576719577
ER.FSH.CAPT.MT_ratiomax2	9.04393224169776e-09	0.000383037285761009	0.000330687830687831
AG.LND.CREL.HA	8.96990028367597e-09	0.000349718106415062	0.000330687830687831
NE.GDI.FTOT.CD_isNA_rank	8.90170859197478e-09	0.000483794484103153	0.000578703703703704
NE.CON.PRVT.CD_isNA_rank	8.88330862179695e-09	3.43853930850175e-05	8.26719576719577e-05
BX.GSR.TRVL.ZS_ratiomax2	8.7805804560346e-09	0.000151668904382752	0.000248015873015873
AG.PRD.CREL.MT_ratiomax2	8.7704347621834e-09	4.85127251276991e-05	8.26719576719577e-05
NE.CON.TOTL.KD.ZG_rank	8.74299754865405e-09	0.000112485549471918	0.000165343915343915
IT.MLT.MAIN.P2_delta1	8.35502001400818e-09	0.00131757362805614	0.00107473544973545
IT.MLT.MAIN.P2_max2	8.34277500682209e-09	0.00183948525333105	0.00173611111111111
MS.MIL.XPND.GD.ZS_max2	8.2461851469154e-09	0.000273483824071534	0.000330687830687831
NE.CON.PRVT.KD.ZG_ratioavg2	8.22942364189636e-09	0.000157266526512871	0.000330687830687831
EG.ELC.NGAS.ZS_delta1	8.17656146912712e-09	0.000171393858555552	0.000248015873015873
FM.AST.DOMS.CN_isNA_rank	8.17501183206215e-09	0.00416942882663445	0.00380291005291005
BM.GSR.TRAN.ZS_min2	8.02167935575085e-09	3.0920198433039e-05	8.26719576719577e-05
BX.TRF.PWKR.DT.GD.ZS	7.8073495730105e-09	0.000902816483557785	0.000909391534391534
NV.IND.TOTL.CD_delta1	7.79460878802377e-09	8.92954006471384e-05	8.26719576719577e-05
DT.ODA.ALLD.KD_ratiomax2	7.74144584523051e-09	0.000111685889167615	0.000165343915343915
BM.GSR.TRVL.ZS_isNA_rank	7.62176417801996e-09	5.46434541273534e-05	0.000165343915343915
TX.VAL.FUEL.ZS.UN	7.61476068702221e-09	0.00221079418796229	0.00231481481481482
DC.DAC.GBRL.CD_delta1	7.54534353389584e-09	0.000166862450164503	0.000248015873015873
BM.GSR.INSF.ZS_ratioavg2	7.53689369671495e-09	0.000146870942556935	0.000330687830687831
TM.VAL.MMTL.ZS.UN_rank	7.47258593271008e-09	6.13072899965428e-05	8.26719576719577e-05
SE.PRM.TCHR	7.31707887317991e-09	0.000116750404428199	0.000248015873015873
DC.DAC.JPNL.CD	7.21537742524461e-09	2.85212175201308e-05	8.26719576719577e-05
NE.CON.TOTL.KD.ZG_delta1	7.18950396910597e-09	0.000252159549290128	0.000330687830687831
BX.GRT.TECH.CD.WD	7.18106703431971e-09	0.000227103526421976	0.000413359788359788
EN.GHG.N2O.IP.MT.CE.AR5_ratioavg2	7.15908357721707e-09	0.00060081144196612	0.000744047619047619
NE.TRD.GNFS.ZS_lag1	7.1184203665288e-09	0.00102836315133331	0.000992063492063492
BM.GSR.TRAN.ZS_isNA_rank	7.03532045332649e-09	0.000958792704858976	0.000992063492063492
human_capital_priority	7.02936162656028e-09	0.000794329235607381	0.000992063492063492
NE.RSB.GNFS.CD_isNA_rank	6.85305159132035e-09	0.0018744037532856	0.00173611111111111
EN.GHG.CO2.RT.GDP.KD_tend2	6.84351691371624e-09	0.000534173083274225	0.000661375661375661
BM.GSR.INSF.ZS_avg2	6.82618226423896e-09	8.34312250822517e-05	0.000165343915343915
NY.GDP.MKTP.KN	6.78515811139405e-09	2.85212175201308e-05	8.26719576719577e-05
NY.GDP.DEFL.ZS_delta1	6.73932245660021e-09	7.91663701259705e-05	0.000165343915343915
BX.GRT.EXTA.CD.WD_lag1	6.63111414023163e-09	0.000100224091472609	0.000165343915343915
IS.AIR.DPRT_rank	6.55597218118707e-09	5.27775800839803e-05	8.26719576719577e-05
BX.GSR.MRCH.CD_isNA_rank	6.48518298006316e-09	5.83752022140995e-05	8.26719576719577e-05
SP.POP.DPND	6.42668782945364e-09	3.06536449982714e-05	8.26719576719577e-05
SP.POP.DPND.YG_delta1	6.30110658752494e-09	0.000189786045554515	0.000248015873015873
NV.AGR.TOTL.CN_isNA_rank	6.20065150740938e-09	0.000174592499772763	0.000165343915343915
BM.KLT.DINV.WD.GD.ZS_delta1	6.18088264280014e-09	0.000441145934540341	0.000496031746031746
EN.GHG.N2O.FE.MT.CE.AR5_tend2	6.15575173285763e-09	0.000136475358601	0.000165343915343915
IS.AIR.GOOD.MT.K1_max2	6.15202580752265e-09	0.00035318330106704	0.000413359788359788
TX.VAL.TRAN.ZS.WT	6.11659898689922e-09	0.00333058516742088	0.00297619047619048
NY.GDP.TOTL.RT.ZS_delta1	6.06979099774767e-09	5.43769006925858e-05	8.26719576719577e-05
NY.GNP.ATLS.CD_isNA_rank	6.02874154962544e-09	0.00506131661936676	0.00479497354497355
IS.AIR.DPRT_isNA_rank	5.98454681967776e-09	8.79626334733005e-05	8.26719576719577e-05
AG.PRD.CROP.XD_ratioavg2	5.96075164987055e-09	0.00121575021597492	0.00132275132275132
DC.DAC.FRAL.CD_ratiomax2	5.95230467502551e-09	0.000123147686862621	0.000248015873015873
SP.ADO.TFRT_delta1	5.83960711020748e-09	0.00121974851749643	0.00124007936507937
NV.IND.TOTL.ZS_delta1	5.75997726093705e-09	0.00106088267037496	0.00124007936507937
DC.DAC.GBRL.CD	5.58867868430853e-09	0.000442212148279411	0.000413359788359788
DT.NFL.UNDP.CD_isNA_rank	5.53351921776362e-09	0.000894286773645222	0.000826719576719577
BX.TRF.CURR.CD_avg2	5.52106694149586e-09	0.00010448894642889	8.26719576719577e-05
EN.GHG.CO2.FE.MT.CE.AR5	5.46704631766376e-09	0.00502666467284698	0.0037202380952381
BM.GSR.GNFS.CD_ratioavg2	5.45428904876097e-09	8.79626334733005e-05	0.000165343915343915
NE.CON.GOVT.ZS	5.31374984073992e-09	2.47894694333847e-05	8.26719576719577e-05
NE.GDI.TOTL.CD_lag1	5.28548189915048e-09	0.000269485522550021	0.000248015873015873
MS.MIL.XPND.CD_max2	5.26269043760814e-09	9.35602556034197e-05	0.000165343915343915
TX.VAL.SERV.CD.WT_delta1	5.24426107961514e-09	2.77215572158281e-05	8.26719576719577e-05
IS.AIR.PSGR_avg2	5.21673779176613e-09	0.000132477057079486	0.000165343915343915
TM.VAL.MRCH.R4.ZS_lag1	5.16665384263907e-09	0.000893220559906152	0.00115740740740741
TM.VAL.MANF.ZS.UN_delta1	5.15350101894955e-09	0.000530441335187479	0.000496031746031746
NV.IND.TOTL.CD_isNA_rank	5.13425121314726e-09	0.000199915076075683	0.000330687830687831
NY.GSR.NFCY.CD_lag1	5.10101996368675e-09	0.000200714736379986	0.000248015873015873
NE.GDI.FTOT.CD_delta1	4.92929391426796e-09	5.91748625184022e-05	8.26719576719577e-05
BM.TRF.PWKR.CD.DT_isNA_rank	4.92623328652736e-09	4.10492289542069e-05	8.26719576719577e-05
DT.ODA.ODAT.PC.ZS_ratioavg2	4.92151389868933e-09	0.000294541545418173	0.000330687830687831
BX.GSR.FCTY.CD_ratioavg2	4.85858202247198e-09	2.02580610423359e-05	8.26719576719577e-05
EN.GHG.CO2.IC.MT.CE.AR5_delta1	4.83573776527618e-09	0.000231901488247792	0.000165343915343915
SE.SEC.ENRR.MA_delta1	4.8041642386446e-09	0.000230302167639187	0.000330687830687831
AG.PRD.CREL.MT_ratioavg2	4.7508124050274e-09	0.0013277026585773	0.00140542328042328
DC.DAC.CECL.CD_ratiomax2	4.71167782567418e-09	0.00167981974590527	0.00140542328042328
MS.MIL.XPND.GD.ZS_lag1	4.69534753877248e-09	0.000984914941466199	0.00107473544973545
BX.GSR.NFSV.CD_ratioavg2	4.67018031075553e-09	2.90543243896659e-05	8.26719576719577e-05
DC.DAC.TOTL.CD_ratiomax2	4.54560547895e-09	2.82546640853632e-05	8.26719576719577e-05
NY.ADJ.DKAP.GN.ZS_delta1	4.5038319251471e-09	8.28981182127166e-05	8.26719576719577e-05
NV.SRV.TOTL.KD.ZG_lag1	4.38231120277607e-09	7.19694273872459e-05	0.000165343915343915
BM.GSR.FCTY.CD_max2	4.36103444866277e-09	0.000173259732598925	0.000248015873015873
DC.DAC.GBRL.CD_ratiomax2	4.27995063563189e-09	0.00124213900601691	0.00132275132275132
BX.GSR.CMCP.ZS_lag1	4.26232895164073e-09	0.000312134072112833	0.000330687830687831
BG.GSR.NFSV.GD.ZS_delta1	4.21984721991396e-09	0.00012208147312355	0.000248015873015873
FD.AST.PRVT.GD.ZS_min2	4.21485301865657e-09	4.53140839104882e-05	8.26719576719577e-05
NY.ADJ.DRES.GN.ZS_delta1	4.19936946088509e-09	0.000296673972896314	0.000413359788359788
TX.VAL.MRCH.R5.ZS_lag1	4.11945853665326e-09	2.05246144771035e-05	8.26719576719577e-05
EN.GHG.N2O.BU.MT.CE.AR5_ratiomax2	4.05301023561832e-09	0.000115950744123896	8.26719576719577e-05
EN.POP.DNST_tend2	4.04887736111221e-09	2.95874312592011e-05	8.26719576719577e-05
NE.RSB.GNFS.CD_rank	4.04885831388649e-09	2.10577213466386e-05	8.26719576719577e-05
NY.GDS.TOTL.CD_isNA_rank	4.03398616534973e-09	2.05246144771035e-05	8.26719576719577e-05
EG.ELC.FOSL.ZS_ratiomax2	4.02662538203942e-09	0.000318797907982023	0.000413359788359788
export_concentration_delta1	3.95520158201447e-09	0.00228702847030581	0.00190145502645503
NV.SRV.TOTL.ZS_delta1	3.92460569764938e-09	8.0765690734576e-05	0.000165343915343915
DC.DAC.CANL.CD_lag1	3.89915085448163e-09	4.74465113886288e-05	8.26719576719577e-05
SP.DYN.AMRT.FE_delta1	3.89096875657814e-09	9.11612746905115e-05	0.000165343915343915
NY.GDP.COAL.RT.ZS_rank	3.69249237691307e-09	0.000157799633382406	0.000165343915343915
NE.CON.GOVT.ZS_max2	3.6494805667009e-09	0.000114351423515291	0.000165343915343915
AG.LND.TOTL.K2_ratioavg2	3.63414771047427e-09	0.000750614472305498	0.000909391534391534
TM.VAL.AGRI.ZS.UN	3.6304289876633e-09	0.000126079774645064	0.000165343915343915
BM.TRF.PWKR.CD.DT_rank	3.52617518474294e-09	0.00278281785897351	0.00198412698412698
AG.LND.CROP.ZS_delta1	3.4691348044075e-09	0.000347852232371689	0.000248015873015873
BM.GSR.CMCP.ZS	3.4267046698587e-09	7.70339426478299e-05	0.000165343915343915
NY.GDP.DEFL.KD.ZG_lag1	3.3980982643494e-09	0.000165263129555898	0.000330687830687831
EN.GHG.CO2.PC.CE.AR5_rank	3.31553975021204e-09	5.54431144316561e-05	8.26719576719577e-05
TG.VAL.TOTL.GD.ZS_lag1	3.31313280621012e-09	0.00376266828517912	0.0037202380952381
BX.GSR.TRAN.ZS_lag1	3.20131329478956e-09	0.00163290634138618	0.00132275132275132
SP.POP.65UP.MA.ZS_lag1	3.19814871030286e-09	4.4780977040953e-05	8.26719576719577e-05
TX.VAL.OTHR.ZS.WT_lag1	3.11447690726783e-09	0.000626933678573342	0.000496031746031746
EN.GHG.CO2.RT.GDP.KD_max2	3.11437826463862e-09	6.05076296922401e-05	8.26719576719577e-05
DC.DAC.USAL.CD_max2	3.08969090095376e-09	0.000169527984512179	0.000248015873015873
AG.PRD.CROP.XD_delta1	3.08058344429959e-09	2.50560228681523e-05	8.26719576719577e-05
EN.POP.DNST_min2	3.04649843387461e-09	2.47894694333847e-05	8.26719576719577e-05
ER.FSH.PROD.MT_ratiomax2	3.04101899520514e-09	8.87622937776033e-05	8.26719576719577e-05
BM.GSR.INSF.ZS	3.03007846300265e-09	0.000682376793004998	0.000661375661375661
EN.GHG.CH4.WA.MT.CE.AR5	3.00260428894161e-09	7.67673892130623e-05	8.26719576719577e-05
BX.GRT.TECH.CD.WD_delta1	2.82715665145822e-09	0.00016286414864299	0.000248015873015873
BX.KLT.DINV.WD.GD.ZS_rank	2.82687103644118e-09	2.10577213466386e-05	8.26719576719577e-05
TM.VAL.INSF.ZS.WT	2.8038873040622e-09	0.00417369368159073	0.00380291005291005
NY.GDP.PCAP.KD.ZG_lag1	2.73163868927837e-09	0.00015406788529566	0.000165343915343915
AG.LND.AGRI.ZS_avg2	2.71072453198994e-09	0.000173259732598925	0.000248015873015873
NV.SRV.TOTL.ZS_lag1	2.68158197319071e-09	7.81001563869002e-05	8.26719576719577e-05
NY.ADJ.NNTY.PC.CD_isNA_rank	2.62357297799777e-09	0.000799393750867965	0.000744047619047619
TM.VAL.MMTL.ZS.UN_delta1	2.57021844653421e-09	4.45144236061854e-05	8.26719576719577e-05
BM.GSR.INSF.ZS_min2	2.46194053552215e-09	9.94244311683064e-05	0.000165343915343915
MS.MIL.XPND.GD.ZS_ratiomax2	2.45964593995758e-09	3.7850587736996e-05	8.26719576719577e-05
SP.POP.1519.FE.5Y_rank	2.40769071032009e-09	7.09032136481756e-05	8.26719576719577e-05
NE.GDI.TOTL.ZS	2.30755338331185e-09	0.000589083090836346	0.000744047619047619
NY.ADJ.NNTY.PC.CD_lag1	2.28195988800102e-09	0.000703967621221172	0.000909391534391534
NE.RSB.GNFS.CN_rank	2.27058448462871e-09	7.83667098216678e-05	8.26719576719577e-05
NE.GDI.TOTL.ZS_rank	2.24750938048425e-09	0.00020791167911871	0.000248015873015873
FP.CPI.TOTL_min2	2.21333353685095e-09	0.000299872614113525	0.000496031746031746
TX.VAL.MANF.ZS.UN_isNA_rank	2.10608819731237e-09	0.00124747007471226	0.000909391534391534
DC.DAC.TOTL.CD_tend2	2.0914030073496e-09	0.000216441389031273	0.000248015873015873
FI.RES.XGLD.CD_rank	2.07177047625646e-09	2.63887900419902e-05	8.26719576719577e-05
DC.DAC.USAL.CD_min2	2.04956818030219e-09	0.000142606087600654	0.000165343915343915
IT.MLT.MAIN.P2_avg2	2.02718560265989e-09	0.00168221872681818	0.00148809523809524
BG.GSR.NFSV.GD.ZS_lag1	1.96816833136491e-09	0.000515780896275262	0.000661375661375661
BX.GSR.TRVL.ZS_min2	1.96658007142375e-09	0.00020577925164057	0.000248015873015873
BG.GSR.NFSV.GD.ZS_avg2	1.93874494360906e-09	0.000465668850538958	0.000578703703703704
NV.IND.TOTL.CN_lag1	1.86831249282129e-09	6.5572144952824e-05	8.26719576719577e-05
SP.POP.5559.MA.5Y_rank	1.8648341332774e-09	3.14533053025741e-05	8.26719576719577e-05
NY.ADJ.DMIN.CD	1.82489807654391e-09	2.71884503462929e-05	8.26719576719577e-05
MS.MIL.MPRT.KD_rank	1.8163803039297e-09	0.00116377229619524	0.00107473544973545
TM.VAL.INSF.ZS.WT_isNA_rank	1.78864589957267e-09	0.00216814563839947	0.00198412698412698
IS.AIR.PSGR_lag1	1.76383255125859e-09	0.000945731586555365	0.00107473544973545
BX.GSR.TRAN.ZS_delta1	1.75530735674028e-09	0.000115950744123896	8.26719576719577e-05
FI.RES.TOTL.CD_max2	1.74614246663159e-09	2.90543243896659e-05	8.26719576719577e-05
EN.GHG.CO2.FE.MT.CE.AR5_min2	1.72258086167911e-09	4.31816564323475e-05	8.26719576719577e-05
DC.DAC.DEUL.CD_delta1	1.71432790418612e-09	0.000175658713511833	0.000248015873015873
FP.CPI.TOTL_delta1	1.70566916609031e-09	3.62512671283905e-05	8.26719576719577e-05
BX.GRT.EXTA.CD.WD_max2	1.70539298131737e-09	4.53140839104882e-05	8.26719576719577e-05
SE.PRM.ENRR_rank	1.69111738908908e-09	0.000168461770773109	0.000248015873015873
EN.GHG.N2O.PI.MT.CE.AR5_ratiomax2	1.64742657795907e-09	9.94244311683064e-05	0.000165343915343915
TX.VAL.TRVL.ZS.WT	1.62255522822762e-09	0.000359047476631927	0.000496031746031746
EG.ELC.FOSL.ZS_lag1	1.61972200738066e-09	0.000667449800658014	0.000661375661375661
BX.TRF.PWKR.DT.GD.ZS_ratiomax2	1.54634575504625e-09	0.000303604362200271	0.000330687830687831
IT.CEL.SETS_max2	1.54166744070645e-09	0.000203113717292894	0.000330687830687831
NY.GSR.NFCY.CD_isNA_rank	1.53669375723264e-09	2.71884503462929e-05	8.26719576719577e-05
SP.DYN.LE00.IN_rank	1.51209463869097e-09	7.38353014306189e-05	8.26719576719577e-05
TM.VAL.INSF.ZS.WT_delta1	1.50948190815546e-09	0.000617604308356477	0.000661375661375661
NV.IND.TOTL.KD.ZG_rank	1.50301816879187e-09	2.31901488247792e-05	8.26719576719577e-05
NE.IMP.GNFS.ZS	1.47556534517404e-09	0.000791930254694473	0.000826719576719577
NE.CON.TOTL.KD.ZG_ratiomax2	1.43575037020723e-09	4.45144236061854e-05	8.26719576719577e-05
EN.URB.MCTY.TL.ZS_delta1	1.43201906303895e-09	0.000300139167548292	0.000330687830687831
SP.DYN.TO65.MA.ZS	1.42716754090804e-09	6.39728243442186e-05	8.26719576719577e-05
BX.GSR.TRVL.ZS_avg2	1.40688979233809e-09	0.000834845357692052	0.00107473544973545
NY.ADJ.DKAP.GN.ZS_rank	1.39206126305698e-09	5.27775800839803e-05	8.26719576719577e-05
NE.CON.PRVT.KD.ZG_rank	1.37465546002451e-09	5.11782594753749e-05	8.26719576719577e-05
NY.ADJ.DMIN.CD_rank	1.37439813573979e-09	2.05246144771035e-05	8.26719576719577e-05
FP.CPI.TOTL.ZG_delta1	1.365828901077e-09	0.000149269923469843	0.000248015873015873
EN.GHG.N2O.IP.MT.CE.AR5_ratiomax2	1.36448183724491e-09	0.000340655289632964	0.000413359788359788
EG.ELC.FOSL.ZS_delta1	1.35159701928478e-09	6.34397174746834e-05	8.26719576719577e-05
DT.ODA.ODAT.GN.ZS_avg2	1.3491993330364e-09	0.0002145755149879	0.000248015873015873
export_concentration_rank	1.33320934284073e-09	0.00321543408360129	0.0027281746031746
IS.AIR.GOOD.MT.K1_isNA_rank	1.32001698784179e-09	0.00108540558637358	0.000826719576719577
SP.URB.GROW_delta1	1.28311328234073e-09	0.00204019998971104	0.00190145502645503
NY.ADJ.DMIN.GN.ZS_delta1	1.25700905657443e-09	9.67588968206306e-05	0.000165343915343915
DC.DAC.USAL.CD_lag1	1.2387704159316e-09	0.000183655316554861	0.000248015873015873
NE.CON.PRVT.ZS_isNA_rank	1.23318790982933e-09	0.000145005068513562	0.000165343915343915
BM.GSR.INSF.ZS_isNA_rank	1.22308420534952e-09	0.00197116265010623	0.00140542328042328
region	1.21685907451997e-09	0.00036864340028356	0.000330687830687831
SH.IMM.IDPT_delta1	1.21009184148193e-09	0.000290543243896659	0.000330687830687831
DT.ODA.ALLD.KD_delta1	1.1991913896405e-09	5.01120457363046e-05	8.26719576719577e-05
AG.LND.CREL.HA_avg2	1.15060375860631e-09	0.000440879381105573	0.000413359788359788
NY.GNP.PCAP.CN	1.14574666578464e-09	0.000260422705767923	0.000330687830687831
NE.IMP.GNFS.CN_isNA_rank	1.12157326791021e-09	0.000237765663812679	0.000248015873015873
NV.AGR.TOTL.KD	1.11892217886476e-09	2.02580610423359e-05	8.26719576719577e-05
TM.VAL.OTHR.ZS.WT_isNA_rank	1.109266764042e-09	0.000739152674610492	0.000578703703703704
TX.VAL.FUEL.ZS.UN_isNA_lag1	1.10433219070116e-09	6.82376793004998e-05	8.26719576719577e-05
MS.MIL.XPND.CD_ratioavg2	1.10373860103894e-09	0.0010334276665939	0.000992063492063492
SM.POP.NETM	1.10059708021505e-09	0.000125546667775529	0.000165343915343915
BX.TRF.PWKR.DT.GD.ZS_rank	1.07812365453053e-09	0.000636796155659742	0.000578703703703704
DT.ODA.ODAT.CD_lag1	1.04891419410162e-09	8.63633128646951e-05	8.26719576719577e-05
NY.GDP.PETR.RT.ZS_isNA_rank	1.03614756037668e-09	0.000878293567559168	0.000826719576719577
FM.AST.PRVT.GD.ZS_tend2	1.02819325177753e-09	0.000155933759339033	0.000165343915343915
IS.AIR.GOOD.MT.K1_avg2	1.02077733348881e-09	5.11782594753749e-05	8.26719576719577e-05
SP.URB.GROW_rank	1.01737983128548e-09	4.02495686499042e-05	8.26719576719577e-05
SP.POP.2529.FE.5Y_rank	1.01497484257935e-09	0.000385969373543452	0.000330687830687831
trade_openness_delta1	1.0147762607353e-09	0.000479796182581639	0.000496031746031746
AG.PRD.FOOD.XD_min2	9.98484769462496e-10	0.00044007972080127	0.000578703703703704
SP.POP.1519.FE.5Y_delta1	9.77428181970146e-10	4.26485495628124e-05	8.26719576719577e-05
ER.H2O.INTR.PC_tend2	9.40175169737997e-10	0.000105821713602728	8.26719576719577e-05
EN.GHG.N2O.FE.MT.CE.AR5	9.27493462371181e-10	0.0007218267013506	0.000578703703703704
TM.VAL.AGRI.ZS.UN_isNA_rank	9.26502498758811e-10	0.00183202175715756	0.00181878306878307
BM.GSR.TRVL.ZS_avg2	9.24908085233241e-10	0.00020577925164057	0.000248015873015873
BX.GSR.CMCP.ZS_avg2	9.05447362129357e-10	6.31731640399159e-05	0.000165343915343915
SM.POP.NETM_lag1	8.72983269828948e-10	0.00115311015880454	0.00107473544973545
NE.CON.PRVT.KD.ZG_tend2	8.45699903113157e-10	4.53140839104882e-05	8.26719576719577e-05
NY.GNP.PCAP.CD_isNA_rank	8.38882235812263e-10	0.000606675617531006	0.000496031746031746
NV.IND.MANF.KD_isNA_rank	8.35473903380604e-10	0.000255891297376874	0.000330687830687831
NY.GSR.NFCY.CD_rank	8.2849764396338e-10	5.14448129101424e-05	8.26719576719577e-05
EN.GHG.CH4.FE.MT.CE.AR5_delta1	7.94018243923499e-10	2.23904885204765e-05	8.26719576719577e-05
export_concentration_lag1	7.84397694283502e-10	0.000508050846667002	0.000496031746031746
TX.VAL.MRCH.RS.ZS_lag1	7.61116025448926e-10	0.00128505410901449	0.00115740740740741
TM.VAL.MRCH.R3.ZS_lag1	7.57817964387365e-10	7.33021945610838e-05	8.26719576719577e-05
BM.GSR.INSF.ZS_lag1	7.44616509641835e-10	6.69049121266619e-05	8.26719576719577e-05
NE.CON.TOTL.KD.ZG	7.32729640261585e-10	2.55891297376874e-05	8.26719576719577e-05
DC.DAC.TOTL.CD_isNA_rank	7.31556198179737e-10	0.000579753720619481	0.000413359788359788
EG.ELC.NGAS.ZS_lag1	7.2963203849458e-10	7.19694273872459e-05	8.26719576719577e-05
FM.AST.NFRG.CN_delta1	7.15818271463421e-10	0.000115950744123896	8.26719576719577e-05
NY.GDP.MINR.RT.ZS_rank	6.92371089918382e-10	2.53225763029199e-05	8.26719576719577e-05
SH.IMM.MEAS_delta1	6.89435576307499e-10	0.000216174835596505	0.000248015873015873
BM.KLT.DINV.CD.WD_tend2	6.81831566664806e-10	0.000181256335641953	0.000248015873015873
IT.CEL.SETS_min2	6.71477485426829e-10	0.000143672301339724	0.000165343915343915
FI.RES.TOTL.MO_tend2	6.57228001436243e-10	5.59762213011913e-05	0.000165343915343915
NE.IMP.GNFS.KD.ZG	6.5490393645002e-10	2.21239350857089e-05	8.26719576719577e-05
AG.PRD.CROP.XD	6.37274421884104e-10	2.31901488247792e-05	8.26719576719577e-05
NY.ADJ.DNGY.CD_delta1	6.33802551468587e-10	2.18573816509413e-05	8.26719576719577e-05
NV.IND.MANF.KD_lag1	6.31255918716144e-10	3.75840343022284e-05	8.26719576719577e-05
NY.ADJ.DNGY.CD	6.30688599957508e-10	0.00133436649444649	0.00115740740740741
AG.LND.ARBL.ZS_ratiomax2	6.08431600125882e-10	0.000105555160167961	8.26719576719577e-05
SP.POP.3034.FE.5Y_lag1	5.9772276430888e-10	3.0920198433039e-05	8.26719576719577e-05
EN.URB.LCTY.UR.ZS_delta1	5.92082165335272e-10	0.000157533079947638	0.000248015873015873
DT.ODA.ODAT.KD_tend2	5.86151212880384e-10	8.79626334733005e-05	0.000165343915343915
AG.PRD.LVSK.XD_delta1	5.82298666385644e-10	8.4497438821322e-05	8.26719576719577e-05
DC.DAC.USAL.CD_delta1	5.77103249628852e-10	0.000240697751595122	0.000248015873015873
DT.NFL.UNDP.CD_avg2	5.7575756225644e-10	0.00072395912882874	0.000661375661375661
YearsSinceFirst	5.6850651364535e-10	0.00139700655161687	0.00107473544973545
DC.DAC.USAL.CD_avg2	5.66392552272327e-10	0.000104222392994123	8.26719576719577e-05
TX.VAL.FOOD.ZS.UN_isNA_rank	5.60058672797141e-10	0.00057655507940227	0.000496031746031746
EN.GHG.CO2.IP.MT.CE.AR5_ratioavg2	5.44721898000641e-10	2.77215572158281e-05	8.26719576719577e-05
SE.TER.ENRR_isNA_rank	5.35169387511692e-10	0.000180989782207185	0.000165343915343915
DC.DAC.DEUL.CD_ratioavg2	5.18864857255981e-10	0.000238298770682214	0.000330687830687831
SE.PRM.ENRR.MA_rank	5.01620780575719e-10	5.91748625184022e-05	8.26719576719577e-05
AG.LND.ARBL.HA_ratiomax2	4.89263599653974e-10	0.000221772457726624	0.000165343915343915
NE.CON.GOVT.CD_delta1	4.89145174520106e-10	2.87877709548984e-05	8.26719576719577e-05
IT.MLT.MAIN.P2	4.83409298569071e-10	3.01205381287362e-05	8.26719576719577e-05
NY.GDP.DEFL.KD.ZG_delta1	4.76809901701044e-10	2.53225763029199e-05	8.26719576719577e-05
TX.VAL.TRVL.ZS.WT_delta1	4.56171159713961e-10	0.00103396077346343	0.000992063492063492
NV.SRV.TOTL.CD_lag1	4.50192104023742e-10	5.78420953445643e-05	8.26719576719577e-05
BX.TRF.PWKR.DT.GD.ZS_avg2	4.39556254853149e-10	0.000566159495446334	0.000496031746031746
AG.PRD.LVSK.XD_ratiomax2	4.33506207549882e-10	0.00123627483045202	0.000909391534391534
MS.MIL.XPND.CD_lag1	4.31746296352921e-10	0.000314533053025741	0.000413359788359788
DC.DAC.DEUL.CD_max2	4.26632646552586e-10	0.000105555160167961	8.26719576719577e-05
FM.LBL.BMNY.GD.ZS_rank	4.22197608876762e-10	0.000219640030248484	0.000248015873015873
TM.VAL.MRCH.OR.ZS_lag1	4.1232998322132e-10	0.00012981152273181	0.000165343915343915
BX.GSR.TRVL.ZS_isNA_rank	4.01562669386874e-10	2.15908282161738e-05	8.26719576719577e-05
NY.GDP.FCST.KD_lag1	3.89521087982031e-10	5.22444732144452e-05	8.26719576719577e-05
TX.VAL.MRCH.WR.ZS_delta1	3.83231634526883e-10	0.000116217297558664	0.000165343915343915
EN.GHG.ALL.PC.CE.AR5_min2	3.68418769313063e-10	6.71714655614295e-05	8.26719576719577e-05
EN.GHG.CH4.FE.MT.CE.AR5_min2	3.61595497516267e-10	6.21069503008455e-05	8.26719576719577e-05
NE.CON.GOVT.ZS_delta1	3.50675835053801e-10	2.3989809129082e-05	8.26719576719577e-05
FI.RES.TOTL.MO_min2	3.40678157301626e-10	0.000191918473032656	0.000248015873015873
NY.GDP.MINR.RT.ZS	3.38993629981283e-10	8.63633128646951e-05	8.26719576719577e-05
AG.LND.ARBL.ZS_min2	3.20205222446593e-10	6.15738434313104e-05	8.26719576719577e-05
NY.ADJ.DNGY.GN.ZS_delta1	3.1619585145921e-10	4.291510299758e-05	8.26719576719577e-05
NY.GDS.TOTL.ZS_rank	2.9974469724718e-10	6.66383586918944e-05	8.26719576719577e-05
SP.POP.0014.FE.IN_delta1	2.98708677558047e-10	4.95789388667694e-05	8.26719576719577e-05
FM.AST.NFRG.CN_isNA_rank	2.9374162326574e-10	2.10577213466386e-05	8.26719576719577e-05
EN.GHG.ALL.PC.CE.AR5	2.86495733853859e-10	0.000347852232371689	0.000248015873015873
FM.AST.PRVT.GD.ZS_avg2	2.73964224715959e-10	0.000185254637163466	0.000165343915343915
SM.POP.RHCR.EA_rank	2.66206045754552e-10	0.000119415938775875	0.000165343915343915
IT.MLT.MAIN_avg2	2.62972183962869e-10	6.66383586918944e-05	8.26719576719577e-05
BM.GSR.FCTY.CD_lag1	2.5557390762719e-10	0.000976118678118868	0.000992063492063492
AG.PRD.LVSK.XD_avg2	2.47726587538176e-10	0.000541103472578182	0.000578703703703704
NY.GDP.COAL.RT.ZS	2.45558467928542e-10	6.98369999091053e-05	8.26719576719577e-05
NE.IMP.GNFS.KD_lag1	2.44055020917066e-10	2.15908282161738e-05	8.26719576719577e-05
FI.RES.XGLD.CD_max2	2.34244112402731e-10	7.19694273872459e-05	8.26719576719577e-05
SP.POP.1519.MA.5Y_rank	2.31392350563762e-10	6.58386983875916e-05	8.26719576719577e-05
SE.TER.ENRR_rank	2.28679089599556e-10	0.000245229159986171	0.000330687830687831
IT.MLT.MAIN.P2_ratiomax2	2.27696576771184e-10	0.000820718025649371	0.000744047619047619
AG.LND.ARBL.HA_max2	2.09731593379951e-10	6.69049121266619e-05	8.26719576719577e-05
EN.GHG.CO2.RT.GDP.KD_delta1	2.09386671697781e-10	0.000126079774645064	0.000165343915343915
EG.ELC.COAL.ZS_ratioavg2	2.04915703099604e-10	2.98539846939687e-05	8.26719576719577e-05
AG.LND.AGRI.ZS_lag1	1.92644854720475e-10	6.1840396866078e-05	8.26719576719577e-05
BX.TRF.PWKR.DT.GD.ZS_max2	1.9217459715779e-10	0.000161531381469152	0.000165343915343915
IT.CEL.SETS.P2_lag1	1.75103542796262e-10	0.00153668055143508	0.00132275132275132
PA.NUS.ATLS	1.70995721946478e-10	7.22359808220135e-05	8.26719576719577e-05
NY.GDP.PETR.RT.ZS_rank	1.63303934004375e-10	7.67673892130623e-05	8.26719576719577e-05
EN.GHG.CH4.TR.MT.CE.AR5_avg2	1.60701991936562e-10	3.33191793459472e-05	8.26719576719577e-05
AG.LND.AGRI.ZS_rank	1.60552812010614e-10	3.11867518678066e-05	8.26719576719577e-05
EN.GHG.CO2.TR.MT.CE.AR5_max2	1.5219445286599e-10	7.73004960825974e-05	8.26719576719577e-05
IT.MLT.MAIN_ratiomax2	1.52087302738554e-10	0.000260689259202691	0.000248015873015873
SP.POP.0004.MA.5Y_delta1	1.41586457844451e-10	0.00137968057835698	0.00124007936507937
BM.GSR.CMCP.ZS_tend2	1.40259469707672e-10	0.000945198479685829	0.000909391534391534
SP.POP.1014.FE.5Y_rank	1.39062001641255e-10	0.000176724927250904	0.000165343915343915
DC.DAC.CECL.CD_max2	1.32602356278677e-10	0.000153534778426125	0.000165343915343915
BX.KLT.DINV.WD.GD.ZS_tend2	1.26777204116238e-10	0.000534439636708993	0.000578703703703704
NE.CON.TOTL.CD_min2	1.23108825664221e-10	5.57096678664237e-05	8.26719576719577e-05
SH.MMR.RISK.ZS_delta1	1.12786116327429e-10	4.85127251276991e-05	8.26719576719577e-05
AG.LND.TOTL.K2_delta1	1.10446843905474e-10	6.95704464743377e-05	8.26719576719577e-05
DC.DAC.USAL.CD_ratioavg2	1.08739281127694e-10	6.82376793004998e-05	8.26719576719577e-05
DT.ODA.ALLD.KD_max2	9.98035996378247e-11	7.30356411263162e-05	8.26719576719577e-05
NE.CON.PRVT.KD.ZG_delta1	9.29789273097256e-11	4.13157823889745e-05	8.26719576719577e-05
TX.VAL.MRCH.R6.ZS_rank	9.28874609445519e-11	0.000263088240115599	0.000248015873015873
TM.VAL.MRCH.WR.ZS_lag1	8.75469082959496e-11	5.75755419097967e-05	8.26719576719577e-05
trade_openness_rank	8.72863287789351e-11	0.000695704464743377	0.000496031746031746
BM.GSR.CMCP.ZS_max2	8.69789793579202e-11	0.000155933759339033	0.000165343915343915
NE.CON.PRVT.PC.KD_delta1	8.6219414700494e-11	0.000115950744123896	8.26719576719577e-05
TM.VAL.AGRI.ZS.UN_rank	8.61694288629614e-11	0.000350517766719364	0.000330687830687831
BM.GSR.TRVL.ZS_lag1	8.51016565031951e-11	0.000115151083819593	0.000165343915343915
BM.GSR.TRAN.ZS_ratiomax2	8.2115221908358e-11	6.53055915180565e-05	8.26719576719577e-05
TX.VAL.MRCH.R3.ZS_lag1	8.1808504595628e-11	0.000574422651924129	0.000578703703703704
EN.GHG.N2O.AG.MT.CE.AR5_tend2	8.17877481472823e-11	0.0003025381484612	0.000330687830687831
BM.GSR.FCTY.CD_avg2	7.91897651334512e-11	0.000234300469160701	0.000248015873015873
AG.LND.ARBL.HA_min2	7.77755005999035e-11	8.71629731689978e-05	8.26719576719577e-05
ER.H2O.INTR.PC_lag1	7.71053697136534e-11	0.000145538175383097	0.000165343915343915
NY.ADJ.NNTY.CD_lag1	7.38754556695803e-11	0.000135409144861929	0.000165343915343915
NE.CON.GOVT.ZS_ratioavg2	7.03210881247752e-11	0.000254825083637804	0.000248015873015873
NY.GNP.PCAP.CN_lag1	6.32106344665454e-11	5.43769006925858e-05	8.26719576719577e-05
FM.AST.DOMS.CN_max2	6.25143096329924e-11	0.000157266526512871	0.000165343915343915
IT.CEL.SETS_lag1	5.74081924297932e-11	5.06451526058397e-05	8.26719576719577e-05
FI.RES.TOTL.MO_avg2	5.73578024806242e-11	9.24940418643494e-05	8.26719576719577e-05
BM.GSR.TRVL.ZS_max2	5.41179242398857e-11	7.17028739524783e-05	8.26719576719577e-05
DT.ODA.ODAT.KD_ratiomax2	5.15752538239202e-11	8.36977785170193e-05	8.26719576719577e-05
SH.STA.MMRT	5.12884716974626e-11	5.38437938230506e-05	8.26719576719577e-05
SP.POP.2529.MA.5Y_lag1	5.04240026864279e-11	0.00243496562660182	0.00173611111111111
NE.IMP.GNFS.ZS_lag1	4.66824400912048e-11	0.000412891270454977	0.000413359788359788
BX.GSR.TRVL.ZS_lag1	4.63621962082587e-11	7.27690876915486e-05	8.26719576719577e-05
IT.CEL.SETS.P2_rank	4.44055343493892e-11	8.79626334733005e-05	8.26719576719577e-05
DT.NFL.UNDP.CD_delta1	4.303271314187e-11	8.39643319517869e-05	8.26719576719577e-05
NE.IMP.GNFS.CN_delta1	4.26637577589882e-11	3.89168014760663e-05	8.26719576719577e-05
EN.GHG.CH4.PI.MT.CE.AR5_ratiomax2	3.99145439891272e-11	6.74380189961971e-05	8.26719576719577e-05
FM.LBL.BMNY.GD.ZS_min2	3.84924426805521e-11	0.000351850533893202	0.000330687830687831
DC.DAC.CANL.CD	3.78883720110306e-11	7.01035533438729e-05	8.26719576719577e-05
BG.GSR.NFSV.GD.ZS_min2	3.75423328215926e-11	8.36977785170193e-05	8.26719576719577e-05
EN.GHG.CH4.PI.MT.CE.AR5	3.74858811978782e-11	0.000162331041773455	0.000165343915343915
FM.LBL.BMNY.GD.ZS_max2	3.3829679709041e-11	0.000298806400374454	0.000330687830687831
EG.USE.ELEC.KH.PC_max2	3.04695421490384e-11	0.000319864121721093	0.000330687830687831
BX.TRF.PWKR.DT.GD.ZS_ratioavg2	2.92195471720619e-11	7.59677289087596e-05	8.26719576719577e-05
BM.GSR.MRCH.CD_min2	2.91745521861826e-11	3.2786072476412e-05	8.26719576719577e-05
SP.POP.0014.FE.IN	2.85319932569737e-11	0.000999575380378415	0.000826719576719577
SE.PRM.ENRR.FE_rank	2.77604391944986e-11	0.000107687587646101	0.000165343915343915
EN.GHG.CH4.AG.MT.CE.AR5_ratioavg2	2.73285731490721e-11	6.15738434313104e-05	8.26719576719577e-05
ER.H2O.INTR.PC_delta1	2.67589595615406e-11	7.01035533438729e-05	8.26719576719577e-05
BM.GSR.CMCP.ZS_delta1	2.6602780717476e-11	0.000339322522459126	0.000330687830687831
TM.VAL.MRCH.R6.ZS_rank	2.49680651712374e-11	7.91663701259705e-05	8.26719576719577e-05
NE.GDI.FTOT.ZS	2.39802237589239e-11	5.38437938230506e-05	8.26719576719577e-05
ER.H2O.INTR.PC_min2	2.31024951995429e-11	0.000235366682899771	0.000248015873015873
NE.GDI.FTOT.CD_rank	2.24085125175248e-11	6.85042327352674e-05	8.26719576719577e-05
EG.ELC.PETR.ZS_ratiomax2	1.97795897977153e-11	9.43599159077224e-05	8.26719576719577e-05
FM.LBL.BMNY.GD.ZS_lag1	1.74125299593792e-11	8.7696080038533e-05	8.26719576719577e-05
EN.GHG.N2O.FE.MT.CE.AR5_min2	1.56780288373194e-11	6.93038930395701e-05	8.26719576719577e-05
NY.ADJ.DFOR.CD_lag1	1.40044697924638e-11	5.65093281707264e-05	8.26719576719577e-05
SP.DYN.LE00.IN_delta1	1.35535906227962e-11	2.55891297376874e-05	8.26719576719577e-05
EN.GHG.CH4.FE.MT.CE.AR5_lag1	1.31890294068773e-11	6.29066106051483e-05	8.26719576719577e-05
SP.POP.0014.TO	1.20495662568786e-11	0.000199915076075683	0.000165343915343915
SP.POP.1014.FE.5Y	1.14674325030539e-11	0.000211643427205456	0.000165343915343915
TM.VAL.TRAN.ZS.WT_lag1	1.13487115798927e-11	6.82376793004998e-05	8.26719576719577e-05
NE.CON.PRVT.PC.KD_lag1	1.09148481361119e-11	7.83667098216678e-05	8.26719576719577e-05
EN.GHG.N2O.PI.MT.CE.AR5_min2	9.90484769259032e-12	0.000126612881514599	0.000165343915343915
EN.GHG.CO2.PI.MT.CE.AR5_ratioavg2	9.44710737842521e-12	0.000101023751776912	8.26719576719577e-05
SP.POP.2529.MA.5Y_rank	8.77432733615455e-12	0.000160198614295314	0.000165343915343915
EN.GHG.N2O.BU.MT.CE.AR5_min2	7.44305066493352e-12	8.04991372998084e-05	8.26719576719577e-05
NE.CON.PRVT.CD	7.07460078631889e-12	6.71714655614295e-05	8.26719576719577e-05
BX.KLT.DINV.WD.GD.ZS_delta1	5.24621592370109e-12	8.20984579084138e-05	8.26719576719577e-05
EN.GHG.CH4.TR.MT.CE.AR5_delta1	4.20317242419505e-12	8.36977785170193e-05	8.26719576719577e-05
EN.GHG.CH4.MT.CE.AR5	3.78529108502185e-12	5.99745228227049e-05	8.26719576719577e-05
EN.GHG.CO2.PC.CE.AR5_avg2	3.4540402660887e-12	6.26400571703807e-05	8.26719576719577e-05
BX.GSR.GNFS.CD_ratioavg2	3.27051267465929e-12	7.19694273872459e-05	8.26719576719577e-05
SP.RUR.TOTL.ZS_lag1	3.10646924553811e-12	9.08947212557439e-05	8.26719576719577e-05
EN.URB.LCTY_ratioavg2	2.2326195925475e-12	6.31731640399159e-05	8.26719576719577e-05
SE.SEC.ENRL.GC.FE.ZS_isNA_rank	2.22506201197639e-12	0.000115950744123896	8.26719576719577e-05
EN.GHG.N2O.PI.MT.CE.AR5_rank	1.56302922384703e-12	6.71714655614295e-05	8.26719576719577e-05
NE.DAB.TOTL.CD_min2	1.43727938420942e-12	7.41018548653865e-05	8.26719576719577e-05
TM.VAL.MRCH.HI.ZS_delta1	4.04692911557114e-13	9.40933624729548e-05	8.26719576719577e-05
FM.AST.DOMS.CN_avg2	3.78309856056159e-13	8.4497438821322e-05	8.26719576719577e-05
AG.LND.CREL.HA_max2	2.97464596908051e-13	0.000103955839559355	8.26719576719577e-05
PA.NUS.FCRF	2.37639092373193e-13	8.7696080038533e-05	8.26719576719577e-05
AG.LND.AGRI.K2_min2	2.32134758165645e-13	0.000105555160167961	8.26719576719577e-05
TM.VAL.TRAN.ZS.WT_isNA_rank	6.50507753579185e-14	7.78336029521326e-05	8.26719576719577e-05
