Feature	Gain	Cover	Frequency
NE.CON.PRVT.PC.KD	0.217747541975391	0.0004314143151427	0.000287067604420841
NY.GDP.PCAP.KD	0.1900815607803	0.00142981388866868	0.000861202813262523
SP.URB.TOTL.IN.ZS	0.187072716270091	0.000749661359868473	0.000430601406631262
SP.RUR.TOTL.ZS_rank	0.17955068240511	0.000685322607144129	0.000430601406631262
EN.URB.LCTY_min2	0.0188746963380649	9.82314885344896e-05	0.000143533802210421
SH.DTH.MORT_lag1	0.0180010320172469	0.00019531407077033	0.000287067604420841
NY.GDP.PCAP.CD	0.0155655384155847	0.000544007132410302	0.000430601406631262
SP.POP.2024.FE.5Y_rank	0.0136158864387221	0.00148553584415316	0.00114827041768336
EN.URB.LCTY_avg2	0.0136119151512619	9.76570353851651e-05	0.000143533802210421
SH.DYN.NMRT	0.00980850777267031	0.000249887119956158	0.000143533802210421
TX.VAL.MRCH.R2.ZS	0.00814609094600921	0.000720938702402248	0.00114827041768336
NY.GDP.DEFL.ZS_lag1	0.00780727665267076	0.000681875888248182	0.00129180421989379
price_instability_lag1	0.00552871750373913	0.0016084688181086	0.00172240562652505
EN.URB.LCTY_tend2	0.00510968085305214	0.000315949232128475	0.000430601406631262
SH.IMM.IDPT_rank	0.00499236536908068	0.000723810968148871	0.000717669011052103
BG.GSR.NFSV.GD.ZS	0.00404566681082182	0.000409010642319044	0.000574135208841682
year	0.00379367339674639	0.00116269317423279	0.00100473661547294
EG.ELC.PETR.ZS_avg2	0.00352052830887456	0.000267695167585217	0.000430601406631262
DT.ODA.ODAT.GN.ZS	0.00346798937644709	0.000874892146421214	0.000717669011052103
BG.GSR.NFSV.GD.ZS_max2	0.00309807544450196	0.000141889927883152	0.000430601406631262
SH.DTH.NMRT_delta1	0.00301272772199934	0.000625005026465057	0.000717669011052103
FP.CPI.TOTL_max2	0.00287533372166945	0.000192441805023708	0.000430601406631262
EG.ELC.PETR.ZS_lag1	0.00235412834235322	4.76796113939335e-05	0.000143533802210421
SP.RUR.TOTL_rank	0.00227889892435906	8.27212535027281e-05	0.000143533802210421
EN.GHG.CH4.WA.MT.CE.AR5_lag1	0.00225336822912913	5.97431275297481e-05	0.000143533802210421
vaccination_coverage_proxy_rank	0.00219059695062589	0.000152230084570993	0.000143533802210421
SP.POP.4044.MA.5Y	0.00216213193841646	0.000999548479824631	0.000574135208841682
TX.VAL.MANF.ZS.UN_lag1	0.00211956459385619	0.00510976076324143	0.00358834505526051
SP.DYN.LE00.FE.IN	0.00203531628344112	0.000195888523919655	0.000287067604420841
SP.DYN.LE00.FE.IN_lag1	0.00195147439232062	0.00112363036007872	0.000861202813262523
NY.GDP.DEFL.ZS	0.00189910981886759	0.000310779153784555	0.000430601406631262
EG.ELC.PETR.ZS_min2	0.00188132778480808	0.000304460169141985	0.000430601406631262
SP.POP.4549.MA.5Y_lag1	0.00176429537929836	0.00591284626599708	0.00373187885747093
SE.TER.ENRR	0.00175036535723282	0.000949571055833399	0.00129180421989379
SP.POP.2024.MA.5Y_rank	0.00174719994634096	0.000249887119956158	0.000143533802210421
AG.PRD.CROP.XD_max2	0.00167093301161517	0.000345246342744025	0.000430601406631262
SP.POP.80UP.FE.5Y_lag1	0.00166140940890626	5.45730491858276e-05	0.000143533802210421
MS.MIL.XPND.GD.ZS_avg2	0.00136267147642555	0.000238972510118992	0.000287067604420841
NE.EXP.GNFS.ZS	0.00132378125570561	6.43387527243441e-05	0.000143533802210421
SP.POP.65UP.MA.ZS	0.00127200739543942	0.000249887119956158	0.000143533802210421
FM.AST.NFRG.CN	0.00112586782325487	0.0105394919306566	0.00732022391273145
NE.CON.TOTL.KD_rank	0.00112456736360693	8.27212535027281e-05	0.000143533802210421
NV.IND.TOTL.CN_lag1	0.00110137285370895	0.000152804537720317	0.000143533802210421
SH.DYN.MORT.FE	0.00105829653309948	0.000332608373458886	0.000287067604420841
SP.POP.7074.FE.5Y_delta1	0.0010400483377893	0.000918550585769876	0.000861202813262523
AG.LND.AGRI.ZS	0.000989238119191149	0.00490525544208191	0.00387541265968136
SE.TER.ENRR_lag1	0.000946720095208727	0.00225702642369596	0.00200947323094589
TX.VAL.MRCH.R3.ZS_lag1	0.000913763867013155	0.000558368461143415	0.000717669011052103
NY.ADJ.DMIN.CD_lag1	0.000886872589798501	5.91686743804236e-05	0.000143533802210421
SH.MMR.DTHS_lag1	0.000882629516775471	0.0120319212126017	0.00703315630831061
EN.GHG.N2O.PI.MT.CE.AR5_max2	0.000879723868566658	0.00284296863600695	0.00186593942873547
SP.POP.2529.MA.5Y_delta1	0.000855190331980041	0.000311353606933879	0.000430601406631262
IT.CEL.SETS_max2	0.000803257417998893	5.62964086338011e-05	0.000143533802210421
SP.DYN.TO65.FE.ZS_lag1	0.000789164388053141	0.00290788184188062	0.00186593942873547
BX.TRF.PWKR.DT.GD.ZS_rank	0.000765750720641937	0.000149932271973695	0.000287067604420841
NY.GDP.TOTL.RT.ZS_lag1	0.000724782719149815	0.00616560565169986	0.00401894646189178
EG.ELC.HYRO.ZS_max2	0.000659274019650149	0.0205947198564327	0.0137792450122004
SP.POP.1014.MA.5Y_lag1	0.000604885907591103	0.0031301952106692	0.00200947323094589
DC.DAC.DEUL.CD	0.000582430938869581	0.000612941510329242	0.000717669011052103
NY.ADJ.NNTY.PC.CD	0.000569265797037649	0.00249427557436698	0.00215300703315631
NY.ADJ.NNTY.PC.CD_lag1	0.000565813303782774	0.00119199028484834	0.00100473661547294
IT.CEL.SETS.P2	0.000564532860415503	0.000407287282871071	0.000430601406631262
NE.CON.PRVT.ZS_avg2	0.000554863229323758	0.00272865245929138	0.00172240562652505
FP.CPI.TOTL_min2	0.000524952007318188	0.00017233594479735	0.000287067604420841
DC.DAC.JPNL.CD_avg2	0.000501168621615763	0.00050034869306164	0.000861202813262523
DC.DAC.DEUL.CD_avg2	0.000493603325404948	0.000554347289098143	0.000717669011052103
BM.GSR.MRCH.CD_max2	0.000451661229007847	0.000225760087684529	0.000143533802210421
SP.URB.GROW	0.000445874456434586	0.00493282919324949	0.00301420984641883
SH.DYN.MORT	0.000443980346352189	0.000453817987966356	0.000287067604420841
SP.DYN.CBRT.IN	0.000441343835180997	0.000600877994193428	0.000430601406631262
EN.GHG.N2O.PI.MT.CE.AR5	0.000437449595774396	0.00490640434838056	0.00287067604420841
SP.POP.2529.FE.5Y_lag1	0.00043290017117872	0.00315604560238881	0.00287067604420841
SG.LAW.INDX_rank	0.00042900609341209	0.000520454553287998	0.000430601406631262
ER.FSH.AQUA.MT_min2	0.000423574519737437	0.0190988438555917	0.0111956365724128
SP.POP.65UP.TO.ZS	0.000416085332227794	0.000227483447132502	0.000143533802210421
TM.VAL.AGRI.ZS.UN	0.000408768980418455	0.000367075562418356	0.000574135208841682
FD.AST.PRVT.GD.ZS_min2	0.000408138344436016	0.000734725577986036	0.000861202813262523
NE.CON.PRVT.PC.KD_lag1	0.000392399368406797	4.82540645432581e-05	0.000143533802210421
AG.LND.AGRI.K2	0.000389478993393178	0.00172163608852553	0.00114827041768336
FM.AST.NFRG.CN_max2	0.000386106587881574	0.000264822901838595	0.000430601406631262
SP.POP.6064.FE.5Y_delta1	0.000384666462119112	0.000556070648546117	0.000717669011052103
price_instability	0.000382702914393502	0.0105446620090005	0.00775082531936271
EN.GHG.CO2.MT.CE.AR5_lag1	0.000361600938506174	0.000185548367231814	0.000143533802210421
BX.GSR.TRVL.ZS_min2	0.000360636415702318	0.000249887119956158	0.000143533802210421
SP.POP.6064.MA.5Y_delta1	0.000352297372922777	0.000961060118819889	0.000861202813262523
AG.LND.AGRI.K2_ratioavg2	0.000351664450681265	0.00401427860747961	0.00258360843978757
SE.PRM.TCHR_lag1	0.000351406599723153	0.00111673692228683	0.00143533802210421
FI.RES.TOTL.CD_min2	0.000346854605917333	0.00429346283805132	0.00258360843978757
AG.LND.AGRI.ZS_max2	0.000339550751592874	0.000592835650102885	0.000574135208841682
NY.GDP.FRST.RT.ZS	0.000338589626326542	0.000524475725333269	0.000717669011052103
BM.KLT.DINV.WD.GD.ZS_avg2	0.000327269336486232	0.000381436891151468	0.000430601406631262
NE.TRD.GNFS.ZS	0.000318371589301467	0.000681875888248182	0.000574135208841682
SH.MMR.RISK	0.000313716832876561	0.0121485352019145	0.00746375771494187
SM.POP.RHCR.EO_lag1	0.000312147166399187	0.00116384208053144	0.00100473661547294
AG.LND.PRCP.MM_min2	0.000309154195580906	0.00014418774048045	0.000143533802210421
SP.DYN.CBRT.IN_lag1	0.000296161427380532	0.000400393845079177	0.000287067604420841
SP.RUR.TOTL.ZS	0.000293171696899191	0.000349841967938621	0.000287067604420841
SP.POP.1564.FE.ZS_lag1	0.000286101304872023	0.000224036728236555	0.000143533802210421
NE.IMP.GNFS.CN_delta1	0.000277407032579697	0.000379713531703495	0.000430601406631262
NY.GDP.PCAP.KD_delta1	0.00026977375973447	0.0037115417977856	0.00258360843978757
SP.DYN.LE00.MA.IN	0.00026451736601653	0.00704681678276365	0.0041624802641022
EN.URB.LCTY_ratioavg2	0.000241645716062401	0.000177506023141271	0.000287067604420841
EG.ELC.HYRO.ZS_lag1	0.00024121678159664	0.00992540151402872	0.00703315630831061
AG.LND.AGRI.K2_ratiomax2	0.000235596677482627	0.000827212535027281	0.000574135208841682
SH.DYN.NMRT_lag1	0.00023031415085177	0.00033950181125078	0.000287067604420841
NY.GSR.NFCY.CN	0.000215766740126696	0.00730417179366102	0.00502368307736472
SH.MMR.RISK.ZS_rank	0.00021530782194565	0.000249887119956158	0.000143533802210421
SP.POP.4549.FE.5Y_lag1	0.000213338211812033	0.0012333509115997	0.000861202813262523
FS.AST.CGOV.GD.ZS_lag1	0.000212881070512141	0.000125805239702066	0.000143533802210421
NV.AGR.TOTL.KD_lag1	0.000211107622190008	0.000556645101695441	0.000574135208841682
FM.AST.NFRG.CN_min2	0.000209392045427232	0.000468179316699468	0.000430601406631262
SP.POP.7579.MA.5Y_delta1	0.000199068114021924	0.00156883155080521	0.00100473661547294
EN.GHG.CH4.PI.MT.CE.AR5_tend2	0.000197210586531085	0.00280505472815154	0.00200947323094589
BM.TRF.PWKR.CD.DT_min2	0.000196693852006642	0.000318247044725773	0.000430601406631262
SH.DYN.MORT_lag1	0.000193827877248944	0.00113971504825981	0.000717669011052103
FP.CPI.TOTL_avg2	0.000192612148665085	0.000198186336516953	0.000287067604420841
NV.SRV.TOTL.ZS	0.000183152767054289	0.00216856063869999	0.00186593942873547
NE.CON.PRVT.ZS	0.000182801269558216	0.00443420385963582	0.00301420984641883
SM.POP.RHCR.EO	0.000182630928287804	0.000691067138637374	0.000861202813262523
BM.TRF.PWKR.CD.DT_avg2	0.000175818249326919	0.00060375025994005	0.000574135208841682
SP.POP.0004.MA.5Y	0.000175762176943376	0.000228057900281827	0.000143533802210421
SP.POP.80UP.FE.5Y_delta1	0.000172946063123413	0.00528496897378541	0.00330127745083967
SG.LAW.INDX_lag1	0.000171794427271163	0.000727257687044818	0.000861202813262523
SH.DYN.MORT.MA_lag1	0.000170042096111965	0.00399072602835731	0.00258360843978757
DC.DAC.CECL.CD_min2	0.000169092735215154	0.000192441805023708	0.000430601406631262
EN.URB.MCTY.TL.ZS_avg2	0.00016081143099557	6.66365653216421e-05	0.000143533802210421
SP.POP.0509.FE.5Y	0.000146925769584309	0.000164293600706807	0.000143533802210421
NE.IMP.GNFS.KD.ZG_rank	0.000146289403303997	0.000117762895611523	0.000287067604420841
EN.GHG.CH4.FE.MT.CE.AR5_max2	0.000145542875871181	5.68708617831256e-05	0.000143533802210421
NE.CON.PRVT.PC.KD_tend2	0.00014375801484425	0.00121784067656794	0.000861202813262523
SP.POP.3034.FE.5Y_delta1	0.000142636151802833	0.00125977575646863	0.00100473661547294
SH.DYN.MORT.FE_lag1	0.000137344898482061	0.00134536927571798	0.000861202813262523
NV.IND.MANF.KD_delta1	0.000132492077912436	0.00198703344351345	0.00143533802210421
NY.ADJ.DMIN.CD	0.000129238145157689	0.00030503462229131	0.000430601406631262
SE.SEC.ENRR.MA	0.000128685420965964	0.000411308454916342	0.000717669011052103
EN.GHG.CO2.TR.MT.CE.AR5_max2	0.000120291131647382	6.77854716202911e-05	0.000143533802210421
SP.POP.0004.MA.5Y_lag1	0.000118687384259617	0.00240236307047506	0.00143533802210421
NE.GDI.TOTL.CD	0.000114459094795176	0.00024758930735886	0.000287067604420841
SP.POP.6569.FE.5Y_delta1	0.000113736318236706	0.000635919636302222	0.000717669011052103
NE.CON.PRVT.ZS_lag1	0.000110132744382084	0.0006330473705556	0.000430601406631262
EG.ELC.NUCL.ZS_tend2	0.00010765023882607	0.00417052986409587	0.00301420984641883
NE.CON.GOVT.ZS_avg2	0.000105876282882823	0.000635919636302222	0.000574135208841682
SP.DYN.AMRT.MA	0.000105823648304381	0.00102827113729086	0.00100473661547294
BX.GSR.FCTY.CD	0.00010470466844368	0.00104205801287464	0.00157887182431463
TX.VAL.FUEL.ZS.UN_delta1	9.65819333278755e-05	0.000534241428871786	0.000430601406631262
FD.AST.PRVT.GD.ZS_max2	9.25791406956157e-05	0.00199909695964926	0.00114827041768336
DC.DAC.CANL.CD	9.02303849333827e-05	0.000458988066310276	0.000430601406631262
BX.GSR.FCTY.CD_tend2	8.74836636711892e-05	0.00131836997769973	0.00157887182431463
NV.AGR.TOTL.KD	8.42895216789502e-05	0.000233802431775072	0.000287067604420841
SH.DTH.MORT	7.71803175461071e-05	0.000435435487187971	0.000430601406631262
SP.POP.3539.MA.5Y	7.71011310235928e-05	0.00105010035696519	0.000717669011052103
SP.POP.1519.MA.5Y_rank	7.34688278064586e-05	0.000194165164471681	0.000287067604420841
IT.MLT.MAIN_tend2	7.17459286914193e-05	0.000896721366095545	0.000717669011052103
NE.EXP.GNFS.CN_delta1	6.6612813296274e-05	0.000182101648335867	0.000143533802210421
BX.GSR.FCTY.CD_delta1	6.6522335224313e-05	0.000719789796103599	0.000717669011052103
YearsSinceFirst	6.6048208404052e-05	7.58278157108341e-05	0.000143533802210421
NY.GSR.NFCY.CN_delta1	6.59909707892305e-05	0.0024758930735886	0.00172240562652505
EG.ELC.NUCL.ZS_ratioavg2	6.5139789523889e-05	0.00123449981789835	0.00129180421989379
SH.MMR.RISK_lag1	6.49200892904177e-05	0.00954913470122117	0.00617195349504809
BX.PEF.TOTL.CD.WD_max2	6.31296420634847e-05	0.000409010642319044	0.000574135208841682
TX.VAL.FOOD.ZS.UN_rank	6.05413199186506e-05	9.65081290865161e-05	0.000143533802210421
SP.POP.5559.MA.5Y_lag1	5.97697204130905e-05	0.00162914913148428	0.00100473661547294
NE.CON.PRVT.ZS_max2	5.93964989081925e-05	0.00689745896393928	0.00444954786852304
NY.GDP.TOTL.RT.ZS_rank	5.89489602807763e-05	0.000185548367231814	0.000287067604420841
EN.GHG.CH4.PI.MT.CE.AR5_delta1	5.83995234640021e-05	0.00191522679984789	0.00129180421989379
NE.EXP.GNFS.KD.ZG_lag1	5.81393066257236e-05	0.000417052986409587	0.000861202813262523
MS.MIL.MPRT.KD_tend2	5.74676353346319e-05	0.00154585342483223	0.00129180421989379
NE.CON.GOVT.ZS_max2	5.70288825463841e-05	0.000423946424201481	0.000574135208841682
IT.CEL.SETS_ratioavg2	5.63812678221941e-05	0.000554921742247467	0.000430601406631262
AG.LND.AGRI.K2_delta1	5.62995695553702e-05	0.000399819391929852	0.000430601406631262
AG.LND.CROP.ZS	5.542714847513e-05	0.000179229382589244	0.000287067604420841
YearsSinceFirst_lag1	5.47932989096939e-05	0.00115005520494765	0.00100473661547294
FI.RES.TOTL.MO	5.43485082748816e-05	0.000406138376572422	0.000574135208841682
SP.RUR.TOTL.ZS_delta1	5.3352646493746e-05	0.00300956004931106	0.00200947323094589
FD.AST.PRVT.GD.ZS_tend2	5.27733734650768e-05	0.000481391739133931	0.000574135208841682
TX.VAL.TRVL.ZS.WT	5.16933222290494e-05	0.000406712829721746	0.000287067604420841
SP.POP.0014.MA.ZS	5.03541254243708e-05	0.000226334540833853	0.000143533802210421
SE.PRM.ENRR.FE_lag1	4.98013137965107e-05	0.000448647909622435	0.000861202813262523
IT.MLT.MAIN.P2_tend2	4.87668793960012e-05	0.000454966894265005	0.000287067604420841
SE.SEC.ENRR.MA_lag1	4.75556605177375e-05	0.000412457361214991	0.000430601406631262
SP.DYN.AMRT.MA_lag1	4.74066072119577e-05	0.00180952742037218	0.00114827041768336
SP.POP.1564.MA.ZS_lag1	4.71448246506955e-05	0.000203356414860873	0.000287067604420841
EG.ELC.NUCL.ZS	4.62313715874233e-05	0.00026424844868927	0.000287067604420841
SP.POP.3034.MA.5Y_delta1	4.62280699217754e-05	0.00159697975512211	0.00157887182431463
SP.POP.2529.FE.5Y_delta1	4.52801913367121e-05	0.000941528711742856	0.00129180421989379
SP.POP.5559.FE.5Y_rank	4.51330236471051e-05	0.000162570241258834	0.000143533802210421
SP.DYN.AMRT.FE	4.44508341782075e-05	0.00022461118138588	0.000143533802210421
AG.YLD.CREL.KG_avg2	4.42840930892453e-05	0.000136719849539231	0.000143533802210421
NY.GDP.PCAP.KD.ZG_delta1	4.36190811619587e-05	0.000865700896032022	0.000717669011052103
SP.POP.5054.MA.5Y	4.32837520285198e-05	0.0015263220177552	0.00114827041768336
SE.SEC.ENRL.GC_delta1	4.32767746554233e-05	0.00280333136870356	0.00229654083536673
SP.POP.4044.MA.5Y_delta1	4.15007227616226e-05	0.00360584241830989	0.00244007463757715
FI.RES.XGLD.CD	3.84064824152945e-05	0.000320544857323071	0.000574135208841682
NE.CON.PRVT.ZS_min2	3.83559351789136e-05	0.000382011344300793	0.000287067604420841
SM.POP.NETM	3.79799383160581e-05	0.00193705601952222	0.00143533802210421
BX.GSR.CMCP.ZS	3.77604397154438e-05	0.0015194285799633	0.00215300703315631
EN.GHG.CO2.IC.MT.CE.AR5_ratiomax2	3.61084606705194e-05	4.76796113939335e-05	0.000143533802210421
AG.LND.ARBL.ZS_ratioavg2	3.59603413307644e-05	0.00217602852964121	0.00129180421989379
SP.POP.0014.TO.ZS	3.40604343102135e-05	0.000226334540833853	0.000143533802210421
FP.CPI.TOTL.ZG_lag1	3.38198241170643e-05	0.000456690253712978	0.000861202813262523
SP.POP.3539.MA.5Y_rank	3.32039120578675e-05	0.000749661359868473	0.000430601406631262
BX.KLT.DINV.CD.WD	3.31232250290129e-05	0.000492306348971097	0.000574135208841682
SP.POP.5559.FE.5Y_lag1	3.30839912879309e-05	0.000392351500988634	0.000287067604420841
EN.GHG.CH4.BU.MT.CE.AR5_avg2	3.28449643295827e-05	6.20409401270461e-05	0.000143533802210421
SE.SEC.ENRL.GC.FE.ZS	3.28111877981648e-05	0.000264822901838595	0.000287067604420841
TM.VAL.FOOD.ZS.UN	3.27229832141503e-05	0.000265971808137244	0.000430601406631262
FI.RES.TOTL.CD_tend2	3.22230477746192e-05	0.0011816501281605	0.00172240562652505
TM.VAL.MRCH.R4.ZS_lag1	3.20830091110976e-05	0.000242993682164264	0.000287067604420841
IS.AIR.GOOD.MT.K1	3.19434598384255e-05	0.000448647909622435	0.000430601406631262
SP.ADO.TFRT	3.1886667361141e-05	0.0035426525718842	0.00229654083536673
SP.DYN.TFRT.IN_delta1	3.14969684580042e-05	0.00104952590381586	0.00129180421989379
DT.NFL.UNDP.CD_ratioavg2	3.12329960779813e-05	0.000535390335170435	0.000861202813262523
SP.POP.3034.FE.5Y	3.12175328755854e-05	6.26153932763706e-05	0.000143533802210421
TM.VAL.OTHR.ZS.WT_lag1	3.10878073396485e-05	0.00345418678688822	0.00301420984641883
BX.KLT.DINV.WD.GD.ZS	3.08926443853032e-05	0.000336629545504157	0.000574135208841682
EG.ELC.NUCL.ZS_delta1	3.06083310390472e-05	0.00116728879942739	0.000717669011052103
IT.CEL.SETS	3.02809212345431e-05	5.28496897378541e-05	0.000143533802210421
SE.PRM.TCHR_rank	3.01031861067317e-05	0.00129481739857742	0.00114827041768336
BX.GSR.NFSV.CD_isNA_rank	2.98620072276228e-05	0.000627877292211679	0.00100473661547294
SP.POP.7579.FE.5Y_delta1	2.75242326099753e-05	0.00158089506694103	0.00129180421989379
DC.DAC.FRAL.CD_tend2	2.72821259924701e-05	0.000837552691715122	0.00143533802210421
SE.PRM.TCHR	2.70831752225157e-05	0.000556645101695441	0.000717669011052103
NY.ADJ.DRES.GN.ZS_lag1	2.70428147787816e-05	0.00291822199856846	0.00215300703315631
DT.ODA.ODAT.GN.ZS_isNA_rank	2.67215423170727e-05	0.00449796815921084	0.00258360843978757
SP.POP.4549.MA.5Y_delta1	2.65852713804751e-05	5.91686743804236e-05	0.000143533802210421
year_cycle	2.64855534262229e-05	0.000816297925190115	0.000717669011052103
TX.VAL.MMTL.ZS.UN_rank	2.64527997922846e-05	0.00428312268136348	0.00330127745083967
MS.MIL.MPRT.KD_delta1	2.6376808636541e-05	0.000359607671477137	0.000287067604420841
BM.GSR.INSF.ZS_max2	2.61737114621293e-05	0.000170612585349377	0.000143533802210421
BM.TRF.PWKR.CD.DT	2.59770402151756e-05	0.00680267419430074	0.00502368307736472
SP.POP.1014.FE.5Y_delta1	2.47978060456383e-05	0.000589388931206938	0.000861202813262523
NY.GNP.ATLS.CD_delta1	2.45302144491087e-05	0.0010081652770645	0.000861202813262523
FI.RES.TOTL.CD_isNA_rank	2.45005035080089e-05	0.000219441103041959	0.000287067604420841
EN.GHG.ALL.PC.CE.AR5_max2	2.43751449805794e-05	0.000148783365675046	0.000143533802210421
BM.GSR.TRVL.ZS_ratioavg2	2.41368652218385e-05	0.000517582287541375	0.00100473661547294
NV.IND.MANF.KD	2.38548714634061e-05	0.000193016258173032	0.000287067604420841
NY.GDP.MKTP.KD.ZG_delta1	2.27387828041301e-05	0.00035099087423727	0.000430601406631262
SP.POP.2024.MA.5Y_lag1	2.26546618993626e-05	0.00107709965498344	0.00129180421989379
FM.AST.NFRG.CN_tend2	2.26338694729851e-05	0.000589388931206938	0.00100473661547294
FD.AST.PRVT.GD.ZS_delta1	2.1317389987756e-05	0.000206228680607496	0.000143533802210421
TX.VAL.FOOD.ZS.UN_delta1	1.96938761421813e-05	0.000539985960365031	0.00100473661547294
NE.DAB.TOTL.CD_tend2	1.96570278676969e-05	0.000132124224344635	0.000287067604420841
EN.URB.LCTY.UR.ZS_tend2	1.96258440290851e-05	0.000143038834181801	0.000287067604420841
TX.VAL.TRAN.ZS.WT_delta1	1.90237473291011e-05	0.000406138376572422	0.000574135208841682
TX.VAL.SERV.CD.WT_isNA_rank	1.89613887860128e-05	0.000706002920519811	0.000717669011052103
PA.NUS.FCRF	1.89183220418011e-05	0.000499774239912316	0.000287067604420841
BM.GSR.FCTY.CD_tend2	1.8682068684545e-05	0.000431988768292024	0.000287067604420841
SE.PRM.ENRL.FE.ZS_delta1	1.85886114568366e-05	0.0024127032271629	0.00215300703315631
SP.POP.1014.FE.5Y_lag1	1.85344140802147e-05	0.000539985960365031	0.000574135208841682
EN.GHG.CH4.FE.MT.CE.AR5_ratioavg2	1.80612781917307e-05	0.000441180018681216	0.000574135208841682
EN.GHG.CH4.BU.MT.CE.AR5	1.80338650637141e-05	0.000407861736020395	0.000574135208841682
NE.CON.PRVT.KD.ZG_isNA_rank	1.80155729423184e-05	0.000350416421087945	0.000430601406631262
AG.LND.ARBL.ZS_tend2	1.7819998194692e-05	0.0012896473202335	0.00143533802210421
SH.DTH.NMRT_lag1	1.77485771079176e-05	0.000728406593343467	0.000717669011052103
EN.GHG.N2O.BU.MT.CE.AR5_ratioavg2	1.76056359735236e-05	0.000665791200067096	0.000861202813262523
DT.ODA.ODAT.KD_min2	1.66476340648217e-05	0.000134422036941933	0.000143533802210421
SH.DYN.MORT.MA	1.66286405123491e-05	0.000227483447132502	0.000143533802210421
BX.GRT.EXTA.CD.WD_ratiomax2	1.64298846771512e-05	0.000145911099928423	0.000143533802210421
SP.POP.4044.FE.5Y_delta1	1.63952804616874e-05	0.00124196770883957	0.00114827041768336
EN.GHG.ALL.MT.CE.AR5_ratioavg2	1.63184514785831e-05	0.000540560413514355	0.000861202813262523
EN.GHG.CO2.IP.MT.CE.AR5_tend2	1.63110839473983e-05	0.000731278859090089	0.000861202813262523
FM.AST.PRVT.GD.ZS	1.62332360571373e-05	0.00137351748003488	0.00114827041768336
BG.GSR.NFSV.GD.ZS_isNA_rank	1.61994084976272e-05	0.000487710723776501	0.000574135208841682
SP.POP.0014.TO.ZS_lag1	1.60526099921599e-05	0.00181814421761204	0.00114827041768336
SH.DYN.MORT.MA_delta1	1.58304309869138e-05	5.85942212310991e-05	0.000143533802210421
SE.SEC.ENRR.FE_isNA_rank	1.57446677462668e-05	0.00061523932292654	0.000717669011052103
EG.USE.ELEC.KH.PC_tend2	1.55733311033572e-05	0.000772639485841453	0.00114827041768336
NY.ADJ.NNTY.PC.CD_delta1	1.55197248351696e-05	0.000650280965035335	0.000717669011052103
SE.SEC.ENRR.FE_delta1	1.53545120901571e-05	0.00121611731711997	0.00114827041768336
AG.LND.ARBL.HA.PC_ratioavg2	1.53325606282861e-05	0.000412457361214991	0.000861202813262523
NY.GDP.PCAP.KD.ZG_isNA_rank	1.52245534675745e-05	0.00108629090537263	0.00157887182431463
EN.GHG.N2O.AG.MT.CE.AR5_delta1	1.52232397368461e-05	0.000337203998653482	0.000287067604420841
ER.FSH.PROD.MT_tend2	1.51579992522745e-05	0.00106561059199695	0.00129180421989379
SP.POP.5054.FE.5Y	1.51269822685621e-05	0.000905912616484737	0.000574135208841682
NE.CON.GOVT.ZS	1.50013257899555e-05	0.000685322607144129	0.00100473661547294
EN.GHG.CO2.PC.CE.AR5	1.48833202265261e-05	0.000122358520806119	0.000143533802210421
NY.ADJ.DNGY.GN.ZS	1.469980009885e-05	0.000265971808137244	0.000574135208841682
AG.LND.ARBL.HA_ratioavg2	1.44751184391681e-05	0.00455771128674059	0.00358834505526051
FD.AST.PRVT.GD.ZS	1.43450288954866e-05	0.00608058658559984	0.00444954786852304
SH.MMR.RISK_delta1	1.3859741924822e-05	0.00547281515361452	0.00373187885747093
BM.TRF.PWKR.CD.DT_lag1	1.37574239964673e-05	0.00315891786813543	0.00200947323094589
DC.DAC.CANL.CD_max2	1.36663117520248e-05	0.000251036026254807	0.000430601406631262
NY.GDP.PCAP.CD_lag1	1.34273851995999e-05	9.36358633398936e-05	0.000143533802210421
BM.GSR.GNFS.CD_isNA_rank	1.33377568543129e-05	0.000486561817477852	0.000717669011052103
SH.DYN.MORT.FE_delta1	1.32484789693919e-05	0.00560436492480983	0.00430601406631262
TM.VAL.FUEL.ZS.UN_rank	1.29674817876036e-05	0.0013459437288673	0.00143533802210421
SM.POP.RHCR.EO_rank	1.2927447075389e-05	0.000135570943240582	0.000287067604420841
SE.PRM.ENRL.FE.ZS_lag1	1.29038748484101e-05	0.000314225872680502	0.000287067604420841
SP.RUR.TOTL_delta1	1.27826748106301e-05	0.00012637969285139	0.000287067604420841
SP.DYN.AMRT.FE_lag1	1.27081934002328e-05	0.00208641383834659	0.00143533802210421
SP.RUR.TOTL.ZG_rank	1.26899371265455e-05	5.62964086338011e-05	0.000143533802210421
BX.KLT.DINV.CD.WD_delta1	1.2502548138454e-05	0.000560666273740713	0.000430601406631262
BM.GSR.TRAN.ZS_tend2	1.24094156939904e-05	0.000202207508562224	0.000430601406631262
SP.POP.65UP.FE.ZS_delta1	1.23327158889128e-05	0.00194567281676208	0.00129180421989379
BM.GSR.FCTY.CD_ratioavg2	1.22719392483741e-05	0.000225760087684529	0.000287067604420841
NE.GDI.FTOT.ZS_delta1	1.22261266532139e-05	0.000444052284427839	0.000717669011052103
SP.POP.2024.FE.5Y	1.21943504483981e-05	0.00134536927571798	0.00100473661547294
SH.DTH.IMRT_lag1	1.21395946187652e-05	0.00269073855143596	0.00172240562652505
BM.GSR.GNFS.CD_max2	1.21260056112041e-05	5.45730491858276e-05	0.000143533802210421
FP.CPI.TOTL.ZG_min2	1.21040438191691e-05	0.000884657849959731	0.00100473661547294
DT.NFL.UNDP.CD_isNA_rank	1.20434703486095e-05	0.000286077668363601	0.000574135208841682
AG.YLD.CREL.KG	1.19258432256287e-05	0.000999548479824631	0.000574135208841682
BX.GSR.CMCP.ZS_max2	1.16100215010586e-05	0.000334331732906859	0.000430601406631262
FD.AST.PRVT.GD.ZS_isNA_rank	1.16069719207125e-05	0.00159468194252481	0.00157887182431463
BX.TRF.CURR.CD	1.1489459578264e-05	0.000134996490091258	0.000287067604420841
SE.SEC.ENRR.FE	1.12240923353033e-05	0.00022461118138588	0.000287067604420841
NV.SRV.TOTL.KD_isNA_rank	1.110263790357e-05	0.000541709319813004	0.000574135208841682
TM.VAL.TRAN.ZS.WT	1.09998104294468e-05	0.000531943616274488	0.00114827041768336
SP.URB.GROW_delta1	1.08567013187662e-05	0.000378564625404846	0.000574135208841682
IS.AIR.GOOD.MT.K1_tend2	1.07211218556122e-05	0.000884083396810406	0.00100473661547294
TX.VAL.MRCH.R6.ZS_lag1	1.06496242577748e-05	0.000174633757394648	0.000287067604420841
NE.CON.PRVT.CD_tend2	1.05822837067918e-05	7.06577373669136e-05	0.000143533802210421
SP.POP.1519.FE.5Y_lag1	1.05384142231901e-05	0.00123105309900241	0.00114827041768336
AG.PRD.CROP.XD_tend2	1.0318441459709e-05	0.000502646505658938	0.000717669011052103
EG.ELC.NUCL.ZS_min2	1.01769370801679e-05	0.000147634459376397	0.000143533802210421
TM.VAL.TRAN.ZS.WT_lag1	1.01613232904564e-05	0.000193016258173032	0.000287067604420841
SH.DTH.IMRT_delta1	9.86134927740742e-06	0.00071864088980495	0.000717669011052103
IT.MLT.MAIN_delta1	9.81806983181065e-06	0.000352139780535919	0.000287067604420841
EN.URB.MCTY.TL.ZS_isNA_rank	9.7394935532295e-06	0.000252184932553456	0.000287067604420841
NV.IND.TOTL.CD_isNA_rank	9.56033778478931e-06	0.00326346834131249	0.00244007463757715
IT.MLT.MAIN.P2	9.42547131506612e-06	0.000301013450246038	0.000430601406631262
FM.AST.PRVT.GD.ZS_max2	9.23986854642808e-06	0.00105067481011451	0.000861202813262523
IT.CEL.SETS.P2_delta1	9.22337055060348e-06	0.000203356414860873	0.000143533802210421
SE.SEC.ENRL	9.1998186201767e-06	0.00268327066049474	0.00172240562652505
NV.SRV.TOTL.KD.ZG_isNA_rank	9.05382724331813e-06	0.00167625428972889	0.00200947323094589
SP.POP.4549.FE.5Y	8.92365343460454e-06	0.000867424255479996	0.000861202813262523
AG.LND.ARBL.HA.PC_ratiomax2	8.79418545573959e-06	0.000123507427104768	0.000143533802210421
TX.VAL.MRCH.AL.ZS_delta1	8.76070563961144e-06	0.00127356263205242	0.00157887182431463
SE.PRM.ENRL_delta1	8.72704269656727e-06	0.00048885963007515	0.000574135208841682
FS.AST.CGOV.GD.ZS_tend2	8.61817927971057e-06	0.000777809564185374	0.00100473661547294
NE.RSB.GNFS.CN_lag1	8.36631583430553e-06	0.00067900362250156	0.000574135208841682
AG.PRD.LVSK.XD	8.32458768660965e-06	0.000704854014221162	0.00114827041768336
FM.AST.DOMS.CN	8.28266586344265e-06	0.00212088102730606	0.00157887182431463
AG.PRD.FOOD.XD_delta1	8.27170335388163e-06	0.000258503917196025	0.000287067604420841
NY.GDP.DEFL.KD.ZG_rank	8.19157344115093e-06	0.000286077668363601	0.000287067604420841
SP.POP.TOTL.FE.ZS	7.84329202693136e-06	0.0038850266488816	0.00301420984641883
DC.DAC.TOTL.CD_min2	7.78196486543097e-06	0.00010972055152098	0.000143533802210421
NE.IMP.GNFS.ZS_delta1	7.78029799292149e-06	0.000279758683721032	0.000430601406631262
BM.GSR.CMCP.ZS_min2	7.76296941266445e-06	0.00037913907855417	0.000430601406631262
DT.ODA.ODAT.KD_isNA_rank	7.74724252104561e-06	0.00100759082391517	0.00100473661547294
SE.SEC.ENRL.GC.FE.ZS_rank	7.61479189680474e-06	0.000402691657676475	0.000717669011052103
MS.MIL.XPND.GD.ZS_lag1	7.56780427031807e-06	0.000157400162914913	0.000287067604420841
NE.CON.TOTL.CD_isNA_rank	7.54669696110154e-06	0.00139189998081326	0.00114827041768336
DC.DAC.DEUL.CD_rank	7.33357885068675e-06	0.00370120164109776	0.00244007463757715
AG.LND.ARBL.ZS_lag1	7.2931480777921e-06	5.39985960365031e-05	0.000143533802210421
SP.POP.1014.MA.5Y_delta1	7.25778873576683e-06	0.000643961980392765	0.000717669011052103
DC.DAC.CECL.CD	7.20848668112457e-06	0.000381436891151468	0.000574135208841682
EG.ELC.HYRO.ZS_avg2	7.16863289620809e-06	0.00220704899970473	0.00258360843978757
SP.POP.1519.MA.5Y_lag1	7.13186953063328e-06	0.000675556903605613	0.000574135208841682
BM.KLT.DINV.WD.GD.ZS_lag1	7.13122257978144e-06	0.000777809564185374	0.000861202813262523
DC.DAC.CECL.CD_tend2	7.096896534809e-06	0.000257929464046701	0.000574135208841682
NE.RSB.GNFS.CD_lag1	7.01270041649294e-06	0.000603175806790726	0.000430601406631262
EN.GHG.N2O.BU.MT.CE.AR5_tend2	6.68235361654958e-06	0.000830084800773903	0.000861202813262523
EN.GHG.CH4.MT.CE.AR5_ratioavg2	6.6483129049662e-06	0.00019531407077033	0.000430601406631262
AG.YLD.CREL.KG_min2	6.63362641695378e-06	0.000238398056969668	0.000287067604420841
PA.NUS.ATLS_lag1	6.53893763468493e-06	0.00424808103925468	0.00244007463757715
BM.GSR.CMCP.ZS_max2	6.48407674846858e-06	0.000220015556191284	0.000287067604420841
DT.NFL.UNDP.CD_ratiomax2	6.46711369732712e-06	0.000566410805233958	0.000717669011052103
TX.VAL.MRCH.OR.ZS_lag1	6.38379841718756e-06	0.0019272903159837	0.00200947323094589
SP.POP.5054.MA.5Y_lag1	6.36552880730759e-06	0.00156538483190926	0.00114827041768336
TX.VAL.MRCH.R6.ZS	6.29431884382617e-06	0.00053481588202111	0.00114827041768336
AG.LND.AGRI.K2_tend2	6.21932732244878e-06	0.00103918574712802	0.00129180421989379
SH.DYN.MORT_delta1	6.17593295628466e-06	0.000553772835948819	0.000717669011052103
NV.IND.MANF.ZS_delta1	6.04115099748314e-06	0.000888104568855678	0.00114827041768336
TM.VAL.AGRI.ZS.UN_isNA_rank	5.97046981836751e-06	0.000893274647199598	0.00100473661547294
SP.POP.7074.MA.5Y_delta1	5.95471413112491e-06	0.000355586499431866	0.000287067604420841
TX.VAL.OTHR.ZS.WT_rank	5.89129404221176e-06	0.000219441103041959	0.000430601406631262
SP.POP.2024.MA.5Y_delta1	5.8707424883784e-06	0.000673833544157639	0.000717669011052103
SP.DYN.TO65.MA.ZS_delta1	5.85969929531886e-06	0.000461860332056898	0.000717669011052103
SP.POP.2024.FE.5Y_lag1	5.80149652188442e-06	0.00053481588202111	0.000717669011052103
BX.TRF.CURR.CD_tend2	5.69828891373214e-06	8.73168786973241e-05	0.000143533802210421
ER.FSH.CAPT.MT_tend2	5.69261444970519e-06	0.00194911953565803	0.00157887182431463
BX.TRF.CURR.CD_min2	5.68633956298558e-06	6.20409401270461e-05	0.000143533802210421
EN.GHG.N2O.BU.MT.CE.AR5_ratiomax2	5.62834488261293e-06	0.000660621121723176	0.000430601406631262
NY.GDP.COAL.RT.ZS_isNA_rank	5.62343879585491e-06	0.00151713076736601	0.00129180421989379
IS.AIR.GOOD.MT.K1_delta1	5.53979620891956e-06	0.000295843371902118	0.000287067604420841
FM.LBL.BMNY.GD.ZS	5.46383267777704e-06	0.00144819638944707	0.00143533802210421
SP.POP.TOTL.FE.ZS_lag1	5.3369587342319e-06	0.00109433324946317	0.00114827041768336
TM.VAL.FOOD.ZS.UN_lag1	5.30426188195085e-06	0.000192441805023708	0.000287067604420841
BM.GSR.TOTL.CD_lag1	5.22309410794471e-06	5.34241428871786e-05	0.000143533802210421
BX.GSR.TRVL.ZS_ratioavg2	5.17845908648742e-06	0.000105699379475708	0.000287067604420841
IT.CEL.SETS.P2_avg2	5.13825856370918e-06	0.000145911099928423	0.000430601406631262
TM.VAL.MANF.ZS.UN_delta1	5.12984962655357e-06	0.000445201190726488	0.000574135208841682
DC.DAC.CANL.CD_isNA_rank	5.10427023899012e-06	0.00067900362250156	0.000861202813262523
NE.CON.TOTL.KD.ZG_tend2	4.95791611177793e-06	0.000636494089451547	0.00100473661547294
SP.DYN.LE00.MA.IN_lag1	4.93586554320662e-06	0.00224898407960542	0.00129180421989379
BX.GRT.TECH.CD.WD_rank	4.88664872424605e-06	0.000361331030925111	0.000287067604420841
TM.VAL.MRCH.R1.ZS_rank	4.81829282196265e-06	0.00107135512349019	0.00114827041768336
NY.GDP.FRST.RT.ZS_lag1	4.72509962992695e-06	0.000550900570202196	0.000861202813262523
EG.USE.PCAP.KG.OE_tend2	4.72267749208818e-06	0.00024127032271629	0.000574135208841682
SP.POP.2024.MA.5Y	4.70097191244687e-06	0.000746789094121851	0.000717669011052103
FD.AST.PRVT.GD.ZS_lag1	4.64043136142464e-06	0.00127700935094836	0.00157887182431463
SP.DYN.LE00.IN_delta1	4.63570268667633e-06	0.000531943616274488	0.000574135208841682
SH.MMR.RISK.ZS	4.62416423411787e-06	0.00143326060756463	0.00100473661547294
AG.LND.CROP.ZS_avg2	4.60069733994095e-06	0.000127528599150039	0.000143533802210421
SP.POP.2529.FE.5Y_rank	4.56637681550284e-06	0.000730704405940765	0.000717669011052103
FP.CPI.TOTL.ZG	4.56247359290943e-06	0.000406712829721746	0.000574135208841682
FS.AST.PRVT.GD.ZS_min2	4.55499397570802e-06	0.00397981141852014	0.00258360843978757
IT.CEL.SETS.P2_tend2	4.53726622236682e-06	0.000365352202970382	0.000287067604420841
BG.GSR.NFSV.GD.ZS_tend2	4.49199680678982e-06	0.00108514199907398	0.00129180421989379
EN.GHG.CO2.IC.MT.CE.AR5_tend2	4.48668415223962e-06	0.00289409496629683	0.00200947323094589
BM.GSR.TRVL.ZS_tend2	4.45056687251154e-06	0.000373394547060925	0.000574135208841682
TX.VAL.MRCH.WR.ZS_lag1	4.44245738084196e-06	0.00696754224815687	0.00645902109946893
BM.KLT.DINV.WD.GD.ZS_min2	4.41467852110693e-06	7.75511751588076e-05	0.000143533802210421
DT.NFL.UNDP.CD_lag1	4.3891058190229e-06	0.000264822901838595	0.000430601406631262
AG.PRD.FOOD.XD_max2	4.38659978629398e-06	4.94029708419071e-05	0.000143533802210421
SE.TER.ENRR_delta1	4.35202904446733e-06	0.000209100946354118	0.000430601406631262
DC.DAC.USAL.CD_tend2	4.34378341404232e-06	0.000253908292001429	0.000430601406631262
FM.AST.DOMS.CN_ratioavg2	4.33008141798689e-06	0.000572155336727203	0.00129180421989379
BM.GSR.TRAN.ZS_ratiomax2	4.2982379901294e-06	0.000205654227458171	0.000143533802210421
BX.GSR.TRVL.ZS_ratiomax2	4.29776500464845e-06	0.000199335242815602	0.000143533802210421
BX.GRT.EXTA.CD.WD	4.23587548571319e-06	0.000211398758951416	0.000287067604420841
AG.CON.FERT.ZS_tend2	4.13521585723178e-06	0.00112592817267602	0.00157887182431463
trade_openness_lag1	4.05101774395414e-06	0.000180952742037218	0.000430601406631262
BX.GSR.MRCH.CD_isNA_rank	4.05097691469392e-06	0.000104550473177059	0.000287067604420841
BM.GSR.NFSV.CD_ratioavg2	4.01753136458125e-06	0.000618111588673163	0.000861202813262523
NV.AGR.TOTL.ZS_delta1	3.98516906402532e-06	0.000253333838852105	0.000287067604420841
BM.GSR.MRCH.CD_ratioavg2	3.93593613115706e-06	5.97431275297481e-05	0.000143533802210421
MS.MIL.XPND.GD.ZS_tend2	3.89151516881128e-06	0.000291247746707522	0.000287067604420841
EG.USE.PCAP.KG.OE_lag1	3.88274712660126e-06	0.000188420632978436	0.000287067604420841
IT.CEL.SETS_tend2	3.85687491266348e-06	0.000371671187612952	0.000430601406631262
NY.GDP.FRST.RT.ZS_delta1	3.8166200098607e-06	0.000430265408844051	0.000717669011052103
EN.URB.MCTY.TL.ZS_ratioavg2	3.81637196187017e-06	0.000170038132200052	0.000287067604420841
BM.GSR.CMCP.ZS_lag1	3.75541063743438e-06	0.000304460169141985	0.000430601406631262
NY.GDP.MKTP.KD_isNA_rank	3.73249586702368e-06	0.000346969702191998	0.000430601406631262
IT.CEL.SETS.P2_lag1	3.67889977968439e-06	0.000479093926536633	0.000717669011052103
EG.USE.PCAP.KG.OE_ratioavg2	3.63656803104648e-06	0.000170612585349377	0.000287067604420841
price_instability_rank	3.62344745815666e-06	0.000521603459586646	0.000574135208841682
BM.GSR.INSF.ZS_tend2	3.57441430354287e-06	0.000452094628518382	0.000717669011052103
NE.IMP.GNFS.KD_delta1	3.53948124546454e-06	0.000200484149114251	0.000143533802210421
EN.GHG.N2O.IC.MT.CE.AR5_tend2	3.53274446528153e-06	0.000753682531913745	0.000574135208841682
DT.ODA.ALLD.CD	3.49948755890907e-06	0.000478519473387309	0.000574135208841682
DC.DAC.CANL.CD_tend2	3.45588817936801e-06	0.000751959172465771	0.00143533802210421
AG.LND.AGRI.ZS_ratioavg2	3.41583522433245e-06	0.00198645899036412	0.00200947323094589
SP.POP.0509.FE.5Y_delta1	3.40082403141265e-06	0.000380287984852819	0.000430601406631262
FM.LBL.BMNY.GD.ZS_isNA_rank	3.36616703954852e-06	0.000790447533470513	0.00114827041768336
NE.CON.GOVT.ZS_ratioavg2	3.35081399870875e-06	0.000643387527243441	0.00100473661547294
DT.ODA.ALLD.CD_isNA_rank	3.34847740135745e-06	0.0013459437288673	0.00129180421989379
EG.ELC.HYRO.ZS_rank	3.33869643904953e-06	0.00127241372575377	0.00114827041768336
TM.VAL.TRVL.ZS.WT_rank	3.33492638090235e-06	0.000106273832625033	0.000287067604420841
BM.KLT.DINV.WD.GD.ZS_tend2	3.30739890010538e-06	0.000228632353431151	0.000574135208841682
TM.VAL.MRCH.R6.ZS_isNA_rank	3.26103179699795e-06	6.43387527243441e-05	0.000143533802210421
SP.DYN.CDRT.IN_delta1	3.248529874638e-06	0.000846743942104314	0.00100473661547294
DC.DAC.CECL.CD_ratioavg2	3.24567559120625e-06	0.000322842669920369	0.000574135208841682
SP.DYN.IMRT.FE.IN_delta1	3.2244285938292e-06	0.00134249700997136	0.00114827041768336
SE.PRM.ENRL.FE.ZS_isNA_rank	3.18634913534849e-06	0.000544581585559627	0.000430601406631262
DC.DAC.USAL.CD_rank	3.13696537058143e-06	0.000315949232128475	0.000287067604420841
TM.VAL.MRCH.R1.ZS	3.0557899967081e-06	0.00071347081146103	0.00114827041768336
MS.MIL.MPRT.KD	3.05060699119013e-06	0.00113339606361724	0.000861202813262523
TX.VAL.MRCH.OR.ZS_delta1	3.02502684652351e-06	0.000544581585559627	0.000717669011052103
NV.SRV.TOTL.KD.ZG	3.02468379049333e-06	0.000383734703748766	0.000574135208841682
SP.POP.5559.MA.5Y_delta1	3.01533082896593e-06	0.0030480484103158	0.00287067604420841
NY.GDP.FCST.CN	3.01349426637524e-06	0.000153378990869642	0.000287067604420841
BM.KLT.DINV.CD.WD_avg2	3.00578777110331e-06	0.000610643697731944	0.000717669011052103
BX.GRT.TECH.CD.WD_ratioavg2	2.95919880303594e-06	0.000174633757394648	0.000287067604420841
DC.DAC.USAL.CD_avg2	2.95451075676445e-06	8.78913318466486e-05	0.000143533802210421
NV.IND.MANF.KD_lag1	2.91579699167609e-06	4.30839861993375e-05	0.000143533802210421
EN.GHG.N2O.WA.MT.CE.AR5_ratioavg2	2.86228490748188e-06	0.000634196276854249	0.000717669011052103
AG.CON.FERT.ZS_delta1	2.83198635398184e-06	0.000365352202970382	0.000430601406631262
BX.GRT.EXTA.CD.WD_ratioavg2	2.81545432813695e-06	0.000251610479404131	0.000574135208841682
SP.POP.1564.MA.ZS_delta1	2.80976364383278e-06	0.00040843618916972	0.000574135208841682
NE.CON.GOVT.CD_isNA_rank	2.80551733790709e-06	0.000242419229014939	0.000287067604420841
FM.LBL.BMNY.GD.ZS_avg2	2.79124609298836e-06	0.000119486255059496	0.000287067604420841
NE.CON.TOTL.KD.ZG_avg2	2.77945571771834e-06	9.99548479824631e-05	0.000287067604420841
EG.ELC.HYRO.ZS_min2	2.74547327456595e-06	0.00183307999949448	0.00172240562652505
BX.KLT.DINV.CD.WD_tend2	2.69736071325403e-06	0.000198760789666277	0.000143533802210421
FI.RES.TOTL.MO_delta1	2.65556250366396e-06	8.44446129507016e-05	0.000143533802210421
TX.VAL.MRCH.R3.ZS_rank	2.64108705004053e-06	0.000248163760508184	0.000430601406631262
SP.POP.4549.FE.5Y_delta1	2.63073187598189e-06	0.00042509533050013	0.000287067604420841
IS.AIR.PSGR_tend2	2.62552973358442e-06	0.00180665515462555	0.00129180421989379
AG.PRD.CREL.MT_tend2	2.61506554673747e-06	0.000726683233895493	0.000574135208841682
NY.ADJ.NNTY.CD_delta1	2.53178829295655e-06	0.000455541347414329	0.000574135208841682
SP.DYN.AMRT.FE_isNA_rank	2.52654759054112e-06	0.000662344481171149	0.000717669011052103
NY.GDS.TOTL.CD_delta1	2.52496114638424e-06	0.00069049268548805	0.000574135208841682
SE.PRM.ENRR_lag1	2.51102424161624e-06	0.000386606969495389	0.000574135208841682
NY.GDP.DEFL.ZS_isNA_rank	2.49890146321742e-06	0.00028722657466225	0.000287067604420841
NV.AGR.TOTL.KD_isNA_rank	2.48611989321626e-06	0.000449796815921084	0.000574135208841682
NY.GNP.PCAP.CD_isNA_rank	2.47329149426719e-06	0.000182101648335867	0.000287067604420841
BM.GSR.GNFS.CD_delta1	2.46219754461719e-06	0.000205079774308847	0.000143533802210421
NE.GDI.TOTL.CD_lag1	2.45528866551e-06	0.0003446718895947	0.000430601406631262
IT.MLT.MAIN.P2_max2	2.44269960674259e-06	0.0003446718895947	0.000287067604420841
NY.GSR.NFCY.CN_lag1	2.40037935787077e-06	0.000962209025118538	0.000717669011052103
TX.VAL.MANF.ZS.UN_isNA_rank	2.38835396539474e-06	0.000260227276643999	0.000287067604420841
BX.KLT.DINV.CD.WD_max2	2.38791029566249e-06	0.000412457361214991	0.000430601406631262
SP.DYN.AMRT.MA_rank	2.3877928607278e-06	0.000122358520806119	0.000287067604420841
EN.GHG.CO2.IC.MT.CE.AR5_delta1	2.37759387883656e-06	0.0010926098900152	0.000861202813262523
SP.DYN.IMRT.MA.IN_delta1	2.31747680054831e-06	0.000429690955694726	0.000430601406631262
TM.VAL.MRCH.WR.ZS	2.31631583932244e-06	0.000508391037152183	0.000430601406631262
BM.KLT.DINV.CD.WD_isNA_rank	2.2378433273975e-06	0.00256723112433119	0.00186593942873547
SP.POP.TOTL.MA.ZS_lag1	2.21995769043791e-06	0.00173829522985594	0.00129180421989379
NY.GDP.MKTP.KD.ZG_lag1	2.20782298237287e-06	0.000584793306012342	0.000861202813262523
NE.EXP.GNFS.ZS_lag1	2.19713069513516e-06	0.00035099087423727	0.000430601406631262
SE.SEC.ENRR_delta1	2.10611187319637e-06	0.000136719849539231	0.000143533802210421
DC.DAC.TOTL.CD_isNA_rank	2.10003907347137e-06	0.000356735405730515	0.000430601406631262
PA.NUS.FCRF_delta1	2.09218726208231e-06	0.000124656333403417	0.000287067604420841
TX.VAL.FOOD.ZS.UN_lag1	2.08247495468781e-06	4.53817987966356e-05	0.000143533802210421
NE.RSB.GNFS.ZS	2.04759253908038e-06	0.000286652121512926	0.000574135208841682
NE.IMP.GNFS.KD.ZG_delta1	2.02019329872922e-06	0.000215994384146012	0.000574135208841682
DC.DAC.CECL.CD_rank	1.9618819809416e-06	0.000456690253712978	0.000430601406631262
SP.POP.TOTL.MA.ZS_rank	1.95979768984594e-06	0.000414755173812289	0.000430601406631262
FM.AST.PRVT.GD.ZS_isNA_rank	1.95913498781775e-06	0.000280333136870356	0.000287067604420841
SE.PRM.AGES_rank	1.95477150496293e-06	0.000230930166028449	0.000574135208841682
SP.POP.BRTH.MF_delta1	1.94749477417323e-06	0.00146370662447883	0.00129180421989379
NY.ADJ.DRES.GN.ZS	1.94454774997726e-06	0.000930039648756366	0.00143533802210421
DT.ODA.ALLD.KD_tend2	1.91421073096608e-06	0.000541709319813004	0.00100473661547294
BM.KLT.DINV.CD.WD_rank	1.90489267694403e-06	0.000917401679471227	0.00157887182431463
SG.LAW.INDX	1.90316414082731e-06	0.000427393143097428	0.000430601406631262
NV.SRV.TOTL.ZS_isNA_rank	1.89368054513981e-06	0.000259652823494674	0.000430601406631262
DC.DAC.JPNL.CD_min2	1.89015967952901e-06	0.000309630247485906	0.000574135208841682
NE.CON.GOVT.ZS_isNA_rank	1.87685398258603e-06	0.000579048774519097	0.000430601406631262
TX.VAL.MRCH.AL.ZS_lag1	1.86861770174522e-06	0.000585942212310991	0.000574135208841682
EN.GHG.CH4.PI.MT.CE.AR5_lag1	1.82264298697273e-06	0.000199909695964926	0.000143533802210421
NE.CON.GOVT.CD_ratioavg2	1.82193448182365e-06	0.000355012046282541	0.000574135208841682
NY.ADJ.DRES.GN.ZS_isNA_rank	1.78722568792553e-06	0.000306183528589959	0.000717669011052103
EN.GHG.CO2.BU.MT.CE.AR5_lag1	1.75796535960099e-06	0.000296992278200767	0.000287067604420841
SM.POP.RHCR.EA	1.75735701143688e-06	8.90402381452976e-05	0.000287067604420841
NY.GNP.PCAP.CD_delta1	1.75079804316086e-06	0.00144589857684977	0.00129180421989379
TM.VAL.MRCH.R1.ZS_delta1	1.74099751459859e-06	0.000203356414860873	0.000430601406631262
TM.VAL.MRCH.R4.ZS_rank	1.7329902300281e-06	6.26153932763706e-05	0.000143533802210421
NY.GDP.PCAP.KD.ZG_lag1	1.72146707788635e-06	0.000290673293558197	0.000574135208841682
DT.ODA.ODAT.PC.ZS_min2	1.7179483264573e-06	0.000173484851095999	0.000143533802210421
TG.VAL.TOTL.GD.ZS_rank	1.70967151246415e-06	0.000433712127739998	0.000717669011052103
BG.GSR.NFSV.GD.ZS_ratioavg2	1.70553375718047e-06	0.000558368461143415	0.000717669011052103
EN.GHG.N2O.IC.MT.CE.AR5_delta1	1.70113161726496e-06	0.000394649313585932	0.000287067604420841
NY.GDP.FRST.RT.ZS_rank	1.70048362979548e-06	0.00032169376362172	0.000430601406631262
EN.URB.MCTY.TL.ZS_min2	1.69148768462745e-06	0.000180378288887893	0.000287067604420841
AG.LND.ARBL.ZS_delta1	1.67835588073622e-06	0.000410734001767018	0.000287067604420841
NV.IND.MANF.ZS_isNA_rank	1.67631692030515e-06	0.00079906433071038	0.000861202813262523
TX.VAL.MRCH.RS.ZS_delta1	1.66456628863766e-06	0.000275163058526436	0.000430601406631262
TX.VAL.MRCH.R6.ZS_delta1	1.66038415065153e-06	0.000611218150881269	0.00100473661547294
EN.GHG.N2O.IP.MT.CE.AR5_tend2	1.65965699988666e-06	0.00050666767770421	0.000861202813262523
SH.MMR.RISK.ZS_lag1	1.65911378453152e-06	0.00247302080784198	0.00157887182431463
SP.POP.65UP.TO.ZS_delta1	1.64864062767426e-06	0.00119773481634158	0.00100473661547294
SP.URB.TOTL.IN.ZS_delta1	1.64672801873241e-06	0.000689343779189401	0.000574135208841682
BX.GSR.FCTY.CD_lag1	1.64374196163963e-06	0.000727257687044818	0.000717669011052103
NE.DAB.TOTL.CD_rank	1.64076153623762e-06	5.62964086338011e-05	0.000143533802210421
TM.VAL.MRCH.HI.ZS_delta1	1.63668528699572e-06	0.000441754471830541	0.000717669011052103
TX.VAL.MRCH.WR.ZS_rank	1.63531936289943e-06	0.00115005520494765	0.00143533802210421
EN.GHG.CO2.RT.GDP.KD_lag1	1.62154500489533e-06	4.3658439348662e-05	0.000143533802210421
SP.DYN.TFRT.IN_lag1	1.61719775341305e-06	0.00270395097387042	0.00200947323094589
NE.CON.PRVT.PC.KD_ratioavg2	1.60361900339937e-06	0.00046588150410217	0.000574135208841682
TX.VAL.FOOD.ZS.UN	1.59249965684118e-06	0.000749661359868473	0.00100473661547294
TM.VAL.MRCH.R1.ZS_lag1	1.58790537282603e-06	0.00243797916573318	0.00157887182431463
SP.POP.TOTL.FE.ZS_rank	1.58602976189107e-06	0.000954166681027995	0.000717669011052103
FS.AST.PRVT.GD.ZS_isNA_rank	1.56597205580956e-06	0.000283779855766303	0.000717669011052103
NY.GDP.DEFL.KD.ZG	1.55972778021598e-06	0.000983463791643545	0.00157887182431463
DT.ODA.ODAT.GN.ZS_tend2	1.55696357374155e-06	0.000464158144654197	0.000861202813262523
FP.CPI.TOTL_tend2	1.52009486955065e-06	0.000284928762064952	0.000717669011052103
TX.VAL.MRCH.WR.ZS	1.49374637573723e-06	0.00325083037202735	0.00358834505526051
SP.RUR.TOTL.ZG	1.47804779798621e-06	0.000248738213657509	0.000287067604420841
SP.POP.0509.FE.5Y_lag1	1.46118066968786e-06	0.000199335242815602	0.000287067604420841
SE.PRM.TCHR_isNA_rank	1.44755816447557e-06	0.000100529301131788	0.000143533802210421
EG.ELC.HYRO.ZS_ratioavg2	1.43300997970023e-06	0.00079906433071038	0.00129180421989379
MS.MIL.MPRT.KD_isNA_rank	1.42870281918511e-06	0.000756554797660367	0.00100473661547294
NV.AGR.TOTL.CN_isNA_rank	1.41913626296153e-06	0.000749661359868473	0.000861202813262523
BX.GSR.FCTY.CD_min2	1.41707218233653e-06	0.000175782663693297	0.000287067604420841
EN.GHG.CO2.MT.CE.AR5_tend2	1.40845281587782e-06	0.000612367057179918	0.000574135208841682
TM.VAL.MRCH.WR.ZS_lag1	1.40133648558935e-06	0.00114373622030508	0.000861202813262523
TM.VAL.MRCH.R6.ZS_delta1	1.39025399866671e-06	0.000334331732906859	0.000430601406631262
SP.POP.BRTH.MF_rank	1.38561169040956e-06	0.000267120714435893	0.000287067604420841
SP.POP.6064.FE.5Y	1.36987802643701e-06	0.00151196068902209	0.00129180421989379
DT.ODA.ODAT.PC.ZS	1.35303440667465e-06	0.000287801027811575	0.000287067604420841
BX.GSR.CMCP.ZS_ratioavg2	1.33897867221339e-06	0.000308481341187257	0.000574135208841682
SP.POP.DPND_rank	1.33140586505847e-06	0.000199335242815602	0.000143533802210421
SP.POP.4549.MA.5Y	1.32708548053673e-06	0.000177506023141271	0.000143533802210421
SE.PRM.ENRR.MA_lag1	1.32380697820625e-06	0.000200484149114251	0.000430601406631262
SP.POP.3539.MA.5Y_delta1	1.320217538298e-06	7.23810968148871e-05	0.000143533802210421
EN.GHG.CH4.IC.MT.CE.AR5_tend2	1.31820305904829e-06	0.000883508943661082	0.000717669011052103
MS.MIL.MPRT.KD_max2	1.29865919641468e-06	0.000896146912946221	0.000717669011052103
SP.POP.1564.FE.IN_delta1	1.29451905460698e-06	0.000681301435098858	0.000861202813262523
NE.CON.GOVT.ZS_min2	1.28453287890025e-06	0.000393500407287283	0.000574135208841682
SP.POP.TOTL.FE.ZS_delta1	1.28319681338445e-06	0.000128677505448688	0.000287067604420841
IS.AIR.DPRT_delta1	1.27688434603075e-06	8.50190661000261e-05	0.000143533802210421
BM.GSR.TRVL.ZS_avg2	1.2721403328586e-06	0.000284928762064952	0.000574135208841682
TX.VAL.MANF.ZS.UN_delta1	1.27117492479241e-06	0.000365352202970382	0.000717669011052103
EN.GHG.CO2.PI.MT.CE.AR5_tend2	1.25913754618304e-06	0.00095991121252124	0.000717669011052103
SP.POP.1519.MA.5Y	1.25199033285645e-06	0.000618686041822487	0.000430601406631262
AG.LND.CROP.ZS_tend2	1.19824094151907e-06	0.000161995788109509	0.000287067604420841
NV.SRV.TOTL.KD.ZG_delta1	1.18865015988824e-06	0.000360756577775786	0.000574135208841682
AG.PRD.LVSK.XD_ratioavg2	1.18187358059959e-06	0.000140166568435178	0.000287067604420841
SP.POP.4044.MA.5Y_rank	1.17462864962701e-06	0.000166591413304105	0.000143533802210421
FD.AST.PRVT.GD.ZS_rank	1.1739468718244e-06	0.000355012046282541	0.000430601406631262
TX.VAL.MRCH.HI.ZS_delta1	1.16765981345959e-06	0.000344097436445376	0.000574135208841682
NV.IND.TOTL.KD_delta1	1.14069261095849e-06	0.00157515053544778	0.00114827041768336
NE.CON.PRVT.CD_ratioavg2	1.13485548468531e-06	0.000256206104598727	0.000574135208841682
NE.CON.PRVT.PC.KD_isNA_rank	1.12898422779606e-06	0.000214845477847363	0.000430601406631262
NE.IMP.GNFS.CN_isNA_rank	1.11391575065362e-06	0.000116039536163549	0.000143533802210421
BM.GSR.INSF.ZS_ratioavg2	1.11323362487661e-06	0.000368224468717005	0.000861202813262523
NE.EXP.GNFS.KD.ZG	1.10731643893231e-06	0.0010035696518699	0.00143533802210421
SP.POP.BRTH.MF_lag1	1.10516000634537e-06	0.000228632353431151	0.000574135208841682
BX.KLT.DINV.CD.WD_min2	1.10405588950327e-06	0.00127586044464972	0.00129180421989379
SP.POP.7579.FE.5Y	1.09165628169877e-06	0.000227483447132502	0.000143533802210421
SP.POP.0014.TO.ZS_delta1	1.09042333403587e-06	5.05518771405561e-05	0.000143533802210421
ER.FSH.AQUA.MT_ratioavg2	1.08659770771248e-06	0.00200311813169453	0.00229654083536673
EN.GHG.CH4.BU.MT.CE.AR5_tend2	1.08410350850324e-06	0.000811127846846195	0.00129180421989379
NV.IND.MANF.ZS	1.08197276576861e-06	0.0013246889623423	0.00129180421989379
AG.LND.ARBL.ZS_ratiomax2	1.08182455734775e-06	0.000812851206294168	0.000574135208841682
NV.SRV.TOTL.CD_delta1	1.0800209380344e-06	0.000387755875794038	0.000430601406631262
EN.GHG.N2O.TR.MT.CE.AR5_ratioavg2	1.0730930494861e-06	4.53817987966356e-05	0.000143533802210421
EN.GHG.ALL.PC.CE.AR5_ratioavg2	1.07071642375463e-06	0.000257929464046701	0.000287067604420841
BX.PEF.TOTL.CD.WD_avg2	1.06987388858401e-06	0.000360182124626462	0.000430601406631262
SP.POP.0014.MA.IN_delta1	1.06050748500383e-06	8.44446129507016e-05	0.000143533802210421
EG.ELC.NUCL.ZS_rank	1.05942797863235e-06	0.000261950636091972	0.000287067604420841
BX.GSR.TRVL.ZS_isNA_rank	1.04971464861271e-06	0.000524475725333269	0.000574135208841682
TM.VAL.MRCH.AL.ZS_delta1	1.04262956075549e-06	0.000435435487187971	0.000574135208841682
AG.LND.AGRI.ZS_tend2	1.01354439717605e-06	0.0013528371666592	0.00114827041768336
SE.PRM.TCHR_delta1	1.00607461466492e-06	0.000261376182942648	0.000574135208841682
AG.PRD.FOOD.XD_rank	1.00455992113457e-06	0.000450945722219733	0.000861202813262523
SP.URB.GROW_lag1	9.84526501775465e-07	0.00162800022518563	0.00100473661547294
BM.GSR.MRCH.CD_delta1	9.80696397586044e-07	0.000171187038498701	0.000143533802210421
NE.RSB.GNFS.ZS_lag1	9.77942920529316e-07	0.000456690253712978	0.000574135208841682
NE.GDI.FTOT.CD_delta1	9.76371627560945e-07	0.000245865947910886	0.000287067604420841
BX.GRT.EXTA.CD.WD_isNA_rank	9.72602351438173e-07	0.00152230084570993	0.00143533802210421
MS.MIL.MPRT.KD_avg2	9.6919643696613e-07	0.000327438295114965	0.000287067604420841
DT.ODA.ALLD.CD_ratioavg2	9.6309912191389e-07	0.000352714233685243	0.000574135208841682
NY.GNP.MKTP.CD_isNA_rank	9.56219195592939e-07	0.000811127846846195	0.00143533802210421
SP.POP.1564.MA.ZS_rank	9.5543395346539e-07	0.000129826411747337	0.000143533802210421
BM.KLT.DINV.CD.WD_lag1	9.48437902209846e-07	0.00144589857684977	0.00114827041768336
FI.RES.TOTL.MO_ratioavg2	9.46667967015481e-07	0.000921997304665823	0.000861202813262523
EG.ELC.FOSL.ZS_max2	9.44626453355475e-07	0.000338352904952131	0.000287067604420841
EN.GHG.CH4.BU.MT.CE.AR5_ratioavg2	9.4161116920805e-07	0.000521029006437322	0.000861202813262523
FP.CPI.TOTL.ZG_ratioavg2	9.19421393979602e-07	0.000388904782092687	0.000430601406631262
FI.RES.XGLD.CD_tend2	9.09428350222229e-07	0.000429116502545402	0.000717669011052103
FI.RES.TOTL.MO_isNA_rank	9.06652078476201e-07	0.000111443910968953	0.000287067604420841
SP.POP.1519.FE.5Y	9.00495380272249e-07	0.0017210616353762	0.00114827041768336
TX.VAL.FUEL.ZS.UN_lag1	9.00492732219068e-07	0.000106273832625033	0.000287067604420841
BX.GSR.CMCP.ZS_min2	8.96900731614394e-07	0.000727257687044818	0.00100473661547294
EN.GHG.CO2.PC.CE.AR5_min2	8.83341844305287e-07	0.000229206806580476	0.000287067604420841
DT.ODA.ODAT.PC.ZS_isNA_rank	8.8194975327938e-07	0.000345820795893349	0.000287067604420841
NE.CON.PRVT.KD.ZG_avg2	8.78957184435158e-07	0.000248738213657509	0.000287067604420841
AG.PRD.LVSK.XD_rank	8.72365377466169e-07	0.000617537135523838	0.000574135208841682
EN.GHG.ALL.MT.CE.AR5_delta1	8.64503699839522e-07	0.000107997192073006	0.000287067604420841
NV.IND.MANF.KD_isNA_rank	8.60629805467286e-07	7.12321905162381e-05	0.000143533802210421
FM.LBL.BMNY.GD.ZS_delta1	8.58733404795616e-07	0.000230930166028449	0.000287067604420841
NY.ADJ.DFOR.GN.ZS_rank	8.51300890812854e-07	5.80197680817746e-05	0.000143533802210421
BX.GSR.CMCP.ZS_rank	8.48179747517823e-07	0.000392351500988634	0.000574135208841682
BX.PEF.TOTL.CD.WD_ratioavg2	8.37125001448778e-07	0.000139592115285854	0.000287067604420841
NE.IMP.GNFS.ZS_isNA_rank	8.34857480814156e-07	0.000326863841965641	0.000717669011052103
DC.DAC.USAL.CD_ratiomax2	8.31544118350056e-07	0.00013786875583788	0.000287067604420841
TM.VAL.OTHR.ZS.WT_delta1	8.29604733596296e-07	0.00057560205562315	0.00129180421989379
SP.URB.GROW_rank	8.29299286423309e-07	0.000511263302898806	0.000430601406631262
BX.GSR.NFSV.CD	8.256521979026e-07	0.000711172998863732	0.000717669011052103
NV.AGR.TOTL.ZS_isNA_rank	8.1717399650702e-07	0.000436009940337296	0.000717669011052103
IT.CEL.SETS_min2	8.16449293495595e-07	8.27212535027281e-05	0.000143533802210421
AG.YLD.CREL.KG_ratiomax2	8.09632909087473e-07	0.000522177912735971	0.000430601406631262
AG.LND.AGRI.K2_max2	8.07439837096105e-07	0.000171187038498701	0.000143533802210421
BX.TRF.PWKR.DT.GD.ZS_lag1	8.06264000620136e-07	0.000166591413304105	0.000287067604420841
TM.VAL.TRVL.ZS.WT_delta1	8.01187607854208e-07	0.000332608373458886	0.000430601406631262
EN.GHG.N2O.PI.MT.CE.AR5_tend2	7.96080940766967e-07	0.00230700384768719	0.00172240562652505
SP.POP.0004.MA.5Y_delta1	7.86395741970184e-07	0.00122645747380781	0.000861202813262523
SE.TER.ENRR_isNA_rank	7.81615914452404e-07	0.000344097436445376	0.000430601406631262
BX.KLT.DINV.CD.WD_isNA_rank	7.80646138219191e-07	0.000491157442672448	0.000861202813262523
BM.KLT.DINV.WD.GD.ZS	7.69942358586131e-07	0.000855360739344181	0.00100473661547294
DC.DAC.CANL.CD_ratiomax2	7.66411532035844e-07	0.0001148906298649	0.000143533802210421
SP.ADO.TFRT_lag1	7.65981428979239e-07	0.0010949077026125	0.00114827041768336
BX.KLT.DINV.CD.WD_lag1	7.62836478970107e-07	0.000939805352294883	0.00100473661547294
AG.PRD.CROP.XD_ratiomax2	7.61798137835042e-07	0.000228057900281827	0.000143533802210421
TX.VAL.MRCH.R4.ZS_delta1	7.52494515290115e-07	0.00107135512349019	0.00143533802210421
MS.MIL.MPRT.KD_min2	7.44213165082924e-07	0.000145336646779099	0.000143533802210421
TM.VAL.MRCH.RS.ZS_delta1	7.44064712086365e-07	0.00158549069213562	0.00143533802210421
EN.GHG.N2O.PI.MT.CE.AR5_avg2	7.23449853200552e-07	0.000859956364538777	0.000574135208841682
NY.GSR.NFCY.CN_isNA_rank	7.23137788110032e-07	0.000811702299995519	0.00100473661547294
EG.ELC.HYRO.ZS	7.15371348095702e-07	0.000734151124836712	0.000717669011052103
TX.VAL.MRCH.R1.ZS	7.12525980664318e-07	0.000302736809694012	0.000574135208841682
NE.RSB.GNFS.CD_delta1	7.11508416163085e-07	0.000587665571758964	0.000861202813262523
IT.CEL.SETS.P2_ratioavg2	7.00588941953424e-07	8.38701598013771e-05	0.000143533802210421
NE.EXP.GNFS.KD.ZG_isNA_rank	6.88985216231616e-07	0.000150506725123019	0.000287067604420841
NY.GDP.MINR.RT.ZS_isNA_rank	6.82352070193935e-07	0.00152517311145655	0.00143533802210421
TM.VAL.MRCH.R6.ZS_lag1	6.6600419113459e-07	0.000928316289308393	0.00100473661547294
BX.TRF.CURR.CD_isNA_rank	6.62799960007972e-07	6.14664869777216e-05	0.000143533802210421
BX.KLT.DINV.CD.WD_ratioavg2	6.54132995449671e-07	0.000737597843732659	0.00100473661547294
EN.URB.MCTY.TL.ZS	6.52140543253724e-07	0.000789298627171864	0.00129180421989379
NY.GDP.FCST.CD	6.51504005291497e-07	0.00254367854520889	0.00157887182431463
AG.LND.CROP.ZS_max2	6.38019719758767e-07	0.000145911099928423	0.000143533802210421
BM.GSR.NFSV.CD_rank	6.38015424278379e-07	5.22752365885296e-05	0.000143533802210421
FS.AST.PRVT.GD.ZS_tend2	6.33398989456627e-07	0.000138443208987205	0.000143533802210421
NE.DAB.TOTL.CD_max2	6.31906900310909e-07	0.000116039536163549	0.000287067604420841
FI.RES.TOTL.CD_ratioavg2	6.30111509084075e-07	0.00187788734514179	0.00186593942873547
DC.DAC.FRAL.CD_isNA_rank	6.21598337385517e-07	0.000289524387259548	0.000287067604420841
DC.DAC.GBRL.CD_tend2	6.15392449918615e-07	0.000426244236798779	0.000861202813262523
NY.GNP.MKTP.CD_delta1	6.12686738058479e-07	0.000176357116842622	0.000287067604420841
EN.GHG.CO2.FE.MT.CE.AR5_tend2	6.11812881922912e-07	0.000802511049606327	0.000717669011052103
TM.VAL.MRCH.R6.ZS_rank	6.03734662279664e-07	0.000168889225901403	0.000287067604420841
SM.POP.NETM_delta1	5.92603248159872e-07	0.000257355010897376	0.000287067604420841
BX.TRF.PWKR.CD.DT_ratioavg2	5.90894247187752e-07	0.000156825709765589	0.000430601406631262
MS.MIL.XPND.GD.ZS_ratioavg2	5.88907031024876e-07	0.000116039536163549	0.000143533802210421
TM.VAL.TRAN.ZS.WT_delta1	5.81914297400596e-07	0.000441180018681216	0.000717669011052103
BX.PEF.TOTL.CD.WD_min2	5.78245185859077e-07	0.000345820795893349	0.000574135208841682
EN.GHG.N2O.FE.MT.CE.AR5	5.74654479874919e-07	0.000136719849539231	0.000287067604420841
NY.ADJ.DMIN.CD_isNA_rank	5.73811792908471e-07	0.000403266110825799	0.000717669011052103
TX.VAL.MRCH.OR.ZS	5.70180027280484e-07	0.0011512041112463	0.00100473661547294
SP.POP.5054.FE.5Y_lag1	5.68692204908062e-07	0.00253735956056632	0.00172240562652505
AG.PRD.LVSK.XD_tend2	5.68561190193383e-07	0.000198186336516953	0.000430601406631262
NV.AGR.TOTL.KD.ZG_lag1	5.6817156589253e-07	0.00204849993049117	0.00272714224199799
SP.POP.DPND.YG	5.6795816622669e-07	0.000179229382589244	0.000143533802210421
NE.EXP.GNFS.ZS_isNA_rank	5.58585673524624e-07	0.000371096734463627	0.000430601406631262
SH.DTH.MORT_delta1	5.42584276127535e-07	0.00027056743333184	0.000430601406631262
EN.GHG.N2O.PI.MT.CE.AR5_lag1	5.40848375956142e-07	0.00014935781882437	0.000143533802210421
EN.URB.LCTY	5.34998532770542e-07	0.000263099542390621	0.000287067604420841
SP.POP.5559.FE.5Y_delta1	5.2946631933496e-07	0.000554921742247467	0.000574135208841682
DC.DAC.JPNL.CD_ratioavg2	5.28117911926278e-07	0.00133617802532879	0.00229654083536673
EN.POP.DNST_delta1	5.20348606045738e-07	5.85942212310991e-05	0.000143533802210421
NY.GNP.PCAP.CN_rank	5.19616443826753e-07	0.00014418774048045	0.000143533802210421
NV.IND.TOTL.CN_isNA_rank	5.16333383282337e-07	0.000602026900492077	0.000717669011052103
NV.AGR.TOTL.KD.ZG_delta1	5.15878604228709e-07	0.000445201190726488	0.000717669011052103
SP.RUR.TOTL.ZG_lag1	5.14982054862254e-07	0.000157400162914913	0.000143533802210421
NE.CON.PRVT.PC.KD_delta1	5.09523123042165e-07	0.00047737056708866	0.000287067604420841
ER.FSH.CAPT.MT_max2	5.08535297446487e-07	0.000551475023351521	0.000574135208841682
EN.GHG.CO2.PI.MT.CE.AR5_lag1	5.05501350479497e-07	6.08920338283971e-05	0.000143533802210421
BM.GSR.CMCP.ZS_rank	4.99473727522543e-07	0.000161995788109509	0.000287067604420841
TX.VAL.AGRI.ZS.UN	4.97824037276321e-07	0.00104493027862127	0.00129180421989379
DT.ODA.ODAT.GN.ZS_delta1	4.97487646160485e-07	0.000348693061639972	0.000430601406631262
NY.GDP.MKTP.CD_delta1	4.96549539892487e-07	0.000368224468717005	0.000430601406631262
DC.DAC.JPNL.CD_isNA_rank	4.96218207081163e-07	0.000188420632978436	0.000287067604420841
BX.GSR.TOTL.CD_tend2	4.92108283948063e-07	0.000313076966381853	0.000287067604420841
SE.ENR.PRIM.FM.ZS	4.90645300339468e-07	0.000423946424201481	0.000430601406631262
SH.IMM.MEAS_lag1	4.87531252014353e-07	0.000248163760508184	0.000430601406631262
DC.DAC.DEUL.CD_delta1	4.8096419286813e-07	0.000226334540833853	0.000287067604420841
FI.RES.TOTL.CD	4.66797248713761e-07	0.000226908993983178	0.000287067604420841
DT.ODA.ALLD.KD_min2	4.63195791565364e-07	0.000138443208987205	0.000143533802210421
SP.POP.DPND.OL_rank	4.60390505025066e-07	0.000169463679050728	0.000143533802210421
DC.DAC.DEUL.CD_tend2	4.59739510493079e-07	0.000191292898725059	0.000430601406631262
BM.GSR.TRAN.ZS_min2	4.57817801855453e-07	4.595625194596e-05	0.000143533802210421
TM.VAL.MANF.ZS.UN_lag1	4.56607934858416e-07	0.000148208912525721	0.000287067604420841
human_capital_priority_delta1	4.55985396739194e-07	0.000696811670130619	0.00100473661547294
NV.AGR.TOTL.KD_delta1	4.47093758947715e-07	0.000842722770059042	0.000717669011052103
TX.VAL.SERV.CD.WT_delta1	4.44610754284628e-07	0.000299290090798065	0.000430601406631262
SP.POP.7579.FE.5Y_lag1	4.43754350800505e-07	0.000184399460933165	0.000143533802210421
ER.FSH.AQUA.MT_ratiomax2	4.42528208336871e-07	0.000130975318045986	0.000143533802210421
BX.TRF.PWKR.DT.GD.ZS_ratioavg2	4.41324887686636e-07	0.000390053688391336	0.000717669011052103
NY.GDP.COAL.RT.ZS_lag1	4.3537427758304e-07	0.000147060006227072	0.000287067604420841
BM.TRF.PWKR.CD.DT_tend2	4.35267004140905e-07	0.00174174194875189	0.00172240562652505
SE.SEC.ENRR	4.31233266787886e-07	4.88285176925826e-05	0.000143533802210421
NY.GDS.TOTL.ZS_isNA_rank	4.3062494243018e-07	0.000336055092354833	0.000287067604420841
NE.RSB.GNFS.ZS_delta1	4.22820944666136e-07	0.000222887821937906	0.000430601406631262
AG.PRD.CROP.XD	4.2216806631318e-07	0.000458413613160951	0.000717669011052103
NY.ADJ.DFOR.CD_isNA_rank	4.18235660343086e-07	0.000838701598013771	0.00143533802210421
NE.EXP.GNFS.KD_delta1	4.15500842816212e-07	0.000330310560861588	0.000574135208841682
year_cycle_lag1	4.14754790478251e-07	7.06577373669136e-05	0.000143533802210421
ER.FSH.PROD.MT_lag1	4.13062956404154e-07	0.000261376182942648	0.000287067604420841
DC.DAC.CANL.CD_ratioavg2	4.10885693760393e-07	0.000857084098792155	0.00186593942873547
EN.GHG.CO2.FE.MT.CE.AR5_delta1	4.10380688319751e-07	0.000228632353431151	0.000143533802210421
SP.POP.1564.TO_delta1	4.08025129328678e-07	0.000680152528800209	0.000717669011052103
BM.GSR.TRAN.ZS_ratioavg2	4.05604026838367e-07	0.000206228680607496	0.000287067604420841
TM.VAL.MRCH.WL.CD_delta1	4.05557621359558e-07	0.000284354308915628	0.000287067604420841
TX.VAL.MRCH.RS.ZS_lag1	4.02976752177061e-07	7.23810968148871e-05	0.000143533802210421
SP.DYN.AMRT.FE_delta1	3.97668644584926e-07	0.000480817285984607	0.000861202813262523
DT.ODA.ODAT.KD_rank	3.86646349281259e-07	0.00012120961450747	0.000143533802210421
BM.GSR.NFSV.CD_isNA_rank	3.82088649460194e-07	0.000292396653006171	0.000430601406631262
FM.AST.NFRG.CN_rank	3.82027559854151e-07	0.00122243630176254	0.00114827041768336
NY.GDP.MKTP.CN_isNA_rank	3.81336978852486e-07	0.000535964788319759	0.000717669011052103
DT.ODA.ODAT.CD_isNA_rank	3.77269685031139e-07	0.000556645101695441	0.000430601406631262
EN.GHG.CH4.IC.MT.CE.AR5_lag1	3.76879422319766e-07	0.000311928060083204	0.000287067604420841
NE.CON.GOVT.ZS_tend2	3.76809058003035e-07	0.000507242130853534	0.000717669011052103
NY.ADJ.DMIN.GN.ZS_isNA_rank	3.72811694983525e-07	0.00205998899347766	0.00200947323094589
FM.AST.DOMS.CN_max2	3.68706589154602e-07	0.000164293600706807	0.000143533802210421
TG.VAL.TOTL.GD.ZS	3.65830807283192e-07	0.000468753769848792	0.00100473661547294
FM.LBL.BMNY.GD.ZS_rank	3.65284346330193e-07	0.000604899166238699	0.000717669011052103
BX.GSR.NFSV.CD_tend2	3.64610740010803e-07	0.00032169376362172	0.000287067604420841
SH.IMM.MEAS_rank	3.60763232376416e-07	0.000160272428661536	0.000143533802210421
SP.POP.5559.MA.5Y	3.60627300990813e-07	0.000719789796103599	0.000717669011052103
BM.KLT.DINV.WD.GD.ZS_delta1	3.59187370239824e-07	5.17007834392051e-05	0.000143533802210421
EG.ELC.NGAS.ZS_lag1	3.56710685268558e-07	0.000186697273530463	0.000287067604420841
EG.ELC.FOSL.ZS_tend2	3.48271154922373e-07	0.000295843371902118	0.000287067604420841
IT.MLT.MAIN.P2_ratioavg2	3.39408743081238e-07	0.00065602549652858	0.00100473661547294
FM.AST.NFRG.CN_ratiomax2	3.27956211328226e-07	9.76570353851651e-05	0.000143533802210421
SP.POP.1014.FE.5Y	3.24845321331939e-07	0.00361503366869908	0.00215300703315631
BM.GSR.MRCH.CD_tend2	3.14307249998832e-07	0.000135570943240582	0.000143533802210421
DC.DAC.FRAL.CD_rank	3.10314458802343e-07	0.000845595035805665	0.000717669011052103
SP.POP.1519.FE.5Y_delta1	3.06385915922206e-07	0.00061006924458262	0.00129180421989379
NY.GDP.TOTL.RT.ZS_isNA_rank	3.06130431533191e-07	0.000257355010897376	0.000574135208841682
TM.VAL.MRCH.AL.ZS	3.05440318181592e-07	0.000174059304245324	0.000287067604420841
BM.KLT.DINV.CD.WD	3.03248353018742e-07	0.000873168786973241	0.00100473661547294
AG.PRD.CROP.XD_avg2	3.01241653517221e-07	9.82314885344896e-05	0.000143533802210421
IS.AIR.GOOD.MT.K1_lag1	3.00760488072123e-07	0.000657174402827229	0.000574135208841682
NE.EXP.GNFS.KD_isNA_rank	2.9965282945654e-07	0.000398096032481879	0.000430601406631262
TM.VAL.TRAN.ZS.WT_rank	2.99012540514843e-07	4.82540645432581e-05	0.000143533802210421
NV.SRV.TOTL.ZS_lag1	2.92888663702228e-07	0.00073012995279144	0.000717669011052103
SE.ENR.PRIM.FM.ZS_isNA_rank	2.92783375414769e-07	0.000721513155551573	0.000717669011052103
BX.GSR.CMCP.ZS_lag1	2.92341693810083e-07	0.000271141886481164	0.000430601406631262
EN.GHG.N2O.MT.CE.AR5_tend2	2.916372634689e-07	0.000725534327596844	0.000717669011052103
SM.POP.NETM_rank	2.82373640478113e-07	0.00105584488845843	0.000861202813262523
NY.GDP.PCAP.CN_rank	2.82263444251051e-07	0.000279184230571707	0.000430601406631262
DC.DAC.CANL.CD_lag1	2.78591267567458e-07	0.000299290090798065	0.000430601406631262
BM.GSR.TRAN.ZS	2.78107473817756e-07	0.000559517367442064	0.000717669011052103
BM.GSR.TRVL.ZS_isNA_rank	2.77830965563586e-07	0.000382011344300793	0.000717669011052103
AG.PRD.FOOD.XD_ratioavg2	2.76062462402469e-07	0.000242419229014939	0.000430601406631262
ER.FSH.AQUA.MT_tend2	2.74366806781006e-07	0.000908210429082035	0.00114827041768336
TX.VAL.TRAN.ZS.WT_isNA_rank	2.72040993160256e-07	0.00164868053856132	0.00172240562652505
SP.POP.4044.MA.5Y_lag1	2.71429047593074e-07	0.00066751455951507	0.000574135208841682
IT.CEL.SETS.P2_min2	2.5874728419413e-07	0.000153378990869642	0.000287067604420841
NY.GDP.FCST.KD_isNA_rank	2.58448829546145e-07	0.000769192766945506	0.000861202813262523
IT.MLT.MAIN_ratiomax2	2.57904576012101e-07	0.000222313368788582	0.000287067604420841
SE.ENR.PRIM.FM.ZS_lag1	2.57428205276327e-07	0.000405563923423097	0.000430601406631262
EN.GHG.N2O.PI.MT.CE.AR5_delta1	2.55247459413286e-07	0.000102252660579761	0.000143533802210421
TM.VAL.FOOD.ZS.UN_rank	2.54900691510357e-07	0.00163029803778293	0.00100473661547294
NY.ADJ.DKAP.GN.ZS	2.52519388144286e-07	0.00245061713501832	0.00215300703315631
SP.POP.TOTL.FE.IN_delta1	2.51927239674242e-07	0.00041992525215621	0.000574135208841682
SP.POP.TOTL.MA.ZS	2.44552292412444e-07	0.000205079774308847	0.000143533802210421
BM.GSR.FCTY.CD_isNA_rank	2.44167673799505e-07	0.000344097436445376	0.000717669011052103
TX.VAL.OTHR.ZS.WT_delta1	2.43248271216177e-07	0.000299864543947389	0.000574135208841682
DT.ODA.ALLD.KD_isNA_rank	2.43184311617815e-07	0.000193016258173032	0.000287067604420841
TM.VAL.AGRI.ZS.UN_delta1	2.42634161889824e-07	0.00139247443396259	0.00100473661547294
AG.CON.FERT.ZS_ratioavg2	2.41336955080408e-07	0.00133847583792609	0.00157887182431463
EN.GHG.ALL.PC.CE.AR5_lag1	2.36481060631014e-07	0.000153378990869642	0.000143533802210421
AG.SRF.TOTL.K2_tend2	2.32279286720569e-07	0.000955315587326644	0.000574135208841682
TM.VAL.MANF.ZS.UN	2.28882945195052e-07	0.00141947373198084	0.00157887182431463
EN.GHG.CO2.IP.MT.CE.AR5_ratioavg2	2.275820571864e-07	0.000485412911179203	0.000574135208841682
SP.POP.0014.MA.ZS_delta1	2.26589266294377e-07	0.000371671187612952	0.000287067604420841
FP.CPI.TOTL.ZG_avg2	2.26226113253086e-07	0.000528496897378541	0.000717669011052103
NY.GDP.MKTP.KD.ZG	2.24171856764336e-07	9.59336759371916e-05	0.000287067604420841
SP.POP.DPND.OL_delta1	2.24064739282639e-07	0.000304460169141985	0.000287067604420841
TX.VAL.MRCH.OR.ZS_rank	2.20033134998306e-07	0.000909359335380684	0.000861202813262523
ER.H2O.INTR.PC_tend2	2.18268746338545e-07	0.00108456754592466	0.00114827041768336
NY.GDP.FCST.CN_lag1	2.17835273146385e-07	5.74453149324501e-05	0.000143533802210421
EN.GHG.CH4.BU.MT.CE.AR5_ratiomax2	2.14462437681649e-07	0.000337778451802806	0.000430601406631262
EG.USE.ELEC.KH.PC_lag1	2.12529389590407e-07	0.000164868053856132	0.000143533802210421
DC.DAC.TOTL.CD_avg2	2.09585054971474e-07	0.00014418774048045	0.000143533802210421
NY.ADJ.DNGY.CD_delta1	2.03706131877125e-07	0.000314800325829826	0.000574135208841682
NE.EXP.GNFS.KD.ZG_delta1	2.02159626236877e-07	0.000118337348760847	0.000287067604420841
SP.POP.6569.MA.5Y_delta1	1.99313327894589e-07	0.00117303333092063	0.00114827041768336
TX.VAL.MRCH.HI.ZS	1.96439692315517e-07	0.000336629545504157	0.000287067604420841
EG.ELC.PETR.ZS_ratioavg2	1.93940514204434e-07	0.000571580883577878	0.000430601406631262
BM.GSR.CMCP.ZS_ratioavg2	1.93905308202659e-07	0.000234951338073721	0.000430601406631262
AG.PRD.FOOD.XD_avg2	1.90054519186428e-07	9.30614101905691e-05	0.000143533802210421
EG.ELC.PETR.ZS	1.89494029506193e-07	0.000346969702191998	0.000430601406631262
SH.DTH.IMRT	1.88365621475878e-07	0.000869722068077294	0.000717669011052103
DC.DAC.FRAL.CD_lag1	1.87490970495449e-07	0.000271716339630489	0.000430601406631262
TX.VAL.MRCH.CD.WT_delta1	1.87276716066274e-07	0.000152230084570993	0.000287067604420841
NV.AGR.TOTL.CD_delta1	1.85951736218383e-07	0.000796766518113082	0.000717669011052103
SP.POP.0004.FE.5Y_lag1	1.8341127792616e-07	0.00124943559978079	0.000717669011052103
BX.GRT.TECH.CD.WD_ratiomax2	1.81825163049694e-07	7.00832842175891e-05	0.000143533802210421
FS.AST.CGOV.GD.ZS_min2	1.81807800138799e-07	0.000119486255059496	0.000287067604420841
BX.PEF.TOTL.CD.WD_tend2	1.79970449879451e-07	0.000307332434888608	0.000430601406631262
TX.VAL.MRCH.R5.ZS_delta1	1.79388459368669e-07	0.00148496139100383	0.00186593942873547
TM.VAL.SERV.CD.WT_delta1	1.76313648075513e-07	0.000463009238355548	0.000430601406631262
IS.AIR.GOOD.MT.K1_min2	1.762037283462e-07	0.000539985960365031	0.000430601406631262
NY.ADJ.DKAP.GN.ZS_isNA_rank	1.76124702245639e-07	0.000813425659443493	0.000861202813262523
MS.MIL.XPND.CD_min2	1.75999835851444e-07	0.000291247746707522	0.000430601406631262
NE.GDI.TOTL.ZS_isNA_rank	1.72521232035992e-07	0.000214845477847363	0.000287067604420841
AG.YLD.CREL.KG_rank	1.72113842047103e-07	0.000148208912525721	0.000143533802210421
FM.AST.DOMS.CN_min2	1.695767343175e-07	0.000503220958808262	0.000430601406631262
FM.LBL.BMNY.GD.ZS_ratioavg2	1.68856005230831e-07	0.000253908292001429	0.000574135208841682
NE.EXP.GNFS.CN_lag1	1.67077596413137e-07	5.28496897378541e-05	0.000143533802210421
SE.SEC.ENRR_lag1	1.65940959612827e-07	0.000492880802120421	0.000574135208841682
TX.VAL.AGRI.ZS.UN_lag1	1.62432847496713e-07	0.00099437840148071	0.00157887182431463
NY.ADJ.DNGY.CD_isNA_rank	1.58018579577834e-07	0.000634196276854249	0.000861202813262523
NY.GDP.TOTL.RT.ZS	1.53331986562911e-07	0.000132124224344635	0.000287067604420841
NY.GDS.TOTL.ZS	1.53057176611216e-07	0.000132124224344635	0.000287067604420841
EN.GHG.ALL.MT.CE.AR5_ratiomax2	1.52100547356625e-07	0.000127528599150039	0.000143533802210421
NY.GDP.PETR.RT.ZS	1.49846335285312e-07	0.000251610479404131	0.000430601406631262
SP.POP.5054.MA.5Y_rank	1.49272196364091e-07	0.00071347081146103	0.000574135208841682
NV.AGR.TOTL.CN_delta1	1.46882008069488e-07	0.000646259792990063	0.000574135208841682
FD.AST.PRVT.GD.ZS_avg2	1.46642440452022e-07	0.00029354555930482	0.000430601406631262
SP.DYN.LE00.IN	1.44477722703477e-07	0.000159123522362887	0.000143533802210421
DC.DAC.GBRL.CD_ratioavg2	1.44192439774701e-07	0.000267120714435893	0.000574135208841682
EN.GHG.N2O.AG.MT.CE.AR5_tend2	1.440314617335e-07	0.00033318282660821	0.000430601406631262
DC.DAC.DEUL.CD_lag1	1.43786268569634e-07	0.000387181422644713	0.000574135208841682
EN.GHG.N2O.BU.MT.CE.AR5_delta1	1.41399572483204e-07	0.000250461573105482	0.000287067604420841
NY.GSR.NFCY.CD_delta1	1.412557520479e-07	0.000618111588673163	0.000717669011052103
EN.GHG.CH4.TR.MT.CE.AR5_max2	1.40696372706643e-07	0.000104550473177059	0.000143533802210421
EN.GHG.CO2.RT.GDP.KD_tend2	1.38138919862054e-07	0.00119026692540037	0.00157887182431463
SH.DTH.NMRT	1.36152876589799e-07	0.000153953444018966	0.000143533802210421
DC.DAC.TOTL.CD_rank	1.35989624203133e-07	0.000147634459376397	0.000143533802210421
NY.GDP.MKTP.KN_delta1	1.35722001295798e-07	0.000205654227458171	0.000143533802210421
SE.PRM.ENRR.FE_isNA_rank	1.34772262764124e-07	0.000512986662346779	0.00100473661547294
AG.CON.FERT.ZS_avg2	1.33709987427884e-07	0.000352139780535919	0.000717669011052103
SP.DYN.LE00.FE.IN_rank	1.31992474580614e-07	0.000152804537720317	0.000143533802210421
BX.GSR.FCTY.CD_max2	1.31843710485057e-07	0.000105699379475708	0.000287067604420841
NE.CON.PRVT.KD.ZG_ratioavg2	1.27080841294802e-07	0.000700832842175891	0.00114827041768336
EN.GHG.N2O.IP.MT.CE.AR5_ratioavg2	1.24824053835953e-07	4.76796113939335e-05	0.000143533802210421
AG.PRD.CROP.XD_rank	1.22623457407106e-07	0.000238972510118992	0.000430601406631262
EN.POP.DNST_max2	1.19408249419478e-07	0.000100529301131788	0.000143533802210421
NY.GDP.PCAP.KN	1.1804053558413e-07	0.000294120012454144	0.000430601406631262
TX.VAL.MMTL.ZS.UN_delta1	1.16978871963293e-07	0.000456115800563654	0.000717669011052103
ER.FSH.AQUA.MT_lag1	1.16436469469927e-07	0.00165557397635321	0.00129180421989379
SE.SEC.ENRL_isNA_rank	1.16212780022285e-07	0.000209100946354118	0.000287067604420841
FM.AST.PRVT.GD.ZS_min2	1.16189957266233e-07	5.62964086338011e-05	0.000143533802210421
NE.CON.PRVT.ZS_ratioavg2	1.15377865240522e-07	0.000173484851095999	0.000287067604420841
SE.PRM.ENRR.MA	1.15024879674315e-07	0.00180665515462555	0.00157887182431463
FP.CPI.TOTL.ZG_max2	1.1435078333011e-07	0.000531943616274488	0.000861202813262523
TM.VAL.MRCH.R6.ZS	1.13915669324042e-07	0.000129826411747337	0.000143533802210421
NE.CON.TOTL.CD_ratioavg2	1.13863544393488e-07	4.94029708419071e-05	0.000143533802210421
EG.ELC.FOSL.ZS_delta1	1.13734402464849e-07	9.99548479824631e-05	0.000143533802210421
AG.LND.ARBL.HA	1.12983504194561e-07	0.00380115648908022	0.00229654083536673
AG.PRD.CROP.XD_min2	1.1292581447963e-07	0.000113167270416927	0.000143533802210421
Country_Code	1.12724076217589e-07	0.00023610024437237	0.000287067604420841
DC.DAC.GBRL.CD_rank	1.10748235175955e-07	5.17007834392051e-05	0.000143533802210421
EN.GHG.N2O.WA.MT.CE.AR5_delta1	1.10718548941126e-07	0.000664642293768447	0.000574135208841682
NY.GDS.TOTL.ZS_lag1	1.10633476845045e-07	0.00117016106517401	0.000861202813262523
NY.GDP.MKTP.KD	1.09712215983325e-07	0.000140166568435178	0.000143533802210421
TM.VAL.MRCH.R4.ZS	1.08501017465609e-07	0.000258503917196025	0.000430601406631262
EG.ELC.NGAS.ZS_ratioavg2	1.06660223663827e-07	0.000105124926326384	0.000287067604420841
NE.EXP.GNFS.KD_lag1	1.05991316426786e-07	0.000193016258173032	0.000143533802210421
NE.CON.TOTL.KD.ZG	1.0584347226612e-07	6.37642995750196e-05	0.000143533802210421
EN.GHG.CO2.MT.CE.AR5	1.05367904670552e-07	0.000140741021584503	0.000143533802210421
NE.RSB.GNFS.CN_isNA_rank	1.05146390871978e-07	0.000146485553077748	0.000287067604420841
ER.H2O.INTR.PC	1.04855083765308e-07	0.000166016960154781	0.000287067604420841
IT.MLT.MAIN.P2_lag1	1.04076036681419e-07	0.000239546963268317	0.000287067604420841
TM.VAL.AGRI.ZS.UN_lag1	1.0328084416989e-07	0.000117188442462198	0.000143533802210421
NE.IMP.GNFS.CD_isNA_rank	1.01650057800918e-07	6.77854716202911e-05	0.000143533802210421
EN.GHG.CH4.IC.MT.CE.AR5_ratioavg2	1.01030369700085e-07	0.000198186336516953	0.000430601406631262
NY.ADJ.DMIN.GN.ZS_lag1	1.00225654403679e-07	0.000231504619177774	0.000430601406631262
NV.IND.TOTL.KD_isNA_rank	1.00137406368837e-07	0.000174633757394648	0.000287067604420841
SP.POP.2024.FE.5Y_delta1	9.90585606342344e-08	0.00025275938570278	0.000574135208841682
EN.URB.LCTY.UR.ZS_ratioavg2	9.89899631733007e-08	0.000309055794336581	0.000430601406631262
BX.PEF.TOTL.CD.WD_lag1	9.89183464447138e-08	0.00033318282660821	0.000287067604420841
BX.TRF.PWKR.DT.GD.ZS	9.84806852815365e-08	0.000310779153784555	0.000574135208841682
NE.EXP.GNFS.CN	9.77707684380403e-08	0.000160272428661536	0.000143533802210421
AG.YLD.CREL.KG_lag1	9.63995866065187e-08	0.000907061522783386	0.000574135208841682
NV.IND.TOTL.CD_delta1	9.62651341523829e-08	0.00122473411435984	0.00143533802210421
BX.TRF.PWKR.CD.DT_rank	9.52552458346069e-08	0.00018382500778384	0.000143533802210421
NV.SRV.TOTL.ZS_rank	9.49900723163695e-08	0.000198186336516953	0.000143533802210421
DT.ODA.ODAT.KD_avg2	9.45465157024583e-08	0.000122932973955443	0.000287067604420841
AG.LND.ARBL.HA_ratiomax2	9.4400356250919e-08	0.000368224468717005	0.000287067604420841
SH.DYN.NMRT_delta1	9.27942553199788e-08	0.000248738213657509	0.000287067604420841
BM.GSR.FCTY.CD	9.25465474382281e-08	0.000204505321159522	0.000287067604420841
FS.AST.CGOV.GD.ZS_isNA_rank	9.07221694154436e-08	0.000109146098371655	0.000287067604420841
IS.AIR.DPRT_tend2	8.95034117036063e-08	0.000272290792779813	0.000287067604420841
NE.GDI.FTOT.ZS_lag1	8.8426522937623e-08	0.000307332434888608	0.000430601406631262
TM.VAL.SERV.CD.WT	8.80004264338963e-08	0.000904189257036764	0.000861202813262523
NE.IMP.GNFS.CD	8.79237121481454e-08	0.000371671187612952	0.000574135208841682
TG.VAL.TOTL.GD.ZS_lag1	8.7583693891301e-08	0.000268844073883866	0.000287067604420841
SE.SEC.ENRL.GC	8.69318153365506e-08	0.000287801027811575	0.000430601406631262
NE.CON.GOVT.ZS_rank	8.65725091332923e-08	0.000250461573105482	0.000287067604420841
BX.TRF.PWKR.CD.DT	8.49889381238562e-08	0.00109375879631385	0.00100473661547294
DC.DAC.FRAL.CD	8.46244164267031e-08	0.000534241428871786	0.000861202813262523
NE.GDI.TOTL.ZS_lag1	8.13942494578456e-08	8.73168786973241e-05	0.000143533802210421
BM.GSR.TRVL.ZS_max2	7.97481261274277e-08	0.000101103754281112	0.000287067604420841
NV.SRV.TOTL.KD	7.95286233843892e-08	8.04234409054301e-05	0.000143533802210421
NY.GDS.TOTL.CD_isNA_rank	7.90974442859027e-08	0.00192212023763978	0.00244007463757715
NV.IND.TOTL.KD.ZG	7.9073505125307e-08	0.00250978580939874	0.00315774364862925
TM.VAL.MRCH.AL.ZS_lag1	7.82979703446672e-08	0.000265971808137244	0.000430601406631262
trade_openness_delta1	7.81170514480895e-08	0.000263673995539946	0.000717669011052103
IT.MLT.MAIN_ratioavg2	7.78128606748208e-08	0.000535390335170435	0.000861202813262523
EG.ELC.FOSL.ZS_lag1	7.74756763582433e-08	0.000605473619388024	0.000430601406631262
DC.DAC.JPNL.CD_lag1	7.62886740770921e-08	0.000259652823494674	0.000287067604420841
NY.ADJ.DFOR.GN.ZS_isNA_rank	7.5238326244676e-08	0.00092544402356177	0.00100473661547294
TM.VAL.MRCH.OR.ZS_lag1	7.48189793813322e-08	0.000174059304245324	0.000287067604420841
IT.CEL.SETS_delta1	7.42941135411003e-08	0.000251610479404131	0.000287067604420841
BX.KLT.DINV.WD.GD.ZS_isNA_rank	7.3909755147473e-08	0.000337778451802806	0.000574135208841682
DC.DAC.DEUL.CD_min2	7.32226339383234e-08	0.000593984556401534	0.00100473661547294
DC.DAC.CECL.CD_isNA_rank	7.30450030055902e-08	0.000828935894475254	0.000717669011052103
NV.IND.TOTL.KD.ZG_rank	7.2921829810289e-08	0.000101103754281112	0.000287067604420841
SP.POP.0014.FE.ZS_lag1	7.2731616147716e-08	0.000622132760718434	0.000430601406631262
SP.POP.5054.FE.5Y_delta1	7.17301727065473e-08	0.000227483447132502	0.000143533802210421
SP.POP.4549.MA.5Y_rank	7.15977983271098e-08	0.000758278157108341	0.000574135208841682
human_capital_priority	7.14014325255726e-08	0.000565261898935309	0.000717669011052103
SP.POP.2529.FE.5Y	7.05665193967661e-08	0.000418776345857561	0.000717669011052103
DT.ODA.ALLD.CD_avg2	6.9940851739763e-08	4.2509533050013e-05	0.000143533802210421
NE.GDI.FTOT.ZS	6.98733427151218e-08	0.000138443208987205	0.000143533802210421
TX.VAL.MRCH.R3.ZS_delta1	6.97266801417854e-08	0.00123966989624227	0.00114827041768336
DC.DAC.CECL.CD_avg2	6.96567889671778e-08	9.93803948331386e-05	0.000287067604420841
AG.PRD.CREL.MT_ratioavg2	6.72351046479781e-08	0.000168314772752079	0.000287067604420841
BM.GSR.CMCP.ZS_isNA_rank	6.65353977536247e-08	0.000156251256616264	0.000287067604420841
AG.PRD.CROP.XD_lag1	6.62068606208048e-08	0.000110295004670304	0.000143533802210421
SE.SEC.DURS_rank	6.61774336390685e-08	0.000460136972608925	0.000430601406631262
NY.GDP.PCAP.KN_isNA_rank	6.5495699221731e-08	0.0027947145714637	0.00215300703315631
AG.CON.FERT.ZS_min2	6.53819216507138e-08	0.000211398758951416	0.000287067604420841
MS.MIL.XPND.CD	6.49755596118418e-08	0.00119141583169901	0.00129180421989379
FM.AST.DOMS.CN_lag1	6.49522586701061e-08	0.00264650565893797	0.00157887182431463
SM.POP.NETM_lag1	6.40281886087054e-08	0.000723810968148871	0.000717669011052103
ER.H2O.INTR.PC_delta1	6.37624119664622e-08	0.000784128548827943	0.000861202813262523
MS.MIL.XPND.CD_isNA_rank	6.34965489565999e-08	0.000363054390373084	0.000574135208841682
EN.GHG.N2O.IC.MT.CE.AR5_ratioavg2	6.33712284482441e-08	0.000274588605377111	0.000430601406631262
TX.VAL.MRCH.RS.ZS_rank	6.32194863356686e-08	0.000283205402616979	0.000287067604420841
SE.PRM.ENRR_isNA_rank	6.18778341800722e-08	0.000788149720873215	0.00100473661547294
NY.ADJ.NNTY.CD	6.15963741998112e-08	0.00155389576892277	0.00129180421989379
AG.PRD.CROP.XD_delta1	6.01857675142276e-08	5.17007834392051e-05	0.000143533802210421
NE.TRD.GNFS.ZS_isNA_rank	6.01662715694429e-08	0.000361331030925111	0.000574135208841682
SE.PRM.ENRL_isNA_rank	5.97769467210389e-08	0.000288949934110224	0.000574135208841682
BX.GSR.FCTY.CD_ratiomax2	5.92743896485942e-08	8.55935192493506e-05	0.000143533802210421
BX.KLT.DINV.CD.WD_avg2	5.86833568856792e-08	0.000180378288887893	0.000143533802210421
BM.GSR.MRCH.CD_rank	5.78600062031144e-08	0.000108571645222331	0.000143533802210421
BM.GSR.NFSV.CD_tend2	5.68152489958678e-08	0.000372820093911601	0.000287067604420841
DT.ODA.ODAT.CD_rank	5.6282396105391e-08	0.000999548479824631	0.000574135208841682
DC.DAC.JPNL.CD_tend2	5.6157598580822e-08	0.00047105158244609	0.000574135208841682
FP.CPI.TOTL_ratioavg2	5.59762186032903e-08	0.000110869457819629	0.000287067604420841
BG.GSR.NFSV.GD.ZS_rank	5.531844818854e-08	0.000160272428661536	0.000287067604420841
MS.MIL.MPRT.KD_lag1	5.52058189774855e-08	0.000376266812807548	0.000430601406631262
BX.GRT.TECH.CD.WD_tend2	5.51522431304338e-08	0.000206228680607496	0.000574135208841682
TM.VAL.MRCH.WR.ZS_rank	5.44609976999253e-08	0.000263099542390621	0.000430601406631262
EN.GHG.N2O.IC.MT.CE.AR5_lag1	5.4428291417545e-08	0.000178080476290595	0.000143533802210421
FM.LBL.BMNY.GD.ZS_tend2	5.42687267594256e-08	0.000483115098581905	0.000574135208841682
NV.IND.MANF.CD_isNA_rank	5.39375771556235e-08	0.00186122820381138	0.00157887182431463
EN.GHG.N2O.FE.MT.CE.AR5_tend2	5.35293384702536e-08	0.00021829219674331	0.000287067604420841
SE.SEC.ENRL.GC_isNA_rank	5.25109953350257e-08	0.000441180018681216	0.000717669011052103
NV.IND.TOTL.KD_lag1	5.24166733076908e-08	0.000206228680607496	0.000143533802210421
SP.POP.GROW_delta1	5.14467571406117e-08	0.000502646505658938	0.000574135208841682
FM.LBL.BMNY.GD.ZS_ratiomax2	5.14357895016739e-08	0.000103976020027735	0.000143533802210421
BX.GSR.CMCP.ZS_avg2	5.12830627764406e-08	9.88059416838141e-05	0.000287067604420841
TM.VAL.AGRI.ZS.UN_rank	5.12617380842568e-08	7.52533625615096e-05	0.000143533802210421
FS.AST.PRVT.GD.ZS_max2	5.01124648107447e-08	8.61679723986751e-05	0.000143533802210421
NY.ADJ.AEDU.GN.ZS_delta1	4.99678724252599e-08	0.000172910397946675	0.000287067604420841
BM.KLT.DINV.WD.GD.ZS_max2	4.85134939879334e-08	0.000110869457819629	0.000287067604420841
SP.POP.1564.MA.IN_delta1	4.77139004571946e-08	0.000594559009550858	0.000861202813262523
TM.VAL.MMTL.ZS.UN	4.69342285793315e-08	0.000256206104598727	0.000430601406631262
AG.LND.CROP.ZS_rank	4.66457557358606e-08	0.000463583691504872	0.000430601406631262
TX.VAL.MANF.ZS.UN	4.59414847286305e-08	0.000221738915639257	0.000287067604420841
BM.GSR.CMCP.ZS	4.56399391087801e-08	0.000662344481171149	0.00100473661547294
AG.LND.CREL.HA_ratioavg2	4.54820326962826e-08	0.00056411299263666	0.00129180421989379
NY.GSR.NFCY.CD_isNA_rank	4.5271539490722e-08	0.00054113486666368	0.000861202813262523
DC.DAC.GBRL.CD_max2	4.49031782831889e-08	4.65307050952846e-05	0.000143533802210421
NE.EXP.GNFS.CN_isNA_rank	4.46548940870679e-08	7.75511751588076e-05	0.000143533802210421
EN.GHG.CH4.BU.MT.CE.AR5_delta1	4.4579928961385e-08	0.000506093224554885	0.000430601406631262
NE.CON.PRVT.KD.ZG_ratiomax2	4.41387429077816e-08	0.000457839160011627	0.000861202813262523
SP.RUR.TOTL.ZG_delta1	4.4019850489878e-08	0.000782979642529294	0.00100473661547294
NV.SRV.TOTL.KD.ZG_lag1	4.39125001110714e-08	0.000379713531703495	0.000574135208841682
NV.AGR.TOTL.KD.ZG_isNA_rank	4.33186904961966e-08	0.000214271024698039	0.000287067604420841
BX.GSR.NFSV.CD_min2	4.32291716592992e-08	0.00013786875583788	0.000143533802210421
SE.SEC.ENRL_delta1	4.30938231405273e-08	0.000426244236798779	0.000861202813262523
DT.ODA.ALLD.KD_rank	4.22200958380649e-08	0.000272290792779813	0.000287067604420841
FS.AST.PRVT.GD.ZS_avg2	4.18348957526769e-08	0.000749661359868473	0.000430601406631262
NE.CON.PRVT.PC.KD_min2	4.18017750801151e-08	0.000141889927883152	0.000143533802210421
TX.VAL.OTHR.ZS.WT_isNA_rank	4.17789297003958e-08	0.00024758930735886	0.000430601406631262
DT.ODA.ODAT.CD_max2	4.17437152073814e-08	0.000251036026254807	0.000430601406631262
TX.VAL.TRVL.ZS.WT_lag1	4.12044513527236e-08	0.00010972055152098	0.000287067604420841
NY.ADJ.DKAP.CD_delta1	4.10896186052652e-08	0.000171761491648026	0.000287067604420841
SP.DYN.IMRT.FE.IN	4.10747137440906e-08	5.22752365885296e-05	0.000143533802210421
FM.AST.NFRG.CN_ratioavg2	4.05391525030563e-08	0.000484838458029878	0.000861202813262523
NE.CON.PRVT.CD_isNA_rank	4.02397077249492e-08	0.000190718445575734	0.000287067604420841
NE.CON.PRVT.KD.ZG_min2	4.0213342509043e-08	0.000107422738923682	0.000287067604420841
TM.VAL.MMTL.ZS.UN_delta1	3.96457359664241e-08	0.000666365653216421	0.000861202813262523
DC.DAC.FRAL.CD_delta1	3.88386567839505e-08	0.000109146098371655	0.000143533802210421
NE.IMP.GNFS.ZS	3.84168256546375e-08	0.000116613989312874	0.000287067604420841
IT.MLT.MAIN_isNA_rank	3.83458460955764e-08	0.000866849802330671	0.00114827041768336
DC.DAC.USAL.CD_ratioavg2	3.8185019807568e-08	5.68708617831256e-05	0.000143533802210421
NY.GDP.MKTP.KN_lag1	3.79186278398566e-08	0.000353288686834568	0.000287067604420841
SP.DYN.TFRT.IN	3.74943753035058e-08	0.000606048072537348	0.000430601406631262
BX.GSR.CMCP.ZS_tend2	3.69993414561642e-08	0.000434861034038647	0.000717669011052103
FS.AST.CGOV.GD.ZS_max2	3.65900270975054e-08	4.7105158244609e-05	0.000143533802210421
FM.AST.DOMS.CN_isNA_rank	3.65446878680336e-08	0.000160272428661536	0.000287067604420841
SE.SEC.ENRR_isNA_rank	3.61050212556205e-08	0.00131836997769973	0.00100473661547294
TX.VAL.AGRI.ZS.UN_delta1	3.53635629948362e-08	0.00028205649631833	0.000287067604420841
NV.AGR.TOTL.ZS_lag1	3.42649801688616e-08	0.000193016258173032	0.000430601406631262
NE.IMP.GNFS.KD.ZG_lag1	3.36721707303351e-08	0.000525624631631918	0.000717669011052103
BX.GRT.TECH.CD.WD_isNA_rank	3.35573282028536e-08	0.000238972510118992	0.000287067604420841
SP.POP.0014.MA.ZS_lag1	3.35125461607372e-08	0.000453243534817031	0.000287067604420841
BM.KLT.DINV.CD.WD_ratioavg2	3.33802322874193e-08	0.000691641591786699	0.00114827041768336
NY.GDP.DEFL.KD.ZG_isNA_rank	3.32984960456694e-08	0.000268844073883866	0.000430601406631262
SH.IMM.IDPT	3.27601448085599e-08	7.52533625615096e-05	0.000143533802210421
DC.DAC.FRAL.CD_min2	3.26471471292454e-08	6.83599247696156e-05	0.000143533802210421
BM.TRF.PWKR.CD.DT_max2	3.2484682695765e-08	0.00022461118138588	0.000430601406631262
NY.GSR.NFCY.CD_lag1	3.20364921051468e-08	0.000352139780535919	0.000430601406631262
DT.NFL.UNDP.CD_rank	3.15820851558679e-08	0.00271658894315556	0.00186593942873547
EN.GHG.CO2.RT.GDP.KD_max2	3.12210162036119e-08	0.000263673995539946	0.000287067604420841
BX.TRF.CURR.CD_max2	3.09149071845024e-08	9.01891444439466e-05	0.000143533802210421
EN.GHG.CH4.TR.MT.CE.AR5_ratioavg2	3.04182547076286e-08	0.000254482745150754	0.000287067604420841
FI.RES.TOTL.MO_tend2	3.02877368829279e-08	0.000152230084570993	0.000287067604420841
BM.GSR.TOTL.CD_min2	2.95423503760054e-08	0.000195888523919655	0.000143533802210421
NE.RSB.GNFS.CN	2.93311779973702e-08	0.00108629090537263	0.000717669011052103
EN.GHG.CO2.IC.MT.CE.AR5_min2	2.93301385635591e-08	0.000301587903395363	0.000430601406631262
SE.SEC.ENRL.GC_rank	2.92708279996791e-08	0.00198531008406547	0.00244007463757715
SP.DYN.LE00.MA.IN_delta1	2.91662149314922e-08	0.000462434785206223	0.000430601406631262
DC.DAC.DEUL.CD_max2	2.91445056369563e-08	0.000113741723566251	0.000143533802210421
AG.PRD.FOOD.XD_lag1	2.91007617693257e-08	0.000479093926536633	0.000430601406631262
SP.POP.80UP.MA.5Y_delta1	2.89662785031923e-08	0.000965655744014485	0.000717669011052103
SP.POP.4549.FE.5Y_rank	2.86717313102357e-08	0.00016716586645343	0.000143533802210421
IS.AIR.PSGR_ratioavg2	2.86563845805499e-08	0.000189569539277085	0.000287067604420841
EN.GHG.N2O.TR.MT.CE.AR5_delta1	2.85054609262888e-08	0.000240121416417641	0.000287067604420841
TX.VAL.OTHR.ZS.WT_lag1	2.7815565186692e-08	0.0022696643929811	0.00258360843978757
EN.GHG.N2O.IP.MT.CE.AR5_max2	2.77956343003754e-08	0.00013269867749396	0.000143533802210421
DT.ODA.ODAT.GN.ZS_ratiomax2	2.73501863478382e-08	7.12321905162381e-05	0.000143533802210421
IS.AIR.PSGR	2.71783748620614e-08	0.000404415017124448	0.000430601406631262
AG.LND.TOTL.K2_tend2	2.65651955079655e-08	0.000642238620944792	0.000430601406631262
AG.LND.AGRI.ZS_ratiomax2	2.5977598319858e-08	0.000289524387259548	0.000430601406631262
AG.YLD.CREL.KG_ratioavg2	2.59406772713692e-08	0.000303311262843336	0.000430601406631262
NY.ADJ.DKAP.GN.ZS_lag1	2.45995118333051e-08	6.49132058736686e-05	0.000143533802210421
EN.GHG.CH4.TR.MT.CE.AR5_lag1	2.40148514034801e-08	6.43387527243441e-05	0.000143533802210421
NY.GDP.PCAP.CN	2.39865084724913e-08	0.00010972055152098	0.000143533802210421
NV.IND.TOTL.KD.ZG_delta1	2.38173269661956e-08	0.000399819391929852	0.000861202813262523
EN.GHG.CH4.IC.MT.CE.AR5_delta1	2.3294352816416e-08	0.000434861034038647	0.000430601406631262
TM.VAL.MRCH.OR.ZS	2.29507786742787e-08	0.000248738213657509	0.000430601406631262
EN.GHG.CH4.AG.MT.CE.AR5_tend2	2.28829942317978e-08	0.000256206104598727	0.000287067604420841
NE.TRD.GNFS.ZS_delta1	2.2519588345704e-08	6.31898464256951e-05	0.000143533802210421
NY.GDP.MKTP.KD_delta1	2.24306251083811e-08	0.00131090208675851	0.000861202813262523
SE.PRM.ENRR.FE	2.23633168275504e-08	0.000452669081667706	0.000574135208841682
TM.VAL.FUEL.ZS.UN_delta1	2.22942894189815e-08	0.000188995086127761	0.000430601406631262
SP.POP.0014.FE.IN_lag1	2.22065718031002e-08	0.000206228680607496	0.000143533802210421
SP.POP.0014.FE.ZS	2.19445128097931e-08	8.78913318466486e-05	0.000143533802210421
AG.CON.FERT.ZS	2.16692189708376e-08	8.84657849959731e-05	0.000143533802210421
BM.GSR.INSF.ZS_min2	2.16079284383456e-08	4.65307050952846e-05	0.000143533802210421
EN.GHG.CO2.PI.MT.CE.AR5_delta1	2.0962950293743e-08	0.000137294302688556	0.000143533802210421
SE.PRM.ENRR	2.08653989707347e-08	0.000227483447132502	0.000574135208841682
EG.ELC.FOSL.ZS_avg2	2.0686659882222e-08	0.000191292898725059	0.000287067604420841
NE.GDI.TOTL.ZS	2.06256778426245e-08	0.0016624674141451	0.00114827041768336
TM.VAL.MRCH.OR.ZS_delta1	2.0620580297796e-08	9.65081290865161e-05	0.000287067604420841
SP.URB.TOTL_delta1	2.04330813707804e-08	0.000140741021584503	0.000143533802210421
SP.POP.7074.FE.5Y_lag1	2.04224075243241e-08	7.64022688601586e-05	0.000143533802210421
NY.GNP.PCAP.CN_lag1	2.0091527333645e-08	0.000104550473177059	0.000143533802210421
SP.DYN.TO65.MA.ZS	2.00826332157203e-08	0.000195888523919655	0.000143533802210421
IS.AIR.DPRT_isNA_rank	1.99416825072456e-08	0.000438882206083918	0.000430601406631262
TX.VAL.MMTL.ZS.UN	1.99328072217569e-08	0.000203930868010198	0.000143533802210421
TX.VAL.MRCH.R2.ZS_lag1	1.97991425906853e-08	0.000201058602263575	0.000574135208841682
BG.GSR.NFSV.GD.ZS_avg2	1.970730656733e-08	9.19125038919201e-05	0.000143533802210421
SE.PRM.ENRL.FE.ZS	1.96800616884291e-08	0.000782979642529294	0.000717669011052103
DC.DAC.GBRL.CD	1.96540920685636e-08	0.000370522281314303	0.000574135208841682
NY.GDP.PCAP.CN_delta1	1.89414652482498e-08	0.000107997192073006	0.000143533802210421
NV.IND.TOTL.KD.ZG_lag1	1.87286215932903e-08	0.000726683233895493	0.00100473661547294
NE.DAB.TOTL.CD_isNA_rank	1.87222685300861e-08	0.000539985960365031	0.000574135208841682
DT.ODA.ALLD.CD_rank	1.86539139060937e-08	0.000193016258173032	0.000143533802210421
BM.GSR.TRAN.ZS_isNA_rank	1.83974760359107e-08	0.000650280965035335	0.000574135208841682
BM.GSR.INSF.ZS_lag1	1.83784477594075e-08	0.000341799623848078	0.000717669011052103
NV.AGR.TOTL.CD_isNA_rank	1.77252914240252e-08	0.000963357931417187	0.00100473661547294
EN.URB.MCTY.TL.ZS_lag1	1.77231762572731e-08	0.000234951338073721	0.000287067604420841
NY.GDP.MKTP.KD.ZG_isNA_rank	1.75099504074084e-08	0.000238972510118992	0.000287067604420841
TX.VAL.TRVL.ZS.WT_delta1	1.7287470833032e-08	0.000258503917196025	0.000574135208841682
NV.SRV.TOTL.KD.ZG_rank	1.68957140567009e-08	0.000121784067656794	0.000143533802210421
FS.AST.PRVT.GD.ZS_lag1	1.68511599981157e-08	0.00089729581924487	0.000861202813262523
BX.GRT.EXTA.CD.WD_tend2	1.65207484148843e-08	0.000230355712879125	0.000430601406631262
NY.ADJ.DFOR.CD_rank	1.64901033666268e-08	4.3658439348662e-05	0.000143533802210421
EG.ELC.FOSL.ZS	1.63581418131562e-08	0.000133847583792609	0.000287067604420841
DC.DAC.CANL.CD_min2	1.58413840214964e-08	0.000108571645222331	0.000287067604420841
EN.GHG.CO2.BU.MT.CE.AR5_tend2	1.58138594957978e-08	0.000601452447342752	0.000717669011052103
SP.POP.0014.MA.IN_rank	1.57376477176468e-08	8.61679723986751e-05	0.000143533802210421
NY.ADJ.DKAP.CD	1.5702967143192e-08	0.00015567680346694	0.000143533802210421
NE.CON.PRVT.KD.ZG	1.55790859714332e-08	9.76570353851651e-05	0.000143533802210421
SP.POP.TOTL.MA.IN_delta1	1.5563460251861e-08	0.000235525791223045	0.000287067604420841
EG.ELC.COAL.ZS_ratioavg2	1.53778914315417e-08	0.000124081880254092	0.000287067604420841
TM.VAL.MRCH.R5.ZS_delta1	1.52466807656687e-08	0.000405563923423097	0.000574135208841682
SE.PRM.ENRR_delta1	1.51799759198087e-08	0.000174633757394648	0.000287067604420841
BX.GSR.TRAN.ZS_ratioavg2	1.47810001917929e-08	0.000298141184499416	0.000574135208841682
NE.CON.PRVT.KD.ZG_max2	1.46096678402447e-08	4.42328924979865e-05	0.000143533802210421
ER.FSH.CAPT.MT_ratiomax2	1.45989593041645e-08	4.7105158244609e-05	0.000143533802210421
SE.SEC.ENRL_lag1	1.45717098504515e-08	6.43387527243441e-05	0.000143533802210421
EN.GHG.CO2.PI.MT.CE.AR5_rank	1.45181385134044e-08	6.20409401270461e-05	0.000143533802210421
DC.DAC.JPNL.CD_rank	1.44925831953467e-08	0.000282630949467654	0.000287067604420841
FI.RES.TOTL.CD_rank	1.43302429195535e-08	7.12321905162381e-05	0.000143533802210421
NY.ADJ.NNTY.CD_rank	1.43171811414653e-08	0.00152230084570993	0.00143533802210421
SP.POP.0509.MA.5Y_delta1	1.40179995407958e-08	0.000286652121512926	0.000287067604420841
PA.NUS.FCRF_lag1	1.39745355158578e-08	0.000419350799006885	0.000574135208841682
EN.GHG.CH4.AG.MT.CE.AR5_ratioavg2	1.3954697575708e-08	0.000170612585349377	0.000143533802210421
NY.GDP.DEFL.ZS_delta1	1.36347999031524e-08	0.000147634459376397	0.000287067604420841
TX.VAL.SERV.CD.WT	1.36302636221003e-08	0.000204505321159522	0.000143533802210421
TM.VAL.OTHR.ZS.WT	1.3225932382921e-08	0.000382585797450117	0.000430601406631262
SM.POP.RHCR.EO_delta1	1.31397257216849e-08	0.000117188442462198	0.000287067604420841
NY.GNP.ATLS.CD_isNA_rank	1.31068670889335e-08	0.000343522983296051	0.000430601406631262
price_stability_rank	1.30797001703669e-08	0.000128103052299364	0.000287067604420841
SP.POP.65UP.MA.IN_delta1	1.27567396773883e-08	0.000101678207430437	0.000143533802210421
AG.LND.CROP.ZS_min2	1.27160084972522e-08	0.000484264004880554	0.000430601406631262
FP.CPI.TOTL.ZG_isNA_rank	1.26838816399965e-08	0.00110524785930034	0.00114827041768336
SH.DTH.NMRT_rank	1.24931836335652e-08	0.000521029006437322	0.000430601406631262
DT.ODA.ODAT.GN.ZS_min2	1.20646375168607e-08	0.000249312666806833	0.000287067604420841
NE.GDI.FTOT.CD_isNA_rank	1.2055678441319e-08	0.000160272428661536	0.000287067604420841
NV.AGR.TOTL.KD.ZG	1.18686092093373e-08	0.000560666273740713	0.000717669011052103
AG.LND.CREL.HA_delta1	1.18631384777375e-08	0.000743342375225904	0.000861202813262523
BX.GSR.TOTL.CD_min2	1.17884135152311e-08	5.05518771405561e-05	0.000143533802210421
FM.AST.DOMS.CN_avg2	1.17578376400161e-08	0.00149932271973695	0.000861202813262523
FM.AST.NFRG.CN_delta1	1.16710336314686e-08	0.000118911801910172	0.000143533802210421
DC.DAC.DEUL.CD_ratiomax2	1.14740161747707e-08	6.77854716202911e-05	0.000143533802210421
SM.POP.RHCR.EA_delta1	1.1406169323978e-08	0.000101103754281112	0.000287067604420841
SP.POP.BRTH.MF	1.13830038782754e-08	0.000409010642319044	0.000574135208841682
BX.GSR.GNFS.CD_isNA_rank	1.10896161935838e-08	0.000673259091008315	0.00100473661547294
BX.TRF.PWKR.DT.GD.ZS_isNA_rank	1.09198102182601e-08	8.90402381452976e-05	0.000143533802210421
NY.GNP.PCAP.CD_lag1	1.09041704767272e-08	0.000141889927883152	0.000143533802210421
EG.ELC.NUCL.ZS_lag1	1.08814578225254e-08	5.62964086338011e-05	0.000143533802210421
NE.RSB.GNFS.ZS_rank	1.08331796696154e-08	0.000179803835738569	0.000143533802210421
EN.GHG.CH4.AG.MT.CE.AR5_ratiomax2	1.05226034666422e-08	7.52533625615096e-05	0.000143533802210421
FS.AST.CGOV.GD.ZS	1.02859930830933e-08	5.97431275297481e-05	0.000143533802210421
IS.AIR.DPRT_ratioavg2	1.02391163989249e-08	0.00130688091471324	0.00215300703315631
EN.GHG.CO2.IP.MT.CE.AR5_lag1	1.0102760981293e-08	0.000202781961711549	0.000143533802210421
FM.LBL.BMNY.GD.ZS_min2	1.00668652212997e-08	0.000441754471830541	0.000717669011052103
NY.GDP.PCAP.KN_delta1	9.96096865175659e-09	9.76570353851651e-05	0.000143533802210421
EN.GHG.CH4.PI.MT.CE.AR5_ratioavg2	9.84355982576771e-09	0.000696811670130619	0.000717669011052103
BX.GSR.NFSV.CD_lag1	9.8064452302408e-09	0.000228057900281827	0.000143533802210421
TM.VAL.OTHR.ZS.WT_isNA_rank	9.78515517907543e-09	0.000711747452013056	0.000717669011052103
EG.USE.PCAP.KG.OE	9.75235094401999e-09	0.000237823603820343	0.000287067604420841
SP.POP.7579.MA.5Y_lag1	9.72802707299847e-09	0.000196462977068979	0.000143533802210421
DT.ODA.ALLD.KD_ratioavg2	9.69506991977089e-09	0.000160272428661536	0.000287067604420841
NE.RSB.GNFS.CD	9.3573147160731e-09	0.000262525089241297	0.000430601406631262
TX.VAL.MRCH.CD.WT	9.15127964803899e-09	0.000198186336516953	0.000143533802210421
EN.GHG.CO2.IC.MT.CE.AR5_ratioavg2	9.08575232008394e-09	0.000537688147767733	0.000861202813262523
NV.IND.MANF.ZS_rank	8.99209575096152e-09	6.03175806790726e-05	0.000143533802210421
TX.VAL.MRCH.HI.ZS_rank	8.84863002413198e-09	0.000138443208987205	0.000143533802210421
IT.MLT.MAIN.P2_min2	8.81543225195895e-09	0.000297566731350091	0.000430601406631262
NE.EXP.GNFS.CD_delta1	8.78216564735036e-09	0.00014418774048045	0.000287067604420841
TM.VAL.MMTL.ZS.UN_lag1	8.65537108920747e-09	0.000894998006647572	0.000574135208841682
EG.ELC.FOSL.ZS_min2	8.53810452409758e-09	0.000348118608490647	0.000430601406631262
NY.GSR.NFCY.CD	8.50140046287398e-09	0.000157974616064238	0.000143533802210421
DT.ODA.ODAT.PC.ZS_avg2	8.38977076133768e-09	9.65081290865161e-05	0.000143533802210421
SE.PRM.ENRL_lag1	8.30309194886836e-09	4.30839861993375e-05	0.000143533802210421
TM.VAL.MRCH.R3.ZS_rank	8.22112715464114e-09	7.92745346067811e-05	0.000143533802210421
DC.DAC.USAL.CD_isNA_rank	8.19454495515207e-09	0.000432563221441349	0.000574135208841682
IS.AIR.PSGR_rank	8.11583373561591e-09	0.000496327521016369	0.000430601406631262
NV.SRV.TOTL.CD_isNA_rank	8.04517755368661e-09	0.00149242928194505	0.00129180421989379
NY.ADJ.DMIN.CD_delta1	7.9428366063405e-09	0.00028205649631833	0.000430601406631262
NE.IMP.GNFS.CN	7.94161324752329e-09	7.18066436655626e-05	0.000143533802210421
IT.CEL.SETS.P2_max2	7.89383828066552e-09	0.000325714935666992	0.000717669011052103
NY.GDP.MKTP.KN_isNA_rank	7.88951212410821e-09	0.000591686743804236	0.000717669011052103
NV.IND.TOTL.ZS_lag1	7.85103185236276e-09	0.000138443208987205	0.000143533802210421
BX.KLT.DINV.WD.GD.ZS_avg2	7.75150352715309e-09	0.000326289388816316	0.000287067604420841
NY.ADJ.DFOR.CD_lag1	7.56107486019989e-09	4.4807345647311e-05	0.000143533802210421
EN.GHG.N2O.WA.MT.CE.AR5_tend2	7.55292836022989e-09	0.000306183528589959	0.000287067604420841
BX.KLT.DINV.WD.GD.ZS_tend2	7.52193214433753e-09	0.000110869457819629	0.000143533802210421
trade_openness_rank	7.51505417314727e-09	0.00138845326191732	0.00100473661547294
SE.ENR.PRIM.FM.ZS_delta1	7.46263636445734e-09	0.000410734001767018	0.000574135208841682
SE.PRM.ENRR.MA_delta1	7.42426511870396e-09	0.00049402970841907	0.000574135208841682
AG.LND.TOTL.K2	7.33611189494382e-09	7.12321905162381e-05	0.000143533802210421
NY.GDP.DEFL.KD.ZG_lag1	7.32523443547751e-09	0.000126954146000715	0.000143533802210421
TX.VAL.OTHR.ZS.WT	7.31842386879711e-09	0.000568708617831256	0.000861202813262523
SP.DYN.IMRT.MA.IN_lag1	7.21772525796533e-09	4.82540645432581e-05	0.000143533802210421
SE.SEC.ENRL.GC.FE.ZS_isNA_rank	7.15493538386903e-09	0.00115177856439562	0.00100473661547294
BX.GRT.TECH.CD.WD_max2	6.99592866354496e-09	0.000180952742037218	0.000287067604420841
TM.VAL.FOOD.ZS.UN_isNA_rank	6.89339803622359e-09	0.000189569539277085	0.000430601406631262
TM.VAL.FUEL.ZS.UN_isNA_rank	6.72255687013118e-09	0.00015567680346694	0.000287067604420841
AG.YLD.CREL.KG_tend2	6.69132195097747e-09	0.000404989470273773	0.000287067604420841
NY.GDP.DEFL.KD.ZG_delta1	6.6077155701236e-09	0.000573304243025852	0.000861202813262523
SE.PRM.ENRR.MA_isNA_rank	6.60700449966582e-09	0.000990931682584763	0.00172240562652505
SE.SEC.ENRL_rank	6.59181604323026e-09	0.00118337348760847	0.000861202813262523
DC.DAC.JPNL.CD_max2	6.5006797584307e-09	0.0002016330554129	0.000287067604420841
IT.MLT.MAIN.P2_isNA_rank	6.48248644680402e-09	0.000433137674590673	0.000430601406631262
SP.DYN.TO65.FE.ZS_delta1	6.4823218215098e-09	6.03175806790726e-05	0.000143533802210421
EG.ELC.FOSL.ZS_rank	6.28013561084752e-09	5.91686743804236e-05	0.000143533802210421
ER.FSH.AQUA.MT_avg2	6.14818421151532e-09	0.000297566731350091	0.000287067604420841
IT.MLT.MAIN_min2	5.96527259989208e-09	9.82314885344896e-05	0.000143533802210421
TX.VAL.AGRI.ZS.UN_isNA_rank	5.88603115053834e-09	0.000222887821937906	0.000287067604420841
BX.GSR.TRVL.ZS_tend2	5.86738057858688e-09	0.000174059304245324	0.000430601406631262
BX.KLT.DINV.WD.GD.ZS_max2	5.79827472362826e-09	0.000429116502545402	0.000717669011052103
NY.ADJ.DMIN.GN.ZS_delta1	5.74300715361544e-09	0.00073644893743401	0.000861202813262523
NV.IND.TOTL.KD.ZG_isNA_rank	5.69980843642762e-09	0.000728981046492791	0.00114827041768336
TM.VAL.SERV.CD.WT_isNA_rank	5.68673660081381e-09	0.000204505321159522	0.000287067604420841
BM.GSR.GNFS.CD	5.57873856354712e-09	0.00021829219674331	0.000287067604420841
FM.LBL.BMNY.GD.ZS_max2	5.57247633230695e-09	4.30839861993375e-05	0.000143533802210421
BX.GSR.CMCP.ZS_isNA_rank	5.54185816732964e-09	0.00041360626751364	0.000574135208841682
NE.CON.TOTL.KD.ZG_lag1	5.46725494963221e-09	0.000176931569991946	0.000430601406631262
BM.GSR.MRCH.CD	5.43124921740377e-09	0.000134422036941933	0.000143533802210421
SE.SEC.ENRL.GC.FE.ZS_delta1	5.41493604469334e-09	4.65307050952846e-05	0.000143533802210421
EG.USE.ELEC.KH.PC_rank	5.34581018192854e-09	5.34241428871786e-05	0.000143533802210421
ER.H2O.INTR.PC_min2	5.33964485539867e-09	0.000132124224344635	0.000143533802210421
NE.EXP.GNFS.CD_isNA_rank	5.24673389078342e-09	0.000475072754491362	0.000574135208841682
NV.AGR.TOTL.CD_lag1	5.20453291789512e-09	0.000197037430218304	0.000143533802210421
FM.AST.DOMS.CN_tend2	5.09228898377872e-09	4.7105158244609e-05	0.000143533802210421
FD.AST.PRVT.GD.ZS_ratioavg2	5.04025907262936e-09	6.14664869777216e-05	0.000143533802210421
TX.VAL.MRCH.R6.ZS_rank	4.92392973714391e-09	0.000230930166028449	0.000574135208841682
BX.GSR.TOTL.CD_lag1	4.8638461213577e-09	9.07635975932711e-05	0.000143533802210421
BM.GSR.FCTY.CD_max2	4.83323441355223e-09	8.04234409054301e-05	0.000143533802210421
DT.ODA.ODAT.PC.ZS_max2	4.75717477367546e-09	4.2509533050013e-05	0.000143533802210421
EN.GHG.CO2.RT.GDP.KD	4.73461558335344e-09	0.000180378288887893	0.000143533802210421
ER.FSH.CAPT.MT_rank	4.73196220418454e-09	0.000183250554634516	0.000143533802210421
NY.GDP.PETR.RT.ZS_isNA_rank	4.71883473405718e-09	0.0003446718895947	0.000574135208841682
human_capital_priority_rank	4.46185069339405e-09	0.000109146098371655	0.000143533802210421
TM.VAL.INSF.ZS.WT_delta1	4.38090636798141e-09	0.000415329626961614	0.000574135208841682
FP.CPI.TOTL	4.3615464927384e-09	0.000149932271973695	0.000287067604420841
FS.AST.CGOV.GD.ZS_delta1	4.35557035810319e-09	4.30839861993375e-05	0.000143533802210421
NY.ADJ.NNTY.PC.CD_rank	4.18681127643572e-09	0.000106848285774357	0.000287067604420841
FS.AST.CGOV.GD.ZS_rank	4.14855738792108e-09	4.2509533050013e-05	0.000143533802210421
TX.VAL.MRCH.R5.ZS_lag1	4.1097105000812e-09	0.000251036026254807	0.000574135208841682
NV.IND.MANF.CD	4.0736624898736e-09	0.000117188442462198	0.000287067604420841
BM.GSR.NFSV.CD_delta1	4.06484114474693e-09	0.000201058602263575	0.000143533802210421
TM.VAL.MRCH.R5.ZS_lag1	4.02838084176045e-09	5.34241428871786e-05	0.000143533802210421
ER.FSH.AQUA.MT	4.02621990442679e-09	0.000175782663693297	0.000143533802210421
AG.LND.CREL.HA_tend2	3.99820810380878e-09	0.000134996490091258	0.000287067604420841
FI.RES.XGLD.CD_ratioavg2	3.9182163901999e-09	0.000582495493415044	0.000717669011052103
NY.ADJ.DMIN.CD_rank	3.90302672783154e-09	0.000395798219884581	0.000287067604420841
SP.POP.65UP.FE.IN	3.882034744962e-09	0.000171187038498701	0.000143533802210421
SP.POP.2529.MA.5Y_rank	3.78076566991495e-09	8.50190661000261e-05	0.000287067604420841
EN.GHG.ALL.PC.CE.AR5_tend2	3.72118887731112e-09	0.000898444725543519	0.000861202813262523
NE.CON.PRVT.KD.ZG_tend2	3.71808583212466e-09	0.00017865492943992	0.000430601406631262
BX.GSR.MRCH.CD_max2	3.71135727053248e-09	0.000120635161358145	0.000143533802210421
FP.CPI.TOTL.ZG_rank	3.68808430349215e-09	7.00832842175891e-05	0.000143533802210421
NE.IMP.GNFS.CD_delta1	3.6695682748553e-09	0.000147634459376397	0.000287067604420841
DC.DAC.JPNL.CD	3.63973751394959e-09	0.00100931418336315	0.00129180421989379
SM.POP.RHCR.EA_lag1	3.60564891930046e-09	0.000148208912525721	0.000287067604420841
human_capital_priority_lag1	3.50059555860001e-09	0.000157974616064238	0.000143533802210421
AG.PRD.FOOD.XD	3.3834155172362e-09	0.000202781961711549	0.000287067604420841
AG.LND.ARBL.HA_tend2	3.38033869841878e-09	6.14664869777216e-05	0.000143533802210421
TM.VAL.OTHR.ZS.WT_rank	3.35909013723372e-09	0.000182676101485191	0.000287067604420841
FI.RES.XGLD.CD_isNA_rank	3.34790429773342e-09	0.0010598660605037	0.00129180421989379
SP.POP.65UP.FE.IN_lag1	3.33784918797021e-09	0.000171187038498701	0.000143533802210421
DC.DAC.CANL.CD_avg2	3.31275690097963e-09	0.000148208912525721	0.000143533802210421
AG.PRD.FOOD.XD_ratiomax2	3.26403306181448e-09	0.000119486255059496	0.000143533802210421
BX.TRF.CURR.CD_ratioavg2	3.24965184281072e-09	0.000786426361425241	0.00100473661547294
BM.GSR.NFSV.CD	3.16828932272878e-09	0.000159697975512211	0.000143533802210421
TM.VAL.MRCH.R5.ZS_rank	3.15626025965691e-09	0.0010949077026125	0.000717669011052103
DC.DAC.FRAL.CD_ratiomax2	3.12039124743742e-09	0.000138443208987205	0.000143533802210421
TM.VAL.MRCH.CD.WT	2.96539404861231e-09	0.000178080476290595	0.000143533802210421
TM.VAL.TRVL.ZS.WT	2.9318145659324e-09	0.000133273130643284	0.000287067604420841
NY.GDP.FRST.RT.ZS_isNA_rank	2.92016222968897e-09	0.00213409344974052	0.00172240562652505
TX.VAL.MRCH.R4.ZS_lag1	2.91048898743405e-09	0.000286652121512926	0.000574135208841682
AG.LND.AGRI.K2_min2	2.89056230830404e-09	4.65307050952846e-05	0.000143533802210421
BX.GSR.MRCH.CD_delta1	2.84681859827319e-09	0.000154527897168291	0.000287067604420841
FM.AST.NFRG.CN_avg2	2.67267508367522e-09	6.72110184709666e-05	0.000143533802210421
DT.ODA.ALLD.KD_lag1	2.63914256656648e-09	0.000237823603820343	0.000430601406631262
DC.DAC.GBRL.CD_lag1	2.62449284569008e-09	0.000147060006227072	0.000287067604420841
BX.GSR.TRAN.ZS	2.62057263539105e-09	0.000195888523919655	0.000430601406631262
BM.TRF.PWKR.CD.DT_ratioavg2	2.61952916989803e-09	0.000502072052509614	0.000574135208841682
SE.SEC.ENRR.FE_lag1	2.59554440165986e-09	8.90402381452976e-05	0.000143533802210421
EN.GHG.CO2.PI.MT.CE.AR5_max2	2.58255917047916e-09	8.04234409054301e-05	0.000143533802210421
BX.KLT.DINV.WD.GD.ZS_lag1	2.58078472080333e-09	0.000110869457819629	0.000143533802210421
EN.URB.LCTY.UR.ZS_avg2	2.57581296065864e-09	0.000155102350317615	0.000287067604420841
EN.URB.MCTY.TL.ZS_tend2	2.56595132449597e-09	0.000144762193629774	0.000143533802210421
BM.KLT.DINV.WD.GD.ZS_isNA_rank	2.52627770656315e-09	0.000179803835738569	0.000143533802210421
NY.ADJ.DMIN.GN.ZS	2.44334459578883e-09	0.000382011344300793	0.000717669011052103
DC.DAC.GBRL.CD_isNA_rank	2.42180443673583e-09	0.000192441805023708	0.000143533802210421
TM.VAL.MANF.ZS.UN_isNA_rank	2.39605462583421e-09	0.000183250554634516	0.000287067604420841
TX.VAL.TRVL.ZS.WT_isNA_rank	2.36678729413681e-09	0.000176357116842622	0.000287067604420841
NV.SRV.TOTL.ZS_delta1	2.35276562795932e-09	0.000164293600706807	0.000287067604420841
ER.FSH.PROD.MT_delta1	2.34250329659329e-09	0.000176931569991946	0.000287067604420841
DC.DAC.FRAL.CD_avg2	2.34242741304096e-09	0.00015567680346694	0.000143533802210421
EN.GHG.CH4.TR.MT.CE.AR5_tend2	2.33492754934189e-09	0.000120635161358145	0.000287067604420841
EG.USE.ELEC.KH.PC_ratioavg2	2.31299119330698e-09	0.000166591413304105	0.000430601406631262
TX.VAL.FUEL.ZS.UN_rank	2.27930606023425e-09	9.07635975932711e-05	0.000143533802210421
PA.NUS.ATLS_delta1	2.25218311053028e-09	4.42328924979865e-05	0.000143533802210421
TX.VAL.MRCH.HI.ZS_lag1	2.23180107117049e-09	7.29555499642116e-05	0.000143533802210421
TM.VAL.FUEL.ZS.UN_lag1	2.20827660435673e-09	0.000144762193629774	0.000143533802210421
TX.VAL.MRCH.R1.ZS_lag1	2.20307928801179e-09	0.000766320501198884	0.000717669011052103
FP.CPI.TOTL_rank	2.19689205658693e-09	0.000235525791223045	0.000287067604420841
FM.AST.DOMS.CN_delta1	2.19460531045075e-09	0.000149932271973695	0.000143533802210421
BX.GSR.FCTY.CD_rank	2.17267675486796e-09	0.000108571645222331	0.000143533802210421
NE.CON.PRVT.ZS_isNA_rank	2.1562187895791e-09	0.000375692359658223	0.000574135208841682
NY.ADJ.DNGY.GN.ZS_delta1	2.1487324304864e-09	0.000132124224344635	0.000143533802210421
FI.RES.XGLD.CD_delta1	2.12702558684781e-09	7.69767220094831e-05	0.000143533802210421
TM.VAL.MRCH.R4.ZS_delta1	2.08265661519882e-09	0.000148783365675046	0.000143533802210421
DC.DAC.FRAL.CD_max2	2.03578203994004e-09	0.000174633757394648	0.000430601406631262
NY.GDP.PCAP.KD.ZG_rank	2.02796668506973e-09	0.000326863841965641	0.000287067604420841
AG.PRD.CREL.MT_lag1	1.96130024476371e-09	4.30839861993375e-05	0.000143533802210421
BM.KLT.DINV.CD.WD_max2	1.95177106163152e-09	0.000182676101485191	0.000287067604420841
SH.STA.MMRT_lag1	1.91215126917495e-09	0.000112018364118278	0.000143533802210421
NV.IND.TOTL.ZS_isNA_rank	1.80437592558303e-09	0.0032238310740091	0.00258360843978757
MS.MIL.XPND.GD.ZS_min2	1.80115880094765e-09	7.98489877561056e-05	0.000143533802210421
BM.GSR.FCTY.CD_lag1	1.79828370983456e-09	0.000165442507005456	0.000143533802210421
NY.GDP.FCST.KD_delta1	1.76962929100329e-09	0.000441180018681216	0.000574135208841682
AG.LND.ARBL.HA.PC_avg2	1.76655947920784e-09	0.000627877292211679	0.000574135208841682
AG.LND.TOTL.K2_delta1	1.73993161472542e-09	0.000226334540833853	0.000143533802210421
price_instability_delta1	1.70423563064333e-09	0.000369947828164978	0.000861202813262523
NY.ADJ.AEDU.GN.ZS_isNA_rank	1.70011174420696e-09	0.000180952742037218	0.000287067604420841
BM.GSR.MRCH.CD_lag1	1.67418516233453e-09	0.000157400162914913	0.000143533802210421
EG.ELC.HYRO.ZS_ratiomax2	1.64989271626508e-09	0.000296992278200767	0.000287067604420841
SP.POP.1564.TO.ZS_lag1	1.63916312956895e-09	0.000205079774308847	0.000287067604420841
SE.PRM.ENRL	1.63376899320595e-09	0.000103976020027735	0.000287067604420841
NY.ADJ.DNGY.CD_lag1	1.56861143960051e-09	5.28496897378541e-05	0.000143533802210421
FI.RES.XGLD.CD_min2	1.56102383848985e-09	0.000249887119956158	0.000143533802210421
FI.RES.TOTL.CD_delta1	1.53733393610548e-09	4.94029708419071e-05	0.000143533802210421
AG.PRD.CREL.MT_ratiomax2	1.53381736974567e-09	0.000197037430218304	0.000143533802210421
ER.FSH.CAPT.MT_ratioavg2	1.52362257945448e-09	7.06577373669136e-05	0.000143533802210421
IT.MLT.MAIN.P2_ratiomax2	1.52014786688006e-09	0.000160272428661536	0.000143533802210421
DT.NFL.UNDP.CD	1.51674728676988e-09	0.00120807497302942	0.00114827041768336
BX.GSR.TOTL.CD_isNA_rank	1.47443886710916e-09	0.00018382500778384	0.000287067604420841
SP.POP.4044.FE.5Y	1.46057692166954e-09	0.000405563923423097	0.000287067604420841
BX.GRT.TECH.CD.WD	1.43742826402458e-09	0.000167740319602754	0.000287067604420841
AG.PRD.CROP.XD_ratioavg2	1.42993720961867e-09	0.000502072052509614	0.000574135208841682
BX.GSR.TRAN.ZS_tend2	1.42936728917783e-09	5.68708617831256e-05	0.000143533802210421
SP.POP.0014.FE.ZS_delta1	1.41458569164314e-09	0.000341225170698753	0.000287067604420841
AG.LND.ARBL.HA.PC	1.39358739594547e-09	0.000201058602263575	0.000430601406631262
BM.GSR.TRVL.ZS_rank	1.38986853334386e-09	5.11263302898805e-05	0.000143533802210421
FM.AST.PRVT.GD.ZS_ratioavg2	1.35478933457609e-09	9.65081290865161e-05	0.000287067604420841
BM.GSR.MRCH.CD_isNA_rank	1.35067636650351e-09	0.000196462977068979	0.000287067604420841
BM.GSR.INSF.ZS_isNA_rank	1.3351024044629e-09	0.000355012046282541	0.000430601406631262
EN.GHG.CO2.MT.CE.AR5_ratioavg2	1.31922415114492e-09	4.2509533050013e-05	0.000143533802210421
SP.POP.6064.FE.5Y_lag1	1.3177859457314e-09	5.28496897378541e-05	0.000143533802210421
DC.DAC.TOTL.CD_tend2	1.30884069110036e-09	0.000388330328943362	0.000717669011052103
NE.CON.PRVT.ZS_tend2	1.29312977706982e-09	0.000165442507005456	0.000430601406631262
SP.POP.6064.MA.5Y	1.28169454992757e-09	0.000499774239912316	0.000287067604420841
EN.POP.DNST_ratioavg2	1.27602567187567e-09	0.000163144694408158	0.000287067604420841
BX.GRT.TECH.CD.WD_min2	1.26217604683481e-09	0.000369373375015654	0.000287067604420841
AG.LND.AGRI.ZS_lag1	1.24910562625889e-09	0.000209100946354118	0.000287067604420841
SP.POP.DPND.YG_delta1	1.23925042821248e-09	0.000250461573105482	0.000287067604420841
DT.ODA.ODAT.GN.ZS_ratioavg2	1.22218662105833e-09	5.22752365885296e-05	0.000143533802210421
EN.GHG.N2O.IC.MT.CE.AR5	1.20022526115727e-09	7.23810968148871e-05	0.000143533802210421
IT.MLT.MAIN_avg2	1.19332664499564e-09	5.22752365885296e-05	0.000143533802210421
TM.VAL.MRCH.R5.ZS	1.17156361924874e-09	0.000152804537720317	0.000143533802210421
NY.GDP.FCST.CD_delta1	1.17020188284031e-09	0.00101620762115504	0.000861202813262523
SP.POP.65UP.TO_delta1	1.1383813914576e-09	0.000194739617621006	0.000287067604420841
NV.AGR.TOTL.KD.ZG_rank	1.1356471326764e-09	4.42328924979865e-05	0.000143533802210421
export_concentration_lag1	1.11928805277345e-09	4.88285176925826e-05	0.000143533802210421
DC.DAC.GBRL.CD_avg2	1.11423760173849e-09	5.28496897378541e-05	0.000143533802210421
TM.VAL.MRCH.RS.ZS_lag1	1.11006985080789e-09	9.47847696385426e-05	0.000143533802210421
TX.VAL.MRCH.R3.ZS	1.0373570563322e-09	0.00062155830756911	0.00114827041768336
BM.GSR.CMCP.ZS_tend2	1.03634478491495e-09	0.000161421334960185	0.000287067604420841
DT.ODA.ODAT.PC.ZS_ratioavg2	1.02604451177276e-09	5.68708617831256e-05	0.000143533802210421
BX.GSR.FCTY.CD_avg2	9.91112249013923e-10	0.000103976020027735	0.000143533802210421
BM.GSR.FCTY.CD_rank	9.82622152089591e-10	0.000147634459376397	0.000143533802210421
EG.ELC.HYRO.ZS_tend2	9.79136054036531e-10	0.000410734001767018	0.000574135208841682
EN.GHG.N2O.MT.CE.AR5_delta1	9.33504460791429e-10	0.00039694712618323	0.000287067604420841
SP.POP.65UP.FE.IN_delta1	9.14841266374018e-10	0.000113167270416927	0.000143533802210421
SM.POP.RHCR.EA_rank	8.94813947271886e-10	8.27212535027281e-05	0.000143533802210421
NY.GDP.FCST.CD_lag1	8.91140334951608e-10	0.000118337348760847	0.000143533802210421
EG.ELC.NUCL.ZS_max2	8.87291200675508e-10	4.99774239912316e-05	0.000143533802210421
TM.VAL.SERV.CD.WT_lag1	8.82542669556902e-10	0.000663493387469798	0.000430601406631262
SE.SEC.AGES_rank	8.79980527398203e-10	0.000129251958598013	0.000287067604420841
BX.KLT.DINV.WD.GD.ZS_min2	8.38550460039804e-10	0.000583069946564368	0.000861202813262523
SE.PRM.DURS_rank	8.33064437119893e-10	6.54876590229931e-05	0.000143533802210421
BX.GRT.TECH.CD.WD_delta1	8.09929097391863e-10	4.4807345647311e-05	0.000143533802210421
SP.POP.7074.MA.5Y_lag1	8.0800834799775e-10	0.000202207508562224	0.000143533802210421
SP.POP.3539.MA.5Y_lag1	8.04286848914015e-10	4.42328924979865e-05	0.000143533802210421
SE.SEC.ENRL.GC.FE.ZS_lag1	7.87495986885046e-10	5.74453149324501e-05	0.000143533802210421
FM.LBL.BMNY.GD.ZS_lag1	7.6749013670098e-10	0.000149932271973695	0.000287067604420841
TM.VAL.MRCH.R2.ZS_delta1	7.4919590838203e-10	7.12321905162381e-05	0.000143533802210421
AG.LND.CREL.HA	7.35669578278533e-10	0.000116613989312874	0.000287067604420841
FM.AST.NFRG.CN_lag1	7.28012708387151e-10	9.24869570412446e-05	0.000143533802210421
EN.GHG.CO2.RT.GDP.KD_ratiomax2	7.25574560424283e-10	0.000188995086127761	0.000287067604420841
TX.VAL.MRCH.R2.ZS_delta1	6.8405441522408e-10	0.00013269867749396	0.000287067604420841
DT.ODA.ODAT.PC.ZS_rank	6.67920429032331e-10	0.000228632353431151	0.000143533802210421
SE.SEC.ENRR.MA_isNA_rank	6.63444320161166e-10	0.000306757981739283	0.000287067604420841
EN.GHG.CO2.FE.MT.CE.AR5_ratioavg2	6.61185940510514e-10	0.000206228680607496	0.000287067604420841
MS.MIL.MPRT.KD_ratiomax2	6.59989372365253e-10	0.000228632353431151	0.000143533802210421
AG.CON.FERT.ZS_lag1	6.5532257071938e-10	0.000174059304245324	0.000287067604420841
SP.POP.1564.MA.ZS	6.54403494526278e-10	0.000172910397946675	0.000143533802210421
DC.DAC.USAL.CD	6.47674414475039e-10	0.000128677505448688	0.000143533802210421
BM.KLT.DINV.WD.GD.ZS_ratioavg2	6.45698883695798e-10	0.00027573751167576	0.000574135208841682
TM.VAL.FUEL.ZS.UN	6.44996396717953e-10	0.000141889927883152	0.000287067604420841
SP.POP.DPND_delta1	6.40715939859088e-10	6.20409401270461e-05	0.000143533802210421
MS.MIL.XPND.CD_ratioavg2	6.21338238167431e-10	0.000193016258173032	0.000287067604420841
TX.VAL.MANF.ZS.UN_rank	6.17993811996443e-10	5.68708617831256e-05	0.000143533802210421
EN.GHG.CO2.IP.MT.CE.AR5_delta1	6.13891763967673e-10	0.000128677505448688	0.000287067604420841
EG.USE.ELEC.KH.PC	6.12008673553877e-10	0.000108571645222331	0.000143533802210421
TX.VAL.MRCH.WR.ZS_delta1	6.02415550391106e-10	0.000934060820801638	0.00157887182431463
AG.CON.FERT.ZS_ratiomax2	5.99887855012759e-10	6.20409401270461e-05	0.000143533802210421
EN.GHG.CH4.TR.MT.CE.AR5_delta1	5.87406518899115e-10	8.32957066520526e-05	0.000143533802210421
export_concentration_delta1	5.85419689542042e-10	0.000374543453359574	0.000430601406631262
EG.ELC.PETR.ZS_tend2	5.80952127880779e-10	7.41044562628606e-05	0.000143533802210421
NV.AGR.TOTL.CN	5.76390404039773e-10	0.000295268918752793	0.000287067604420841
BM.KLT.DINV.CD.WD_delta1	5.60673497535778e-10	0.000135570943240582	0.000143533802210421
TX.VAL.TRAN.ZS.WT	5.55873046867102e-10	0.000294694465603469	0.000574135208841682
NY.GNP.PCAP.CN_isNA_rank	5.40742541118576e-10	9.42103164892181e-05	0.000287067604420841
DC.DAC.USAL.CD_min2	5.31268968611421e-10	0.00026424844868927	0.000287067604420841
AG.PRD.LVSK.XD_min2	5.20777904746999e-10	0.000703130654773189	0.000574135208841682
FS.AST.CGOV.GD.ZS_ratioavg2	5.12998548167855e-10	6.14664869777216e-05	0.000143533802210421
NE.EXP.GNFS.KD.ZG_rank	4.93621235320489e-10	0.000141889927883152	0.000143533802210421
NY.GDP.MKTP.KD.ZG_rank	4.7425250061382e-10	7.29555499642116e-05	0.000143533802210421
SE.SEC.ENRR.MA_delta1	4.71765894404221e-10	0.0005463049450076	0.00100473661547294
TX.VAL.AGRI.ZS.UN_rank	4.67873144760272e-10	0.000117762895611523	0.000143533802210421
TX.VAL.MMTL.ZS.UN_lag1	4.62799551598482e-10	9.47847696385426e-05	0.000143533802210421
DC.DAC.CECL.CD_lag1	4.54082976441613e-10	0.000214271024698039	0.000430601406631262
NE.EXP.GNFS.KD_rank	4.53770115860919e-10	0.000137294302688556	0.000287067604420841
MS.MIL.XPND.CD_delta1	4.53080771525493e-10	0.000120060708208821	0.000287067604420841
TX.VAL.MRCH.WL.CD_rank	4.33508547532031e-10	0.000202781961711549	0.000143533802210421
ER.FSH.PROD.MT_ratioavg2	4.32142737855387e-10	4.76796113939335e-05	0.000143533802210421
NY.ADJ.NNTY.CD_isNA_rank	4.31809888639153e-10	0.00122013848916524	0.00114827041768336
EG.USE.PCAP.KG.OE_isNA_rank	4.31767791803074e-10	0.000125805239702066	0.000287067604420841
NY.ADJ.AEDU.GN.ZS_lag1	4.31102562073425e-10	0.000530794709975839	0.000574135208841682
EN.URB.LCTY.UR.ZS_ratiomax2	4.1380182465533e-10	0.000117762895611523	0.000143533802210421
BM.GSR.NFSV.CD_lag1	4.0975562880638e-10	0.000101103754281112	0.000143533802210421
IS.AIR.GOOD.MT.K1_rank	4.09254184636671e-10	4.94029708419071e-05	0.000143533802210421
AG.LND.CROP.ZS_delta1	4.07445139602198e-10	0.00017865492943992	0.000143533802210421
DC.DAC.FRAL.CD_ratioavg2	4.01722961529353e-10	0.000106273832625033	0.000287067604420841
EN.GHG.CH4.FE.MT.CE.AR5_tend2	3.97592445385299e-10	0.000123507427104768	0.000287067604420841
EN.GHG.N2O.IC.MT.CE.AR5_ratiomax2	3.97353192734101e-10	9.70825822358406e-05	0.000143533802210421
NE.CON.PRVT.ZS_delta1	3.8910891609994e-10	5.51475023351521e-05	0.000143533802210421
SE.PRM.ENRL_rank	3.87843711045933e-10	0.000399819391929852	0.000287067604420841
YearsSinceFirst_rank	3.84277301918061e-10	4.53817987966356e-05	0.000143533802210421
SP.POP.4044.FE.5Y_lag1	3.70796329617243e-10	0.000197611883367628	0.000143533802210421
DC.DAC.DEUL.CD_isNA_rank	3.68046900109218e-10	0.000792170892918486	0.000717669011052103
DT.ODA.ODAT.KD_ratioavg2	3.58405723837905e-10	5.17007834392051e-05	0.000143533802210421
SP.DYN.AMRT.MA_isNA_rank	3.54835887283281e-10	0.000190718445575734	0.000430601406631262
NY.GDS.TOTL.ZS_rank	3.33570616104021e-10	6.66365653216421e-05	0.000143533802210421
DT.ODA.ALLD.CD_tend2	3.30773034619375e-10	6.54876590229931e-05	0.000143533802210421
SP.POP.3034.MA.5Y_lag1	3.26825463822133e-10	4.42328924979865e-05	0.000143533802210421
NE.RSB.GNFS.ZS_isNA_rank	3.25986643470279e-10	0.000745640187823202	0.00100473661547294
SP.POP.3539.FE.5Y_lag1	3.25843313844843e-10	8.61679723986751e-05	0.000143533802210421
EN.GHG.N2O.MT.CE.AR5_lag1	3.22558286584924e-10	5.34241428871786e-05	0.000143533802210421
NE.IMP.GNFS.KD.ZG	3.19516426194766e-10	0.000322268216771045	0.000574135208841682
NE.CON.TOTL.KD.ZG_max2	3.16898604921413e-10	0.000216568837295337	0.000287067604420841
BM.GSR.INSF.ZS_delta1	3.12109003597583e-10	6.03175806790726e-05	0.000143533802210421
FI.RES.TOTL.MO_max2	3.11358204189615e-10	0.000126954146000715	0.000143533802210421
NY.GDP.FCST.CD_isNA_rank	3.08752758916814e-10	7.52533625615096e-05	0.000143533802210421
SP.ADO.TFRT_delta1	3.04678669381645e-10	0.0002016330554129	0.000430601406631262
SP.POP.3539.FE.5Y	2.98453203810952e-10	0.000890402381452976	0.000574135208841682
NE.CON.PRVT.KD_min2	2.87203126202939e-10	4.94029708419071e-05	0.000143533802210421
BX.GRT.EXTA.CD.WD_min2	2.83939167233636e-10	0.000112592817267602	0.000143533802210421
NE.IMP.GNFS.KD.ZG_isNA_rank	2.80094990722232e-10	0.000134422036941933	0.000287067604420841
SP.POP.65UP.MA.ZS_delta1	2.79617139385234e-10	0.000259652823494674	0.000287067604420841
ER.H2O.INTR.PC_ratioavg2	2.74829606006036e-10	4.3658439348662e-05	0.000143533802210421
NY.ADJ.DKAP.GN.ZS_delta1	2.71244422621569e-10	0.000144762193629774	0.000430601406631262
NV.AGR.TOTL.ZS	2.63424590886796e-10	0.00016084688181086	0.000143533802210421
FS.AST.PRVT.GD.ZS_rank	2.52734189090245e-10	0.000265397354987919	0.000287067604420841
AG.LND.ARBL.HA.PC_min2	2.50535777624595e-10	0.000410159548617693	0.000430601406631262
NE.CON.PRVT.PC.KD_avg2	2.5009908560297e-10	0.000388330328943362	0.000287067604420841
TX.VAL.FUEL.ZS.UN_isNA_rank	2.48604674514816e-10	4.7105158244609e-05	0.000143533802210421
TM.VAL.MRCH.WR.ZS_delta1	2.45155059335386e-10	0.000304460169141985	0.000430601406631262
DC.DAC.DEUL.CD_ratioavg2	2.43860226261254e-10	0.000105124926326384	0.000287067604420841
SP.POP.DPND.YG_lag1	2.4352139559526e-10	0.000118911801910172	0.000143533802210421
IS.AIR.GOOD.MT.K1_isNA_rank	2.38665531669485e-10	5.39985960365031e-05	0.000143533802210421
EN.GHG.N2O.PI.MT.CE.AR5_ratioavg2	2.3636868736493e-10	0.000301013450246038	0.000430601406631262
FS.AST.PRVT.GD.ZS	2.16080306454781e-10	0.000124656333403417	0.000287067604420841
NY.ADJ.NNTY.CD_lag1	2.09477700954617e-10	0.000133847583792609	0.000143533802210421
year_cycle_rank	2.0893147782998e-10	0.00049402970841907	0.000430601406631262
NE.IMP.GNFS.KD_isNA_rank	2.08639959498378e-10	0.000265971808137244	0.000287067604420841
NE.CON.TOTL.KD.ZG_ratiomax2	2.04986817473331e-10	0.000215994384146012	0.000430601406631262
BM.GSR.INSF.ZS_rank	1.99264110631168e-10	0.000235525791223045	0.000430601406631262
BM.KLT.DINV.WD.GD.ZS_rank	1.95720496026895e-10	0.00014935781882437	0.000287067604420841
TX.VAL.MRCH.R1.ZS_delta1	1.94611030475463e-10	0.000273439699078462	0.000574135208841682
FM.AST.DOMS.CN_rank	1.85310533445473e-10	8.38701598013771e-05	0.000143533802210421
NY.GDP.PETR.RT.ZS_lag1	1.83932127570469e-10	0.00016716586645343	0.000143533802210421
NY.ADJ.DRES.GN.ZS_delta1	1.83413538902525e-10	4.65307050952846e-05	0.000143533802210421
SP.POP.0014.FE.IN	1.79480580696948e-10	0.000306757981739283	0.000430601406631262
vaccination_coverage_proxy_delta1	1.76665635252707e-10	0.000183250554634516	0.000287067604420841
SP.POP.5054.MA.5Y_delta1	1.717023383629e-10	0.000369947828164978	0.000287067604420841
EG.ELC.PETR.ZS_rank	1.69260478704539e-10	0.000155102350317615	0.000143533802210421
TG.VAL.TOTL.GD.ZS_delta1	1.67186529785138e-10	0.000110295004670304	0.000287067604420841
SM.POP.RHCR.EA_isNA_rank	1.62852124493493e-10	0.000222313368788582	0.000287067604420841
BM.GSR.TRVL.ZS_delta1	1.5884396468599e-10	6.95088310682646e-05	0.000143533802210421
BX.GSR.MRCH.CD_ratiomax2	1.55675461098275e-10	0.000112592817267602	0.000143533802210421
SH.IMM.IDPT_delta1	1.53361896489255e-10	0.000107997192073006	0.000143533802210421
FM.AST.PRVT.GD.ZS_lag1	1.47645944343733e-10	0.000165442507005456	0.000287067604420841
BX.TRF.PWKR.CD.DT_min2	1.47474982470947e-10	5.85942212310991e-05	0.000143533802210421
DT.ODA.ODAT.PC.ZS_tend2	1.45527037542863e-10	0.000171187038498701	0.000287067604420841
NY.GDS.TOTL.ZS_delta1	1.44651548732604e-10	0.00014418774048045	0.000143533802210421
NE.EXP.GNFS.CN_rank	1.44387688424016e-10	5.97431275297481e-05	0.000143533802210421
EN.GHG.CO2.RT.GDP.KD_ratioavg2	1.44156762048465e-10	0.000124081880254092	0.000143533802210421
SP.POP.0004.FE.5Y_delta1	1.44028961017324e-10	0.00175323101173838	0.00157887182431463
DC.DAC.GBRL.CD_ratiomax2	1.43338315517217e-10	4.2509533050013e-05	0.000143533802210421
NE.GDI.TOTL.ZS_delta1	1.38745475295649e-10	7.75511751588076e-05	0.000143533802210421
NE.CON.TOTL.KD.ZG_min2	1.35294222993385e-10	7.35300031135361e-05	0.000143533802210421
TM.VAL.MMTL.ZS.UN_isNA_rank	1.33752702830353e-10	4.88285176925826e-05	0.000143533802210421
NY.GDP.MINR.RT.ZS_lag1	1.33594136842202e-10	6.03175806790726e-05	0.000143533802210421
NE.GDI.TOTL.CD_rank	1.27976951146311e-10	4.94029708419071e-05	0.000143533802210421
BX.GSR.FCTY.CD_isNA_rank	1.26676811967807e-10	0.000110869457819629	0.000287067604420841
NV.IND.TOTL.CN_delta1	1.22513076149078e-10	6.89343779189401e-05	0.000143533802210421
SP.POP.GROW_lag1	1.2216349334931e-10	7.35300031135361e-05	0.000143533802210421
NV.IND.TOTL.ZS_delta1	1.20315443108456e-10	0.000103976020027735	0.000287067604420841
SP.DYN.CDRT.IN_lag1	1.20112563600208e-10	7.29555499642116e-05	0.000143533802210421
EG.USE.ELEC.KH.PC_isNA_rank	1.17854639074123e-10	6.14664869777216e-05	0.000143533802210421
EG.ELC.PETR.ZS_delta1	1.16745183832956e-10	7.29555499642116e-05	0.000143533802210421
NY.GDP.PCAP.KD.ZG	1.1476358951307e-10	0.000106848285774357	0.000287067604420841
BX.GSR.GNFS.CD_min2	1.1062866315305e-10	0.000147634459376397	0.000143533802210421
SP.DYN.LE00.IN_lag1	1.07782157986841e-10	7.58278157108341e-05	0.000143533802210421
EN.GHG.ALL.PC.CE.AR5_min2	1.0634016134149e-10	0.000171761491648026	0.000287067604420841
MS.MIL.XPND.GD.ZS_ratiomax2	1.04510681361267e-10	0.000126954146000715	0.000143533802210421
DT.ODA.ODAT.CD_ratioavg2	1.03572718235101e-10	4.65307050952846e-05	0.000143533802210421
NY.GDP.MKTP.CD_isNA_rank	1.02124532484802e-10	0.000145336646779099	0.000143533802210421
EN.GHG.CO2.BU.MT.CE.AR5_ratiomax2	1.01328391476001e-10	0.000187271726679787	0.000143533802210421
NY.ADJ.NNTY.PC.CD_isNA_rank	9.93432861425697e-11	0.000645110886691414	0.000717669011052103
TM.VAL.MRCH.R3.ZS_delta1	9.91426519592433e-11	0.00123679763049565	0.00129180421989379
TX.VAL.MRCH.R4.ZS_rank	9.48717498740483e-11	5.34241428871786e-05	0.000143533802210421
BM.GSR.TRVL.ZS_min2	9.02603452834285e-11	0.000154527897168291	0.000287067604420841
SH.MMR.RISK.ZS_delta1	8.98314923774167e-11	0.000130400864896662	0.000287067604420841
SE.TER.ENRR_rank	8.64587207096565e-11	6.60621121723176e-05	0.000143533802210421
NV.AGR.TOTL.CN_rank	8.52767990326474e-11	0.000249887119956158	0.000143533802210421
BX.GSR.TRVL.ZS_delta1	8.04044622487737e-11	6.95088310682646e-05	0.000143533802210421
NY.GDP.TOTL.RT.ZS_delta1	8.0139447190476e-11	4.2509533050013e-05	0.000143533802210421
SP.DYN.CBRT.IN_delta1	7.76005042332875e-11	0.000326863841965641	0.000717669011052103
export_concentration	7.62169509583509e-11	6.49132058736686e-05	0.000143533802210421
NY.ADJ.AEDU.GN.ZS	6.74896236677084e-11	0.000100529301131788	0.000143533802210421
TX.VAL.MRCH.R4.ZS	6.68040492071309e-11	0.000157974616064238	0.000287067604420841
BM.KLT.DINV.CD.WD_min2	6.47679389914476e-11	0.000128677505448688	0.000287067604420841
SE.SEC.ENRR.MA_rank	6.45609431097937e-11	0.000363628843522409	0.000287067604420841
NE.CON.PRVT.KD.ZG_lag1	6.14998014189238e-11	9.65081290865161e-05	0.000287067604420841
TM.VAL.INSF.ZS.WT_lag1	6.14373558244687e-11	0.000239546963268317	0.000430601406631262
NE.GDI.FTOT.CD_rank	5.92261345906784e-11	7.35300031135361e-05	0.000143533802210421
NY.ADJ.AEDU.GN.ZS_rank	5.91082448083287e-11	0.000244717041612237	0.000430601406631262
NY.ADJ.DKAP.CD_isNA_rank	5.87647634762535e-11	0.000409585095468369	0.000287067604420841
BX.GSR.GNFS.CD	5.81294051626352e-11	0.000118911801910172	0.000143533802210421
BX.KLT.DINV.WD.GD.ZS_rank	5.5596267253013e-11	5.80197680817746e-05	0.000143533802210421
EN.GHG.CH4.WA.MT.CE.AR5_avg2	5.48226792130254e-11	8.96146912946221e-05	0.000143533802210421
TM.VAL.TRAN.ZS.WT_isNA_rank	5.42360133364501e-11	4.88285176925826e-05	0.000143533802210421
BG.GSR.NFSV.GD.ZS_delta1	5.41726493919391e-11	0.000122932973955443	0.000143533802210421
DT.ODA.ALLD.CD_max2	5.03776999784768e-11	0.000135570943240582	0.000143533802210421
NE.RSB.GNFS.CN_delta1	4.96593101529125e-11	6.83599247696156e-05	0.000143533802210421
NE.CON.TOTL.KD.ZG_ratioavg2	4.91458059186373e-11	0.000168314772752079	0.000143533802210421
EG.ELC.FOSL.ZS_ratioavg2	4.54448831785754e-11	5.11263302898805e-05	0.000143533802210421
NY.ADJ.DKAP.GN.ZS_rank	4.54041517392099e-11	9.01891444439466e-05	0.000143533802210421
EG.USE.ELEC.KH.PC_delta1	4.30576001729314e-11	6.03175806790726e-05	0.000143533802210421
NY.GDP.FCST.CN_isNA_rank	4.2714636563462e-11	7.18066436655626e-05	0.000143533802210421
BX.GSR.TRAN.ZS_isNA_rank	4.1212076039122e-11	0.000642813074094116	0.000574135208841682
BX.GSR.TRAN.ZS_lag1	4.07127571648964e-11	0.000101103754281112	0.000143533802210421
FP.CPI.TOTL.ZG_tend2	4.04906714735839e-11	0.000337203998653482	0.000430601406631262
NY.GDP.PETR.RT.ZS_delta1	3.99956310832743e-11	5.51475023351521e-05	0.000143533802210421
NV.IND.TOTL.CN	3.80340176892424e-11	4.30839861993375e-05	0.000143533802210421
SP.POP.65UP.MA.ZS_lag1	3.73559174345325e-11	0.000146485553077748	0.000143533802210421
BM.KLT.DINV.CD.WD_tend2	3.73396301612084e-11	8.78913318466486e-05	0.000143533802210421
NE.CON.PRVT.KD	3.50671328116227e-11	0.000111443910968953	0.000143533802210421
TX.VAL.MRCH.R3.ZS_isNA_rank	3.44314401508309e-11	0.000116613989312874	0.000143533802210421
DC.DAC.TOTL.CD_delta1	3.43294981394992e-11	5.68708617831256e-05	0.000143533802210421
TM.VAL.MRCH.R3.ZS_lag1	3.41771035815547e-11	5.51475023351521e-05	0.000143533802210421
DC.DAC.CECL.CD_ratiomax2	3.31121857405304e-11	8.96146912946221e-05	0.000143533802210421
DT.ODA.ALLD.CD_delta1	3.11864314490802e-11	8.90402381452976e-05	0.000143533802210421
SP.POP.GROW	3.01427549638384e-11	0.000499774239912316	0.000287067604420841
BX.PEF.TOTL.CD.WD_rank	2.91782274392239e-11	7.29555499642116e-05	0.000143533802210421
NV.AGR.TOTL.CD_rank	2.82273646983192e-11	7.52533625615096e-05	0.000143533802210421
AG.LND.ARBL.HA_max2	2.77051099946265e-11	0.000376266812807548	0.000287067604420841
NE.GDI.FTOT.ZS_rank	2.6084331876735e-11	0.000120060708208821	0.000143533802210421
NY.GDP.MINR.RT.ZS_rank	2.56349147784341e-11	0.000261950636091972	0.000287067604420841
SP.POP.2529.MA.5Y	2.53851721687797e-11	5.51475023351521e-05	0.000143533802210421
MS.MIL.XPND.GD.ZS	2.49015625256179e-11	0.000749661359868473	0.000430601406631262
AG.LND.AGRI.ZS_min2	2.44719839153032e-11	0.000562389633188686	0.000717669011052103
FI.RES.TOTL.MO_min2	2.41137456061351e-11	5.74453149324501e-05	0.000143533802210421
BM.GSR.TRAN.ZS_max2	2.34830166016195e-11	8.32957066520526e-05	0.000143533802210421
BX.GSR.TRVL.ZS	2.33344500978774e-11	0.000152804537720317	0.000143533802210421
NY.ADJ.DNGY.GN.ZS_isNA_rank	2.16464652523222e-11	4.42328924979865e-05	0.000143533802210421
AG.LND.CROP.ZS_ratioavg2	2.13041121578458e-11	0.000117762895611523	0.000287067604420841
TX.VAL.MRCH.AL.ZS	2.12191253777376e-11	5.17007834392051e-05	0.000143533802210421
SE.PRM.ENRR.MA_rank	2.10179485361529e-11	0.000151655631421668	0.000143533802210421
TM.VAL.MRCH.R2.ZS	2.08562494758705e-11	0.000410159548617693	0.000287067604420841
FM.AST.NFRG.CN_isNA_rank	2.05174617482186e-11	0.000105699379475708	0.000143533802210421
BX.GSR.TRAN.ZS_delta1	2.04617804242229e-11	5.91686743804236e-05	0.000143533802210421
EN.GHG.CH4.WA.MT.CE.AR5	1.90170008012335e-11	0.000749661359868473	0.000430601406631262
NV.IND.MANF.ZS_lag1	1.86099242225916e-11	5.45730491858276e-05	0.000143533802210421
SE.PRM.ENRR.FE_delta1	1.85153628882924e-11	0.000109146098371655	0.000143533802210421
IT.MLT.MAIN.P2_delta1	1.69698791647152e-11	0.000261950636091972	0.000287067604420841
IT.CEL.SETS_rank	1.52546221946467e-11	6.83599247696156e-05	0.000143533802210421
IT.CEL.SETS.P2_rank	1.32890172550634e-11	6.72110184709666e-05	0.000143533802210421
BX.GSR.NFSV.CD_ratioavg2	1.31714920142355e-11	6.37642995750196e-05	0.000143533802210421
SP.RUR.TOTL.ZS_lag1	1.2924796087966e-11	0.000232079072327098	0.000287067604420841
BM.GSR.TRVL.ZS	1.29066971537459e-11	0.000179803835738569	0.000287067604420841
DC.DAC.TOTL.CD_ratiomax2	1.27241045652962e-11	5.45730491858276e-05	0.000143533802210421
BX.GSR.TRVL.ZS_avg2	1.27083799378764e-11	5.80197680817746e-05	0.000143533802210421
TX.VAL.MRCH.RS.ZS	1.26729833243365e-11	0.000119486255059496	0.000143533802210421
NV.SRV.TOTL.KD_delta1	1.17026135615559e-11	6.89343779189401e-05	0.000143533802210421
NY.GDP.PCAP.CD_delta1	1.16324499971046e-11	6.08920338283971e-05	0.000143533802210421
EN.GHG.N2O.FE.MT.CE.AR5_delta1	1.1218763859517e-11	0.000148783365675046	0.000143533802210421
ER.H2O.INTR.PC_max2	1.07576330916441e-11	0.000857084098792155	0.000574135208841682
TM.VAL.MRCH.R2.ZS_lag1	1.05426542224502e-11	8.78913318466486e-05	0.000143533802210421
BX.TRF.PWKR.CD.DT_lag1	1.03554831397766e-11	4.595625194596e-05	0.000143533802210421
NE.DAB.TOTL.CD	1.01976626206261e-11	0.000207377586906145	0.000287067604420841
NY.GDS.TOTL.CD	9.46403035665491e-12	0.00016084688181086	0.000143533802210421
SP.DYN.TO65.MA.ZS_rank	9.36883346814713e-12	0.000120635161358145	0.000143533802210421
EG.ELC.NUCL.ZS_ratiomax2	9.15373040398338e-12	4.3658439348662e-05	0.000143533802210421
NE.GDI.TOTL.CD_delta1	8.39566152255782e-12	7.46789094121851e-05	0.000143533802210421
SE.SEC.ENRR.FE_rank	8.299636867039e-12	8.32957066520526e-05	0.000143533802210421
NE.CON.GOVT.ZS_delta1	7.96131361338501e-12	8.73168786973241e-05	0.000143533802210421
EN.GHG.CH4.FE.MT.CE.AR5	7.81915383483201e-12	0.000164293600706807	0.000287067604420841
EN.URB.MCTY.TL.ZS_max2	7.64780569532192e-12	0.000187271726679787	0.000143533802210421
EN.GHG.CO2.PC.CE.AR5_ratioavg2	7.36000200500484e-12	5.85942212310991e-05	0.000143533802210421
MS.MIL.MPRT.KD_ratioavg2	7.30934527831757e-12	0.000132124224344635	0.000287067604420841
NE.CON.GOVT.CD	6.03211716623235e-12	0.000163719147557483	0.000143533802210421
NE.GDI.FTOT.CD	5.57150422452803e-12	4.3658439348662e-05	0.000143533802210421
TX.VAL.TRAN.ZS.WT_rank	5.53505338636505e-12	0.000105699379475708	0.000143533802210421
IS.AIR.PSGR_isNA_rank	5.29130803707935e-12	4.53817987966356e-05	0.000143533802210421
NE.GDI.TOTL.ZS_rank	5.20373117104781e-12	7.69767220094831e-05	0.000143533802210421
AG.LND.ARBL.HA_min2	5.01524773889583e-12	5.22752365885296e-05	0.000143533802210421
IS.AIR.GOOD.MT.K1_ratioavg2	3.19073067850202e-12	4.4807345647311e-05	0.000143533802210421
EG.ELC.COAL.ZS_min2	3.17697089306219e-12	0.000249887119956158	0.000143533802210421
NY.GDP.FCST.KD	2.83337311022316e-12	0.000387181422644713	0.000287067604420841
EN.GHG.N2O.FE.MT.CE.AR5_max2	2.68821184775166e-12	6.66365653216421e-05	0.000143533802210421
BX.TRF.PWKR.CD.DT_delta1	2.60426990256066e-12	8.27212535027281e-05	0.000143533802210421
NE.CON.TOTL.CD	2.59961647480172e-12	6.26153932763706e-05	0.000143533802210421
EN.GHG.CH4.WA.MT.CE.AR5_delta1	2.45576397162693e-12	6.60621121723176e-05	0.000143533802210421
BM.TRF.PWKR.CD.DT_isNA_rank	2.20068414269244e-12	5.57219554844766e-05	0.000143533802210421
AG.PRD.LVSK.XD_delta1	1.69505124360916e-12	9.93803948331386e-05	0.000143533802210421
AG.PRD.FOOD.XD_tend2	1.64577621329044e-12	0.000284354308915628	0.000287067604420841
BX.KLT.DINV.WD.GD.ZS_ratioavg2	1.51971293938669e-12	0.000104550473177059	0.000143533802210421
SP.POP.3034.FE.5Y_lag1	1.48159772983141e-12	8.78913318466486e-05	0.000143533802210421
IS.AIR.PSGR_lag1	1.3410059401017e-12	9.70825822358406e-05	0.000143533802210421
AG.PRD.CREL.MT_avg2	8.93001164029808e-13	8.38701598013771e-05	0.000143533802210421
AG.LND.CREL.HA_avg2	7.83792532974863e-13	0.000205079774308847	0.000143533802210421
PA.NUS.FCRF_isNA_rank	5.54558396594358e-13	0.000166591413304105	0.000287067604420841
EN.GHG.N2O.PI.MT.CE.AR5_min2	3.98533821945715e-13	0.000205654227458171	0.000143533802210421
NY.ADJ.DFOR.CD	2.98709097230283e-13	0.000117762895611523	0.000143533802210421
BX.GSR.GNFS.CD_ratioavg2	2.35257998758281e-13	6.31898464256951e-05	0.000143533802210421
