Feature	Gain	Cover	Frequency
NE.CON.PRVT.PC.KD	0.421721550887958	0.000229983203302288	0.000244006588177881
NY.GDP.PCAP.KD	0.314459687184488	0.000893392617892407	0.000528680941052075
EN.URB.LCTY_max2	0.0844762832951776	0.000383782680479534	0.000345675999918664
NY.GDP.DEFL.ZS	0.0217080615429934	0.000302061791302797	0.000671018117489172
NY.GDP.DEFL.ZS_lag1	0.0185906051868807	0.000212130625876996	0.000447345411659448
SH.IMM.IDPT_rank	0.0080165993045091	0.000161341475126968	0.000183004941133411
FP.CPI.TOTL_max2	0.00620208570158417	6.37728434229673e-05	0.000142337176437097
EG.ELC.PETR.ZS_lag1	0.00572094280163065	0.000172129396244925	0.000244006588177881
EG.ELC.PETR.ZS_avg2	0.00562045004376727	0.000182058102406585	0.000183004941133411
SG.LAW.INDX_lag1	0.00520755178129525	3.22682950253936e-05	4.06677646963135e-05
PA.NUS.ATLS	0.00468816576372603	0.000571664350923246	0.000467679294007605
MS.MIL.XPND.GD.ZS_max2	0.00399480503980321	0.000408986319197593	0.000589682588096545
SE.ENR.PRIM.FM.ZS	0.0037010225639696	0.000252227323837544	0.000528680941052075
EN.GHG.CH4.MT.CE.AR5_min2	0.00318544768549867	2.56809803604464e-05	6.10016470444702e-05
SP.POP.2024.FE.5Y_rank	0.00274117799724889	0.000218527003884988	0.000183004941133411
SP.POP.BRTH.MF_lag1	0.00271248674720771	0.000202201919715336	0.000264340470526038
BG.GSR.NFSV.GD.ZS	0.00251493839433537	0.000103583136398083	0.000203338823481567
SG.LAW.INDX	0.00244541870678383	4.04785712744583e-05	6.10016470444702e-05
EN.GHG.CH4.WA.MT.CE.AR5_max2	0.00230124441300655	2.07166272796166e-05	6.10016470444702e-05
SM.POP.RHCR.EO_lag1	0.00226119103516468	0.00047505040250402	0.000447345411659448
NY.ADJ.DMIN.CD_lag1	0.00211285389657267	3.75190530916559e-05	8.13355293926269e-05
SH.DYN.MORT.FE	0.00210517152600436	0.00035495124527933	0.000264340470526038
SP.POP.6064.MA.5Y_delta1	0.0020827241125628	0.00508722081958033	0.00335509058744586
EG.ELC.PETR.ZS_max2	0.00206610131916957	0.00012009915722469	0.000264340470526038
SM.POP.RHCR.EO	0.00201229005972263	0.00070073753102482	0.000671018117489172
EN.URB.LCTY_tend2	0.00187854725631565	0.000108165616165003	0.000223672705829724
SP.DYN.LE00.FE.IN	0.00184143512745318	0.000137569861336072	0.000162671058785254
SH.IMM.MEAS_rank	0.00179305580110526	0.000125158978633997	0.000162671058785254
AG.CON.FERT.ZS_min2	0.00171165028357005	0.00122829551419146	0.000732019764533643
FS.AST.CGOV.GD.ZS_lag1	0.00161092651035806	0.000302921006259095	0.000345675999918664
IT.CEL.SETS.P2_min2	0.00143499023380411	0.000261392283371384	0.000447345411659448
SP.DYN.AMRT.MA	0.00142046678271485	0.00846508121777108	0.00439211858720185
SH.DYN.MORT.FE_lag1	0.00140854791463134	6.79734498759771e-05	8.13355293926269e-05
BM.GSR.TRAN.ZS	0.00130048091570294	0.000141484062803649	0.000366009882266821
SP.POP.4549.FE.5Y_lag1	0.00127509636628509	0.00272542984137555	0.00146403952906729
TX.VAL.MRCH.OR.ZS_lag1	0.00127256014841644	7.81885610230692e-05	0.000203338823481567
SP.POP.3539.FE.5Y_delta1	0.00118158903678802	0.000854823413187499	0.00109802964680046
PA.NUS.ATLS_lag1	0.00113647652495584	0.000104060478040471	0.000142337176437097
EN.GHG.CH4.WA.MT.CE.AR5_lag1	0.00113321439112089	1.86163240531117e-05	4.06677646963135e-05
BG.GSR.NFSV.GD.ZS_max2	0.00112633027877076	7.56109161541768e-05	0.000203338823481567
SP.DYN.AMRT.MA_lag1	0.00105897859474861	0.000387696881947111	0.000325342117570508
SH.DTH.MORT	0.00104050530613347	0.000134992216467179	0.000162671058785254
EG.USE.ELEC.KH.PC_max2	0.000908033459749715	0.00381625096255942	0.00195205270542305
EN.GHG.CH4.WA.MT.CE.AR5_avg2	0.000889014626031463	5.05982140930728e-06	2.03338823481567e-05
IT.MLT.MAIN.P2_lag1	0.000842207495639618	3.75190530916559e-05	4.06677646963135e-05
SP.DYN.CDRT.IN_rank	0.000826073429492746	0.00011322543757431	0.000162671058785254
TX.VAL.MRCH.R2.ZS	0.000814368766308061	0.000146257479227524	0.000366009882266821
FS.AST.CGOV.GD.ZS_min2	0.00081202871354838	0.000141006721161262	0.000244006588177881
SP.POP.1564.FE.ZS_lag1	0.000789460256141134	0.00189008196719746	0.00107769576445231
TM.VAL.MRCH.RS.ZS_lag1	0.000780593422940437	0.000247835780727579	0.000366009882266821
NY.ADJ.DMIN.CD	0.000747490326259476	6.43456533938323e-05	0.000101669411740784
AG.LND.ARBL.HA.PC_min2	0.000737809927417186	0.00166859544512967	0.00101669411740784
NE.TRD.GNFS.ZS	0.000737690468024706	0.00139918382216618	0.00117936517619309
ER.FSH.AQUA.MT_min2	0.000728562679795207	7.93341809647991e-05	0.000142337176437097
BX.GSR.CMCP.ZS_lag1	0.000704995452850589	0.000123822422035312	0.000244006588177881
IT.MLT.MAIN	0.000659808404556229	9.3368025250991e-05	0.000101669411740784
SP.POP.6064.FE.5Y_delta1	0.000654078171677144	0.00399420392684147	0.00284674352874194
TX.VAL.MRCH.R5.ZS_lag1	0.000653819107392964	0.000117712449012752	0.000366009882266821
NE.EXP.GNFS.ZS	0.000622674165410117	0.000417005658789702	0.000569348705748389
NV.SRV.TOTL.ZS_rank	0.000609681134374028	0.000284591087191415	0.000223672705829724
TX.VAL.MRCH.RS.ZS_rank	0.000598929453730461	0.000134133001510882	0.000203338823481567
SH.DYN.NMRT_lag1	0.000598252304416557	0.000232465379842703	0.000162671058785254
NY.GDS.TOTL.ZS	0.00059238301403827	0.00251081703895814	0.00183004941133411
DT.ODA.ODAT.GN.ZS	0.000589385464357735	0.000242012212690452	0.000203338823481567
SE.SEC.ENRL_delta1	0.000581208672495326	0.00453226342614064	0.00479879623416499
BX.GRT.EXTA.CD.WD_max2	0.00057643892734537	7.19831196720319e-05	0.000101669411740784
year	0.000567532978421612	0.000411563964066485	0.000366009882266821
FI.RES.TOTL.MO_min2	0.000556704394552956	0.000294615261681552	0.000325342117570508
AG.LND.AGRI.ZS	0.000519946118881348	0.00028440015053446	0.000284674352874194
FM.AST.DOMS.CN_lag1	0.000518844346619361	7.72338777382942e-05	0.00012200329408894
NY.GDS.TOTL.ZS_lag1	0.00050790341787891	0.00225629847523714	0.00199272047011936
SP.DYN.TO65.FE.ZS	0.00050788595673455	0.000501781534477719	0.000325342117570508
FM.AST.DOMS.CN_max2	0.000483974234421214	0.000137378924679117	0.000183004941133411
SP.POP.5054.FE.5Y_delta1	0.000422472699039781	0.00182258585896387	0.00156570894080807
BX.TRF.PWKR.DT.GD.ZS	0.000420046875129003	0.000319627963742656	0.000467679294007605
SP.POP.5559.FE.5Y_delta1	0.000416358332266595	0.000502449812777061	0.000549014823400232
PA.NUS.FCRF	0.000389958510802575	0.00256781163105921	0.0015047072937636
SP.POP.3034.FE.5Y_delta1	0.000380412225203676	0.00148367329286876	0.00142337176437097
NY.ADJ.DRES.GN.ZS	0.000377945069190031	0.000299961488076292	0.000549014823400232
AG.LND.AGRI.K2	0.0003661217957335	0.000154754160462021	0.000223672705829724
NE.TRD.GNFS.ZS_rank	0.000357857316266975	2.98815868134562e-05	6.10016470444702e-05
NY.GDP.PCAP.CD	0.000343821554680166	0.000120385562210122	0.000142337176437097
IT.CEL.SETS.P2	0.000334957701642604	0.000274089571058891	0.000569348705748389
SP.POP.4549.MA.5Y_lag1	0.000321715890077563	0.000874776293839295	0.000528680941052075
SP.URB.GROW	0.000320381555166578	0.00028936450361529	0.000427011529311291
SP.DYN.TO65.MA.ZS_lag1	0.000309987742202865	0.000294806198338507	0.000203338823481567
SP.URB.GROW_rank	0.00030665342593152	5.76628704004075e-05	0.000101669411740784
SP.POP.3539.FE.5Y	0.000305268178999915	0.000191318530268902	0.000244006588177881
SH.DTH.IMRT_lag1	0.000298499865460582	0.00017270220621579	0.000142337176437097
EG.USE.PCAP.KG.OE	0.000296174376639183	0.000680020903745203	0.000569348705748389
BM.TRF.PWKR.CD.DT	0.00028945243187965	0.000132128166612854	0.000244006588177881
SP.POP.6064.MA.5Y_lag1	0.000285725337013289	8.43940023741064e-05	0.000101669411740784
SP.POP.4549.MA.5Y	0.000274447601858207	0.00280590964228208	0.00142337176437097
EG.USE.PCAP.KG.OE_min2	0.000272674988381491	0.00252571009820063	0.00138270399967466
AG.LND.AGRI.ZS_min2	0.000270813927307324	0.000100432681558326	0.000101669411740784
SP.POP.0509.FE.5Y_lag1	0.000268092238518743	0.00198068141092261	0.00103702799975599
NY.GNP.ATLS.CD_delta1	0.000261606256627223	0.00105559330797567	0.000772687529229956
TM.VAL.MRCH.R5.ZS_lag1	0.000255907629053658	0.000155708843746796	0.000284674352874194
SP.POP.2529.FE.5Y	0.000253125063529573	0.000197046629977552	0.000345675999918664
NY.GNP.PCAP.CD	0.00025117068166824	9.69958217331359e-05	0.00012200329408894
SP.POP.1564.FE.ZS_rank	0.000250159707646366	3.29365733247361e-05	8.13355293926269e-05
FP.CPI.TOTL	0.000232875852687523	0.000262824308298546	0.000569348705748389
SP.POP.4044.FE.5Y_delta1	0.000231793079435296	0.00242880974479597	0.00166737835254885
NY.GDP.PCAP.CN_delta1	0.00023022790062265	0.000249936083954084	0.000305008235222351
EN.GHG.CO2.BU.MT.CE.AR5	0.000227828733813903	3.4845939894286e-05	6.10016470444702e-05
SP.POP.2529.MA.5Y_lag1	0.000218863755882755	0.000188359012086099	0.000223672705829724
EN.GHG.N2O.BU.MT.CE.AR5_ratioavg2	0.000213844949136376	0.00071295747706994	0.000955692470363367
SP.POP.4549.MA.5Y_delta1	0.000207293955475802	0.000377386302471541	0.000386343764614978
SP.DYN.AMRT.FE	0.000200601305880117	0.0029309731525876	0.00178938164663779
AG.LND.CREL.HA_max2	0.000195721741298261	1.31746293298944e-05	2.03338823481567e-05
SP.POP.80UP.FE.5Y_delta1	0.000195415298524283	0.00108633410974543	0.000813355293926269
BX.GRT.TECH.CD.WD_tend2	0.000186782930683079	0.000340153654365318	0.000589682588096545
SP.POP.5054.MA.5Y_lag1	0.000186686605174105	0.00282261659976564	0.00154537505845991
TX.VAL.MRCH.R1.ZS_rank	0.000177502390131243	5.69945921010651e-05	6.10016470444702e-05
SP.POP.1519.MA.5Y	0.000158664056667645	0.000190650251969559	0.000162671058785254
SP.POP.80UP.MA.5Y	0.000156729889234138	0.000313136117406187	0.000284674352874194
TX.VAL.MRCH.WR.ZS	0.000151031813966588	7.78066877091592e-05	0.000162671058785254
TM.VAL.MRCH.R1.ZS	0.000145970609515034	0.000262728839970069	0.000406677646963135
EN.GHG.CO2.IC.MT.CE.AR5_avg2	0.000145044288113154	8.78308621992963e-06	2.03338823481567e-05
NV.IND.MANF.ZS	0.000144492675880385	0.00275177910003534	0.0022570609406454
SP.POP.0509.FE.5Y	0.000142822818579496	0.000582070398727293	0.000325342117570508
SE.ENR.PRIM.FM.ZS_lag1	0.000139364052577297	0.000250604362253427	0.000650684235141016
SP.POP.0004.MA.5Y_lag1	0.000137343454693002	0.000321059988669819	0.000203338823481567
NY.ADJ.DKAP.GN.ZS_lag1	0.00013615997492108	0.000267884129707854	0.000488013176355762
NV.IND.TOTL.ZS_rank	0.000132926228661767	0.000188072607100667	0.000284674352874194
SE.SEC.ENRL.GC.FE.ZS_lag1	0.000128152430393749	0.000203061134671634	0.000366009882266821
YearsSinceFirst_lag1	0.000126188722608482	1.97619439948417e-05	4.06677646963135e-05
NV.SRV.TOTL.KD_lag1	0.000125761049743017	5.05982140930728e-05	6.10016470444702e-05
NE.IMP.GNFS.KD.ZG_delta1	0.000122920398509666	0.000449655827129006	0.000793021411578113
NE.GDI.FTOT.ZS_delta1	0.000120239150473326	0.00102256126632246	0.00168771223489701
SP.POP.65UP.MA.ZS_lag1	0.000120065681839597	0.000111220602676283	0.000101669411740784
NV.IND.MANF.KD	0.000113917733426397	8.2580104133034e-05	0.000183004941133411
EN.POP.DNST_tend2	0.000112579746683883	0.000368221342937702	0.000508347058703918
SE.PRM.ENRR.FE_delta1	0.000112465179309877	0.000217094978957826	0.000427011529311291
SP.POP.TOTL_delta1	0.000111912905101719	3.86646730333858e-05	0.00012200329408894
FM.AST.NFRG.CN	0.000111545038850759	0.000672574374123959	0.00087435694097074
NV.AGR.TOTL.ZS_rank	0.000110999328799983	2.35806771339415e-05	6.10016470444702e-05
NY.ADJ.NNTY.PC.CD	0.000110606059100479	0.000295569944966327	0.000284674352874194
TM.VAL.MRCH.R2.ZS_lag1	0.000110403548878561	0.00011475293082995	0.000264340470526038
NY.GSR.NFCY.CN	0.000108449618260896	0.00414370732923723	0.00351776164623112
BX.GSR.TRVL.ZS_lag1	0.000107566976411277	0.000228646646703603	0.000406677646963135
SP.DYN.LE00.MA.IN	0.00010561966829649	0.000112270754289535	0.00012200329408894
SP.POP.5559.FE.5Y_lag1	0.000104734409246477	0.0078155147108102	0.0042294475284166
NV.IND.TOTL.CN_delta1	0.000103855359294127	0.00131536262976294	0.000955692470363367
NE.EXP.GNFS.CN	0.000102294138704838	0.000311704092479024	0.000264340470526038
FM.AST.DOMS.CN_tend2	0.00010009428168419	0.00107592806194138	0.00105736188210415
SP.RUR.TOTL_delta1	9.86897790115564e-05	0.00183547408330834	0.00119969905854125
FP.CPI.TOTL_min2	9.80584015586496e-05	0.000151699173950741	0.000325342117570508
EN.GHG.CH4.AG.MT.CE.AR5_tend2	9.80265533839633e-05	0.000446123498975338	0.000630350352792859
EN.GHG.N2O.IC.MT.CE.AR5_min2	9.68860018740306e-05	5.871302201366e-05	0.000101669411740784
TM.VAL.MRCH.R4.ZS	9.64012850431904e-05	0.000247072034099759	0.000549014823400232
SE.TER.ENRR_lag1	9.1748689710506e-05	0.000404308371102195	0.000569348705748389
AG.PRD.CROP.XD_avg2	9.12833099425367e-05	0.000162868968382608	0.000325342117570508
SP.POP.2024.MA.5Y_delta1	9.1061043049277e-05	0.000362111369915142	0.000610016470444702
TX.VAL.FOOD.ZS.UN_delta1	8.450429750168e-05	0.000624649273228256	0.000976026352711523
SP.POP.0509.MA.5Y	8.35184680253846e-05	0.0010826108449348	0.000691351999837329
SH.IMM.IDPT	8.25282725511905e-05	8.67807105860438e-05	0.000142337176437097
NV.AGR.TOTL.ZS	8.16256560776762e-05	4.6015734326153e-05	6.10016470444702e-05
EN.GHG.ALL.PC.CE.AR5_max2	7.92485373728375e-05	7.71384094098167e-05	0.00012200329408894
SE.PRM.TCHR	7.82960364642178e-05	9.83323783318208e-05	0.000284674352874194
EG.USE.ELEC.KH.PC_avg2	7.71517816850327e-05	0.000652526025143685	0.000345675999918664
IS.AIR.GOOD.MT.K1_max2	7.59190486991296e-05	0.00889106089943767	0.00463612517537974
NY.GDS.TOTL.ZS_delta1	7.38841790540068e-05	0.00034807752562895	0.000793021411578113
SE.SEC.ENRR_lag1	7.36344748854236e-05	0.000299388678105427	0.000427011529311291
BM.KLT.DINV.CD.WD	7.23593398701549e-05	0.000671333285853751	0.000793021411578113
BM.GSR.NFSV.CD	7.1429275316885e-05	0.000124204295349222	0.000183004941133411
AG.PRD.FOOD.XD_min2	7.05795938604477e-05	0.000582643208698158	0.000752353646881799
SP.POP.5054.FE.5Y_lag1	7.03392752142813e-05	0.0127211547696263	0.00646617458671384
EG.USE.ELEC.KH.PC	6.75556801775767e-05	0.000741502507284711	0.000488013176355762
MS.MIL.XPND.GD.ZS_avg2	6.74839207265872e-05	0.000145589200928181	0.000223672705829724
FM.AST.NFRG.CN_tend2	6.6443014206008e-05	0.00243606533776026	0.00187071717603042
BX.TRF.PWKR.CD.DT_max2	6.44772959272296e-05	3.95238879896833e-05	0.00012200329408894
FI.RES.TOTL.MO_avg2	6.41269010786468e-05	0.000278099240854946	0.000244006588177881
SH.IMM.MEAS_lag1	6.35691231792487e-05	0.000172988611201223	0.000284674352874194
SP.POP.0014.FE.IN_delta1	6.31819060769379e-05	0.000139670164562577	0.000284674352874194
TX.VAL.FUEL.ZS.UN	6.24715914332076e-05	0.000145111859285794	0.000325342117570508
NE.IMP.GNFS.KD.ZG	6.19129354878599e-05	0.000476864300745092	0.00105736188210415
SP.POP.0509.MA.5Y_lag1	5.95290983659187e-05	0.000389033438545796	0.000264340470526038
SP.POP.1564.MA.IN_delta1	5.94749290496516e-05	0.000133273786554584	0.000203338823481567
TM.VAL.FOOD.ZS.UN_delta1	5.91560626579167e-05	0.00401921662890258	0.00457512352833527
SP.POP.4549.FE.5Y	5.72735775517426e-05	0.000748185290278136	0.000589682588096545
BX.KLT.DINV.CD.WD	5.71259584859517e-05	0.00077357986565315	0.000569348705748389
SP.POP.0004.FE.5Y_delta1	5.62397078113699e-05	0.00295865896784608	0.00201305435246752
MS.MIL.XPND.GD.ZS_min2	5.59915246586337e-05	0.000251177172224292	0.000427011529311291
DT.ODA.ODAT.PC.ZS_lag1	5.58883984340103e-05	9.86187833172533e-05	0.000183004941133411
EN.GHG.CH4.BU.MT.CE.AR5_delta1	5.52560054781521e-05	6.87371965037971e-05	0.000101669411740784
DC.DAC.CECL.CD	5.45688179807643e-05	0.000449273953815096	0.000447345411659448
NY.ADJ.NNTY.PC.CD_delta1	5.4326296894024e-05	0.00069080882486316	0.000854023058622583
SP.POP.3539.FE.5Y_lag1	5.22384520640797e-05	8.60169639582238e-05	0.00012200329408894
NE.CON.GOVT.ZS_max2	5.13545733252545e-05	0.000141197657818216	0.000223672705829724
SP.POP.2529.FE.5Y_lag1	5.1280427951808e-05	0.000139288291248667	0.000203338823481567
NV.SRV.TOTL.CD_delta1	5.03075711238426e-05	0.000124490700334655	0.000244006588177881
AG.YLD.CREL.KG_min2	4.99404344112058e-05	0.00117025077047715	0.000711685882185486
AG.LND.AGRI.K2_delta1	4.72402297479578e-05	1.54658692133543e-05	4.06677646963135e-05
TX.VAL.FOOD.ZS.UN	4.69772506311062e-05	0.00034273129923421	0.000447345411659448
EN.URB.MCTY.TL.ZS_tend2	4.55850856420168e-05	0.00012277227042206	0.000244006588177881
EN.GHG.N2O.AG.MT.CE.AR5_tend2	4.55725158972372e-05	0.000988097199742083	0.00113869741149678
SP.POP.4044.FE.5Y	4.44343650037354e-05	0.000120958372180987	0.000203338823481567
TM.VAL.MMTL.ZS.UN_rank	4.35324387116147e-05	7.56109161541768e-05	0.000183004941133411
BX.KLT.DINV.WD.GD.ZS_min2	4.31355291448082e-05	0.000268934281321106	0.000366009882266821
TX.VAL.MRCH.R4.ZS	4.29017427178581e-05	0.000394475133269013	0.000772687529229956
DT.ODA.ODAT.GN.ZS_min2	4.27781641074819e-05	0.000160386791842193	0.000162671058785254
SP.POP.0004.MA.5Y	4.27604529377102e-05	0.000395811689867698	0.000284674352874194
SP.POP.5054.FE.5Y	4.26504367062686e-05	0.000151794642279219	0.00012200329408894
NY.GSR.NFCY.CD	4.14833238450433e-05	0.000439918057624301	0.000549014823400232
NY.GDP.FCST.KD_delta1	4.13867293887759e-05	0.000162296158411743	0.000223672705829724
NE.CON.GOVT.ZS_tend2	4.1055346970071e-05	0.00400518278461639	0.00337542446979402
BM.GSR.TRAN.ZS_avg2	4.0528160914967e-05	0.000100146276572893	0.000162671058785254
NY.ADJ.DKAP.CD	3.97462854248999e-05	3.15045483975737e-05	0.000101669411740784
NE.IMP.GNFS.CD_delta1	3.95644509311334e-05	0.000439058842668004	0.000467679294007605
SP.ADO.TFRT	3.68170004463511e-05	0.00113368640067026	0.000813355293926269
EG.ELC.NGAS.ZS_tend2	3.56295630919264e-05	0.00113712326049545	0.00107769576445231
SE.SEC.ENRL.GC	3.51334861102227e-05	0.000488988778461734	0.00101669411740784
FM.AST.NFRG.CN_lag1	3.47301325894387e-05	0.000132223634941332	0.000183004941133411
DC.DAC.DEUL.CD_max2	3.4233225971597e-05	0.000111507007661715	0.000183004941133411
SP.POP.6569.FE.5Y_delta1	3.40476988074702e-05	0.00319255637261594	0.00256206917586775
NY.ADJ.DNGY.GN.ZS_isNA_rank	3.29913454960279e-05	0.000444977879033609	0.000813355293926269
DT.ODA.ODAT.GN.ZS_rank	3.20164801206754e-05	0.000357528890148222	0.000264340470526038
SM.POP.RHCR.EA_delta1	3.10430281995383e-05	0.000951723766592157	0.00099636023505968
NY.ADJ.DRES.GN.ZS_delta1	3.0582864840775e-05	0.000174516104456863	0.000528680941052075
TX.VAL.MRCH.R6.ZS_rank	3.03100534131827e-05	1.95710073378867e-05	4.06677646963135e-05
EN.GHG.CO2.IP.MT.CE.AR5_ratioavg2	2.98949572876096e-05	0.000799356314342073	0.00124036682323756
DC.DAC.DEUL.CD_min2	2.92853763618726e-05	0.00016773785313496	0.000325342117570508
SP.POP.7579.FE.5Y_delta1	2.92138715246811e-05	0.0015539379826282	0.00107769576445231
NV.AGR.TOTL.CN_delta1	2.87428343900671e-05	0.000382732528866281	0.000508347058703918
SH.DTH.NMRT	2.83549910807748e-05	0.000338339756124246	0.000264340470526038
SP.POP.3034.MA.5Y	2.81184831441844e-05	0.000220531838783016	0.000305008235222351
SP.POP.0014.MA.ZS_delta1	2.78590925971507e-05	0.000845276580339749	0.000589682588096545
NE.CON.GOVT.ZS_avg2	2.710742390698e-05	0.000106542654580885	0.00012200329408894
TM.VAL.MRCH.R4.ZS_lag1	2.68973273993579e-05	0.000180912482464855	0.000447345411659448
BX.GSR.FCTY.CD	2.67551455851176e-05	0.00012659100356116	0.000244006588177881
NV.IND.TOTL.ZS_lag1	2.67186025322478e-05	0.000914777523471366	0.000976026352711523
NV.IND.MANF.ZS_isNA_rank	2.61755310008654e-05	0.00052765345149512	0.000915024705667053
FM.AST.PRVT.GD.ZS_min2	2.58398191287967e-05	3.62779648214485e-05	6.10016470444702e-05
MS.MIL.MPRT.KD	2.57941232882738e-05	0.000482878805439174	0.000854023058622583
IT.CEL.SETS.P2_ratioavg2	2.57406033051761e-05	9.98598715874607e-05	0.000223672705829724
AG.PRD.LVSK.XD_rank	2.55957673978311e-05	0.000884705000000955	0.000976026352711523
MS.MIL.MPRT.KD_min2	2.54373238615058e-05	0.000195328200064957	0.000325342117570508
IT.CEL.SETS.P2_tend2	2.53625716108358e-05	0.000680498245387591	0.000772687529229956
TX.VAL.MRCH.R6.ZS_delta1	2.48780650640753e-05	0.000267788661379376	0.000752353646881799
NY.GDP.PCAP.CN	2.48370934693891e-05	0.000260151195101176	0.000325342117570508
SE.PRM.ENRR.FE_isNA_rank	2.43833897477785e-05	0.000251177172224292	0.000569348705748389
SP.POP.3539.MA.5Y	2.26677690256986e-05	0.000163537246681951	0.000264340470526038
SM.POP.RHCR.EO_delta1	2.26443285050456e-05	0.000393711386641193	0.000732019764533643
TG.VAL.TOTL.GD.ZS_lag1	2.26097249312747e-05	0.000545410560591934	0.000610016470444702
FS.AST.CGOV.GD.ZS_ratioavg2	2.23262519932013e-05	0.00173532780673544	0.00209438988186014
BX.GSR.TRVL.ZS_tend2	2.20585939741559e-05	0.000187595265458279	0.000467679294007605
FM.AST.PRVT.GD.ZS_rank	2.1417275533633e-05	0.000137092519693684	0.000101669411740784
BM.GSR.INSF.ZS	2.13969822556024e-05	0.000293756046725255	0.000549014823400232
AG.PRD.LVSK.XD	2.09192999797015e-05	0.000383114402180191	0.000528680941052075
EN.GHG.N2O.BU.MT.CE.AR5_tend2	2.02146031792298e-05	0.00490287147729028	0.0034770938815348
FM.AST.DOMS.CN	1.94358897425019e-05	0.000309699257580997	0.000366009882266821
BX.GSR.MRCH.CD_min2	1.93219932484129e-05	9.14586586814411e-05	6.10016470444702e-05
DC.DAC.CANL.CD_max2	1.90550847906586e-05	0.000149121529081849	0.000223672705829724
NY.GDP.MINR.RT.ZS_delta1	1.90337648918554e-05	0.000443545854106446	0.000508347058703918
IS.AIR.GOOD.MT.K1_avg2	1.88686393240703e-05	0.0074795616628979	0.00392443929319425
TM.VAL.TRAN.ZS.WT	1.87555084694721e-05	0.000200769894788174	0.000223672705829724
NY.ADJ.AEDU.GN.ZS_lag1	1.86407951289884e-05	0.000377099897486109	0.000447345411659448
TX.VAL.MRCH.R1.ZS	1.82510878477251e-05	0.000338530692781201	0.000549014823400232
SP.POP.0014.TO.ZS_delta1	1.80883272071466e-05	0.000316859382216809	0.000264340470526038
SE.SEC.ENRL.GC.FE.ZS	1.80174282799802e-05	0.000157618210316346	0.000427011529311291
NE.CON.TOTL.CD_ratioavg2	1.79825242789601e-05	8.63033689436563e-05	0.000162671058785254
SP.POP.7579.MA.5Y_delta1	1.76688199412344e-05	0.000698159886155928	0.000569348705748389
BX.PEF.TOTL.CD.WD_tend2	1.75739469206953e-05	0.00099468451440703	0.00105736188210415
EN.GHG.N2O.IP.MT.CE.AR5_tend2	1.7451228986956e-05	0.000706179225748037	0.00087435694097074
BX.GSR.NFSV.CD_isNA_rank	1.72908635105314e-05	0.000320487178698954	0.000610016470444702
NE.EXP.GNFS.CD_ratioavg2	1.7046148198505e-05	0.000528130793137507	0.000955692470363367
SP.DYN.TO65.MA.ZS	1.70157486982443e-05	0.000284209213877505	0.000183004941133411
NE.EXP.GNFS.ZS_lag1	1.69843337978752e-05	0.00160214948850934	0.00142337176437097
DT.NFL.UNDP.CD_lag1	1.66784003608894e-05	6.43456533938323e-05	0.000162671058785254
SP.POP.0014.MA.IN_delta1	1.66481222633147e-05	0.000212894372504816	0.000223672705829724
NY.GDP.PETR.RT.ZS_isNA_rank	1.65898844019889e-05	0.000456243141793953	0.000976026352711523
TM.VAL.MANF.ZS.UN	1.63321656203144e-05	0.00030311194291605	0.000528680941052075
SE.TER.ENRR_isNA_rank	1.62748887695974e-05	0.00045824797669198	0.000549014823400232
NE.RSB.GNFS.CD_delta1	1.6271595718332e-05	0.00273698150912133	0.00217572541125277
TX.VAL.MRCH.R6.ZS_lag1	1.58546949323095e-05	0.000103487668069606	0.000223672705829724
SP.POP.6064.FE.5Y_lag1	1.582911117697e-05	0.000220531838783016	0.000244006588177881
BM.GSR.INSF.ZS_max2	1.58155758027673e-05	0.000134514874824792	0.000284674352874194
IT.CEL.SETS_ratioavg2	1.57458167936409e-05	0.000266833978094601	0.000447345411659448
BX.GSR.FCTY.CD_max2	1.57357904321652e-05	5.09800874069828e-05	8.13355293926269e-05
DC.DAC.GBRL.CD_min2	1.57233729785194e-05	0.000194755390094092	0.000264340470526038
DC.DAC.JPNL.CD_tend2	1.56199582993705e-05	0.0010088138270217	0.00231806258768987
SE.SEC.DURS_rank	1.55120611138515e-05	0.000134419406496314	0.000223672705829724
SP.DYN.IMRT.FE.IN_rank	1.53226006452911e-05	3.79009264055659e-05	6.10016470444702e-05
BX.PEF.TOTL.CD.WD_lag1	1.52051021959612e-05	0.000746562328694018	0.000813355293926269
SP.ADO.TFRT_lag1	1.51434776746921e-05	0.00159575311050134	0.00107769576445231
NE.RSB.GNFS.ZS_lag1	1.46040567553918e-05	0.000642979192295935	0.000630350352792859
FI.RES.XGLD.CD_isNA_rank	1.43874098151111e-05	0.000103010326427218	0.000305008235222351
IS.AIR.GOOD.MT.K1_isNA_rank	1.41022170240085e-05	0.000401157916262438	0.000854023058622583
NY.GDP.MKTP.CD_isNA_rank	1.36025645216005e-05	0.000170601902989285	0.000447345411659448
TX.VAL.TRAN.ZS.WT	1.33830906833419e-05	5.53716305169476e-05	0.000183004941133411
SP.POP.4044.MA.5Y_delta1	1.31995317090985e-05	0.0017126063445578	0.00132170235263019
SP.POP.1014.MA.5Y_lag1	1.31447840163688e-05	0.000342635830905733	0.000305008235222351
NV.SRV.TOTL.KD_isNA_rank	1.31319674249581e-05	0.000867807105860438	0.00144370564671913
NV.IND.TOTL.KD.ZG_rank	1.29927165076994e-05	0.000723840866516374	0.00099636023505968
SP.POP.7579.MA.5Y	1.29533089744594e-05	9.53728601490184e-05	0.000101669411740784
NE.CON.PRVT.CD_ratioavg2	1.28842606022531e-05	0.000183299190676792	0.000325342117570508
NE.CON.PRVT.KD.ZG_ratioavg2	1.27820653507996e-05	0.000345881754073968	0.000569348705748389
EN.GHG.CH4.TR.MT.CE.AR5_tend2	1.26776445148753e-05	0.000277717367541036	0.000467679294007605
NY.GNP.MKTP.CN_isNA_rank	1.21854942247919e-05	0.00023790707456592	0.000447345411659448
NY.GDP.PCAP.CN_lag1	1.2118794384036e-05	0.000322778418582414	0.000427011529311291
TX.VAL.MRCH.HI.ZS	1.20793687417119e-05	9.12677220244861e-05	0.000183004941133411
BM.TRF.PWKR.CD.DT_isNA_rank	1.19666000734214e-05	0.00131364419985034	0.00117936517619309
TM.VAL.TRAN.ZS.WT_lag1	1.17620966331934e-05	0.000132414571598287	0.000203338823481567
EN.URB.LCTY	1.15062615693271e-05	5.11710240639378e-05	8.13355293926269e-05
AG.PRD.CROP.XD	1.14064499879254e-05	0.000336812262868606	0.000691351999837329
NE.EXP.GNFS.KD_delta1	1.13359337293769e-05	0.00146973491691105	0.00158604282315623
clase_isNA_rank	1.13297625781844e-05	0.000190268378655649	0.000488013176355762
SP.POP.3539.MA.5Y_delta1	1.13260694387956e-05	0.000224636976907548	0.000467679294007605
AG.PRD.CREL.MT_ratiomax2	1.12804791742731e-05	8.69716472429988e-05	6.10016470444702e-05
DT.NFL.UNDP.CD_isNA_rank	1.11170904651106e-05	0.000647657140391332	0.000610016470444702
SP.RUR.TOTL.ZS	1.09041190468962e-05	0.000435431046185859	0.000467679294007605
SH.DTH.MORT_lag1	1.08975305796785e-05	9.86187833172533e-05	8.13355293926269e-05
EN.URB.MCTY.TL.ZS_ratioavg2	1.08624150118496e-05	0.000936257897378803	0.00107769576445231
EN.URB.LCTY.UR.ZS_ratioavg2	1.07262291113579e-05	0.000158954766915031	0.000345675999918664
SP.POP.65UP.MA.ZS	1.07004430348813e-05	0.000185017620589387	0.00012200329408894
SE.SEC.ENRL.GC.FE.ZS_isNA_rank	1.07001898273979e-05	0.000641929040682683	0.000711685882185486
BX.GSR.FCTY.CD_tend2	1.06670397660267e-05	0.00191977261735397	0.00170804611724517
SP.POP.DPND.YG_delta1	1.04302283130425e-05	0.000531663121291175	0.000406677646963135
DC.DAC.DEUL.CD_tend2	1.04223136441773e-05	0.00053223593126204	0.00087435694097074
EG.ELC.FOSL.ZS_ratioavg2	1.03170088229247e-05	0.000640401547427043	0.000610016470444702
BX.GSR.CMCP.ZS_rank	1.00499252332961e-05	2.94997134995462e-05	8.13355293926269e-05
NE.EXP.GNFS.KD.ZG_lag1	9.97594197570617e-06	0.000189122758713919	0.000488013176355762
SP.RUR.TOTL.ZS_lag1	9.82724153570048e-06	1.75661724398593e-05	4.06677646963135e-05
year_cycle_rank	9.81174998261798e-06	0.00023065148160163	0.000569348705748389
BM.KLT.DINV.CD.WD_max2	9.74032026751164e-06	0.000119144473939915	0.000284674352874194
SE.SEC.ENRR.MA	9.69951608420447e-06	0.000660545364735794	0.000610016470444702
SE.PRM.ENRR.MA_lag1	9.6715697709713e-06	8.36302557462864e-05	0.000244006588177881
EN.GHG.ALL.MT.CE.AR5_ratioavg2	9.51474443490483e-06	0.000480205692241804	0.000528680941052075
BX.PEF.TOTL.CD.WD	9.48662309678362e-06	0.00111344711503304	0.00101669411740784
NY.GNP.PCAP.CN_lag1	9.44558471709194e-06	0.00011513480414386	0.00012200329408894
TG.VAL.TOTL.GD.ZS_delta1	9.32982093927881e-06	0.00306100101597395	0.00254173529351959
SP.POP.6569.MA.5Y_delta1	9.25089629032605e-06	0.00133989799018166	0.00119969905854125
TM.VAL.MRCH.OR.ZS_delta1	9.13190531164073e-06	0.00087840409032144	0.00128103458793387
FS.AST.PRVT.GD.ZS_tend2	9.06411681331995e-06	0.000682598548614096	0.000854023058622583
TX.VAL.OTHR.ZS.WT_delta1	8.96818586442862e-06	0.000244112515916957	0.000549014823400232
NE.CON.PRVT.ZS_min2	8.86484161097057e-06	0.00171289274954323	0.00132170235263019
SE.PRM.ENRR.FE	8.74714427175173e-06	0.000904466943995796	0.000894690823318896
NY.ADJ.DRES.GN.ZS_lag1	8.65331788188745e-06	0.00098666517481492	0.00119969905854125
SH.DYN.MORT	8.5021189271316e-06	9.01221020827562e-05	0.000101669411740784
NY.GDP.PCAP.KD.ZG_isNA_rank	8.46927874189954e-06	0.000370989924463549	0.000955692470363367
BM.GSR.MRCH.CD_ratioavg2	8.01141434702352e-06	0.000766515209345815	0.000793021411578113
SE.SEC.ENRL.GC_isNA_rank	8.00831113642634e-06	0.000184731215603955	0.000467679294007605
DC.DAC.DEUL.CD_avg2	7.87394236330426e-06	0.000203824881299454	0.000183004941133411
SP.POP.5054.MA.5Y_delta1	7.85925494871162e-06	0.0014542690476977	0.00119969905854125
BX.GSR.MRCH.CD_tend2	7.84667111979047e-06	0.00121387979659136	0.00105736188210415
AG.PRD.FOOD.XD_max2	7.82747884759721e-06	0.000273707697744981	0.000467679294007605
BX.GSR.CMCP.ZS	7.79965596217371e-06	0.000186926987158937	0.000427011529311291
DT.NFL.UNDP.CD_tend2	7.78913763240837e-06	0.000408508977555205	0.000955692470363367
MS.MIL.XPND.CD	7.71611843045007e-06	0.000132987381569152	0.000284674352874194
TG.VAL.TOTL.GD.ZS_rank	7.68837238317764e-06	6.43456533938323e-05	0.000162671058785254
SP.DYN.IMRT.FE.IN	7.63623489142349e-06	9.65184800907484e-05	0.000264340470526038
EN.GHG.CO2.FE.MT.CE.AR5_tend2	7.61130688314054e-06	0.000987237984785785	0.000955692470363367
NY.GSR.NFCY.CD_rank	7.58276506132295e-06	9.89051883026858e-05	0.000142337176437097
MS.MIL.MPRT.KD_avg2	7.57486720243207e-06	0.000118667132297527	0.000264340470526038
ER.FSH.CAPT.MT_ratioavg2	7.55042369691908e-06	0.000161723348440878	0.000427011529311291
NY.GSR.NFCY.CN_rank	7.52228596756152e-06	0.000148357782454029	0.000203338823481567
NY.GDP.TOTL.RT.ZS_lag1	7.51550751158599e-06	3.02634601273662e-05	8.13355293926269e-05
BX.KLT.DINV.CD.WD_min2	7.20844807715326e-06	0.000222536673681043	0.000203338823481567
IT.MLT.MAIN.P2_tend2	7.19473026671007e-06	0.00266213433959497	0.00209438988186014
DC.DAC.DEUL.CD_isNA_rank	7.16141502897013e-06	0.000889001074782442	0.000732019764533643
FI.RES.TOTL.CD_ratioavg2	7.14249191648396e-06	0.000172893142872745	0.000305008235222351
DC.DAC.CANL.CD_min2	7.13556625305765e-06	0.000173752357829043	0.000345675999918664
DC.DAC.JPNL.CD_ratiomax2	7.01440118383008e-06	0.000292896831768958	0.000406677646963135
NY.GNP.PCAP.CD_lag1	6.7344824050502e-06	0.000218240598899556	0.000183004941133411
BX.GSR.TRAN.ZS_rank	6.72890296542901e-06	2.70175369591313e-05	8.13355293926269e-05
EN.GHG.CO2.IC.MT.CE.AR5_tend2	6.69340658926276e-06	0.000935780555736415	0.00124036682323756
NY.GDP.DEFL.ZS_delta1	6.65913506704799e-06	0.000788950266538026	0.000711685882185486
AG.PRD.LVSK.XD_max2	6.64368317327386e-06	9.50864551635859e-05	0.000244006588177881
BX.GSR.TOTL.CD_tend2	6.57893509098497e-06	0.00053490904445941	0.000508347058703918
NY.ADJ.DFOR.CD_rank	6.51647972920005e-06	0.000268456939678719	0.000386343764614978
BX.PEF.TOTL.CD.WD_avg2	6.47439634440147e-06	0.00202698355023419	0.00231806258768987
BM.GSR.TRVL.ZS_tend2	6.44474280392647e-06	0.000877735812022098	0.00144370564671913
SP.POP.DPND.OL_lag1	6.3967090399208e-06	8.24846358045565e-05	6.10016470444702e-05
NV.SRV.TOTL.KD.ZG_lag1	6.38120087209804e-06	0.000212607967519383	0.000427011529311291
MS.MIL.XPND.GD.ZS	6.23070635640851e-06	0.000325356063451306	0.000589682588096545
TX.VAL.SERV.CD.WT_isNA_rank	6.21814124580191e-06	0.000322110140283071	0.000427011529311291
AG.PRD.CROP.XD_max2	6.18499414849576e-06	0.000227787431747305	0.000366009882266821
SE.SEC.ENRR.FE_lag1	6.14659363626631e-06	0.000299197741448472	0.000264340470526038
TX.VAL.MRCH.AL.ZS_delta1	6.11339561708695e-06	0.00258213188033083	0.00248073364647512
NY.ADJ.DFOR.GN.ZS_isNA_rank	6.08281407267149e-06	0.000217381383943258	0.000528680941052075
IT.CEL.SETS.P2_max2	6.05601386974362e-06	9.90961249596408e-05	0.000142337176437097
AG.LND.TOTL.K2_ratioavg2	6.03880460492465e-06	0.000318577812129404	0.000162671058785254
SP.POP.1564.MA.ZS	6.02021105340023e-06	0.000392756703356418	0.000325342117570508
TM.VAL.MRCH.RS.ZS	6.00607723951135e-06	0.000106542654580885	0.000244006588177881
NE.IMP.GNFS.CN_rank	5.88409787704531e-06	5.15528973778478e-06	2.03338823481567e-05
SP.POP.5559.FE.5Y	5.82018008697987e-06	0.00307408017697537	0.00168771223489701
DC.DAC.GBRL.CD_lag1	5.81758579022898e-06	0.000120671967195555	0.000305008235222351
BM.GSR.INSF.ZS_min2	5.70110813559402e-06	4.92616574943879e-05	0.00012200329408894
NV.AGR.TOTL.KD.ZG	5.69418907035264e-06	0.00028707326373183	0.000528680941052075
SP.POP.6569.FE.5Y	5.68689839812586e-06	0.000232369911514225	0.000183004941133411
DC.DAC.DEUL.CD_rank	5.66552198539107e-06	0.000177475622639665	0.000183004941133411
TM.VAL.MRCH.OR.ZS_lag1	5.58950542395579e-06	0.000942654275386795	0.000813355293926269
SP.POP.7074.MA.5Y_delta1	5.50759408034265e-06	0.00153303041869163	0.00146403952906729
SP.POP.0004.FE.5Y	5.43967316505039e-06	0.00012659100356116	0.000101669411740784
DT.ODA.ODAT.KD_rank	5.38670000396491e-06	0.00123784234703921	0.000854023058622583
MS.MIL.XPND.GD.ZS_tend2	5.34660563802356e-06	0.000288123415345083	0.000772687529229956
SP.POP.5559.MA.5Y	5.34223956396282e-06	0.000665700654473579	0.000447345411659448
EN.GHG.CO2.PI.MT.CE.AR5_ratioavg2	5.28082242685594e-06	0.000219004345527376	0.000427011529311291
AG.LND.AGRI.K2_lag1	5.22716058544569e-06	0.00018606777220264	0.00012200329408894
EG.USE.ELEC.KH.PC_lag1	5.19649761109318e-06	0.00011589855077168	8.13355293926269e-05
SP.DYN.AMRT.FE_delta1	5.19571139537657e-06	7.46562328694018e-05	0.000264340470526038
TM.VAL.MRCH.R3.ZS	5.00094284379703e-06	0.000261774156685294	0.000589682588096545
NE.GDI.TOTL.ZS_isNA_rank	4.99704632328044e-06	0.000157522741987868	0.000284674352874194
EN.URB.LCTY_ratioavg2	4.98262208182747e-06	0.000137951734649982	0.000203338823481567
IT.MLT.MAIN.P2_isNA_rank	4.93330125499061e-06	0.000264065396568754	0.000528680941052075
AG.LND.CROP.ZS	4.91279872685521e-06	3.10272067551862e-05	8.13355293926269e-05
SE.PRM.ENRL_delta1	4.83570166956725e-06	0.00179012662728153	0.00160637670550438
SP.DYN.TFRT.IN_delta1	4.80578677516423e-06	0.00134180735675121	0.00099636023505968
AG.PRD.FOOD.XD_lag1	4.74903279991162e-06	0.000363256989856872	0.000569348705748389
BM.GSR.NFSV.CD_min2	4.7289648753686e-06	0.000302443664616707	0.000203338823481567
BX.KLT.DINV.CD.WD_rank	4.69983685946884e-06	5.12664923924153e-05	0.000101669411740784
SP.POP.0509.MA.5Y_rank	4.69469357255387e-06	3.03589284558437e-05	4.06677646963135e-05
NE.CON.GOVT.ZS_isNA_rank	4.66953115183754e-06	0.00183270550178249	0.00148437341141544
SP.POP.1519.MA.5Y_rank	4.66167900703564e-06	0.000124204295349222	0.00012200329408894
TM.VAL.TRVL.ZS.WT	4.62722403755697e-06	8.43940023741064e-05	0.00012200329408894
FS.AST.CGOV.GD.ZS	4.60677053236811e-06	0.000400203232977663	0.000569348705748389
EG.USE.PCAP.KG.OE_isNA_rank	4.58840812460919e-06	0.000481828653825922	0.000732019764533643
FI.RES.TOTL.CD_ratiomax2	4.58023796174096e-06	3.53232815366735e-05	4.06677646963135e-05
SP.POP.7579.MA.5Y_lag1	4.51609834381505e-06	6.08133252401649e-05	8.13355293926269e-05
NY.GDP.PCAP.KD_delta1	4.46538384154606e-06	0.000522498161757335	0.000630350352792859
TM.VAL.MRCH.R1.ZS_delta1	4.40812199305168e-06	0.0419901213192425	0.0241973199943065
TX.VAL.TRAN.ZS.WT_isNA_rank	4.39595688439335e-06	0.000110265919391508	0.000203338823481567
NY.ADJ.AEDU.GN.ZS_isNA_rank	4.35584719256127e-06	0.000565172504586776	0.000793021411578113
BM.GSR.TRAN.ZS_ratioavg2	4.33369449867358e-06	0.000421492670228144	0.000793021411578113
SP.DYN.CDRT.IN_delta1	4.33111209005103e-06	0.00052498033829775	0.000569348705748389
IT.CEL.SETS.P2_lag1	4.31465802477468e-06	0.000133560191540017	0.000203338823481567
SP.POP.5559.MA.5Y_rank	4.30817085186451e-06	0.000519347706917578	0.000366009882266821
BM.GSR.GNFS.CD_isNA_rank	4.2881354568978e-06	0.000150553554009011	0.000325342117570508
BM.GSR.MRCH.CD_tend2	4.2515737403571e-06	0.000606032949175144	0.000589682588096545
BX.TRF.PWKR.DT.GD.ZS_tend2	4.14019428934747e-06	0.000273803166073458	0.000711685882185486
TM.VAL.OTHR.ZS.WT_delta1	4.1369725088483e-06	0.000331370568145388	0.000752353646881799
SP.POP.3034.FE.5Y	4.05638099945349e-06	0.000812530943671968	0.000793021411578113
IS.AIR.GOOD.MT.K1_tend2	4.05480899176871e-06	0.000546842585519097	0.00119969905854125
FP.CPI.TOTL_avg2	4.05430456576494e-06	9.88097199742083e-05	0.000162671058785254
TX.VAL.OTHR.ZS.WT_lag1	4.02464137058994e-06	0.000149980744038146	0.000345675999918664
AG.LND.AGRI.ZS_tend2	4.01374099134659e-06	0.000201247236430561	0.000345675999918664
NE.CON.PRVT.KD.ZG	4.01153130375929e-06	0.000144252644329496	0.000386343764614978
SP.DYN.CBRT.IN	3.96672688877595e-06	0.000188549948743054	0.000203338823481567
SP.POP.5559.FE.5Y_rank	3.94503180265343e-06	0.000245830945829552	0.000183004941133411
NV.AGR.TOTL.KD_delta1	3.86794558857232e-06	0.000759927894680868	0.000833689176274426
NE.EXP.GNFS.ZS_isNA_rank	3.86594898904998e-06	0.000296715564908057	0.000569348705748389
SP.POP.2024.FE.5Y_lag1	3.86264398965783e-06	0.00453646403259365	0.00298908070517904
NV.AGR.TOTL.KD.ZG_delta1	3.77821316921774e-06	0.000337671477824903	0.000630350352792859
DT.ODA.ALLD.CD_min2	3.77236381196524e-06	0.000126400066904205	0.000142337176437097
IT.CEL.SETS	3.76659864606563e-06	3.41776615949435e-05	0.00012200329408894
NV.AGR.TOTL.CD_delta1	3.68593631009105e-06	0.000443450385777969	0.000691351999837329
SP.POP.7074.FE.5Y_delta1	3.651886848608e-06	0.00164453742635334	0.00185038329368226
SH.IMM.MEAS	3.60527749512783e-06	6.87371965037971e-05	0.000183004941133411
BX.KLT.DINV.CD.WD_tend2	3.57923325994931e-06	0.00249468289144545	0.00203338823481567
SE.PRM.ENRR.MA_isNA_rank	3.49546467297332e-06	0.000191604935254334	0.000366009882266821
EN.GHG.N2O.TR.MT.CE.AR5_ratioavg2	3.47403823109045e-06	8.19118258336915e-05	0.000142337176437097
DT.ODA.ALLD.CD_isNA_rank	3.46279582879954e-06	0.000430180288119597	0.000488013176355762
NE.RSB.GNFS.CD	3.43912348510841e-06	0.000438772437682571	0.000569348705748389
DT.ODA.ALLD.KD_isNA_rank	3.43486851553842e-06	0.00174888430937925	0.00113869741149678
SE.SEC.ENRR.MA_lag1	3.3951347767324e-06	0.000220627307111493	0.000264340470526038
DC.DAC.GBRL.CD_tend2	3.37351384161282e-06	0.000506554950901593	0.00113869741149678
SP.RUR.TOTL.ZS_rank	3.3527779213517e-06	6.88326648322746e-05	8.13355293926269e-05
SP.POP.3034.MA.5Y_rank	3.33534023950642e-06	2.93087768425912e-05	8.13355293926269e-05
SP.POP.1014.MA.5Y	3.28017455190737e-06	0.000109311236106733	0.00012200329408894
BX.GRT.EXTA.CD.WD_rank	3.24115167324171e-06	2.69220686306538e-05	8.13355293926269e-05
SP.POP.DPND.OL_delta1	3.21411327625163e-06	0.000344545197475283	0.000488013176355762
EN.GHG.CH4.TR.MT.CE.AR5_ratioavg2	3.20783084511645e-06	0.000336334921226218	0.000569348705748389
BM.GSR.FCTY.CD_tend2	3.19667534096555e-06	0.000684794320169078	0.000752353646881799
TM.VAL.MRCH.AL.ZS	3.18276163914483e-06	0.000110456856048463	0.000345675999918664
SH.MMR.RISK_delta1	3.17546277684651e-06	0.00201781859070035	0.00146403952906729
DT.NFL.UNDP.CD_ratioavg2	3.1653570480063e-06	0.000293851515053732	0.000752353646881799
DC.DAC.CECL.CD_min2	3.15637947451677e-06	0.000189504632027829	0.000223672705829724
DC.DAC.USAL.CD_tend2	3.12952964759405e-06	0.000345499880760058	0.000549014823400232
NV.AGR.TOTL.ZS_isNA_rank	3.0747850955534e-06	0.000304353031186257	0.000406677646963135
TX.VAL.MRCH.AL.ZS	3.05429548512641e-06	0.00041901049368773	0.000732019764533643
SE.PRM.ENRR	3.0365480099479e-06	0.00081128985540176	0.00107769576445231
EG.ELC.NUCL.ZS_tend2	3.01043573048967e-06	0.000724413676487239	0.000528680941052075
NY.GSR.NFCY.CD_isNA_rank	3.00863536360237e-06	0.000397530119780293	0.00099636023505968
FM.LBL.BMNY.GD.ZS_min2	3.00391804961804e-06	0.00140596207348808	0.00156570894080807
SP.POP.1564.MA.ZS_delta1	2.96990966077459e-06	0.000151890110607696	0.000223672705829724
BX.TRF.PWKR.CD.DT_tend2	2.93851163847997e-06	0.000864465714363726	0.00124036682323756
BX.GSR.FCTY.CD_min2	2.93762285678874e-06	7.57063844826543e-05	8.13355293926269e-05
NV.IND.TOTL.ZS	2.93684378533774e-06	0.000307598954354492	0.000508347058703918
NY.GDS.TOTL.CD_delta1	2.90571765993496e-06	0.000321537330312206	0.000508347058703918
BM.GSR.NFSV.CD_max2	2.89669817404787e-06	0.000200292553145786	0.000142337176437097
BM.GSR.CMCP.ZS_tend2	2.87976083758037e-06	0.00138868230603366	0.00119969905854125
DT.ODA.ALLD.KD_ratioavg2	2.84534783200391e-06	0.000179766862523125	0.000325342117570508
SE.PRM.ENRL.FE.ZS	2.83519720465362e-06	0.000286977795403353	0.000711685882185486
EN.GHG.N2O.AG.MT.CE.AR5_ratioavg2	2.83294707184889e-06	0.000724318208158762	0.000894690823318896
NE.GDI.TOTL.ZS_delta1	2.78853532439721e-06	0.000674865614007419	0.00101669411740784
NY.GDP.PCAP.KN_isNA_rank	2.76657237841662e-06	0.000141197657818216	0.000345675999918664
SE.PRM.ENRL_lag1	2.7605383580926e-06	8.70671155714763e-05	0.000203338823481567
EN.GHG.CO2.PC.CE.AR5_lag1	2.72997688012379e-06	8.11480792058715e-05	0.000142337176437097
DC.DAC.TOTL.CD_ratioavg2	2.72496033161805e-06	0.000609087935686424	0.000833689176274426
TX.VAL.MRCH.CD.WT_delta1	2.72363145619968e-06	0.000722217904932257	0.000793021411578113
NY.GNP.MKTP.CD_isNA_rank	2.70770495162346e-06	0.000255759651991212	0.000467679294007605
TM.VAL.MANF.ZS.UN_lag1	2.70112150174296e-06	0.000359724661703205	0.000671018117489172
BM.KLT.DINV.CD.WD_lag1	2.69376642892594e-06	0.000359629193374727	0.000589682588096545
BM.GSR.TRVL.ZS_min2	2.65374588077618e-06	0.000193609770152362	0.000244006588177881
NV.SRV.TOTL.KD_delta1	2.57351221299529e-06	0.000156472590374616	0.000244006588177881
EN.GHG.ALL.PC.CE.AR5	2.55039898963311e-06	7.0646563073347e-05	8.13355293926269e-05
AG.YLD.CREL.KG	2.54824619769766e-06	0.000365834634725764	0.000345675999918664
NE.IMP.GNFS.CD_isNA_rank	2.51793214322579e-06	0.00334062775008454	0.00319241952866061
NV.SRV.TOTL.ZS_delta1	2.49607474210712e-06	0.000687753838351881	0.00138270399967466
BX.KLT.DINV.CD.WD_lag1	2.49034448481374e-06	0.000213562650804158	0.000203338823481567
SP.POP.1519.MA.5Y_lag1	2.46704128904652e-06	0.000282586252293388	0.000244006588177881
NV.SRV.TOTL.KD.ZG	2.41691993863996e-06	0.000198096781590804	0.000427011529311291
DC.DAC.JPNL.CD_ratioavg2	2.4091080449315e-06	0.000680307308730636	0.00103702799975599
FI.RES.TOTL.MO_ratioavg2	2.38575504494097e-06	0.000229696798316855	0.000508347058703918
ER.H2O.INTR.PC_min2	2.37825060827027e-06	2.26259938491665e-05	6.10016470444702e-05
FI.RES.TOTL.CD_tend2	2.36328073271832e-06	0.000453379091939628	0.000488013176355762
SP.URB.GROW_lag1	2.35587643542871e-06	0.000582070398727293	0.000630350352792859
SP.POP.3539.MA.5Y_lag1	2.31884385752696e-06	0.000206307057839869	0.000223672705829724
DC.DAC.USAL.CD_ratioavg2	2.31845757317031e-06	0.000152749325563993	0.000366009882266821
AG.CON.FERT.ZS_tend2	2.31537057869625e-06	0.00054025527085415	0.000833689176274426
SE.PRM.ENRL.FE.ZS_isNA_rank	2.30615784559264e-06	9.15541270099186e-05	0.000264340470526038
BX.GSR.MRCH.CD_ratioavg2	2.27123149632718e-06	0.000465026228013883	0.000610016470444702
AG.PRD.CROP.XD_tend2	2.24424341956665e-06	0.000908381145463374	0.000793021411578113
BM.GSR.CMCP.ZS_max2	2.22691364217699e-06	9.19360003238286e-05	0.000162671058785254
EG.ELC.PETR.ZS_min2	2.20189643101322e-06	7.64701311104742e-05	0.000162671058785254
EN.GHG.N2O.AG.MT.CE.AR5_delta1	2.20079943641662e-06	0.000133751128196972	0.000142337176437097
TX.VAL.OTHR.ZS.WT	2.1840291678754e-06	0.000154945097118976	0.000488013176355762
MS.MIL.MPRT.KD_tend2	2.14483783836436e-06	0.0143361924824801	0.0100652717623376
BM.GSR.NFSV.CD_isNA_rank	2.13568390054766e-06	0.000292228553469615	0.000528680941052075
SP.POP.5559.MA.5Y_lag1	2.13340416124657e-06	0.00157875974803235	0.000894690823318896
DT.ODA.ALLD.KD	2.1191254551803e-06	0.000220054497140628	0.000183004941133411
PA.NUS.FCRF_delta1	2.11647856677925e-06	0.00749283176055627	0.00475812846946868
SP.RUR.TOTL.ZS_delta1	2.09088823521279e-06	0.00118924896784417	0.00126070070558572
SP.POP.2024.MA.5Y_lag1	2.08438548631995e-06	0.000105492502967633	0.000101669411740784
AG.YLD.CREL.KG_lag1	2.08035191130183e-06	0.000597631736269125	0.000549014823400232
SE.SEC.ENRR_delta1	2.07311179106754e-06	0.000278290177511901	0.000406677646963135
BX.KLT.DINV.WD.GD.ZS	2.05940846535588e-06	0.00108337459156262	0.00126070070558572
SE.PRM.ENRR.MA	2.05609488412324e-06	0.000414141608935377	0.000711685882185486
SM.POP.RHCR.EA	2.04864505453126e-06	0.000885946088271162	0.000833689176274426
BX.GSR.TRAN.ZS_ratioavg2	2.0353309965598e-06	0.000285736707133145	0.000508347058703918
TX.VAL.MRCH.RS.ZS_delta1	2.00131082588606e-06	0.000324878721808919	0.000488013176355762
MS.MIL.MPRT.KD_ratioavg2	1.99853698051845e-06	0.000919360003238286	0.00111836352914862
BM.TRF.PWKR.CD.DT_min2	1.99528095646166e-06	0.000910385980361401	0.000711685882185486
EG.ELC.FOSL.ZS_tend2	1.9894534936916e-06	0.000166114891550843	0.000427011529311291
SP.DYN.LE00.FE.IN_lag1	1.96622912459312e-06	0.000541687295781312	0.000325342117570508
SP.RUR.TOTL.ZG_rank	1.94989912702117e-06	0.000130314268371782	0.000142337176437097
IS.AIR.DPRT_ratioavg2	1.90461694501952e-06	0.00184702575105411	0.00199272047011936
DC.DAC.USAL.CD_isNA_rank	1.89878202363663e-06	0.000439536184310391	0.000630350352792859
DC.DAC.TOTL.CD_rank	1.8975173300477e-06	0.00101721503992772	0.000711685882185486
SP.POP.2024.FE.5Y	1.8908957356174e-06	0.000276953620913216	0.000284674352874194
SM.POP.NETM	1.88642064645343e-06	0.00035113251214023	0.000406677646963135
DT.ODA.ALLD.CD_ratioavg2	1.88399619852314e-06	5.47988205460827e-05	0.00012200329408894
SP.DYN.AMRT.FE_lag1	1.86768329714843e-06	0.000405549459372403	0.000325342117570508
BM.GSR.FCTY.CD_min2	1.86371032792752e-06	3.77099897486109e-05	6.10016470444702e-05
AG.PRD.CROP.XD_min2	1.86199064028323e-06	0.000469035897809938	0.000610016470444702
AG.CON.FERT.ZS	1.83330129958379e-06	0.00293106862091608	0.00160637670550438
SE.PRM.ENRR.MA_delta1	1.82372845910189e-06	0.000202870198014679	0.000386343764614978
TM.VAL.MRCH.R2.ZS	1.8126230567418e-06	0.000166687701521708	0.000386343764614978
EG.USE.ELEC.KH.PC_isNA_rank	1.81032893562792e-06	0.000319914368728089	0.000630350352792859
TM.VAL.AGRI.ZS.UN_rank	1.79981998998708e-06	3.32229783101686e-05	0.00012200329408894
NV.IND.TOTL.KD.ZG	1.77763286473982e-06	0.000265401953167439	0.000549014823400232
SP.RUR.TOTL.ZG_delta1	1.73108117665825e-06	0.000392279361714031	0.000691351999837329
NV.AGR.TOTL.KD.ZG_rank	1.71696612595042e-06	0.000219672623826718	0.000406677646963135
MS.MIL.XPND.GD.ZS_isNA_rank	1.71561453895634e-06	0.000181389824107242	0.000427011529311291
BX.TRF.PWKR.DT.GD.ZS_lag1	1.71520407139782e-06	0.000106447186252408	0.00012200329408894
EN.GHG.CH4.WA.MT.CE.AR5_ratioavg2	1.7095618696508e-06	0.000665509717816624	0.00093535858801521
TM.VAL.FUEL.ZS.UN	1.69011086969539e-06	0.000374235847631784	0.000671018117489172
TX.VAL.MRCH.RS.ZS_lag1	1.6437365887062e-06	8.78308621992962e-05	0.00012200329408894
BM.GSR.TRAN.ZS_min2	1.60727876157858e-06	7.52290428402668e-05	0.00012200329408894
NY.GDP.TOTL.RT.ZS_rank	1.60130721996233e-06	5.39396055897852e-05	0.000101669411740784
TX.VAL.FOOD.ZS.UN_lag1	1.59587709737744e-06	0.000424452188410947	0.000589682588096545
BG.GSR.NFSV.GD.ZS_lag1	1.56793417700849e-06	2.47262970756714e-05	6.10016470444702e-05
SE.SEC.ENRL.GC_delta1	1.56176545618517e-06	0.0198860528218624	0.0142337176437097
DT.ODA.ODAT.GN.ZS_tend2	1.56140214536332e-06	0.000140720316175829	0.000386343764614978
BX.GRT.TECH.CD.WD_min2	1.55941232204095e-06	0.000114180120859085	0.00012200329408894
BM.GSR.TRVL.ZS_ratioavg2	1.53932001028569e-06	0.000176425471026412	0.000427011529311291
DC.DAC.CANL.CD_isNA_rank	1.50529065431644e-06	0.00036182496492971	0.000569348705748389
BX.PEF.TOTL.CD.WD_ratiomax2	1.50326071819757e-06	0.000876399255423413	0.00099636023505968
TM.VAL.SERV.CD.WT_delta1	1.49511117635854e-06	0.00390971445613889	0.00203338823481567
BM.GSR.CMCP.ZS	1.49070586686032e-06	0.000149503402395759	0.000305008235222351
TX.VAL.MRCH.OR.ZS	1.4868573846075e-06	5.68036554441101e-05	0.000101669411740784
DC.DAC.FRAL.CD_min2	1.44837217518849e-06	0.00016735597982105	0.000284674352874194
NE.EXP.GNFS.KD.ZG	1.44498287028821e-06	0.000447460055574023	0.000752353646881799
NE.CON.PRVT.KD.ZG_tend2	1.42126305248277e-06	0.000494144068199519	0.000671018117489172
SP.POP.2529.FE.5Y_delta1	1.40611362567576e-06	0.00124194748516374	0.0013623701173265
FI.RES.TOTL.MO	1.38952540487456e-06	0.000267120383080034	0.000345675999918664
IS.AIR.PSGR_isNA_rank	1.380793110119e-06	0.000504836520988998	0.000833689176274426
AG.LND.ARBL.HA.PC_ratioavg2	1.37857005912711e-06	7.0264689759437e-05	0.000162671058785254
BX.PEF.TOTL.CD.WD_ratioavg2	1.37767747857226e-06	0.000857973868027256	0.00105736188210415
SP.DYN.LE00.IN	1.36538020209135e-06	0.000299961488076292	0.000203338823481567
EN.URB.MCTY.TL.ZS	1.35593769633238e-06	0.000414905355563197	0.000549014823400232
DT.ODA.ODAT.KD_lag1	1.34298790079841e-06	0.000118762600626005	0.000101669411740784
NV.IND.TOTL.ZS_delta1	1.3375555761806e-06	0.000475718680803362	0.000955692470363367
SP.URB.TOTL.IN.ZS	1.32206852795413e-06	0.000218336067228033	0.000142337176437097
BX.TRF.CURR.CD_isNA_rank	1.30461276096792e-06	0.000243157832632182	0.000528680941052075
EN.GHG.CH4.WA.MT.CE.AR5_tend2	1.29789158612403e-06	0.000300534298047157	0.000406677646963135
SP.POP.3034.MA.5Y_delta1	1.26570506227393e-06	0.000259864790115744	0.000366009882266821
EG.ELC.HYRO.ZS_avg2	1.24938230871863e-06	0.000235424898025505	0.000203338823481567
NY.GDP.MKTP.CN_isNA_rank	1.23918916288336e-06	0.000847854225208641	0.00126070070558572
EN.GHG.CH4.IC.MT.CE.AR5_tend2	1.23536984798406e-06	0.000205829716197481	0.000366009882266821
EN.GHG.N2O.PI.MT.CE.AR5_tend2	1.2317523731956e-06	0.00141407688140867	0.00124036682323756
IT.CEL.SETS_tend2	1.22222822825156e-06	0.000372231012733757	0.000508347058703918
EG.ELC.NGAS.ZS_rank	1.21745337158681e-06	6.41547167368773e-05	0.00012200329408894
SE.ENR.PRIM.FM.ZS_delta1	1.21277344628974e-06	0.000177380154311187	0.000427011529311291
SE.TER.ENRR_rank	1.21213983793662e-06	0.000144920922628839	0.000223672705829724
MS.MIL.XPND.CD_isNA_rank	1.20061154759444e-06	0.000243062364303705	0.000691351999837329
EG.ELC.COAL.ZS_ratioavg2	1.18829896266954e-06	0.000139574696234099	0.000244006588177881
SH.DTH.IMRT	1.1857535245078e-06	0.000154372287148111	0.000142337176437097
IT.MLT.MAIN_tend2	1.17716149214731e-06	0.000638778585842925	0.000894690823318896
NE.IMP.GNFS.ZS_delta1	1.17408676812429e-06	0.00558766579745936	0.00414811199902397
TM.VAL.MANF.ZS.UN_delta1	1.17202629922006e-06	0.00872866927269745	0.00579515646922467
NE.CON.TOTL.KD_tend2	1.16125362203549e-06	0.000131078014999602	0.000223672705829724
SP.POP.6569.FE.5Y_lag1	1.15912712104758e-06	6.80689182044546e-05	4.06677646963135e-05
TM.VAL.INSF.ZS.WT_isNA_rank	1.14169899955928e-06	9.58502017914059e-05	0.000345675999918664
SP.POP.TOTL.FE.ZS_delta1	1.14045613264946e-06	0.0102473794421175	0.00725919599829195
EN.GHG.CH4.AG.MT.CE.AR5_ratioavg2	1.12545382357375e-06	0.000209648449336581	0.000325342117570508
SP.POP.5054.FE.5Y_rank	1.12136685774545e-06	0.000506268545916161	0.000366009882266821
MS.MIL.XPND.CD_tend2	1.11732973403004e-06	0.000605651075861234	0.00103702799975599
FS.AST.PRVT.GD.ZS_ratioavg2	1.11405811001246e-06	5.89994269990925e-05	0.000162671058785254
SH.MMR.RISK	1.07980534959508e-06	0.000397530119780293	0.000447345411659448
NV.AGR.TOTL.CD_isNA_rank	1.07695869899955e-06	0.000264447269882664	0.000549014823400232
BM.GSR.TRVL.ZS	1.07342732337444e-06	0.000247931249056057	0.000427011529311291
NY.ADJ.DKAP.GN.ZS_delta1	1.0712582615678e-06	0.000450419573756826	0.000793021411578113
DC.DAC.JPNL.CD_lag1	1.07082466647222e-06	0.000242298617675885	0.000467679294007605
SP.POP.1014.FE.5Y_lag1	1.06626177505037e-06	3.79963947340434e-05	6.10016470444702e-05
AG.LND.ARBL.HA.PC_lag1	1.04724579519586e-06	0.000383305338837146	0.000406677646963135
AG.YLD.CREL.KG_max2	1.03877576941371e-06	0.000217094978957826	0.000183004941133411
SP.POP.2529.MA.5Y_delta1	1.03763399160723e-06	0.000859501361282896	0.00101669411740784
DC.DAC.CECL.CD_max2	1.03704514570373e-06	0.000129264116758529	0.000183004941133411
FP.CPI.TOTL.ZG_max2	1.02988894952894e-06	0.000284304682205983	0.000508347058703918
NE.RSB.GNFS.CN_delta1	1.01978275941458e-06	0.00413244206647689	0.00378210211675715
SP.POP.1014.FE.5Y_delta1	1.01872434122402e-06	0.0011369323238385	0.00117936517619309
TX.VAL.FUEL.ZS.UN_delta1	1.00225345880769e-06	0.0168738361217404	0.0112649708208788
TX.VAL.TRVL.ZS.WT_rank	9.83053573230575e-07	9.46091135211985e-05	0.000162671058785254
BM.GSR.INSF.ZS_avg2	9.77776097636773e-07	5.8522085356705e-05	0.000101669411740784
EN.GHG.CO2.TR.MT.CE.AR5_tend2	9.67280440689284e-07	0.000295283539980895	0.000406677646963135
SP.POP.BRTH.MF_delta1	9.62855659045627e-07	0.00325613827938195	0.00223672705829724
NY.GDP.MKTP.KD.ZG_rank	9.61395671496242e-07	5.78538070573625e-05	0.000142337176437097
EN.GHG.CO2.IP.MT.CE.AR5_tend2	9.61177543240921e-07	0.00047390478256229	0.000772687529229956
SP.DYN.LE00.MA.IN_delta1	9.52109466491524e-07	0.000190172910327172	0.000345675999918664
SE.SEC.ENRR.FE_isNA_rank	9.44266289288531e-07	0.000144825454300361	0.000325342117570508
TX.VAL.MRCH.OR.ZS_delta1	9.40040790504959e-07	0.000807566590591138	0.00142337176437097
AG.LND.AGRI.K2_ratioavg2	9.38533753084259e-07	0.0001281184968168	0.000183004941133411
NE.GDI.TOTL.CD_isNA_rank	9.31259191588132e-07	0.000108833894464345	0.000264340470526038
IS.AIR.GOOD.MT.K1_lag1	9.20206307034524e-07	0.000545219623934979	0.000427011529311291
NY.ADJ.DNGY.CD_isNA_rank	9.18457315348127e-07	0.000427316238265272	0.000854023058622583
BM.GSR.INSF.ZS_ratioavg2	8.74298019010309e-07	0.000199337869861012	0.000427011529311291
EG.USE.PCAP.KG.OE_tend2	8.72837200389411e-07	0.000579397285529923	0.000833689176274426
DC.DAC.TOTL.CD_isNA_rank	8.6807337873053e-07	0.000250317957267994	0.000467679294007605
FM.AST.PRVT.GD.ZS_tend2	8.64684901433772e-07	0.000465026228013883	0.000508347058703918
TM.VAL.FOOD.ZS.UN_lag1	8.43460821786699e-07	0.000411182090752575	0.000691351999837329
DT.ODA.ODAT.CD_isNA_rank	8.37457536711366e-07	0.000584170701953798	0.000671018117489172
SE.PRM.ENRL.FE.ZS_lag1	8.19451044117225e-07	0.000189791037013262	0.000427011529311291
EN.GHG.N2O.TR.MT.CE.AR5_tend2	7.95613889162936e-07	0.000548656483760169	0.000671018117489172
TM.VAL.MRCH.AL.ZS_delta1	7.86573043280155e-07	0.00802420847686201	0.00577482258687651
SH.DYN.NMRT	7.85974035866148e-07	1.34610343153269e-05	4.06677646963135e-05
NY.ADJ.DRES.GN.ZS_rank	7.81788840969305e-07	7.13148413726895e-05	0.000142337176437097
SP.POP.65UP.TO.ZS_lag1	7.81165475191383e-07	7.01692214309595e-05	6.10016470444702e-05
NY.GDP.PCAP.CD_delta1	7.74142229234735e-07	0.000349414082227635	0.000345675999918664
BM.GSR.CMCP.ZS_isNA_rank	7.66322009655827e-07	0.000202870198014679	0.000447345411659448
NE.RSB.GNFS.ZS	7.66219189417086e-07	0.00706026476422473	0.00416844588137213
NV.IND.MANF.ZS_delta1	7.63830223989099e-07	0.000482783337110697	0.00103702799975599
BX.GSR.TRVL.ZS_max2	7.62801778189314e-07	0.000102342048127876	0.000244006588177881
SH.MMR.RISK_lag1	7.52063341637447e-07	0.000136997051365207	0.000183004941133411
FS.AST.PRVT.GD.ZS	7.49223748399293e-07	0.000133942064853927	0.000223672705829724
NY.ADJ.DNGY.CD_delta1	7.47068843466568e-07	0.000273516761088026	0.000406677646963135
FP.CPI.TOTL.ZG_isNA_rank	7.43917091478591e-07	0.000750571998490073	0.00148437341141544
DT.ODA.ODAT.PC.ZS	7.43210943062652e-07	3.81873313909984e-05	0.00012200329408894
BG.GSR.NFSV.GD.ZS_min2	7.4102898529197e-07	8.78308621992962e-05	0.000183004941133411
DC.DAC.FRAL.CD_ratiomax2	7.36605684060412e-07	6.11951985540749e-05	0.000142337176437097
DT.ODA.ODAT.PC.ZS_isNA_rank	7.35687701690757e-07	0.000555530203410549	0.000508347058703918
DT.NFL.UNDP.CD_rank	7.24297773098764e-07	0.000322873886910891	0.000244006588177881
NV.AGR.TOTL.KD.ZG_isNA_rank	7.20545736404909e-07	0.000307026144383627	0.000671018117489172
BM.GSR.INSF.ZS_isNA_rank	7.04409717156359e-07	8.45849390310614e-05	0.000183004941133411
SP.POP.65UP.MA.ZS_delta1	6.89068206884553e-07	0.00047352290924838	0.000488013176355762
IT.MLT.MAIN.P2_max2	6.87272735654397e-07	4.7352290924838e-05	6.10016470444702e-05
BM.KLT.DINV.WD.GD.ZS_ratiomax2	6.86257193868237e-07	4.99299357937304e-05	8.13355293926269e-05
SP.POP.BRTH.MF	6.81806151851158e-07	2.10985005935266e-05	8.13355293926269e-05
BX.KLT.DINV.WD.GD.ZS_rank	6.81546193987665e-07	0.000334234617999713	0.000569348705748389
NE.CON.PRVT.ZS_lag1	6.77194121667326e-07	0.00200817628952413	0.00158604282315623
AG.YLD.CREL.KG_avg2	6.76756812453462e-07	0.000205734247869004	0.000183004941133411
BM.GSR.TRAN.ZS_rank	6.58825948622263e-07	5.32713272904427e-05	8.13355293926269e-05
TM.VAL.OTHR.ZS.WT_isNA_rank	6.55976370687118e-07	0.000226355406820143	0.000427011529311291
DC.DAC.CECL.CD_isNA_rank	6.55193594457771e-07	0.00011704417071341	0.000223672705829724
NY.GSR.NFCY.CN_lag1	6.53489067173428e-07	0.000968717129061151	0.00099636023505968
NE.CON.PRVT.PC.KD_rank	6.46254370043601e-07	2.81631569008613e-05	4.06677646963135e-05
BX.GSR.TRAN.ZS_tend2	6.42637675732224e-07	0.000476291490774227	0.00087435694097074
SE.PRM.ENRR.FE_lag1	6.4086804286686e-07	0.000470372454408622	0.000610016470444702
FM.AST.DOMS.CN_ratioavg2	6.24080037393073e-07	0.000334330086328191	0.000772687529229956
DC.DAC.CANL.CD_ratioavg2	6.14727558831955e-07	0.0001281184968168	0.000366009882266821
BM.KLT.DINV.CD.WD_isNA_rank	6.14597565128126e-07	0.00297068797723424	0.00221639317594908
NY.GSR.NFCY.CN_delta1	6.12321683506855e-07	0.00443039871965515	0.00345675999918664
EN.GHG.CH4.PI.MT.CE.AR5_tend2	6.08415167269432e-07	0.000925374507932368	0.00093535858801521
EN.GHG.N2O.PI.MT.CE.AR5_ratioavg2	6.05962047577184e-07	0.000807089248948751	0.000833689176274426
SP.DYN.TO65.MA.ZS_delta1	6.01049587720596e-07	0.000197333034962984	0.000325342117570508
IS.AIR.PSGR_ratioavg2	5.93630015054438e-07	0.000679352625445861	0.00126070070558572
BM.KLT.DINV.WD.GD.ZS	5.92899294079756e-07	0.000506173077587683	0.000508347058703918
DT.ODA.ODAT.CD	5.81479171282532e-07	0.000128213965145277	0.000101669411740784
EN.GHG.CO2.BU.MT.CE.AR5_tend2	5.81410392707567e-07	0.00146839836031236	0.0015047072937636
NE.TRD.GNFS.ZS_delta1	5.81350489472098e-07	0.0342998610553947	0.020232212936416
TM.VAL.FUEL.ZS.UN_delta1	5.81113217691077e-07	0.0206410163634624	0.0124036682323756
BX.TRF.PWKR.CD.DT_min2	5.76987202251694e-07	5.91903636560475e-05	0.000142337176437097
BX.GRT.TECH.CD.WD_ratioavg2	5.69294299588312e-07	0.000187404328801325	0.000427011529311291
EG.ELC.HYRO.ZS_tend2	5.67426926252871e-07	0.000181198887450287	0.000386343764614978
IS.AIR.GOOD.MT.K1_ratioavg2	5.62161791181254e-07	0.00114428338513127	0.00229772870534171
BX.GSR.FCTY.CD_lag1	5.6036177406747e-07	0.000112652627603445	0.00012200329408894
NY.GDP.PCAP.KN_rank	5.59045097098184e-07	1.43202492716244e-05	4.06677646963135e-05
TM.VAL.MRCH.CD.WT_lag1	5.39813475582711e-07	0.000117616980684275	0.000101669411740784
BM.KLT.DINV.CD.WD_tend2	5.2936975600703e-07	0.00106494920416647	0.00126070070558572
NY.GSR.NFCY.CN_isNA_rank	5.28629528048099e-07	0.0013053384552728	0.00128103458793387
EN.URB.MCTY.TL.ZS_isNA_rank	5.24955477153972e-07	0.000337098667854038	0.000589682588096545
TM.VAL.MRCH.R6.ZS_isNA_rank	5.15829959790869e-07	0.00236933297615449	0.00178938164663779
NY.GDP.PCAP.CD_rank	5.13041796010332e-07	0.000111220602676283	0.000101669411740784
MS.MIL.XPND.CD_min2	5.12642052530539e-07	2.59673853458789e-05	8.13355293926269e-05
DC.DAC.CECL.CD_avg2	5.10743292322214e-07	0.000122581333765105	0.00012200329408894
NV.IND.MANF.ZS_lag1	5.02534881512884e-07	0.000587321156793555	0.000711685882185486
FP.CPI.TOTL.ZG_avg2	4.98370543281865e-07	0.000363925268156214	0.000427011529311291
NV.IND.MANF.KD_delta1	4.92582785637727e-07	0.000290987465199408	0.000467679294007605
EN.GHG.CO2.MT.CE.AR5_tend2	4.92016212281164e-07	0.000149216997410326	0.000244006588177881
DC.DAC.CANL.CD_rank	4.89206989263315e-07	0.000413855203949945	0.000305008235222351
NE.CON.PRVT.PC.KD_max2	4.79808757972934e-07	0.00011093419769085	0.000101669411740784
NY.GNP.PCAP.CD_delta1	4.78697619933947e-07	0.0030323605174307	0.00174871388194148
TX.VAL.MANF.ZS.UN_delta1	4.7626293563908e-07	0.00106065312938498	0.00109802964680046
TM.VAL.TRAN.ZS.WT_isNA_rank	4.73389202526411e-07	0.000138333607963892	0.000406677646963135
BX.KLT.DINV.WD.GD.ZS_lag1	4.70547284527446e-07	0.000481828653825922	0.000650684235141016
BX.GSR.TOTL.CD_isNA_rank	4.70253444839658e-07	0.000292896831768958	0.000691351999837329
FS.AST.CGOV.GD.ZS_tend2	4.67055761458522e-07	0.000842794403799334	0.0015047072937636
BX.GSR.FCTY.CD_ratiomax2	4.61722033025049e-07	2.00483489802741e-05	2.03338823481567e-05
SE.PRM.TCHR_lag1	4.57152889378244e-07	0.000182153570735062	0.000406677646963135
SH.DYN.MORT.FE_delta1	4.53061203856966e-07	0.00011628042408559	0.000101669411740784
FD.AST.PRVT.GD.ZS_tend2	4.52098519097124e-07	0.000857591994713346	0.000813355293926269
EN.GHG.CH4.MT.CE.AR5_ratioavg2	4.47984410929427e-07	0.000304162094529302	0.000366009882266821
EG.ELC.PETR.ZS_ratioavg2	4.37558162753234e-07	0.00028669139041792	0.000569348705748389
NY.GDP.TOTL.RT.ZS_delta1	4.37121272881296e-07	0.000233610999784433	0.000508347058703918
EN.GHG.ALL.PC.CE.AR5_ratioavg2	4.35524702517803e-07	0.000558680658250306	0.000589682588096545
NY.ADJ.DNGY.GN.ZS_delta1	4.31952213439106e-07	0.00029623822326567	0.000569348705748389
EN.GHG.CH4.BU.MT.CE.AR5_ratioavg2	4.31706860658506e-07	0.000946473008525895	0.00124036682323756
BX.GSR.GNFS.CD_max2	4.2919274017541e-07	0.000182821849034405	0.000101669411740784
NE.RSB.GNFS.CN_rank	4.24106503032112e-07	1.36519709722819e-05	4.06677646963135e-05
IT.MLT.MAIN.P2	4.21995385759302e-07	0.000121435713823375	0.000142337176437097
BX.TRF.CURR.CD	4.17921190715195e-07	6.54912733355622e-05	0.000203338823481567
SP.POP.7074.FE.5Y	4.15483626016419e-07	0.000324496848495009	0.000264340470526038
TX.VAL.MANF.ZS.UN_isNA_rank	4.0730213320572e-07	0.000856828248085526	0.000915024705667053
TX.VAL.MRCH.R5.ZS_delta1	4.03388595732521e-07	0.000280104075752973	0.000894690823318896
NE.CON.PRVT.ZS_avg2	3.99139969542921e-07	0.00108213350329242	0.000650684235141016
DT.ODA.ALLD.KD_rank	3.98980397014386e-07	0.000307121612712104	0.000162671058785254
BX.GSR.CMCP.ZS_isNA_rank	3.98624765558645e-07	0.00408289400399707	0.00319241952866061
DT.ODA.ODAT.PC.ZS_rank	3.97897580093253e-07	0.00042091986025728	0.000284674352874194
NY.GSR.NFCY.CD_lag1	3.97717508618642e-07	0.000878976900292305	0.000732019764533643
SG.LAW.INDX_delta1	3.90898373552822e-07	5.07891507500278e-05	6.10016470444702e-05
NY.GSR.NFCY.CD_delta1	3.89311682374374e-07	0.00231453415560841	0.00174871388194148
TX.VAL.FOOD.ZS.UN_isNA_rank	3.83952373368948e-07	0.0002371433279381	0.000345675999918664
SE.SEC.ENRR	3.8117179497559e-07	0.000148739655767939	0.000345675999918664
DC.DAC.GBRL.CD_rank	3.80413958877063e-07	0.00036067934498798	0.000284674352874194
EN.GHG.CH4.FE.MT.CE.AR5_ratioavg2	3.77134216729235e-07	0.000155995248732228	0.000325342117570508
NE.IMP.GNFS.CN_delta1	3.6938288818486e-07	0.0128821143714394	0.00774720917464772
NY.GDP.TOTL.RT.ZS	3.68749323514878e-07	0.000332611656415596	0.000325342117570508
SE.SEC.ENRR_rank	3.64230548589702e-07	5.46078838891277e-05	0.00012200329408894
AG.PRD.LVSK.XD_tend2	3.53540865072728e-07	0.000547797268803872	0.000793021411578113
NV.SRV.TOTL.KD.ZG_rank	3.50083843331489e-07	0.000109120299449778	0.000183004941133411
TM.VAL.MRCH.R3.ZS_delta1	3.49866693486448e-07	0.000431803249703714	0.000894690823318896
DC.DAC.CECL.CD_lag1	3.44573764684931e-07	0.000135565026438044	0.000305008235222351
NY.GDP.DEFL.KD.ZG	3.43120064346327e-07	0.00086885725747369	0.000976026352711523
DC.DAC.GBRL.CD_isNA_rank	3.41995862141819e-07	0.000422542821841397	0.000549014823400232
FP.CPI.TOTL_ratioavg2	3.36762872093232e-07	0.000159527576885896	0.000183004941133411
SP.POP.1014.FE.5Y	3.36466846566648e-07	0.000196091946692777	0.000183004941133411
TX.VAL.MRCH.WL.CD_delta1	3.31793648337363e-07	0.00274767396191081	0.0021147237642083
BX.KLT.DINV.CD.WD_ratiomax2	3.28799056848167e-07	8.36302557462864e-05	0.000142337176437097
NY.ADJ.NNTY.PC.CD_isNA_rank	3.25602748548743e-07	0.000151508237293786	0.000264340470526038
BX.GRT.EXTA.CD.WD_isNA_rank	3.2448794571178e-07	0.000433903552930219	0.000467679294007605
FP.CPI.TOTL_tend2	3.24130555976535e-07	0.000250413425596472	0.000406677646963135
SP.POP.0014.MA.ZS_lag1	3.24048140821595e-07	0.000104919692996768	8.13355293926269e-05
NY.GDP.PCAP.CD_lag1	3.23188365331384e-07	0.000179289520880737	0.00012200329408894
DC.DAC.FRAL.CD_rank	3.23143532501065e-07	0.000199910679831876	0.000183004941133411
EN.GHG.ALL.PC.CE.AR5_min2	3.20818816516354e-07	3.53232815366735e-05	4.06677646963135e-05
EN.GHG.CH4.MT.CE.AR5_max2	3.17403849735134e-07	4.29607478148732e-06	2.03338823481567e-05
AG.PRD.LVSK.XD_ratiomax2	3.16532285544343e-07	4.42973044135581e-05	4.06677646963135e-05
SP.DYN.IMRT.MA.IN_delta1	3.05758824609121e-07	3.5991559836016e-05	8.13355293926269e-05
DT.ODA.ODAT.GN.ZS_isNA_rank	3.04694051407431e-07	0.000444500537391221	0.000630350352792859
DT.ODA.ODAT.PC.ZS_max2	3.04459473401429e-07	4.86888475235229e-05	6.10016470444702e-05
SP.POP.1564.TO.ZS_rank	3.0431916258318e-07	0.000367457596309882	0.000244006588177881
SP.POP.1519.FE.5Y_lag1	3.02957771435972e-07	5.14574290493703e-05	8.13355293926269e-05
SH.IMM.MEAS_delta1	3.01130111698281e-07	4.40108994281256e-05	0.00012200329408894
TM.VAL.INSF.ZS.WT_delta1	2.92849903036407e-07	0.000134896748138702	0.000284674352874194
SP.DYN.CDRT.IN	2.84742891501992e-07	0.000423974846768559	0.000508347058703918
ER.H2O.INTR.PC_tend2	2.80846492358565e-07	0.000136710646379774	0.000305008235222351
TM.VAL.MRCH.HI.ZS_lag1	2.78501268812706e-07	0.000478391794000732	0.000366009882266821
SH.IMM.IDPT_lag1	2.72667844164201e-07	8.42985340456289e-05	0.000142337176437097
TM.VAL.MRCH.R3.ZS_lag1	2.72060044064081e-07	7.64701311104742e-05	0.000203338823481567
NY.ADJ.NNTY.CD_isNA_rank	2.70822964124725e-07	0.000248981400669309	0.000569348705748389
FM.AST.NFRG.CN_ratioavg2	2.69379490697211e-07	0.000278385645840378	0.000711685882185486
EG.ELC.NGAS.ZS_ratioavg2	2.66643341157572e-07	0.000727182258013086	0.000772687529229956
SE.SEC.ENRR.FE	2.61039822974263e-07	0.000162009753426311	0.000244006588177881
NY.GDP.DEFL.KD.ZG_lag1	2.59989258702748e-07	0.000267597724722421	0.000244006588177881
TM.VAL.MRCH.AL.ZS_lag1	2.58875822977359e-07	0.000423783910111604	0.000630350352792859
SP.POP.6569.MA.5Y_rank	2.58463673084112e-07	5.8522085356705e-05	6.10016470444702e-05
SP.POP.1519.FE.5Y	2.58085846470613e-07	0.000111125134347805	0.000162671058785254
NE.IMP.GNFS.ZS	2.57574295503011e-07	0.000725654764757447	0.000691351999837329
EG.ELC.HYRO.ZS_rank	2.55717601296608e-07	2.78767519154288e-05	6.10016470444702e-05
NY.GDP.PCAP.KD.ZG	2.51633068083093e-07	0.000201533641415994	0.000345675999918664
SE.PRM.ENRL.FE.ZS_delta1	2.50749513119152e-07	0.000203443007985544	0.000528680941052075
AG.YLD.CREL.KG_ratioavg2	2.50014256790314e-07	0.000131173483328079	0.000284674352874194
IT.MLT.MAIN.P2_ratioavg2	2.47595558582788e-07	0.000464453418043018	0.000549014823400232
SP.POP.6569.FE.5Y_rank	2.46829265913127e-07	0.000391229210100778	0.000284674352874194
SM.POP.NETM_delta1	2.4557755395823e-07	0.000249267805654742	0.000569348705748389
NY.ADJ.DMIN.GN.ZS_isNA_rank	2.44951847396773e-07	0.000334043681342758	0.000671018117489172
BG.GSR.NFSV.GD.ZS_avg2	2.44297844031351e-07	8.17208891767365e-05	0.000162671058785254
SH.MMR.RISK.ZS	2.44087211289065e-07	0.000120290093881645	0.000142337176437097
MS.MIL.MPRT.KD_isNA_rank	2.42279687149721e-07	0.00034845939894286	0.000671018117489172
SE.PRM.TCHR_delta1	2.41536081502031e-07	0.00052383471835602	0.00101669411740784
DT.ODA.ODAT.GN.ZS_ratioavg2	2.39089365292788e-07	0.000181198887450287	0.000305008235222351
SH.DYN.MORT.MA_delta1	2.38531139512156e-07	6.79734498759771e-05	8.13355293926269e-05
SH.DTH.NMRT_lag1	2.28351991477406e-07	0.00136691552714079	0.000813355293926269
IT.MLT.MAIN.P2_avg2	2.27457409996422e-07	6.58731466494722e-06	2.03338823481567e-05
NV.IND.MANF.KD_isNA_rank	2.27306077231328e-07	0.000119049005611437	0.000223672705829724
TX.VAL.MRCH.R2.ZS_lag1	2.23293872233138e-07	0.00017422969947143	0.000345675999918664
NV.IND.TOTL.CN_isNA_rank	2.2304535607371e-07	0.000238098011222875	0.000427011529311291
EN.GHG.N2O.IP.MT.CE.AR5	2.17565702292764e-07	1.32700976583719e-05	6.10016470444702e-05
FI.RES.TOTL.MO_isNA_rank	2.16495681836747e-07	0.000488797841804779	0.000589682588096545
EN.GHG.CO2.TR.MT.CE.AR5_delta1	2.13855004039307e-07	0.00149150169580392	0.000915024705667053
TM.VAL.MRCH.R2.ZS_delta1	2.12792834119205e-07	0.000530231096364012	0.000976026352711523
BM.GSR.TOTL.CD_isNA_rank	2.09248657606318e-07	0.00035800623179061	0.000854023058622583
NE.CON.TOTL.KD_min2	2.07679854151254e-07	0.000387124071976246	0.000244006588177881
EN.GHG.CO2.PI.MT.CE.AR5_tend2	2.06371923365894e-07	0.00034387691917594	0.000589682588096545
SP.DYN.AMRT.MA_rank	2.06086521600739e-07	6.12906668825524e-05	8.13355293926269e-05
NE.CON.TOTL.KD_isNA_rank	2.04217980401975e-07	0.000154945097118976	0.000366009882266821
EG.ELC.NUCL.ZS_lag1	1.97448049015711e-07	0.00058789396676442	0.000345675999918664
DT.ODA.ODAT.GN.ZS_lag1	1.96041517115651e-07	0.00064507949552244	0.000528680941052075
TM.VAL.OTHR.ZS.WT_rank	1.94899548868295e-07	2.91178401856363e-05	8.13355293926269e-05
FM.AST.PRVT.GD.ZS_isNA_rank	1.9424229533052e-07	0.00012009915722469	0.000366009882266821
FS.AST.CGOV.GD.ZS_isNA_rank	1.92116409686564e-07	0.000131841761627422	0.000427011529311291
SP.URB.TOTL.IN.ZS_lag1	1.92104398839548e-07	0.000726418511385267	0.000488013176355762
SP.POP.5559.MA.5Y_delta1	1.9181557958158e-07	0.001497516200498	0.00105736188210415
SP.DYN.LE00.IN_lag1	1.9180148302838e-07	0.000167546916478005	0.00012200329408894
SE.SEC.ENRR_isNA_rank	1.91659545257572e-07	0.000141197657818216	0.000366009882266821
TX.VAL.MRCH.R4.ZS_delta1	1.88693728114233e-07	0.000606605759146009	0.00119969905854125
SP.POP.4044.MA.5Y_lag1	1.88028521552315e-07	0.00390264979983156	0.00205372211716383
TM.VAL.MRCH.R4.ZS_delta1	1.86452880807834e-07	0.000502163407791629	0.00113869741149678
NY.GDP.MKTP.KN_isNA_rank	1.86112959732544e-07	0.000127832091831367	0.000366009882266821
SE.PRM.AGES_rank	1.83252684669507e-07	0.000562308454732451	0.000976026352711523
FD.AST.PRVT.GD.ZS_min2	1.83239327018466e-07	0.000318100470487016	0.000244006588177881
SM.POP.NETM_lag1	1.81506134994019e-07	0.0136429014810766	0.00858089835092214
EN.GHG.CO2.PC.CE.AR5_tend2	1.80547021189985e-07	0.000618061958563309	0.000569348705748389
NY.GDP.MKTP.KN_delta1	1.78800392623723e-07	0.000194182580123227	0.000264340470526038
EG.ELC.COAL.ZS_tend2	1.76992981799836e-07	0.000449369422143573	0.000589682588096545
FD.AST.PRVT.GD.ZS	1.76054913155348e-07	0.000460634684903918	0.000589682588096545
MS.MIL.XPND.CD_ratioavg2	1.75263960498912e-07	0.000193991643466272	0.000488013176355762
EN.GHG.N2O.IC.MT.CE.AR5_ratioavg2	1.74936310783405e-07	0.000265783826481349	0.000325342117570508
SE.TER.ENRR	1.74452639282407e-07	0.0007602142996663	0.000772687529229956
AG.YLD.CREL.KG_tend2	1.73622419613516e-07	0.0002973838432074	0.000488013176355762
NE.CON.PRVT.KD_min2	1.69564367924731e-07	0.000211080474263743	0.000223672705829724
DC.DAC.JPNL.CD	1.6863976169936e-07	0.000105301566310678	0.000223672705829724
NE.DAB.TOTL.CD	1.67787291071255e-07	0.000155995248732228	0.000386343764614978
TX.VAL.MRCH.R3.ZS_lag1	1.67498111231738e-07	0.000372994759361577	0.000386343764614978
NY.GDP.FCST.CD_isNA_rank	1.66964731103534e-07	0.000146543884212956	0.000386343764614978
SP.DYN.AMRT.MA_delta1	1.66363609755516e-07	0.000270270837919791	0.000671018117489172
SP.POP.2529.MA.5Y	1.66126122137459e-07	8.1243547534349e-05	0.000183004941133411
TX.VAL.TRVL.ZS.WT_delta1	1.65138341030778e-07	0.000152558388907038	0.000325342117570508
TX.VAL.MANF.ZS.UN	1.64554625556704e-07	0.00028745513704574	0.000325342117570508
NY.GDP.FCST.CN_isNA_rank	1.61977109613221e-07	0.000313136117406187	0.000650684235141016
DC.DAC.USAL.CD_ratiomax2	1.61905921548349e-07	0.000207643614438554	0.000244006588177881
AG.LND.AGRI.K2_tend2	1.58647443072588e-07	0.000261583220028339	0.000427011529311291
FM.LBL.BMNY.GD.ZS_ratioavg2	1.57697507624773e-07	0.000136997051365207	0.000345675999918664
TM.VAL.INSF.ZS.WT_lag1	1.56287237846904e-07	9.19360003238286e-05	0.000101669411740784
BX.GSR.NFSV.CD_tend2	1.55717247288006e-07	0.00331695160462212	0.00185038329368226
BM.KLT.DINV.WD.GD.ZS_isNA_rank	1.52821917562424e-07	0.000222727610337998	0.000467679294007605
BX.GSR.CMCP.ZS_max2	1.50209811955018e-07	6.95964114600945e-05	0.000203338823481567
DT.ODA.ODAT.PC.ZS_ratioavg2	1.49485246282129e-07	0.000292610426783525	0.000264340470526038
DC.DAC.FRAL.CD_isNA_rank	1.4831830220793e-07	0.000191127593611947	0.000284674352874194
EN.GHG.CH4.BU.MT.CE.AR5_min2	1.47881606894966e-07	1.91891340239767e-05	6.10016470444702e-05
ER.FSH.CAPT.MT_tend2	1.47287577893163e-07	0.000672287969138526	0.000854023058622583
NV.SRV.TOTL.CD_isNA_rank	1.4671162354207e-07	0.00051657912539173	0.000955692470363367
SP.DYN.IMRT.IN_delta1	1.46514261478203e-07	6.22453501673273e-05	8.13355293926269e-05
AG.LND.CREL.HA_tend2	1.43246984252677e-07	0.000205925184525959	0.000467679294007605
NV.SRV.TOTL.ZS	1.41213736783585e-07	0.000238766289522217	0.000264340470526038
TX.VAL.MRCH.HI.ZS_delta1	1.38452838101799e-07	0.000878690495306872	0.00138270399967466
FM.LBL.BMNY.GD.ZS_tend2	1.36342171625065e-07	0.000962893561024024	0.000976026352711523
BM.TRF.PWKR.CD.DT_max2	1.36279028025128e-07	6.21498818388499e-05	0.00012200329408894
BX.KLT.DINV.WD.GD.ZS_tend2	1.36109292491974e-07	0.000212321562533951	0.000386343764614978
BX.GSR.GNFS.CD_isNA_rank	1.35380512038937e-07	0.000325833405093694	0.000650684235141016
TM.VAL.FUEL.ZS.UN_isNA_rank	1.34829556761965e-07	0.00052803532480903	0.000427011529311291
ER.FSH.AQUA.MT_tend2	1.32440740185758e-07	0.000610138087299676	0.000650684235141016
SE.SEC.ENRR.FE_delta1	1.3132694153138e-07	0.000246690160785849	0.000467679294007605
NE.IMP.GNFS.KD.ZG_isNA_rank	1.30837882912084e-07	0.000191127593611947	0.000366009882266821
NV.AGR.TOTL.CN_isNA_rank	1.302601200999e-07	0.000157236337002436	0.000406677646963135
SP.POP.4044.MA.5Y	1.29871495329443e-07	0.000180148735837035	0.000223672705829724
TX.VAL.SERV.CD.WT	1.29620785157452e-07	4.7734164238748e-05	6.10016470444702e-05
EN.GHG.N2O.BU.MT.CE.AR5_min2	1.2931361477622e-07	1.78525774252917e-05	6.10016470444702e-05
SP.POP.1564.MA.ZS_lag1	1.28470158775333e-07	0.00338903019262263	0.00185038329368226
YearsSinceFirst_rank	1.28084050766715e-07	0.000289650908600723	0.000732019764533643
EG.USE.ELEC.KH.PC_tend2	1.28004552880633e-07	0.0014249602708551	0.00168771223489701
NE.CON.PRVT.KD.ZG_ratiomax2	1.27987857126501e-07	0.000266833978094601	0.000406677646963135
SE.PRM.ENRL.FE.ZS_rank	1.27461257769531e-07	0.000105683439624588	0.000325342117570508
SP.POP.7074.FE.5Y_rank	1.25897948583595e-07	3.35093832956011e-05	2.03338823481567e-05
DC.DAC.DEUL.CD_lag1	1.24375115067949e-07	0.00166191266213625	0.00105736188210415
BM.KLT.DINV.CD.WD_min2	1.23201064189823e-07	0.000209934854322014	0.000325342117570508
EN.GHG.N2O.MT.CE.AR5_tend2	1.21638069413427e-07	0.00105244285313592	0.0012200329408894
EN.GHG.N2O.FE.MT.CE.AR5_tend2	1.18909398972529e-07	9.68048850761809e-05	0.000223672705829724
DC.DAC.USAL.CD_rank	1.18482926504666e-07	7.82840293515467e-05	8.13355293926269e-05
NE.CON.TOTL.KD_avg2	1.18219353547684e-07	5.49897572030377e-05	4.06677646963135e-05
DC.DAC.GBRL.CD_ratioavg2	1.15063911638521e-07	0.000246690160785849	0.000569348705748389
NY.GDP.DEFL.KD.ZG_delta1	1.11273515024611e-07	0.000260437600086609	0.000671018117489172
NE.CON.PRVT.KD_rank	1.10883295948203e-07	2.66356636452214e-05	8.13355293926269e-05
TX.VAL.MRCH.WR.ZS_lag1	1.10819115256562e-07	4.7925100895703e-05	0.000101669411740784
FD.AST.PRVT.GD.ZS_lag1	1.0975191754389e-07	0.00148529625445288	0.00111836352914862
NE.EXP.GNFS.KD.ZG_isNA_rank	1.08970800234107e-07	0.00039991682799223	0.000650684235141016
TM.VAL.FUEL.ZS.UN_lag1	1.08554718965767e-07	0.0015501192494891	0.00140303788202281
TX.VAL.MRCH.R3.ZS_delta1	1.07535650560009e-07	0.000377959112442406	0.000772687529229956
DT.ODA.ODAT.GN.ZS_max2	1.07164558680954e-07	0.000141197657818216	0.00012200329408894
BX.GRT.EXTA.CD.WD	1.07159619695293e-07	0.000243348769289137	0.000284674352874194
NE.RSB.GNFS.CD_lag1	1.0597249774268e-07	0.00105960297777173	0.000772687529229956
DT.ODA.ODAT.CD_rank	1.0569549257244e-07	7.1219373044212e-05	6.10016470444702e-05
IS.AIR.PSGR_tend2	1.03091970177118e-07	0.000622453501673273	0.000976026352711523
DT.ODA.ODAT.PC.ZS_avg2	1.02236283960719e-07	0.000115039335815383	0.000101669411740784
TX.VAL.FUEL.ZS.UN_lag1	1.01713306968955e-07	0.000303302879573005	0.000386343764614978
SP.DYN.LE00.MA.IN_lag1	1.01612059200099e-07	0.000114180120859085	0.00012200329408894
EN.GHG.N2O.MT.CE.AR5_ratioavg2	9.7593774230869e-08	0.000727468662998519	0.00105736188210415
BM.KLT.DINV.WD.GD.ZS_tend2	9.62469011367611e-08	0.000599636571167152	0.000671018117489172
NY.ADJ.DFOR.CD_isNA_rank	9.62108559341241e-08	0.000187786202115234	0.000528680941052075
NY.GDS.TOTL.CD_isNA_rank	9.55841849246273e-08	0.000220627307111493	0.000366009882266821
EN.GHG.CH4.MT.CE.AR5_tend2	9.39016591223425e-08	0.000265783826481349	0.000427011529311291
NE.GDI.FTOT.ZS	9.30226864945699e-08	0.000290796528542453	0.000549014823400232
NE.CON.TOTL.KD.ZG_tend2	9.27200738573393e-08	0.000332802593072551	0.000630350352792859
BM.GSR.FCTY.CD_ratioavg2	9.21756212808759e-08	0.000272848482788683	0.000630350352792859
BM.GSR.MRCH.CD_isNA_rank	9.11036354209224e-08	0.000107688274522615	0.000284674352874194
TM.VAL.MRCH.WR.ZS_delta1	8.94469934887185e-08	0.000665700654473579	0.000854023058622583
NE.CON.PRVT.ZS	8.92185967955538e-08	0.000494812346498861	0.000549014823400232
EN.GHG.N2O.FE.MT.CE.AR5_ratioavg2	8.84168253761663e-08	0.000274948786015188	0.000488013176355762
TX.VAL.MMTL.ZS.UN_lag1	8.83465137859505e-08	0.000302921006259095	0.000467679294007605
EN.GHG.CO2.IC.MT.CE.AR5_ratioavg2	8.8248705344054e-08	0.000153799477177246	0.000366009882266821
TX.VAL.AGRI.ZS.UN_isNA_rank	8.80827215693116e-08	0.000243826110931525	0.000528680941052075
SP.RUR.TOTL_lag1	8.80048301649043e-08	0.00012277227042206	0.000142337176437097
IT.MLT.MAIN.P2_delta1	8.67740330809099e-08	0.0018916094604531	0.00101669411740784
BM.KLT.DINV.WD.GD.ZS_ratioavg2	8.62426959459888e-08	0.00011818979065514	0.000386343764614978
SP.DYN.LE00.MA.IN_rank	8.55416817955322e-08	0.000150267149023579	0.000142337176437097
BM.GSR.TRAN.ZS_isNA_rank	8.50420813653026e-08	0.000191032125283469	0.000223672705829724
SE.PRM.ENRR_isNA_rank	8.46122244895958e-08	0.000172511269558835	0.000305008235222351
SH.DYN.MORT_delta1	8.39344805551227e-08	9.69003534046584e-05	0.00012200329408894
TM.VAL.AGRI.ZS.UN_isNA_rank	8.17537049701938e-08	0.000222918546994953	0.000467679294007605
year_cycle_lag1	8.05899154330118e-08	0.000344927070789193	0.000406677646963135
TM.VAL.MRCH.R6.ZS_lag1	8.05855005063539e-08	0.000115421209129293	0.000264340470526038
SP.POP.6064.MA.5Y	8.01364489620234e-08	0.000143679834358631	0.000142337176437097
FirstYear_rank	7.99485037141933e-08	0.000360774813316457	0.000650684235141016
BX.GSR.GNFS.CD_tend2	7.94024403541744e-08	0.00150018931369537	0.00093535858801521
BX.TRF.PWKR.CD.DT	7.71884822244507e-08	0.000140242974533442	0.000427011529311291
SP.POP.0509.MA.5Y_delta1	7.63361406784347e-08	0.000168597068091258	0.000345675999918664
BX.PEF.TOTL.CD.WD_max2	7.59333311342373e-08	0.000861983537823311	0.00111836352914862
TX.VAL.MRCH.R2.ZS_delta1	7.52817575392245e-08	0.00058827584007833	0.00126070070558572
FD.AST.PRVT.GD.ZS_max2	7.5108454942048e-08	0.000446409903960771	0.000406677646963135
BM.TRF.PWKR.CD.DT_tend2	7.44256544377731e-08	0.00768405482249669	0.0048394639988613
NY.ADJ.DNGY.GN.ZS	7.39183354770225e-08	4.6015734326153e-05	0.000142337176437097
NY.GDP.COAL.RT.ZS	7.29678744676951e-08	4.29607478148732e-05	0.000101669411740784
AG.PRD.FOOD.XD	7.29302616531671e-08	0.00069577317794399	0.000772687529229956
FS.AST.PRVT.GD.ZS_rank	7.22457812760538e-08	4.18151278731432e-05	0.000101669411740784
BM.GSR.NFSV.CD_tend2	7.18814338016406e-08	0.00159909450199806	0.00111836352914862
SP.DYN.LE00.IN_delta1	7.13266534309258e-08	0.000266929446423079	0.000386343764614978
MS.MIL.MPRT.KD_lag1	6.90790409489374e-08	0.000753054175030488	0.000915024705667053
NY.ADJ.NNTY.CD	6.83345194089832e-08	0.000105492502967633	6.10016470444702e-05
TM.VAL.MANF.ZS.UN_isNA_rank	6.59797000248499e-08	0.000321155456998296	0.000671018117489172
EN.GHG.CO2.RT.GDP.KD	6.50187723207513e-08	0.000120671967195555	0.000284674352874194
SP.POP.4044.FE.5Y_lag1	6.42561990984035e-08	0.00140901705999936	0.000813355293926269
EN.GHG.CO2.RT.GDP.KD_lag1	6.41513062153523e-08	0.000196951161649074	0.000203338823481567
NV.AGR.TOTL.KD_isNA_rank	6.2994829345144e-08	0.000493953131542564	0.000732019764533643
BX.GSR.TOTL.CD	6.27548882862395e-08	3.5227813208196e-05	2.03338823481567e-05
FI.RES.TOTL.MO_max2	6.10765221406639e-08	0.000153894945505723	0.000203338823481567
EN.GHG.CO2.RT.GDP.KD_ratioavg2	6.03751138254696e-08	0.000214326397431978	0.000345675999918664
BX.GRT.TECH.CD.WD_rank	5.89029855595136e-08	4.7734164238748e-05	8.13355293926269e-05
BM.GSR.CMCP.ZS_lag1	5.79302168024887e-08	0.000131268951656557	0.000284674352874194
TM.VAL.MRCH.R5.ZS_delta1	5.70903111497037e-08	0.000536150132729617	0.00093535858801521
NE.RSB.GNFS.CN_lag1	5.69211648933438e-08	0.00386159841858623	0.00248073364647512
EG.USE.PCAP.KG.OE_lag1	5.68096220226524e-08	0.000267024914751556	0.000183004941133411
SM.POP.NETM_rank	5.57466320358293e-08	0.000395429816553788	0.000406677646963135
BX.GRT.TECH.CD.WD_lag1	5.49903906385636e-08	5.64217821302001e-05	0.00012200329408894
BM.GSR.NFSV.CD_ratioavg2	5.41417862619955e-08	0.00023828894787983	0.000427011529311291
EN.GHG.N2O.BU.MT.CE.AR5_delta1	5.40972794780493e-08	0.000202870198014679	0.000223672705829724
NE.CON.PRVT.KD.ZG_max2	5.33594515215183e-08	0.000169551751376033	0.000325342117570508
EN.GHG.N2O.IC.MT.CE.AR5_tend2	5.31498784596452e-08	0.000594576749757845	0.000569348705748389
NY.GDP.DEFL.ZS_isNA_rank	5.24226489371898e-08	0.000292228553469615	0.000447345411659448
EG.ELC.FOSL.ZS_rank	5.20699926286931e-08	2.91178401856363e-05	6.10016470444702e-05
SE.TER.ENRR_delta1	5.16523942630758e-08	0.000888619201468532	0.00103702799975599
TM.VAL.AGRI.ZS.UN	5.1651206474291e-08	0.000410131939139322	0.000732019764533643
TG.VAL.TOTL.GD.ZS	5.1565372472582e-08	0.000194468985108659	0.000264340470526038
SP.POP.6064.FE.5Y	5.14263687706643e-08	9.08858487105761e-05	8.13355293926269e-05
BX.GSR.CMCP.ZS_ratioavg2	5.13981196010396e-08	0.000207452677781599	0.000488013176355762
TX.VAL.MRCH.R3.ZS	5.0641223176547e-08	0.000113320905902788	0.000223672705829724
BX.PEF.TOTL.CD.WD_isNA_rank	5.05082560914108e-08	0.0007602142996663	0.000772687529229956
NE.EXP.GNFS.CD_tend2	5.01319531209053e-08	0.000399344018021365	0.000549014823400232
FS.AST.CGOV.GD.ZS_max2	4.98759218690506e-08	4.24834061724857e-05	8.13355293926269e-05
NY.GDP.COAL.RT.ZS_lag1	4.95926347310822e-08	0.000115707614114725	0.000203338823481567
NY.GNP.PCAP.CN_isNA_rank	4.9563127911349e-08	0.000201915514729904	0.000488013176355762
SP.POP.1564.FE.ZS_delta1	4.91968569261744e-08	0.000204875032912706	0.000284674352874194
PA.NUS.ATLS_rank	4.88460424060267e-08	3.96193563181608e-05	6.10016470444702e-05
TM.VAL.MRCH.OR.ZS	4.85621915582086e-08	0.000135374089781089	0.000223672705829724
FM.LBL.BMNY.GD.ZS	4.85617381784365e-08	0.00171881178590884	0.0019723865877712
NY.GDP.FRST.RT.ZS_delta1	4.85534435640125e-08	0.000280295012409928	0.000630350352792859
NE.CON.TOTL.KD.ZG_ratioavg2	4.72094449571981e-08	0.0003461681590594	0.000589682588096545
SP.POP.4549.FE.5Y_delta1	4.71532428721996e-08	0.00122084898457022	0.000915024705667053
NY.GNP.PCAP.CN_delta1	4.65819714288961e-08	0.00106895887396252	0.000732019764533643
BM.GSR.FCTY.CD_isNA_rank	4.64440461896229e-08	0.000173656889500565	0.000345675999918664
TM.VAL.MRCH.R2.ZS_rank	4.5847207755141e-08	4.82115058811354e-05	8.13355293926269e-05
SE.PRM.TCHR_isNA_rank	4.41752390324691e-08	0.000138047202978459	0.000325342117570508
SP.POP.2024.MA.5Y	4.36326659785309e-08	0.000200101616488831	0.000244006588177881
FM.LBL.BMNY.GD.ZS_isNA_rank	4.316129744417e-08	0.000144157176001019	0.000345675999918664
BX.PEF.TOTL.CD.WD_min2	4.24639934196367e-08	0.000302921006259095	0.000386343764614978
NY.GDP.PCAP.KN_delta1	4.19746557099864e-08	0.00152997543218035	0.000894690823318896
DC.DAC.TOTL.CD	4.14805426392249e-08	8.09571425489165e-05	0.00012200329408894
NE.IMP.GNFS.ZS_isNA_rank	4.09080248312797e-08	0.00166458577533362	0.00146403952906729
TM.VAL.TRVL.ZS.WT_isNA_rank	4.0851189101203e-08	0.000323828570195666	0.000915024705667053
AG.PRD.CROP.XD_lag1	4.07962195513615e-08	0.000414141608935377	0.000386343764614978
DT.NFL.UNDP.CD	4.06698588559546e-08	0.000267311319736989	0.000528680941052075
SP.POP.80UP.MA.5Y_lag1	4.01100254772864e-08	0.00112328035286622	0.000650684235141016
DT.ODA.ALLD.CD	3.97901280268529e-08	0.000193227896838452	0.000264340470526038
NY.ADJ.DRES.GN.ZS_isNA_rank	3.93464810068994e-08	0.00016468286662368	0.000488013176355762
NY.ADJ.DKAP.CD_lag1	3.92052055564174e-08	0.000209362044351149	0.000142337176437097
TX.VAL.MRCH.HI.ZS_lag1	3.87707441070349e-08	0.000168978941405168	0.000223672705829724
NE.CON.PRVT.ZS_isNA_rank	3.75714729532142e-08	0.000510755557354603	0.00107769576445231
DC.DAC.CANL.CD_lag1	3.74717140021675e-08	0.00178268009766028	0.0015047072937636
BX.GSR.NFSV.CD_lag1	3.71316624033392e-08	7.25559296428969e-05	6.10016470444702e-05
BX.KLT.DINV.CD.WD_ratioavg2	3.67431710813393e-08	0.000442591170821671	0.000650684235141016
DC.DAC.DEUL.CD_ratiomax2	3.62720008341304e-08	0.000129264116758529	0.000264340470526038
DC.DAC.CECL.CD_rank	3.60156257934269e-08	8.97402287688462e-05	0.00012200329408894
EN.GHG.CO2.FE.MT.CE.AR5_ratioavg2	3.56387321330053e-08	0.000276380810942351	0.000569348705748389
SP.RUR.TOTL.ZG_lag1	3.53737086880055e-08	0.000541878232438267	0.000488013176355762
BG.GSR.NFSV.GD.ZS_tend2	3.46568854547647e-08	0.000318577812129404	0.000549014823400232
DT.ODA.ALLD.CD_tend2	3.44916135463041e-08	0.000181294355778765	0.000264340470526038
DT.ODA.ODAT.KD_isNA_rank	3.40771980155712e-08	9.78550366894333e-05	0.000244006588177881
FM.LBL.BMNY.GD.ZS_max2	3.40626665792512e-08	0.000266833978094601	0.000386343764614978
IS.AIR.GOOD.MT.K1_ratiomax2	3.36683328124366e-08	3.03589284558437e-05	4.06677646963135e-05
NE.IMP.GNFS.KD.ZG_lag1	3.31619801540962e-08	0.000859596829611373	0.00113869741149678
DC.DAC.GBRL.CD	3.289135389754e-08	8.07662058919616e-05	0.000162671058785254
SP.DYN.IMRT.MA.IN_lag1	3.27290270703631e-08	3.22682950253936e-05	8.13355293926269e-05
TM.VAL.MRCH.HI.ZS_delta1	3.27188029964967e-08	0.000648707292004585	0.00101669411740784
DC.DAC.CANL.CD_tend2	3.23922549192619e-08	0.000247549375742147	0.000488013176355762
NV.IND.TOTL.KD.ZG_delta1	3.20144854183015e-08	0.000806039097335498	0.00134203623497834
NY.GDP.COAL.RT.ZS_isNA_rank	3.1947922701477e-08	0.000268934281321106	0.000691351999837329
NY.GDP.PCAP.KN	3.17709350399574e-08	0.000140052037876487	0.000528680941052075
BM.GSR.INSF.ZS_lag1	3.13340021742703e-08	7.11239047157345e-05	0.000223672705829724
BG.GSR.NFSV.GD.ZS_rank	3.09177822090882e-08	9.25088102946935e-05	0.000162671058785254
TM.VAL.MRCH.R6.ZS_rank	3.05920597120202e-08	2.52036387180589e-05	6.10016470444702e-05
BM.TRF.PWKR.CD.DT_avg2	3.03738608633069e-08	4.95480624798204e-05	0.00012200329408894
BX.TRF.PWKR.DT.GD.ZS_ratioavg2	2.99036711943638e-08	0.000205352374555094	0.000528680941052075
SP.URB.GROW_delta1	2.98716385057241e-08	0.000236856922952667	0.000386343764614978
BX.GRT.TECH.CD.WD_isNA_rank	2.98246874951289e-08	0.000219290750512808	0.000447345411659448
NY.GDP.COAL.RT.ZS_delta1	2.96787436001664e-08	0.000479537413942462	0.000732019764533643
SP.POP.0004.MA.5Y_delta1	2.96474668637151e-08	0.000118380727312095	0.000244006588177881
SP.POP.TOTL.FE.ZS_lag1	2.95710314299228e-08	0.000178143900939007	0.000203338823481567
NE.CON.TOTL.CD_isNA_rank	2.94507232578731e-08	0.000808234868890481	0.00099636023505968
NE.RSB.GNFS.CD_isNA_rank	2.89150739950231e-08	0.000435526514514336	0.000732019764533643
SP.POP.5054.MA.5Y	2.85474599260354e-08	0.000220531838783016	0.000183004941133411
EG.USE.ELEC.KH.PC_min2	2.8362835384515e-08	0.00036029747167407	0.000244006588177881
EN.GHG.CO2.MT.CE.AR5_ratioavg2	2.83407941005782e-08	4.45837093989906e-05	0.000101669411740784
IS.AIR.DPRT_max2	2.81781800735739e-08	0.000188454480414577	0.000305008235222351
FP.CPI.TOTL.ZG_ratioavg2	2.77531229709981e-08	0.000701405809324163	0.00128103458793387
NE.CON.PRVT.KD.ZG_isNA_rank	2.7516798637453e-08	0.00022721462177644	0.000345675999918664
TX.VAL.MRCH.R5.ZS	2.73110787610848e-08	9.26997469516485e-05	0.000203338823481567
SH.DTH.NMRT_rank	2.6329002517764e-08	1.51794642279219e-05	4.06677646963135e-05
TM.VAL.MRCH.R6.ZS_delta1	2.63030069105166e-08	0.000402876346175033	0.000894690823318896
SP.POP.1564.TO.ZS	2.61493394731321e-08	0.00470802061886771	0.00256206917586775
DC.DAC.CECL.CD_tend2	2.53652202691746e-08	0.000307694422682969	0.000610016470444702
AG.PRD.CREL.MT_min2	2.5109528117161e-08	4.5824797669198e-05	0.000101669411740784
NE.GDI.FTOT.ZS_isNA_rank	2.47454048559797e-08	0.000126400066904205	0.000386343764614978
EN.GHG.N2O.MT.CE.AR5_max2	2.4663282299717e-08	2.52036387180589e-05	2.03338823481567e-05
BM.TRF.PWKR.CD.DT_lag1	2.45927414260179e-08	0.000511805708967856	0.000467679294007605
FP.CPI.TOTL.ZG_lag1	2.45285723852138e-08	0.000257096208589897	0.000447345411659448
BM.KLT.DINV.CD.WD_ratiomax2	2.41218487374758e-08	7.20785880005094e-05	0.00012200329408894
NY.GDP.PETR.RT.ZS_delta1	2.36156219548246e-08	0.000259673853458789	0.000447345411659448
DC.DAC.FRAL.CD_tend2	2.33287263363893e-08	0.000241534871048065	0.000569348705748389
NE.GDI.FTOT.ZS_lag1	2.30285062034591e-08	0.00040449930775915	0.000630350352792859
NV.IND.TOTL.CN_lag1	2.30128381383117e-08	0.000200960831445129	0.000284674352874194
SP.POP.GROW	2.29430093297782e-08	0.000271034584547611	0.000467679294007605
AG.LND.ARBL.HA.PC_max2	2.2345208225359e-08	0.000162582563397176	0.000162671058785254
SP.POP.1014.MA.5Y_delta1	2.20294194635502e-08	0.00432022826859212	0.00260273694056406
FS.AST.CGOV.GD.ZS_rank	2.16066194769516e-08	9.69958217331359e-05	0.000142337176437097
DC.DAC.TOTL.CD_ratiomax2	2.15436696707494e-08	4.10513812453232e-05	6.10016470444702e-05
SH.MMR.RISK_rank	2.15152530470121e-08	2.99770551419337e-05	4.06677646963135e-05
EG.USE.PCAP.KG.OE_max2	2.14516871932646e-08	0.000399057613035933	0.000264340470526038
NE.RSB.GNFS.CN_isNA_rank	2.14242033683153e-08	0.000177857495953575	0.000447345411659448
NV.IND.TOTL.KD.ZG_lag1	2.12320571257418e-08	0.000391038273443823	0.00101669411740784
TM.VAL.TRAN.ZS.WT_rank	2.1092420459085e-08	4.15287228877107e-05	6.10016470444702e-05
TM.VAL.TRVL.ZS.WT_delta1	2.09116822546677e-08	0.000155517907089841	0.000345675999918664
NV.IND.TOTL.KD_lag1	2.05697335723834e-08	2.79722202439063e-05	2.03338823481567e-05
NE.EXP.GNFS.CD_min2	1.9792797157666e-08	7.35106129276719e-06	2.03338823481567e-05
SP.DYN.LE00.FE.IN_rank	1.94714489001052e-08	0.000136137836408909	0.00012200329408894
SP.POP.DPND.YG_lag1	1.93079392719919e-08	0.000535959196072662	0.000305008235222351
IT.MLT.MAIN_rank	1.92804960463658e-08	4.10513812453232e-05	8.13355293926269e-05
NE.EXP.GNFS.KD	1.91209822192392e-08	4.94525941513429e-05	0.000101669411740784
EN.GHG.CH4.BU.MT.CE.AR5_ratiomax2	1.89848354740628e-08	0.000337862414481858	0.000284674352874194
SP.DYN.TO65.FE.ZS_lag1	1.88142515818975e-08	0.00034884127225677	0.000223672705829724
NV.IND.TOTL.KD_delta1	1.87640207820146e-08	0.00116996436549171	0.00105736188210415
DC.DAC.DEUL.CD	1.78972653240816e-08	0.000255568715334257	0.000427011529311291
AG.PRD.FOOD.XD_tend2	1.78873783904804e-08	0.000320964520341341	0.000508347058703918
BX.TRF.CURR.CD_ratioavg2	1.78871252298644e-08	0.000993347957808345	0.00111836352914862
NY.ADJ.AEDU.GN.ZS_rank	1.741094283885e-08	0.000104633288011336	0.000162671058785254
NY.GDP.MKTP.KD.ZG_delta1	1.73968903990833e-08	0.000433712616273264	0.000691351999837329
NE.CON.TOTL.KD.ZG_min2	1.67562093606125e-08	0.000134323938167837	0.000284674352874194
TX.VAL.MRCH.WR.ZS_delta1	1.67266759906911e-08	0.000224732445236025	0.000467679294007605
NE.IMP.GNFS.ZS_lag1	1.6036935104208e-08	0.00467766169041187	0.00288741129343826
AG.LND.AGRI.ZS_ratioavg2	1.59913094760832e-08	0.000252800133808409	0.000325342117570508
EG.ELC.NGAS.ZS_lag1	1.59792659749065e-08	6.12906668825524e-05	0.000101669411740784
SP.POP.0004.FE.5Y_lag1	1.59587050605356e-08	7.59927894680868e-05	6.10016470444702e-05
BX.TRF.PWKR.DT.GD.ZS_isNA_rank	1.52573702000675e-08	0.000192941491853019	0.000569348705748389
NV.IND.TOTL.KD_isNA_rank	1.5249928941326e-08	0.00022912398834599	0.000569348705748389
AG.CON.FERT.ZS_avg2	1.51659432588307e-08	0.000115230272472338	0.00012200329408894
NE.TRD.GNFS.ZS_lag1	1.51152448716055e-08	0.0005756740207193	0.000711685882185486
FS.AST.PRVT.GD.ZS_lag1	1.49629812462188e-08	0.000148453250782506	0.000203338823481567
BM.GSR.TRVL.ZS_lag1	1.4822782281876e-08	0.000344736134132238	0.000406677646963135
AG.YLD.CREL.KG_rank	1.46582585336495e-08	3.77099897486109e-05	4.06677646963135e-05
NE.EXP.GNFS.KD_isNA_rank	1.40945852722379e-08	0.000402017131218735	0.000691351999837329
EN.GHG.ALL.PC.CE.AR5_lag1	1.40603818719166e-08	3.67553064638359e-05	4.06677646963135e-05
AG.LND.CROP.ZS_tend2	1.40324988251463e-08	0.000183872000647657	0.000223672705829724
ER.FSH.PROD.MT_min2	1.39908933113965e-08	6.77825132190221e-06	2.03338823481567e-05
SP.POP.80UP.FE.5Y_lag1	1.39164417351664e-08	0.000101482833171578	8.13355293926269e-05
SE.PRM.DURS_rank	1.37786517453769e-08	0.000217763257257168	0.000366009882266821
NE.EXP.GNFS.CN_tend2	1.36941777260968e-08	0.00874337139528299	0.00656784399845463
AG.LND.ARBL.HA_tend2	1.35735072933511e-08	0.00011360731088822	0.000264340470526038
BX.GRT.EXTA.CD.WD_ratioavg2	1.35136435863162e-08	0.000251654513866679	0.000589682588096545
AG.PRD.LVSK.XD_ratioavg2	1.33741175270195e-08	0.00028669139041792	0.000447345411659448
FP.CPI.TOTL.ZG_rank	1.33687356005888e-08	0.000138047202978459	0.000264340470526038
EN.GHG.N2O.WA.MT.CE.AR5_tend2	1.33468704457567e-08	0.000200197084817309	0.000366009882266821
EN.GHG.N2O.WA.MT.CE.AR5_ratioavg2	1.3278118137676e-08	0.000971676647243953	0.0012200329408894
ER.FSH.PROD.MT_lag1	1.32223132492734e-08	4.23879378440082e-05	4.06677646963135e-05
NE.IMP.GNFS.KD.ZG_rank	1.32014394622207e-08	0.000373758505989397	0.000772687529229956
NY.GDP.PCAP.KD_lag1	1.3165463581586e-08	0.00012850037013071	0.000101669411740784
NV.AGR.TOTL.KD_lag1	1.3139886100753e-08	2.62537903313114e-05	6.10016470444702e-05
SE.SEC.ENRL.GC.FE.ZS_delta1	1.28810084586889e-08	0.00114533353674452	0.00199272047011936
NY.ADJ.NNTY.PC.CD_lag1	1.28574003309051e-08	0.000159623045214373	0.000162671058785254
TX.VAL.MMTL.ZS.UN_delta1	1.27931867734946e-08	0.00051848849196128	0.000630350352792859
FP.CPI.TOTL.ZG_tend2	1.2706799614468e-08	0.000262251498327681	0.000732019764533643
SM.POP.RHCR.EA_lag1	1.26767732311146e-08	0.000846326731953001	0.000915024705667053
NE.CON.PRVT.PC.KD_tend2	1.26319131904769e-08	0.000672001564153094	0.000752353646881799
SH.DYN.MORT_lag1	1.25254107048202e-08	0.000122963207079015	8.13355293926269e-05
NV.AGR.TOTL.KD.ZG_lag1	1.23817528255443e-08	0.00064278825563898	0.00113869741149678
BX.GSR.FCTY.CD_isNA_rank	1.21966946011728e-08	0.000200960831445129	0.000427011529311291
AG.PRD.CROP.XD_ratioavg2	1.21469158767976e-08	0.000216808573972393	0.000284674352874194
BX.GSR.TRAN.ZS_isNA_rank	1.2062402056909e-08	0.000267693193050899	0.000447345411659448
MS.MIL.XPND.GD.ZS_ratioavg2	1.18718509728614e-08	0.000179289520880737	0.000508347058703918
DT.ODA.ODAT.KD_ratioavg2	1.16563978985074e-08	7.32242079422394e-05	0.000101669411740784
FM.AST.PRVT.GD.ZS_lag1	1.16400540581875e-08	2.97861184849787e-05	8.13355293926269e-05
SP.POP.4044.MA.5Y_rank	1.15605308051726e-08	4.83069742096129e-05	6.10016470444702e-05
NE.IMP.GNFS.CN_lag1	1.13106279026066e-08	7.68520044243842e-05	0.000162671058785254
SP.POP.7074.MA.5Y_lag1	1.11715885789409e-08	6.87371965037971e-05	8.13355293926269e-05
NE.CON.TOTL.KD.ZG_avg2	1.09539676615332e-08	7.79021560376367e-05	0.000183004941133411
NV.SRV.TOTL.KD.ZG_isNA_rank	1.09467279746504e-08	0.000417769405417522	0.000691351999837329
SP.POP.7074.MA.5Y_rank	1.08470117109396e-08	1.77571090968142e-05	2.03338823481567e-05
NV.SRV.TOTL.KD.ZG_delta1	1.07310549203166e-08	0.000298338526492175	0.000752353646881799
DT.ODA.ODAT.CD_tend2	1.07198042831225e-08	3.67553064638359e-05	6.10016470444702e-05
TM.VAL.MRCH.R4.ZS_rank	1.06459388911608e-08	8.38211924032414e-05	0.000183004941133411
DC.DAC.DEUL.CD_ratioavg2	1.05605644969284e-08	0.000170697371317763	0.000386343764614978
TM.VAL.AGRI.ZS.UN_lag1	1.04001734425144e-08	0.00107067730387512	0.00132170235263019
SP.POP.GROW_lag1	1.01995663172999e-08	0.000132891913240674	0.000203338823481567
SP.RUR.TOTL_rank	1.016058831107e-08	6.30090967951473e-06	2.03338823481567e-05
NV.AGR.TOTL.ZS_delta1	1.01501223618956e-08	0.000206211589511391	0.000508347058703918
BX.GSR.NFSV.CD_max2	1.01499470440084e-08	2.43444237617615e-05	4.06677646963135e-05
SH.MMR.DTHS	9.86383162283011e-09	0.000155040565447453	0.000203338823481567
BX.KLT.DINV.WD.GD.ZS_ratioavg2	9.7354980922096e-09	0.000263206181612456	0.000569348705748389
NY.GDP.DEFL.KD.ZG_rank	9.59800390221528e-09	9.67094167477034e-05	0.000142337176437097
NE.CON.PRVT.KD.ZG_avg2	9.40943655015927e-09	0.00022339588863734	0.000325342117570508
NY.ADJ.AEDU.GN.ZS	8.81314389638953e-09	9.00266337542787e-05	0.000142337176437097
NY.ADJ.DKAP.GN.ZS_isNA_rank	8.56739161269626e-09	0.000176807344340322	0.000345675999918664
EG.USE.PCAP.KG.OE_avg2	8.55207700909024e-09	0.000736156280889971	0.000386343764614978
SP.POP.3034.FE.5Y_lag1	8.47515891195815e-09	0.000476673364088137	0.000488013176355762
BX.GSR.TRVL.ZS_ratioavg2	8.44743395707531e-09	0.00012353601704988	0.000305008235222351
year_cycle	8.34291196444218e-09	0.000306262397755807	0.000325342117570508
IS.AIR.PSGR	8.19833528245212e-09	0.000652430556815207	0.000752353646881799
BM.GSR.NFSV.CD_rank	8.16774857714301e-09	3.01679917988887e-05	6.10016470444702e-05
SP.POP.2024.FE.5Y_delta1	8.15923685520462e-09	0.000348650335599815	0.000366009882266821
NE.GDI.FTOT.CD_isNA_rank	8.07828843442676e-09	0.000172988611201223	0.000386343764614978
NV.SRV.TOTL.CD_lag1	8.06451044521281e-09	3.24592316823486e-05	4.06677646963135e-05
DC.DAC.JPNL.CD_isNA_rank	7.99084890512804e-09	0.000223586825294295	0.000325342117570508
TM.VAL.INSF.ZS.WT	7.94621649102308e-09	0.000601164064422792	0.000650684235141016
BX.TRF.PWKR.DT.GD.ZS_min2	7.85910241235894e-09	4.05740396029358e-05	0.000101669411740784
FP.CPI.TOTL.ZG_min2	7.81361819699179e-09	0.000325165126794351	0.000447345411659448
FP.CPI.TOTL_isNA_rank	7.77082828778929e-09	0.000295379008309372	0.000650684235141016
NY.ADJ.DKAP.CD_delta1	7.63276589995066e-09	0.000152081047264651	0.000183004941133411
NY.ADJ.DKAP.CD_isNA_rank	7.59552440733954e-09	0.000446505372289248	0.000569348705748389
DC.DAC.USAL.CD	7.46023421496144e-09	0.000337385072839471	0.000366009882266821
TM.VAL.MMTL.ZS.UN_lag1	7.44519764614694e-09	0.000818354511709095	0.000813355293926269
SP.POP.3539.MA.5Y_rank	7.43065872651898e-09	7.46562328694018e-05	0.000142337176437097
NY.ADJ.DMIN.GN.ZS_lag1	7.33654525563911e-09	0.000336048516240786	0.000427011529311291
SH.DYN.NMRT_delta1	7.32299158651613e-09	6.66368932772921e-05	0.00012200329408894
NY.GNP.ATLS.CD_isNA_rank	7.30340459403836e-09	0.000367839469623792	0.000732019764533643
EN.GHG.CH4.IC.MT.CE.AR5_ratioavg2	7.27019472860823e-09	0.000331370568145388	0.000488013176355762
Country_Code	7.26319404762762e-09	3.89510780188183e-05	0.000101669411740784
DC.DAC.JPNL.CD_max2	7.22330576625547e-09	0.000140529379518874	0.000284674352874194
NY.ADJ.NNTY.CD_delta1	7.16217454899782e-09	0.000421779075213577	0.000528680941052075
AG.PRD.CREL.MT_tend2	7.16185976539384e-09	0.000203920349627931	0.000528680941052075
BM.GSR.CMCP.ZS_avg2	7.14895274608982e-09	0.00011169794431867	0.000162671058785254
TM.VAL.MRCH.CD.WT_delta1	7.13023698679487e-09	0.00265392406334591	0.00180971552898595
EN.GHG.CH4.WA.MT.CE.AR5_delta1	7.09647507951618e-09	6.69232982627246e-05	8.13355293926269e-05
IS.AIR.DPRT_tend2	6.98805251407789e-09	0.000569564047696741	0.000976026352711523
BM.GSR.INSF.ZS_tend2	6.95416188073022e-09	0.000268266003021764	0.000650684235141016
BX.TRF.CURR.CD_max2	6.90285388415668e-09	3.01679917988887e-05	0.000101669411740784
BM.GSR.TRAN.ZS_max2	6.67207926639188e-09	2.99770551419337e-05	8.13355293926269e-05
FM.AST.NFRG.CN_max2	6.65427478067083e-09	6.77825132190221e-05	0.000101669411740784
TX.VAL.SERV.CD.WT_delta1	6.59584009587129e-09	0.00134018439516709	0.000894690823318896
SP.POP.1564.TO.ZS_lag1	6.55515819094085e-09	0.00340630996007705	0.00180971552898595
NE.EXP.GNFS.CD_isNA_rank	6.53795408347653e-09	0.00128729494119056	0.00144370564671913
NY.GDP.FCST.KD_isNA_rank	6.48751440298422e-09	0.00017804843261053	0.000467679294007605
SP.DYN.TFRT.IN_lag1	6.4605854258259e-09	8.87855454840712e-05	0.00012200329408894
NE.GDI.TOTL.CD_rank	6.4370032726088e-09	1.84253873961567e-05	2.03338823481567e-05
DT.ODA.ALLD.CD_max2	6.40498263674193e-09	2.46308287471939e-05	4.06677646963135e-05
NY.GDP.MKTP.CD_lag1	6.35581167321965e-09	6.10042618971199e-05	4.06677646963135e-05
SP.POP.DPND.YG	6.16165579924306e-09	0.00012544538361943	0.000101669411740784
SP.URB.TOTL.IN.ZS_delta1	6.06191688228729e-09	0.000124013358692267	0.00012200329408894
TM.VAL.TRAN.ZS.WT_delta1	5.98571761296601e-09	0.000190650251969559	0.000488013176355762
EN.GHG.N2O.IP.MT.CE.AR5_avg2	5.85642320764834e-09	5.06936824215503e-05	4.06677646963135e-05
NE.EXP.GNFS.KD.ZG_rank	5.8193499979569e-09	0.000395525284882266	0.000752353646881799
SP.POP.DPND_delta1	5.73726541274849e-09	9.01221020827562e-05	0.000183004941133411
AG.PRD.FOOD.XD_ratioavg2	5.68270076419705e-09	0.00011017045106303	0.000305008235222351
EN.GHG.CO2.RT.GDP.KD_max2	5.66668623107059e-09	0.000286786858746398	0.000345675999918664
SP.DYN.IMRT.IN_lag1	5.62117016498124e-09	0.000197333034962984	0.00012200329408894
NE.CON.PRVT.ZS_ratioavg2	5.6030042783499e-09	0.000218240598899556	0.000264340470526038
NY.ADJ.DMIN.GN.ZS_delta1	5.42866507368056e-09	0.000487747690191527	0.000528680941052075
BX.GSR.TRVL.ZS_rank	5.32948058723631e-09	2.06211589511391e-05	6.10016470444702e-05
EN.GHG.N2O.BU.MT.CE.AR5_ratiomax2	5.24238932412024e-09	0.000160577728499148	0.000162671058785254
SE.SEC.ENRL.GC_lag1	5.23315394176187e-09	4.93571258228654e-05	0.00012200329408894
AG.LND.AGRI.ZS_max2	5.17516891502911e-09	5.99541102838674e-05	0.000101669411740784
BX.TRF.CURR.CD_tend2	5.15375609119906e-09	0.00365376386749072	0.0030094145875272
TM.VAL.MRCH.R3.ZS_rank	5.1512563568243e-09	3.86646730333858e-05	0.00012200329408894
SP.POP.7074.MA.5Y	5.09719375335167e-09	5.14574290493703e-05	4.06677646963135e-05
NE.IMP.GNFS.KD	5.09512920230446e-09	0.00017957592586617	0.000142337176437097
AG.LND.ARBL.HA.PC	5.00611659912793e-09	0.000334139149671236	0.000406677646963135
NE.IMP.GNFS.KD_delta1	4.87786603759904e-09	0.000112270754289535	0.000264340470526038
SP.POP.6064.MA.5Y_rank	4.79136173283027e-09	3.72326481062234e-05	6.10016470444702e-05
SH.IMM.IDPT_delta1	4.78517490821056e-09	6.16725401964624e-05	0.00012200329408894
TM.VAL.OTHR.ZS.WT	4.77033749263314e-09	0.000231606164886405	0.000305008235222351
NE.CON.PRVT.PC.KD_min2	4.73542532007117e-09	4.19105962016207e-05	4.06677646963135e-05
NY.GDP.FCST.CN	4.70854425125719e-09	8.1243547534349e-05	0.000183004941133411
NY.ADJ.AEDU.GN.ZS_delta1	4.62920579950156e-09	0.00162277064746048	0.00126070070558572
TM.VAL.MMTL.ZS.UN_delta1	4.60747046077113e-09	0.000696250519586378	0.00107769576445231
EN.GHG.N2O.IP.MT.CE.AR5_max2	4.58634363186074e-09	1.70888307974718e-05	4.06677646963135e-05
NE.CON.GOVT.CD_tend2	4.48832526038393e-09	0.000134133001510882	0.000203338823481567
NV.AGR.TOTL.CN	4.38474557261021e-09	9.11722536960086e-05	0.000183004941133411
BM.GSR.TRVL.ZS_max2	4.31839387464748e-09	8.74489888853863e-05	0.000162671058785254
EN.URB.LCTY_min2	4.27519680709664e-09	0.000145971074242091	0.000142337176437097
NY.GDS.TOTL.ZS_isNA_rank	4.25296201220089e-09	0.000146734820869911	0.000427011529311291
FM.AST.DOMS.CN_rank	4.23734521676469e-09	4.85933791950454e-05	6.10016470444702e-05
DC.DAC.JPNL.CD_rank	4.22819488151118e-09	0.000150553554009011	0.000142337176437097
NE.EXP.GNFS.CN_isNA_rank	4.22448428935283e-09	0.000508082444157233	0.000854023058622583
EN.GHG.CO2.RT.GDP.KD_tend2	4.19075494674245e-09	0.000291082933527885	0.000447345411659448
BX.GSR.FCTY.CD_ratioavg2	4.14653794591779e-09	0.000137092519693684	0.000386343764614978
BM.GSR.TOTL.CD_ratioavg2	4.13251693419432e-09	0.000212035157548518	0.000386343764614978
ER.FSH.PROD.MT_ratioavg2	4.09461719834447e-09	0.000180530609150945	0.000386343764614978
TX.VAL.MRCH.R3.ZS_rank	4.04205557596595e-09	2.73994102730413e-05	8.13355293926269e-05
TX.VAL.FUEL.ZS.UN_isNA_rank	4.03059589586865e-09	0.000183203722348315	0.000284674352874194
DT.NFL.UNDP.CD_min2	4.03002496492741e-09	3.5609686522106e-05	0.000101669411740784
BX.GSR.TRVL.ZS_min2	3.9839676385707e-09	8.85946088271162e-05	0.000203338823481567
DC.DAC.GBRL.CD_avg2	3.93688689309265e-09	7.81885610230692e-05	0.000101669411740784
SP.DYN.LE00.FE.IN_delta1	3.93514641055601e-09	0.000242775959318272	0.000488013176355762
AG.CON.FERT.ZS_ratioavg2	3.91530024980108e-09	0.00018301278569136	0.000427011529311291
AG.PRD.LVSK.XD_lag1	3.90884299535004e-09	0.000164205524981293	0.000223672705829724
AG.PRD.CREL.MT_ratioavg2	3.89785713821118e-09	0.000138333607963892	0.000305008235222351
NY.GDP.MKTP.KD.ZG_isNA_rank	3.83515284965842e-09	0.000226164470163188	0.000386343764614978
AG.PRD.FOOD.XD_avg2	3.82435118914334e-09	0.000203729412970976	0.000305008235222351
FM.LBL.BMNY.GD.ZS_lag1	3.8145475476217e-09	0.00105855282615847	0.00119969905854125
BM.KLT.DINV.WD.GD.ZS_min2	3.71991249005751e-09	0.000210889537606788	0.000488013176355762
SM.POP.RHCR.EO_rank	3.70737253776416e-09	2.53945753750139e-05	4.06677646963135e-05
BM.TRF.PWKR.CD.DT_ratioavg2	3.6972378944561e-09	0.000419965176972505	0.000894690823318896
NE.CON.TOTL.KD_lag1	3.55555563169181e-09	0.000134992216467179	0.000101669411740784
BX.GSR.TRVL.ZS	3.50576613112391e-09	0.000272466609474773	0.000366009882266821
DT.ODA.ODAT.PC.ZS_min2	3.41333674576469e-09	6.19589451818949e-05	8.13355293926269e-05
NE.GDI.TOTL.ZS	3.38983457811578e-09	0.000249840615625607	0.000467679294007605
FI.RES.XGLD.CD_ratioavg2	3.34771833982997e-09	0.00018263091237745	0.000447345411659448
EN.GHG.CH4.FE.MT.CE.AR5_tend2	3.34567462667932e-09	0.000196091946692777	0.000325342117570508
IT.MLT.MAIN.P2_min2	3.33655733096709e-09	5.40350739182627e-05	0.000101669411740784
TX.VAL.MRCH.R1.ZS_delta1	3.32443345741037e-09	0.00034693190568722	0.000711685882185486
MS.MIL.XPND.CD_lag1	3.27276860109206e-09	5.72809970864976e-05	0.000142337176437097
SP.DYN.TO65.FE.ZS_delta1	3.2654834451476e-09	6.16725401964624e-05	0.000162671058785254
BM.GSR.CMCP.ZS_ratioavg2	3.26383616887743e-09	0.00058063837380013	0.000854023058622583
SP.POP.0509.FE.5Y_delta1	3.25133600102018e-09	0.00035686061184888	0.000630350352792859
SP.URB.TOTL_delta1	3.19774333357353e-09	0.000130123331714827	0.000244006588177881
BX.GSR.GNFS.CD_ratioavg2	3.19412662920383e-09	0.000533572487860725	0.000650684235141016
TX.VAL.MRCH.R4.ZS_lag1	3.07789638111862e-09	0.000274280507715846	0.000528680941052075
EN.GHG.CH4.BU.MT.CE.AR5_tend2	3.04831043334519e-09	0.000966521357506169	0.00093535858801521
EG.ELC.NUCL.ZS_avg2	2.97266422974274e-09	6.10997302255974e-05	6.10016470444702e-05
DC.DAC.FRAL.CD	2.89179057839071e-09	0.000919169066581331	0.000894690823318896
TM.VAL.MRCH.WR.ZS_rank	2.8701908896133e-09	0.000157427273659391	0.000142337176437097
EN.URB.LCTY.UR.ZS_min2	2.86668588567393e-09	0.000107688274522615	0.000101669411740784
SH.MMR.DTHS_lag1	2.85695334724585e-09	8.63988372721338e-05	0.000142337176437097
DT.ODA.ODAT.PC.ZS_tend2	2.85180546756776e-09	3.83782680479534e-05	0.00012200329408894
BM.GSR.INSF.ZS_ratiomax2	2.81800523195682e-09	6.75915765620671e-05	6.10016470444702e-05
EG.USE.ELEC.KH.PC_ratioavg2	2.79781992187291e-09	0.00621221960235914	0.00435145082250554
NV.SRV.TOTL.ZS_isNA_rank	2.75020175085855e-09	0.000123726953706835	0.000325342117570508
SP.ADO.TFRT_delta1	2.67403465013215e-09	0.000652812430129117	0.00117936517619309
AG.PRD.FOOD.XD_rank	2.66858320595671e-09	0.00034693190568722	0.000406677646963135
NY.ADJ.DMIN.GN.ZS	2.64182709085197e-09	0.00017461157278534	0.000284674352874194
DC.DAC.FRAL.CD_lag1	2.59840783392946e-09	0.000151794642279219	0.000325342117570508
TX.VAL.MRCH.CD.WT_lag1	2.5752137520461e-09	3.28411049962586e-05	4.06677646963135e-05
DC.DAC.FRAL.CD_ratioavg2	2.56765309757408e-09	0.0001242997636777	0.000325342117570508
BM.GSR.TRVL.ZS_isNA_rank	2.55283444550868e-09	0.000207357209453121	0.000386343764614978
NE.CON.PRVT.KD.ZG_lag1	2.53222056911106e-09	0.000339485376065976	0.000447345411659448
BX.GRT.TECH.CD.WD_ratiomax2	2.52859852199523e-09	8.02888642495741e-05	0.000101669411740784
NV.IND.TOTL.ZS_isNA_rank	2.48779888417484e-09	0.000120194625553167	0.000345675999918664
NE.TRD.GNFS.ZS_isNA_rank	2.43695371168903e-09	0.000100241744901371	0.000203338823481567
BX.GSR.MRCH.CD_isNA_rank	2.42085293756044e-09	0.000392661235027941	0.000467679294007605
NY.GDP.FRST.RT.ZS_isNA_rank	2.40644990403012e-09	0.000371849139419847	0.000732019764533643
NV.IND.TOTL.CD_isNA_rank	2.38484410718273e-09	0.000143870771015586	0.000305008235222351
NE.CON.TOTL.KD.ZG_isNA_rank	2.35683827902088e-09	0.000168788004748213	0.000569348705748389
TX.VAL.TRVL.ZS.WT_isNA_rank	2.2754853480126e-09	0.000325737936765216	0.000427011529311291
NE.CON.PRVT.KD_avg2	2.24640393422221e-09	5.33667956189202e-05	4.06677646963135e-05
BM.GSR.CMCP.ZS_min2	2.2427333001955e-09	0.000125540851947907	0.000203338823481567
SP.DYN.CBRT.IN_lag1	2.24099007993657e-09	5.80447437143175e-05	6.10016470444702e-05
BM.GSR.MRCH.CD_min2	2.2233212796067e-09	5.17438340348028e-05	4.06677646963135e-05
AG.YLD.CREL.KG_ratiomax2	2.18666037426566e-09	4.17196595446657e-05	6.10016470444702e-05
DC.DAC.CANL.CD	2.18484409816574e-09	0.000606223885832099	0.000610016470444702
SP.POP.6569.MA.5Y	2.17760358359701e-09	6.73051715766346e-05	6.10016470444702e-05
BX.GSR.TRVL.ZS_isNA_rank	2.15840808498479e-09	0.000332611656415596	0.000610016470444702
TM.VAL.OTHR.ZS.WT_lag1	2.13303685322652e-09	0.00018377653231918	0.000305008235222351
FI.RES.TOTL.MO_tend2	2.12336777761915e-09	0.00088756904985528	0.000976026352711523
IS.AIR.GOOD.MT.K1	2.05082686059646e-09	0.000952678449876932	0.000711685882185486
SP.DYN.IMRT.IN	1.94535938247398e-09	0.000102246579799398	0.000284674352874194
BX.GSR.NFSV.CD	1.94371849152875e-09	8.28665091184665e-05	0.000101669411740784
SE.SEC.ENRL_isNA_rank	1.93779759152768e-09	0.000499394826265781	0.00101669411740784
NE.IMP.GNFS.CN	1.93155064293611e-09	8.29619774469439e-05	0.00012200329408894
NY.GDP.MINR.RT.ZS_isNA_rank	1.90637424969852e-09	0.000353901093666077	0.000854023058622583
TM.VAL.SERV.CD.WT_isNA_rank	1.89644706927581e-09	0.000161723348440878	0.000366009882266821
DC.DAC.TOTL.CD_tend2	1.83142501314142e-09	0.000128977711773097	0.000284674352874194
EN.GHG.N2O.IP.MT.CE.AR5_ratioavg2	1.77686655466821e-09	0.000104633288011336	0.000305008235222351
BX.GRT.TECH.CD.WD	1.767394092731e-09	5.68036554441101e-05	0.000142337176437097
SE.ENR.PRIM.FM.ZS_rank	1.70301752861242e-09	7.80930926945917e-05	0.000162671058785254
TM.VAL.MRCH.R5.ZS	1.69614552537911e-09	0.000132605508255242	0.000203338823481567
PA.NUS.FCRF_rank	1.69391165128588e-09	3.32229783101686e-05	4.06677646963135e-05
NY.ADJ.DKAP.CD_rank	1.68536231600238e-09	2.43444237617615e-05	2.03338823481567e-05
TM.VAL.MRCH.WR.ZS_lag1	1.68445487578587e-09	0.000262156029999204	0.000284674352874194
NE.GDI.TOTL.CD_delta1	1.67664024555855e-09	0.000962798092695546	0.000854023058622583
SE.SEC.ENRL_rank	1.64170390195577e-09	9.36544302364235e-05	0.00012200329408894
BX.GRT.TECH.CD.WD_max2	1.61915044061018e-09	8.84036721701612e-05	0.00012200329408894
TM.VAL.TRVL.ZS.WT_rank	1.6152730888504e-09	0.000109215767778255	0.000203338823481567
TM.VAL.MRCH.RS.ZS_delta1	1.60648386647995e-09	0.0003576243584767	0.000528680941052075
NE.CON.TOTL.KD.ZG_max2	1.59458040460097e-09	0.000172893142872745	0.000305008235222351
NE.DAB.TOTL.CD_ratioavg2	1.54679730632942e-09	0.00012353601704988	0.000284674352874194
SP.POP.DPND.OL	1.54262718486016e-09	4.21015328585757e-05	4.06677646963135e-05
DC.DAC.CECL.CD_ratioavg2	1.51800973144622e-09	0.00129369131919855	0.00231806258768987
TM.VAL.FOOD.ZS.UN_isNA_rank	1.47445460522837e-09	0.000197046629977552	0.000345675999918664
EN.GHG.CO2.BU.MT.CE.AR5_lag1	1.46530216098764e-09	1.31746293298944e-05	6.10016470444702e-05
AG.LND.CREL.HA	1.44920939388143e-09	5.31758589619652e-05	8.13355293926269e-05
FP.CPI.TOTL.ZG_ratiomax2	1.44371291505492e-09	0.000429416541491777	0.000447345411659448
TX.VAL.MRCH.R1.ZS_lag1	1.44237686377401e-09	0.00184759856102498	0.00115903129384493
NY.GDP.FCST.CN_delta1	1.41433097926032e-09	0.000312563307435322	0.000345675999918664
NV.AGR.TOTL.CN_rank	1.41232169433266e-09	3.05498651127987e-05	8.13355293926269e-05
NE.RSB.GNFS.ZS_delta1	1.41160512255306e-09	0.000580351968814698	0.00109802964680046
EN.GHG.CO2.PI.MT.CE.AR5_avg2	1.41010812621472e-09	1.28882243444619e-05	4.06677646963135e-05
TM.VAL.MRCH.RS.ZS_rank	1.40694728782147e-09	0.000248026717384534	0.000284674352874194
NY.ADJ.DMIN.CD_delta1	1.39613769755914e-09	0.000651857746844342	0.00099636023505968
BM.GSR.FCTY.CD	1.38067563537024e-09	2.03347539657066e-05	6.10016470444702e-05
SP.DYN.IMRT.MA.IN	1.36998413476567e-09	0.000112748095931923	0.000386343764614978
SP.POP.1519.MA.5Y_delta1	1.36776075540348e-09	0.000197905844933849	0.000488013176355762
BM.KLT.DINV.WD.GD.ZS_lag1	1.35795504012691e-09	0.000104633288011336	0.000284674352874194
DT.ODA.ALLD.CD_lag1	1.35388215383775e-09	5.74719337434526e-05	8.13355293926269e-05
AG.LND.AGRI.ZS_delta1	1.35219355983388e-09	1.72797674544268e-05	6.10016470444702e-05
TX.VAL.TRAN.ZS.WT_lag1	1.34982690084971e-09	3.76145214201334e-05	0.000101669411740784
NY.GDP.TOTL.RT.ZS_isNA_rank	1.34724903207287e-09	0.00011055232437694	0.000366009882266821
PA.NUS.FCRF_lag1	1.31738905854804e-09	0.0031986663456385	0.00176904776428964
SP.POP.1564.FE.IN_delta1	1.31450249559242e-09	0.000144252644329496	0.000162671058785254
BX.GSR.TOTL.CD_ratioavg2	1.29980505964927e-09	0.000184826683932432	0.000325342117570508
NY.ADJ.DMIN.CD_isNA_rank	1.29060875946762e-09	0.000310749409194249	0.000671018117489172
DT.ODA.ALLD.CD_rank	1.27816637393122e-09	0.000130791610014169	0.000142337176437097
AG.PRD.CROP.XD_rank	1.27230779670208e-09	0.000206879867810734	0.000366009882266821
NE.CON.PRVT.KD_isNA_rank	1.26683257008805e-09	0.000221104648753881	0.000386343764614978
EG.ELC.HYRO.ZS	1.26070062591061e-09	3.5036876551241e-05	8.13355293926269e-05
NY.GDP.PCAP.KD.ZG_delta1	1.25275069000229e-09	0.000146257479227524	0.000325342117570508
TM.VAL.MRCH.HI.ZS_rank	1.23069022269031e-09	1.85208557246342e-05	8.13355293926269e-05
SP.POP.3034.MA.5Y_lag1	1.22934414302786e-09	0.000151508237293786	0.000244006588177881
NV.IND.TOTL.CD_delta1	1.20801588405021e-09	0.000375285999245037	0.000345675999918664
EG.USE.PCAP.KG.OE_ratioavg2	1.20548382874987e-09	0.000474382124204677	0.000772687529229956
NV.IND.TOTL.CD	1.18688602708813e-09	4.97389991367754e-05	4.06677646963135e-05
SP.POP.65UP.FE.ZS_delta1	1.17711136909706e-09	0.000417960342074477	0.000447345411659448
AG.CON.FERT.ZS_max2	1.16857326876313e-09	0.00012239039710815	0.000162671058785254
EN.GHG.CH4.IC.MT.CE.AR5_max2	1.16365040792317e-09	6.18634768534174e-05	0.000101669411740784
SM.POP.RHCR.EA_rank	1.16170240293036e-09	8.60169639582238e-05	0.000101669411740784
FS.AST.PRVT.GD.ZS_isNA_rank	1.15538360136536e-09	0.000547224458833007	0.000833689176274426
NE.GDI.FTOT.CD	1.15536630357404e-09	3.60870281644935e-05	2.03338823481567e-05
BX.GRT.EXTA.CD.WD_tend2	1.15495446134529e-09	0.000492425638286924	0.000854023058622583
BX.GSR.NFSV.CD_ratioavg2	1.13546368324762e-09	0.000129264116758529	0.000325342117570508
MS.MIL.XPND.GD.ZS_lag1	1.12963793837926e-09	0.000300534298047157	0.000467679294007605
DT.ODA.ALLD.KD_tend2	1.09290733691965e-09	7.11239047157345e-05	0.000162671058785254
DT.ODA.ODAT.GN.ZS_avg2	1.09268643117327e-09	0.000378531922413271	0.000264340470526038
SP.POP.0014.MA.ZS	1.08482944685129e-09	9.42272402072885e-05	6.10016470444702e-05
TM.VAL.MRCH.WL.CD_lag1	1.07382529595436e-09	7.73293460667717e-05	8.13355293926269e-05
NY.GNP.ATLS.CD_lag1	1.06152986509687e-09	0.000146925757526866	8.13355293926269e-05
NV.IND.TOTL.CN	1.05703033825718e-09	0.000127163813532025	0.000142337176437097
BM.GSR.TOTL.CD_tend2	1.04947302205314e-09	0.000433712616273264	0.000427011529311291
SP.DYN.LE00.IN_rank	1.0478728138292e-09	2.62537903313114e-05	2.03338823481567e-05
AG.LND.ARBL.HA.PC_rank	1.04312215286847e-09	0.000228264773389693	0.000244006588177881
NY.GNP.PCAP.CD_isNA_rank	1.02428216710669e-09	0.000817208891767365	0.00107769576445231
BG.GSR.NFSV.GD.ZS_isNA_rank	1.01656686435372e-09	0.000219099813855853	0.000508347058703918
BX.GSR.TRAN.ZS_min2	1.00581049252258e-09	0.000102151111470921	0.000162671058785254
FD.AST.PRVT.GD.ZS_ratioavg2	1.00285807979889e-09	9.42272402072885e-05	0.000264340470526038
TM.VAL.MMTL.ZS.UN_isNA_rank	9.98945958300227e-10	0.000154085882162678	0.000386343764614978
NE.CON.PRVT.PC.KD_isNA_rank	9.74504692513397e-10	0.000216140295673051	0.000467679294007605
SE.PRM.ENRL_isNA_rank	9.7406179668163e-10	0.000207357209453121	0.000427011529311291
TM.VAL.TRVL.ZS.WT_lag1	9.73252745917482e-10	0.000340344591022273	0.000386343764614978
SP.DYN.CBRT.IN_rank	9.67955180022479e-10	3.10272067551862e-05	4.06677646963135e-05
SH.DTH.MORT_delta1	9.61485222239633e-10	0.000144157176001019	0.000162671058785254
SH.MMR.RISK.ZS_delta1	9.53473883343585e-10	6.58731466494722e-05	0.000203338823481567
NE.EXP.GNFS.ZS_delta1	9.45624244853546e-10	0.00440987302903249	0.0040871103519795
TX.VAL.AGRI.ZS.UN_delta1	9.16720612186647e-10	0.000209457512679626	0.000427011529311291
EG.ELC.FOSL.ZS_max2	8.97943801192202e-10	0.000365452761411854	0.000427011529311291
SH.DTH.IMRT_delta1	8.90660070170552e-10	0.00132939647404913	0.00099636023505968
NE.RSB.GNFS.ZS_isNA_rank	8.78048526595964e-10	0.000256046056976644	0.000549014823400232
SH.STA.MMRT_rank	8.53787459760427e-10	1.1742604402732e-05	4.06677646963135e-05
TX.VAL.MMTL.ZS.UN_isNA_rank	8.49131311545094e-10	8.07662058919616e-05	0.000223672705829724
BX.KLT.DINV.WD.GD.ZS_isNA_rank	8.38460794360856e-10	0.000151603705622264	0.000345675999918664
SH.DTH.IMRT_rank	8.2982934066973e-10	7.13148413726895e-05	6.10016470444702e-05
NY.GDP.FRST.RT.ZS_rank	8.12163244218561e-10	6.9882816445527e-05	0.000142337176437097
TX.VAL.MRCH.R2.ZS_rank	8.07035373089566e-10	3.08362700982312e-05	0.000101669411740784
TX.VAL.FUEL.ZS.UN_rank	7.95655392473121e-10	0.000151603705622264	0.000183004941133411
NE.CON.GOVT.ZS_lag1	7.95645865684488e-10	0.000147784972483164	0.000264340470526038
EN.GHG.CH4.FE.MT.CE.AR5	7.90387211702319e-10	0.000826660256286637	0.000711685882185486
EN.GHG.ALL.PC.CE.AR5_ratiomax2	7.77247147914487e-10	7.84749660085017e-05	0.000101669411740784
NY.GDP.MKTP.KD_isNA_rank	7.75434473984601e-10	0.000390560931801436	0.000589682588096545
TM.VAL.AGRI.ZS.UN_delta1	7.72564000712299e-10	0.00896361682908057	0.00776754305699587
BM.GSR.GNFS.CD_tend2	7.70995500871282e-10	0.000165923954893888	0.000223672705829724
NE.DAB.TOTL.CD_tend2	7.69465850916604e-10	6.61595516349047e-05	0.00012200329408894
SE.SEC.ENRL	7.6466683033832e-10	0.000104442351354381	0.000183004941133411
NY.ADJ.DFOR.CD_delta1	7.6188289573626e-10	0.000131364419985034	0.000223672705829724
SP.ADO.TFRT_rank	7.4765898901442e-10	0.000103965009711993	0.00012200329408894
IT.CEL.SETS_rank	7.41978308880945e-10	1.39383759577144e-05	2.03338823481567e-05
MS.MIL.MPRT.KD_max2	7.3763574587403e-10	0.000171270181288628	0.000345675999918664
FI.RES.XGLD.CD_tend2	7.30153094108041e-10	0.000372899291033099	0.000508347058703918
NY.GDP.MKTP.CN	7.24418861407631e-10	4.97389991367754e-05	6.10016470444702e-05
FM.AST.NFRG.CN_isNA_rank	7.02397294028238e-10	0.000312372370778367	0.000630350352792859
EN.GHG.CH4.WA.MT.CE.AR5	6.98566458334051e-10	1.62296158411743e-05	4.06677646963135e-05
BM.GSR.TRAN.ZS_tend2	6.90603677280228e-10	0.000230937886587063	0.000528680941052075
ER.FSH.AQUA.MT_ratioavg2	6.82577352715557e-10	0.000199624274846444	0.000488013176355762
IS.AIR.DPRT_ratiomax2	6.81697338325418e-10	6.53003366786072e-05	8.13355293926269e-05
NV.IND.MANF.CD_rank	6.79897554951232e-10	2.94042451710687e-05	4.06677646963135e-05
NE.RSB.GNFS.CN	6.78626958459449e-10	0.000289269035286813	0.000406677646963135
NY.GDP.DEFL.ZS_rank	6.61568063328939e-10	8.3152914103899e-05	0.000162671058785254
NV.AGR.TOTL.CN_lag1	6.47336954027691e-10	0.000649375570303927	0.000345675999918664
NY.ADJ.DKAP.GN.ZS_rank	6.36614391931378e-10	5.51806938599926e-05	0.00012200329408894
BM.GSR.TOTL.CD_lag1	6.31242780379312e-10	2.19577155498241e-05	2.03338823481567e-05
EG.ELC.NUCL.ZS	6.28275596069572e-10	0.000407649762598908	0.000345675999918664
EG.ELC.FOSL.ZS_lag1	6.15123220464247e-10	0.000370226177835729	0.000345675999918664
NE.EXP.GNFS.KD.ZG_delta1	6.08460273476474e-10	0.000310844877522727	0.000671018117489172
NE.CON.GOVT.CD_max2	6.06740287982002e-10	3.60870281644935e-05	2.03338823481567e-05
NE.CON.GOVT.ZS_min2	6.06737116051023e-10	0.000176807344340322	0.000203338823481567
SP.DYN.TFRT.IN	6.01264585789207e-10	4.76386959102705e-05	6.10016470444702e-05
NE.CON.TOTL.KD.ZG	6.00677078522215e-10	0.000180912482464855	0.000305008235222351
TX.VAL.AGRI.ZS.UN	5.93444482545584e-10	0.000170888307974718	0.000406677646963135
FS.AST.PRVT.GD.ZS_min2	5.903449162788e-10	9.66139484192259e-05	0.000142337176437097
MS.MIL.XPND.CD_rank	5.89594224933367e-10	2.94997134995462e-05	6.10016470444702e-05
NV.IND.MANF.CD	5.7840035185176e-10	0.000100146276572893	0.000203338823481567
NY.GDP.DEFL.KD.ZG_isNA_rank	5.70110448915075e-10	0.000139670164562577	0.000386343764614978
TM.VAL.FOOD.ZS.UN	5.64251969243507e-10	0.000138429076292369	0.000223672705829724
SM.POP.RHCR.EA_isNA_rank	5.61738899722827e-10	0.000213944524118068	0.000467679294007605
BX.GRT.TECH.CD.WD_avg2	5.61619859947175e-10	6.49184633646972e-06	2.03338823481567e-05
NY.GDP.MKTP.KD_rank	5.60098881561698e-10	2.30078671630765e-05	4.06677646963135e-05
EG.ELC.COAL.ZS_avg2	5.51653027268931e-10	7.0646563073347e-06	2.03338823481567e-05
BG.GSR.NFSV.GD.ZS_ratioavg2	5.40857497935964e-10	0.000195996478364299	0.000325342117570508
NV.SRV.TOTL.ZS_lag1	5.32730712879271e-10	0.000101387364843101	0.000183004941133411
NE.IMP.GNFS.KD_isNA_rank	5.29888005069075e-10	0.000152558388907038	0.000366009882266821
SP.POP.0014.FE.ZS_delta1	5.14163118322782e-10	0.000243539705946092	0.000386343764614978
NV.AGR.TOTL.ZS_lag1	5.0170932025772e-10	4.18151278731432e-05	0.000101669411740784
TX.VAL.TRVL.ZS.WT_lag1	4.93372666058014e-10	0.000436194792813679	0.000711685882185486
FD.AST.PRVT.GD.ZS_isNA_rank	4.74814904157067e-10	9.09813170390536e-05	0.000325342117570508
BM.KLT.DINV.CD.WD_avg2	4.74618405142381e-10	9.83323783318208e-05	0.000223672705829724
BX.PEF.TOTL.CD.WD_rank	4.66832861795577e-10	0.000188836353728487	0.000345675999918664
SE.SEC.ENRR.MA_isNA_rank	4.59745457931763e-10	0.00024172580770502	0.000447345411659448
EN.GHG.CO2.IC.MT.CE.AR5_lag1	4.52565330563049e-10	1.40338442861919e-05	2.03338823481567e-05
NE.DAB.TOTL.CD_isNA_rank	4.51295533480267e-10	0.000208789234380284	0.000345675999918664
ER.FSH.AQUA.MT	4.5035389540837e-10	0.00012239039710815	0.000162671058785254
TM.VAL.MRCH.R6.ZS	4.46895117563858e-10	0.00010749733786566	0.000264340470526038
BM.KLT.DINV.WD.GD.ZS_max2	4.44087869112844e-10	9.57547334629284e-05	0.000183004941133411
NE.CON.GOVT.ZS_ratioavg2	4.3954696634275e-10	0.00041290052066517	0.000650684235141016
MS.MIL.XPND.GD.ZS_rank	4.36776922312251e-10	3.94284196612058e-05	0.00012200329408894
SP.POP.7074.FE.5Y_lag1	4.26805836423257e-10	6.78779815474996e-05	8.13355293926269e-05
EG.ELC.NGAS.ZS_min2	4.26268607625726e-10	1.54658692133543e-05	4.06677646963135e-05
TX.VAL.MRCH.AL.ZS_lag1	4.22071499413337e-10	0.000271416457861521	0.000305008235222351
DC.DAC.JPNL.CD_min2	4.14998928424161e-10	0.000120958372180987	0.000203338823481567
BM.KLT.DINV.CD.WD_rank	4.14723365107521e-10	8.48713440164939e-05	0.000142337176437097
TM.VAL.MRCH.WL.CD_delta1	4.12559129180897e-10	0.000570041389339128	0.000427011529311291
BM.TRF.PWKR.CD.DT_ratiomax2	3.95662571012857e-10	4.76386959102705e-05	6.10016470444702e-05
SE.ENR.PRIM.FM.ZS_isNA_rank	3.90215721554335e-10	0.000235520366353982	0.000467679294007605
SP.POP.0014.TO_delta1	3.85920315467174e-10	6.70187665912021e-05	0.000101669411740784
NY.GDP.MKTP.CN_delta1	3.80012927511859e-10	0.000645747773821782	0.000467679294007605
FM.AST.DOMS.CN_isNA_rank	3.75111727584508e-10	0.000147975909140119	0.000427011529311291
NY.ADJ.DNGY.GN.ZS_rank	3.72774497868573e-10	4.6779480953973e-05	6.10016470444702e-05
SP.POP.0509.FE.5Y_rank	3.72525359164042e-10	9.06949120536211e-06	2.03338823481567e-05
BX.GSR.MRCH.CD_ratiomax2	3.70525134360251e-10	0.000235138493040072	0.000244006588177881
EG.ELC.NGAS.ZS	3.7012172653343e-10	5.8140212042795e-05	0.000162671058785254
AG.PRD.LVSK.XD_min2	3.70055965315259e-10	0.000165351144923023	0.000264340470526038
NE.CON.PRVT.KD_ratioavg2	3.68258027489288e-10	2.15758422359141e-05	4.06677646963135e-05
BX.GSR.CMCP.ZS_tend2	3.67639096829304e-10	0.000199051464875579	0.000528680941052075
NY.ADJ.DFOR.GN.ZS_rank	3.64444694519727e-10	0.000286214048775533	0.000284674352874194
NY.GDP.MKTP.KD.ZG_lag1	3.61173475676357e-10	0.000211557815906131	0.000366009882266821
NY.GNP.PCAP.CD_rank	3.59522321992217e-10	9.38453668933785e-05	8.13355293926269e-05
AG.PRD.CROP.XD_ratiomax2	3.5465364686159e-10	2.95951818280237e-05	2.03338823481567e-05
SE.PRM.ENRR_lag1	3.47160262504263e-10	0.000498917484623394	0.000589682588096545
EG.ELC.PETR.ZS_tend2	3.42759167317406e-10	0.000427220769936794	0.000671018117489172
NV.IND.MANF.ZS_rank	3.3547112666837e-10	6.63504882918597e-05	0.000142337176437097
SP.POP.1564.FE.ZS	3.33410264444119e-10	0.000121435713823375	0.00012200329408894
BX.KLT.DINV.CD.WD_isNA_rank	3.32947171048713e-10	0.0002935651100683	0.000671018117489172
TM.VAL.MRCH.R1.ZS_rank	3.32714301909997e-10	6.28181601381923e-05	0.000142337176437097
NE.CON.PRVT.CD_isNA_rank	3.2950215313285e-10	0.000125349915290952	0.000325342117570508
TM.VAL.SERV.CD.WT	3.22092736960898e-10	1.78525774252917e-05	2.03338823481567e-05
EN.GHG.CH4.IC.MT.CE.AR5_lag1	3.18369037545119e-10	2.71130052876088e-05	2.03338823481567e-05
ER.FSH.PROD.MT_tend2	3.12655570473456e-10	0.000248504059026922	0.000528680941052075
IT.MLT.MAIN_ratioavg2	2.95268911269581e-10	0.000237238796266577	0.000528680941052075
TM.VAL.MRCH.CD.WT	2.92108738983568e-10	7.16967146865994e-05	4.06677646963135e-05
EN.GHG.CH4.PI.MT.CE.AR5_delta1	2.88142681282103e-10	0.000156568058703093	0.00012200329408894
MS.MIL.XPND.GD.ZS_isNA_delta1	2.8701558301921e-10	2.05256906226616e-05	2.03338823481567e-05
NE.GDI.FTOT.CD_lag1	2.86636613483547e-10	9.23178736377386e-05	0.000101669411740784
NE.CON.GOVT.CD_ratioavg2	2.78754053223554e-10	0.000123631485378357	0.000284674352874194
TX.VAL.MANF.ZS.UN_lag1	2.72382178449388e-10	0.000143966239344064	0.000183004941133411
SH.DYN.MORT.MA_lag1	2.65420760007201e-10	5.47033522176052e-05	6.10016470444702e-05
IS.AIR.GOOD.MT.K1_min2	2.63586048572669e-10	0.000767278955973635	0.000488013176355762
SP.DYN.IMRT.IN_rank	2.62983757012328e-10	3.70417114492684e-05	6.10016470444702e-05
EN.GHG.N2O.PI.MT.CE.AR5	2.62202616507517e-10	1.99528806517966e-05	4.06677646963135e-05
FP.CPI.TOTL_rank	2.60094077871553e-10	8.56350906443138e-05	0.000203338823481567
DC.DAC.FRAL.CD_max2	2.57532486659926e-10	0.000270175369591313	0.000345675999918664
BX.KLT.DINV.CD.WD_avg2	2.56875453026989e-10	6.75915765620671e-05	8.13355293926269e-05
SH.DTH.NMRT_delta1	2.51872992818739e-10	0.000183585595662225	0.000386343764614978
EN.GHG.CO2.TR.MT.CE.AR5_ratioavg2	2.49005908736956e-10	0.000379773010683479	0.000549014823400232
IT.CEL.SETS.P2_avg2	2.44813083560664e-10	0.000149885275709669	0.000162671058785254
NE.CON.PRVT.KD.ZG_min2	2.44220765841728e-10	0.000207452677781599	0.000345675999918664
EN.POP.DNST	2.43855260883352e-10	0.000315713762275079	0.000508347058703918
BM.GSR.NFSV.CD_ratiomax2	2.41286997142539e-10	5.8140212042795e-05	6.10016470444702e-05
EN.GHG.CO2.FE.MT.CE.AR5_max2	2.40931207097438e-10	4.5824797669198e-06	2.03338823481567e-05
EG.ELC.HYRO.ZS_ratioavg2	2.3942290619013e-10	5.88084903421375e-05	0.000162671058785254
BM.GSR.TRVL.ZS_isNA_delta1	2.37688995652421e-10	0.00198192249919282	0.00115903129384493
NY.GDP.MKTP.KN	2.36079852449826e-10	3.47504715658085e-05	8.13355293926269e-05
BM.GSR.FCTY.CD_rank	2.32618886757322e-10	1.90936656954992e-05	2.03338823481567e-05
EN.GHG.CO2.TR.MT.CE.AR5_lag1	2.31905751582851e-10	6.39637800799223e-06	2.03338823481567e-05
EN.GHG.CH4.AG.MT.CE.AR5_ratiomax2	2.288991598752e-10	6.70187665912021e-05	6.10016470444702e-05
IT.MLT.MAIN_isNA_rank	2.27792446394424e-10	0.000170315498003853	0.000427011529311291
EN.GHG.CO2.RT.GDP.KD_rank	2.20839869066563e-10	4.43927727420356e-05	8.13355293926269e-05
AG.LND.CROP.ZS_ratioavg2	2.20114577811946e-10	5.49897572030377e-05	0.000183004941133411
EN.GHG.ALL.PC.CE.AR5_tend2	2.19068239659127e-10	0.00107678727689768	0.00124036682323756
TM.VAL.MRCH.WR.ZS	2.15959683163055e-10	0.00231787554710512	0.00172837999959332
BM.GSR.GNFS.CD_min2	2.1440344989656e-10	4.14332545592332e-05	4.06677646963135e-05
DT.ODA.ALLD.KD_ratiomax2	2.11981516238345e-10	6.39637800799223e-05	6.10016470444702e-05
BX.TRF.PWKR.CD.DT_ratioavg2	2.07774378086218e-10	0.000150839958994444	0.000488013176355762
NE.CON.PRVT.ZS_tend2	2.07155804866836e-10	0.00012200852379424	0.000366009882266821
BM.GSR.GNFS.CD_ratioavg2	2.0685504884538e-10	0.000168215194777348	0.000325342117570508
SE.SEC.ENRL_lag1	2.04741479337627e-10	4.13377862307557e-05	0.000101669411740784
TX.VAL.OTHR.ZS.WT_isNA_rank	2.0054895816838e-10	0.000265974763138304	0.000406677646963135
EN.GHG.CO2.PI.MT.CE.AR5_lag1	1.99899387765731e-10	3.71371797777459e-05	4.06677646963135e-05
IT.MLT.MAIN_min2	1.97451681631739e-10	5.63263138017226e-05	6.10016470444702e-05
TX.VAL.MRCH.WL.CD	1.95717861335641e-10	4.37244944426931e-05	8.13355293926269e-05
SP.POP.0014.FE.IN	1.94951781478904e-10	5.34622639473977e-06	2.03338823481567e-05
TX.VAL.MMTL.ZS.UN_rank	1.94709112074966e-10	4.81160375526579e-05	6.10016470444702e-05
SP.POP.65UP.TO.ZS_delta1	1.94502555801917e-10	0.000151603705622264	0.000142337176437097
AG.LND.ARBL.ZS_lag1	1.88671541970216e-10	4.34380894572606e-05	6.10016470444702e-05
BX.GRT.EXTA.CD.WD_lag1	1.83918904704019e-10	4.35335577857381e-05	0.00012200329408894
FM.AST.NFRG.CN_avg2	1.82696976100573e-10	0.000104728756339813	0.00012200329408894
NY.ADJ.DMIN.GN.ZS_rank	1.7989261601136e-10	4.21015328585757e-05	0.000101669411740784
FP.CPI.TOTL.ZG	1.7959829109144e-10	0.000405167586058493	0.000610016470444702
NE.CON.GOVT.ZS_rank	1.79540964488232e-10	1.86163240531117e-05	6.10016470444702e-05
SP.URB.TOTL.IN.ZS_rank	1.76378710650662e-10	2.45353604187165e-05	2.03338823481567e-05
SH.DYN.NMRT_rank	1.75413153620669e-10	5.34622639473977e-06	2.03338823481567e-05
BM.GSR.INSF.ZS_rank	1.72750112135694e-10	7.88568393224116e-05	0.000183004941133411
SP.DYN.CBRT.IN_delta1	1.72256004699259e-10	0.000467126531240388	0.000671018117489172
SP.POP.1564.TO.ZS_delta1	1.72093519593174e-10	6.16725401964624e-05	0.00012200329408894
BM.GSR.NFSV.CD_lag1	1.71629053745731e-10	0.000187595265458279	0.000142337176437097
NE.CON.PRVT.ZS_max2	1.7114434061933e-10	0.000449846763785961	0.000366009882266821
BM.KLT.DINV.CD.WD_ratioavg2	1.70649035086214e-10	0.000218908877198898	0.000610016470444702
BM.GSR.INSF.ZS_isNA_delta1	1.65275993862774e-10	2.58719170174014e-05	2.03338823481567e-05
PA.NUS.ATLS_delta1	1.64032751204471e-10	0.000289078098629858	0.000650684235141016
AG.LND.AGRI.ZS_rank	1.59427202420987e-10	1.51794642279219e-05	4.06677646963135e-05
ER.H2O.INTR.PC	1.58007355142572e-10	0.000127068345203547	0.000223672705829724
FP.CPI.TOTL_lag1	1.54644489703007e-10	1.83299190676792e-05	4.06677646963135e-05
SP.POP.65UP.MA.IN_delta1	1.51738855344125e-10	7.52290428402668e-05	0.000142337176437097
TM.VAL.MRCH.HI.ZS	1.51719188670546e-10	8.54441539873589e-05	0.00012200329408894
SP.POP.GROW_delta1	1.43591629612496e-10	0.000145016390957316	0.000284674352874194
NV.AGR.TOTL.KD	1.42607497334394e-10	4.29607478148732e-06	2.03338823481567e-05
FM.AST.NFRG.CN_ratiomax2	1.41430869101334e-10	0.000157904615301778	0.000162671058785254
DT.ODA.ALLD.CD_avg2	1.41402323419757e-10	0.000167642384806483	0.000183004941133411
IS.AIR.PSGR_min2	1.40913511718774e-10	0.000658158656523857	0.000467679294007605
NE.CON.PRVT.KD_tend2	1.39118891421737e-10	0.000184540278947	0.000264340470526038
EN.GHG.CH4.PI.MT.CE.AR5_ratioavg2	1.36170296654876e-10	0.000442591170821671	0.000569348705748389
EG.ELC.NUCL.ZS_min2	1.35951421903632e-10	0.000138906417934757	0.000142337176437097
TX.VAL.MRCH.OR.ZS_rank	1.33182315362361e-10	0.00012468163699161	0.000528680941052075
DT.ODA.ODAT.CD_avg2	1.29065823730563e-10	0.000927761216144305	0.000650684235141016
SP.POP.DPND_rank	1.26868697784729e-10	4.87843158520004e-05	4.06677646963135e-05
NY.GDP.MKTP.KN_lag1	1.24559262129442e-10	6.29136284666698e-05	6.10016470444702e-05
EN.GHG.CO2.BU.MT.CE.AR5_ratioavg2	1.22271396455164e-10	0.000211939689220041	0.000508347058703918
EG.ELC.FOSL.ZS	1.11360093373329e-10	0.000273612229416503	0.000284674352874194
NY.ADJ.DFOR.GN.ZS	1.06311065713059e-10	3.99057613035933e-05	8.13355293926269e-05
TM.VAL.INSF.ZS.WT_rank	1.03158933795622e-10	5.33667956189202e-05	0.00012200329408894
ER.H2O.INTR.PC_max2	1.02887082805747e-10	6.9691879788572e-06	2.03338823481567e-05
TX.VAL.MRCH.R5.ZS_rank	1.02436816455347e-10	3.37003199525561e-05	0.000101669411740784
FM.AST.NFRG.CN_min2	1.02296166956145e-10	0.000218813408870421	0.000284674352874194
BM.GSR.GNFS.CD_lag1	1.01682807480202e-10	7.56109161541768e-05	6.10016470444702e-05
EG.ELC.COAL.ZS_rank	9.9422336796938e-11	2.55855120319689e-05	6.10016470444702e-05
BX.TRF.CURR.CD_min2	9.69329826519404e-11	2.14803739074366e-05	8.13355293926269e-05
NE.GDI.TOTL.ZS_lag1	9.63376999155023e-11	0.000103010326427218	0.000203338823481567
NV.IND.TOTL.KD.ZG_isNA_rank	9.51213733945945e-11	0.000471136201036442	0.000793021411578113
AG.PRD.LVSK.XD_avg2	9.48073783017374e-11	0.000144729985971884	0.000183004941133411
AG.YLD.CREL.KG_delta1	9.46198852219394e-11	9.88097199742083e-05	8.13355293926269e-05
SP.POP.80UP.FE.5Y	9.17771533545497e-11	2.92133085141138e-05	2.03338823481567e-05
SP.RUR.TOTL	9.15683580446063e-11	0.00012582725693334	0.000183004941133411
TX.VAL.TRVL.ZS.WT	9.0900608704427e-11	0.000213180777490248	0.000325342117570508
BX.TRF.PWKR.DT.GD.ZS_max2	9.02311836544733e-11	2.82586252293388e-05	6.10016470444702e-05
SH.STA.MMRT_lag1	9.01923471197739e-11	0.00018530402557482	0.000203338823481567
NY.GDP.PETR.RT.ZS_rank	8.87649497097598e-11	2.62537903313114e-05	6.10016470444702e-05
NE.CON.PRVT.CD_tend2	8.57585741093736e-11	6.9882816445527e-05	0.000142337176437097
DC.DAC.USAL.CD_max2	8.44057613243339e-11	4.6015734326153e-05	0.000101669411740784
SP.POP.TOTL.MA.IN_delta1	8.38020747691545e-11	2.75903469299963e-05	8.13355293926269e-05
DC.DAC.USAL.CD_min2	8.21956827928027e-11	3.18864217114836e-05	8.13355293926269e-05
TX.VAL.TRAN.ZS.WT_delta1	7.8488497532721e-11	0.000370989924463549	0.000650684235141016
TM.VAL.MRCH.R1.ZS_lag1	7.82869232444179e-11	5.08846190785053e-05	0.000183004941133411
NE.CON.GOVT.ZS	7.6346361005036e-11	0.00017002909301842	0.000325342117570508
SP.POP.DPND_lag1	7.57514431893617e-11	0.000561831113090064	0.000345675999918664
EN.GHG.CO2.IC.MT.CE.AR5	7.53985691586663e-11	4.10513812453232e-06	2.03338823481567e-05
AG.LND.CROP.ZS_avg2	7.45786039740335e-11	3.5609686522106e-05	2.03338823481567e-05
AG.LND.ARBL.HA.PC_tend2	7.4575665070568e-11	0.000137951734649982	0.000305008235222351
BX.GSR.GNFS.CD_ratiomax2	7.4535155005273e-11	0.000438199627711706	0.000345675999918664
DC.DAC.FRAL.CD_avg2	7.34761254777128e-11	4.00012296320708e-05	8.13355293926269e-05
ER.FSH.CAPT.MT	7.31117510393602e-11	2.19577155498241e-05	8.13355293926269e-05
NE.CON.TOTL.CD_tend2	7.25536574172116e-11	5.42260105752177e-05	8.13355293926269e-05
NE.CON.TOTL.KD.ZG_rank	7.15853146982092e-11	0.000101100959857668	0.000305008235222351
NY.GDP.FRST.RT.ZS	7.14948017364822e-11	0.000137569861336072	0.000223672705829724
NE.CON.GOVT.CD_isNA_rank	6.93126561584387e-11	0.000157904615301778	0.000488013176355762
FI.RES.TOTL.MO_lag1	6.83090301040445e-11	0.000907521930507076	0.00101669411740784
NY.GDP.FCST.CD_delta1	6.8199145891812e-11	6.95964114600945e-05	0.000142337176437097
EG.ELC.PETR.ZS	6.58630018625207e-11	0.000113416374231265	0.000244006588177881
NV.IND.TOTL.CD_rank	6.4404648814619e-11	2.64447269882664e-05	6.10016470444702e-05
SE.PRM.ENRR.FE_rank	6.43515717623075e-11	7.85704343369791e-05	0.00012200329408894
DC.DAC.USAL.CD_avg2	6.37979491547206e-11	4.64930759685405e-05	8.13355293926269e-05
AG.PRD.CREL.MT	5.70111139074158e-11	2.02392856372291e-05	6.10016470444702e-05
EN.GHG.CO2.PC.CE.AR5_ratioavg2	5.65298876454139e-11	0.000132891913240674	0.000183004941133411
NY.GDP.FCST.CN_rank	5.6274952289363e-11	1.97619439948417e-05	6.10016470444702e-05
EN.POP.DNST_ratioavg2	5.59318904391825e-11	0.000149694339052714	0.000203338823481567
EG.ELC.NUCL.ZS_rank	5.51346122355725e-11	5.66127187871551e-05	0.000101669411740784
TM.VAL.FUEL.ZS.UN_rank	5.49301976555875e-11	2.84495618862938e-05	6.10016470444702e-05
DT.ODA.ODAT.CD_lag1	5.32347077702469e-11	0.00115087069979621	0.000732019764533643
EG.ELC.NUCL.ZS_ratioavg2	5.15770930842849e-11	5.24121123341453e-05	0.00012200329408894
SH.STA.MMRT	5.14037152103536e-11	5.46078838891277e-05	8.13355293926269e-05
SP.DYN.CDRT.IN_lag1	5.1354992007217e-11	0.000274185039387368	0.000366009882266821
SE.SEC.AGES_rank	4.85675308842232e-11	0.000268266003021764	0.000406677646963135
BM.GSR.MRCH.CD_ratiomax2	4.84763389637712e-11	0.0010117733452045	0.000854023058622583
NY.ADJ.NNTY.PC.CD_rank	4.79197015706849e-11	2.82586252293388e-05	6.10016470444702e-05
TM.VAL.MMTL.ZS.UN	4.67397606027576e-11	0.000480205692241804	0.000671018117489172
SH.DYN.MORT.MA	4.62766877353687e-11	3.90465463472958e-05	0.000101669411740784
EN.GHG.CO2.PC.CE.AR5_max2	4.24780658598945e-11	2.68266003021764e-05	6.10016470444702e-05
IS.AIR.DPRT_isNA_rank	4.1045914852457e-11	0.00107659634024072	0.00144370564671913
DT.ODA.ODAT.KD_tend2	4.00128197997531e-11	2.65401953167439e-05	4.06677646963135e-05
IT.CEL.SETS_min2	3.99004207542009e-11	0.000133464723211539	0.000101669411740784
NY.GDP.MKTP.KD.ZG	3.95990404266101e-11	0.000203633944642499	0.000223672705829724
DC.DAC.JPNL.CD_avg2	3.93892393320744e-11	6.77825132190221e-05	0.000142337176437097
SE.SEC.ENRR.MA_delta1	3.93304911282252e-11	0.000281631569008613	0.000325342117570508
DT.ODA.ODAT.CD_min2	3.9296521315453e-11	0.000376336150858289	0.000284674352874194
SE.SEC.ENRL_isNA_delta1	3.90969677188114e-11	3.09317384267087e-05	2.03338823481567e-05
BX.KLT.DINV.WD.GD.ZS_avg2	3.8730653477e-11	0.000272562077803251	0.000427011529311291
BX.TRF.PWKR.DT.GD.ZS_ratiomax2	3.76661380523342e-11	6.89281331607521e-05	6.10016470444702e-05
BX.KLT.DINV.WD.GD.ZS_max2	3.71373358439572e-11	0.00035342375202369	0.000488013176355762
ER.FSH.PROD.MT_max2	3.68143199836923e-11	3.09317384267087e-05	2.03338823481567e-05
NV.IND.MANF.CD_isNA_rank	3.60907391054693e-11	0.000461112026546305	0.000813355293926269
SG.LAW.INDX_rank	3.59634444065127e-11	5.09800874069828e-05	0.000101669411740784
ER.FSH.CAPT.MT_avg2	3.57243625662191e-11	0.000181294355778765	0.000101669411740784
EN.GHG.ALL.MT.CE.AR5_tend2	3.53426118604304e-11	0.000469990581094712	0.000447345411659448
FM.LBL.BMNY.GD.ZS_rank	3.42890203621019e-11	0.000191413998597379	0.000305008235222351
SP.POP.BRTH.MF_rank	3.39047382507065e-11	3.57051548505835e-05	0.00012200329408894
SP.POP.6569.MA.5Y_lag1	3.22729574166801e-11	5.89994269990925e-05	4.06677646963135e-05
NY.GDS.TOTL.ZS_rank	3.08629122945234e-11	2.52036387180589e-05	8.13355293926269e-05
EN.URB.LCTY.UR.ZS	3.05824539662892e-11	0.000125254446962475	0.000244006588177881
AG.LND.ARBL.ZS_min2	3.05166139502561e-11	3.20773583684386e-05	6.10016470444702e-05
DT.NFL.UNDP.CD_ratiomax2	3.04388911849885e-11	0.000141865936117559	0.000264340470526038
NY.ADJ.DKAP.GN.ZS	2.82433347411383e-11	0.000120767435524032	0.000244006588177881
AG.PRD.CREL.MT_lag1	2.80471372684319e-11	6.87371965037971e-06	2.03338823481567e-05
EN.GHG.CH4.FE.MT.CE.AR5_max2	2.80002989205789e-11	0.000596963457969782	0.000447345411659448
NE.GDI.FTOT.CD_delta1	2.79673497974063e-11	0.000336525857883173	0.000325342117570508
EN.URB.LCTY.UR.ZS_rank	2.79473518343284e-11	3.88556096903408e-05	6.10016470444702e-05
SH.STA.MMRT_delta1	2.7879951556966e-11	2.59673853458789e-05	6.10016470444702e-05
SP.POP.TOTL.FE.ZS	2.75839085243989e-11	7.26513979713744e-05	0.000142337176437097
EN.GHG.N2O.BU.MT.CE.AR5_max2	2.75080532128918e-11	4.6206670983108e-05	0.000101669411740784
NE.CON.TOTL.KD.ZG_ratiomax2	2.72088641241102e-11	0.0001166622973995	0.000183004941133411
AG.PRD.CROP.XD_delta1	2.69045709430762e-11	2.88314352002038e-05	2.03338823481567e-05
BM.GSR.GNFS.CD_avg2	2.67860604056106e-11	1.02151111470921e-05	2.03338823481567e-05
SE.SEC.ENRL.GC_rank	2.66700457834988e-11	0.000102151111470921	0.000203338823481567
AG.LND.ARBL.ZS	2.58897411536472e-11	7.18876513435544e-05	0.000142337176437097
NE.CON.GOVT.CD	2.54919167901403e-11	2.08120956080941e-05	4.06677646963135e-05
SE.SEC.AGES_lag1	2.51265899889732e-11	7.0455626416392e-05	6.10016470444702e-05
SP.POP.0014.FE.ZS	2.4483599474372e-11	3.08362700982312e-05	4.06677646963135e-05
EN.GHG.CH4.FE.MT.CE.AR5_avg2	2.42968941124577e-11	5.25075806626228e-06	2.03338823481567e-05
SE.SEC.ENRR.FE_rank	2.33212375733173e-11	2.2339588863734e-05	4.06677646963135e-05
TX.VAL.AGRI.ZS.UN_lag1	2.29388526331545e-11	0.000198860528218624	0.000386343764614978
FI.RES.TOTL.CD_avg2	2.28710687918354e-11	4.66840126254955e-05	4.06677646963135e-05
TM.VAL.MRCH.WL.CD	2.18410979572764e-11	7.92387126363216e-06	2.03338823481567e-05
NE.IMP.GNFS.CN_isNA_rank	2.15487284343781e-11	0.000169074409733645	0.000427011529311291
TX.VAL.MMTL.ZS.UN	2.15173268212559e-11	0.000108070147836525	0.000264340470526038
EN.POP.DNST_min2	2.13008866909135e-11	0.00035838810510452	0.000284674352874194
BX.GSR.CMCP.ZS_min2	2.07240814132948e-11	0.000106638122909363	0.000203338823481567
IS.AIR.PSGR_lag1	2.04993772198762e-11	0.000110743261033895	0.00012200329408894
EN.GHG.ALL.MT.CE.AR5_ratiomax2	1.98814096276368e-11	0.000299006804791517	0.000264340470526038
EN.URB.LCTY.UR.ZS_tend2	1.90947523075415e-11	9.88097199742083e-05	0.000264340470526038
SP.RUR.TOTL.ZG	1.8479599195328e-11	0.000217858725585646	0.000264340470526038
NE.CON.PRVT.ZS_rank	1.81276402615939e-11	0.000266547573109169	0.000284674352874194
DT.ODA.ALLD.KD_min2	1.80785245646921e-11	1.48930592424894e-05	2.03338823481567e-05
BX.GSR.TRAN.ZS	1.80674818616446e-11	0.000105110629653723	0.000305008235222351
BX.GSR.TRAN.ZS_ratiomax2	1.78863655087186e-11	4.6779480953973e-05	8.13355293926269e-05
NE.IMP.GNFS.KD_lag1	1.78400420344455e-11	7.16967146865994e-05	0.000101669411740784
FI.RES.XGLD.CD_lag1	1.74089487192781e-11	0.000128023028488322	0.000142337176437097
TX.VAL.OTHR.ZS.WT_rank	1.7080046616338e-11	4.18151278731432e-05	8.13355293926269e-05
NV.SRV.TOTL.KD	1.68240435379819e-11	4.19105962016207e-05	6.10016470444702e-05
MS.MIL.MPRT.KD_rank	1.66635308532583e-11	4.72568225963605e-05	0.000162671058785254
BM.GSR.TOTL.CD	1.66596662705967e-11	3.19818900399611e-05	4.06677646963135e-05
YearsSinceFirst	1.66558309182783e-11	7.39879545700593e-05	0.000142337176437097
EN.GHG.CH4.IC.MT.CE.AR5_avg2	1.66285825327862e-11	2.54900437034914e-05	6.10016470444702e-05
BX.GSR.TRAN.ZS_lag1	1.65758690520997e-11	0.000179480457537692	0.000305008235222351
DC.DAC.GBRL.CD_ratiomax2	1.60811767651675e-11	4.42973044135581e-05	0.000101669411740784
EN.GHG.N2O.FE.MT.CE.AR5_max2	1.56765840263918e-11	3.55142181936285e-05	8.13355293926269e-05
AG.LND.ARBL.ZS_ratioavg2	1.52933137528652e-11	0.000116089487428635	0.000162671058785254
EN.GHG.CH4.PI.MT.CE.AR5_max2	1.5248653666798e-11	0.000275712532643008	0.000203338823481567
NY.GDP.FRST.RT.ZS_lag1	1.52479362200859e-11	0.000217763257257168	0.000305008235222351
FM.AST.PRVT.GD.ZS_max2	1.47057273639529e-11	5.25075806626228e-05	6.10016470444702e-05
NV.IND.MANF.CD_delta1	1.45775613713171e-11	0.000278003772526468	0.000406677646963135
SP.POP.1519.FE.5Y_delta1	1.40316237624293e-11	0.000147212162512299	0.000223672705829724
BX.GSR.TOTL.CD_ratiomax2	1.37707408767406e-11	0.000351705322111095	0.000244006588177881
TX.VAL.MRCH.R6.ZS	1.37341642385679e-11	9.03130387397111e-05	0.000244006588177881
EN.GHG.CO2.TR.MT.CE.AR5_min2	1.33711554694862e-11	1.95710073378867e-05	2.03338823481567e-05
BX.TRF.PWKR.DT.GD.ZS_rank	1.31425871323578e-11	4.23879378440082e-05	6.10016470444702e-05
AG.LND.CROP.ZS_min2	1.29163420292667e-11	7.94296492932766e-05	0.00012200329408894
EN.GHG.CH4.BU.MT.CE.AR5	1.2892431641597e-11	0.000112939032588878	0.000203338823481567
EG.ELC.HYRO.ZS_max2	1.26537312235076e-11	0.00103621323729474	0.000732019764533643
EN.GHG.CH4.FE.MT.CE.AR5_lag1	1.24801007996518e-11	0.000262251498327681	0.000244006588177881
TX.VAL.FOOD.ZS.UN_rank	1.20652824477323e-11	5.22211756771903e-05	0.000101669411740784
SP.POP.3539.FE.5Y_rank	1.20537473931829e-11	4.55383926837656e-05	8.13355293926269e-05
SP.POP.0014.TO.ZS	1.14391905573132e-11	1.77571090968142e-05	2.03338823481567e-05
EN.GHG.N2O.TR.MT.CE.AR5_delta1	1.11604160075264e-11	5.23166440056678e-05	6.10016470444702e-05
EN.GHG.CH4.PI.MT.CE.AR5_avg2	1.10452284126328e-11	0.000713912160354715	0.000427011529311291
EN.GHG.CH4.FE.MT.CE.AR5_rank	1.10450337426349e-11	0.00115249366138033	0.00093535858801521
IT.MLT.MAIN_lag1	1.07777340198772e-11	0.00012659100356116	0.000162671058785254
NE.CON.PRVT.CD_max2	1.07358971438088e-11	3.16000167260512e-05	2.03338823481567e-05
DC.DAC.CANL.CD_avg2	1.07196870793078e-11	0.00017957592586617	0.000366009882266821
AG.LND.AGRI.K2_max2	1.0543156687562e-11	1.99528806517966e-05	4.06677646963135e-05
BX.TRF.PWKR.CD.DT_lag1	1.03219686790501e-11	0.000131555356641989	0.000142337176437097
NV.AGR.TOTL.CD_lag1	1.00332848255247e-11	8.72580522284313e-05	0.00012200329408894
TX.VAL.MRCH.RS.ZS	9.867249803208e-12	0.000102246579799398	0.000325342117570508
BX.GSR.TRAN.ZS_max2	9.62213849314822e-12	0.000148166845797074	0.000223672705829724
BX.TRF.PWKR.CD.DT_ratiomax2	9.520001778137e-12	1.36519709722819e-05	2.03338823481567e-05
FI.RES.TOTL.CD_min2	9.36595248466177e-12	8.01933959210966e-05	0.000142337176437097
BM.GSR.CMCP.ZS_rank	9.34618751728781e-12	1.16471360742545e-05	4.06677646963135e-05
EN.GHG.CO2.PC.CE.AR5	9.22590151564158e-12	3.91420146757733e-06	2.03338823481567e-05
EN.GHG.CH4.FE.MT.CE.AR5_min2	9.21329065290735e-12	0.000159241171900463	0.000162671058785254
SP.POP.65UP.FE.IN	9.16092346493945e-12	6.49184633646972e-06	2.03338823481567e-05
FI.RES.TOTL.MO_rank	8.91529925482644e-12	1.77571090968142e-05	6.10016470444702e-05
region	8.82928009445726e-12	4.7352290924838e-05	4.06677646963135e-05
EN.GHG.N2O.FE.MT.CE.AR5	8.7133305829464e-12	9.07903803820986e-05	0.00012200329408894
NE.GDI.TOTL.CD_lag1	8.601026933276e-12	0.000201629109744471	0.000203338823481567
FM.AST.DOMS.CN_min2	8.3341364267012e-12	5.60399088162901e-05	0.00012200329408894
EN.GHG.N2O.FE.MT.CE.AR5_min2	8.12279551209815e-12	8.3152914103899e-05	0.00012200329408894
NY.GNP.MKTP.CN_delta1	8.11625491271033e-12	0.000147403099169254	0.000142337176437097
AG.LND.PRCP.MM_rank	7.85189360527143e-12	4.7734164238748e-06	2.03338823481567e-05
AG.CON.FERT.ZS_lag1	7.54023395343214e-12	0.000477818984029867	0.000345675999918664
BM.GSR.MRCH.CD	7.3847847109384e-12	2.77812835869513e-05	6.10016470444702e-05
FS.AST.PRVT.GD.ZS_max2	7.33849487466008e-12	9.18405319953511e-05	0.000142337176437097
TX.VAL.MRCH.HI.ZS_rank	7.04529808042498e-12	2.43444237617615e-05	6.10016470444702e-05
NY.GDP.FCST.CD	6.97745163034954e-12	1.75661724398593e-05	4.06677646963135e-05
BX.GSR.TRVL.ZS_avg2	6.86109454992563e-12	6.85462598468421e-05	8.13355293926269e-05
AG.LND.ARBL.HA_ratioavg2	6.78725282355267e-12	0.000197810376605372	0.000223672705829724
EN.GHG.CO2.PC.CE.AR5_min2	6.24421790405683e-12	1.16471360742545e-05	4.06677646963135e-05
DC.DAC.GBRL.CD_max2	6.24401995978558e-12	9.00266337542787e-05	0.00012200329408894
EN.GHG.N2O.BU.MT.CE.AR5_lag1	6.15055750137629e-12	6.26272234812373e-05	6.10016470444702e-05
BX.TRF.PWKR.CD.DT_rank	5.99004636478457e-12	0.000120671967195555	0.000284674352874194
AG.LND.ARBL.ZS_tend2	5.97495680959802e-12	0.000133273786554584	0.000244006588177881
NE.RSB.GNFS.ZS_rank	5.88684730988721e-12	2.31988038200315e-05	8.13355293926269e-05
NY.GDP.MKTP.KD_delta1	5.87633868933927e-12	3.76145214201334e-05	8.13355293926269e-05
NY.GDP.MINR.RT.ZS	5.67831170629592e-12	3.02634601273662e-05	8.13355293926269e-05
BX.GSR.CMCP.ZS_avg2	5.64460082636452e-12	3.71371797777459e-05	0.000101669411740784
EG.ELC.COAL.ZS	5.57552225749836e-12	9.4513645192721e-06	4.06677646963135e-05
AG.LND.CREL.HA_ratioavg2	5.41817424709062e-12	0.000120671967195555	0.000223672705829724
TM.VAL.MANF.ZS.UN_rank	5.28659429527791e-12	6.60640833064272e-05	0.000284674352874194
FI.RES.TOTL.CD_max2	5.21543962697686e-12	8.35347874178089e-05	8.13355293926269e-05
NE.CON.GOVT.CD_lag1	5.16195334136654e-12	6.49184633646972e-06	2.03338823481567e-05
NE.GDI.TOTL.CD	4.75654859891274e-12	4.76386959102705e-05	0.000183004941133411
NY.GDP.MINR.RT.ZS_lag1	4.73049094562483e-12	0.000101769238157011	0.000162671058785254
EN.POP.DNST_max2	4.59757586831878e-12	0.000196473820006687	0.000244006588177881
BM.KLT.DINV.WD.GD.ZS_rank	4.5386138575488e-12	7.16012463581219e-05	0.00012200329408894
NV.IND.MANF.CD_lag1	4.53798687805906e-12	0.000105110629653723	0.000162671058785254
BX.TRF.CURR.CD_ratiomax2	4.35136829931528e-12	0.000704460795835442	0.000467679294007605
SP.POP.7579.FE.5Y_lag1	4.26027519633197e-12	3.91420146757733e-06	2.03338823481567e-05
FD.AST.PRVT.GD.ZS_rank	4.18152756027934e-12	7.0264689759437e-05	8.13355293926269e-05
SE.PRM.ENRL	4.15999888114031e-12	6.79734498759771e-05	0.000223672705829724
NE.CON.PRVT.PC.KD_ratioavg2	4.08491094176333e-12	0.00017270220621579	0.000325342117570508
NE.CON.PRVT.CD_rank	4.07351581131548e-12	4.6779480953973e-06	2.03338823481567e-05
TM.VAL.MRCH.AL.ZS_rank	4.02792009286606e-12	7.32242079422394e-05	0.000183004941133411
SE.PRM.ENRR.MA_rank	3.74474851393478e-12	3.65643698068809e-05	8.13355293926269e-05
NE.CON.TOTL.KD.ZG_lag1	3.56900589797894e-12	5.11710240639378e-05	0.000183004941133411
BM.GSR.FCTY.CD_max2	3.54863774490766e-12	3.08362700982312e-05	6.10016470444702e-05
IS.AIR.DPRT	3.35513814854533e-12	0.00023561583468246	0.000345675999918664
SP.POP.65UP.TO_delta1	3.15921188539379e-12	3.01679917988887e-05	0.000101669411740784
BX.KLT.DINV.WD.GD.ZS_ratiomax2	3.12579519497861e-12	5.48942888745602e-05	0.000162671058785254
EN.POP.DNST_avg2	3.07934579255802e-12	0.000209266576022671	0.000203338823481567
FS.AST.CGOV.GD.ZS_ratiomax2	3.07351676530969e-12	9.46091135211985e-05	0.00012200329408894
SE.PRM.ENRR_delta1	3.01838076486831e-12	8.2389167476079e-05	0.000203338823481567
ER.FSH.AQUA.MT_avg2	2.9915947321017e-12	1.14561994172995e-05	2.03338823481567e-05
BM.GSR.TRVL.ZS_rank	2.94271791601072e-12	6.62550199633822e-05	0.00012200329408894
SH.MMR.DTHS_delta1	2.87693926087895e-12	2.43444237617615e-05	0.000101669411740784
EN.URB.MCTY.TL.ZS_max2	2.7799906829456e-12	3.79009264055659e-05	4.06677646963135e-05
SP.POP.TOTL.MA.ZS_lag1	2.74485698545399e-12	2.80676885723838e-05	4.06677646963135e-05
NE.GDI.FTOT.ZS_rank	2.67352300302754e-12	4.52519876983331e-05	0.00012200329408894
AG.PRD.FOOD.XD_delta1	2.65567477310892e-12	6.9691879788572e-06	2.03338823481567e-05
EG.ELC.PETR.ZS_rank	2.54117463482382e-12	3.5609686522106e-05	6.10016470444702e-05
EN.GHG.CO2.IP.MT.CE.AR5_avg2	2.53405875866248e-12	3.57051548505835e-05	2.03338823481567e-05
FI.RES.XGLD.CD	2.2945280742324e-12	9.61366067768384e-05	0.000142337176437097
TX.VAL.MRCH.WR.ZS_rank	2.23591333434015e-12	9.83323783318208e-06	4.06677646963135e-05
NV.IND.TOTL.CD_lag1	2.20886027178966e-12	1.29836926729394e-05	4.06677646963135e-05
EN.GHG.CH4.MT.CE.AR5_ratiomax2	2.12981901374024e-12	0.000579588222186878	0.000427011529311291
BM.GSR.TOTL.CD_avg2	2.07410195054886e-12	6.49184633646972e-06	2.03338823481567e-05
SE.PRM.ENRL_rank	2.06035896343644e-12	3.23637633538711e-05	0.00012200329408894
FM.LBL.BMNY.GD.ZS_avg2	2.00962103836335e-12	0.000139861101219532	0.000183004941133411
SP.POP.65UP.FE.ZS_lag1	2.00289826067483e-12	3.13136117406187e-05	2.03338823481567e-05
FI.RES.TOTL.CD_lag1	1.90720789939804e-12	5.56580355023801e-05	6.10016470444702e-05
SP.DYN.AMRT.FE_rank	1.88316999300006e-12	2.52991070465364e-05	0.00012200329408894
EN.GHG.CH4.BU.MT.CE.AR5_avg2	1.86940844844714e-12	0.000511519303982423	0.000345675999918664
ER.FSH.PROD.MT	1.867551494565e-12	9.52773918205409e-05	0.000101669411740784
EN.GHG.N2O.AG.MT.CE.AR5_lag1	1.85306772960254e-12	6.87371965037971e-06	2.03338823481567e-05
FI.RES.TOTL.CD_rank	1.85034381445337e-12	2.93087768425912e-05	6.10016470444702e-05
BM.GSR.TOTL.CD_ratiomax2	1.84287574861942e-12	2.52036387180589e-05	2.03338823481567e-05
NY.GDP.PCAP.KD.ZG_lag1	1.75223076262229e-12	0.000222059332038656	0.000488013176355762
BX.TRF.CURR.CD_rank	1.60600486357528e-12	4.31516844718282e-05	6.10016470444702e-05
NE.RSB.GNFS.CD_rank	1.60077965819013e-12	1.31746293298944e-05	6.10016470444702e-05
BM.KLT.DINV.WD.GD.ZS_avg2	1.46390476206435e-12	3.39867249379885e-05	0.000101669411740784
EN.GHG.N2O.FE.MT.CE.AR5_delta1	1.42631309736717e-12	2.83540935578163e-05	4.06677646963135e-05
NY.GDP.FCST.CD_rank	1.38442194953389e-12	2.37716137908965e-05	2.03338823481567e-05
DT.NFL.UNDP.CD_max2	1.33977552347845e-12	7.92387126363216e-05	0.000264340470526038
AG.LND.TOTL.K2	1.26712084303213e-12	0.000192655086867587	0.000142337176437097
SH.DYN.MORT_rank	1.24426151821963e-12	6.77825132190221e-06	2.03338823481567e-05
FI.RES.TOTL.CD	1.18374252895129e-12	9.2986151937081e-05	0.000142337176437097
IS.AIR.DPRT_avg2	1.14556640350437e-12	0.000102055643142443	0.00012200329408894
AG.LND.CROP.ZS_max2	1.12700840906005e-12	1.75661724398593e-05	4.06677646963135e-05
NE.CON.PRVT.CD_lag1	1.11558552268437e-12	5.02163407791629e-05	6.10016470444702e-05
DC.DAC.TOTL.CD_lag1	1.10351791766574e-12	0.000150458085680534	0.000223672705829724
DT.ODA.ALLD.KD_lag1	1.1003793205321e-12	3.27456366677811e-05	4.06677646963135e-05
IS.AIR.GOOD.MT.K1_rank	1.09402855065001e-12	2.10030322650491e-05	4.06677646963135e-05
EN.GHG.N2O.IP.MT.CE.AR5_lag1	1.09050658718685e-12	4.39154310996481e-06	2.03338823481567e-05
FI.RES.XGLD.CD_rank	1.07581895613251e-12	3.04543967843212e-05	8.13355293926269e-05
BM.TRF.PWKR.CD.DT_rank	1.05546864528775e-12	1.37474393007594e-05	4.06677646963135e-05
BX.TRF.PWKR.DT.GD.ZS_avg2	1.04257381279961e-12	4.06695079314133e-05	0.000101669411740784
AG.LND.ARBL.HA	1.01886873767491e-12	2.64447269882664e-05	4.06677646963135e-05
FM.AST.PRVT.GD.ZS	9.93251389793466e-13	3.4845939894286e-05	4.06677646963135e-05
NY.GDP.PETR.RT.ZS_lag1	9.74164120709837e-13	2.56809803604464e-05	0.000101669411740784
EN.GHG.CH4.IC.MT.CE.AR5	9.62157181295824e-13	2.16713105643916e-05	2.03338823481567e-05
EN.GHG.CO2.TR.MT.CE.AR5_max2	9.49180700871578e-13	3.37957882810336e-05	4.06677646963135e-05
EN.GHG.N2O.AG.MT.CE.AR5_avg2	9.35365363170366e-13	0.000666368932772922	0.000386343764614978
ER.H2O.INTR.PC_ratioavg2	9.27798294787118e-13	1.36519709722819e-05	4.06677646963135e-05
BX.TRF.PWKR.CD.DT_avg2	9.22794069314164e-13	5.32713272904427e-05	8.13355293926269e-05
EN.GHG.N2O.TR.MT.CE.AR5_min2	9.04640663717702e-13	1.55613375418318e-05	2.03338823481567e-05
EN.GHG.CO2.PI.MT.CE.AR5	8.8721276784218e-13	5.25075806626228e-06	2.03338823481567e-05
BM.GSR.GNFS.CD_ratiomax2	8.73914631069737e-13	7.84749660085017e-05	6.10016470444702e-05
BM.GSR.MRCH.CD_avg2	8.67713534173201e-13	2.57764486889239e-05	2.03338823481567e-05
NE.EXP.GNFS.CN_lag1	8.6516543959871e-13	4.56338610122431e-05	0.00012200329408894
EN.GHG.ALL.PC.CE.AR5_rank	8.38555715286109e-13	5.25075806626228e-06	2.03338823481567e-05
SP.POP.4044.FE.5Y_rank	8.0437307216117e-13	3.5609686522106e-05	6.10016470444702e-05
EN.POP.DNST_lag1	7.53561889766409e-13	2.11939689220041e-05	2.03338823481567e-05
ER.FSH.PROD.MT_avg2	7.50313676991182e-13	2.17667788928691e-05	2.03338823481567e-05
NY.GDP.MKTP.CN_rank	7.20317192407236e-13	9.73776950470458e-06	4.06677646963135e-05
IS.AIR.DPRT_min2	7.0298938121736e-13	8.64943056006113e-05	0.00012200329408894
FM.AST.DOMS.CN_avg2	6.58985296989562e-13	2.05256906226616e-05	2.03338823481567e-05
EG.ELC.HYRO.ZS_min2	6.51315380939409e-13	7.34151445991944e-05	0.000142337176437097
SP.POP.2529.MA.5Y_rank	6.38019779813722e-13	4.25788745009632e-05	8.13355293926269e-05
EN.GHG.CO2.IP.MT.CE.AR5_delta1	6.29463622698139e-13	2.75903469299963e-05	6.10016470444702e-05
SP.POP.80UP.MA.5Y_delta1	5.86523931726428e-13	0.000103583136398083	0.000203338823481567
AG.LND.ARBL.ZS_max2	5.78165086608881e-13	2.97861184849787e-05	0.000101669411740784
NY.ADJ.DNGY.CD	5.77659976697434e-13	4.63021393115855e-05	0.000162671058785254
EN.GHG.N2O.FE.MT.CE.AR5_lag1	5.62968716757283e-13	4.51565193698556e-05	8.13355293926269e-05
SP.DYN.TO65.MA.ZS_rank	5.41119295630806e-13	5.44169472321727e-06	2.03338823481567e-05
EN.GHG.CH4.PI.MT.CE.AR5_lag1	5.15198085085117e-13	0.0001807215458079	0.000142337176437097
EN.GHG.CO2.IP.MT.CE.AR5_min2	4.86548942751576e-13	1.85208557246342e-05	2.03338823481567e-05
SE.SEC.ENRR.MA_rank	4.58463334436592e-13	1.14561994172995e-05	4.06677646963135e-05
EN.URB.LCTY.UR.ZS_avg2	4.1214742520766e-13	0.000143966239344064	0.000101669411740784
DC.DAC.CANL.CD_ratiomax2	3.88295613489253e-13	0.000207930019423986	0.000162671058785254
IT.CEL.SETS.P2_rank	3.6805833273658e-13	5.49897572030377e-05	0.000101669411740784
ER.FSH.CAPT.MT_max2	3.45397176300598e-13	2.06211589511391e-05	2.03338823481567e-05
AG.LND.ARBL.HA.PC_ratiomax2	3.44282284101159e-13	5.7758338728885e-05	6.10016470444702e-05
NY.GNP.MKTP.CD_delta1	3.41780323785612e-13	4.55383926837656e-05	6.10016470444702e-05
SE.SEC.AGES	3.36359001003243e-13	0.00012239039710815	0.00012200329408894
EN.GHG.CH4.IC.MT.CE.AR5_delta1	3.29860321104827e-13	3.69462431207909e-05	6.10016470444702e-05
SE.PRM.TCHR_rank	3.1959363357427e-13	4.63021393115855e-05	0.000142337176437097
NY.ADJ.DNGY.GN.ZS_lag1	3.17749020652922e-13	4.38199627711706e-05	0.00012200329408894
FI.RES.TOTL.CD_isNA_rank	3.08047161125567e-13	0.000104155946368948	0.000223672705829724
EG.USE.ELEC.KH.PC_rank	3.06446272986067e-13	8.40121290601964e-06	4.06677646963135e-05
SP.POP.TOTL.FE.ZS_rank	3.0511053297212e-13	1.69933624689943e-05	4.06677646963135e-05
NY.GDP.COAL.RT.ZS_rank	2.8593951440282e-13	2.10030322650491e-05	4.06677646963135e-05
BX.TRF.CURR.CD_avg2	2.7025159215302e-13	5.05982140930728e-06	2.03338823481567e-05
ER.H2O.INTR.PC_ratiomax2	2.64974326295812e-13	5.794927538584e-05	6.10016470444702e-05
EN.GHG.ALL.MT.CE.AR5_max2	2.49667015750817e-13	4.48701143844231e-06	2.03338823481567e-05
EN.GHG.CO2.BU.MT.CE.AR5_ratiomax2	2.45088753708294e-13	1.90936656954992e-05	4.06677646963135e-05
EG.ELC.COAL.ZS_max2	2.37657176280494e-13	3.94284196612058e-05	8.13355293926269e-05
EG.ELC.FOSL.ZS_avg2	2.35985554526695e-13	0.000355237650264762	0.000264340470526038
AG.SRF.TOTL.K2_rank	2.35528940746489e-13	4.96435308082979e-06	2.03338823481567e-05
SP.POP.5054.MA.5Y_rank	2.34794796084821e-13	6.08133252401649e-05	4.06677646963135e-05
NE.CON.TOTL.KD	2.34619167368824e-13	7.0264689759437e-05	6.10016470444702e-05
EN.GHG.CO2.IP.MT.CE.AR5	2.3274240817781e-13	4.29607478148732e-06	2.03338823481567e-05
TX.VAL.MANF.ZS.UN_rank	2.29890831241887e-13	2.2339588863734e-05	4.06677646963135e-05
EN.URB.MCTY.TL.ZS_min2	2.2528778302981e-13	6.71142349196796e-05	8.13355293926269e-05
NE.IMP.GNFS.CD	2.23498293378716e-13	1.30791610014169e-05	6.10016470444702e-05
DC.DAC.CECL.CD_ratiomax2	2.09005935067448e-13	3.81873313909984e-06	2.03338823481567e-05
BX.TRF.CURR.CD_lag1	2.08238646733573e-13	2.65401953167439e-05	2.03338823481567e-05
NV.SRV.TOTL.CD	2.04280509727367e-13	1.72797674544268e-05	2.03338823481567e-05
EN.GHG.N2O.IC.MT.CE.AR5_lag1	2.00446951183086e-13	0.000123058675407492	0.000101669411740784
SE.PRM.AGES_lag1	1.98986115925262e-13	9.06949120536211e-06	2.03338823481567e-05
EN.GHG.CH4.MT.CE.AR5	1.68514902444734e-13	2.02392856372291e-05	2.03338823481567e-05
Country_Name	1.65729218169455e-13	4.10513812453232e-06	2.03338823481567e-05
SP.POP.0014.MA.IN	1.60136391967804e-13	4.10513812453232e-06	2.03338823481567e-05
BM.GSR.FCTY.CD_lag1	1.5960077117093e-13	1.83299190676792e-05	2.03338823481567e-05
BM.GSR.CMCP.ZS_ratiomax2	1.58333838024227e-13	3.91420146757733e-06	2.03338823481567e-05
SP.POP.TOTL_lag1	1.56102964033327e-13	5.59444404878126e-05	6.10016470444702e-05
NV.IND.MANF.KD_lag1	1.53277769020331e-13	8.30574457754215e-05	8.13355293926269e-05
NE.CON.PRVT.PC.KD_avg2	1.46501873182426e-13	2.60628536743564e-05	4.06677646963135e-05
BX.GSR.TOTL.CD_rank	1.43163740193155e-13	1.2124477716642e-05	4.06677646963135e-05
AG.PRD.LVSK.XD_delta1	1.3501833663183e-13	1.73752357829043e-05	4.06677646963135e-05
BM.GSR.TRAN.ZS_lag1	1.30080380535444e-13	3.47504715658085e-05	0.00012200329408894
SH.MMR.RISK.ZS_rank	1.27008747791057e-13	3.78054580770884e-05	6.10016470444702e-05
BX.GRT.EXTA.CD.WD_ratiomax2	1.21658435282009e-13	2.4248955433284e-05	4.06677646963135e-05
DC.DAC.USAL.CD_lag1	1.11743955683516e-13	3.98102929751158e-05	0.000101669411740784
EG.USE.PCAP.KG.OE_rank	1.09575650816446e-13	5.05982140930728e-06	2.03338823481567e-05
NY.ADJ.DMIN.CD_rank	1.07446352681085e-13	2.51081703895814e-05	4.06677646963135e-05
NY.GNP.PCAP.CN_rank	1.06370129634315e-13	5.69945921010651e-05	8.13355293926269e-05
NY.GDP.MKTP.CD_rank	1.05912636474879e-13	4.6779480953973e-06	2.03338823481567e-05
DT.ODA.ODAT.CD_ratioavg2	1.05074278962205e-13	5.7376465414975e-05	6.10016470444702e-05
EN.GHG.CO2.PC.CE.AR5_rank	9.6841889629572e-14	2.15758422359141e-05	4.06677646963135e-05
EN.GHG.N2O.TR.MT.CE.AR5_max2	9.58641383084269e-14	4.10513812453232e-05	4.06677646963135e-05
EN.GHG.CO2.TR.MT.CE.AR5	9.28308536314226e-14	1.66114891550843e-05	2.03338823481567e-05
NV.IND.MANF.KD_rank	9.28003892477011e-14	6.47275267077422e-05	0.000101669411740784
EN.GHG.CO2.IP.MT.CE.AR5_rank	8.9538779915461e-14	4.48701143844231e-06	2.03338823481567e-05
BX.GSR.GNFS.CD_lag1	8.8912789449065e-14	0.000103678604726561	0.000101669411740784
EN.GHG.CO2.RT.GDP.KD_min2	8.53582263408128e-14	5.69945921010651e-05	0.00012200329408894
EN.GHG.CO2.PI.MT.CE.AR5_delta1	8.3874856992343e-14	9.2604278623171e-06	2.03338823481567e-05
NE.EXP.GNFS.CN_rank	7.81912376481905e-14	1.05015161325246e-05	4.06677646963135e-05
EN.GHG.CO2.IP.MT.CE.AR5_ratiomax2	7.72978107175823e-14	4.55383926837656e-05	6.10016470444702e-05
NY.ADJ.DFOR.CD_lag1	6.39972708030939e-14	9.3558961907946e-06	4.06677646963135e-05
FD.AST.PRVT.GD.ZS_avg2	6.3396294594214e-14	7.24604613144194e-05	8.13355293926269e-05
NE.CON.PRVT.KD	6.32479015553974e-14	3.29365733247361e-05	6.10016470444702e-05
NY.GDP.PCAP.KN_lag1	6.26588117528229e-14	5.12664923924153e-05	0.000101669411740784
BX.KLT.DINV.CD.WD_max2	5.83503665051084e-14	8.41075973886739e-05	0.000101669411740784
NV.IND.TOTL.KD	5.60937696215068e-14	1.68024258120393e-05	2.03338823481567e-05
NE.DAB.TOTL.CD_rank	5.51268232150316e-14	1.18380727312095e-05	4.06677646963135e-05
BX.GRT.EXTA.CD.WD_min2	5.44912562389754e-14	3.18864217114836e-05	0.00012200329408894
NY.GDP.MINR.RT.ZS_rank	5.38101995740237e-14	1.79480457537692e-05	6.10016470444702e-05
EN.GHG.N2O.IC.MT.CE.AR5_delta1	5.32029842120803e-14	4.89752525089554e-05	6.10016470444702e-05
IS.AIR.PSGR_rank	4.68242542583962e-14	3.88556096903408e-05	6.10016470444702e-05
FS.AST.PRVT.GD.ZS_avg2	4.56521119356422e-14	2.62537903313114e-05	4.06677646963135e-05
EN.GHG.N2O.IC.MT.CE.AR5	4.51975151997552e-14	3.74235847631784e-05	4.06677646963135e-05
EG.ELC.HYRO.ZS_lag1	4.45700152788651e-14	8.72580522284313e-05	0.000142337176437097
EN.GHG.N2O.IP.MT.CE.AR5_delta1	4.28247225333027e-14	9.54683284774959e-06	2.03338823481567e-05
BX.GRT.EXTA.CD.WD_avg2	4.15627279143672e-14	2.11939689220041e-05	4.06677646963135e-05
IT.CEL.SETS_avg2	4.09749371030221e-14	5.04072774361179e-05	8.13355293926269e-05
NY.GDP.PCAP.KD.ZG_rank	3.8780857224961e-14	2.75903469299963e-05	0.00012200329408894
EN.GHG.CO2.FE.MT.CE.AR5	3.85184801602083e-14	1.16471360742545e-05	4.06677646963135e-05
NV.IND.TOTL.CN_rank	3.51147958905336e-14	1.0787921117957e-05	4.06677646963135e-05
MS.MIL.MPRT.KD_isNA_delta1	3.0245063327242e-14	2.70175369591313e-05	2.03338823481567e-05
BM.GSR.MRCH.CD_lag1	2.8804391943776e-14	6.53958050070847e-05	4.06677646963135e-05
EN.GHG.N2O.AG.MT.CE.AR5_max2	2.61818596208177e-14	4.15287228877107e-05	4.06677646963135e-05
SE.SEC.ENRL.GC.FE.ZS_rank	2.61110209635454e-14	2.63492586597889e-05	8.13355293926269e-05
AG.LND.ARBL.HA_min2	2.25439620647879e-14	5.25075806626228e-06	2.03338823481567e-05
NE.EXP.GNFS.ZS_rank	2.22244944225409e-14	3.81873313909984e-06	2.03338823481567e-05
NV.AGR.TOTL.CD_rank	2.13995499503381e-14	4.5824797669198e-06	2.03338823481567e-05
SP.POP.0014.TO.ZS_lag1	2.10992106289473e-14	2.62537903313114e-05	2.03338823481567e-05
NY.GDP.FCST.KD	2.10219206456356e-14	3.19818900399611e-05	4.06677646963135e-05
EN.GHG.CH4.MT.CE.AR5_avg2	2.0140304272449e-14	0.000134514874824792	8.13355293926269e-05
AG.LND.TOTL.K2_tend2	1.87943991984015e-14	1.70888307974718e-05	2.03338823481567e-05
BM.GSR.GNFS.CD	1.63339384412088e-14	2.72084736160863e-05	6.10016470444702e-05
SP.POP.3034.FE.5Y_rank	1.59825325559172e-14	7.92387126363216e-06	2.03338823481567e-05
IT.MLT.MAIN.P2_rank	1.54164813926065e-14	1.90936656954992e-05	6.10016470444702e-05
EN.GHG.CH4.TR.MT.CE.AR5_delta1	1.50887059642805e-14	1.14561994172995e-05	2.03338823481567e-05
AG.LND.CROP.ZS_rank	1.46019272108289e-14	2.33897404769865e-05	6.10016470444702e-05
NE.EXP.GNFS.KD_lag1	1.37961443686705e-14	1.01196428186146e-05	4.06677646963135e-05
NE.CON.PRVT.CD_avg2	1.33505545251933e-14	1.69933624689943e-05	2.03338823481567e-05
MS.MIL.XPND.CD_max2	1.29707473770973e-14	3.28411049962586e-05	6.10016470444702e-05
EN.URB.LCTY.UR.ZS_ratiomax2	1.2634366308008e-14	4.6779480953973e-06	2.03338823481567e-05
NY.GDS.TOTL.CD	1.16159961241201e-14	0.000100910023200713	8.13355293926269e-05
SE.PRM.ENRR_rank	1.15239199065413e-14	2.39625504478515e-05	6.10016470444702e-05
NY.GDS.TOTL.CD_lag1	1.14722797117969e-14	6.32955017805798e-05	6.10016470444702e-05
SP.DYN.IMRT.FE.IN_delta1	1.0419902687657e-14	4.53474560268106e-05	8.13355293926269e-05
NE.CON.PRVT.KD_max2	1.00877388918791e-14	6.36773750944898e-05	4.06677646963135e-05
EN.GHG.CH4.BU.MT.CE.AR5_max2	9.51977837581116e-15	4.97389991367754e-05	4.06677646963135e-05
DT.NFL.UNDP.CD_avg2	9.12133495614293e-15	1.44157176001019e-05	6.10016470444702e-05
EN.GHG.CH4.TR.MT.CE.AR5_ratiomax2	8.93643574959359e-15	4.86888475235229e-05	8.13355293926269e-05
NE.IMP.GNFS.CD_lag1	8.63191205570266e-15	2.78767519154288e-05	2.03338823481567e-05
EN.GHG.CO2.RT.GDP.KD_avg2	8.55164352703268e-15	6.66368932772921e-05	0.000101669411740784
EN.GHG.N2O.FE.MT.CE.AR5_avg2	8.02611543220491e-15	3.96193563181608e-05	6.10016470444702e-05
EN.GHG.CO2.RT.GDP.KD_ratiomax2	7.87048180187698e-15	1.2315414373597e-05	4.06677646963135e-05
IS.AIR.PSGR_avg2	7.53094460010421e-15	6.42501850653548e-05	4.06677646963135e-05
EN.URB.MCTY.TL.ZS_avg2	7.42823799954467e-15	1.94755390094092e-05	4.06677646963135e-05
BX.GSR.MRCH.CD_max2	6.83586806865132e-15	3.27456366677811e-05	2.03338823481567e-05
SP.POP.1519.FE.5Y_rank	6.00019129428873e-15	1.93800706809317e-05	4.06677646963135e-05
EN.GHG.N2O.PI.MT.CE.AR5_delta1	4.90142748156451e-15	1.47021225855344e-05	4.06677646963135e-05
AG.LND.ARBL.HA.PC_avg2	4.86147952027584e-15	1.89981973670217e-05	2.03338823481567e-05
EN.GHG.CH4.AG.MT.CE.AR5	4.6608572619312e-15	3.81873313909984e-06	2.03338823481567e-05
TX.VAL.MRCH.AL.ZS_rank	4.50290450712286e-15	3.20773583684386e-05	0.000101669411740784
FM.AST.PRVT.GD.ZS_ratioavg2	4.33086973349071e-15	2.28169305061215e-05	6.10016470444702e-05
NY.GDP.FCST.CD_lag1	4.24088484592301e-15	3.12181434121412e-05	4.06677646963135e-05
ER.FSH.AQUA.MT_lag1	4.14116581370194e-15	1.2124477716642e-05	4.06677646963135e-05
EN.GHG.CH4.TR.MT.CE.AR5_lag1	3.56753143920481e-15	7.14103097011669e-05	4.06677646963135e-05
AG.LND.CROP.ZS_lag1	3.39529163792464e-15	1.39383759577144e-05	4.06677646963135e-05
FS.AST.CGOV.GD.ZS_avg2	2.90258384273567e-15	4.10513812453232e-06	2.03338823481567e-05
NY.ADJ.DNGY.CD_lag1	2.86519639399006e-15	3.16954850545286e-05	4.06677646963135e-05
SP.POP.TOTL.FE.IN_delta1	2.86132816117968e-15	1.0978857774912e-05	4.06677646963135e-05
AG.LND.AGRI.ZS_lag1	2.77495632111167e-15	2.75903469299963e-05	4.06677646963135e-05
BM.GSR.GNFS.CD_rank	2.45029896363071e-15	7.92387126363216e-06	2.03338823481567e-05
BX.GSR.MRCH.CD_rank	2.38002750300776e-15	6.58731466494722e-06	2.03338823481567e-05
SP.DYN.IMRT.FE.IN_lag1	2.14799470442751e-15	5.34622639473977e-06	2.03338823481567e-05
EN.GHG.CH4.WA.MT.CE.AR5_min2	2.14506153009047e-15	4.48701143844231e-06	2.03338823481567e-05
IT.MLT.MAIN_max2	2.05044813389585e-15	4.5824797669198e-06	2.03338823481567e-05
SP.POP.65UP.FE.IN_delta1	1.819342286174e-15	2.47262970756714e-05	0.000101669411740784
NY.GDP.MKTP.CD_delta1	1.72435641602489e-15	3.36048516240786e-05	4.06677646963135e-05
FM.AST.NFRG.CN_rank	1.59541897271057e-15	2.67311319736989e-05	6.10016470444702e-05
SP.DYN.TO65.FE.ZS_rank	1.48161089186502e-15	1.32700976583719e-05	4.06677646963135e-05
TM.VAL.MRCH.OR.ZS_rank	1.28570754885439e-15	3.21728266969161e-05	8.13355293926269e-05
SP.POP.2024.MA.5Y_rank	1.27854984776451e-15	1.01196428186146e-05	4.06677646963135e-05
DC.DAC.TOTL.CD_min2	1.27655425957449e-15	3.14090800690962e-05	6.10016470444702e-05
EN.GHG.N2O.AG.MT.CE.AR5_ratiomax2	1.16935101898314e-15	4.6397607640063e-05	4.06677646963135e-05
EN.GHG.CH4.FE.MT.CE.AR5_ratiomax2	1.11072732655153e-15	1.41293126146694e-05	2.03338823481567e-05
TX.VAL.MRCH.R4.ZS_rank	1.10445079653722e-15	2.95951818280237e-05	4.06677646963135e-05
EN.GHG.CO2.PI.MT.CE.AR5_rank	1.06124390248255e-15	3.13136117406187e-05	4.06677646963135e-05
ER.H2O.INTR.K3_rank	1.0492385490989e-15	2.50127020611039e-05	2.03338823481567e-05
TM.VAL.MRCH.R5.ZS_rank	9.94731461002781e-16	1.1551667745777e-05	2.03338823481567e-05
BM.GSR.MRCH.CD_rank	9.74974913079128e-16	1.0787921117957e-05	4.06677646963135e-05
AG.LND.ARBL.HA_delta1	9.56428428244904e-16	2.51081703895814e-05	2.03338823481567e-05
DT.ODA.ODAT.KD_min2	9.41968437194118e-16	2.91178401856363e-05	2.03338823481567e-05
AG.LND.CREL.HA_min2	9.31678099372515e-16	1.73752357829043e-05	2.03338823481567e-05
EN.GHG.N2O.TR.MT.CE.AR5_lag1	9.24747751981958e-16	1.2315414373597e-05	4.06677646963135e-05
EN.GHG.N2O.PI.MT.CE.AR5_max2	8.35156477603561e-16	1.59432108557418e-05	2.03338823481567e-05
NY.ADJ.NNTY.CD_lag1	7.49166334381709e-16	2.52991070465364e-05	4.06677646963135e-05
EN.GHG.CH4.AG.MT.CE.AR5_rank	7.05219125134839e-16	5.63263138017226e-06	2.03338823481567e-05
SP.POP.TOTL.MA.ZS_rank	6.42781775745889e-16	7.16012463581219e-06	2.03338823481567e-05
EG.ELC.FOSL.ZS_min2	5.88042528715355e-16	3.24592316823486e-05	6.10016470444702e-05
NY.GNP.MKTP.CN_lag1	4.6701398167633e-16	2.76858152584738e-05	2.03338823481567e-05
SP.POP.0014.MA.IN_rank	4.61835078761838e-16	9.3558961907946e-06	2.03338823481567e-05
EN.GHG.N2O.IP.MT.CE.AR5_ratiomax2	4.57033861902057e-16	2.10030322650491e-05	6.10016470444702e-05
NY.ADJ.DFOR.CD	4.43213229698503e-16	4.39154310996481e-06	2.03338823481567e-05
ER.FSH.AQUA.MT_rank	4.4058588859943e-16	3.81873313909984e-06	2.03338823481567e-05
TX.VAL.TRAN.ZS.WT_rank	4.31380226653355e-16	9.54683284774959e-06	2.03338823481567e-05
AG.LND.ARBL.ZS_delta1	4.13826675362306e-16	1.54658692133543e-05	2.03338823481567e-05
BM.GSR.NFSV.CD_avg2	3.92473268314099e-16	4.7543227581793e-05	4.06677646963135e-05
IT.CEL.SETS_lag1	3.78771368871222e-16	1.58477425272643e-05	2.03338823481567e-05
EN.GHG.CO2.MT.CE.AR5	3.5927259867812e-16	5.63263138017226e-06	2.03338823481567e-05
NY.ADJ.DNGY.CD_rank	3.4273514165284e-16	4.00966979605483e-06	2.03338823481567e-05
SP.POP.65UP.TO	3.35634731418598e-16	4.20060645300982e-06	2.03338823481567e-05
ER.FSH.CAPT.MT_min2	3.24670256743845e-16	8.30574457754215e-06	2.03338823481567e-05
NY.GDP.PCAP.CN_rank	3.2395163011771e-16	1.61341475126968e-05	4.06677646963135e-05
EN.GHG.CH4.TR.MT.CE.AR5_max2	2.88266703707492e-16	4.96435308082979e-06	2.03338823481567e-05
TX.VAL.MRCH.WL.CD_lag1	2.73055682917526e-16	3.73281164347009e-05	2.03338823481567e-05
TM.VAL.FOOD.ZS.UN_rank	2.72643677199337e-16	5.72809970864976e-06	2.03338823481567e-05
NY.GDP.MKTP.KD_lag1	2.62625771334677e-16	4.7161354267883e-05	4.06677646963135e-05
EN.GHG.CH4.PI.MT.CE.AR5	2.23760192830061e-16	5.35577322758752e-05	4.06677646963135e-05
IS.AIR.DPRT_rank	1.77587950204745e-16	2.33897404769865e-05	6.10016470444702e-05
SP.POP.GROW_rank	1.77457485362936e-16	1.30791610014169e-05	4.06677646963135e-05
EN.POP.DNST_rank	1.75866522699173e-16	1.0596984461002e-05	4.06677646963135e-05
EN.GHG.CO2.FE.MT.CE.AR5_lag1	1.46604689737003e-16	3.45595349088535e-05	6.10016470444702e-05
EN.GHG.CH4.PI.MT.CE.AR5_rank	1.42095568149294e-16	1.29836926729394e-05	2.03338823481567e-05
SP.POP.1564.FE.IN	1.39138482116254e-16	1.34610343153269e-05	4.06677646963135e-05
AG.LND.ARBL.HA_rank	1.31231575718224e-16	4.5824797669198e-06	2.03338823481567e-05
EN.GHG.N2O.AG.MT.CE.AR5_min2	1.27559879297955e-16	5.05982140930728e-06	2.03338823481567e-05
NE.CON.TOTL.KD_delta1	1.17488619826763e-16	1.72797674544268e-05	4.06677646963135e-05
EN.GHG.N2O.FE.MT.CE.AR5_rank	1.01004723510896e-16	2.31988038200315e-05	4.06677646963135e-05
NE.EXP.GNFS.KD_rank	9.98944924979109e-17	4.5824797669198e-06	2.03338823481567e-05
EN.GHG.CH4.PI.MT.CE.AR5_min2	9.61135081419972e-17	0.00010596984461002	6.10016470444702e-05
EG.ELC.NGAS.ZS_max2	8.41070308445894e-17	1.63250841696518e-05	4.06677646963135e-05
AG.LND.PRCP.MM	8.30102841375883e-17	2.66356636452214e-05	6.10016470444702e-05
EN.GHG.N2O.WA.MT.CE.AR5_lag1	7.1344891830586e-17	6.10997302255974e-06	2.03338823481567e-05
AG.LND.AGRI.K2_min2	6.9522963650155e-17	1.04060478040471e-05	4.06677646963135e-05
TX.VAL.AGRI.ZS.UN_rank	6.9312343415354e-17	5.15528973778478e-06	2.03338823481567e-05
EN.GHG.N2O.TR.MT.CE.AR5	6.53648029333004e-17	2.09075639365716e-05	4.06677646963135e-05
EN.GHG.CO2.PC.CE.AR5_avg2	6.46716974933316e-17	1.2506351030552e-05	2.03338823481567e-05
FI.RES.XGLD.CD_max2	5.88720019956152e-17	1.0596984461002e-05	4.06677646963135e-05
NY.GDP.FCST.CN_lag1	4.62339050678709e-17	3.22682950253936e-05	6.10016470444702e-05
EN.GHG.N2O.PI.MT.CE.AR5_lag1	4.59309272396499e-17	3.20773583684386e-05	2.03338823481567e-05
AG.LND.ARBL.ZS_rank	4.49548275958098e-17	7.63746627819967e-06	2.03338823481567e-05
BM.GSR.TOTL.CD_rank	4.09143399349317e-17	4.21015328585757e-05	6.10016470444702e-05
NY.GDP.PETR.RT.ZS	3.49603073810516e-17	4.96435308082979e-06	2.03338823481567e-05
NE.GDI.TOTL.ZS_rank	3.29702208652691e-17	8.30574457754215e-06	4.06677646963135e-05
SP.POP.65UP.FE.ZS	2.40285193126322e-17	6.39637800799223e-06	2.03338823481567e-05
BM.GSR.TRVL.ZS_avg2	1.99413117032795e-17	1.88072607100667e-05	2.03338823481567e-05
FI.RES.XGLD.CD_min2	1.90770510102837e-17	2.59673853458789e-05	2.03338823481567e-05
DT.ODA.ODAT.GN.ZS_ratiomax2	1.78198456634008e-17	4.57293293407205e-05	6.10016470444702e-05
EN.GHG.ALL.MT.CE.AR5	1.7397558685011e-17	3.91420146757733e-06	2.03338823481567e-05
EN.GHG.CO2.TR.MT.CE.AR5_ratiomax2	1.7163038438235e-17	9.06949120536211e-06	2.03338823481567e-05
BX.GSR.FCTY.CD_rank	1.71427627266767e-17	8.78308621992963e-06	2.03338823481567e-05
SP.POP.0014.MA.ZS_rank	1.59902538673788e-17	3.86646730333858e-05	4.06677646963135e-05
SP.POP.0014.FE.IN_lag1	1.48450445358522e-17	6.49184633646972e-06	2.03338823481567e-05
AG.LND.CREL.HA_lag1	1.34321832179486e-17	2.57764486889239e-05	6.10016470444702e-05
AG.PRD.FOOD.XD_ratiomax2	1.31009131945998e-17	1.79480457537692e-05	2.03338823481567e-05
EN.GHG.CH4.TR.MT.CE.AR5_min2	1.07764961321694e-17	8.87855454840712e-06	4.06677646963135e-05
AG.LND.CREL.HA_avg2	9.22386323369513e-18	9.64230117622709e-06	2.03338823481567e-05
SP.POP.1014.MA.5Y_rank	8.94918455000703e-18	4.29607478148732e-06	2.03338823481567e-05
NE.EXP.GNFS.CD_rank	7.86868807852015e-18	5.15528973778478e-06	2.03338823481567e-05
EN.GHG.N2O.PI.MT.CE.AR5_rank	7.79595252819038e-18	1.20290093881645e-05	2.03338823481567e-05
IS.AIR.PSGR_max2	7.64631475522509e-18	1.58477425272643e-05	2.03338823481567e-05
FM.AST.PRVT.GD.ZS_avg2	7.07433776397191e-18	3.12181434121412e-05	2.03338823481567e-05
ER.H2O.INTR.K3	6.03602195322456e-18	2.79722202439063e-05	2.03338823481567e-05
NY.GDP.MKTP.CD	5.48726467493373e-18	1.84253873961567e-05	2.03338823481567e-05
SP.POP.TOTL.FE.IN_lag1	5.1805032935172e-18	4.7734164238748e-06	2.03338823481567e-05
ER.FSH.CAPT.MT_lag1	5.12888077848369e-18	1.56568058703093e-05	2.03338823481567e-05
EN.GHG.CO2.IC.MT.CE.AR5_ratiomax2	3.93750479844373e-18	2.07166272796166e-05	4.06677646963135e-05
EN.GHG.N2O.MT.CE.AR5_rank	3.12846704889595e-18	9.92870616165957e-06	2.03338823481567e-05
NE.CON.PRVT.KD.ZG_rank	2.4779866072002e-18	4.96435308082979e-06	2.03338823481567e-05
NE.CON.TOTL.CD_min2	2.18813827406894e-18	8.30574457754215e-06	2.03338823481567e-05
BM.GSR.TOTL.CD_max2	1.95220989745899e-18	4.39154310996481e-06	2.03338823481567e-05
BX.GSR.GNFS.CD	1.60918270085124e-18	3.09317384267087e-05	2.03338823481567e-05
NE.CON.TOTL.KD_max2	1.31671714750104e-18	3.09317384267087e-05	2.03338823481567e-05
BX.GSR.TRAN.ZS_avg2	1.29787099752981e-18	8.21027624906465e-06	2.03338823481567e-05
AG.CON.FERT.ZS_rank	8.25573832394518e-19	3.81873313909984e-06	2.03338823481567e-05
SP.POP.1564.TO_delta1	6.96379299393799e-19	1.2315414373597e-05	2.03338823481567e-05
TM.VAL.SERV.CD.WT_lag1	6.95125011351464e-19	7.63746627819967e-06	2.03338823481567e-05
EN.GHG.N2O.MT.CE.AR5_min2	6.18835025997986e-19	5.72809970864976e-06	2.03338823481567e-05
ER.FSH.AQUA.MT_max2	4.47156339536956e-19	1.68978941405168e-05	2.03338823481567e-05
BX.GSR.MRCH.CD	4.29626597862568e-19	8.97402287688462e-06	2.03338823481567e-05
MS.MIL.XPND.CD_ratiomax2	3.70596043545696e-19	1.77571090968142e-05	2.03338823481567e-05
NY.GNP.PCAP.CN	1.78574353004717e-19	1.29836926729394e-05	2.03338823481567e-05
EN.GHG.N2O.PI.MT.CE.AR5_avg2	9.49311212439436e-20	7.54199794972218e-06	2.03338823481567e-05
DT.NFL.UNDP.CD_delta1	7.60726639293776e-20	1.93800706809317e-05	2.03338823481567e-05
EG.ELC.COAL.ZS_lag1	7.52377671783087e-20	1.01196428186146e-05	2.03338823481567e-05
NY.ADJ.DFOR.GN.ZS_delta1	4.96718939504153e-20	8.49668123449714e-06	2.03338823481567e-05
EN.GHG.N2O.BU.MT.CE.AR5_rank	4.74082678167899e-20	4.7734164238748e-06	2.03338823481567e-05
EN.GHG.N2O.IP.MT.CE.AR5_min2	2.45802496498586e-20	3.81873313909984e-06	2.03338823481567e-05
