Feature	Gain	Cover	Frequency
NE.CON.PRVT.PC.KD	0.396181280856993	0.000909823696530025	0.000854283622162558
NY.GDP.PCAP.KD	0.166670639166664	0.00154468998227692	0.000854283622162558
SP.URB.TOTL.IN.ZS_rank	0.114162373430987	0.000252260454704333	0.000122040517451794
SP.RUR.TOTL.ZS	0.0854464058312003	0.000812551027620899	0.000488162069807176
EN.URB.LCTY_avg2	0.0351434427522126	0.000200381697952799	0.000244081034903588
EN.URB.LCTY_lag1	0.0278498836197465	0.000385199768880139	0.000488162069807176
TX.VAL.MRCH.OR.ZS_lag1	0.017951586336024	9.98666067467026e-05	0.000244081034903588
SH.DTH.MORT_lag1	0.0134012282101354	0.00880641895857287	0.00451549914571638
NY.GDP.DEFL.ZS_lag1	0.0104677992367417	0.000184818070927339	0.000366121552355382
NY.GDP.PCAP.KD_rank	0.00642578910127783	0.000252260454704333	0.000122040517451794
NY.GDP.DEFL.ZS	0.00629756542718341	0.00223532593153171	0.0020746887966805
NE.TRD.GNFS.ZS	0.00582087835389022	0.000504520909408667	0.000854283622162558
FP.CPI.TOTL_max2	0.00572680684320592	0.000461720935088651	0.000732243104710764
EN.GHG.CH4.WA.MT.CE.AR5_max2	0.00549202455765027	4.92848189139571e-05	0.000122040517451794
BG.GSR.NFSV.GD.ZS	0.00427076384028445	0.000151745363498236	0.000366121552355382
EN.GHG.CH4.WA.MT.CE.AR5_lag1	0.00365418261342021	4.73393655357746e-05	0.000122040517451794
SH.IMM.IDPT_rank	0.00347993118356587	0.00019584230673704	0.000244081034903588
SH.IMM.MEAS_rank	0.00331348466975324	0.000485066375626841	0.00061020258725897
PA.NUS.FCRF	0.0028426914899332	0.0118069565521897	0.00707835001220405
DT.ODA.ODAT.GN.ZS	0.0027356033718649	0.000504520909408667	0.000244081034903588
EG.ELC.PETR.ZS_avg2	0.00254057427372255	0.000214648356059471	0.000366121552355382
SH.DTH.NMRT_lag1	0.00230054089715439	0.00384551284420745	0.0020746887966805
demographic_pressure	0.00225591445064396	0.000570666324266872	0.00061020258725897
EN.URB.LCTY	0.00184234598433802	0.000103109029043673	0.000122040517451794
SP.POP.1564.MA.ZS_rank	0.00184126585169462	0.000153042332417025	0.000122040517451794
TM.VAL.MRCH.R2.ZS_lag1	0.00179065767198775	0.000220484716194019	0.000488162069807176
MS.MIL.XPND.GD.ZS_min2	0.00174682669809423	3.50181608072853e-05	0.000122040517451794
SP.POP.2024.MA.5Y	0.00167620715549124	0.000859890393156673	0.00061020258725897
SP.POP.BRTH.MF	0.00162222104072277	0.000864429784372432	0.000854283622162558
TX.VAL.MRCH.R2.ZS	0.0016058317567804	0.00038844219117711	0.00109836465706615
SP.URB.TOTL.IN.ZS	0.00158165015223978	0.000606332969533552	0.00061020258725897
NE.CON.PRVT.PC.KD_min2	0.00150474349397561	5.44726945891105e-05	0.000122040517451794
BM.GSR.TRAN.ZS_avg2	0.00147660095464612	6.61454148582056e-05	0.000244081034903588
SP.DYN.IMRT.IN_lag1	0.00143278579119146	0.00241041673556814	0.00134244569196973
SP.POP.6064.MA.5Y_delta1	0.00140782023853869	0.00214064720046016	0.00158652672687332
EN.GHG.CH4.FE.MT.CE.AR5_avg2	0.00134995432070338	0.000103109029043673	0.000122040517451794
NY.GDP.FRST.RT.ZS_rank	0.001238891016322	0.00110696297218585	0.000732243104710764
FM.AST.NFRG.CN	0.00122447179110882	0.00106416299786584	0.000732243104710764
EG.ELC.PETR.ZS_min2	0.00117576339073365	0.000207515027006135	0.000244081034903588
EN.GHG.CH4.WA.MT.CE.AR5	0.0011688551393186	4.8636334454563e-05	0.000122040517451794
NE.IMP.GNFS.ZS	0.00115584463877176	0.000625787503315377	0.000732243104710764
SP.POP.5054.MA.5Y_delta1	0.00114488210686888	0.00140915673026354	0.00134244569196973
FI.RES.TOTL.CD_avg2	0.00112961610123797	2.85333162133436e-05	0.000122040517451794
IT.MLT.MAIN.P2_lag1	0.00105971541736721	6.48484459394173e-05	0.000122040517451794
NY.GDP.FRST.RT.ZS	0.00102765567493691	0.000449399730360162	0.000488162069807176
SP.POP.4549.FE.5Y	0.00100576865535679	0.00105443573097493	0.000976324139614352
TX.VAL.MRCH.OR.ZS	0.000900724297676069	0.000348884639154065	0.00061020258725897
TM.VAL.MRCH.OR.ZS_lag1	0.000881721597043859	0.000400763395905599	0.000488162069807176
SP.POP.BRTH.MF_lag1	0.000861947979370979	0.00282025891390526	0.0019526482792287
AG.CON.FERT.ZS_min2	0.00086034254543995	0.00239485310854268	0.00158652672687332
trade_balance_ratio	0.000859594661115806	0.000629678410071742	0.00109836465706615
SP.POP.1014.FE.5Y_delta1	0.000837290280480717	7.19817749927532e-05	0.000122040517451794
BX.GSR.TRVL.ZS_min2	0.000825728515428245	0.000232157436463114	0.000366121552355382
IT.CEL.SETS.P2_lag1	0.000818061401067522	0.00018027867971158	0.000244081034903588
SP.POP.5559.MA.5Y_delta1	0.000813524027359259	0.000288575584430407	0.000488162069807176
DC.DAC.FRAL.CD_avg2	0.000809274235577025	0.000111539327015798	0.000244081034903588
SP.DYN.AMRT.FE	0.000778075761434431	0.00079569043167665	0.000976324139614352
FS.AST.CGOV.GD.ZS_min2	0.00076905378930365	0.000362502812801343	0.000488162069807176
EN.GHG.N2O.MT.CE.AR5_max2	0.000768725187952706	5.18787567515338e-05	0.000122040517451794
NE.CON.PRVT.KD_isNA_rank	0.000746161458759302	0.00073343592357481	0.000854283622162558
SH.MMR.DTHS	0.000720083947231269	0.000156284754713996	0.000244081034903588
SH.DYN.MORT.FE	0.000687044562044516	0.00178527771671216	0.00109836465706615
IT.CEL.SETS.P2_min2	0.000660289879155802	0.000883884318154258	0.000732243104710764
SP.POP.1014.MA.5Y_delta1	0.000631711436855407	0.000327484651994057	0.00061020258725897
SM.POP.RHCR.EA_rank	0.000615196152543942	0.000237993796597661	0.000366121552355382
FP.CPI.TOTL_min2	0.000597598698883308	0.000882587349235469	0.00134244569196973
SP.POP.80UP.FE.5Y_delta1	0.000581269394968164	0.00742579554452267	0.00390529655845741
SP.POP.0004.MA.5Y	0.000579591409868411	0.00902041883017294	0.00463753966316817
SM.POP.RHCR.EO_lag1	0.000578446546351422	0.000489605766842601	0.000976324139614352
DC.DAC.DEUL.CD_min2	0.000560591695274947	0.000153690816876419	0.000122040517451794
NY.GDP.PCAP.CN_delta1	0.00053550011495002	0.000424108836443789	0.000488162069807176
year	0.000533171383143299	0.00282739224295859	0.0019526482792287
NY.GDS.TOTL.ZS	0.000530865382045998	0.00967668510307985	0.00500366121552355
NY.GNP.PCAP.CD	0.000523188748822305	0.000519436051974732	0.000732243104710764
ER.FSH.AQUA.MT_max2	0.000488019046108875	0.00335655556182424	0.00170856724432512
SP.POP.4549.FE.5Y_lag1	0.000488008901369293	0.000535648163459587	0.000366121552355382
EN.GHG.CO2.PC.CE.AR5_max2	0.00047522380474228	0.0159922752531197	0.00829875518672199
NY.GDS.TOTL.ZS_lag1	0.000472637063120392	0.00897697037139353	0.00475958018061997
TM.VAL.MRCH.RS.ZS_lag1	0.000462804331892912	8.6248433099425e-05	0.000122040517451794
TM.VAL.MMTL.ZS.UN	0.000435136956538266	0.00116402960461254	0.00134244569196973
SM.POP.RHCR.EO_delta1	0.000424205169832944	0.0028046952868798	0.00244081034903588
SP.POP.0509.MA.5Y_lag1	0.000422986959038912	0.000153690816876419	0.000122040517451794
IT.CEL.SETS.P2	0.000417804796811695	0.000322945260778298	0.000854283622162558
TX.VAL.MRCH.HI.ZS_lag1	0.000384015854432373	0.000107648420259433	0.000244081034903588
TX.VAL.MRCH.RS.ZS_rank	0.000381786964200623	0.000233454405381902	0.000244081034903588
BX.GSR.TRAN.ZS_max2	0.000362593850614102	5.2527241210928e-05	0.000244081034903588
SP.POP.3539.FE.5Y	0.00035047737214544	0.000233454405381902	0.000366121552355382
TM.VAL.MRCH.RS.ZS	0.000335376234375681	8.81938864776075e-05	0.000122040517451794
NE.IMP.GNFS.CN	0.000324162826165341	0.00106545996678463	0.000732243104710764
SE.PRM.ENRR.FE_delta1	0.000323749921683125	0.000677666260066911	0.00122040517451794
NY.GDP.FRST.RT.ZS_lag1	0.00032241276807704	0.000229563498625537	0.000244081034903588
YearsSinceFirst	0.000312428578836267	0.000299599820240108	0.000366121552355382
NY.ADJ.NNTY.PC.CD	0.0003092497671191	0.000595957218183245	0.000488162069807176
AG.LND.AGRI.ZS_max2	0.000292918058793781	0.000442266401306826	0.000488162069807176
SH.DTH.IMRT_lag1	0.000292381598268692	0.0105501936698838	0.00512570173297535
SP.DYN.LE00.IN	0.000289499158499795	0.000138127189850959	0.000122040517451794
TX.VAL.MRCH.CD.WT_delta1	0.000286157106776682	0.000524623927649886	0.000488162069807176
SP.POP.2529.MA.5Y_lag1	0.000266937383496812	0.000528514834406251	0.000488162069807176
NE.CON.GOVT.ZS_avg2	0.000258090186915374	5.96605702642639e-05	0.000244081034903588
SP.POP.0014.MA.ZS	0.000255799694028021	0.006811032277017	0.00329509397119844
SE.ENR.PRIM.FM.ZS_lag1	0.000235344517478657	0.00128529619851925	0.00134244569196973
SP.POP.TOTL.FE.ZS_delta1	0.000232834107970173	0.00123082350393014	0.000976324139614352
TM.VAL.MRCH.AL.ZS_delta1	0.000230821750040741	0.00236567130786994	0.00219672931413229
SP.URB.TOTL_delta1	0.000228467550656203	0.000132290829716411	0.000244081034903588
NE.RSB.GNFS.ZS	0.000228428080804823	0.00546283308593651	0.00353917500610203
SP.POP.2024.FE.5Y	0.000220119976575339	0.000357963421585583	0.000488162069807176
NY.ADJ.DKAP.GN.ZS	0.000217426914833914	6.22545081018406e-05	0.000244081034903588
SE.SEC.ENRR.FE_lag1	0.000217059045164649	0.000207515027006135	0.000366121552355382
SP.POP.5054.FE.5Y_lag1	0.000214542863945274	0.000544078461431711	0.000366121552355382
NY.GDP.MKTP.KD.ZG_rank	0.000212424734028041	0.000342399794560123	0.000366121552355382
AG.YLD.CREL.KG_min2	0.000210592557888776	0.00884338257275834	0.00475958018061997
SP.POP.4044.FE.5Y_lag1	0.000209069881176067	0.000116727202690951	0.000244081034903588
BX.GSR.FCTY.CD	0.000203013153433337	0.000182872617549157	0.000488162069807176
PA.NUS.FCRF_delta1	0.000199252775240356	0.00706977757631527	0.00475958018061997
SP.POP.4549.MA.5Y_lag1	0.000186910182688263	0.00190848976399705	0.00122040517451794
EN.GHG.CO2.TR.MT.CE.AR5_ratioavg2	0.000185685695375879	0.000767157115463307	0.00109836465706615
SP.POP.5559.FE.5Y	0.000185551259761027	0.00189357462143098	0.000976324139614352
PA.NUS.ATLS	0.000179169992432215	0.00327873742669694	0.0020746887966805
DC.DAC.FRAL.CD	0.000178770870254023	0.000455884574954104	0.000976324139614352
NY.GNP.PCAP.CN_lag1	0.000177424224374012	0.000745108643843905	0.00061020258725897
SP.DYN.TO65.MA.ZS	0.000170253295879645	0.0051528575143461	0.00280693190139126
SP.POP.4044.FE.5Y_delta1	0.000169842362430754	0.00648289914056355	0.00341713448865023
SE.TER.ENRR_lag1	0.000165663107268569	0.00115495082218102	0.00109836465706615
NE.RSB.GNFS.ZS_isNA_rank	0.000165061757627534	0.000566775417510507	0.000732243104710764
SP.POP.TOTL.FE.ZS_rank	0.000164214484225798	0.000223078654031595	0.000366121552355382
NE.IMP.GNFS.KD_isNA_rank	0.000158461617195009	0.00121201745460771	0.000854283622162558
NV.IND.MANF.KD	0.000153390034333402	0.000457181543872892	0.000488162069807176
NY.GSR.NFCY.CN_lag1	0.000151712426248201	0.00152718090187328	0.00109836465706615
SP.POP.0509.FE.5Y	0.000150084589148885	0.00190459885724069	0.000976324139614352
SP.POP.5054.FE.5Y_delta1	0.000146837478230241	0.00535194224338011	0.00280693190139126
SH.DYN.NMRT_delta1	0.000134599096234543	4.47454276981979e-05	0.000122040517451794
NY.GNP.PCAP.CD_lag1	0.000126566098156234	0.000918902478961543	0.00061020258725897
SE.PRM.ENRL.FE.ZS_delta1	0.000122422503944069	0.00175025955590487	0.0019526482792287
SP.DYN.LE00.FE.IN_lag1	0.000115502400923543	0.00104470846408401	0.00061020258725897
FM.AST.NFRG.CN_min2	0.000115010654660612	0.00105897512219068	0.000854283622162558
EG.USE.PCAP.KG.OE	0.000114300689826149	3.04787695915261e-05	0.000122040517451794
SP.POP.65UP.MA.ZS	0.000110702344719499	0.000415030054012271	0.000366121552355382
SE.PRM.ENRR_delta1	0.000110130454047113	0.000441617916847432	0.00061020258725897
DC.DAC.DEUL.CD	0.000108198637616728	0.000404654302661964	0.000732243104710764
BX.GSR.MRCH.CD_min2	0.000107694289637204	0.000715278358711773	0.000366121552355382
NY.GSR.NFCY.CN	0.000107147312330042	0.000435781556712884	0.000488162069807176
BM.TRF.PWKR.CD.DT_tend2	0.0001065919787768	0.000750945003978452	0.00061020258725897
SH.DYN.NMRT	0.000102007820512787	0.000445508823603797	0.000244081034903588
SP.DYN.LE00.FE.IN	0.000101713064543423	0.00060762993845234	0.000366121552355382
SP.POP.80UP.MA.5Y	9.77588907906888e-05	0.00157711420524663	0.000976324139614352
AG.PRD.FOOD.XD_avg2	9.69894657615668e-05	0.000892963100585776	0.000976324139614352
FS.AST.CGOV.GD.ZS_lag1	9.64823801854345e-05	0.000616708720883858	0.00061020258725897
EN.GHG.CH4.BU.MT.CE.AR5_rank	9.63466946477465e-05	0.000140072643229141	0.000122040517451794
SP.POP.0004.MA.5Y_lag1	9.57132933725638e-05	0.00477868198127566	0.00244081034903588
IT.MLT.MAIN.P2	9.06626966260479e-05	6.80908682363882e-05	0.000122040517451794
TX.VAL.SERV.CD.WT_delta1	8.71123773205439e-05	0.00126130227352167	0.00061020258725897
SH.IMM.IDPT	8.32423795055381e-05	0.000153690816876419	0.000122040517451794
NE.EXP.GNFS.ZS	8.31306566497437e-05	0.000256799845920092	0.00061020258725897
consumption_efficiency_lag1	8.21050914456186e-05	0.00371970685908498	0.00219672931413229
SH.DYN.MORT_lag1	8.18567264313604e-05	0.00308484057333808	0.00158652672687332
SH.DYN.MORT.MA	7.81965876415037e-05	0.000238642281057056	0.000122040517451794
MS.MIL.XPND.GD.ZS_max2	7.66311286467213e-05	0.00025485439254191	0.000366121552355382
SP.POP.1564.FE.ZS	7.39028696404812e-05	0.000747702581681481	0.000488162069807176
BM.GSR.TRVL.ZS	7.35843867606158e-05	0.000817090418836658	0.00109836465706615
NE.EXP.GNFS.CN_delta1	7.34166143132611e-05	0.000527217865487463	0.000854283622162558
EG.USE.ELEC.KH.PC_avg2	7.28767786025741e-05	0.00150124152349751	0.000854283622162558
IT.CEL.SETS.P2_ratioavg2	7.25215321034536e-05	0.000413084600634088	0.000488162069807176
FD.AST.PRVT.GD.ZS_min2	6.99969617630205e-05	0.00556853605281776	0.00280693190139126
DT.ODA.ALLD.CD_max2	6.81571124914415e-05	0.000167957474983091	0.000244081034903588
SE.TER.ENRR	6.81232261219351e-05	0.000711387451955408	0.000854283622162558
SP.POP.6064.FE.5Y_delta1	6.78266532899348e-05	0.000806714667486351	0.000488162069807176
AG.PRD.CROP.XD_max2	6.73164859445463e-05	0.000792448009379679	0.000976324139614352
SH.DYN.MORT.MA_lag1	6.6897977534251e-05	0.00128075680730349	0.000854283622162558
NV.IND.TOTL.CN_delta1	6.60554386344205e-05	0.000755484395194211	0.000732243104710764
SP.RUR.TOTL.ZS_delta1	6.50655575293917e-05	0.00110436903434828	0.000854283622162558
SP.DYN.CDRT.IN_lag1	6.32606706581729e-05	0.000149799910120054	0.000366121552355382
EG.USE.ELEC.KH.PC	6.29607227677015e-05	0.0072007714371129	0.00366121552355382
DC.DAC.JPNL.CD	6.24055815399665e-05	0.00024707257902918	0.00061020258725897
IT.CEL.SETS.P2_avg2	6.2370214260588e-05	0.000269121050648582	0.000488162069807176
NV.SRV.TOTL.ZS	6.13852429834481e-05	0.00180343528157519	0.00158652672687332
EN.POP.DNST_min2	6.07550958817511e-05	0.0100904181881733	0.00488162069807176
SP.DYN.AMRT.MA	5.96561580026533e-05	0.00240652582881178	0.00122040517451794
FM.AST.DOMS.CN	5.87540217118057e-05	0.000988938800576114	0.00061020258725897
NY.GDS.TOTL.CD_isNA_rank	5.64939731298197e-05	2.52908939163727e-05	0.000122040517451794
SH.DYN.MORT	5.31324824835796e-05	0.00071333290533359	0.000366121552355382
FM.AST.NFRG.CN_rank	5.30474342767341e-05	0.00031386647834678	0.000366121552355382
EN.GHG.CH4.MT.CE.AR5_tend2	5.30086737197869e-05	0.000592714795886274	0.000732243104710764
SP.POP.3539.FE.5Y_delta1	5.18584116077886e-05	0.00253622272069061	0.0019526482792287
EN.GHG.N2O.MT.CE.AR5_lag1	5.07300953100471e-05	3.7612098644862e-05	0.000122040517451794
BG.GSR.NFSV.GD.ZS_rank	4.88393974962193e-05	0.000392333097933475	0.000488162069807176
NY.GDP.FCST.KD	4.86121602938416e-05	0.000409193693877723	0.000244081034903588
NY.GNP.MKTP.CN_delta1	4.76119110855324e-05	0.00108296904718827	0.00134244569196973
TM.VAL.MRCH.R4.ZS_rank	4.67865155205434e-05	0.000292466491186772	0.000366121552355382
TG.VAL.TOTL.GD.ZS_delta1	4.60920679669282e-05	0.000557048150619595	0.000976324139614352
SP.POP.DPND.YG_lag1	4.47757547742375e-05	0.000714629874252378	0.000366121552355382
FM.AST.NFRG.CN_delta1	4.46566155066859e-05	0.0009681872978755	0.000976324139614352
BX.KLT.DINV.WD.GD.ZS	4.4613355774453e-05	0.000186763524305522	0.000488162069807176
Country_Code	4.30827965997302e-05	0.000337860403344364	0.000366121552355382
IT.CEL.SETS	4.27401245327619e-05	0.000317757385103145	0.000366121552355382
NY.ADJ.DRES.GN.ZS_lag1	4.2232589688151e-05	0.000226321076328566	0.000488162069807176
MS.MIL.MPRT.KD_min2	3.96865974210296e-05	0.000337860403344364	0.000488162069807176
SP.POP.DPND.OL_delta1	3.93034517454936e-05	0.000249018032407362	0.000244081034903588
SP.DYN.AMRT.FE_lag1	3.89887344009327e-05	0.000577151168860814	0.000488162069807176
BX.KLT.DINV.WD.GD.ZS_lag1	3.65181529906723e-05	0.000309975571590415	0.000366121552355382
FD.AST.PRVT.GD.ZS_max2	3.63767992311285e-05	0.00158165359646239	0.000976324139614352
FI.RES.XGLD.CD_isNA_rank	3.63377411719305e-05	0.000472096686438958	0.000732243104710764
EN.GHG.N2O.BU.MT.CE.AR5_ratiomax2	3.58158974979842e-05	0.00237669554367964	0.00158652672687332
SP.POP.0509.MA.5Y	3.54024020078329e-05	0.000238642281057056	0.000122040517451794
BX.TRF.PWKR.CD.DT_delta1	3.53914320927744e-05	0.000317108900643751	0.000488162069807176
SE.PRM.ENRL.FE.ZS	3.3775641948008e-05	0.000603090547236581	0.000488162069807176
EN.GHG.N2O.IP.MT.CE.AR5_max2	3.34141384452224e-05	3.3721191888497e-05	0.000122040517451794
NV.IND.MANF.ZS	3.21419287667354e-05	0.00353748272599521	0.00317305345374664
SP.DYN.TO65.FE.ZS	3.21271024765883e-05	0.000740569252628145	0.000488162069807176
AG.LND.AGRI.ZS	3.15631879536683e-05	0.000305436180374655	0.000732243104710764
TM.VAL.MRCH.R4.ZS_delta1	3.07205567328476e-05	0.000191951399980675	0.00061020258725897
SH.DYN.MORT.FE_lag1	3.03846058008304e-05	0.0021484290139729	0.00109836465706615
TM.VAL.TRAN.ZS.WT	2.93916061414873e-05	0.000621896596559012	0.000732243104710764
EN.POP.DNST_max2	2.85250643974715e-05	0.00744719553168268	0.00366121552355382
BX.GSR.TRAN.ZS_ratioavg2	2.82433638259425e-05	0.000237993796597661	0.00061020258725897
SP.POP.5054.MA.5Y_lag1	2.76497543209462e-05	0.00211730175992197	0.00146448620942153
EN.GHG.CO2.IC.MT.CE.AR5_min2	2.73728846769765e-05	0.000103109029043673	0.000244081034903588
FP.CPI.TOTL.ZG_min2	2.71929742569478e-05	0.000413733085093482	0.000488162069807176
YearsSinceFirst_lag1	2.71718181521605e-05	0.00138710825864414	0.00122040517451794
SP.POP.5559.MA.5Y	2.71028640448563e-05	0.00155247179578965	0.00109836465706615
NE.CON.GOVT.CD	2.66766429507412e-05	0.000519436051974732	0.000488162069807176
DC.DAC.CANL.CD_rank	2.66152238612336e-05	0.000579096622238996	0.00134244569196973
BX.TRF.CURR.CD_lag1	2.65482767800622e-05	4.60423966169863e-05	0.000122040517451794
TX.VAL.MRCH.R1.ZS_rank	2.54466208297452e-05	0.000341102825641335	0.000366121552355382
SM.POP.RHCR.EO	2.54227134096998e-05	0.000560290572916565	0.000488162069807176
NY.GSR.NFCY.CD	2.43333253140848e-05	0.000957163062065799	0.000976324139614352
DC.DAC.CANL.CD_min2	2.38305332478315e-05	0.000440969432388038	0.000488162069807176
NY.GDP.FCST.CN	2.3429017330347e-05	0.000643296583719019	0.000488162069807176
NE.CON.PRVT.KD.ZG_tend2	2.28274983708724e-05	0.000381308862123774	0.000732243104710764
NE.DAB.TOTL.CD	2.23546083616877e-05	5.05817878327455e-05	0.000122040517451794
NY.ADJ.DFOR.GN.ZS_rank	2.2225083786354e-05	0.000128399922960046	0.000244081034903588
NY.GDP.COAL.RT.ZS_isNA_rank	2.20347162602248e-05	0.000693229887092371	0.000976324139614352
DT.ODA.ALLD.CD_avg2	2.18194552020798e-05	0.000215296840518865	0.000244081034903588
TX.VAL.FUEL.ZS.UN_delta1	2.13373429136375e-05	0.000920199447880331	0.000732243104710764
BM.GSR.CMCP.ZS_isNA_rank	2.1218414499599e-05	0.000359260390504372	0.000366121552355382
EN.GHG.N2O.TR.MT.CE.AR5_tend2	2.10705745985368e-05	0.00256540452136335	0.00231876983158409
SP.ADO.TFRT	2.10663568319516e-05	0.00829671017348905	0.00475958018061997
BX.TRF.PWKR.DT.GD.ZS_ratioavg2	2.10187317391011e-05	0.000169902928361273	0.000244081034903588
SP.RUR.TOTL.ZS_lag1	2.07674799267149e-05	0.000234751374300691	0.000244081034903588
BM.KLT.DINV.WD.GD.ZS_ratioavg2	2.05302734840735e-05	0.000104405997962462	0.000366121552355382
DC.DAC.TOTL.CD_min2	2.03697091114008e-05	8.75454020182133e-05	0.000244081034903588
EN.GHG.N2O.BU.MT.CE.AR5_ratioavg2	2.01471197727957e-05	0.00475468805627808	0.00353917500610203
BX.GSR.MRCH.CD_lag1	2.01215638684301e-05	0.000715926843171167	0.000366121552355382
EN.GHG.N2O.MT.CE.AR5_tend2	1.9548251359898e-05	0.000369636141854679	0.000366121552355382
AG.CON.FERT.ZS_lag1	1.95450155603529e-05	0.00073667834587178	0.000732243104710764
BX.GRT.EXTA.CD.WD	1.92030479873754e-05	0.000702308669523889	0.00061020258725897
SE.PRM.ENRR.MA_delta1	1.91345599630567e-05	0.000653023850609932	0.00109836465706615
BX.TRF.PWKR.DT.GD.ZS_isNA_rank	1.87269327126734e-05	7.97635885054833e-05	0.000244081034903588
SP.POP.0004.FE.5Y	1.85503134207977e-05	0.000535648163459587	0.000488162069807176
SH.IMM.MEAS_lag1	1.83909058538201e-05	9.013933985579e-05	0.000244081034903588
NE.CON.TOTL.KD_ratioavg2	1.83007602521589e-05	0.000232157436463114	0.000366121552355382
EN.GHG.N2O.BU.MT.CE.AR5_tend2	1.7977392110403e-05	0.000601793578317792	0.000976324139614352
NV.SRV.TOTL.CD_delta1	1.79000719494777e-05	0.000601793578317792	0.000854283622162558
EG.USE.ELEC.KH.PC_min2	1.78111731524367e-05	0.00203364726466013	0.00158652672687332
SP.POP.5559.MA.5Y_rank	1.77616542597385e-05	0.000529163318865645	0.000366121552355382
NY.GDP.TOTL.RT.ZS_isNA_rank	1.76811566937855e-05	8.235752634306e-05	0.000244081034903588
NV.IND.TOTL.KD.ZG_delta1	1.7593463652452e-05	0.000248369547947968	0.000488162069807176
BX.GSR.TOTL.CD_min2	1.74197089874239e-05	3.3721191888497e-05	0.000122040517451794
NE.RSB.GNFS.ZS_lag1	1.70536240916175e-05	0.00109658722083555	0.00122040517451794
TG.VAL.TOTL.GD.ZS	1.70367698082096e-05	0.000636811739125078	0.000732243104710764
NE.EXP.GNFS.CN_lag1	1.6871693578449e-05	0.000639405676962655	0.000488162069807176
SH.IMM.IDPT_lag1	1.65675610645014e-05	0.00011348478039398	0.000122040517451794
ER.H2O.INTR.PC	1.64643781673804e-05	0.000385199768880139	0.00061020258725897
DC.DAC.CECL.CD_lag1	1.61684995106799e-05	4.40969432388038e-05	0.000122040517451794
AG.YLD.CREL.KG	1.60244481773878e-05	0.0023040652842275	0.00158652672687332
SG.LAW.INDX_rank	1.59915223540463e-05	0.000217890778356442	0.000366121552355382
NE.CON.PRVT.PC.KD_avg2	1.55458987338369e-05	6.03090547236581e-05	0.000244081034903588
SP.POP.0014.MA.ZS_rank	1.50374027033144e-05	0.000260690752676458	0.000244081034903588
NY.ADJ.DKAP.GN.ZS_delta1	1.49230744254047e-05	0.000259393783757669	0.00061020258725897
NV.IND.TOTL.KD.ZG	1.48930941527619e-05	0.000544726945891105	0.000732243104710764
NY.GDP.PCAP.CD	1.4642853786442e-05	0.000186115039846128	0.000244081034903588
NV.IND.TOTL.ZS_lag1	1.46191258874276e-05	0.000254205908082516	0.000244081034903588
NV.IND.TOTL.ZS_rank	1.4453392597103e-05	0.000319702838481327	0.000488162069807176
BX.GSR.CMCP.ZS	1.42706867669919e-05	0.000230211983084931	0.000366121552355382
SP.POP.65UP.MA.ZS_lag1	1.42602503710876e-05	0.000317108900643751	0.000244081034903588
SP.POP.3034.FE.5Y_delta1	1.41682003765216e-05	0.00175544743158003	0.0019526482792287
TM.VAL.MRCH.AL.ZS	1.35354758413584e-05	0.000297005882402531	0.000366121552355382
BX.GSR.TRVL.ZS_tend2	1.35094213763596e-05	0.000477284562114111	0.000854283622162558
AG.LND.AGRI.K2_max2	1.31388413403795e-05	0.00387728858271776	0.0020746887966805
BX.TRF.CURR.CD	1.30467617355667e-05	0.000291818006727378	0.000366121552355382
EG.ELC.PETR.ZS	1.28534730294135e-05	2.59393783757669e-05	0.000122040517451794
trade_balance_ratio_lag1	1.27617063630409e-05	0.00135403555121503	0.00109836465706615
MS.MIL.XPND.CD_isNA_rank	1.2337999634271e-05	0.000660805664122662	0.000854283622162558
NV.AGR.TOTL.CD_delta1	1.23147316354302e-05	0.00035277554591043	0.00061020258725897
BX.PEF.TOTL.CD.WD_lag1	1.20490608651908e-05	0.000220484716194019	0.000488162069807176
EN.GHG.CO2.RT.GDP.KD	1.19958521953293e-05	8.88423709370017e-05	0.000244081034903588
DC.DAC.JPNL.CD_avg2	1.18946387143442e-05	0.000345642216857094	0.000732243104710764
DT.ODA.ALLD.KD_isNA_rank	1.18119688276226e-05	0.000537593616837769	0.000488162069807176
NE.CON.PRVT.ZS	1.17296779429662e-05	0.00679741410336972	0.004149377593361
FI.RES.XGLD.CD_delta1	1.16729250388159e-05	4.92848189139571e-05	0.000122040517451794
SP.RUR.TOTL_lag1	1.15990209527786e-05	0.000114133264853374	0.000244081034903588
consumption_efficiency	1.15345575733427e-05	0.0103115513888267	0.00573590432023432
DC.DAC.FRAL.CD_min2	1.12217462186695e-05	0.000232157436463114	0.000488162069807176
DC.DAC.JPNL.CD_tend2	1.11273049820104e-05	0.000715926843171167	0.00122040517451794
EG.USE.ELEC.KH.PC_max2	1.11067058298967e-05	0.000582339044535967	0.000488162069807176
EN.GHG.CO2.IC.MT.CE.AR5_ratiomax2	1.10566036908421e-05	0.000224375622950384	0.000366121552355382
FI.RES.XGLD.CD_ratiomax2	1.10438363370595e-05	0.000418920960768636	0.000366121552355382
SP.POP.3034.FE.5Y_lag1	1.07942943568776e-05	0.000218539262815836	0.000244081034903588
SP.POP.3539.MA.5Y	1.07673057032456e-05	0.00115884172893739	0.00122040517451794
SP.POP.TOTL.FE.IN_delta1	1.0655364246368e-05	0.000248369547947968	0.000488162069807176
EN.GHG.ALL.PC.CE.AR5_min2	1.06080485556682e-05	0.00582857832103483	0.00292897241884306
BX.GSR.TOTL.CD_ratioavg2	1.04173494147114e-05	0.000297654366861925	0.00061020258725897
BM.GSR.TRVL.ZS_min2	1.03904236126185e-05	0.000294411944564954	0.00061020258725897
AG.LND.ARBL.HA_delta1	1.02531492414596e-05	0.000311272540509203	0.000488162069807176
AG.LND.AGRI.K2_tend2	1.01107771801413e-05	0.000377417955367409	0.000244081034903588
FP.CPI.TOTL.ZG_rank	9.91533947158166e-06	9.20847932339725e-05	0.000244081034903588
SP.RUR.TOTL.ZG_rank	9.72051301674958e-06	0.000324890714156481	0.000244081034903588
NY.GNP.PCAP.CD_isNA_rank	9.5775888638282e-06	0.000475987593195323	0.000854283622162558
AG.PRD.LVSK.XD	9.56598000760003e-06	0.000804769214108169	0.00122040517451794
TM.VAL.MRCH.HI.ZS_rank	9.42573662162937e-06	5.38242101297163e-05	0.000122040517451794
NY.GDP.DEFL.KD.ZG	9.29543121730375e-06	0.00127556893162834	0.00170856724432512
BX.GRT.EXTA.CD.WD_lag1	9.29208290021744e-06	3.63151297260737e-05	0.000122040517451794
AG.PRD.LVSK.XD_delta1	9.16410589355924e-06	0.000205569573627953	0.000366121552355382
BM.GSR.NFSV.CD_isNA_rank	9.12105303057384e-06	0.000581690560076573	0.000732243104710764
EN.GHG.CH4.IC.MT.CE.AR5_ratioavg2	9.04932322386453e-06	0.000391036129014686	0.000488162069807176
BM.KLT.DINV.CD.WD_isNA_rank	8.74607876614307e-06	5.77151168860814e-05	0.000244081034903588
BM.KLT.DINV.WD.GD.ZS_ratiomax2	8.63529653332754e-06	0.000201030182412194	0.000244081034903588
EN.GHG.CO2.IP.MT.CE.AR5_tend2	8.6347069351059e-06	0.000282739224295859	0.000488162069807176
NV.SRV.TOTL.ZS_isNA_rank	8.51144379229099e-06	0.000444211854685008	0.00109836465706615
FI.RES.TOTL.CD_lag1	8.44703144955413e-06	0.000371581595232861	0.000366121552355382
NY.ADJ.DRES.GN.ZS	8.4259674407653e-06	0.00046626032630441	0.000732243104710764
NV.AGR.TOTL.ZS	8.36749630650045e-06	0.00136376281810595	0.00146448620942153
SP.POP.5559.FE.5Y_lag1	8.35229157517439e-06	0.00406275513810449	0.00231876983158409
SE.SEC.ENRL_delta1	8.07018147163214e-06	0.00195777458291101	0.0019526482792287
DT.NFL.UNDP.CD_delta1	8.0641579214436e-06	0.000406599756040146	0.00061020258725897
NE.IMP.GNFS.KD.ZG_lag1	8.0514106516675e-06	0.000273660441864341	0.00061020258725897
TX.VAL.MRCH.R3.ZS_delta1	7.98349624135805e-06	0.00200252001060921	0.00146448620942153
IT.CEL.SETS.P2_tend2	7.96824353318466e-06	0.000334617981047393	0.00061020258725897
NV.IND.TOTL.KD_isNA_rank	7.94484629989224e-06	0.00388831281852746	0.00366121552355382
NE.CON.TOTL.CD_avg2	7.73916231389678e-06	6.80908682363882e-05	0.000122040517451794
SP.ADO.TFRT_rank	7.56947456520623e-06	0.000239939249975844	0.000122040517451794
BM.GSR.TRAN.ZS	7.4236717609488e-06	0.00038390279996135	0.00061020258725897
DT.ODA.ALLD.KD_min2	7.34081653675737e-06	0.000182224133089763	0.000366121552355382
FI.RES.TOTL.MO_tend2	7.33787626739903e-06	0.00057650268440142	0.000854283622162558
SP.POP.1564.TO.ZS_lag1	7.25923351968713e-06	0.000551211790485047	0.000366121552355382
FS.AST.PRVT.GD.ZS_lag1	7.22988286524742e-06	0.000162769599307937	0.000244081034903588
NV.IND.MANF.KD_delta1	7.21348075490504e-06	3.04787695915261e-05	0.000122040517451794
NY.GDP.PCAP.KN	7.17957410156432e-06	0.000171848381739456	0.000244081034903588
EN.URB.MCTY.TL.ZS	7.16490810223841e-06	0.000818387387755446	0.000732243104710764
FP.CPI.TOTL.ZG_avg2	7.14725007478062e-06	0.00200187152614981	0.00158652672687332
ER.FSH.PROD.MT_tend2	7.01278157841946e-06	0.000311921024968597	0.000244081034903588
EN.GHG.CO2.MT.CE.AR5_delta1	6.94382382344038e-06	0.000616708720883858	0.000854283622162558
NY.GDP.PCAP.KD.ZG_lag1	6.94281704704974e-06	0.000364448266179525	0.000732243104710764
TM.VAL.MRCH.R3.ZS	6.8693778764442e-06	0.000161472630389149	0.000244081034903588
AG.PRD.LVSK.XD_min2	6.86547346824633e-06	0.000340454341181941	0.00061020258725897
BX.GRT.TECH.CD.WD_ratioavg2	6.83403808853389e-06	0.000534351194540799	0.000732243104710764
SH.DTH.NMRT	6.76188256721975e-06	0.00150772636809145	0.000976324139614352
FP.CPI.TOTL.ZG_lag1	6.75780144013329e-06	0.00162380508632301	0.00158652672687332
BX.GSR.NFSV.CD_ratioavg2	6.71394199960868e-06	0.00231638648895599	0.00183060776177691
TM.VAL.TRVL.ZS.WT_lag1	6.5809702590166e-06	0.000496090611436542	0.000854283622162558
BM.TRF.PWKR.CD.DT	6.37277238408044e-06	0.00067442383776994	0.00122040517451794
NV.IND.TOTL.KD	6.30343197703536e-06	0.000539539070215952	0.000366121552355382
TM.VAL.MRCH.R2.ZS_delta1	6.29532122502912e-06	0.00200381697952799	0.00280693190139126
SP.DYN.IMRT.FE.IN_lag1	6.26118772581991e-06	0.000462369419548045	0.000244081034903588
NE.CON.PRVT.ZS_min2	6.22897942465817e-06	0.00148892031876902	0.00122040517451794
BX.GSR.MRCH.CD	6.22074705325286e-06	0.000143315065526112	0.000244081034903588
NY.ADJ.DNGY.GN.ZS_delta1	6.00347817762736e-06	0.000251611970244939	0.000488162069807176
AG.LND.CROP.ZS_avg2	5.9294560109125e-06	2.46424094569786e-05	0.000122040517451794
EN.GHG.CH4.WA.MT.CE.AR5_tend2	5.88405844616612e-06	0.000289224068889801	0.000366121552355382
FI.RES.TOTL.CD_ratiomax2	5.86558390547587e-06	0.000198436244574617	0.000122040517451794
EN.GHG.CH4.IC.MT.CE.AR5_ratiomax2	5.78774952872722e-06	0.000145260518904295	0.000244081034903588
TM.VAL.FOOD.ZS.UN	5.7096813020134e-06	0.000464963357385622	0.000488162069807176
FI.RES.XGLD.CD_ratioavg2	5.69261458879981e-06	0.000437078525631673	0.00061020258725897
NE.RSB.GNFS.CN_lag1	5.67980488965373e-06	0.00233259860044084	0.00134244569196973
TX.VAL.FOOD.ZS.UN	5.66038301239089e-06	0.000690635949254794	0.00061020258725897
MS.MIL.XPND.GD.ZS	5.56470867934699e-06	0.000448102761441373	0.00122040517451794
NE.RSB.GNFS.CD_lag1	5.55912265084066e-06	0.000363799781720131	0.000488162069807176
DC.DAC.CANL.CD_avg2	5.48236182568825e-06	0.00025485439254191	0.000366121552355382
NY.ADJ.NNTY.CD_isNA_rank	5.44043005984802e-06	0.000431890649956519	0.000976324139614352
SE.SEC.ENRR.FE	5.43796499388746e-06	0.000564829964132325	0.000976324139614352
FI.RES.TOTL.MO_delta1	5.43214431198604e-06	0.00080347224518938	0.000732243104710764
DC.DAC.FRAL.CD_rank	5.42645919211646e-06	0.000225672591869172	0.000122040517451794
BX.KLT.DINV.WD.GD.ZS_isNA_rank	5.33267118445754e-06	0.000282739224295859	0.000488162069807176
TX.VAL.SERV.CD.WT_isNA_rank	5.28802199616765e-06	0.000520084536434127	0.000488162069807176
BX.PEF.TOTL.CD.WD_tend2	5.24126903142336e-06	5.57696635078989e-05	0.000122040517451794
BX.GSR.MRCH.CD_isNA_rank	5.22543312939183e-06	0.000409842178337117	0.00061020258725897
EN.GHG.N2O.AG.MT.CE.AR5_min2	5.16540918663515e-06	3.50181608072853e-05	0.000122040517451794
EN.GHG.CO2.IC.MT.CE.AR5_delta1	5.14062011868424e-06	0.000264581659432823	0.000244081034903588
EN.GHG.ALL.PC.CE.AR5_tend2	5.12958760006719e-06	0.00138192038296898	0.00109836465706615
EN.GHG.CH4.WA.MT.CE.AR5_delta1	5.0755339235465e-06	0.000335914949966182	0.000244081034903588
BM.KLT.DINV.CD.WD_ratiomax2	5.04641242222921e-06	0.000134236283094594	0.000244081034903588
DC.DAC.USAL.CD_tend2	4.93771004778262e-06	0.000590120858048697	0.00109836465706615
SP.POP.6569.MA.5Y_delta1	4.92439777075859e-06	0.00147465366066235	0.00146448620942153
BX.KLT.DINV.CD.WD	4.90682014796644e-06	0.000292466491186772	0.000366121552355382
SP.URB.GROW	4.84845579079442e-06	0.000127751438500652	0.000366121552355382
NY.GDP.FRST.RT.ZS_isNA_rank	4.8452183643474e-06	0.000776235897894825	0.00170856724432512
TM.VAL.AGRI.ZS.UN_isNA_rank	4.81106531265249e-06	0.00207774420789893	0.00183060776177691
EN.GHG.CH4.TR.MT.CE.AR5_delta1	4.67043472834992e-06	0.00027041801956737	0.000488162069807176
SP.POP.1564.MA.ZS_delta1	4.64434803877703e-06	0.000370284626314073	0.000366121552355382
NE.EXP.GNFS.CD_isNA_rank	4.57124713276816e-06	8.235752634306e-05	0.000244081034903588
BM.GSR.INSF.ZS_avg2	4.56563955950215e-06	0.000426054289821972	0.000488162069807176
AG.CON.FERT.ZS_delta1	4.50393490832571e-06	0.000115430233772163	0.000244081034903588
NV.AGR.TOTL.CN_delta1	4.49535263845491e-06	0.00039622400468984	0.000488162069807176
SE.PRM.ENRR	4.4456861712575e-06	0.000326187683075269	0.000732243104710764
MS.MIL.XPND.CD_ratioavg2	4.43828871572637e-06	0.000577799653320208	0.000732243104710764
SP.DYN.TFRT.IN_delta1	4.40766247736821e-06	0.00191886551534736	0.0020746887966805
NE.IMP.GNFS.CN_lag1	4.34054383896744e-06	0.000273660441864341	0.000244081034903588
BX.PEF.TOTL.CD.WD_min2	4.21848751348107e-06	0.000101163575665491	0.000244081034903588
SP.RUR.TOTL.ZG_delta1	4.20299318181814e-06	0.000515545145218368	0.00061020258725897
EN.GHG.CO2.IP.MT.CE.AR5_delta1	4.1624362998414e-06	0.000570017839807478	0.000366121552355382
NY.ADJ.DMIN.GN.ZS_lag1	4.11669885813512e-06	0.000314514962806174	0.00061020258725897
NY.GDP.MKTP.KD_isNA_rank	4.09788974396095e-06	0.000119321140528528	0.000244081034903588
IT.MLT.MAIN_min2	4.07584536654022e-06	0.000222430169572201	0.000122040517451794
IS.AIR.GOOD.MT.K1_tend2	4.04948932780124e-06	0.00144547185998961	0.00146448620942153
NV.AGR.TOTL.KD.ZG_lag1	4.02221529748824e-06	0.000335266465506787	0.000488162069807176
NY.ADJ.DKAP.GN.ZS_isNA_rank	3.96727393567819e-06	0.000616060236424464	0.000976324139614352
NE.CON.TOTL.KD	3.96627945698293e-06	0.000153042332417025	0.000122040517451794
BM.GSR.MRCH.CD_delta1	3.945693642054e-06	0.000138127189850959	0.000122040517451794
IS.AIR.GOOD.MT.K1_isNA_rank	3.91913026093583e-06	0.000112187811475192	0.000366121552355382
AG.LND.TOTL.K2_avg2	3.89762117252275e-06	0.000225672591869172	0.000122040517451794
DC.DAC.USAL.CD_delta1	3.85656029901403e-06	0.00053305422562201	0.000854283622162558
NE.TRD.GNFS.ZS_isNA_rank	3.83277902659342e-06	0.000154339301335813	0.000488162069807176
TM.VAL.MRCH.R1.ZS_rank	3.79052025443608e-06	7.45757128303299e-05	0.000244081034903588
AG.YLD.CREL.KG_avg2	3.63417658351194e-06	0.00519176658190975	0.00292897241884306
BM.GSR.INSF.ZS_max2	3.62096404813709e-06	0.000475987593195323	0.00061020258725897
NE.CON.PRVT.KD_lag1	3.59417042892658e-06	0.00022372713849099	0.000122040517451794
DC.DAC.USAL.CD_ratioavg2	3.57711741730818e-06	0.00053305422562201	0.000854283622162558
SP.POP.2024.FE.5Y_delta1	3.5734259605098e-06	0.00011348478039398	0.000244081034903588
TM.VAL.TRAN.ZS.WT_lag1	3.56082451451957e-06	0.000144612034444901	0.000244081034903588
NV.IND.TOTL.CN_lag1	3.46281882509551e-06	0.000857296455319096	0.00061020258725897
TM.VAL.OTHR.ZS.WT	3.4478387072986e-06	0.00148567789647205	0.00109836465706615
IS.AIR.DPRT	3.38843257615469e-06	0.000245127125650997	0.000366121552355382
NY.GSR.NFCY.CD_delta1	3.36919170871674e-06	0.000718520781008744	0.000976324139614352
DC.DAC.USAL.CD_isNA_rank	3.36172204600534e-06	0.000171848381739456	0.000366121552355382
AG.YLD.CREL.KG_max2	3.32426274030306e-06	0.00444665793806584	0.00244081034903588
SP.ADO.TFRT_lag1	3.3151222035234e-06	0.0157620632700348	0.00915303880888455
SP.POP.3539.MA.5Y_rank	3.29901754908453e-06	0.000603739031695975	0.000488162069807176
BM.GSR.INSF.ZS_isNA_rank	3.29894819015816e-06	0.000249018032407362	0.00061020258725897
PA.NUS.ATLS_rank	3.2976219212288e-06	0.000602442062777187	0.000488162069807176
SP.POP.3539.FE.5Y_lag1	3.29237130380259e-06	0.00122563562825499	0.000976324139614352
EN.GHG.CO2.RT.GDP.KD_tend2	3.21960580594257e-06	0.000297005882402531	0.000488162069807176
EN.GHG.CO2.MT.CE.AR5_tend2	3.21727817724651e-06	0.000717223812089955	0.00061020258725897
SE.PRM.ENRR.FE_lag1	3.20688575719057e-06	0.0002781998330801	0.000732243104710764
BX.GSR.FCTY.CD_min2	3.16831863758189e-06	0.000778829835732402	0.00061020258725897
BM.GSR.TOTL.CD	3.15569965387967e-06	0.000189357462143098	0.000244081034903588
EN.URB.MCTY.TL.ZS_min2	3.11869051142579e-06	0.000145260518904295	0.000244081034903588
SE.PRM.ENRR.FE	3.08344154383788e-06	0.000459126997251074	0.000732243104710764
FI.RES.TOTL.MO_min2	3.05781859041121e-06	0.000821629810052417	0.000854283622162558
NY.GNP.PCAP.CD_delta1	3.05687935175591e-06	0.00029830285132132	0.000366121552355382
SP.POP.80UP.MA.5Y_lag1	3.0523479980928e-06	0.00116727202690951	0.000732243104710764
SM.POP.NETM	3.03461479188696e-06	0.000243830156732209	0.000366121552355382
EN.GHG.ALL.PC.CE.AR5_ratiomax2	2.97764959608488e-06	2.9830285132132e-05	0.000122040517451794
NV.IND.MANF.CD_delta1	2.9611637176417e-06	0.000453939121575921	0.000732243104710764
NY.ADJ.DNGY.CD_isNA_rank	2.95219563811433e-06	0.000798932853973621	0.000854283622162558
SP.POP.2529.FE.5Y	2.90310035202235e-06	0.000850163126265761	0.000976324139614352
SH.IMM.MEAS	2.87467386522163e-06	0.000374824017529832	0.00061020258725897
TX.VAL.TRAN.ZS.WT	2.87455933801552e-06	0.000274957410783129	0.000488162069807176
ER.FSH.PROD.MT_delta1	2.85775118689668e-06	0.000156284754713996	0.000244081034903588
NY.ADJ.NNTY.PC.CD_isNA_rank	2.84813575561807e-06	0.0004785815310329	0.000366121552355382
SE.PRM.ENRR_lag1	2.804353792397e-06	0.00025485439254191	0.000488162069807176
AG.YLD.CREL.KG_ratioavg2	2.8006511701864e-06	8.75454020182133e-05	0.000244081034903588
FI.RES.TOTL.MO_isNA_rank	2.78237687428047e-06	0.000243181672272815	0.000366121552355382
NY.GDP.PCAP.KD_delta1	2.76487243971024e-06	0.000651726881691144	0.000488162069807176
NE.CON.TOTL.KD.ZG_delta1	2.730856100229e-06	5.05817878327455e-05	0.000244081034903588
health_coverage_efficiency_delta1	2.67454177363297e-06	0.000604387516155369	0.00109836465706615
NY.ADJ.DKAP.CD_delta1	2.65868040848127e-06	0.000605036000614763	0.000732243104710764
NV.SRV.TOTL.CD_isNA_rank	2.65724550550172e-06	0.000226969560787961	0.00061020258725897
SG.LAW.INDX_delta1	2.65061220985368e-06	0.00036055735942316	0.000244081034903588
NE.CON.PRVT.ZS_lag1	2.62544388703716e-06	0.00117894474717861	0.000854283622162558
NY.GDP.MKTP.KD_delta1	2.62410839727557e-06	0.000333321012128605	0.000488162069807176
SE.SEC.ENRR_delta1	2.61192858623535e-06	0.00235464707206024	0.00280693190139126
NY.GDP.PCAP.KN_isNA_rank	2.60800778117787e-06	0.000553805728322624	0.000976324139614352
DC.DAC.CECL.CD_max2	2.58091975720759e-06	0.00116143566677496	0.00109836465706615
SP.POP.5559.MA.5Y_lag1	2.56754833562853e-06	0.00284295586998405	0.00158652672687332
BM.GSR.TRAN.ZS_tend2	2.54477927033079e-06	0.000317108900643751	0.000854283622162558
FP.CPI.TOTL.ZG_max2	2.52578694477428e-06	0.000892314616126382	0.000854283622162558
BX.KLT.DINV.WD.GD.ZS_avg2	2.5218806071152e-06	0.000214648356059471	0.000244081034903588
BM.GSR.INSF.ZS_min2	2.46077672178324e-06	0.000726951078980868	0.000976324139614352
BX.KLT.DINV.CD.WD_tend2	2.39909036956814e-06	0.000315811931724962	0.00061020258725897
NE.CON.PRVT.PC.KD_max2	2.39124660368849e-06	0.000170551412820667	0.000244081034903588
TX.VAL.FUEL.ZS.UN_lag1	2.38355987624522e-06	0.000349533123613459	0.000366121552355382
BX.TRF.CURR.CD_tend2	2.37838420937354e-06	0.000665345055338421	0.000976324139614352
EN.GHG.N2O.WA.MT.CE.AR5_ratioavg2	2.30115533814185e-06	0.000680260197904487	0.000854283622162558
SE.PRM.TCHR_lag1	2.29420770878565e-06	3.04787695915261e-05	0.000122040517451794
BX.KLT.DINV.WD.GD.ZS_ratiomax2	2.27891597607893e-06	2.85333162133436e-05	0.000122040517451794
NY.ADJ.DFOR.CD_rank	2.27293951816711e-06	0.00013683022093217	0.000366121552355382
BM.KLT.DINV.CD.WD	2.2242142078712e-06	0.000817090418836658	0.000976324139614352
NV.IND.TOTL.CD_isNA_rank	2.20279562328177e-06	2.91818006727378e-05	0.000122040517451794
TM.VAL.MANF.ZS.UN	2.19513280954927e-06	0.000357963421585583	0.000488162069807176
SH.MMR.DTHS_delta1	2.19289632227133e-06	0.000171848381739456	0.000488162069807176
BX.TRF.PWKR.DT.GD.ZS	2.18756371677072e-06	0.000700363216145707	0.00061020258725897
BX.PEF.TOTL.CD.WD_avg2	2.13758641729013e-06	0.000169902928361273	0.000244081034903588
NY.GDP.PCAP.CN_lag1	2.12428216560625e-06	0.0005563996661602	0.000366121552355382
NV.SRV.TOTL.KD.ZG_rank	2.11849829813615e-06	0.000246424094569786	0.000366121552355382
AG.LND.TOTL.K2_min2	2.10870457979943e-06	0.000651726881691144	0.000366121552355382
NY.GDP.DEFL.KD.ZG_lag1	2.08345850185723e-06	0.00147141123836538	0.00134244569196973
NY.GDP.TOTL.RT.ZS_lag1	2.03048897321885e-06	0.000271714988486158	0.000366121552355382
EN.URB.MCTY.TL.ZS_isNA_rank	2.02342839917371e-06	0.000558993603997777	0.000732243104710764
SP.DYN.CBRT.IN_lag1	2.01546758288874e-06	0.00835247983699695	0.00439345862826458
IT.MLT.MAIN_max2	2.01299543243695e-06	0.000220484716194019	0.000122040517451794
NY.GNP.ATLS.CD_isNA_rank	2.00555454324338e-06	9.98666067467026e-05	0.000366121552355382
TM.VAL.MRCH.RS.ZS_rank	1.992735227922e-06	8.55999486400308e-05	0.000244081034903588
NV.IND.TOTL.ZS_delta1	1.9755240246858e-06	0.000715926843171167	0.000976324139614352
TM.VAL.INSF.ZS.WT_lag1	1.97543539190396e-06	0.00189552007480917	0.00231876983158409
BX.GSR.TRAN.ZS	1.96060823735433e-06	0.000357314937126189	0.000732243104710764
NE.GDI.TOTL.CD_delta1	1.9454013186951e-06	0.000588175404670515	0.000488162069807176
EG.ELC.FOSL.ZS_tend2	1.94268919675946e-06	0.00038066037766438	0.000366121552355382
NV.AGR.TOTL.KD_rank	1.91859078303492e-06	7.58726817491182e-05	0.000122040517451794
EN.GHG.ALL.PC.CE.AR5	1.91681388739433e-06	0.000334617981047393	0.000244081034903588
SE.SEC.ENRL.GC.FE.ZS_lag1	1.90916404788752e-06	0.00021594532497826	0.000488162069807176
NE.RSB.GNFS.CD_delta1	1.87973861731812e-06	0.000748351066140876	0.000976324139614352
NV.IND.TOTL.KD.ZG_rank	1.87498327516912e-06	0.000665993539797816	0.000854283622162558
BM.GSR.FCTY.CD_ratioavg2	1.83780794880908e-06	5.57696635078989e-05	0.000122040517451794
FM.AST.NFRG.CN_ratioavg2	1.82959941492578e-06	0.00145390215796174	0.00219672931413229
BX.GSR.TRAN.ZS_isNA_rank	1.82904607226468e-06	0.000108296904718827	0.000122040517451794
TM.VAL.MANF.ZS.UN_delta1	1.81996071880223e-06	0.000822926778971205	0.000854283622162558
SM.POP.RHCR.EA_delta1	1.81369699476831e-06	0.00115365385326223	0.00134244569196973
BX.GSR.GNFS.CD_tend2	1.8033927405304e-06	0.000218539262815836	0.000488162069807176
BM.KLT.DINV.WD.GD.ZS_isNA_rank	1.8033772265155e-06	0.000435781556712884	0.00061020258725897
DC.DAC.CECL.CD	1.78877474819862e-06	0.000774290444516642	0.000732243104710764
SP.POP.2024.MA.5Y_delta1	1.77034052688311e-06	7.19817749927532e-05	0.000122040517451794
PA.NUS.ATLS_delta1	1.76973539126906e-06	0.00206282906533286	0.00170856724432512
NE.GDI.TOTL.CD_isNA_rank	1.74398146546216e-06	2.72363472945553e-05	0.000122040517451794
NE.CON.PRVT.ZS_max2	1.72888985349993e-06	0.000389090675636504	0.000366121552355382
NE.CON.GOVT.ZS_max2	1.69520904598102e-06	0.000219836231734625	0.000244081034903588
SP.POP.1014.FE.5Y	1.69277552386265e-06	0.000343048279019517	0.000244081034903588
FI.RES.TOTL.CD	1.69204104207482e-06	0.00022372713849099	0.000122040517451794
SE.SEC.ENRR.MA_delta1	1.69170833018739e-06	0.000514896660758973	0.000732243104710764
EN.GHG.N2O.FE.MT.CE.AR5_tend2	1.68262203387144e-06	0.00194091398696676	0.00183060776177691
NE.TRD.GNFS.ZS_rank	1.67508346238191e-06	8.04120729648774e-05	0.000244081034903588
TX.VAL.FOOD.ZS.UN_lag1	1.66632685198838e-06	0.000283387708755254	0.000244081034903588
SE.TER.ENRR_delta1	1.66472367084798e-06	0.000950678217471857	0.00109836465706615
SH.DTH.IMRT	1.66339290315191e-06	0.000359260390504372	0.000366121552355382
IT.MLT.MAIN	1.66278481251571e-06	0.000222430169572201	0.000122040517451794
DC.DAC.CANL.CD_isNA_rank	1.65738746542386e-06	0.000605036000614763	0.000732243104710764
NY.GDP.PCAP.CD_delta1	1.64928728424026e-06	0.000308030118212232	0.000488162069807176
SP.DYN.TO65.FE.ZS_lag1	1.62317097457074e-06	0.000322945260778298	0.000366121552355382
BX.GSR.FCTY.CD_tend2	1.61967085898131e-06	0.000373527048611044	0.00061020258725897
NY.ADJ.DMIN.CD_delta1	1.59236235919021e-06	0.000353424030369824	0.000488162069807176
FS.AST.CGOV.GD.ZS_tend2	1.58652989299126e-06	0.000351478576991642	0.00109836465706615
DT.ODA.ALLD.KD_ratioavg2	1.58554960640828e-06	0.000627084472234165	0.000488162069807176
DT.ODA.ODAT.CD_ratioavg2	1.55948370943222e-06	0.000376769470908014	0.000488162069807176
BM.GSR.TOTL.CD_tend2	1.55455252501611e-06	0.000509060300624426	0.000366121552355382
TX.VAL.FOOD.ZS.UN_delta1	1.54964192946505e-06	0.000704254122902072	0.000976324139614352
NE.IMP.GNFS.CN_isNA_rank	1.54484458345403e-06	0.000124509016203681	0.000366121552355382
BX.GSR.NFSV.CD_lag1	1.47717251525173e-06	0.00128270226068167	0.000854283622162558
FP.CPI.TOTL.ZG_delta1	1.45912508006836e-06	0.000166012021604908	0.000366121552355382
DC.DAC.FRAL.CD_lag1	1.45229936786271e-06	2.72363472945553e-05	0.000122040517451794
DT.ODA.ODAT.GN.ZS_rank	1.43497132360111e-06	0.000173145350658244	0.000122040517451794
TM.VAL.INSF.ZS.WT_isNA_rank	1.41093646837266e-06	0.00173728986671699	0.00170856724432512
BM.GSR.TOTL.CD_delta1	1.4072834964969e-06	3.43696763478912e-05	0.000122040517451794
DC.DAC.USAL.CD	1.39781800792665e-06	5.05817878327455e-05	0.000122040517451794
DT.ODA.ALLD.KD_tend2	1.38202774222334e-06	0.000308678602671626	0.000366121552355382
SH.DYN.NMRT_rank	1.37205120884148e-06	0.000194545337818252	0.000122040517451794
IT.MLT.MAIN_avg2	1.36366523311537e-06	0.000220484716194019	0.000122040517451794
TX.VAL.FOOD.ZS.UN_isNA_rank	1.34187767130795e-06	0.000153690816876419	0.000366121552355382
NY.GNP.PCAP.CN	1.33759782136852e-06	0.000400114911446205	0.000366121552355382
FI.RES.TOTL.MO_ratioavg2	1.33171773473557e-06	0.000902041883017294	0.00146448620942153
SE.ENR.PRIM.FM.ZS_isNA_rank	1.31757218450588e-06	0.000542133008053529	0.000732243104710764
SP.POP.TOTL.MA.ZS_delta1	1.30864088473221e-06	0.000782072258029373	0.000488162069807176
NY.GSR.NFCY.CD_isNA_rank	1.30635591140614e-06	0.000485714860086236	0.000488162069807176
AG.LND.CROP.ZS_min2	1.29813719715538e-06	0.000197787760115223	0.000122040517451794
FP.CPI.TOTL.ZG_ratiomax2	1.27394805584856e-06	0.000344345247938306	0.000976324139614352
NY.ADJ.DNGY.GN.ZS_isNA_rank	1.26320713762058e-06	0.000440320947928643	0.00061020258725897
NY.GDP.DEFL.KD.ZG_rank	1.25446294984775e-06	0.00102590241476158	0.000976324139614352
EN.GHG.CH4.AG.MT.CE.AR5_ratioavg2	1.25050491138467e-06	0.000251611970244939	0.000488162069807176
TX.VAL.MRCH.R5.ZS_delta1	1.24828044557243e-06	0.000747702581681481	0.000854283622162558
BX.GSR.CMCP.ZS_isNA_rank	1.24654460341031e-06	0.000278848317539494	0.00061020258725897
FS.AST.CGOV.GD.ZS	1.22246913578054e-06	0.000620599627640223	0.000976324139614352
SP.POP.0004.FE.5Y_delta1	1.21803023677194e-06	0.00029376346010556	0.00061020258725897
MS.MIL.XPND.GD.ZS_isNA_rank	1.20481710376032e-06	0.000255502877001304	0.000732243104710764
SP.POP.0014.MA.IN_delta1	1.20428962402418e-06	4.27999743200154e-05	0.000122040517451794
EG.ELC.NGAS.ZS_delta1	1.1821638177487e-06	0.000131642345257017	0.000122040517451794
EN.GHG.CO2.RT.GDP.KD_ratioavg2	1.18162461147057e-06	0.00162899296199816	0.00134244569196973
NE.RSB.GNFS.CN_delta1	1.17931612389673e-06	0.000414381569552876	0.00061020258725897
SE.PRM.ENRR.FE_isNA_rank	1.17337397708537e-06	0.00236178040111358	0.0019526482792287
SE.SEC.ENRL.GC_lag1	1.17104146029673e-06	0.000109593873637615	0.000244081034903588
DC.DAC.TOTL.CD	1.15768847086349e-06	0.000182872617549157	0.000244081034903588
NE.CON.GOVT.ZS_isNA_rank	1.15527830358462e-06	0.000149799910120054	0.000244081034903588
EN.GHG.CO2.PI.MT.CE.AR5_tend2	1.15429417526273e-06	0.00038066037766438	0.000488162069807176
NE.EXP.GNFS.KD.ZG_delta1	1.13449402982462e-06	0.00021594532497826	0.00061020258725897
AG.LND.AGRI.K2_ratioavg2	1.12530280429339e-06	0.000506466362786849	0.000488162069807176
BM.KLT.DINV.CD.WD_lag1	1.12146206058289e-06	0.000127102954041258	0.000366121552355382
AG.CON.FERT.ZS	1.1211014189603e-06	0.00133393253297381	0.00122040517451794
TM.VAL.MANF.ZS.UN_isNA_rank	1.11480075200921e-06	2.52908939163727e-05	0.000122040517451794
SP.POP.7074.FE.5Y	1.10369405751887e-06	0.000216593809437654	0.000244081034903588
TX.VAL.MMTL.ZS.UN_isNA_rank	1.09954120461539e-06	0.000276254379701918	0.000488162069807176
SP.POP.65UP.MA.ZS_delta1	1.09377635659696e-06	0.000282090739836465	0.000366121552355382
AG.LND.ARBL.HA.PC_min2	1.08603575530866e-06	0.000928629745852455	0.00061020258725897
AG.PRD.FOOD.XD	1.08569758580241e-06	0.00018027867971158	0.000366121552355382
NE.CON.GOVT.ZS	1.08538536872762e-06	0.0004785815310329	0.000732243104710764
SP.POP.6569.MA.5Y_rank	1.07779309790183e-06	0.000140072643229141	0.000122040517451794
BX.GSR.TRVL.ZS_lag1	1.07178895651764e-06	8.75454020182133e-05	0.000122040517451794
SE.SEC.ENRL.GC_isNA_rank	1.05804519457689e-06	0.000279496801998888	0.000366121552355382
EG.ELC.FOSL.ZS_delta1	1.03581013554109e-06	0.000284684677674042	0.000366121552355382
SE.SEC.ENRR.MA_lag1	1.034318011516e-06	0.000227618045247355	0.000244081034903588
NV.AGR.TOTL.KD.ZG_delta1	1.03148194657451e-06	0.000491551220220783	0.00109836465706615
BM.GSR.FCTY.CD_lag1	1.02845186789924e-06	0.000945490341796704	0.000732243104710764
TM.VAL.MRCH.WL.CD_delta1	1.00812408964654e-06	0.000224375622950384	0.000366121552355382
FS.AST.CGOV.GD.ZS_ratioavg2	1.00792274430059e-06	0.000595957218183245	0.00122040517451794
SE.PRM.ENRL_delta1	1.0012469199737e-06	0.00215167143626987	0.00256285086648767
AG.LND.CROP.ZS_rank	9.96842856683656e-07	0.000212054418221895	0.000122040517451794
FS.AST.PRVT.GD.ZS_avg2	9.87993184736252e-07	0.000430593681037731	0.000366121552355382
NE.EXP.GNFS.ZS_isNA_rank	9.84880086868545e-07	0.000269769535107976	0.000488162069807176
EN.GHG.CH4.PI.MT.CE.AR5_max2	9.7338947862322e-07	0.000448751245900768	0.000244081034903588
SP.POP.1519.MA.5Y_delta1	9.66692713388606e-07	0.000225672591869172	0.000244081034903588
SH.MMR.RISK	9.62386598530415e-07	0.000421514898606212	0.000488162069807176
SE.SEC.ENRL.GC.FE.ZS	9.50500686828907e-07	0.000702957153983283	0.000732243104710764
EN.GHG.CO2.BU.MT.CE.AR5_delta1	9.45029834588325e-07	0.000142018096607324	0.000244081034903588
IT.MLT.MAIN.P2_tend2	9.37373213907657e-07	0.000817090418836658	0.00134244569196973
EN.POP.DNST_tend2	9.36387512984361e-07	0.000415678538471665	0.000488162069807176
EN.GHG.N2O.BU.MT.CE.AR5_lag1	9.25419344718376e-07	0.000263933174973428	0.000366121552355382
SP.POP.4549.FE.5Y_delta1	9.17271455755556e-07	0.000101163575665491	0.000244081034903588
TM.VAL.SERV.CD.WT_isNA_rank	8.96400279982478e-07	0.000177684741874003	0.000244081034903588
FI.RES.XGLD.CD_tend2	8.78592064496209e-07	0.000383254315501956	0.000366121552355382
AG.LND.CROP.ZS_lag1	8.77425012845684e-07	0.000186763524305522	0.000122040517451794
BM.GSR.TOTL.CD_min2	8.74347099119204e-07	0.000300248304699502	0.000366121552355382
NV.IND.MANF.KD_lag1	8.69180163836671e-07	0.000102460544584279	0.000122040517451794
TM.VAL.MRCH.R6.ZS	8.68563170211103e-07	0.000184818070927339	0.000488162069807176
BM.TRF.PWKR.CD.DT_delta1	8.62059968432244e-07	0.000463666388466834	0.000488162069807176
SP.POP.2529.FE.5Y_lag1	8.61152269245069e-07	0.00137738099175322	0.00109836465706615
BM.GSR.TOTL.CD_isNA_rank	8.55243791249722e-07	9.85696378279143e-05	0.000244081034903588
BX.GSR.MRCH.CD_ratioavg2	8.52507268806476e-07	8.43029797212425e-05	0.000122040517451794
FP.CPI.TOTL_rank	8.47269498849125e-07	0.000143963549985506	0.000366121552355382
SP.DYN.AMRT.MA_lag1	8.46368564495846e-07	0.000914363087745784	0.000732243104710764
BX.TRF.CURR.CD_delta1	8.30820141793222e-07	0.00021594532497826	0.000488162069807176
BM.GSR.MRCH.CD_tend2	8.30151261159314e-07	0.000867023722210009	0.00109836465706615
BX.KLT.DINV.WD.GD.ZS_max2	8.14932373912474e-07	0.000143963549985506	0.000244081034903588
SE.SEC.ENRR_lag1	8.14591861028161e-07	0.000456533059413498	0.000366121552355382
SP.POP.2529.FE.5Y_delta1	8.12404424804843e-07	0.000621248112099618	0.000732243104710764
SP.POP.4044.MA.5Y_lag1	8.08905081507366e-07	0.000624490534396588	0.000366121552355382
FM.AST.PRVT.GD.ZS_avg2	8.03330173203461e-07	0.000812551027620899	0.000488162069807176
DT.NFL.UNDP.CD_isNA_rank	7.90672748328083e-07	0.00276448925039736	0.00219672931413229
EG.USE.ELEC.KH.PC_tend2	7.73389583996894e-07	0.000771696506679066	0.00109836465706615
EN.URB.LCTY.UR.ZS_ratioavg2	7.66983986514196e-07	3.17757385103145e-05	0.000122040517451794
DC.DAC.CANL.CD	7.65802657795826e-07	0.00103952058840886	0.00134244569196973
NY.GDP.MKTP.CD_isNA_rank	7.53344728583264e-07	0.000164066568226726	0.000366121552355382
TX.VAL.MRCH.R4.ZS_rank	7.49037345004825e-07	2.9830285132132e-05	0.000122040517451794
EN.GHG.ALL.PC.CE.AR5_lag1	7.4779477101401e-07	0.000743163190465722	0.000366121552355382
NE.EXP.GNFS.CN_isNA_rank	7.44131631103612e-07	0.000411139147255906	0.000488162069807176
FD.AST.PRVT.GD.ZS	7.40915987345201e-07	0.000696472309389342	0.00061020258725897
SG.LAW.INDX	7.33236338071912e-07	0.000252908939163727	0.000244081034903588
NY.GDP.MINR.RT.ZS_isNA_rank	7.2717969588286e-07	4.08545209418329e-05	0.000122040517451794
AG.PRD.CREL.MT_tend2	7.23056114092629e-07	0.000282090739836465	0.000854283622162558
FM.AST.NFRG.CN_max2	7.12916197557565e-07	0.000566775417510507	0.000732243104710764
EN.GHG.CH4.FE.MT.CE.AR5_min2	6.98053392507745e-07	6.22545081018406e-05	0.000122040517451794
FM.AST.NFRG.CN_lag1	6.9766224927762e-07	0.000369636141854679	0.000488162069807176
FP.CPI.TOTL_tend2	6.93493456898483e-07	0.000160175661470361	0.000244081034903588
TX.VAL.MRCH.R3.ZS_rank	6.87387971703298e-07	0.000208811995924924	0.000122040517451794
SP.POP.6569.FE.5Y_delta1	6.85309826621478e-07	0.00172302320861032	0.00170856724432512
NE.CON.PRVT.KD.ZG_max2	6.838278420473e-07	0.000489605766842601	0.000976324139614352
TM.VAL.FUEL.ZS.UN_delta1	6.8210585024164e-07	0.000518787567515338	0.000854283622162558
FM.LBL.BMNY.GD.ZS	6.75356451657035e-07	0.000739272283709357	0.00061020258725897
BM.TRF.PWKR.CD.DT_lag1	6.64838923310367e-07	0.00012904840741944	0.000366121552355382
NY.GSR.NFCY.CN_isNA_rank	6.64746499659781e-07	0.00233130163152205	0.0019526482792287
NV.SRV.TOTL.KD_isNA_rank	6.61865931908279e-07	0.000108296904718827	0.000244081034903588
MS.MIL.MPRT.KD_delta1	6.48426004453195e-07	0.000433836103334702	0.000488162069807176
BX.GSR.CMCP.ZS_ratiomax2	6.47028029683176e-07	0.00145195670458355	0.00146448620942153
DC.DAC.DEUL.CD_tend2	6.45275534947687e-07	0.00031386647834678	0.000488162069807176
SP.DYN.IMRT.FE.IN_delta1	6.3958665751704e-07	0.000225672591869172	0.000244081034903588
BM.GSR.TOTL.CD_ratioavg2	6.35184699278811e-07	0.000303490726996473	0.000366121552355382
NE.CON.PRVT.CD_isNA_rank	6.35097097620498e-07	0.000244478641191603	0.000488162069807176
BM.GSR.GNFS.CD_isNA_rank	6.33746038995712e-07	0.000217242293897048	0.000488162069807176
DC.DAC.JPNL.CD_max2	6.2942149759629e-07	0.000110242358097009	0.000244081034903588
EG.ELC.NGAS.ZS_tend2	6.28360587837624e-07	0.000788557102623314	0.000732243104710764
TM.VAL.MRCH.R6.ZS_isNA_rank	6.22567053484807e-07	0.000186115039846128	0.000366121552355382
SE.ENR.PRIM.FM.ZS	6.11284610934408e-07	0.000103109029043673	0.000122040517451794
BX.GSR.TRAN.ZS_lag1	6.10750899894769e-07	0.000308030118212232	0.000488162069807176
NY.GDP.PCAP.KD.ZG	6.09299657921562e-07	0.00012580598512247	0.000122040517451794
FM.AST.PRVT.GD.ZS_tend2	6.05466901284396e-07	0.000196490791196434	0.000366121552355382
BX.GSR.TOTL.CD_tend2	6.02348347553269e-07	0.000154339301335813	0.000244081034903588
DC.DAC.CANL.CD_lag1	6.01478954119193e-07	0.000535648163459587	0.000854283622162558
DT.ODA.ALLD.CD_isNA_rank	6.00486957144097e-07	0.000271066504026764	0.000366121552355382
EN.GHG.ALL.MT.CE.AR5_tend2	5.99822441979102e-07	0.000378066439826803	0.000366121552355382
NE.EXP.GNFS.CD_tend2	5.96147660983478e-07	6.61454148582056e-05	0.000244081034903588
NY.ADJ.DMIN.GN.ZS_isNA_rank	5.94666559993243e-07	0.000362502812801343	0.000488162069807176
AG.LND.CREL.HA_tend2	5.89864019609505e-07	0.000300896789158896	0.00061020258725897
FS.AST.PRVT.GD.ZS_tend2	5.88427743643679e-07	0.000357963421585583	0.000366121552355382
consumption_efficiency_delta1	5.84401272150878e-07	0.000228266529706749	0.000366121552355382
SP.POP.7074.FE.5Y_delta1	5.84225969902273e-07	0.000441617916847432	0.00061020258725897
DC.DAC.USAL.CD_ratiomax2	5.79549383235729e-07	0.000375472501989226	0.000366121552355382
BM.TRF.PWKR.CD.DT_ratioavg2	5.77695578302164e-07	0.000560290572916565	0.000854283622162558
DC.DAC.DEUL.CD_delta1	5.72102965003683e-07	0.000338508887803758	0.000488162069807176
NE.DAB.TOTL.CD_ratioavg2	5.62620292348324e-07	0.00035277554591043	0.000488162069807176
ER.FSH.CAPT.MT_min2	5.59905088390177e-07	3.43696763478912e-05	0.000122040517451794
NV.AGR.TOTL.ZS_delta1	5.49164022574121e-07	0.000565478448591719	0.000488162069807176
TM.VAL.TRVL.ZS.WT_delta1	5.47888679839902e-07	0.000745108643843905	0.000732243104710764
EG.ELC.HYRO.ZS_tend2	5.46461614259414e-07	0.00169967776807213	0.00170856724432512
NE.CON.TOTL.KD.ZG_avg2	5.46070359147165e-07	0.000572611777645055	0.000488162069807176
FP.CPI.TOTL_isNA_rank	5.4207793253655e-07	0.000264581659432823	0.000976324139614352
BM.GSR.FCTY.CD_tend2	5.41342714318975e-07	0.000269121050648582	0.000488162069807176
BX.TRF.PWKR.CD.DT_min2	5.34056039509301e-07	0.000175739288495821	0.000244081034903588
BX.GSR.FCTY.CD_ratiomax2	5.25770616889092e-07	0.000111539327015798	0.000122040517451794
EN.GHG.CH4.TR.MT.CE.AR5_ratiomax2	5.25353985336444e-07	0.000358611906044978	0.000244081034903588
EN.GHG.CO2.IC.MT.CE.AR5_tend2	5.2531085931563e-07	0.000306733149293444	0.000366121552355382
SH.IMM.MEAS_delta1	5.2097272078755e-07	0.00027041801956737	0.000244081034903588
TM.VAL.FUEL.ZS.UN_isNA_rank	5.18745697163614e-07	0.000143315065526112	0.000244081034903588
PA.NUS.FCRF_lag1	5.08898067821059e-07	0.00127427196270955	0.000976324139614352
DT.ODA.ODAT.KD_ratioavg2	5.04394568334311e-07	0.000442266401306826	0.000366121552355382
SE.TER.ENRR_isNA_rank	5.03542149873695e-07	0.000160175661470361	0.000366121552355382
EN.GHG.N2O.TR.MT.CE.AR5_delta1	5.0269243633795e-07	0.00135079312891806	0.00122040517451794
BX.TRF.PWKR.CD.DT_ratioavg2	4.87397751885507e-07	0.000618654174262041	0.000976324139614352
DC.DAC.TOTL.CD_ratioavg2	4.84398176444447e-07	8.49514641806366e-05	0.000244081034903588
BM.KLT.DINV.WD.GD.ZS_min2	4.83868600819323e-07	0.000483769406708053	0.000976324139614352
AG.YLD.CREL.KG_rank	4.79699332128155e-07	0.00161991417956664	0.00146448620942153
EG.USE.ELEC.KH.PC_isNA_rank	4.75898601207901e-07	0.000665345055338421	0.00109836465706615
SP.POP.5054.FE.5Y_rank	4.65769825468465e-07	0.000302193758077685	0.000244081034903588
TM.VAL.MRCH.R1.ZS	4.6462356224441e-07	0.000339157372263152	0.00061020258725897
SM.POP.RHCR.EO_rank	4.63645180700113e-07	9.20847932339725e-05	0.000244081034903588
TX.VAL.OTHR.ZS.WT	4.60490417267859e-07	0.000233454405381902	0.000244081034903588
FM.AST.DOMS.CN_delta1	4.60217714713172e-07	0.000512951207380791	0.000366121552355382
SP.POP.1564.TO.ZS_delta1	4.5856737986477e-07	0.000317757385103145	0.000366121552355382
NE.GDI.FTOT.ZS	4.57056181702969e-07	0.000216593809437654	0.000366121552355382
BM.GSR.FCTY.CD_isNA_rank	4.56368199048829e-07	0.000208811995924924	0.00061020258725897
AG.LND.AGRI.K2_delta1	4.49823891669974e-07	0.00016471505268612	0.000244081034903588
BX.GRT.EXTA.CD.WD_ratioavg2	4.44910495443318e-07	0.000320351322940721	0.00061020258725897
AG.LND.ARBL.HA.PC	4.43849766358307e-07	0.000611520845208705	0.00061020258725897
PA.NUS.FCRF_rank	4.38092061770071e-07	0.000385848253339533	0.000244081034903588
NV.AGR.TOTL.KD.ZG_isNA_rank	4.31645651481846e-07	0.000264581659432823	0.000488162069807176
BM.GSR.TRVL.ZS_avg2	4.31551183030069e-07	0.00101033878773612	0.00109836465706615
TM.VAL.OTHR.ZS.WT_isNA_rank	4.24956079760184e-07	0.000207515027006135	0.000244081034903588
SP.DYN.TO65.FE.ZS_delta1	4.22807654734287e-07	0.000351478576991642	0.000488162069807176
SP.DYN.IMRT.MA.IN_lag1	4.19552098819384e-07	0.00166530809172424	0.000854283622162558
BX.GSR.NFSV.CD_delta1	4.08858784624686e-07	0.000163418083767332	0.000366121552355382
BX.PEF.TOTL.CD.WD_max2	4.07141321188024e-07	0.000487660313464418	0.000366121552355382
EG.ELC.COAL.ZS_ratioavg2	4.01831217581834e-07	0.000140072643229141	0.000244081034903588
NE.CON.PRVT.ZS_avg2	4.01819398255226e-07	0.000224375622950384	0.000122040517451794
NY.GDP.FCST.KD_rank	4.01200363913482e-07	5.31757256703222e-05	0.000122040517451794
IT.MLT.MAIN.P2_delta1	4.00891812543152e-07	0.000318405869562539	0.000366121552355382
TG.VAL.TOTL.GD.ZS_rank	3.99438028325653e-07	5.6418147967293e-05	0.000122040517451794
DC.DAC.GBRL.CD_min2	3.98402865728606e-07	0.000263284690514034	0.00061020258725897
NY.ADJ.AEDU.GN.ZS_rank	3.96883392573062e-07	5.2527241210928e-05	0.000244081034903588
NE.CON.PRVT.KD_max2	3.96376348942751e-07	0.000428648227659548	0.000244081034903588
FP.CPI.TOTL_ratioavg2	3.93864993313783e-07	0.000582987528995361	0.00061020258725897
NE.CON.PRVT.ZS_delta1	3.91052407407238e-07	0.000311921024968597	0.000366121552355382
DC.DAC.CANL.CD_ratioavg2	3.90658095895254e-07	0.00190848976399705	0.00219672931413229
SP.POP.GROW_delta1	3.90503260176059e-07	0.000464314872926228	0.000366121552355382
AG.PRD.CROP.XD_avg2	3.90264716330294e-07	0.000597902671561427	0.000976324139614352
BX.KLT.DINV.CD.WD_isNA_rank	3.89465052841791e-07	0.000274957410783129	0.000732243104710764
NY.ADJ.DKAP.CD_isNA_rank	3.88352918171089e-07	0.000579096622238996	0.000732243104710764
NE.RSB.GNFS.ZS_delta1	3.77842413820797e-07	0.00020362412024977	0.000366121552355382
NV.SRV.TOTL.ZS_rank	3.74906716337686e-07	0.000285333162133436	0.000244081034903588
SM.POP.NETM_delta1	3.72699008590722e-07	0.000523975443190492	0.000976324139614352
SP.DYN.CBRT.IN_delta1	3.70630715344725e-07	0.000927981261393061	0.000732243104710764
MS.MIL.XPND.CD_lag1	3.65792494149109e-07	6.3551477020629e-05	0.000244081034903588
BM.GSR.TRVL.ZS_max2	3.64305551162067e-07	0.00033721191888497	0.000244081034903588
BX.GSR.TRAN.ZS_ratiomax2	3.63077475574259e-07	0.000249666516866757	0.000488162069807176
BM.GSR.TRVL.ZS_lag1	3.60075666648666e-07	0.000959108515443982	0.000976324139614352
EG.USE.PCAP.KG.OE_lag1	3.53867526857282e-07	0.0002114059337625	0.000244081034903588
BX.TRF.PWKR.DT.GD.ZS_rank	3.52019970429726e-07	0.000177036257414609	0.000122040517451794
SH.MMR.RISK_delta1	3.51424231777562e-07	0.000717223812089955	0.000732243104710764
SE.SEC.ENRR_isNA_rank	3.50814074912086e-07	0.00133652647081139	0.00146448620942153
SP.POP.1519.MA.5Y	3.46229974359994e-07	0.000255502877001304	0.000244081034903588
MS.MIL.XPND.CD	3.44923836666862e-07	0.000422163383065606	0.000366121552355382
SP.DYN.TFRT.IN	3.44906361088044e-07	0.000785963164785737	0.000488162069807176
NV.IND.TOTL.KD_lag1	3.44454537651268e-07	0.00187152614981158	0.00109836465706615
NY.GSR.NFCY.CN_delta1	3.4434740084655e-07	0.00133263556405503	0.00158652672687332
EN.GHG.ALL.MT.CE.AR5_ratioavg2	3.42702920166473e-07	0.000809957089783322	0.000976324139614352
SP.POP.0014.FE.IN_delta1	3.41056560807991e-07	2.59393783757669e-05	0.000122040517451794
SP.POP.DPND.YG_delta1	3.36615948963848e-07	0.000207515027006135	0.000244081034903588
SP.RUR.TOTL.ZG	3.34159712311603e-07	0.000234751374300691	0.000244081034903588
SP.POP.7579.MA.5Y_rank	3.31922662654331e-07	7.45757128303299e-05	0.000122040517451794
DC.DAC.CECL.CD_avg2	3.304197594145e-07	0.00033721191888497	0.000488162069807176
SP.POP.4044.MA.5Y_delta1	3.28984428626108e-07	0.0015245869640357	0.00170856724432512
EG.ELC.HYRO.ZS_ratioavg2	3.26622039159287e-07	0.000974023658010048	0.00109836465706615
EN.GHG.CH4.MT.CE.AR5_ratioavg2	3.24227021655392e-07	0.000212702902681289	0.000488162069807176
NV.AGR.TOTL.CN_isNA_rank	3.22868665620735e-07	0.000366393719557708	0.000366121552355382
TX.VAL.SERV.CD.WT	3.21148253064868e-07	0.000280145286458283	0.000366121552355382
NE.IMP.GNFS.KD.ZG_isNA_rank	3.16092687134162e-07	8.43029797212425e-05	0.000244081034903588
BM.GSR.TOTL.CD_avg2	3.11433202616409e-07	0.000381957346583168	0.000244081034903588
BX.GRT.EXTA.CD.WD_avg2	3.10337842127732e-07	3.3721191888497e-05	0.000122040517451794
SP.POP.TOTL.MA.ZS_rank	3.10094952201998e-07	6.22545081018406e-05	0.000244081034903588
TM.VAL.FOOD.ZS.UN_isNA_rank	3.08036623312827e-07	0.000394278551311657	0.000854283622162558
TX.VAL.MRCH.WL.CD_delta1	3.05618923057233e-07	0.000509060300624426	0.000488162069807176
IS.AIR.PSGR_delta1	3.05170158978047e-07	0.00012580598512247	0.000366121552355382
clase_isNA_rank	2.9527697533282e-07	0.000692581402632977	0.00122040517451794
IS.AIR.GOOD.MT.K1_min2	2.89311643583402e-07	0.000601793578317792	0.000488162069807176
TX.VAL.MRCH.R6.ZS	2.88550331973936e-07	0.000484417891167447	0.000732243104710764
NE.IMP.GNFS.KD.ZG_delta1	2.88210352014222e-07	0.000303490726996473	0.000732243104710764
SM.POP.RHCR.EA_isNA_rank	2.86261596306353e-07	0.000691932918173582	0.000854283622162558
FI.RES.TOTL.MO	2.85439055569908e-07	0.000695823824929947	0.00061020258725897
EG.ELC.NUCL.ZS_lag1	2.84665100202258e-07	0.000130993860797623	0.000122040517451794
TX.VAL.MMTL.ZS.UN_rank	2.79070871011265e-07	2.65878628351611e-05	0.000122040517451794
NE.EXP.GNFS.ZS_delta1	2.77523791141653e-07	0.000267175597270399	0.000488162069807176
AG.LND.ARBL.ZS_max2	2.77245521423975e-07	0.000188708977683704	0.000366121552355382
DC.DAC.CANL.CD_tend2	2.7708965329244e-07	0.000191302915521281	0.000244081034903588
NV.SRV.TOTL.KD.ZG_lag1	2.7593024873226e-07	0.000832005561402724	0.000854283622162558
BX.PEF.TOTL.CD.WD_isNA_rank	2.75171692254364e-07	5.44726945891105e-05	0.000122040517451794
MS.MIL.XPND.GD.ZS_rank	2.74595447022391e-07	9.46787310715492e-05	0.000244081034903588
NY.GDP.PCAP.CN	2.74071781792551e-07	0.000217890778356442	0.000244081034903588
FM.AST.NFRG.CN_avg2	2.66540006914196e-07	0.000766508631003912	0.000488162069807176
NY.GDS.TOTL.ZS_isNA_rank	2.62758861330397e-07	0.000485714860086236	0.000732243104710764
AG.PRD.CROP.XD_min2	2.56735050275174e-07	0.000311272540509203	0.000854283622162558
NE.EXP.GNFS.KD_lag1	2.55181356146254e-07	0.000285333162133436	0.000244081034903588
EN.GHG.N2O.AG.MT.CE.AR5_delta1	2.53960778304792e-07	3.50181608072853e-05	0.000122040517451794
EN.GHG.N2O.PI.MT.CE.AR5_tend2	2.52920355318508e-07	0.000522029989812309	0.000732243104710764
IT.MLT.MAIN.P2_isNA_rank	2.51166483834055e-07	0.000927981261393061	0.000976324139614352
BM.GSR.TRAN.ZS_ratioavg2	2.4602678893298e-07	0.00021594532497826	0.000488162069807176
EN.GHG.ALL.PC.CE.AR5_delta1	2.45580118430018e-07	0.000525920896568674	0.000488162069807176
PA.NUS.ATLS_lag1	2.44148702612226e-07	0.000790502556001497	0.00061020258725897
EN.GHG.N2O.BU.MT.CE.AR5_max2	2.41544495629353e-07	0.000223078654031595	0.000122040517451794
TM.VAL.MRCH.R2.ZS	2.39020906247745e-07	0.000200381697952799	0.000122040517451794
SP.POP.6064.FE.5Y_lag1	2.36763277004826e-07	0.00172561714644789	0.000976324139614352
EG.ELC.NUCL.ZS_delta1	2.35787585524632e-07	0.000202327151330982	0.000122040517451794
EG.USE.PCAP.KG.OE_isNA_rank	2.33788618186221e-07	7.91151040460891e-05	0.000122040517451794
NY.ADJ.AEDU.GN.ZS_isNA_rank	2.3275474491372e-07	0.000168605959442485	0.000244081034903588
SP.POP.1519.FE.5Y	2.31744945183403e-07	0.00014136961214793	0.000244081034903588
MS.MIL.MPRT.KD_tend2	2.29084158295892e-07	0.000769102568841489	0.000854283622162558
BM.GSR.TRVL.ZS_delta1	2.25137223371024e-07	0.00124573864649621	0.00122040517451794
EN.GHG.CH4.BU.MT.CE.AR5_min2	2.23957890627129e-07	6.29029925612348e-05	0.000244081034903588
SE.SEC.ENRL.GC.FE.ZS_delta1	2.21464923755777e-07	0.000547969368188076	0.00109836465706615
EN.GHG.CH4.FE.MT.CE.AR5_tend2	2.20112009893687e-07	0.000767157115463307	0.000854283622162558
NY.ADJ.DNGY.CD_delta1	2.19524040815084e-07	0.000260042268217063	0.000366121552355382
SP.POP.7579.FE.5Y_delta1	2.17454250678717e-07	0.000410490662796511	0.000244081034903588
TM.VAL.OTHR.ZS.WT_delta1	2.17279449416883e-07	0.000323593745237692	0.00061020258725897
MS.MIL.XPND.GD.ZS_lag1	2.15989215639898e-07	5.90120858048697e-05	0.000244081034903588
FM.AST.PRVT.GD.ZS_min2	2.1587439098987e-07	0.00134365979986473	0.000854283622162558
SP.POP.GROW_lag1	2.14747164381839e-07	0.0016691989984806	0.00109836465706615
SE.PRM.ENRR.MA_lag1	2.14551514731434e-07	0.000463666388466834	0.00061020258725897
EN.GHG.N2O.IP.MT.CE.AR5_ratioavg2	2.13936594083603e-07	0.000225024107409778	0.000488162069807176
NV.IND.TOTL.ZS	2.12413814494901e-07	0.000564829964132325	0.000488162069807176
NV.AGR.TOTL.KD.ZG	2.11902040559437e-07	0.000585581466832938	0.00109836465706615
FM.AST.NFRG.CN_tend2	2.10143020627226e-07	0.000546672399269288	0.00109836465706615
SH.DYN.NMRT_lag1	2.07753429848082e-07	0.00140721127688536	0.000732243104710764
FM.AST.DOMS.CN_ratioavg2	2.0771763150907e-07	0.000362502812801343	0.000488162069807176
SP.POP.2024.FE.5Y_lag1	2.05649953696335e-07	0.000660805664122662	0.000366121552355382
ER.H2O.INTR.K3_rank	2.0454636218854e-07	5.90120858048697e-05	0.000244081034903588
FS.AST.CGOV.GD.ZS_delta1	2.04474552479225e-07	0.000300248304699502	0.000732243104710764
NY.GDP.DEFL.ZS_delta1	2.03083536496494e-07	0.000882587349235469	0.000732243104710764
SP.POP.DPND.OL_lag1	2.01165098600736e-07	0.000239939249975844	0.000122040517451794
NY.GDP.MKTP.KD.ZG_delta1	2.01116740064062e-07	0.000580393591157785	0.000976324139614352
EN.GHG.N2O.WA.MT.CE.AR5_tend2	2.00094983795789e-07	0.0010570296688125	0.000976324139614352
NV.IND.MANF.CD_rank	1.99703309683317e-07	0.00198176850790859	0.0019526482792287
EN.GHG.N2O.MT.CE.AR5_ratioavg2	1.99540787899005e-07	0.000422811867525001	0.00061020258725897
NY.GDP.MKTP.KD.ZG_isNA_rank	1.97862288292552e-07	0.000473393655357746	0.00109836465706615
BM.KLT.DINV.CD.WD_ratioavg2	1.96348884858068e-07	0.000547969368188076	0.00109836465706615
IS.AIR.PSGR_min2	1.96149308648581e-07	2.65878628351611e-05	0.000122040517451794
NY.GDP.FRST.RT.ZS_delta1	1.95841163025245e-07	0.000516193629677762	0.000854283622162558
NE.CON.TOTL.KD.ZG_min2	1.95757663266602e-07	0.00103173877489613	0.00109836465706615
NV.IND.MANF.ZS_lag1	1.95206801893297e-07	0.000316460416184356	0.000732243104710764
BM.GSR.INSF.ZS_rank	1.93720707599034e-07	0.000197139275655829	0.000244081034903588
SP.POP.5054.FE.5Y	1.93352546684198e-07	0.000303490726996473	0.000244081034903588
NE.EXP.GNFS.KD.ZG_lag1	1.89682241517437e-07	0.000225024107409778	0.000366121552355382
TM.VAL.MRCH.OR.ZS	1.86081248848505e-07	0.000201678666871588	0.000244081034903588
FM.AST.PRVT.GD.ZS_max2	1.85246371484575e-07	0.000808660120864534	0.000488162069807176
BX.GSR.TOTL.CD_lag1	1.8420731359734e-07	0.000909823696530025	0.000488162069807176
TM.VAL.MRCH.R6.ZS_delta1	1.84021257153865e-07	0.000796987400595438	0.00109836465706615
SP.POP.80UP.MA.5Y_delta1	1.82464893716713e-07	0.00164390810456423	0.00158652672687332
NV.IND.MANF.ZS_delta1	1.82065937883097e-07	0.000793744978298468	0.00109836465706615
TX.VAL.AGRI.ZS.UN_lag1	1.80599642539119e-07	0.000336563434425576	0.000488162069807176
NE.CON.TOTL.CD_ratioavg2	1.80059775625531e-07	0.000153690816876419	0.000366121552355382
DC.DAC.DEUL.CD_ratioavg2	1.78183174999567e-07	0.000473393655357746	0.000732243104710764
EN.GHG.N2O.BU.MT.CE.AR5_avg2	1.78001363167658e-07	0.000406599756040146	0.000244081034903588
EN.GHG.N2O.FE.MT.CE.AR5_ratiomax2	1.76625988769489e-07	0.000500630002652301	0.000488162069807176
NY.GDP.MKTP.CN_isNA_rank	1.76109635171239e-07	0.000579096622238996	0.000732243104710764
NV.IND.MANF.ZS_isNA_rank	1.7500868420557e-07	9.53272155309434e-05	0.000244081034903588
TX.VAL.AGRI.ZS.UN_delta1	1.74053984715718e-07	0.000208811995924924	0.000488162069807176
ER.FSH.CAPT.MT_tend2	1.7311009245204e-07	0.000353424030369824	0.000244081034903588
IT.MLT.MAIN.P2_ratioavg2	1.71169150421325e-07	0.000177036257414609	0.000488162069807176
SP.POP.5559.FE.5Y_delta1	1.70672288527531e-07	0.00114911446204647	0.00061020258725897
BX.GRT.TECH.CD.WD_ratiomax2	1.70032612421829e-07	0.0002114059337625	0.000244081034903588
TM.VAL.MRCH.WR.ZS_delta1	1.68601334250076e-07	0.00370673716989709	0.00329509397119844
AG.PRD.LVSK.XD_tend2	1.68373350775991e-07	0.000341751310100729	0.000488162069807176
NV.SRV.TOTL.ZS_lag1	1.67175294607419e-07	0.00065886021074448	0.000488162069807176
TM.VAL.MRCH.R5.ZS_rank	1.65805958078327e-07	7.52241972897241e-05	0.000122040517451794
NY.ADJ.NNTY.CD_delta1	1.65157882919626e-07	0.000410490662796511	0.00061020258725897
EN.URB.LCTY_min2	1.65062884662061e-07	3.56666452666795e-05	0.000122040517451794
SP.POP.7579.FE.5Y	1.62505953205691e-07	0.00013683022093217	0.000122040517451794
SP.POP.1564.TO.ZS_rank	1.61681716901988e-07	0.000217890778356442	0.000122040517451794
AG.LND.CROP.ZS_ratioavg2	1.59540633486779e-07	0.000883884318154258	0.00109836465706615
SP.POP.3034.MA.5Y	1.59524330316103e-07	0.000112187811475192	0.000122040517451794
NE.CON.PRVT.ZS_rank	1.59441368324361e-07	0.0004785815310329	0.000244081034903588
DC.DAC.TOTL.CD_max2	1.58395392131693e-07	0.000163418083767332	0.000244081034903588
EN.GHG.N2O.IP.MT.CE.AR5_tend2	1.57514260636093e-07	0.000393630066852263	0.000976324139614352
FD.AST.PRVT.GD.ZS_isNA_rank	1.5657935417076e-07	0.000118672656069134	0.000244081034903588
BM.TRF.PWKR.CD.DT_avg2	1.55874746897575e-07	0.000237993796597661	0.000366121552355382
SP.POP.1519.MA.5Y_lag1	1.55462134098856e-07	0.000629029925612348	0.00061020258725897
BM.GSR.GNFS.CD	1.49984536196987e-07	0.000201030182412194	0.000244081034903588
DC.DAC.FRAL.CD_isNA_rank	1.46947509767793e-07	0.000459126997251074	0.000732243104710764
DC.DAC.USAL.CD_rank	1.45081502404282e-07	4.21514898606212e-05	0.000122040517451794
EG.ELC.NUCL.ZS	1.44780199146656e-07	0.000385848253339533	0.000366121552355382
BX.GSR.NFSV.CD_tend2	1.44693053041165e-07	0.000237345312138267	0.000366121552355382
SP.DYN.TFRT.IN_lag1	1.41996893862204e-07	0.00120553261001377	0.000732243104710764
NV.SRV.TOTL.KD_lag1	1.38890817507179e-07	2.65878628351611e-05	0.000122040517451794
AG.YLD.CREL.KG_lag1	1.36218506273101e-07	0.00264646507878762	0.00183060776177691
SP.POP.2024.MA.5Y_lag1	1.36156003926233e-07	0.00163418083767332	0.000976324139614352
AG.CON.FERT.ZS_rank	1.35307480978713e-07	0.000464963357385622	0.000488162069807176
FS.AST.CGOV.GD.ZS_rank	1.32465585032626e-07	9.33817621527609e-05	0.000366121552355382
TX.VAL.MRCH.HI.ZS	1.31381176623264e-07	0.000389090675636504	0.000488162069807176
EG.ELC.NGAS.ZS_min2	1.29839366204507e-07	9.92181222873085e-05	0.000122040517451794
EN.GHG.CH4.FE.MT.CE.AR5	1.29813919139664e-07	5.83636013454756e-05	0.000122040517451794
DT.ODA.ALLD.KD_delta1	1.29366676389185e-07	0.000123212047284893	0.000122040517451794
BX.PEF.TOTL.CD.WD_ratiomax2	1.28613485597315e-07	0.000131642345257017	0.000244081034903588
BX.GSR.CMCP.ZS_tend2	1.2722660615133e-07	0.000789854071542103	0.00109836465706615
BX.GSR.CMCP.ZS_ratioavg2	1.25031943298248e-07	0.00147789608295932	0.0020746887966805
NE.CON.PRVT.KD.ZG	1.24436031671024e-07	0.000101812060124885	0.000244081034903588
SP.POP.6064.MA.5Y_lag1	1.22999212010855e-07	0.000980508502603989	0.00061020258725897
SP.POP.3034.MA.5Y_lag1	1.22048201466152e-07	0.000578448137779602	0.000732243104710764
MS.MIL.MPRT.KD_isNA_rank	1.21650280291679e-07	7.45757128303299e-05	0.000244081034903588
SP.POP.80UP.FE.5Y_lag1	1.20341130587809e-07	0.000824223747889994	0.000488162069807176
DC.DAC.CECL.CD_ratiomax2	1.20124575107187e-07	7.71696506679066e-05	0.000244081034903588
NE.CON.TOTL.KD_tend2	1.19633399463458e-07	2.59393783757669e-05	0.000122040517451794
SP.DYN.AMRT.MA_delta1	1.1931190318532e-07	0.000309975571590415	0.000732243104710764
DC.DAC.CECL.CD_tend2	1.18579704695645e-07	0.000778829835732402	0.000854283622162558
NY.GDP.PETR.RT.ZS_isNA_rank	1.18294420336772e-07	0.000363799781720131	0.000244081034903588
TM.VAL.MRCH.R4.ZS	1.14578219758365e-07	0.000226321076328566	0.000366121552355382
EN.GHG.N2O.FE.MT.CE.AR5	1.14169576587211e-07	7.26302594521474e-05	0.000244081034903588
EN.GHG.N2O.IC.MT.CE.AR5_tend2	1.13403430745374e-07	2.9830285132132e-05	0.000122040517451794
BX.GSR.FCTY.CD_ratioavg2	1.13182035817569e-07	9.20847932339725e-05	0.000244081034903588
DC.DAC.GBRL.CD_ratioavg2	1.12424671263781e-07	0.000342399794560123	0.000244081034903588
EG.USE.PCAP.KG.OE_delta1	1.12069766109442e-07	0.000590120858048697	0.000732243104710764
SE.SEC.ENRL.GC_delta1	1.11887530086483e-07	0.000824223747889994	0.000854283622162558
AG.CON.FERT.ZS_tend2	1.11875322904605e-07	0.000206866542546741	0.000488162069807176
EG.ELC.NUCL.ZS_min2	1.10934846125829e-07	0.000980508502603989	0.00061020258725897
NE.IMP.GNFS.KD.ZG	1.10746303207549e-07	0.000522678474271703	0.000732243104710764
FP.CPI.TOTL.ZG_tend2	1.10236561791407e-07	0.000577151168860814	0.00109836465706615
BM.KLT.DINV.WD.GD.ZS_lag1	1.10185338669972e-07	0.000255502877001304	0.00061020258725897
DT.ODA.ODAT.CD_tend2	1.0959483536621e-07	0.000223078654031595	0.000366121552355382
SE.PRM.AGES_rank	1.0711927945919e-07	0.000216593809437654	0.000366121552355382
FM.AST.DOMS.CN_ratiomax2	1.05182698737898e-07	0.00030608466483405	0.000244081034903588
NY.GDP.MKTP.KD_lag1	1.03228040093779e-07	0.000197787760115223	0.000122040517451794
SE.PRM.ENRR.MA_rank	1.02163736754036e-07	6.03090547236581e-05	0.000244081034903588
NE.RSB.GNFS.CN	1.01841953349515e-07	0.00150578091471327	0.00134244569196973
DC.DAC.TOTL.CD_isNA_rank	1.01497953418924e-07	8.6248433099425e-05	0.000244081034903588
NY.GDP.FCST.KD_isNA_rank	1.00667271163581e-07	0.00102201150800522	0.00109836465706615
DC.DAC.FRAL.CD_ratioavg2	1.00228817755623e-07	0.000127751438500652	0.000366121552355382
NE.CON.PRVT.KD.ZG_delta1	1.00112079229972e-07	0.000248369547947968	0.000488162069807176
TM.VAL.TRVL.ZS.WT_isNA_rank	9.94703773407963e-08	2.9830285132132e-05	0.000122040517451794
BM.KLT.DINV.WD.GD.ZS_max2	9.91103742945116e-08	0.000988290316116719	0.00146448620942153
DC.DAC.TOTL.CD_lag1	9.89137097784513e-08	0.000263284690514034	0.000244081034903588
EN.GHG.CH4.AG.MT.CE.AR5_delta1	9.88483329501447e-08	0.000427999743200154	0.00061020258725897
FP.CPI.TOTL_lag1	9.52340084370698e-08	0.000529811803325039	0.00061020258725897
SP.POP.80UP.FE.5Y	9.45909881872067e-08	0.000101812060124885	0.000244081034903588
SE.SEC.ENRL.GC.FE.ZS_isNA_rank	9.37000517218582e-08	0.000553805728322624	0.000732243104710764
TM.VAL.MRCH.CD.WT_delta1	9.27525591026621e-08	0.000354720999288613	0.000366121552355382
MS.MIL.XPND.GD.ZS_ratiomax2	9.25528211968393e-08	0.000359908874963766	0.000732243104710764
TM.VAL.MRCH.CD.WT_lag1	9.19225305384654e-08	0.000732787439115415	0.000488162069807176
TX.VAL.MRCH.R4.ZS_delta1	9.17167708519699e-08	0.000924090354636696	0.00158652672687332
BM.KLT.DINV.WD.GD.ZS	9.01812441961915e-08	0.000612169329668099	0.00146448620942153
DT.ODA.ODAT.PC.ZS_ratioavg2	8.90376963962205e-08	0.000356017968207401	0.000488162069807176
SP.POP.7074.MA.5Y_lag1	8.86463867845874e-08	0.000815144965458475	0.00061020258725897
FM.AST.PRVT.GD.ZS	8.75761410204181e-08	0.00128529619851925	0.000854283622162558
TX.VAL.MRCH.OR.ZS_delta1	8.65404147861586e-08	0.000323593745237692	0.00061020258725897
EN.GHG.CH4.BU.MT.CE.AR5_tend2	8.64702914612294e-08	0.000202327151330982	0.000366121552355382
BM.GSR.TRVL.ZS_isNA_rank	8.63822982968107e-08	0.000210108964843712	0.000488162069807176
NE.CON.TOTL.KD.ZG_lag1	8.5076208993478e-08	0.000667290508716604	0.000976324139614352
SP.URB.GROW_rank	8.46366567995743e-08	0.000372878564151649	0.000366121552355382
trade_balance_ratio_delta1	8.31713695270762e-08	0.00079569043167665	0.00134244569196973
NY.ADJ.DFOR.CD_isNA_rank	8.28766101126086e-08	0.000573260262104449	0.000732243104710764
EN.GHG.ALL.MT.CE.AR5_delta1	8.24390289690892e-08	0.000210757449303106	0.000244081034903588
DC.DAC.GBRL.CD_isNA_rank	8.14293119871559e-08	0.00178592620117155	0.00158652672687332
FP.CPI.TOTL	8.05592974101759e-08	0.000634866285746895	0.000854283622162558
BM.KLT.DINV.WD.GD.ZS_tend2	8.04709117648588e-08	0.000179630195252186	0.000366121552355382
DT.ODA.ODAT.KD_rank	8.01732558829524e-08	0.000269121050648582	0.000244081034903588
NY.GDP.PCAP.CD_lag1	7.9859903468562e-08	0.000209460480384318	0.000122040517451794
EN.GHG.CO2.PC.CE.AR5_tend2	7.92209657334413e-08	0.000875454020182133	0.00061020258725897
FM.AST.DOMS.CN_min2	7.87208319283672e-08	0.00065886021074448	0.00061020258725897
BM.KLT.DINV.CD.WD_min2	7.7472701226332e-08	0.00021918774727523	0.000244081034903588
BX.GRT.TECH.CD.WD_rank	7.70141826571544e-08	0.000218539262815836	0.000122040517451794
EN.GHG.N2O.BU.MT.CE.AR5_delta1	7.61326158496155e-08	0.000253557423623122	0.00061020258725897
AG.PRD.CROP.XD_lag1	7.51766182314758e-08	0.000217242293897048	0.000488162069807176
EN.URB.LCTY_ratioavg2	7.50829181581394e-08	0.000147205972282477	0.000244081034903588
EN.GHG.CO2.RT.GDP.KD_rank	7.44577907386597e-08	0.000147205972282477	0.000122040517451794
year_cycle	7.38972711789499e-08	0.000170551412820667	0.000366121552355382
SP.POP.1014.MA.5Y_lag1	7.31801045978851e-08	0.000504520909408667	0.000366121552355382
BX.GRT.EXTA.CD.WD_rank	7.15752632478019e-08	0.000138775674310353	0.000244081034903588
SP.POP.1014.MA.5Y	7.13747725681035e-08	0.000295060429024349	0.000366121552355382
FD.AST.PRVT.GD.ZS_lag1	7.12973553824807e-08	0.000412436116174694	0.000366121552355382
NE.CON.GOVT.ZS_rank	7.11272420542816e-08	0.000182224133089763	0.000366121552355382
EG.ELC.NUCL.ZS_tend2	7.07619819053e-08	0.000232157436463114	0.000244081034903588
NE.GDI.TOTL.CD_rank	7.05941806123332e-08	9.27332776933667e-05	0.000244081034903588
SP.POP.1564.MA.ZS_lag1	7.01463997124908e-08	0.000233454405381902	0.000244081034903588
IS.AIR.GOOD.MT.K1_lag1	6.94024648616569e-08	0.000867023722210009	0.00061020258725897
TM.VAL.MRCH.RS.ZS_delta1	6.88985849345887e-08	0.000398817942527416	0.00061020258725897
DC.DAC.CANL.CD_ratiomax2	6.85703588880604e-08	0.00045069669927895	0.000366121552355382
TM.VAL.MRCH.R2.ZS_rank	6.79077779936255e-08	5.31757256703222e-05	0.000244081034903588
NV.IND.TOTL.ZS_isNA_rank	6.74978097456774e-08	0.000168605959442485	0.000488162069807176
NY.GDP.MINR.RT.ZS_delta1	6.73003740742057e-08	0.000354720999288613	0.000854283622162558
SP.POP.3539.MA.5Y_lag1	6.61940433911324e-08	0.000299599820240108	0.000244081034903588
BX.PEF.TOTL.CD.WD_ratioavg2	6.50809010682306e-08	0.000237345312138267	0.000366121552355382
TX.VAL.MRCH.R4.ZS_lag1	6.3646547347291e-08	0.000577151168860814	0.00061020258725897
MS.MIL.XPND.CD_tend2	6.35440705307695e-08	0.000173145350658244	0.000488162069807176
DT.ODA.ODAT.KD_isNA_rank	6.30155907673385e-08	5.05817878327455e-05	0.000244081034903588
NY.GDP.TOTL.RT.ZS	6.30095829974094e-08	0.000837193437077877	0.000488162069807176
IS.AIR.DPRT_isNA_rank	6.17565469672906e-08	0.00177490196536185	0.00134244569196973
SP.DYN.TO65.MA.ZS_lag1	6.12261228469994e-08	0.000932520652608821	0.00061020258725897
TX.VAL.MMTL.ZS.UN_lag1	6.10170219316249e-08	0.000391036129014686	0.000488162069807176
NE.TRD.GNFS.ZS_delta1	6.09229383405541e-08	0.000324242229697086	0.000732243104710764
BX.KLT.DINV.CD.WD_min2	6.00124563660781e-08	0.000178981710792792	0.000122040517451794
SP.DYN.LE00.FE.IN_delta1	5.90430516011828e-08	0.000433187618875308	0.000854283622162558
DC.DAC.USAL.CD_lag1	5.90249848807093e-08	0.000312569509427991	0.00061020258725897
TX.VAL.MMTL.ZS.UN_delta1	5.79882112270258e-08	8.04120729648774e-05	0.000244081034903588
ER.FSH.PROD.MT_ratiomax2	5.74211174183833e-08	8.88423709370017e-05	0.000122040517451794
BX.TRF.PWKR.CD.DT	5.72744531282663e-08	0.000123212047284893	0.000488162069807176
FM.LBL.BMNY.GD.ZS_avg2	5.68822832790368e-08	0.000215296840518865	0.000366121552355382
BX.GSR.CMCP.ZS_max2	5.681520743898e-08	0.000290521037808589	0.000366121552355382
SE.PRM.ENRR.FE_rank	5.64250348866687e-08	2.9830285132132e-05	0.000122040517451794
NY.GNP.ATLS.CD_delta1	5.63856447801412e-08	0.000184169586467945	0.000244081034903588
BX.TRF.CURR.CD_isNA_rank	5.59477806474357e-08	0.000341751310100729	0.000854283622162558
NV.IND.TOTL.KD.ZG_isNA_rank	5.52743689645947e-08	0.000162769599307937	0.000244081034903588
BX.PEF.TOTL.CD.WD	5.46576675959346e-08	0.000256799845920092	0.000244081034903588
EN.GHG.CO2.IP.MT.CE.AR5_ratiomax2	5.38711357697488e-08	0.000108296904718827	0.000122040517451794
SP.POP.65UP.TO.ZS_lag1	5.37933262126494e-08	0.000224375622950384	0.000122040517451794
AG.PRD.CREL.MT_ratioavg2	5.26610826680421e-08	0.000189357462143098	0.00061020258725897
SP.POP.6064.MA.5Y	5.22914474118224e-08	3.3721191888497e-05	0.000122040517451794
BX.TRF.PWKR.DT.GD.ZS_lag1	5.20316734239827e-08	0.000171848381739456	0.000366121552355382
MS.MIL.MPRT.KD_max2	5.16765709318493e-08	0.000331375558750422	0.000488162069807176
BM.GSR.INSF.ZS_lag1	5.1652131669873e-08	0.00060762993845234	0.00061020258725897
BX.GRT.TECH.CD.WD	5.07619679299292e-08	0.000353424030369824	0.000244081034903588
SP.POP.6064.FE.5Y_rank	4.89629050833503e-08	0.000177036257414609	0.000122040517451794
NV.SRV.TOTL.KD.ZG	4.79291610658749e-08	0.000112187811475192	0.000366121552355382
MS.MIL.MPRT.KD_lag1	4.76656067514876e-08	0.000143315065526112	0.000122040517451794
DT.ODA.ODAT.GN.ZS_isNA_rank	4.6475694552075e-08	0.0004117876317153	0.000732243104710764
AG.PRD.LVSK.XD_max2	4.52768724191686e-08	0.00105184179313735	0.000976324139614352
EN.GHG.ALL.PC.CE.AR5_avg2	4.50895148709589e-08	0.00023929076551645	0.000122040517451794
NE.CON.PRVT.CD_ratioavg2	4.46993733411345e-08	0.000465611841845016	0.00122040517451794
EN.URB.MCTY.TL.ZS_tend2	4.32845933537612e-08	4.92848189139571e-05	0.000122040517451794
EN.GHG.CO2.BU.MT.CE.AR5_tend2	4.28555402686549e-08	0.000406599756040146	0.000488162069807176
NE.CON.GOVT.CD_avg2	4.27393869161907e-08	7.45757128303299e-05	0.000122040517451794
BX.GSR.CMCP.ZS_lag1	4.26114706166172e-08	0.00021918774727523	0.000244081034903588
NV.SRV.TOTL.ZS_delta1	4.15220374348464e-08	0.000102460544584279	0.000366121552355382
IT.MLT.MAIN.P2_min2	4.12514221045987e-08	0.000195193822277646	0.000244081034903588
FM.AST.PRVT.GD.ZS_rank	4.08664837334446e-08	0.00023150895200372	0.000244081034903588
SE.SEC.ENRR	4.04244894566798e-08	0.000168605959442485	0.00061020258725897
NE.EXP.GNFS.KD_delta1	4.02435145188215e-08	0.000343696763478912	0.000366121552355382
NE.CON.TOTL.KD.ZG_isNA_rank	4.02295922143565e-08	0.000103109029043673	0.000244081034903588
TM.VAL.MRCH.WR.ZS_lag1	4.00776443050476e-08	0.000372230079692255	0.000366121552355382
SE.SEC.ENRL.GC.FE.ZS_rank	4.00110429109876e-08	0.000130993860797623	0.000122040517451794
SE.ENR.PRIM.FM.ZS_delta1	3.93957717228988e-08	0.000802175276270592	0.00122040517451794
BM.GSR.INSF.ZS	3.92356764240472e-08	0.00052527241210928	0.00061020258725897
BG.GSR.NFSV.GD.ZS_ratiomax2	3.88483422049753e-08	3.7612098644862e-05	0.000122040517451794
EG.USE.PCAP.KG.OE_ratiomax2	3.76014011048692e-08	0.000389739160095898	0.000488162069807176
DC.DAC.JPNL.CD_lag1	3.75629429590043e-08	0.000417623991849847	0.000732243104710764
NE.CON.PRVT.KD.ZG_ratioavg2	3.7070156291465e-08	0.0002781998330801	0.000488162069807176
SP.DYN.TO65.MA.ZS_delta1	3.66861475853674e-08	2.52908939163727e-05	0.000122040517451794
DC.DAC.CANL.CD_max2	3.66187626592901e-08	0.00030608466483405	0.00061020258725897
SP.POP.0014.TO.ZS_delta1	3.62854416840129e-08	3.11272540509203e-05	0.000122040517451794
TX.VAL.MRCH.AL.ZS_delta1	3.60299038982857e-08	0.000192599884440069	0.000488162069807176
DT.NFL.UNDP.CD_ratiomax2	3.48161656544667e-08	0.000261339237135852	0.000244081034903588
AG.LND.CREL.HA_ratioavg2	3.48141619928939e-08	0.00119191443636649	0.00134244569196973
DT.ODA.ALLD.CD	3.36274971271184e-08	2.46424094569786e-05	0.000122040517451794
EG.ELC.HYRO.ZS_ratiomax2	3.35194572287301e-08	9.79211533685201e-05	0.000244081034903588
DT.ODA.ALLD.CD_rank	3.31697709508387e-08	0.000147205972282477	0.000122040517451794
BX.KLT.DINV.CD.WD_ratiomax2	3.28763162145507e-08	0.000511005754002608	0.000488162069807176
NV.AGR.TOTL.ZS_isNA_rank	3.27773301379931e-08	0.000147854456741871	0.000244081034903588
BM.GSR.TRVL.ZS_ratioavg2	3.25503870562998e-08	0.000378066439826803	0.000488162069807176
SP.POP.0014.FE.ZS_delta1	3.24361899090107e-08	0.000125157500663075	0.000366121552355382
EN.GHG.CO2.BU.MT.CE.AR5_ratiomax2	3.23835925561091e-08	0.000161472630389149	0.000122040517451794
NY.ADJ.DKAP.CD_lag1	3.19831415773299e-08	0.000245127125650997	0.000244081034903588
TM.VAL.MRCH.R3.ZS_delta1	3.19493672083865e-08	0.000777532866813613	0.000976324139614352
SE.SEC.ENRR.FE_delta1	3.18354597150529e-08	0.00218668959707715	0.0020746887966805
AG.LND.AGRI.ZS_delta1	3.17395883673586e-08	0.000284684677674042	0.000244081034903588
DT.ODA.ALLD.CD_ratioavg2	3.17277554408599e-08	0.000193248368899464	0.000244081034903588
EN.GHG.N2O.PI.MT.CE.AR5_delta1	3.15983412786775e-08	0.000402060364824387	0.000366121552355382
SP.POP.0014.MA.IN	3.15404657105664e-08	0.000851460095184549	0.000854283622162558
IT.MLT.MAIN_isNA_rank	3.12138129765838e-08	0.000275605895242523	0.000244081034903588
NV.AGR.TOTL.KD.ZG_rank	3.10692856822345e-08	0.000223078654031595	0.000366121552355382
NE.CON.PRVT.ZS_ratioavg2	3.05823325150487e-08	0.000252260454704333	0.000366121552355382
BX.GSR.GNFS.CD_min2	2.99671074185995e-08	0.000251611970244939	0.000366121552355382
FS.AST.PRVT.GD.ZS_isNA_rank	2.97843375265486e-08	0.000241884703354027	0.00061020258725897
NY.ADJ.DNGY.GN.ZS_rank	2.97248975709666e-08	0.00035277554591043	0.000366121552355382
NE.GDI.FTOT.ZS_delta1	2.88324363954104e-08	0.000221133200653413	0.000366121552355382
DC.DAC.GBRL.CD_ratiomax2	2.85497730459693e-08	0.000498036064814725	0.000732243104710764
BG.GSR.NFSV.GD.ZS_isNA_rank	2.78059696648075e-08	0.000225672591869172	0.000366121552355382
BX.KLT.DINV.CD.WD_rank	2.77676018767913e-08	3.50181608072853e-05	0.000122040517451794
BM.GSR.TRAN.ZS_min2	2.76182891523644e-08	0.000379363408745591	0.00061020258725897
TM.VAL.MRCH.OR.ZS_rank	2.7596188614423e-08	0.000366393719557708	0.000488162069807176
NV.IND.MANF.CD	2.73881735878612e-08	0.000354720999288613	0.00061020258725897
EN.GHG.CO2.BU.MT.CE.AR5_min2	2.72096320497195e-08	0.000394927035771051	0.000244081034903588
BX.PEF.TOTL.CD.WD_delta1	2.6995251704543e-08	0.000348884639154065	0.000366121552355382
SP.POP.0014.FE.IN	2.64109752942988e-08	0.000485714860086236	0.000488162069807176
SP.POP.5054.MA.5Y	2.61466159270051e-08	0.00168670807888424	0.000976324139614352
DC.DAC.JPNL.CD_ratioavg2	2.61257660088466e-08	0.000306733149293444	0.000488162069807176
NV.AGR.TOTL.KD_delta1	2.5887845490572e-08	0.000275605895242523	0.000366121552355382
FM.AST.PRVT.GD.ZS_lag1	2.58280993875464e-08	0.000190654431061887	0.000244081034903588
NY.GDP.MKTP.CD_lag1	2.57333084667486e-08	0.000239939249975844	0.000122040517451794
NE.CON.PRVT.PC.KD_isNA_rank	2.51025869833755e-08	3.50181608072853e-05	0.000122040517451794
EN.GHG.CH4.BU.MT.CE.AR5	2.47952945525393e-08	0.000171848381739456	0.000122040517451794
SH.DTH.IMRT_delta1	2.45965117947375e-08	0.000112187811475192	0.000366121552355382
TM.VAL.AGRI.ZS.UN	2.42228998723118e-08	0.000193896853358858	0.000244081034903588
NE.CON.GOVT.CD_isNA_rank	2.39751270814132e-08	6.54969303988115e-05	0.000244081034903588
SP.POP.0509.FE.5Y_lag1	2.36991263085475e-08	0.00151226575930721	0.000854283622162558
TX.VAL.TRAN.ZS.WT_delta1	2.35830532603138e-08	0.000184818070927339	0.000366121552355382
FM.LBL.BMNY.GD.ZS_rank	2.34256840593789e-08	0.000236696827678873	0.000244081034903588
NY.GDP.MKTP.KD.ZG	2.33898195920285e-08	0.000137478705391565	0.000366121552355382
DC.DAC.GBRL.CD_tend2	2.28028136395923e-08	0.000197139275655829	0.000488162069807176
SP.POP.1564.MA.ZS	2.25256311592874e-08	0.000238642281057056	0.000122040517451794
NY.GDS.TOTL.CD_delta1	2.19289373644822e-08	0.000228266529706749	0.000244081034903588
TX.VAL.MANF.ZS.UN	2.17918492596148e-08	0.00160370206808179	0.00146448620942153
NE.TRD.GNFS.ZS_lag1	2.15150686131225e-08	0.000188708977683704	0.000366121552355382
DT.ODA.ODAT.KD_lag1	2.09676088325822e-08	0.000167308990523697	0.000244081034903588
BX.GSR.TRVL.ZS_delta1	2.07339148591566e-08	0.000334617981047393	0.00061020258725897
SP.DYN.AMRT.FE_delta1	2.06301198015827e-08	0.000153690816876419	0.000488162069807176
AG.PRD.FOOD.XD_ratioavg2	2.02453729662315e-08	0.000499333033733513	0.00061020258725897
SE.SEC.ENRL_isNA_rank	2.02155168182385e-08	0.000150448394579448	0.000366121552355382
NY.GNP.MKTP.CN	2.01680876433919e-08	0.00032164829185951	0.000244081034903588
FI.RES.TOTL.CD_tend2	2.00720396101332e-08	0.000300896789158896	0.000488162069807176
EN.GHG.CH4.MT.CE.AR5_max2	2.00710514037399e-08	0.00012580598512247	0.000122040517451794
FI.RES.TOTL.MO_max2	1.99782986380204e-08	0.000275605895242523	0.000366121552355382
NE.EXP.GNFS.KD_rank	1.97795122836774e-08	0.000372878564151649	0.000244081034903588
IT.MLT.MAIN_delta1	1.9668882806904e-08	0.00115041143096526	0.000976324139614352
DT.NFL.UNDP.CD	1.96351792859235e-08	0.000334617981047393	0.000244081034903588
NY.GDP.MKTP.KN_lag1	1.95136386153763e-08	0.00022372713849099	0.000244081034903588
NE.CON.PRVT.KD.ZG_rank	1.94575524474111e-08	3.3721191888497e-05	0.000122040517451794
EN.GHG.CO2.FE.MT.CE.AR5_delta1	1.9091000211943e-08	0.000267824081729793	0.000244081034903588
FM.LBL.BMNY.GD.ZS_isNA_rank	1.9072844908509e-08	0.000274308926323735	0.000732243104710764
EN.GHG.N2O.WA.MT.CE.AR5_delta1	1.90318522252532e-08	0.00112122963029252	0.000732243104710764
DC.DAC.TOTL.CD_tend2	1.85838084214738e-08	2.65878628351611e-05	0.000122040517451794
DT.ODA.ALLD.CD_ratiomax2	1.82951932210665e-08	0.000114781749312769	0.000122040517451794
NV.SRV.TOTL.KD_delta1	1.80935345375096e-08	0.000439023979009855	0.000366121552355382
BX.PEF.TOTL.CD.WD_rank	1.78998486838866e-08	0.000285333162133436	0.000244081034903588
EN.GHG.N2O.PI.MT.CE.AR5_ratioavg2	1.77906388291363e-08	0.000341751310100729	0.000488162069807176
NE.RSB.GNFS.CD	1.74578613305575e-08	0.00167179293631818	0.00122040517451794
SP.POP.4549.MA.5Y_delta1	1.73532289608886e-08	0.00142925974850476	0.000854283622162558
SH.DYN.MORT_rank	1.7187228291002e-08	0.000112836295934586	0.000122040517451794
BX.GSR.GNFS.CD_avg2	1.70420718093185e-08	0.000502575456030484	0.000366121552355382
FM.LBL.BMNY.GD.ZS_ratioavg2	1.68044333517462e-08	0.000902690367476688	0.000976324139614352
EN.GHG.N2O.IP.MT.CE.AR5_min2	1.66842014219952e-08	2.46424094569786e-05	0.000122040517451794
AG.PRD.FOOD.XD_max2	1.62050536392377e-08	0.000642648099259625	0.000854283622162558
NY.ADJ.DMIN.GN.ZS	1.61423474610631e-08	0.000148502941201266	0.000244081034903588
SP.POP.7579.MA.5Y_delta1	1.59432929267968e-08	0.00027041801956737	0.000244081034903588
TM.VAL.TRAN.ZS.WT_rank	1.58990462657544e-08	0.000285333162133436	0.000488162069807176
EN.GHG.N2O.WA.MT.CE.AR5	1.56512712599483e-08	0.000106999935800039	0.000244081034903588
FS.AST.CGOV.GD.ZS_max2	1.55427748992853e-08	0.00023150895200372	0.000244081034903588
SM.POP.RHCR.EA_lag1	1.5468855326246e-08	0.000134884767553988	0.000488162069807176
consumption_efficiency_rank	1.54279890967382e-08	0.00129178104311319	0.000732243104710764
TX.VAL.MRCH.RS.ZS_delta1	1.53414380893235e-08	0.000911120665448813	0.00122040517451794
SP.POP.0509.MA.5Y_delta1	1.52966849555796e-08	0.000283387708755254	0.000366121552355382
TM.VAL.MRCH.R3.ZS_rank	1.5011334740985e-08	0.000218539262815836	0.000366121552355382
BX.GSR.MRCH.CD_tend2	1.49481322064721e-08	0.000529811803325039	0.00061020258725897
TX.VAL.MRCH.R6.ZS_lag1	1.45357232720833e-08	0.000956514577606405	0.00109836465706615
SP.POP.65UP.FE.ZS_delta1	1.43482215034249e-08	0.000488957282383206	0.000366121552355382
SP.POP.1014.FE.5Y_lag1	1.42244034822858e-08	0.00114846597758708	0.000854283622162558
BX.KLT.DINV.WD.GD.ZS_tend2	1.41344128439753e-08	0.000541484523594134	0.000854283622162558
NE.CON.TOTL.KD.ZG_tend2	1.41018596098471e-08	0.000187412008764916	0.000244081034903588
TM.VAL.MMTL.ZS.UN_lag1	1.40105635350306e-08	0.000500630002652301	0.00061020258725897
BM.GSR.CMCP.ZS_delta1	1.38726283472666e-08	0.000368987657395284	0.00061020258725897
BX.GRT.TECH.CD.WD_delta1	1.36099120486612e-08	5.90120858048697e-05	0.000122040517451794
BX.KLT.DINV.CD.WD_delta1	1.3388997950239e-08	0.000471448201979564	0.000366121552355382
EN.POP.DNST_delta1	1.33213593817182e-08	0.000178981710792792	0.000366121552355382
EN.GHG.CO2.BU.MT.CE.AR5_avg2	1.33143485907139e-08	8.36544952618483e-05	0.000122040517451794
AG.PRD.FOOD.XD_min2	1.32735416503242e-08	0.000351478576991642	0.000488162069807176
EG.USE.ELEC.KH.PC_lag1	1.32148904408299e-08	0.00101876908570825	0.00061020258725897
AG.PRD.CROP.XD_rank	1.31579758311742e-08	0.000309975571590415	0.00061020258725897
TM.VAL.MRCH.R1.ZS_lag1	1.3098432343815e-08	0.000339157372263152	0.000366121552355382
EN.GHG.ALL.PC.CE.AR5_max2	1.30524012449617e-08	0.000210108964843712	0.000122040517451794
NY.GNP.PCAP.CN_isNA_rank	1.30021216492479e-08	0.000446157308063191	0.000732243104710764
EG.ELC.NUCL.ZS_max2	1.26614433075734e-08	0.000158230208092178	0.000244081034903588
IS.AIR.DPRT_tend2	1.24608793912891e-08	0.000712035936414802	0.00122040517451794
SH.MMR.RISK.ZS_delta1	1.18914376095024e-08	0.000379363408745591	0.000366121552355382
IS.AIR.PSGR_tend2	1.17922658345129e-08	0.000369636141854679	0.000488162069807176
DC.DAC.GBRL.CD_max2	1.16314626761569e-08	0.000125157500663075	0.000366121552355382
NE.CON.GOVT.CD_ratioavg2	1.14800001298409e-08	0.000239939249975844	0.000366121552355382
BM.KLT.DINV.WD.GD.ZS_delta1	1.13801753118648e-08	3.04787695915261e-05	0.000122040517451794
FM.LBL.BMNY.GD.ZS_ratiomax2	1.13776406790307e-08	0.000137478705391565	0.000122040517451794
AG.LND.ARBL.ZS	1.13487971720425e-08	5.31757256703222e-05	0.000244081034903588
IS.AIR.GOOD.MT.K1_delta1	1.09733153745683e-08	0.000405302787121358	0.000366121552355382
EG.USE.ELEC.KH.PC_rank	1.09667846213062e-08	0.0002781998330801	0.000244081034903588
FM.LBL.BMNY.GD.ZS_tend2	1.09430118602558e-08	0.000697120793848736	0.000732243104710764
TM.VAL.FOOD.ZS.UN_delta1	1.07531415135785e-08	0.000721763203305714	0.000976324139614352
AG.LND.ARBL.HA.PC_ratioavg2	1.05674465194808e-08	0.000118672656069134	0.000366121552355382
NV.AGR.TOTL.CD_isNA_rank	1.05441976491315e-08	0.000347587670235277	0.000366121552355382
DC.DAC.JPNL.CD_min2	1.05368119849827e-08	0.000242533187813421	0.000366121552355382
EG.ELC.NGAS.ZS_avg2	1.0464223165962e-08	6.80908682363882e-05	0.000244081034903588
IS.AIR.GOOD.MT.K1	1.04275008751749e-08	0.000605036000614763	0.000366121552355382
SP.POP.1564.TO.ZS	1.0244568456393e-08	9.66241844497318e-05	0.000122040517451794
IS.AIR.GOOD.MT.K1_avg2	1.01724800176338e-08	8.235752634306e-05	0.000244081034903588
EN.GHG.CH4.MT.CE.AR5_delta1	1.01116432272155e-08	0.000221781685112807	0.000244081034903588
FP.CPI.TOTL.ZG	1.01063941969086e-08	0.000629029925612348	0.000488162069807176
NY.ADJ.DMIN.CD_isNA_rank	1.00578819232597e-08	0.00084692070396879	0.000854283622162558
BX.GRT.EXTA.CD.WD_max2	1.00397395609703e-08	4.08545209418329e-05	0.000122040517451794
NV.IND.MANF.CD_lag1	9.93379602114384e-09	0.000391036129014686	0.00061020258725897
TX.VAL.MRCH.R1.ZS_delta1	9.87032791562681e-09	0.000847569188428184	0.000854283622162558
BX.KLT.DINV.CD.WD_max2	9.77357991678648e-09	0.000233454405381902	0.000244081034903588
SH.IMM.IDPT_delta1	9.61956931855257e-09	6.29029925612348e-05	0.000122040517451794
TX.VAL.OTHR.ZS.WT_delta1	9.50579358885242e-09	0.000236048343219479	0.00061020258725897
BX.GSR.TRVL.ZS_isNA_rank	9.47098878330778e-09	0.000173793835117638	0.000488162069807176
SE.SEC.ENRR.FE_isNA_rank	9.31838884020758e-09	0.000160824145929755	0.000366121552355382
NY.GDP.TOTL.RT.ZS_delta1	9.29332620843956e-09	0.000992829707332479	0.000976324139614352
region	9.28627918690945e-09	0.000238642281057056	0.000122040517451794
EN.GHG.CH4.BU.MT.CE.AR5_ratioavg2	9.26095727382316e-09	0.00102460544584279	0.000976324139614352
NY.GDP.PCAP.KN_delta1	9.18587322656283e-09	0.000300248304699502	0.000244081034903588
DT.ODA.ODAT.KD_tend2	9.02229150014221e-09	0.000114781749312769	0.000244081034903588
TX.VAL.TRVL.ZS.WT	8.76842883225405e-09	0.000157581723632784	0.000244081034903588
FI.RES.XGLD.CD_avg2	8.68429651426579e-09	0.000386496737798927	0.000488162069807176
NE.EXP.GNFS.CD_min2	8.54545430754305e-09	0.000276254379701918	0.000244081034903588
DC.DAC.JPNL.CD_delta1	8.53720305162848e-09	0.00029376346010556	0.000366121552355382
EN.GHG.CH4.BU.MT.CE.AR5_max2	8.44465303112478e-09	4.79878499951688e-05	0.000122040517451794
EN.GHG.CH4.AG.MT.CE.AR5_avg2	8.42559931936207e-09	0.000221781685112807	0.000122040517451794
IS.AIR.DPRT_delta1	8.40880748354879e-09	0.000116727202690951	0.000244081034903588
BM.GSR.FCTY.CD_delta1	8.40496967893258e-09	2.59393783757669e-05	0.000122040517451794
BM.GSR.CMCP.ZS_tend2	8.40441099952143e-09	9.98666067467026e-05	0.000366121552355382
DC.DAC.GBRL.CD_delta1	8.32674949253274e-09	2.46424094569786e-05	0.000122040517451794
DC.DAC.CECL.CD_ratioavg2	8.20547781475711e-09	0.000282739224295859	0.000488162069807176
TX.VAL.MRCH.R1.ZS	8.14106845588434e-09	6.67938993175998e-05	0.000244081034903588
SE.SEC.ENRR.FE_rank	7.98950759394749e-09	0.000272363472945553	0.000488162069807176
NE.IMP.GNFS.CD_delta1	7.93131600139996e-09	0.000361205843882554	0.000366121552355382
NE.EXP.GNFS.ZS_lag1	7.9268759469305e-09	9.46787310715492e-05	0.000366121552355382
NE.CON.PRVT.CD_delta1	7.86915465808389e-09	8.17090418836658e-05	0.000244081034903588
EN.GHG.CO2.FE.MT.CE.AR5_tend2	7.84531352922021e-09	0.000152393847957631	0.000122040517451794
EG.ELC.COAL.ZS_tend2	7.82898226410885e-09	7.26302594521474e-05	0.000244081034903588
DC.DAC.FRAL.CD_ratiomax2	7.7936474754086e-09	0.000138127189850959	0.000244081034903588
FP.CPI.TOTL.ZG_ratioavg2	7.70156110025773e-09	0.000135533252013382	0.000244081034903588
NV.IND.TOTL.KD.ZG_lag1	7.63686869759207e-09	9.46787310715492e-05	0.000244081034903588
NY.ADJ.DNGY.GN.ZS_lag1	7.50757818600182e-09	6.41999614800231e-05	0.000122040517451794
FM.AST.NFRG.CN_isNA_rank	7.44174154632907e-09	0.00019584230673704	0.000244081034903588
AG.LND.TOTL.K2_tend2	7.42906562187432e-09	0.000649781428312961	0.00061020258725897
NY.GDP.FCST.CD_isNA_rank	7.40527439904534e-09	7.00363216145707e-05	0.000244081034903588
SP.POP.7579.FE.5Y_lag1	7.24000837751961e-09	4.47454276981979e-05	0.000122040517451794
FP.CPI.TOTL_delta1	7.23422456564666e-09	4.73393655357746e-05	0.000122040517451794
BM.GSR.TRAN.ZS_max2	7.23200281355819e-09	0.000328133136453451	0.000366121552355382
BX.GSR.FCTY.CD_avg2	7.20491536576148e-09	7.45757128303299e-05	0.000122040517451794
BX.KLT.DINV.WD.GD.ZS_ratioavg2	7.18187965696672e-09	0.000997369098548238	0.00109836465706615
BM.GSR.FCTY.CD_avg2	7.13910881898446e-09	0.000204272604709164	0.000122040517451794
NY.GDS.TOTL.CD	7.03754550934507e-09	3.43696763478912e-05	0.000122040517451794
DT.ODA.ODAT.KD_min2	6.93624957053222e-09	6.61454148582056e-05	0.000244081034903588
NY.GDP.MKTP.CN_delta1	6.82508663674473e-09	0.000854054033022126	0.000854283622162558
FM.LBL.BMNY.GD.ZS_min2	6.7631372525669e-09	0.000253557423623122	0.000366121552355382
NE.CON.PRVT.KD_delta1	6.70975789569856e-09	7.58726817491182e-05	0.000122040517451794
EN.GHG.CO2.PC.CE.AR5_delta1	6.6279467794342e-09	0.000570017839807478	0.000366121552355382
FD.AST.PRVT.GD.ZS_tend2	6.62180380218961e-09	0.000241884703354027	0.000366121552355382
DT.NFL.UNDP.CD_tend2	6.5423961586209e-09	0.000363151297260737	0.000732243104710764
AG.PRD.FOOD.XD_lag1	6.53855746495183e-09	0.000266527112811005	0.000366121552355382
NY.GDP.PCAP.KD_lag1	6.51715589320542e-09	0.000267175597270399	0.000244081034903588
EN.GHG.CH4.FE.MT.CE.AR5_delta1	6.36160423332964e-09	0.000418920960768636	0.000488162069807176
DT.ODA.ODAT.PC.ZS_delta1	6.2970083849571e-09	8.43029797212425e-05	0.000244081034903588
SP.DYN.LE00.MA.IN_rank	6.24692873263354e-09	0.000161472630389149	0.000122040517451794
MS.MIL.XPND.CD_min2	6.2077465018538e-09	4.73393655357746e-05	0.000122040517451794
TX.VAL.MRCH.HI.ZS_delta1	6.17734589676824e-09	0.000205569573627953	0.000244081034903588
EN.GHG.CO2.MT.CE.AR5_ratioavg2	6.17393425227463e-09	8.49514641806366e-05	0.000366121552355382
EN.GHG.ALL.PC.CE.AR5_ratioavg2	6.1695575500577e-09	0.000151745363498236	0.000122040517451794
BM.GSR.INSF.ZS_ratioavg2	6.07944341340445e-09	8.94908553963959e-05	0.000366121552355382
NY.ADJ.DRES.GN.ZS_isNA_rank	6.0322256446727e-09	0.000276902864161312	0.000366121552355382
BM.GSR.TRVL.ZS_ratiomax2	6.02057095528319e-09	0.000102460544584279	0.000244081034903588
FS.AST.PRVT.GD.ZS_max2	5.90018052379428e-09	0.00048182395332987	0.000366121552355382
BX.TRF.PWKR.CD.DT_tend2	5.88377185593014e-09	0.000153042332417025	0.000244081034903588
FI.RES.TOTL.CD_ratioavg2	5.84178875364162e-09	0.000359908874963766	0.000976324139614352
SP.POP.65UP.TO.ZS_delta1	5.73847126645037e-09	0.000472096686438958	0.000244081034903588
FM.AST.DOMS.CN_tend2	5.71974577867498e-09	0.000495442126977148	0.000488162069807176
BM.GSR.GNFS.CD_lag1	5.68084422817529e-09	5.51211790485047e-05	0.000122040517451794
NY.ADJ.DMIN.GN.ZS_delta1	5.62322200107653e-09	0.000381957346583168	0.000732243104710764
NY.GDP.DEFL.KD.ZG_isNA_rank	5.62241585650444e-09	0.000186763524305522	0.000366121552355382
MS.MIL.XPND.GD.ZS_tend2	5.56530131764264e-09	0.000251611970244939	0.000366121552355382
TM.VAL.TRAN.ZS.WT_isNA_rank	5.52739872043321e-09	0.000114781749312769	0.000244081034903588
BX.GSR.TOTL.CD_max2	5.49293522344135e-09	0.000238642281057056	0.000122040517451794
AG.YLD.CREL.KG_tend2	5.48310242282217e-09	0.000121915078366105	0.000244081034903588
EN.GHG.CH4.BU.MT.CE.AR5_ratiomax2	5.45050552102106e-09	0.000102460544584279	0.000122040517451794
NE.CON.PRVT.KD_ratioavg2	5.38348876688331e-09	0.000143315065526112	0.000244081034903588
EG.ELC.FOSL.ZS_min2	5.26593494207356e-09	0.000394927035771051	0.000488162069807176
TX.VAL.TRAN.ZS.WT_lag1	5.15207534126281e-09	0.00017249686619885	0.000122040517451794
DC.DAC.DEUL.CD_isNA_rank	5.12586108494325e-09	0.00102136302354582	0.000732243104710764
SH.STA.MMRT	5.0701193672975e-09	3.24242229697086e-05	0.000122040517451794
DT.ODA.ODAT.GN.ZS_ratioavg2	4.9371640185462e-09	0.000201678666871588	0.000244081034903588
MS.MIL.MPRT.KD_rank	4.9233373267208e-09	0.000146557487823083	0.000244081034903588
TM.VAL.MRCH.R3.ZS_lag1	4.92068003715793e-09	0.000148502941201266	0.000244081034903588
BX.GSR.CMCP.ZS_rank	4.90202984248125e-09	2.59393783757669e-05	0.000122040517451794
EN.GHG.N2O.FE.MT.CE.AR5_delta1	4.87214652036278e-09	0.000945490341796704	0.000854283622162558
BX.GSR.FCTY.CD_isNA_rank	4.7855599315757e-09	0.000165363537145514	0.000366121552355382
DC.DAC.DEUL.CD_max2	4.73220986944855e-09	0.000137478705391565	0.000122040517451794
TM.VAL.INSF.ZS.WT	4.65868760958671e-09	0.000341751310100729	0.000488162069807176
FM.LBL.BMNY.GD.ZS_delta1	4.62712838327009e-09	0.000336563434425576	0.000488162069807176
BM.GSR.MRCH.CD_avg2	4.35775265645674e-09	5.12302722921397e-05	0.000122040517451794
NE.CON.PRVT.PC.KD_delta1	4.30253752842536e-09	0.000108296904718827	0.000122040517451794
BM.GSR.INSF.ZS_tend2	4.26269224231073e-09	0.0002781998330801	0.00061020258725897
NY.ADJ.AEDU.GN.ZS_delta1	4.24741377610561e-09	0.000313217993887386	0.000488162069807176
TX.VAL.MRCH.R3.ZS_lag1	4.22807113438992e-09	0.000676369291148122	0.000976324139614352
SH.MMR.RISK.ZS_lag1	4.1824674588046e-09	0.00158359904984057	0.000976324139614352
NE.CON.GOVT.CD_tend2	4.13784497431455e-09	0.00012580598512247	0.000244081034903588
NE.IMP.GNFS.ZS_delta1	4.001603142205e-09	0.000114133264853374	0.000244081034903588
TX.VAL.MRCH.R4.ZS	3.95334432933328e-09	0.00046626032630441	0.00061020258725897
NE.CON.GOVT.ZS_tend2	3.92517805719622e-09	0.000384551284420745	0.00061020258725897
NE.GDI.FTOT.CD_delta1	3.77347707490103e-09	9.98666067467026e-05	0.000244081034903588
EN.GHG.CO2.BU.MT.CE.AR5_ratioavg2	3.76669602988251e-09	0.000891017647207594	0.000976324139614352
NE.CON.TOTL.KD.ZG_max2	3.69915177341138e-09	0.000268472566189188	0.000366121552355382
TM.VAL.MRCH.R1.ZS_delta1	3.68178426414993e-09	0.00112641750596768	0.00134244569196973
SP.POP.7074.MA.5Y_delta1	3.67653612108195e-09	0.000104405997962462	0.000366121552355382
SP.URB.TOTL.IN.ZS_delta1	3.55896411122674e-09	0.000335914949966182	0.000244081034903588
SP.POP.7074.MA.5Y	3.5420763943255e-09	0.000167308990523697	0.000122040517451794
NV.AGR.TOTL.CD	3.44429155721005e-09	2.65878628351611e-05	0.000122040517451794
IT.MLT.MAIN_tend2	3.43728420814019e-09	0.00110696297218585	0.000732243104710764
SP.POP.DPND_delta1	3.42545639243472e-09	0.000140721127688536	0.000122040517451794
EN.GHG.CH4.WA.MT.CE.AR5_ratioavg2	3.41213941903919e-09	7.32787439115415e-05	0.000244081034903588
EN.GHG.N2O.AG.MT.CE.AR5_tend2	3.38035700454057e-09	0.000276902864161312	0.00061020258725897
NE.GDI.TOTL.ZS_lag1	3.37703385440178e-09	0.000195193822277646	0.000488162069807176
BM.GSR.NFSV.CD_ratioavg2	3.31637311359273e-09	0.000233454405381902	0.000488162069807176
NY.GDP.PETR.RT.ZS	3.25040435938821e-09	0.000121915078366105	0.000366121552355382
NY.GDP.FCST.CN_delta1	3.22265501586568e-09	0.00022372713849099	0.000488162069807176
NE.CON.TOTL.KD_max2	3.21515805985827e-09	0.000191302915521281	0.000122040517451794
NV.IND.TOTL.KD_delta1	3.16579321614364e-09	0.000305436180374655	0.000488162069807176
BX.GSR.TOTL.CD_delta1	3.12199955193251e-09	0.000153690816876419	0.000244081034903588
TM.VAL.MRCH.R6.ZS_lag1	3.06116956442943e-09	0.000151096879038842	0.000244081034903588
BM.GSR.CMCP.ZS_ratioavg2	3.05155176290843e-09	9.79211533685201e-05	0.000244081034903588
DC.DAC.CECL.CD_min2	2.99311260744973e-09	0.000208811995924924	0.000244081034903588
NY.ADJ.DFOR.CD_delta1	2.95483624736318e-09	0.00013683022093217	0.000366121552355382
DT.ODA.ALLD.KD_lag1	2.91257100541923e-09	0.000151745363498236	0.000122040517451794
NE.RSB.GNFS.CN_isNA_rank	2.9102700727328e-09	6.09575391830523e-05	0.000122040517451794
NV.AGR.TOTL.CN	2.9061614063507e-09	0.00103822361949007	0.00158652672687332
SP.DYN.IMRT.FE.IN_rank	2.89115958997532e-09	0.000163418083767332	0.000122040517451794
TM.VAL.MRCH.R5.ZS_delta1	2.83155699203982e-09	0.000325539198615875	0.000732243104710764
NE.CON.PRVT.KD.ZG_avg2	2.78238358947814e-09	0.000127751438500652	0.000122040517451794
BM.GSR.MRCH.CD_ratioavg2	2.77307528058416e-09	2.9830285132132e-05	0.000122040517451794
SP.POP.2529.MA.5Y	2.75211005322044e-09	0.00049414515805836	0.000366121552355382
TM.VAL.TRVL.ZS.WT	2.69921840066076e-09	0.000538242101297163	0.00061020258725897
DC.DAC.FRAL.CD_max2	2.69305908787423e-09	0.000249018032407362	0.000366121552355382
BM.TRF.PWKR.CD.DT_ratiomax2	2.66709662946141e-09	0.000256151361460698	0.000366121552355382
SH.MMR.RISK_rank	2.6635312059438e-09	0.00031386647834678	0.000244081034903588
TM.VAL.MRCH.HI.ZS_delta1	2.63172922228772e-09	0.000575205715482631	0.000854283622162558
BM.GSR.TRAN.ZS_lag1	2.62228154920905e-09	0.000240587734435238	0.000244081034903588
NY.GNP.MKTP.CD_lag1	2.61344057891724e-09	0.000239939249975844	0.000122040517451794
NE.GDI.FTOT.ZS_lag1	2.61124126311007e-09	0.000193248368899464	0.000244081034903588
NE.GDI.TOTL.CD_lag1	2.57351200163862e-09	0.000175739288495821	0.000122040517451794
SP.POP.1519.FE.5Y_delta1	2.56395012116483e-09	0.000236048343219479	0.000244081034903588
SP.DYN.CDRT.IN	2.54481106241167e-09	0.000127751438500652	0.000122040517451794
TM.VAL.MRCH.AL.ZS_lag1	2.52867401386135e-09	3.04787695915261e-05	0.000122040517451794
NE.RSB.GNFS.ZS_rank	2.45603105539028e-09	0.000397520973608628	0.000732243104710764
FS.AST.CGOV.GD.ZS_avg2	2.4175057348666e-09	6.7442383776994e-05	0.000122040517451794
AG.LND.TOTL.K2_ratioavg2	2.41741528547152e-09	0.000745757128303299	0.00061020258725897
ER.H2O.INTR.PC_ratioavg2	2.41092237119468e-09	0.000522678474271703	0.000488162069807176
TX.VAL.MRCH.R5.ZS	2.39125034185338e-09	0.000176387772955215	0.000244081034903588
TX.VAL.MRCH.R1.ZS_lag1	2.38047901648752e-09	0.00122628411271438	0.00122040517451794
SE.SEC.ENRL.GC	2.30014695221909e-09	0.000140072643229141	0.000366121552355382
SP.RUR.TOTL_delta1	2.28081425965461e-09	0.000261987721595246	0.000244081034903588
ER.FSH.AQUA.MT_tend2	2.25800477051019e-09	6.48484459394173e-05	0.000244081034903588
FP.CPI.TOTL_avg2	2.25605786724449e-09	0.000300896789158896	0.000366121552355382
SP.POP.6569.FE.5Y	2.19689592684208e-09	0.0002114059337625	0.000366121552355382
DC.DAC.USAL.CD_max2	2.12247220671872e-09	0.000122563562825499	0.000366121552355382
NY.ADJ.NNTY.PC.CD_delta1	2.12172869205837e-09	0.000167308990523697	0.000244081034903588
SP.URB.TOTL_rank	2.04886648171452e-09	0.000187412008764916	0.000122040517451794
AG.PRD.LVSK.XD_lag1	2.04617604398832e-09	0.000200381697952799	0.000244081034903588
EN.GHG.N2O.FE.MT.CE.AR5_ratioavg2	2.00522322445735e-09	0.00155376876470844	0.00170856724432512
EN.GHG.CH4.MT.CE.AR5_ratiomax2	1.98725760710125e-09	0.00030154527361829	0.000244081034903588
EN.POP.DNST_ratioavg2	1.97592968571053e-09	0.00161861721064786	0.000976324139614352
NE.EXP.GNFS.CD_rank	1.94782072719661e-09	4.53939121575921e-05	0.000122040517451794
NE.CON.PRVT.KD.ZG_lag1	1.93458787735059e-09	0.000300248304699502	0.000488162069807176
EG.ELC.PETR.ZS_ratioavg2	1.91093255626225e-09	0.000499333033733513	0.00061020258725897
AG.LND.AGRI.K2_lag1	1.90339496149437e-09	0.00435522162929127	0.00244081034903588
SE.PRM.ENRR_isNA_rank	1.86039999913902e-09	0.000126454469581864	0.000366121552355382
NY.GNP.MKTP.CD_delta1	1.85840677455187e-09	0.000184169586467945	0.000244081034903588
TM.VAL.INSF.ZS.WT_delta1	1.85815611651226e-09	7.26302594521474e-05	0.000244081034903588
TX.VAL.OTHR.ZS.WT_lag1	1.83305325177403e-09	0.000110890842556404	0.000244081034903588
EN.GHG.CO2.TR.MT.CE.AR5_tend2	1.832129706736e-09	0.000208811995924924	0.000244081034903588
EG.USE.PCAP.KG.OE_tend2	1.80707058006503e-09	0.00111409630123919	0.00122040517451794
DT.NFL.UNDP.CD_ratioavg2	1.80394742977164e-09	0.000177036257414609	0.000366121552355382
AG.LND.ARBL.HA_tend2	1.78358537901247e-09	0.000228266529706749	0.000488162069807176
EG.ELC.HYRO.ZS_avg2	1.77816927298763e-09	0.0020368896869571	0.00134244569196973
TM.VAL.MRCH.OR.ZS_delta1	1.77572290470267e-09	0.000225024107409778	0.000488162069807176
EG.ELC.HYRO.ZS_min2	1.75794920526162e-09	0.00246035003894149	0.00134244569196973
AG.CON.FERT.ZS_max2	1.74092697587863e-09	0.000451345183738344	0.000366121552355382
NY.GSR.NFCY.CD_lag1	1.74055014543697e-09	0.000108296904718827	0.000122040517451794
NY.GNP.ATLS.CD_lag1	1.72725431443495e-09	0.000185466555386733	0.000122040517451794
EN.GHG.CO2.PC.CE.AR5_lag1	1.72391031642991e-09	0.000249018032407362	0.000488162069807176
BX.GRT.EXTA.CD.WD_min2	1.72332174921093e-09	0.000107648420259433	0.000122040517451794
AG.LND.AGRI.K2_avg2	1.72299315506499e-09	0.000366393719557708	0.000244081034903588
SE.PRM.ENRR.MA_isNA_rank	1.71700383324977e-09	0.000213351387140683	0.000366121552355382
SP.POP.0004.FE.5Y_lag1	1.71689356655458e-09	0.00265165295446277	0.00134244569196973
BM.TRF.PWKR.CD.DT_min2	1.71593918615667e-09	0.000274308926323735	0.000732243104710764
BM.KLT.DINV.CD.WD_rank	1.6656635475814e-09	3.11272540509203e-05	0.000122040517451794
DT.ODA.ODAT.PC.ZS_tend2	1.66341340999555e-09	8.88423709370017e-05	0.000244081034903588
NE.CON.TOTL.KD.ZG_ratioavg2	1.65773514335195e-09	0.000183521102008551	0.000366121552355382
SP.POP.7579.FE.5Y_rank	1.65010605405473e-09	5.31757256703222e-05	0.000122040517451794
IS.AIR.GOOD.MT.K1_ratioavg2	1.64272574540569e-09	0.00139878097891323	0.00146448620942153
DT.ODA.ODAT.GN.ZS_ratiomax2	1.62099896744792e-09	2.91818006727378e-05	0.000122040517451794
BX.GSR.TRVL.ZS_avg2	1.61727142883405e-09	0.000124509016203681	0.000244081034903588
NY.ADJ.DMIN.CD_lag1	1.57824219153335e-09	4.53939121575921e-05	0.000122040517451794
DT.ODA.ODAT.GN.ZS_tend2	1.57751878819965e-09	0.000160824145929755	0.000244081034903588
TX.VAL.MRCH.R2.ZS_delta1	1.57166319440711e-09	0.000492848189139571	0.000732243104710764
SP.POP.7579.MA.5Y_lag1	1.55839870132652e-09	0.000201678666871588	0.000122040517451794
TX.VAL.TRVL.ZS.WT_lag1	1.53816229607695e-09	0.000300248304699502	0.000366121552355382
SP.POP.7074.FE.5Y_lag1	1.51023864994377e-09	0.000120618109447316	0.000122040517451794
SP.POP.TOTL.FE.ZS	1.4887787539328e-09	0.000156284754713996	0.000366121552355382
FM.LBL.BMNY.GD.ZS_max2	1.4881347606704e-09	0.00021594532497826	0.000244081034903588
EG.USE.PCAP.KG.OE_avg2	1.46242733467175e-09	3.04787695915261e-05	0.000122040517451794
SE.SEC.ENRR.MA	1.45534319762713e-09	0.000160824145929755	0.000366121552355382
SP.POP.3034.FE.5Y	1.45495714753145e-09	0.000118024171609739	0.000244081034903588
BX.KLT.DINV.CD.WD_lag1	1.43607140035085e-09	0.000158878692551572	0.000122040517451794
NV.IND.TOTL.CD_lag1	1.41528521283616e-09	0.000103757513503068	0.000122040517451794
SP.RUR.TOTL.ZG_lag1	1.40448097539122e-09	0.000363799781720131	0.000488162069807176
DT.ODA.ALLD.CD_tend2	1.39795188164228e-09	0.000130993860797623	0.000244081034903588
EN.GHG.N2O.TR.MT.CE.AR5_avg2	1.37567474521055e-09	3.3721191888497e-05	0.000122040517451794
FS.AST.PRVT.GD.ZS_rank	1.35608435012936e-09	0.000177036257414609	0.000244081034903588
DT.ODA.ALLD.CD_lag1	1.34171747348497e-09	0.000137478705391565	0.000122040517451794
NV.AGR.TOTL.CN_lag1	1.28229201842022e-09	0.000695175340470553	0.000732243104710764
TX.VAL.MANF.ZS.UN_lag1	1.2550024510599e-09	0.000503223940489878	0.000366121552355382
FD.AST.PRVT.GD.ZS_ratiomax2	1.23726193777192e-09	0.000111539327015798	0.000122040517451794
MS.MIL.XPND.CD_max2	1.23285322183615e-09	0.000202975635790376	0.000122040517451794
IS.AIR.DPRT_avg2	1.23227713496537e-09	0.000215296840518865	0.000244081034903588
SH.MMR.RISK.ZS_rank	1.22359933626422e-09	9.33817621527609e-05	0.000122040517451794
NV.AGR.TOTL.ZS_rank	1.20470509950808e-09	0.000864429784372432	0.00061020258725897
NY.GDP.DEFL.KD.ZG_delta1	1.17236414616962e-09	0.0011575447600186	0.00183060776177691
EN.GHG.N2O.AG.MT.CE.AR5_ratioavg2	1.15894019118378e-09	0.000297654366861925	0.000366121552355382
TX.VAL.MMTL.ZS.UN	1.14733954336419e-09	0.00033721191888497	0.00061020258725897
DT.ODA.ODAT.KD_max2	1.14011952678897e-09	0.000112187811475192	0.000244081034903588
EN.GHG.CH4.TR.MT.CE.AR5_ratioavg2	1.12283869392556e-09	0.000228266529706749	0.000366121552355382
SP.POP.0014.FE.ZS	1.11451525707926e-09	6.29029925612348e-05	0.000122040517451794
TM.VAL.MRCH.WR.ZS	1.10476839942045e-09	0.000336563434425576	0.000488162069807176
BX.GSR.GNFS.CD_isNA_rank	1.08956548127764e-09	0.000520084536434127	0.00061020258725897
BX.GSR.CMCP.ZS_avg2	1.07990181082957e-09	6.09575391830523e-05	0.000122040517451794
EN.URB.LCTY.UR.ZS_tend2	1.07262007705145e-09	4.15030054012271e-05	0.000122040517451794
EN.GHG.CO2.RT.GDP.KD_delta1	1.07092522909079e-09	0.00016471505268612	0.000244081034903588
BX.GSR.NFSV.CD	1.06130995031753e-09	3.3721191888497e-05	0.000122040517451794
FS.AST.PRVT.GD.ZS_ratiomax2	1.03854798278758e-09	3.89090675636504e-05	0.000122040517451794
SP.POP.1519.MA.5Y_rank	1.03814407636803e-09	0.000104405997962462	0.000122040517451794
SP.POP.5054.MA.5Y_rank	1.03615378346688e-09	2.78848317539494e-05	0.000122040517451794
EN.GHG.CO2.BU.MT.CE.AR5_lag1	1.02986096180106e-09	0.000218539262815836	0.000244081034903588
NE.CON.PRVT.ZS_isNA_rank	1.01749535463662e-09	0.000276254379701918	0.000488162069807176
EN.GHG.N2O.IC.MT.CE.AR5_delta1	1.00939447628843e-09	6.03090547236581e-05	0.000122040517451794
AG.CON.FERT.ZS_avg2	1.00460686881942e-09	0.00106935087354099	0.000732243104710764
NV.AGR.TOTL.CD_lag1	1.00327889557575e-09	5.70666324266872e-05	0.000122040517451794
AG.LND.CREL.HA_delta1	9.74155653295746e-10	0.000505817878327455	0.000854283622162558
TM.VAL.SERV.CD.WT_delta1	9.47580272018474e-10	0.000258096814838881	0.000488162069807176
NE.CON.GOVT.CD_rank	9.37777983105674e-10	9.79211533685201e-05	0.000244081034903588
BM.KLT.DINV.CD.WD_avg2	9.16100737078599e-10	4.60423966169863e-05	0.000122040517451794
BM.GSR.INSF.ZS_ratiomax2	9.15918315572092e-10	8.49514641806366e-05	0.000244081034903588
SP.URB.GROW_delta1	8.83269377840824e-10	0.000145909003363689	0.000244081034903588
TX.VAL.MRCH.CD.WT	8.80936388083629e-10	0.000162121114848543	0.000122040517451794
SH.DTH.MORT_delta1	8.60538687047235e-10	2.46424094569786e-05	0.000122040517451794
ER.FSH.PROD.MT_ratioavg2	8.53587814219775e-10	0.000139424158769747	0.000366121552355382
AG.LND.ARBL.HA.PC_max2	8.53523689878766e-10	0.00134949615999927	0.00109836465706615
NE.EXP.GNFS.CD_delta1	8.3999495009667e-10	0.000137478705391565	0.000122040517451794
SP.POP.0004.MA.5Y_delta1	8.18747471571397e-10	5.83636013454756e-05	0.000244081034903588
IT.MLT.MAIN.P2_rank	8.15231751644954e-10	6.03090547236581e-05	0.000122040517451794
NE.CON.PRVT.ZS_ratiomax2	8.12788144484831e-10	2.46424094569786e-05	0.000122040517451794
AG.LND.AGRI.K2	8.10140758384641e-10	0.000651726881691144	0.000488162069807176
TM.VAL.MRCH.R4.ZS_lag1	8.05639747845733e-10	5.05817878327455e-05	0.000122040517451794
EN.GHG.N2O.IC.MT.CE.AR5_ratioavg2	7.89107019402493e-10	0.000330727074291028	0.00061020258725897
SP.POP.4549.MA.5Y	7.7876088318325e-10	0.000631623863449924	0.000366121552355382
NE.CON.TOTL.CD	7.72515152947543e-10	3.3721191888497e-05	0.000122040517451794
SE.PRM.TCHR_isNA_rank	7.69913478050579e-10	0.000105054482421856	0.000244081034903588
EN.GHG.CO2.PI.MT.CE.AR5	7.66617585660267e-10	7.45757128303299e-05	0.000122040517451794
NE.EXP.GNFS.KD.ZG_rank	7.56705791487794e-10	0.000175090804036427	0.000244081034903588
EN.GHG.N2O.WA.MT.CE.AR5_avg2	7.53471098656691e-10	8.235752634306e-05	0.000122040517451794
TX.VAL.TRAN.ZS.WT_isNA_rank	7.45776056972519e-10	0.001424720357289	0.00122040517451794
NE.CON.GOVT.ZS_delta1	7.45489670402747e-10	9.20847932339725e-05	0.000244081034903588
TX.VAL.TRVL.ZS.WT_delta1	7.25091533815123e-10	0.000151096879038842	0.000366121552355382
EN.GHG.ALL.MT.CE.AR5_ratiomax2	7.2140260466325e-10	0.000138775674310353	0.000244081034903588
ER.FSH.AQUA.MT_rank	7.2068200753209e-10	8.49514641806366e-05	0.000122040517451794
DC.DAC.GBRL.CD	7.11628015954165e-10	0.000119969624987922	0.000244081034903588
EN.GHG.CO2.IP.MT.CE.AR5_min2	7.09945566640038e-10	0.000123860531744287	0.000122040517451794
BM.GSR.TRAN.ZS_rank	7.03139209908795e-10	0.000191951399980675	0.000244081034903588
SP.POP.4044.MA.5Y_rank	7.02403881464819e-10	0.000114781749312769	0.000122040517451794
TM.VAL.MMTL.ZS.UN_rank	6.95571566943205e-10	4.34484587794096e-05	0.000122040517451794
NY.GDP.MKTP.KN_isNA_rank	6.82819483953766e-10	0.000135533252013382	0.000244081034903588
AG.LND.ARBL.HA_ratioavg2	6.82585415314889e-10	0.000114133264853374	0.000122040517451794
NE.EXP.GNFS.KD.ZG	6.71134557231637e-10	0.000193896853358858	0.000488162069807176
SP.ADO.TFRT_delta1	6.71093425849076e-10	0.00063097537899053	0.00134244569196973
AG.LND.PRCP.MM	6.51981900776448e-10	2.91818006727378e-05	0.000122040517451794
FM.AST.PRVT.GD.ZS_ratioavg2	6.40651338618665e-10	2.91818006727378e-05	0.000122040517451794
FD.AST.PRVT.GD.ZS_avg2	6.394938826135e-10	0.00019584230673704	0.000122040517451794
SE.SEC.ENRR.MA_rank	6.39091683592298e-10	0.0001335877986352	0.000244081034903588
SP.POP.4549.FE.5Y_rank	6.38999910931584e-10	6.48484459394173e-05	0.000122040517451794
MS.MIL.MPRT.KD_ratioavg2	6.23133805155166e-10	0.000316460416184356	0.000366121552355382
EN.URB.LCTY_tend2	6.2227843652031e-10	0.000275605895242523	0.000366121552355382
SP.POP.TOTL.MA.ZS_lag1	6.22113034755197e-10	0.000365096750638919	0.000732243104710764
EN.GHG.CH4.PI.MT.CE.AR5	6.19600984567235e-10	0.000131642345257017	0.000122040517451794
BX.GRT.EXTA.CD.WD_isNA_rank	6.11715738669685e-10	0.000110242358097009	0.000244081034903588
NE.CON.PRVT.CD_tend2	6.08010849507888e-10	0.000253557423623122	0.000366121552355382
BX.TRF.CURR.CD_ratiomax2	5.97152804838246e-10	6.87393526957823e-05	0.000122040517451794
FS.AST.PRVT.GD.ZS	5.78570546201319e-10	0.000161472630389149	0.000366121552355382
BX.GSR.TOTL.CD_isNA_rank	5.69739610782671e-10	5.38242101297163e-05	0.000244081034903588
AG.PRD.CROP.XD	5.64960488824963e-10	0.000156284754713996	0.000366121552355382
AG.LND.ARBL.ZS_tend2	5.6259177417523e-10	0.000193248368899464	0.000488162069807176
AG.LND.ARBL.ZS_lag1	5.61877581663645e-10	7.19817749927532e-05	0.000122040517451794
SE.PRM.ENRL_isNA_rank	5.55429674372242e-10	0.00018806049322431	0.000244081034903588
TM.VAL.TRAN.ZS.WT_delta1	5.41923075132934e-10	0.000279496801998888	0.00061020258725897
NV.IND.TOTL.CN	5.37525065868627e-10	2.91818006727378e-05	0.000122040517451794
TX.VAL.MRCH.R3.ZS	5.32756367648642e-10	0.000154339301335813	0.000244081034903588
SP.POP.2529.MA.5Y_delta1	5.23182289551964e-10	0.000147854456741871	0.000366121552355382
NE.IMP.GNFS.ZS_lag1	5.20478789353089e-10	0.000167957474983091	0.000244081034903588
AG.PRD.CREL.MT_delta1	4.98665022322604e-10	0.000120618109447316	0.000244081034903588
NE.CON.PRVT.ZS_tend2	4.78862545420388e-10	0.000143315065526112	0.000244081034903588
SH.DYN.MORT.FE_rank	4.6941342462172e-10	3.43696763478912e-05	0.000122040517451794
ER.FSH.CAPT.MT_ratiomax2	4.64136123137239e-10	7.06848060739648e-05	0.000122040517451794
BX.GSR.GNFS.CD_delta1	4.49846212808596e-10	0.000123860531744287	0.000122040517451794
EG.ELC.PETR.ZS_delta1	4.41769364966534e-10	3.43696763478912e-05	0.000122040517451794
EG.USE.ELEC.KH.PC_ratioavg2	4.40536172163396e-10	0.00074121773708754	0.00061020258725897
EG.ELC.FOSL.ZS_avg2	4.33617524988058e-10	7.00363216145707e-05	0.000122040517451794
SE.PRM.ENRL.FE.ZS_lag1	4.31025823427472e-10	0.000146557487823083	0.000244081034903588
EN.GHG.N2O.MT.CE.AR5_delta1	4.29783905498633e-10	0.000150448394579448	0.000244081034903588
AG.PRD.CROP.XD_delta1	4.29550695561069e-10	0.000127751438500652	0.000244081034903588
EN.GHG.CH4.PI.MT.CE.AR5_tend2	4.29310559322041e-10	0.000182872617549157	0.000122040517451794
MS.MIL.XPND.GD.ZS_delta1	4.23713613360162e-10	6.03090547236581e-05	0.000244081034903588
NV.IND.MANF.ZS_rank	4.18465377065376e-10	0.000435781556712884	0.00061020258725897
BX.GSR.TRVL.ZS_ratiomax2	4.16463914143156e-10	0.000156284754713996	0.000244081034903588
NY.GDP.FCST.KD_delta1	4.16025906443511e-10	6.48484459394173e-05	0.000122040517451794
SP.DYN.LE00.MA.IN_delta1	4.12660064077503e-10	4.99333033733513e-05	0.000122040517451794
BX.GSR.GNFS.CD_ratioavg2	4.10567554873552e-10	0.000140072643229141	0.000244081034903588
SH.DTH.NMRT_delta1	4.04846064082086e-10	0.00059984812493961	0.00109836465706615
TM.VAL.MRCH.HI.ZS_lag1	3.97694910766876e-10	0.000162121114848543	0.000244081034903588
TX.VAL.MANF.ZS.UN_isNA_rank	3.97057378841063e-10	0.000210108964843712	0.000244081034903588
IT.CEL.SETS.P2_delta1	3.91389455754186e-10	0.000258096814838881	0.000488162069807176
BX.GRT.EXTA.CD.WD_ratiomax2	3.90622150159914e-10	0.000345642216857094	0.000244081034903588
SP.DYN.CBRT.IN	3.88715002889199e-10	0.000238642281057056	0.000122040517451794
IT.MLT.MAIN_ratioavg2	3.86580042576988e-10	0.000161472630389149	0.000488162069807176
FM.AST.PRVT.GD.ZS_isNA_rank	3.84731010627126e-10	0.00010570296688125	0.000244081034903588
IS.AIR.DPRT_ratioavg2	3.76966590962372e-10	0.00101422969449249	0.00134244569196973
NE.GDI.TOTL.ZS	3.74854303157041e-10	0.000289224068889801	0.000244081034903588
TX.VAL.MRCH.R2.ZS_lag1	3.71171031429547e-10	0.000130345376338229	0.000244081034903588
NY.GNP.MKTP.CN_isNA_rank	3.69708755633147e-10	9.013933985579e-05	0.000244081034903588
IT.MLT.MAIN_ratiomax2	3.68914250997036e-10	8.10605574242716e-05	0.000244081034903588
AG.LND.AGRI.K2_min2	3.66654510275769e-10	0.000151096879038842	0.000244081034903588
ER.FSH.AQUA.MT	3.54736922246362e-10	0.00013683022093217	0.000122040517451794
TM.VAL.FOOD.ZS.UN_lag1	3.52458266866854e-10	0.000188708977683704	0.000366121552355382
BX.GSR.FCTY.CD_max2	3.46189891249827e-10	0.000667938993175998	0.000366121552355382
EN.GHG.N2O.TR.MT.CE.AR5_ratioavg2	3.36773017499168e-10	0.000614114783046282	0.000854283622162558
AG.LND.ARBL.ZS_avg2	3.33055657830618e-10	7.32787439115415e-05	0.000122040517451794
EN.GHG.CO2.PC.CE.AR5_min2	3.33032835550576e-10	0.000328781620912846	0.000244081034903588
NE.CON.GOVT.ZS_ratioavg2	3.31905821757493e-10	0.00015693323917339	0.000366121552355382
FP.CPI.TOTL.ZG_isNA_rank	3.28582047418917e-10	8.94908553963959e-05	0.000244081034903588
SP.POP.0014.FE.IN_lag1	3.25606275543332e-10	0.000269769535107976	0.000244081034903588
NV.SRV.TOTL.KD.ZG_delta1	3.16270909338328e-10	0.000407248240499541	0.00061020258725897
EN.GHG.CO2.BU.MT.CE.AR5	3.13451683597011e-10	9.72726689091259e-05	0.000122040517451794
ER.FSH.PROD.MT_lag1	3.13379946188679e-10	3.24242229697086e-05	0.000122040517451794
DT.ODA.ALLD.CD_delta1	3.1212676916414e-10	4.15030054012271e-05	0.000122040517451794
SM.POP.RHCR.EA	3.09935156658072e-10	5.31757256703222e-05	0.000244081034903588
NE.CON.TOTL.KD.ZG_ratiomax2	3.03425066886248e-10	2.59393783757669e-05	0.000122040517451794
EG.ELC.HYRO.ZS_max2	3.03204611101972e-10	0.00116078718231557	0.000976324139614352
BX.KLT.DINV.WD.GD.ZS_rank	3.01529601288153e-10	0.00012904840741944	0.000244081034903588
AG.LND.ARBL.ZS_ratioavg2	3.00939865234952e-10	0.00022372713849099	0.000366121552355382
SE.PRM.ENRR_rank	2.97159915411281e-10	9.85696378279143e-05	0.000244081034903588
TM.VAL.FUEL.ZS.UN	2.95796558020057e-10	0.000160175661470361	0.000244081034903588
NE.CON.PRVT.PC.KD_ratioavg2	2.95243894337872e-10	0.000244478641191603	0.000244081034903588
BX.TRF.PWKR.DT.GD.ZS_tend2	2.94572331658596e-10	0.00101941757016764	0.00109836465706615
DT.ODA.ODAT.GN.ZS_avg2	2.91882120381968e-10	4.02060364824387e-05	0.000122040517451794
NY.ADJ.DNGY.CD_rank	2.9187758510513e-10	5.2527241210928e-05	0.000122040517451794
MS.MIL.XPND.GD.ZS_ratioavg2	2.85177083423501e-10	0.000526569381028068	0.000732243104710764
BM.GSR.CMCP.ZS	2.77810834782349e-10	0.000149799910120054	0.000366121552355382
DT.ODA.ODAT.CD_isNA_rank	2.71937546857853e-10	5.90120858048697e-05	0.000122040517451794
EN.GHG.CH4.FE.MT.CE.AR5_lag1	2.68792759220532e-10	3.63151297260737e-05	0.000122040517451794
ER.FSH.AQUA.MT_ratioavg2	2.68502008723392e-10	0.00318470718008478	0.00292897241884306
DT.ODA.ODAT.KD_avg2	2.63949216948423e-10	0.000112187811475192	0.000122040517451794
DT.ODA.ALLD.CD_min2	2.56500064759741e-10	0.000206218058087347	0.000244081034903588
BX.GSR.TRAN.ZS_min2	2.52333252487057e-10	0.000160175661470361	0.000122040517451794
BG.GSR.NFSV.GD.ZS_lag1	2.45924316062524e-10	8.04120729648774e-05	0.000244081034903588
SP.DYN.LE00.MA.IN_lag1	2.44627763783701e-10	0.000238642281057056	0.000122040517451794
NY.ADJ.DMIN.GN.ZS_rank	2.44526813856915e-10	3.95575520230445e-05	0.000122040517451794
EG.ELC.HYRO.ZS_rank	2.39210162176343e-10	3.43696763478912e-05	0.000122040517451794
BM.GSR.NFSV.CD_tend2	2.38979269898634e-10	0.000245775610110392	0.000366121552355382
SE.SEC.AGES_rank	2.38110899025256e-10	0.000298951335780714	0.000488162069807176
EG.ELC.FOSL.ZS	2.3774440738909e-10	0.000123860531744287	0.000244081034903588
NY.GDP.FCST.CD_delta1	2.35221307648349e-10	0.000304139211455867	0.000366121552355382
NE.CON.PRVT.KD.ZG_ratiomax2	2.32927503198878e-10	7.39272283709357e-05	0.000244081034903588
NE.CON.TOTL.CD_delta1	2.29064207659028e-10	0.000189357462143098	0.000244081034903588
AG.LND.AGRI.ZS_tend2	2.25525994760328e-10	6.54969303988115e-05	0.000244081034903588
EN.GHG.CO2.IC.MT.CE.AR5_ratioavg2	2.25439220908422e-10	3.04787695915261e-05	0.000122040517451794
SP.POP.2529.FE.5Y_rank	2.23202128913006e-10	2.46424094569786e-05	0.000122040517451794
SE.PRM.TCHR_delta1	2.22221153834775e-10	0.000379363408745591	0.00061020258725897
SP.POP.BRTH.MF_rank	2.21650486542312e-10	0.000338508887803758	0.000366121552355382
BM.KLT.DINV.WD.GD.ZS_avg2	2.20732203808176e-10	4.02060364824387e-05	0.000122040517451794
TX.VAL.FUEL.ZS.UN_rank	2.20668925024622e-10	0.000127102954041258	0.000244081034903588
FI.RES.TOTL.MO_rank	2.1949068511292e-10	2.46424094569786e-05	0.000122040517451794
SH.STA.MMRT_delta1	2.19393780826064e-10	0.000252260454704333	0.00061020258725897
BM.KLT.DINV.WD.GD.ZS_rank	2.19273838854358e-10	9.92181222873085e-05	0.000244081034903588
SH.STA.MMRT_rank	2.17444354864726e-10	5.12302722921397e-05	0.000122040517451794
NE.CON.GOVT.CD_min2	2.16752631773638e-10	5.70666324266872e-05	0.000122040517451794
TX.VAL.MRCH.R5.ZS_lag1	2.12545995869559e-10	0.00037612098644862	0.000488162069807176
NY.GDP.MKTP.KD.ZG_lag1	2.12488859200511e-10	0.0001335877986352	0.000366121552355382
SH.MMR.DTHS_lag1	2.07374685831033e-10	0.000820981325593023	0.00061020258725897
NV.IND.TOTL.CD_delta1	2.05809910817627e-10	0.000166660506064302	0.000244081034903588
EN.GHG.N2O.FE.MT.CE.AR5_max2	2.0389995229012e-10	0.000129696891878835	0.000244081034903588
EN.GHG.CH4.TR.MT.CE.AR5_tend2	2.03853787350787e-10	0.000319054354021933	0.00061020258725897
EG.ELC.NGAS.ZS	2.03454949978487e-10	0.000177684741874003	0.000244081034903588
NY.GDP.PCAP.KD.ZG_delta1	2.01381458090703e-10	4.21514898606212e-05	0.000122040517451794
TM.VAL.AGRI.ZS.UN_delta1	1.95942707003481e-10	0.000212702902681289	0.000244081034903588
NE.DAB.TOTL.CD_delta1	1.95919437448435e-10	3.24242229697086e-05	0.000122040517451794
EN.GHG.N2O.TR.MT.CE.AR5_ratiomax2	1.89169664965266e-10	8.235752634306e-05	0.000122040517451794
BX.TRF.PWKR.CD.DT_max2	1.80367930497616e-10	0.000303490726996473	0.000366121552355382
TX.VAL.TRVL.ZS.WT_isNA_rank	1.78725893657715e-10	8.49514641806366e-05	0.000244081034903588
NE.CON.PRVT.KD.ZG_isNA_rank	1.74558896670458e-10	0.00032943010537224	0.00061020258725897
DC.DAC.CANL.CD_delta1	1.73525320053469e-10	0.000151745363498236	0.000366121552355382
SE.PRM.ENRR.MA	1.71820644287547e-10	0.000660157179663268	0.00061020258725897
SP.POP.TOTL.MA.IN_delta1	1.70481626362984e-10	0.000743811674925116	0.00061020258725897
IT.MLT.MAIN.P2_avg2	1.69113923802431e-10	5.38242101297163e-05	0.000122040517451794
EN.GHG.CH4.FE.MT.CE.AR5_max2	1.65953556155267e-10	3.50181608072853e-05	0.000122040517451794
SP.POP.4044.FE.5Y_rank	1.61280580309403e-10	0.000213351387140683	0.000122040517451794
NY.GDP.DEFL.ZS_isNA_rank	1.60908134350795e-10	0.000264581659432823	0.00061020258725897
AG.LND.AGRI.ZS_ratioavg2	1.5963613353052e-10	0.000132939314175805	0.000244081034903588
TX.VAL.MANF.ZS.UN_delta1	1.59523551001622e-10	0.000790502556001497	0.000854283622162558
EN.GHG.CO2.RT.GDP.KD_min2	1.54511906393061e-10	4.02060364824387e-05	0.000122040517451794
TM.VAL.MRCH.HI.ZS	1.49179741397894e-10	2.9830285132132e-05	0.000122040517451794
NY.ADJ.DKAP.GN.ZS_rank	1.47387506704053e-10	8.55999486400308e-05	0.000122040517451794
EN.GHG.N2O.IP.MT.CE.AR5_delta1	1.4529685663013e-10	0.000208811995924924	0.000366121552355382
TX.VAL.FUEL.ZS.UN	1.45242909631989e-10	0.000312569509427991	0.000732243104710764
EG.ELC.NGAS.ZS_ratioavg2	1.42370883438549e-10	0.000202975635790376	0.000488162069807176
SP.POP.DPND.YG	1.4176501729603e-10	0.000252260454704333	0.000122040517451794
EN.GHG.N2O.WA.MT.CE.AR5_ratiomax2	1.40314929222441e-10	0.000210757449303106	0.000122040517451794
SP.POP.GROW	1.39205640525102e-10	0.000138775674310353	0.000122040517451794
DC.DAC.FRAL.CD_delta1	1.39040783212053e-10	3.95575520230445e-05	0.000122040517451794
SP.POP.1564.FE.ZS_lag1	1.35276263333917e-10	0.000206218058087347	0.000122040517451794
SE.PRM.ENRL_lag1	1.23818221547229e-10	7.58726817491182e-05	0.000244081034903588
EN.GHG.N2O.FE.MT.CE.AR5_lag1	1.22584988069108e-10	0.000184818070927339	0.000244081034903588
BX.KLT.DINV.CD.WD_ratioavg2	1.22082776189349e-10	0.000202975635790376	0.000244081034903588
NY.GNP.PCAP.CN_delta1	1.21975143398752e-10	0.00020816351146553	0.000366121552355382
MS.MIL.MPRT.KD_ratiomax2	1.21220171953818e-10	0.000118672656069134	0.000244081034903588
BX.GSR.TRVL.ZS_ratioavg2	1.21128240475045e-10	0.000129696891878835	0.000366121552355382
EN.GHG.CO2.PC.CE.AR5	1.19648459677219e-10	0.000152393847957631	0.000122040517451794
NE.RSB.GNFS.CD_rank	1.17880505388271e-10	0.000162769599307937	0.000244081034903588
FM.AST.DOMS.CN_isNA_rank	1.17479698630363e-10	0.000191951399980675	0.000488162069807176
BM.GSR.FCTY.CD_min2	1.17429268686262e-10	2.59393783757669e-05	0.000122040517451794
DC.DAC.JPNL.CD_ratiomax2	1.10937066579848e-10	2.59393783757669e-05	0.000122040517451794
FI.RES.TOTL.MO_lag1	1.09367353910142e-10	4.53939121575921e-05	0.000122040517451794
ER.FSH.CAPT.MT_delta1	1.08027547679015e-10	0.000300896789158896	0.000244081034903588
TX.VAL.MRCH.OR.ZS_rank	1.06807576967728e-10	0.000108296904718827	0.000122040517451794
IS.AIR.GOOD.MT.K1_max2	1.05533339042952e-10	0.000581690560076573	0.000366121552355382
NV.AGR.TOTL.KD	1.04976147144246e-10	7.91151040460891e-05	0.000244081034903588
SP.POP.3034.MA.5Y_delta1	1.00451449856538e-10	0.000291169522267984	0.00061020258725897
DT.NFL.UNDP.CD_lag1	9.94244597437069e-11	2.46424094569786e-05	0.000122040517451794
SP.POP.TOTL.MA.IN_lag1	9.60784392052893e-11	3.43696763478912e-05	0.000122040517451794
TM.VAL.AGRI.ZS.UN_rank	9.4748949478433e-11	0.000273011957404947	0.000488162069807176
NE.IMP.GNFS.ZS_isNA_rank	9.39578575547731e-11	0.000541484523594134	0.00061020258725897
TM.VAL.MMTL.ZS.UN_isNA_rank	8.8616815005304e-11	3.50181608072853e-05	0.000122040517451794
MS.MIL.XPND.CD_rank	8.79054626431008e-11	0.00012126659390671	0.000244081034903588
YearsSinceFirst_rank	8.69918610588604e-11	0.000182872617549157	0.000366121552355382
EG.USE.PCAP.KG.OE_ratioavg2	8.47581494378195e-11	0.000313217993887386	0.000244081034903588
EN.GHG.CH4.FE.MT.CE.AR5_ratiomax2	8.30272863886505e-11	0.000132939314175805	0.000244081034903588
NV.SRV.TOTL.KD	8.22637325810167e-11	0.000112836295934586	0.000244081034903588
EN.GHG.CH4.BU.MT.CE.AR5_delta1	8.1949377805313e-11	0.000184818070927339	0.000366121552355382
EN.GHG.CH4.IC.MT.CE.AR5_delta1	8.18659337136439e-11	0.000216593809437654	0.000244081034903588
EN.URB.LCTY.UR.ZS	8.12886713391278e-11	0.00010570296688125	0.000244081034903588
NV.AGR.TOTL.ZS_lag1	8.11178011889788e-11	0.00038066037766438	0.000488162069807176
NE.CON.PRVT.KD	8.01159721351211e-11	2.46424094569786e-05	0.000122040517451794
NE.DAB.TOTL.CD_tend2	7.69460904108855e-11	0.000101163575665491	0.000244081034903588
DC.DAC.CECL.CD_isNA_rank	7.69004808658058e-11	0.000102460544584279	0.000244081034903588
SP.POP.0509.FE.5Y_delta1	7.68639551092395e-11	0.000151096879038842	0.000244081034903588
DC.DAC.GBRL.CD_lag1	7.47856946154619e-11	3.82605831042562e-05	0.000122040517451794
TM.VAL.FUEL.ZS.UN_rank	7.2588473039069e-11	5.31757256703222e-05	0.000122040517451794
EN.GHG.CH4.AG.MT.CE.AR5_tend2	6.55523961990935e-11	0.000272363472945553	0.000488162069807176
FI.RES.TOTL.MO_ratiomax2	6.51356549044177e-11	8.81938864776075e-05	0.000244081034903588
AG.LND.TOTL.K2_lag1	6.39556919626781e-11	0.00040400581820257	0.000244081034903588
EN.URB.MCTY.TL.ZS_avg2	6.33664644607403e-11	0.000106351451340644	0.000244081034903588
SP.POP.1564.FE.IN_delta1	6.28989908007001e-11	0.000284684677674042	0.000488162069807176
EG.ELC.HYRO.ZS_delta1	6.2584525290898e-11	0.000827466170186965	0.000732243104710764
BG.GSR.NFSV.GD.ZS_ratioavg2	6.21311891581318e-11	0.000311921024968597	0.000366121552355382
NY.ADJ.AEDU.GN.ZS_lag1	6.11186762149889e-11	8.94908553963959e-05	0.000244081034903588
DT.NFL.UNDP.CD_min2	6.08756936520572e-11	0.000163418083767332	0.000366121552355382
BX.GSR.TRAN.ZS_delta1	6.08652292719182e-11	3.30727074291028e-05	0.000122040517451794
NE.IMP.GNFS.CD_isNA_rank	6.01023006670986e-11	8.30060108024541e-05	0.000244081034903588
NY.GDS.TOTL.ZS_delta1	6.00311988175813e-11	0.000190005946602493	0.000488162069807176
TX.VAL.MRCH.CD.WT_lag1	5.88627314530885e-11	0.000611520845208705	0.000488162069807176
EG.ELC.HYRO.ZS_lag1	5.76023243510752e-11	5.38242101297163e-05	0.000122040517451794
BX.GSR.NFSV.CD_isNA_rank	5.66852630290233e-11	5.51211790485047e-05	0.000244081034903588
EN.GHG.N2O.FE.MT.CE.AR5_avg2	5.6560104394735e-11	0.000174442319577033	0.000122040517451794
DC.DAC.DEUL.CD_ratiomax2	5.61346420711659e-11	6.67938993175998e-05	0.000122040517451794
SP.POP.3539.MA.5Y_delta1	5.51543409861884e-11	0.00065886021074448	0.000488162069807176
AG.LND.ARBL.HA.PC_avg2	5.48476806601346e-11	0.00167827778091212	0.00134244569196973
EG.ELC.PETR.ZS_tend2	5.47424883033588e-11	0.000751593488437846	0.000732243104710764
IT.CEL.SETS_max2	5.30867826371996e-11	6.80908682363882e-05	0.000122040517451794
TX.VAL.MRCH.AL.ZS	5.26320353683058e-11	0.000129696891878835	0.000366121552355382
EG.ELC.FOSL.ZS_ratioavg2	5.1765270704071e-11	0.000524623927649886	0.000732243104710764
BX.TRF.CURR.CD_min2	5.11123958231254e-11	0.000274308926323735	0.000488162069807176
AG.PRD.FOOD.XD_delta1	5.03730905707988e-11	5.90120858048697e-05	0.000244081034903588
BX.GSR.CMCP.ZS_delta1	4.93716739332573e-11	0.000175739288495821	0.000122040517451794
NY.GDP.MKTP.KD	4.92714343108582e-11	2.72363472945553e-05	0.000122040517451794
SM.POP.NETM_lag1	4.91737386953103e-11	9.53272155309434e-05	0.000244081034903588
AG.PRD.FOOD.XD_tend2	4.88197325658142e-11	0.000392333097933475	0.00061020258725897
NE.CON.TOTL.KD.ZG	4.85091949076325e-11	0.00019584230673704	0.000244081034903588
MS.MIL.MPRT.KD	4.8091615389169e-11	2.72363472945553e-05	0.000122040517451794
DC.DAC.USAL.CD_avg2	4.74854923136297e-11	0.000176387772955215	0.000244081034903588
EN.GHG.N2O.IP.MT.CE.AR5	4.71898556243006e-11	5.05817878327455e-05	0.000122040517451794
AG.LND.CREL.HA_lag1	4.70200128414932e-11	0.000166660506064302	0.000122040517451794
NE.IMP.GNFS.KD_delta1	4.67123843466433e-11	8.68969175588192e-05	0.000244081034903588
SP.POP.6569.MA.5Y	4.57203358903196e-11	3.43696763478912e-05	0.000122040517451794
EN.GHG.CH4.IC.MT.CE.AR5_tend2	4.51975727036994e-11	0.000116727202690951	0.000366121552355382
EN.GHG.CO2.PI.MT.CE.AR5_min2	4.40277872483228e-11	2.9830285132132e-05	0.000122040517451794
TX.VAL.MRCH.R6.ZS_rank	4.33226850905643e-11	7.32787439115415e-05	0.000244081034903588
AG.LND.CROP.ZS_delta1	4.21405704715571e-11	0.000144612034444901	0.000366121552355382
NE.CON.PRVT.KD.ZG_min2	4.17254178663094e-11	0.000693229887092371	0.000854283622162558
AG.PRD.LVSK.XD_rank	3.98556693686907e-11	6.16060236424464e-05	0.000122040517451794
EN.GHG.CH4.AG.MT.CE.AR5_min2	3.79822832323175e-11	3.50181608072853e-05	0.000122040517451794
BX.TRF.PWKR.DT.GD.ZS_avg2	3.65181114150819e-11	0.000116078718231557	0.000244081034903588
SP.POP.TOTL_delta1	3.55032996102197e-11	0.000467557295223199	0.000488162069807176
BX.TRF.PWKR.CD.DT_avg2	3.54443210548617e-11	0.000185466555386733	0.000244081034903588
BX.KLT.DINV.WD.GD.ZS_min2	3.46578286022154e-11	2.9830285132132e-05	0.000122040517451794
FI.RES.TOTL.CD_delta1	3.46278857707998e-11	6.67938993175998e-05	0.000122040517451794
AG.PRD.CROP.XD_tend2	3.43254877465326e-11	0.000132939314175805	0.000366121552355382
NY.GDP.TOTL.RT.ZS_rank	3.38627045339921e-11	4.27999743200154e-05	0.000122040517451794
AG.CON.FERT.ZS_ratioavg2	3.31392409661434e-11	0.000205569573627953	0.000366121552355382
BM.GSR.MRCH.CD_lag1	3.27413473315975e-11	0.00014136961214793	0.000122040517451794
NY.GDP.FCST.CD	3.19079981327411e-11	0.000247721063488574	0.000244081034903588
BX.GRT.TECH.CD.WD_isNA_rank	3.17517336947098e-11	0.000325539198615875	0.00061020258725897
SP.POP.TOTL.MA.ZS	3.13145116051602e-11	0.000178333226333398	0.000366121552355382
AG.LND.ARBL.HA.PC_rank	3.12477072613175e-11	4.34484587794096e-05	0.000122040517451794
NY.GDP.MINR.RT.ZS_lag1	3.10465543945185e-11	3.24242229697086e-05	0.000122040517451794
EN.GHG.CH4.FE.MT.CE.AR5_ratioavg2	2.90642957175278e-11	0.000531757256703222	0.000976324139614352
TM.VAL.AGRI.ZS.UN_lag1	2.88769469432863e-11	0.000755484395194211	0.00061020258725897
BX.GSR.TRAN.ZS_avg2	2.80081089947527e-11	3.50181608072853e-05	0.000122040517451794
EG.ELC.COAL.ZS_min2	2.79036842455659e-11	0.000206218058087347	0.000244081034903588
NY.GDP.FCST.CN_lag1	2.75368587163165e-11	3.3721191888497e-05	0.000122040517451794
NE.IMP.GNFS.ZS_rank	2.71330823525085e-11	3.82605831042562e-05	0.000122040517451794
SP.POP.0014.TO.ZS	2.65333320078787e-11	5.05817878327455e-05	0.000122040517451794
EN.GHG.CO2.IC.MT.CE.AR5_lag1	2.65227358004143e-11	3.11272540509203e-05	0.000122040517451794
TX.VAL.AGRI.ZS.UN_isNA_rank	2.62656183260757e-11	9.07878243151842e-05	0.000244081034903588
SP.DYN.CDRT.IN_rank	2.61349262788847e-11	0.000504520909408667	0.000244081034903588
NE.CON.GOVT.ZS_ratiomax2	2.61234847091568e-11	7.65211662085124e-05	0.000122040517451794
NE.GDI.TOTL.ZS_delta1	2.60683506137671e-11	8.235752634306e-05	0.000244081034903588
BX.GSR.TRVL.ZS	2.60270429056451e-11	0.000316460416184356	0.000488162069807176
AG.LND.ARBL.HA.PC_tend2	2.57492813828799e-11	0.00048636334454563	0.00061020258725897
SP.POP.4044.FE.5Y	2.5639891224614e-11	0.000140721127688536	0.000366121552355382
EG.ELC.PETR.ZS_lag1	2.55589202760955e-11	0.000439672463469249	0.000366121552355382
IS.AIR.DPRT_max2	2.53530262108818e-11	0.000180927164170974	0.000122040517451794
SP.DYN.LE00.IN_delta1	2.49835403098111e-11	0.000249018032407362	0.000488162069807176
BM.GSR.INSF.ZS_delta1	2.4945443736873e-11	0.000150448394579448	0.000366121552355382
longevity_per_gdp	2.4182718031502e-11	3.50181608072853e-05	0.000122040517451794
NE.CON.GOVT.ZS_min2	2.36601807750331e-11	3.3721191888497e-05	0.000122040517451794
BX.TRF.PWKR.DT.GD.ZS_min2	2.34338321110673e-11	0.000109593873637615	0.000244081034903588
NY.GDP.PCAP.CD_rank	2.33648025297884e-11	0.000137478705391565	0.000122040517451794
DT.ODA.ALLD.KD_max2	2.28699154555984e-11	2.72363472945553e-05	0.000122040517451794
SE.PRM.ENRL.FE.ZS_rank	2.25860471427104e-11	4.40969432388038e-05	0.000122040517451794
NY.ADJ.DRES.GN.ZS_delta1	2.24338644277802e-11	0.000236696827678873	0.000244081034903588
BX.GRT.TECH.CD.WD_tend2	2.1300719153004e-11	0.000508411816165032	0.000732243104710764
EN.GHG.CO2.IP.MT.CE.AR5_avg2	2.07045491968464e-11	3.11272540509203e-05	0.000122040517451794
NE.EXP.GNFS.CN	2.04894470190092e-11	2.65878628351611e-05	0.000122040517451794
BX.GSR.MRCH.CD_delta1	2.04474702806979e-11	0.000164066568226726	0.000244081034903588
TM.VAL.FUEL.ZS.UN_lag1	2.02837997262117e-11	0.000102460544584279	0.000244081034903588
ER.FSH.CAPT.MT_ratioavg2	2.02262108809702e-11	3.43696763478912e-05	0.000122040517451794
DT.NFL.UNDP.CD_rank	2.01373611394821e-11	3.04787695915261e-05	0.000122040517451794
year_cycle_rank	1.99990043493819e-11	0.000274308926323735	0.000488162069807176
EN.POP.DNST_avg2	1.98862535322214e-11	0.000252260454704333	0.000122040517451794
NY.ADJ.DFOR.GN.ZS_isNA_rank	1.95356766326715e-11	7.91151040460891e-05	0.000122040517451794
NE.IMP.GNFS.KD	1.93512159189687e-11	6.22545081018406e-05	0.000122040517451794
EN.GHG.CO2.PI.MT.CE.AR5_ratioavg2	1.90434169343921e-11	9.59756999903376e-05	0.000244081034903588
AG.LND.ARBL.ZS_delta1	1.88971075697047e-11	0.000165363537145514	0.000244081034903588
ER.FSH.AQUA.MT_avg2	1.85958520990112e-11	0.000756781364113	0.000366121552355382
BX.TRF.PWKR.DT.GD.ZS_ratiomax2	1.7827451637463e-11	0.000127102954041258	0.000244081034903588
SP.DYN.IMRT.FE.IN	1.76438659341454e-11	6.48484459394173e-05	0.000122040517451794
NE.CON.TOTL.KD_isNA_rank	1.74191646427956e-11	0.000160175661470361	0.000244081034903588
SE.SEC.ENRL_lag1	1.71166166584326e-11	4.47454276981979e-05	0.000122040517451794
DC.DAC.CECL.CD_rank	1.7087393718846e-11	0.000142018096607324	0.000366121552355382
TM.VAL.FOOD.ZS.UN_rank	1.674551429643e-11	2.91818006727378e-05	0.000122040517451794
BX.TRF.CURR.CD_ratioavg2	1.66597214508525e-11	0.000430593681037731	0.000488162069807176
DC.DAC.GBRL.CD_avg2	1.65941344255429e-11	0.000117375687150345	0.000122040517451794
AG.LND.ARBL.HA.PC_lag1	1.63048574071748e-11	0.00141499309039809	0.000976324139614352
NE.CON.PRVT.PC.KD_tend2	1.60835127961166e-11	0.00012580598512247	0.000244081034903588
AG.YLD.CREL.KG_ratiomax2	1.58898926364787e-11	4.99333033733513e-05	0.000122040517451794
SP.RUR.TOTL	1.54361732038774e-11	6.61454148582056e-05	0.000122040517451794
FS.AST.CGOV.GD.ZS_ratiomax2	1.44682471680793e-11	0.000139424158769747	0.000366121552355382
EN.GHG.N2O.IP.MT.CE.AR5_ratiomax2	1.42768326411222e-11	9.59756999903376e-05	0.000244081034903588
BG.GSR.NFSV.GD.ZS_min2	1.39687477006715e-11	4.27999743200154e-05	0.000122040517451794
IS.AIR.GOOD.MT.K1_rank	1.3960787622869e-11	0.000147205972282477	0.000122040517451794
AG.PRD.FOOD.XD_rank	1.39262854939055e-11	0.000854054033022126	0.000732243104710764
ER.FSH.CAPT.MT_max2	1.37918794072188e-11	3.43696763478912e-05	0.000122040517451794
NV.AGR.TOTL.KD_lag1	1.35041700733363e-11	8.55999486400308e-05	0.000244081034903588
DC.DAC.USAL.CD_min2	1.35021444136127e-11	0.000289224068889801	0.000366121552355382
IT.CEL.SETS_ratioavg2	1.33615396940604e-11	0.000163418083767332	0.000366121552355382
EG.USE.ELEC.KH.PC_delta1	1.2690602476499e-11	5.57696635078989e-05	0.000122040517451794
DC.DAC.DEUL.CD_avg2	1.26568913635933e-11	3.95575520230445e-05	0.000122040517451794
NY.ADJ.DFOR.CD	1.23746128986703e-11	5.18787567515338e-05	0.000122040517451794
EN.GHG.CO2.IP.MT.CE.AR5_ratioavg2	1.23311309319894e-11	3.50181608072853e-05	0.000122040517451794
DT.ODA.ODAT.CD_rank	1.22288571045382e-11	3.50181608072853e-05	0.000122040517451794
TG.VAL.TOTL.GD.ZS_lag1	1.20742316761642e-11	7.06848060739648e-05	0.000122040517451794
BX.GSR.TRAN.ZS_tend2	1.1910540839549e-11	0.000151096879038842	0.000366121552355382
BM.GSR.TRAN.ZS_delta1	1.18125028507211e-11	6.03090547236581e-05	0.000122040517451794
TX.VAL.MRCH.R2.ZS_rank	1.17087683973472e-11	4.79878499951688e-05	0.000122040517451794
BX.TRF.PWKR.CD.DT_lag1	1.13913276247206e-11	0.00138256886742838	0.000854283622162558
SP.DYN.CDRT.IN_delta1	1.12386436012144e-11	2.91818006727378e-05	0.000122040517451794
IS.AIR.PSGR_avg2	1.1133682788975e-11	7.45757128303299e-05	0.000122040517451794
BX.TRF.PWKR.CD.DT_ratiomax2	1.11039200347279e-11	7.32787439115415e-05	0.000122040517451794
SE.PRM.ENRL	1.06165286466261e-11	0.000139424158769747	0.000244081034903588
BX.GSR.TRVL.ZS_max2	1.01861725853163e-11	6.03090547236581e-05	0.000122040517451794
FM.LBL.BMNY.GD.ZS_lag1	9.91621356631789e-12	3.24242229697086e-05	0.000122040517451794
TM.VAL.MRCH.R6.ZS_rank	9.17270161545948e-12	5.05817878327455e-05	0.000122040517451794
MS.MIL.XPND.CD_avg2	9.04853476034548e-12	0.000100515091206097	0.000244081034903588
EG.ELC.HYRO.ZS	9.01988575811469e-12	0.000328781620912846	0.000366121552355382
NE.CON.TOTL.CD_isNA_rank	8.96991721616572e-12	3.04787695915261e-05	0.000122040517451794
SP.POP.DPND.OL_rank	8.89640821531911e-12	4.02060364824387e-05	0.000122040517451794
DT.ODA.ODAT.CD_max2	8.42533884774205e-12	3.11272540509203e-05	0.000122040517451794
AG.LND.CROP.ZS_tend2	8.16831761256157e-12	0.000308678602671626	0.000366121552355382
EG.ELC.FOSL.ZS_ratiomax2	8.15548841694368e-12	0.000206866542546741	0.000366121552355382
AG.LND.PRCP.MM_max2	8.02194181315491e-12	0.000177036257414609	0.000122040517451794
NE.IMP.GNFS.KD.ZG_rank	7.97929978974862e-12	0.000193896853358858	0.000244081034903588
EN.GHG.N2O.IP.MT.CE.AR5_avg2	7.83862742402041e-12	6.61454148582056e-05	0.000122040517451794
EN.GHG.CH4.PI.MT.CE.AR5_ratioavg2	7.73981424622965e-12	6.29029925612348e-05	0.000122040517451794
AG.LND.ARBL.HA_min2	7.56366111357451e-12	0.000261339237135852	0.000244081034903588
BM.GSR.FCTY.CD_ratiomax2	7.35517931427516e-12	0.000137478705391565	0.000244081034903588
DC.DAC.JPNL.CD_rank	7.33651475344215e-12	0.000278848317539494	0.000366121552355382
NY.GDP.FCST.CN_isNA_rank	6.98119081964345e-12	6.48484459394173e-05	0.000122040517451794
BM.GSR.TRVL.ZS_rank	6.97506736222204e-12	0.000184169586467945	0.000122040517451794
EG.ELC.NGAS.ZS_ratiomax2	6.97087848382668e-12	0.000249666516866757	0.000366121552355382
SP.POP.0014.TO	6.78706346348979e-12	5.77151168860814e-05	0.000122040517451794
IT.CEL.SETS_tend2	6.73038569877819e-12	0.000220484716194019	0.000244081034903588
TX.VAL.MRCH.RS.ZS	6.0457744183392e-12	0.000505817878327455	0.000488162069807176
TM.VAL.MRCH.R5.ZS	5.7307962374666e-12	2.9830285132132e-05	0.000122040517451794
TX.VAL.SERV.CD.WT_lag1	5.73019723077398e-12	4.02060364824387e-05	0.000122040517451794
BX.TRF.CURR.CD_max2	5.72111083697738e-12	4.27999743200154e-05	0.000122040517451794
health_coverage_efficiency	5.71285604954946e-12	6.93878371551765e-05	0.000122040517451794
SP.POP.1564.MA.IN_delta1	5.69416804116846e-12	2.78848317539494e-05	0.000122040517451794
TM.VAL.OTHR.ZS.WT_lag1	5.29026495639007e-12	4.21514898606212e-05	0.000122040517451794
BX.GRT.EXTA.CD.WD_tend2	5.28922284314612e-12	3.04787695915261e-05	0.000122040517451794
SP.POP.65UP.FE.ZS_rank	5.06741445816152e-12	9.27332776933667e-05	0.000122040517451794
TX.VAL.MRCH.R6.ZS_delta1	4.99844198468845e-12	4.53939121575921e-05	0.000122040517451794
BM.TRF.PWKR.CD.DT_isNA_rank	4.96943121935824e-12	2.72363472945553e-05	0.000122040517451794
ER.FSH.AQUA.MT_lag1	4.80189580832302e-12	0.00100904181881733	0.000488162069807176
EN.URB.MCTY.TL.ZS_max2	4.76087643061012e-12	0.000111539327015798	0.000122040517451794
NE.GDI.FTOT.CD_isNA_rank	4.66198071745043e-12	2.91818006727378e-05	0.000122040517451794
EN.GHG.CH4.AG.MT.CE.AR5_max2	4.43583380660864e-12	0.000102460544584279	0.000122040517451794
NE.EXP.GNFS.KD_isNA_rank	4.22274790947585e-12	2.85333162133436e-05	0.000122040517451794
EN.GHG.N2O.MT.CE.AR5_min2	4.05603474905701e-12	0.000114781749312769	0.000244081034903588
TX.VAL.FOOD.ZS.UN_rank	4.02540029313425e-12	0.000704254122902072	0.000366121552355382
SP.POP.TOTL.FE.ZS_lag1	3.81279903076555e-12	0.000201030182412194	0.000244081034903588
NY.GDP.COAL.RT.ZS_rank	3.70689393366295e-12	8.36544952618483e-05	0.000122040517451794
EN.GHG.N2O.TR.MT.CE.AR5_rank	3.69916603869116e-12	4.15030054012271e-05	0.000122040517451794
DC.DAC.CECL.CD_delta1	3.65762990585934e-12	2.91818006727378e-05	0.000122040517451794
TX.VAL.MRCH.AL.ZS_lag1	3.00949538963773e-12	0.00014136961214793	0.000244081034903588
NV.IND.MANF.CD_isNA_rank	3.0064587758562e-12	7.58726817491182e-05	0.000122040517451794
NY.GDP.COAL.RT.ZS_lag1	2.94799163757267e-12	0.000118024171609739	0.000122040517451794
IT.MLT.MAIN.P2_max2	2.89196846326884e-12	4.15030054012271e-05	0.000122040517451794
longevity_per_gdp_lag1	2.87208786049147e-12	0.00015693323917339	0.000244081034903588
EN.URB.LCTY_delta1	2.86683039917578e-12	0.000238642281057056	0.000122040517451794
EN.GHG.N2O.FE.MT.CE.AR5_min2	2.65567491261607e-12	6.7442383776994e-05	0.000122040517451794
BG.GSR.NFSV.GD.ZS_tend2	2.63556796284212e-12	8.04120729648774e-05	0.000122040517451794
SP.POP.65UP.FE.IN_delta1	2.55150027060786e-12	6.29029925612348e-05	0.000122040517451794
BM.GSR.CMCP.ZS_avg2	2.50609518814657e-12	4.40969432388038e-05	0.000122040517451794
DT.ODA.ODAT.PC.ZS	2.31449912506245e-12	3.7612098644862e-05	0.000122040517451794
SH.DTH.MORT_rank	2.21330742800371e-12	0.000103109029043673	0.000122040517451794
NE.DAB.TOTL.CD_max2	2.19625241107597e-12	0.000196490791196434	0.000122040517451794
BM.GSR.NFSV.CD_rank	1.95194542642257e-12	6.16060236424464e-05	0.000122040517451794
TM.VAL.MANF.ZS.UN_lag1	1.66104129248134e-12	0.000596605702642639	0.00061020258725897
TX.VAL.TRAN.ZS.WT_rank	1.55883029794549e-12	0.000101163575665491	0.000122040517451794
EG.ELC.PETR.ZS_ratiomax2	1.55234824935683e-12	8.17090418836658e-05	0.000122040517451794
EN.GHG.N2O.MT.CE.AR5_ratiomax2	1.50634290966703e-12	4.40969432388038e-05	0.000122040517451794
demographic_pressure_delta1	1.50240924480512e-12	3.56666452666795e-05	0.000122040517451794
AG.LND.ARBL.HA_avg2	1.49189817799272e-12	5.05817878327455e-05	0.000122040517451794
EN.GHG.N2O.BU.MT.CE.AR5	1.40609291824118e-12	0.000322945260778298	0.000244081034903588
FirstYear_rank	1.39259458170936e-12	6.93878371551765e-05	0.000122040517451794
SP.DYN.AMRT.FE_rank	1.3232266262602e-12	0.000104405997962462	0.000122040517451794
NY.ADJ.DNGY.GN.ZS	1.26654181425779e-12	4.8636334454563e-05	0.000122040517451794
BX.TRF.PWKR.DT.GD.ZS_delta1	1.2346220614524e-12	0.000132939314175805	0.000244081034903588
IS.AIR.PSGR_ratioavg2	1.19893838133807e-12	0.000982453955982172	0.000732243104710764
NE.EXP.GNFS.KD.ZG_isNA_rank	1.18555087996118e-12	0.000201678666871588	0.000244081034903588
BX.GSR.MRCH.CD_max2	9.45795302104479e-13	9.79211533685201e-05	0.000122040517451794
BX.KLT.DINV.CD.WD_avg2	9.38882652323426e-13	5.38242101297163e-05	0.000122040517451794
SP.URB.TOTL.IN.ZS_lag1	8.73355926291448e-13	3.56666452666795e-05	0.000122040517451794
AG.LND.CREL.HA_avg2	8.47985689115977e-13	0.000483769406708053	0.000366121552355382
DT.ODA.ODAT.GN.ZS_lag1	8.16927526252709e-13	0.000166660506064302	0.000122040517451794
SE.SEC.DURS_rank	7.96452189447023e-13	3.3721191888497e-05	0.000122040517451794
NY.ADJ.NNTY.PC.CD_rank	7.47330670629521e-13	0.000182224133089763	0.000122040517451794
BX.GSR.NFSV.CD_min2	7.25483277757047e-13	0.000477284562114111	0.000244081034903588
NY.GNP.MKTP.CD_isNA_rank	7.21951930482768e-13	3.63151297260737e-05	0.000122040517451794
TX.VAL.MRCH.RS.ZS_lag1	6.75874424450826e-13	8.17090418836658e-05	0.000122040517451794
FI.RES.TOTL.MO_avg2	6.5467461051795e-13	0.000106351451340644	0.000122040517451794
FS.AST.CGOV.GD.ZS_isNA_rank	6.15099005331962e-13	5.05817878327455e-05	0.000122040517451794
TX.VAL.AGRI.ZS.UN	6.04402536803661e-13	0.000180927164170974	0.000244081034903588
AG.PRD.LVSK.XD_avg2	5.97016204217384e-13	5.83636013454756e-05	0.000122040517451794
BM.GSR.TRVL.ZS_tend2	5.92212710226976e-13	0.00109723570529494	0.000732243104710764
EG.ELC.FOSL.ZS_max2	5.8517633880764e-13	3.63151297260737e-05	0.000122040517451794
EN.GHG.CO2.PI.MT.CE.AR5_ratiomax2	5.80487982047668e-13	0.000254205908082516	0.000244081034903588
NE.EXP.GNFS.KD	5.56952056342635e-13	0.000181575648630368	0.000122040517451794
TM.VAL.SERV.CD.WT	5.03705488565968e-13	7.19817749927532e-05	0.000122040517451794
SH.DYN.MORT.FE_delta1	4.95621190864748e-13	6.29029925612348e-05	0.000122040517451794
AG.LND.ARBL.HA.PC_delta1	4.62608450149483e-13	0.000106351451340644	0.000122040517451794
NE.CON.TOTL.CD_tend2	4.4984990980954e-13	6.93878371551765e-05	0.000122040517451794
NY.ADJ.NNTY.CD	4.4874386291808e-13	0.000167308990523697	0.000244081034903588
BX.GSR.GNFS.CD	4.21535823235738e-13	0.000154339301335813	0.000122040517451794
SG.LAW.INDX_lag1	3.78055341566199e-13	6.61454148582056e-05	0.000122040517451794
BM.GSR.NFSV.CD_avg2	3.39263223169839e-13	0.000178333226333398	0.000122040517451794
BG.GSR.NFSV.GD.ZS_max2	3.23806260848858e-13	0.000170551412820667	0.000122040517451794
IT.CEL.SETS.P2_max2	3.14736435838689e-13	0.000596605702642639	0.000488162069807176
TX.VAL.OTHR.ZS.WT_rank	2.92810295841766e-13	0.000106999935800039	0.000122040517451794
NY.GDP.PCAP.KD.ZG_isNA_rank	1.90539243017025e-13	6.87393526957823e-05	0.000122040517451794
EG.ELC.NGAS.ZS_lag1	1.83142388343588e-13	0.000103109029043673	0.000122040517451794
BX.GSR.FCTY.CD_lag1	1.75129924810915e-13	0.00056418147967293	0.000366121552355382
EN.URB.LCTY.UR.ZS_avg2	1.51507347389648e-13	0.000120618109447316	0.000122040517451794
NE.RSB.GNFS.CD_isNA_rank	9.1604203108796e-14	0.000123212047284893	0.000122040517451794
EG.ELC.FOSL.ZS_rank	6.19406580425804e-14	4.08545209418329e-05	0.000122040517451794
EN.GHG.CO2.RT.GDP.KD_ratiomax2	6.0421230880079e-14	0.000159527177010967	0.000122040517451794
DT.ODA.ODAT.GN.ZS_min2	3.94730286767455e-14	0.00016471505268612	0.000122040517451794
FS.AST.PRVT.GD.ZS_min2	3.72751597396055e-14	0.000236048343219479	0.000122040517451794
AG.LND.AGRI.ZS_min2	3.14414619056695e-14	0.000134884767553988	0.000122040517451794
TM.VAL.MRCH.WR.ZS_rank	2.72473778289985e-14	0.000190654431061887	0.000122040517451794
BX.GSR.CMCP.ZS_min2	1.85831994697903e-14	0.000147205972282477	0.000122040517451794
TX.VAL.MRCH.WR.ZS	1.74077293270702e-14	0.000409193693877723	0.000244081034903588
SE.PRM.ENRL.FE.ZS_isNA_rank	1.16437364406306e-14	8.49514641806366e-05	0.000122040517451794
AG.LND.ARBL.ZS_min2	5.54875150700286e-15	0.000156284754713996	0.000122040517451794
SP.DYN.IMRT.IN_delta1	5.4926461246188e-16	0.000123212047284893	0.000122040517451794
