Feature	Gain	Cover	Frequency
NE.CON.PRVT.PC.KD	0.481010729369283	0.00555494478647513	0.00264939652634678
SP.URB.TOTL.IN.ZS_rank	0.199666661789547	0.00160530473305319	0.000735943479540771
SP.URB.TOTL.IN.ZS	0.0644085792074942	0.00128465096582951	0.000735943479540771
SP.RUR.TOTL.ZS	0.0543964667405882	0.00228733020619564	0.00103032087135708
EN.URB.LCTY_avg2	0.0285232791046998	0.000622984462034594	0.000588754783632617
EN.URB.LCTY_lag1	0.0213226645806653	0.000466220398058569	0.000441566087724463
SP.RUR.TOTL.ZS_rank	0.0108489841801677	0.00039598195380957	0.000147188695908154
NY.GDP.PCAP.KD_rank	0.00966825292014416	0.00118794586142871	0.000441566087724463
NY.GDP.DEFL.ZS_lag1	0.00847004616630527	0.000470292191928076	0.00117750956726523
SH.DTH.MORT	0.00818815588793993	0.000155746115508649	0.000147188695908154
EN.URB.LCTY	0.00669323682396425	0.000349156324310238	0.000588754783632617
SH.DTH.MORT_lag1	0.00663694511969238	0.000155746115508649	0.000147188695908154
TX.VAL.MRCH.OR.ZS_lag1	0.00514680453711878	0.000262630704583211	0.000588754783632617
NE.IMP.GNFS.ZS	0.00506735423370548	0.00092226131144337	0.00103032087135708
NY.GDP.PCAP.KD	0.00455617660756644	0.00229445584546728	0.00117750956726523
NY.GDP.DEFL.ZS	0.00407789060477659	0.000670828040001303	0.00103032087135708
SP.POP.6064.MA.5Y_delta1	0.00405445493630457	0.0186803723248314	0.00750662349131587
SP.POP.5054.FE.5Y_delta1	0.00385825583480238	0.000803161340760285	0.000588754783632617
TX.VAL.MRCH.HI.ZS	0.00372844056564403	0.000160835857845532	0.000294377391816309
EG.ELC.PETR.ZS_min2	0.00308898662274607	0.000155746115508649	0.000294377391816309
SH.IMM.IDPT_rank	0.00304176567639875	0.00201452001693866	0.00147188695908154
EG.ELC.PETR.ZS_max2	0.00252321869339536	0.000398017850744324	0.000441566087724463
demographic_pressure	0.00228496275654839	0.00117674842828757	0.000588754783632617
EN.GHG.N2O.BU.MT.CE.AR5_max2	0.00223510737248911	0.000268738395387472	0.000588754783632617
EG.ELC.PETR.ZS_lag1	0.00197478641641577	0.000251433271442067	0.000294377391816309
BG.GSR.NFSV.GD.ZS_rank	0.00192516137865586	0.000325743509560572	0.000441566087724463
SP.POP.0509.MA.5Y_lag1	0.00186581478815639	0.0085558568683019	0.00323815130997939
FP.CPI.TOTL	0.00165871082579741	0.000847951073324864	0.00132469826317339
SH.DYN.NMRT	0.00145618878083526	8.34717743248966e-05	0.000147188695908154
SP.POP.2024.MA.5Y	0.0014327003982186	0.0016663816410958	0.000883132175448925
SP.POP.1014.FE.5Y_delta1	0.00142627436270573	0.000431610150167758	0.000735943479540771
SP.POP.1564.MA.ZS_rank	0.00127725171745919	0.000240235838300922	0.000147188695908154
NY.ADJ.DMIN.CD	0.00121812788453824	0.000105866640607186	0.000294377391816309
EN.GHG.CH4.FE.MT.CE.AR5_max2	0.00106633133405277	0.000155746115508649	0.000147188695908154
SP.DYN.CDRT.IN_rank	0.00103974772998825	0.000138440991563243	0.000147188695908154
NY.ADJ.DMIN.CD_lag1	0.000963044042322204	7.73640835206359e-05	0.000147188695908154
NE.TRD.GNFS.ZS	0.000857866327861708	0.000363407602853513	0.000588754783632617
SM.POP.RHCR.EA_rank	0.000845386812966706	0.000125207661487345	0.000294377391816309
BM.GSR.NFSV.CD_ratioavg2	0.000810812107217104	0.000153710218573895	0.000588754783632617
AG.LND.ARBL.ZS_max2	0.000785551302556106	8.34717743248966e-05	0.000147188695908154
EG.ELC.PETR.ZS_avg2	0.000785285536661584	0.000179158930258315	0.000441566087724463
FM.AST.NFRG.CN	0.000764334223460182	0.00244307632170429	0.00206064174271416
SP.DYN.IMRT.IN_lag1	0.000736720674633021	0.000801125443825532	0.000441566087724463
SH.IMM.MEAS_rank	0.000733855955696508	0.000626038307436724	0.000588754783632617
SP.POP.0509.MA.5Y_delta1	0.000719430990903766	4.98794749014626e-05	0.000294377391816309
EN.GHG.CH4.WA.MT.CE.AR5_lag1	0.000698510963347104	0.000303348643278283	0.000588754783632617
SP.POP.5559.MA.5Y_delta1	0.000697806501303082	0.000929386950715007	0.000883132175448925
SP.POP.4549.FE.5Y_lag1	0.000694263016117323	0.0153333577640966	0.00618192522814248
BX.TRF.PWKR.CD.DT_avg2	0.000691112578716005	6.2094856509984e-05	0.000147188695908154
SP.POP.4549.MA.5Y_lag1	0.000611171193355874	0.00115740740740741	0.000735943479540771
SP.POP.1014.MA.5Y_delta1	0.000596477851146654	0.000611787028893449	0.00103032087135708
SP.DYN.IMRT.MA.IN_lag1	0.000579622237767862	0.00153099449493469	0.000735943479540771
FS.AST.CGOV.GD.ZS_min2	0.000564388662745298	0.000442807583308903	0.000588754783632617
NY.GDS.TOTL.ZS	0.000555427968550354	0.00226493533991335	0.00147188695908154
NY.GDP.FRST.RT.ZS_rank	0.00053762947564052	0.000590410111078537	0.000441566087724463
SE.SEC.ENRL_lag1	0.000536603432230465	0.000313528127952051	0.000588754783632617
TX.VAL.MRCH.R5.ZS_lag1	0.000526774518262513	9.97589498029252e-05	0.000294377391816309
DT.ODA.ALLD.CD_max2	0.000523942062321641	0.000902920290563211	0.000441566087724463
SE.TER.ENRR	0.000521616057470796	0.00308641975308642	0.00264939652634678
SM.POP.RHCR.EA_delta1	0.000498142225418624	0.00259271474640868	0.00235501913453047
FM.AST.DOMS.CN	0.000486719577228149	0.00252654809602919	0.00132469826317339
year	0.000484332564591606	0.00691187009348839	0.00338534000588755
NY.GNP.PCAP.CN_delta1	0.00047552030557761	0.0127284276360794	0.0051516043567854
EN.GHG.N2O.BU.MT.CE.AR5_avg2	0.000450226023083203	7.73640835206359e-05	0.000147188695908154
FI.RES.TOTL.MO_max2	0.000433882818169322	0.000479453728134467	0.000735943479540771
SP.POP.4549.FE.5Y	0.000424826755556693	0.0139336786214535	0.00544598174860171
NY.ADJ.NNTY.PC.CD	0.000423302169706719	0.000954835662399427	0.000588754783632617
SP.POP.5559.FE.5Y_delta1	0.000405237363415245	0.00058939216261116	0.000735943479540771
TX.VAL.MRCH.WR.ZS_lag1	0.000388993764974468	0.00025346916837682	0.000588754783632617
trade_balance_ratio	0.000385757252309946	0.00186488159223428	0.00235501913453047
EN.GHG.CH4.WA.MT.CE.AR5_max2	0.00038292316846869	0.000474363985797583	0.000588754783632617
BM.TRF.PWKR.CD.DT_min2	0.000350889777151915	0.000550710120850842	0.00117750956726523
BG.GSR.NFSV.GD.ZS_min2	0.000345132683780136	0.000432628098635135	0.000735943479540771
BX.GSR.FCTY.CD	0.000343944106363747	0.000949745920062543	0.000588754783632617
SP.POP.1519.MA.5Y_delta1	0.000336927325736598	0.000138440991563243	0.000147188695908154
ER.FSH.AQUA.MT_min2	0.00033259798143766	0.000140476888497997	0.000147188695908154
SP.POP.TOTL.FE.ZS_lag1	0.000314518426589706	0.000220894817420763	0.000294377391816309
NY.ADJ.NNTY.PC.CD_lag1	0.000311944699897837	0.000401071696146454	0.000441566087724463
SP.RUR.TOTL.ZS_delta1	0.000310102910287044	0.000168979445584547	0.000294377391816309
SP.POP.6064.FE.5Y_delta1	0.000306282332850589	0.0080031108505163	0.00397409478952016
AG.LND.ARBL.HA_min2	0.000292861494536285	0.000151674321639141	0.000147188695908154
SP.POP.2024.MA.5Y_lag1	0.000291384811262225	0.00123171764552591	0.000883132175448925
SP.URB.TOTL_delta1	0.000288352154365807	0.000215805075083879	0.000441566087724463
DT.ODA.ALLD.KD	0.000286776007943031	0.00103525359132219	0.00103032087135708
SM.POP.RHCR.EO_lag1	0.000284107051139513	0.000601607544219682	0.000441566087724463
ER.FSH.AQUA.MT_avg2	0.000276359143493735	0.000141494836965373	0.000147188695908154
TX.VAL.MRCH.RS.ZS_rank	0.000275123648062751	0.000336940942701717	0.000294377391816309
SP.POP.DPND.YG	0.000274293406794166	0.00321671715691065	0.00147188695908154
AG.LND.PRCP.MM_lag1	0.000262389976747265	0.000198499951138474	0.000147188695908154
BG.GSR.NFSV.GD.ZS_avg2	0.000259763718476899	3.15564024886804e-05	0.000147188695908154
IT.CEL.SETS.P2_lag1	0.000249581871497738	0.000556817811655103	0.000441566087724463
DC.DAC.GBRL.CD_rank	0.000243459296367954	0.00039598195380957	0.000147188695908154
MS.MIL.XPND.GD.ZS_rank	0.000240286794489044	0.000138440991563243	0.000147188695908154
AG.LND.AGRI.K2_max2	0.00022602089727425	0.0013375842861331	0.000588754783632617
FM.AST.DOMS.CN_max2	0.000219509338664428	0.00123477149092804	0.000735943479540771
SP.POP.4044.FE.5Y_rank	0.000217694509494952	0.000237181992898792	0.000294377391816309
SE.TER.ENRR_lag1	0.000210104840320033	0.00221607381347927	0.00147188695908154
SH.STA.MMRT	0.000200424806661935	0.000276881983126486	0.000441566087724463
SP.ADO.TFRT_lag1	0.000194800645823604	0.00138339196716505	0.000735943479540771
SP.POP.5054.FE.5Y	0.000194682267394426	0.00413287077754976	0.00176626435089785
NY.GDP.PCAP.CN_delta1	0.000170794197883839	0.00906686699892505	0.00382690609361201
SP.DYN.TO65.FE.ZS	0.000165790144400855	0.000204607641942734	0.000147188695908154
NE.CON.PRVT.PC.KD_min2	0.000162612816673708	8.95794651291573e-05	0.000441566087724463
NV.AGR.TOTL.CN_lag1	0.000161340698723446	0.000724779308772273	0.000588754783632617
TG.VAL.TOTL.GD.ZS_delta1	0.000155791442433066	0.00226595328838073	0.00147188695908154
SP.POP.6569.FE.5Y_delta1	0.000154986091248591	0.00219469689566435	0.00176626435089785
EN.GHG.N2O.FE.MT.CE.AR5_min2	0.000148173809806774	0.000166943548649793	0.000294377391816309
SP.POP.0014.TO_delta1	0.000144747400778592	0.000175087136388807	0.000441566087724463
EN.GHG.CH4.TR.MT.CE.AR5	0.000144358448155793	7.43102381185055e-05	0.000441566087724463
FM.AST.DOMS.CN_min2	0.000139610241326615	0.00160835857845532	0.000883132175448925
NE.IMP.GNFS.CN_delta1	0.000138331116199365	0.0022893661031304	0.00117750956726523
TM.VAL.MRCH.RS.ZS_lag1	0.000135940859670106	0.00039598195380957	0.000147188695908154
SP.POP.1564.FE.ZS_delta1	0.000135690812233627	0.000727833154174403	0.000735943479540771
SP.DYN.AMRT.MA	0.000134586730183835	0.0183933108570312	0.00691786870768325
FI.RES.TOTL.CD_min2	0.000134239314393135	2.85025570865501e-05	0.000147188695908154
AG.PRD.CROP.XD_max2	0.000129851126974403	0.000661666503794912	0.00103032087135708
DC.DAC.JPNL.CD_rank	0.000127777454583591	0.000235146095964038	0.000147188695908154
EN.GHG.N2O.FE.MT.CE.AR5_max2	0.00012532162230668	7.83820319880126e-05	0.000147188695908154
FI.RES.TOTL.MO_min2	0.00012429824699723	0.000838789537118473	0.00191345304680601
SE.ENR.PRIM.FM.ZS	0.000120478860790512	0.000709510081761621	0.00147188695908154
BX.GRT.TECH.CD.WD_rank	0.000119178760966436	0.00039598195380957	0.000147188695908154
AG.PRD.LVSK.XD	0.000113415179564351	0.000347120427375485	0.000735943479540771
NV.AGR.TOTL.ZS_lag1	0.000112627485157497	0.000305384540213036	0.000147188695908154
DT.ODA.ALLD.CD_rank	0.000110834037915109	0.000447897325645786	0.000588754783632617
SP.POP.2529.MA.5Y_lag1	0.000106128417953441	0.000471310140395453	0.000294377391816309
SP.POP.TOTL.MA.ZS_lag1	0.00010439467609507	0.000303348643278283	0.000294377391816309
PA.NUS.FCRF	0.000102258728241177	0.00505411414052575	0.00235501913453047
NE.CON.PRVT.KD	0.000101286641498166	0.000125207661487345	0.000147188695908154
SP.POP.5559.MA.5Y	0.000100895441037454	0.00632858562168149	0.00250220783043862
SP.POP.DPND.YG_lag1	9.98374706403345e-05	0.00546129352747647	0.00206064174271416
SP.POP.5559.FE.5Y_lag1	9.83426086637022e-05	0.00862304146714877	0.00382690609361201
SP.POP.6064.MA.5Y_lag1	9.73848190840398e-05	0.000191374311866836	0.000147188695908154
FM.AST.NFRG.CN_max2	9.70599459537767e-05	0.00111159972637545	0.00117750956726523
SP.RUR.TOTL_delta1	9.1854226863315e-05	0.000108920486009316	0.000294377391816309
EN.GHG.N2O.TR.MT.CE.AR5_tend2	8.97139670982814e-05	0.000244307632170429	0.000294377391816309
FP.CPI.TOTL.ZG_max2	8.80690861001875e-05	0.000490651161275612	0.000588754783632617
SP.POP.0014.TO.ZS	8.74449116792134e-05	2.64666601517965e-05	0.000147188695908154
ER.H2O.INTR.PC	8.73788585051202e-05	2.03589693475358e-05	0.000147188695908154
AG.LND.AGRI.ZS_rank	8.47535282395318e-05	0.000348138375842861	0.000294377391816309
ER.FSH.CAPT.MT_ratioavg2	8.17076470672114e-05	0.000448915274113163	0.000735943479540771
NE.EXP.GNFS.CN_delta1	8.10374675420409e-05	0.000561907553991987	0.000441566087724463
IT.CEL.SETS.P2	7.68950295395586e-05	0.00516710642040457	0.00309096261407124
SP.POP.5054.MA.5Y_rank	7.46805602784826e-05	0.000175087136388807	0.000147188695908154
BM.GSR.CMCP.ZS_isNA_rank	7.40259549966841e-05	0.00133860223460048	0.00103032087135708
NE.GDI.FTOT.CD	7.3872945716953e-05	0.000185266621062575	0.000294377391816309
BX.GSR.FCTY.CD_min2	7.36908209204808e-05	0.000403107593081208	0.000441566087724463
SP.POP.2529.MA.5Y_delta1	7.35258038780008e-05	0.000197482002671097	0.000441566087724463
SP.POP.3539.FE.5Y_delta1	7.20156523099242e-05	0.00213463793608912	0.00147188695908154
NY.GDP.MKTP.CN_delta1	7.17840963636703e-05	0.00585218573894915	0.00235501913453047
SP.RUR.TOTL.ZG_lag1	7.11571194059186e-05	0.000129279455356852	0.000294377391816309
NV.SRV.TOTL.ZS	6.96557207947055e-05	0.00126429199648197	0.0016190756549897
AG.SRF.TOTL.K2	6.9346399624834e-05	1.83230724127822e-05	0.000147188695908154
AG.LND.PRCP.MM	6.83961442663045e-05	0.000284007622398124	0.000441566087724463
NY.GDP.MKTP.KD.ZG_rank	6.82538143297685e-05	0.000150656373171765	0.000294377391816309
SP.DYN.TO65.FE.ZS_lag1	6.81639775838321e-05	3.25743509560572e-05	0.000147188695908154
AG.LND.ARBL.HA.PC	6.61192481685276e-05	0.00331036841590931	0.00132469826317339
SP.DYN.TFRT.IN	6.58232038151107e-05	0.000118082022215707	0.000147188695908154
EN.GHG.N2O.BU.MT.CE.AR5_ratiomax2	6.22143600345681e-05	0.000115028176813577	0.000147188695908154
EN.GHG.N2O.BU.MT.CE.AR5_ratioavg2	6.11812945853092e-05	0.00044687937717841	0.000883132175448925
IS.AIR.DPRT_avg2	6.09580552858254e-05	2.03589693475358e-05	0.000147188695908154
BG.GSR.NFSV.GD.ZS_lag1	5.97699413280735e-05	7.63461350532591e-05	0.000294377391816309
SP.POP.0014.MA.IN_lag1	5.87746530471615e-05	4.17358871624483e-05	0.000147188695908154
SM.POP.RHCR.EO	5.73310733973412e-05	0.00541650379491189	0.00323815130997939
SH.DYN.MORT	5.65286617461242e-05	0.00219571484413173	0.000883132175448925
BM.GSR.INSF.ZS_min2	5.54519222735068e-05	0.000474363985797583	0.000735943479540771
NY.ADJ.AEDU.GN.ZS_delta1	5.54430006869138e-05	0.000144548682367504	0.000294377391816309
NE.CON.TOTL.KD_ratioavg2	5.47001930845607e-05	2.13769178149125e-05	0.000147188695908154
NV.SRV.TOTL.ZS_isNA_rank	5.45973612107974e-05	0.000147602527769634	0.000441566087724463
IT.CEL.SETS_avg2	5.4026365810252e-05	0.000240235838300922	0.000147188695908154
YearsSinceFirst	5.37187199551664e-05	0.00116351509821167	0.00117750956726523
SP.DYN.LE00.FE.IN_lag1	5.35303957735169e-05	3.25743509560572e-05	0.000147188695908154
SH.DYN.MORT.FE	5.17109915618018e-05	0.00184350467441936	0.000883132175448925
BM.GSR.FCTY.CD_avg2	5.10833767067203e-05	0.000133351249226359	0.000294377391816309
YearsSinceFirst_lag1	4.85291082414264e-05	0.0015085996286524	0.00103032087135708
NY.ADJ.DRES.GN.ZS	4.8313855618343e-05	0.00118489201602658	0.000883132175448925
BX.KLT.DINV.CD.WD_rank	4.61552842758571e-05	0.000168979445584547	0.000147188695908154
SP.DYN.LE00.MA.IN	4.55322053244557e-05	0.000399035799211701	0.000735943479540771
SP.POP.1014.MA.5Y_lag1	4.53679602075673e-05	0.00013640509462849	0.000147188695908154
NE.CON.PRVT.KD_avg2	4.49603423179313e-05	0.000109938434476693	0.000147188695908154
SP.POP.0014.FE.ZS	4.4753729624451e-05	0.000132333300758982	0.000147188695908154
SP.POP.0509.FE.5Y	4.36478550397544e-05	0.00042143066549399	0.000441566087724463
SP.POP.5054.MA.5Y_lag1	4.33917042262356e-05	0.000718671617968012	0.000294377391816309
NY.GSR.NFCY.CN	4.31556168592556e-05	0.00273522753184143	0.00206064174271416
NE.CON.TOTL.KD.ZG	4.18280454087413e-05	9.5687155933418e-05	0.000294377391816309
demographic_pressure_lag1	4.0328155052307e-05	0.000777712629075866	0.000441566087724463
FM.AST.NFRG.CN_tend2	3.97434466497106e-05	0.00769263656796638	0.00309096261407124
NY.GSR.NFCY.CN_lag1	3.93016778903664e-05	0.00039598195380957	0.000147188695908154
SP.POP.5054.MA.5Y	3.86220788212315e-05	0.00275456855272159	0.00117750956726523
SP.POP.7074.MA.5Y_delta1	3.74816970165648e-05	0.00039292810840744	0.000441566087724463
EN.GHG.CO2.MT.CE.AR5_rank	3.71676687940248e-05	0.000187302517997329	0.000147188695908154
NY.GDP.MKTP.KN_delta1	3.66053676042114e-05	0.0032146812599759	0.00191345304680601
SP.POP.4549.MA.5Y	3.53699901170133e-05	0.00190050978859246	0.00103032087135708
NY.GDP.TOTL.RT.ZS_lag1	3.42805413725697e-05	0.00216721228704518	0.00206064174271416
BX.GRT.EXTA.CD.WD_isNA_rank	3.4193096329715e-05	0.00150452783478289	0.00117750956726523
EG.USE.PCAP.KG.OE_min2	3.41471496548399e-05	0.00838687742271735	0.00338534000588755
SP.POP.0509.MA.5Y	3.40454183983954e-05	0.00231481481481482	0.000883132175448925
NY.GNP.MKTP.CN_delta1	3.36314593144385e-05	0.00129584839897065	0.000883132175448925
DT.ODA.ODAT.KD_avg2	3.35383728788913e-05	0.000428556304765628	0.000294377391816309
FM.AST.NFRG.CN_min2	3.28793598909764e-05	0.0012408791817323	0.00117750956726523
BM.GSR.INSF.ZS	3.13455550460236e-05	0.00117471253135281	0.000883132175448925
NV.IND.MANF.KD	3.13133450444695e-05	0.000420412717026613	0.000294377391816309
SP.DYN.AMRT.MA_lag1	3.09395741480882e-05	0.0040300579823447	0.00191345304680601
NV.SRV.TOTL.CD	3.07758833748561e-05	0.00140476888497997	0.000735943479540771
PA.NUS.FCRF_delta1	3.05957628164835e-05	0.00118896380989609	0.000883132175448925
FM.AST.DOMS.CN_avg2	3.05889696373339e-05	0.000542566533111828	0.000441566087724463
FM.AST.DOMS.CN_lag1	2.91290306867534e-05	0.000616876771230333	0.000441566087724463
TX.VAL.MRCH.R6.ZS	2.8893742231001e-05	0.000284007622398124	0.000441566087724463
IT.CEL.SETS	2.87382580882373e-05	0.000976212580214339	0.000588754783632617
BM.KLT.DINV.WD.GD.ZS_ratiomax2	2.79930556409934e-05	0.000884597218150428	0.00103032087135708
SP.POP.3539.MA.5Y	2.79156309897513e-05	1.62871754780286e-05	0.000147188695908154
SP.POP.7579.MA.5Y_rank	2.68567874067854e-05	0.000626038307436724	0.000294377391816309
BX.GSR.NFSV.CD	2.65767152278525e-05	1.73051239454054e-05	0.000147188695908154
EN.GHG.N2O.PI.MT.CE.AR5	2.63771564674007e-05	6.82025473142448e-05	0.000294377391816309
SP.URB.GROW_lag1	2.62432780508474e-05	0.00033897683963647	0.000441566087724463
EN.GHG.CH4.BU.MT.CE.AR5_rank	2.60976637625588e-05	0.000165925600182416	0.000294377391816309
NY.ADJ.DNGY.GN.ZS_lag1	2.54656823027723e-05	0.000455022964917424	0.00103032087135708
AG.PRD.LVSK.XD_avg2	2.43524779553683e-05	0.000469274243460699	0.00103032087135708
SP.POP.0014.FE.ZS_delta1	2.3817444815878e-05	0.00030742043714779	0.000441566087724463
NY.GDP.FCST.CN_delta1	2.32786761926987e-05	0.0112788690185348	0.00441566087724463
FP.CPI.TOTL.ZG_avg2	2.32398745419231e-05	0.00313324538258575	0.00235501913453047
NY.GSR.NFCY.CD_rank	2.31451303012327e-05	0.000175087136388807	0.000441566087724463
NE.GDI.TOTL.ZS_lag1	2.30394458841942e-05	0.000243289683703052	0.000588754783632617
NY.GDP.PCAP.KN_delta1	2.22231871637109e-05	0.00118590996449396	0.000588754783632617
BX.KLT.DINV.WD.GD.ZS_max2	2.16386203406057e-05	0.00148824065930486	0.00132469826317339
SP.DYN.CBRT.IN_lag1	2.12320970027826e-05	0.000588374214143783	0.000441566087724463
SP.DYN.LE00.IN	2.10107632949922e-05	0.000630110101306231	0.000735943479540771
IT.CEL.SETS.P2_ratioavg2	2.04846087070633e-05	0.00078891006221701	0.00103032087135708
BX.GSR.TRAN.ZS_min2	2.04402110776879e-05	0.000195446105736343	0.000441566087724463
NV.IND.TOTL.ZS_lag1	1.9920570541212e-05	0.000559871657057233	0.000883132175448925
TM.VAL.MRCH.HI.ZS	1.97168606555347e-05	5.59871657057233e-05	0.000294377391816309
EN.GHG.N2O.IP.MT.CE.AR5_avg2	1.9660231503202e-05	7.53281865858823e-05	0.000147188695908154
DT.ODA.ODAT.CD_rank	1.84331132539688e-05	0.000198499951138474	0.000147188695908154
EN.GHG.CO2.PC.CE.AR5_min2	1.79819684765132e-05	0.000773640835206359	0.000294377391816309
SP.POP.0509.FE.5Y_lag1	1.78492813593463e-05	0.00441077070914362	0.00176626435089785
SP.POP.3034.FE.5Y_lag1	1.7460297209712e-05	0.00185266621062575	0.000883132175448925
TM.VAL.TRAN.ZS.WT_delta1	1.72635770312717e-05	0.000662684452262289	0.00103032087135708
NY.GSR.NFCY.CD	1.70548906332785e-05	0.00159817909378156	0.0016190756549897
TM.VAL.TRVL.ZS.WT	1.6978276640784e-05	8.55076712596502e-05	0.000294377391816309
NY.GDP.PCAP.CN	1.66682889560708e-05	0.000571069090198378	0.00117750956726523
TM.VAL.AGRI.ZS.UN	1.63947788053215e-05	7.63461350532591e-05	0.000147188695908154
SE.PRM.ENRL_delta1	1.63649168141595e-05	0.000385802469135802	0.00103032087135708
TM.VAL.MRCH.HI.ZS_rank	1.61512827264828e-05	0.000291133261669761	0.000294377391816309
SP.POP.0004.MA.5Y_delta1	1.5331423532435e-05	0.000771604938271605	0.00103032087135708
NV.IND.TOTL.CN_delta1	1.52674360243375e-05	0.00424891690283071	0.00250220783043862
BM.GSR.TRAN.ZS_tend2	1.5209700952403e-05	0.000409215283885469	0.00103032087135708
EN.URB.LCTY_ratioavg2	1.51736952906341e-05	0.000155746115508649	0.000588754783632617
BG.GSR.NFSV.GD.ZS	1.5074254309253e-05	0.000408197335418092	0.000883132175448925
NY.GDP.COAL.RT.ZS	1.50384478365677e-05	0.000280953776995993	0.000294377391816309
FM.AST.NFRG.CN_avg2	1.48531166407379e-05	3.05384540213036e-05	0.000147188695908154
SP.POP.2024.FE.5Y	1.48296255013542e-05	0.000144548682367504	0.000294377391816309
SE.PRM.ENRR.MA	1.47108777023101e-05	0.000194428157268966	0.000735943479540771
TM.VAL.MRCH.CD.WT_delta1	1.46887865116763e-05	8.1435877390143e-05	0.000294377391816309
NY.GSR.NFCY.CN_delta1	1.44089347241542e-05	0.000386820417603179	0.000147188695908154
SP.POP.1564.FE.ZS_rank	1.40711369829158e-05	0.00126429199648197	0.000588754783632617
BX.GSR.MRCH.CD	1.39571331277342e-05	0.000515081924492654	0.000294377391816309
FM.AST.PRVT.GD.ZS_rank	1.3819027315765e-05	4.98794749014626e-05	0.000147188695908154
DC.DAC.DEUL.CD_min2	1.316490646304e-05	0.00161650216619434	0.00103032087135708
SH.MMR.RISK_delta1	1.3162873855453e-05	0.000894776702824196	0.000883132175448925
AG.LND.CREL.HA_ratioavg2	1.31627519665894e-05	0.000439753737906772	0.00147188695908154
SP.POP.5559.FE.5Y	1.31223504287392e-05	0.00582775497573211	0.00250220783043862
TM.VAL.MRCH.R6.ZS_rank	1.30958283939946e-05	7.43102381185055e-05	0.000294377391816309
NE.EXP.GNFS.ZS	1.30760910876229e-05	0.000134369197693736	0.000294377391816309
EN.GHG.CH4.FE.MT.CE.AR5_min2	1.27916394741601e-05	5.49692172383465e-05	0.000147188695908154
TX.VAL.MRCH.R3.ZS_rank	1.2525004746181e-05	0.000210715332746995	0.000294377391816309
SP.POP.2024.MA.5Y_delta1	1.2486365002456e-05	0.000210715332746995	0.000294377391816309
DT.NFL.UNDP.CD_isNA_rank	1.24236450910788e-05	0.000432628098635135	0.000735943479540771
BM.GSR.TRVL.ZS_lag1	1.23804316152782e-05	0.000204607641942734	0.000441566087724463
TX.VAL.MRCH.R4.ZS_lag1	1.22448085543776e-05	0.000366461448255644	0.000883132175448925
EN.GHG.N2O.IC.MT.CE.AR5_lag1	1.21769870185815e-05	2.85025570865501e-05	0.000147188695908154
TX.VAL.MRCH.AL.ZS	1.20601180082673e-05	0.000445861428711033	0.00117750956726523
TX.VAL.FUEL.ZS.UN	1.19409487016657e-05	0.000107902537541939	0.000294377391816309
SH.DYN.MORT_lag1	1.18692086492802e-05	0.00890297729567738	0.00367971739770386
NE.DAB.TOTL.CD_ratioavg2	1.17543024780781e-05	0.000266702498452718	0.000735943479540771
TX.VAL.MRCH.RS.ZS_lag1	1.10903710509925e-05	0.000601607544219682	0.000441566087724463
IT.MLT.MAIN.P2_max2	1.10419155758997e-05	8.65256197270269e-05	0.000147188695908154
trade_balance_ratio_lag1	1.07582227028649e-05	0.000345084530440731	0.000735943479540771
SP.POP.0014.MA.IN_delta1	1.06124821633776e-05	0.000189338414932082	0.000147188695908154
SP.POP.5559.MA.5Y_lag1	1.05081332146657e-05	0.00651385224274406	0.00309096261407124
FM.AST.NFRG.CN_delta1	1.03886915003503e-05	0.00618301899084661	0.00264939652634678
NE.CON.TOTL.KD_tend2	1.03299151201265e-05	0.000149638424704388	0.000294377391816309
TX.VAL.AGRI.ZS.UN_lag1	9.99145276211929e-06	0.000523225512231669	0.000441566087724463
FP.CPI.TOTL_tend2	9.98336166552041e-06	0.000404125541548585	0.000883132175448925
IT.CEL.SETS_ratioavg2	9.90802073167003e-06	0.00103016384898531	0.00132469826317339
EN.GHG.ALL.PC.CE.AR5_lag1	9.77239521371914e-06	1.73051239454054e-05	0.000147188695908154
SP.POP.1519.MA.5Y	9.65463338853024e-06	0.000881543372748298	0.0016190756549897
EN.GHG.CH4.MT.CE.AR5_tend2	9.61883858443909e-06	0.000545620378513958	0.000735943479540771
BX.GSR.GNFS.CD	9.61342364718777e-06	0.000178140981790938	0.000294377391816309
SP.POP.3034.MA.5Y_lag1	9.48154042796815e-06	0.000152692270106518	0.000441566087724463
SH.DYN.MORT.MA	9.37073712121193e-06	0.000682025473142448	0.000441566087724463
SP.POP.4044.MA.5Y	9.34987241932223e-06	0.000116046125280954	0.000294377391816309
FP.CPI.TOTL.ZG	9.15654923554582e-06	0.0022231994527509	0.00250220783043862
SE.PRM.ENRR	9.09029579725654e-06	0.000410233232352845	0.000735943479540771
BM.GSR.CMCP.ZS_min2	9.0050268920416e-06	7.02384442489983e-05	0.000147188695908154
IT.CEL.SETS_tend2	8.964174168133e-06	0.000344066581973354	0.000735943479540771
SP.POP.0014.TO.ZS_delta1	8.95742670768408e-06	0.00019951789960585	0.000147188695908154
SH.DYN.MORT.MA_lag1	8.72228890963287e-06	0.00934374898205153	0.00367971739770386
BM.GSR.CMCP.ZS_ratioavg2	8.67316196938311e-06	0.000239217889833545	0.000735943479540771
EN.GHG.CH4.WA.MT.CE.AR5_avg2	8.50592884131983e-06	3.86820417603179e-05	0.000147188695908154
SP.POP.7579.MA.5Y_lag1	8.39595892900912e-06	0.000576158832535262	0.000588754783632617
EN.GHG.CH4.BU.MT.CE.AR5_delta1	8.36861888839592e-06	0.000458076810319554	0.000735943479540771
EN.GHG.ALL.PC.CE.AR5	8.36701080446388e-06	0.000246343529105183	0.000294377391816309
PA.NUS.ATLS_lag1	8.26447760546578e-06	0.000123171764552591	0.000147188695908154
AG.PRD.LVSK.XD_lag1	8.10593440127723e-06	0.000268738395387472	0.000441566087724463
NE.CON.PRVT.ZS_tend2	8.02434502173849e-06	0.000377658881396788	0.00132469826317339
NY.GNP.ATLS.CD	8.0005091111795e-06	0.000786874165282257	0.000441566087724463
BX.GSR.FCTY.CD_ratioavg2	7.96480685381239e-06	0.000247361477572559	0.000588754783632617
NV.IND.TOTL.ZS_delta1	7.88623478259165e-06	0.000531369099970683	0.00132469826317339
NY.GDP.PCAP.CD	7.88389190062148e-06	0.000561907553991987	0.000294377391816309
SH.IMM.IDPT_lag1	7.81774022632995e-06	0.000466220398058569	0.000441566087724463
FP.CPI.TOTL_ratioavg2	7.70445571840609e-06	0.000290115313202384	0.000441566087724463
EN.GHG.CH4.BU.MT.CE.AR5_avg2	7.54613361524666e-06	5.2933320303593e-05	0.000147188695908154
BX.GRT.TECH.CD.WD_min2	7.53645803772614e-06	0.000594481904948044	0.000735943479540771
NY.GDP.TOTL.RT.ZS	7.21610734589626e-06	0.00087441773347666	0.000883132175448925
FD.AST.PRVT.GD.ZS_min2	7.11101364141744e-06	0.00056394345092674	0.000294377391816309
TM.VAL.OTHR.ZS.WT_isNA_rank	7.06686312427142e-06	0.00165925600182416	0.00132469826317339
TM.VAL.MRCH.R4.ZS	7.06375528487671e-06	0.00036442555132089	0.000735943479540771
NE.CON.PRVT.KD_isNA_rank	6.99406569834496e-06	0.000188320466464706	0.000735943479540771
BM.GSR.TRVL.ZS_min2	6.89110914417503e-06	0.000123171764552591	0.000147188695908154
AG.LND.ARBL.HA.PC_min2	6.85783497727792e-06	0.000834717743248966	0.000441566087724463
SP.POP.4549.FE.5Y_rank	6.72921362153286e-06	3.86820417603179e-05	0.000147188695908154
EN.GHG.CO2.FE.MT.CE.AR5	6.5737136592155e-06	2.95205055539268e-05	0.000147188695908154
SP.POP.1564.FE.IN_delta1	6.54434373689624e-06	7.12563927163751e-05	0.000147188695908154
DT.ODA.ALLD.KD_avg2	6.3962156391448e-06	0.00185979184989739	0.000735943479540771
EN.GHG.CO2.IP.MT.CE.AR5_tend2	6.36358637084055e-06	6.51487019121144e-05	0.000294377391816309
DT.ODA.ODAT.CD_max2	6.25319501836376e-06	0.00219673279259911	0.000883132175448925
IT.CEL.SETS.P2_avg2	6.24726440282711e-06	0.000365443499788267	0.000735943479540771
SP.POP.3034.FE.5Y_delta1	5.86093498379679e-06	0.00173051239454054	0.00206064174271416
NY.GSR.NFCY.CN_isNA_rank	5.81515984366105e-06	0.00044993322258054	0.000588754783632617
MS.MIL.XPND.CD_tend2	5.79815403643171e-06	0.000150656373171765	0.000588754783632617
NY.GNP.MKTP.CN_lag1	5.65913316322119e-06	0.00041837682009186	0.000294377391816309
SP.POP.1519.MA.5Y_rank	5.65539847255002e-06	0.000183230724127822	0.000588754783632617
NE.TRD.GNFS.ZS_delta1	5.56607241299278e-06	0.000658612658392782	0.000883132175448925
SP.POP.3539.MA.5Y_delta1	5.4208594033003e-06	0.000462148604189062	0.000588754783632617
IT.CEL.SETS.P2_tend2	5.34281835294506e-06	0.00141087657578423	0.00206064174271416
DT.ODA.ODAT.GN.ZS_max2	5.2809584637114e-06	0.00293474543144728	0.00132469826317339
AG.PRD.CROP.XD	5.19268437362862e-06	0.000960943353203687	0.00176626435089785
SP.RUR.TOTL.ZS_lag1	5.05008654239413e-06	0.000375622984462035	0.000147188695908154
SP.POP.2024.FE.5Y_rank	5.0457662801446e-06	2.13769178149125e-05	0.000147188695908154
DC.DAC.CANL.CD_lag1	5.01027918665106e-06	0.000149638424704388	0.000294377391816309
SE.PRM.ENRL.FE.ZS	4.94743062820417e-06	0.000631128049773608	0.00103032087135708
IT.MLT.MAIN.P2	4.90597401084722e-06	0.000426520407830874	0.000294377391816309
MS.MIL.XPND.CD_ratioavg2	4.82230414696712e-06	0.000458076810319554	0.00132469826317339
SP.POP.6569.FE.5Y	4.80744759090989e-06	0.000111974331411447	0.000294377391816309
BX.KLT.DINV.CD.WD_lag1	4.75627497273053e-06	4.27538356298251e-05	0.000147188695908154
SP.URB.TOTL.IN.ZS_lag1	4.70564512642771e-06	0.00233924557803186	0.00132469826317339
DT.ODA.ODAT.KD_rank	4.67141758815859e-06	0.00038987426300531	0.000441566087724463
SH.IMM.IDPT	4.58066707203202e-06	0.00123578943939542	0.000883132175448925
NY.GDP.MKTP.CN_lag1	4.56058794827906e-06	0.00108004332388677	0.000588754783632617
TX.VAL.FOOD.ZS.UN	4.53852538775191e-06	0.00434867585263364	0.00220783043862231
BM.KLT.DINV.CD.WD_ratioavg2	4.48333083171221e-06	0.000747174175054562	0.00103032087135708
SP.POP.3034.MA.5Y_delta1	4.44649505087771e-06	0.00181907391120232	0.00206064174271416
IT.CEL.SETS.P2_max2	4.42783101383808e-06	0.00102100231277892	0.000883132175448925
NE.CON.PRVT.PC.KD_max2	4.42369994010668e-06	2.03589693475358e-05	0.000147188695908154
TM.VAL.INSF.ZS.WT	4.40141658901341e-06	0.000994535652627121	0.00103032087135708
SE.SEC.ENRR_delta1	4.40140836392067e-06	0.000549692172383465	0.000883132175448925
SP.POP.65UP.FE.ZS	4.38575630647977e-06	0.00186793543763641	0.000735943479540771
SE.SEC.ENRR_lag1	4.27562935244729e-06	0.00030742043714779	0.000588754783632617
EN.GHG.ALL.PC.CE.AR5_delta1	4.21151718974226e-06	0.000386820417603179	0.000735943479540771
AG.YLD.CREL.KG_avg2	4.19885542876963e-06	6.92204957816215e-05	0.000294377391816309
TM.VAL.INSF.ZS.WT_lag1	4.1748497391797e-06	0.000451969119515294	0.000441566087724463
SP.POP.1519.MA.5Y_lag1	4.16473678871762e-06	0.000289097364735008	0.000441566087724463
SH.DTH.NMRT	4.13221161685217e-06	0.000386820417603179	0.000147188695908154
FD.AST.PRVT.GD.ZS	4.06162453019227e-06	0.000442807583308903	0.000883132175448925
SP.POP.3539.MA.5Y_rank	4.05568565540741e-06	9.36512589986645e-05	0.000147188695908154
BX.KLT.DINV.CD.WD_min2	4.04940896112893e-06	0.00142207400892537	0.00132469826317339
EN.GHG.N2O.TR.MT.CE.AR5_rank	4.04688136054255e-06	7.63461350532591e-05	0.000147188695908154
SP.POP.0004.FE.5Y_delta1	4.03763955314549e-06	0.00025346916837682	0.000441566087724463
EN.GHG.CH4.BU.MT.CE.AR5_ratioavg2	3.95559281230412e-06	0.000352210169712369	0.00103032087135708
SP.POP.6064.FE.5Y_lag1	3.93444914047083e-06	0.000578194729470015	0.000294377391816309
SP.RUR.TOTL.ZG_delta1	3.90769934239992e-06	0.00463573732043389	0.00250220783043862
AG.SRF.TOTL.K2_ratioavg2	3.89061673391603e-06	0.00301821720577218	0.00117750956726523
NV.IND.TOTL.CN	3.85814296397478e-06	0.00117369458288544	0.00103032087135708
consumption_efficiency_lag1	3.85227711927795e-06	0.00336126583927815	0.00206064174271416
BM.KLT.DINV.WD.GD.ZS_ratioavg2	3.73150321354262e-06	0.000145566630834881	0.000588754783632617
BM.GSR.MRCH.CD_delta1	3.72526138535179e-06	0.000371551190592527	0.000588754783632617
NE.IMP.GNFS.KD_isNA_rank	3.72019827097867e-06	0.000923279259910746	0.000588754783632617
BM.GSR.GNFS.CD_tend2	3.68464267630643e-06	0.000377658881396788	0.000441566087724463
BX.GSR.MRCH.CD_lag1	3.6724255881665e-06	0.000157782012443402	0.000294377391816309
NY.GDP.FCST.KD_isNA_rank	3.63749901988088e-06	0.00135387146161113	0.0016190756549897
IT.MLT.MAIN_delta1	3.6369113914171e-06	0.000239217889833545	0.000735943479540771
DT.ODA.ODAT.PC.ZS	3.62564665733674e-06	7.43102381185055e-05	0.000294377391816309
SP.POP.2529.FE.5Y	3.60050202711089e-06	0.00100471513730089	0.000883132175448925
TX.VAL.MRCH.R3.ZS_delta1	3.48752376525984e-06	0.00171320727059513	0.00132469826317339
BM.GSR.CMCP.ZS_lag1	3.41263378149685e-06	9.97589498029252e-05	0.000294377391816309
NV.IND.MANF.ZS_delta1	3.40630897068975e-06	0.00164195087787876	0.00117750956726523
FS.AST.CGOV.GD.ZS_isNA_rank	3.38673872228593e-06	0.000327779406495326	0.000588754783632617
NE.IMP.GNFS.ZS_delta1	3.37525755546425e-06	0.000904956187497964	0.00176626435089785
NE.EXP.GNFS.KD.ZG_isNA_rank	3.36780950403981e-06	2.64666601517965e-05	0.000147188695908154
SE.PRM.ENRR.MA_isNA_rank	3.33410512722547e-06	0.000328797354962702	0.000588754783632617
DC.DAC.DEUL.CD	3.31084765627231e-06	0.0007542998143262	0.000883132175448925
TM.VAL.MANF.ZS.UN_lag1	3.26595202235625e-06	0.000524243460699046	0.000588754783632617
BX.GSR.FCTY.CD_tend2	3.23972986663924e-06	0.000843879279455357	0.0016190756549897
TM.VAL.INSF.ZS.WT_delta1	3.23210410652887e-06	0.000269756343854849	0.000588754783632617
DC.DAC.TOTL.CD	3.21669900015018e-06	0.00109836639629955	0.000735943479540771
NE.EXP.GNFS.ZS_delta1	3.18707717165996e-06	0.000184248672595199	0.000441566087724463
SP.POP.7579.MA.5Y	3.11105158529861e-06	0.000396999902276947	0.000294377391816309
SP.POP.DPND_delta1	3.09162170629054e-06	0.000168979445584547	0.000441566087724463
NY.ADJ.DFOR.GN.ZS_isNA_rank	3.06765791127618e-06	0.00127956122349262	0.00147188695908154
EN.POP.DNST_tend2	3.06683940821004e-06	8.95794651291573e-05	0.000294377391816309
DT.ODA.ODAT.PC.ZS_max2	3.03754086994868e-06	0.00219062510179485	0.000883132175448925
TM.VAL.MRCH.R2.ZS_delta1	3.03540088361737e-06	0.00437310661585068	0.00309096261407124
DT.ODA.ALLD.KD_min2	3.0015695074835e-06	0.000378676829864165	0.000147188695908154
NV.AGR.TOTL.KD.ZG	2.91162946409613e-06	0.000161853806312909	0.00103032087135708
NY.ADJ.DNGY.GN.ZS_delta1	2.86969866108302e-06	5.2933320303593e-05	0.000294377391816309
EN.POP.DNST_max2	2.86617220914994e-06	0.00120932277924362	0.000735943479540771
TX.VAL.MRCH.OR.ZS_delta1	2.85668358973592e-06	0.000190356363399459	0.000883132175448925
EN.POP.DNST_delta1	2.81728633018232e-06	0.000260594807648458	0.000441566087724463
AG.LND.AGRI.ZS_avg2	2.79978415024778e-06	0.00183230724127822	0.000735943479540771
NV.IND.TOTL.KD.ZG_lag1	2.75924912354118e-06	0.000348138375842861	0.00117750956726523
AG.LND.AGRI.ZS_max2	2.72581732333385e-06	0.00415322974689729	0.00176626435089785
FS.AST.CGOV.GD.ZS	2.72094784542763e-06	0.00125818430567771	0.00117750956726523
BM.GSR.INSF.ZS_lag1	2.70841520719276e-06	0.000963997198605818	0.00132469826317339
SP.URB.TOTL.IN.ZS_delta1	2.67521349073016e-06	7.63461350532591e-05	0.000147188695908154
SH.MMR.RISK.ZS_delta1	2.66264129767377e-06	0.000211733281214372	0.000735943479540771
DC.DAC.CECL.CD_rank	2.65806088471881e-06	0.000201553796540604	0.000735943479540771
NY.ADJ.AEDU.GN.ZS_isNA_rank	2.64222360343901e-06	0.00014251278543275	0.000294377391816309
BX.GSR.TRAN.ZS_avg2	2.63610667975951e-06	0.000252451219909443	0.000441566087724463
BM.GSR.CMCP.ZS_rank	2.62929604688113e-06	8.85615166617805e-05	0.000147188695908154
EN.GHG.CO2.IP.MT.CE.AR5_delta1	2.61650791539551e-06	0.000254487116844197	0.000588754783632617
DC.DAC.DEUL.CD_tend2	2.61073472922581e-06	0.000698312648620476	0.000735943479540771
BM.GSR.TRVL.ZS_delta1	2.6035868084203e-06	6.92204957816215e-05	0.000294377391816309
SP.POP.0014.FE.IN_delta1	2.5913592447495e-06	0.0002280204566924	0.000588754783632617
NY.GDS.TOTL.ZS_rank	2.58898053216431e-06	3.46102478908108e-05	0.000147188695908154
BM.GSR.TRAN.ZS_delta1	2.55577653447166e-06	0.000120117919150461	0.000294377391816309
NV.IND.TOTL.ZS_isNA_rank	2.53136160432844e-06	0.000212751229681749	0.000883132175448925
FI.RES.TOTL.MO_isNA_rank	2.51794548465476e-06	0.000921243362975993	0.000735943479540771
NE.CON.PRVT.CD_isNA_rank	2.5102663949392e-06	0.00033286914883221	0.00103032087135708
DT.ODA.ALLD.CD_avg2	2.50361392523076e-06	0.00327270432261637	0.00147188695908154
SP.POP.0014.MA.ZS	2.49532730209489e-06	3.96999902276947e-05	0.000147188695908154
DT.ODA.ALLD.KD_rank	2.46647129118347e-06	4.07179386950715e-05	0.000147188695908154
EG.ELC.FOSL.ZS_ratioavg2	2.4591407963074e-06	0.000271792240789602	0.000883132175448925
SP.POP.65UP.MA.ZS_delta1	2.45121591783979e-06	6.41307534447376e-05	0.000147188695908154
TM.VAL.MRCH.OR.ZS_delta1	2.44458548114304e-06	0.000157782012443402	0.000441566087724463
EN.GHG.CH4.TR.MT.CE.AR5_max2	2.42073333965534e-06	5.90410111078537e-05	0.000147188695908154
MS.MIL.XPND.GD.ZS_max2	2.40369974767992e-06	2.13769178149125e-05	0.000147188695908154
DC.DAC.CECL.CD_delta1	2.39863813035027e-06	0.000619930616632464	0.000441566087724463
NY.ADJ.DKAP.CD	2.39273288816502e-06	0.000411251180820222	0.000294377391816309
NE.IMP.GNFS.KD	2.37239224856707e-06	0.000123171764552591	0.000294377391816309
BX.KLT.DINV.WD.GD.ZS_avg2	2.36851170042365e-06	0.0011227971595166	0.00103032087135708
NE.CON.TOTL.KD.ZG_isNA_rank	2.36379316524746e-06	0.000464184501123815	0.000588754783632617
NV.AGR.TOTL.KD_rank	2.36002890570879e-06	6.00589595752305e-05	0.000147188695908154
BX.KLT.DINV.CD.WD_delta1	2.34550728267874e-06	0.000698312648620476	0.000883132175448925
EG.ELC.PETR.ZS	2.33913175329687e-06	0.000174069187921431	0.000441566087724463
NY.GDP.MKTP.KD.ZG_isNA_rank	2.33375934569345e-06	0.000420412717026613	0.00117750956726523
EN.URB.MCTY.TL.ZS	2.30623888475392e-06	0.000628074204371478	0.000735943479540771
NY.GDP.TOTL.RT.ZS_rank	2.23632345606894e-06	0.000255505065311574	0.000294377391816309
EN.GHG.ALL.MT.CE.AR5_ratioavg2	2.23611353236729e-06	8.34717743248966e-05	0.000147188695908154
EN.GHG.CH4.IC.MT.CE.AR5	2.23133716964903e-06	6.00589595752305e-05	0.000147188695908154
EN.GHG.CO2.TR.MT.CE.AR5	2.22514753304663e-06	6.00589595752305e-05	0.000294377391816309
FS.AST.PRVT.GD.ZS_ratiomax2	2.19993813249763e-06	0.000108920486009316	0.000147188695908154
BX.PEF.TOTL.CD.WD_avg2	2.19217683795508e-06	0.000265684549985342	0.000883132175448925
NY.ADJ.DNGY.CD	2.17918118077693e-06	0.000494722955145119	0.00117750956726523
MS.MIL.XPND.GD.ZS	2.17461882430321e-06	0.000815376722368807	0.00132469826317339
BX.KLT.DINV.CD.WD_max2	2.17185182672704e-06	0.000165925600182416	0.000441566087724463
BX.GSR.TRVL.ZS_isNA_rank	2.08863752933895e-06	0.000393946056874817	0.000735943479540771
AG.LND.CROP.ZS	2.08488683020449e-06	4.88615264340858e-05	0.000147188695908154
AG.PRD.LVSK.XD_max2	2.06553123697054e-06	0.00111159972637545	0.000883132175448925
IS.AIR.GOOD.MT.K1_delta1	1.99427012321805e-06	0.00108615101469103	0.00103032087135708
EN.GHG.CO2.PI.MT.CE.AR5_delta1	1.97301933641442e-06	9.05974135965341e-05	0.000294377391816309
NV.IND.TOTL.KD_isNA_rank	1.9593970606871e-06	0.000202571745007981	0.000588754783632617
NE.IMP.GNFS.KD.ZG	1.95704874213854e-06	0.000562925502459364	0.000588754783632617
SP.POP.4549.FE.5Y_delta1	1.95049259316508e-06	0.000240235838300922	0.000735943479540771
TM.VAL.SERV.CD.WT_delta1	1.9342732842912e-06	0.000112992279878823	0.000147188695908154
FS.AST.CGOV.GD.ZS_ratioavg2	1.90226746002217e-06	0.000482507573536597	0.000735943479540771
DC.DAC.DEUL.CD_rank	1.88512155630854e-06	0.00103728948825695	0.000735943479540771
MS.MIL.MPRT.KD	1.84625192828158e-06	7.12563927163751e-05	0.000441566087724463
TM.VAL.TRVL.ZS.WT_delta1	1.82947553821039e-06	0.00118692791296133	0.0016190756549897
NV.IND.MANF.KD_isNA_rank	1.82865324072152e-06	0.00248684810580149	0.00235501913453047
SP.DYN.AMRT.MA_delta1	1.82473367365872e-06	0.000121135867617838	0.000147188695908154
BM.GSR.TRAN.ZS_lag1	1.80415695587985e-06	0.000109938434476693	0.000294377391816309
BM.GSR.TRVL.ZS_ratioavg2	1.79115242212222e-06	0.000213769178149125	0.000588754783632617
NE.EXP.GNFS.KD.ZG_lag1	1.76629499068798e-06	0.000390892211472686	0.000588754783632617
EN.GHG.N2O.PI.MT.CE.AR5_delta1	1.75819340447548e-06	0.000172033290986677	0.000441566087724463
TX.VAL.MRCH.HI.ZS_rank	1.75601431801042e-06	8.04179289227662e-05	0.000147188695908154
SP.ADO.TFRT	1.74209515787663e-06	0.00219876868953386	0.000883132175448925
AG.PRD.CREL.MT_lag1	1.74027664093949e-06	0.000118082022215707	0.000294377391816309
DC.DAC.USAL.CD_isNA_rank	1.73743958184057e-06	0.000204607641942734	0.000294377391816309
EN.GHG.N2O.PI.MT.CE.AR5_lag1	1.72924654303318e-06	4.17358871624483e-05	0.000147188695908154
AG.LND.AGRI.ZS_delta1	1.69836519648274e-06	0.000116046125280954	0.000294377391816309
TM.VAL.MRCH.WL.CD_delta1	1.69159074094197e-06	7.43102381185055e-05	0.000294377391816309
DT.ODA.ODAT.CD_lag1	1.67934239046959e-06	0.00114213818039676	0.000588754783632617
SP.DYN.IMRT.FE.IN_delta1	1.66262082774114e-06	6.61666503794912e-05	0.000147188695908154
BX.TRF.PWKR.CD.DT_max2	1.66072862493481e-06	3.46102478908108e-05	0.000147188695908154
BX.KLT.DINV.WD.GD.ZS_min2	1.64903414689221e-06	0.000233110199029284	0.000735943479540771
SP.POP.GROW_delta1	1.63266036312703e-06	0.000401071696146454	0.00103032087135708
SE.SEC.ENRL_delta1	1.62672198511095e-06	0.00114519202579889	0.00176626435089785
BM.GSR.FCTY.CD_max2	1.61442615695581e-06	2.54487116844197e-05	0.000147188695908154
EN.GHG.CO2.IC.MT.CE.AR5_ratiomax2	1.61048276594531e-06	0.000601607544219682	0.000735943479540771
FS.AST.PRVT.GD.ZS_ratioavg2	1.5502689166625e-06	0.000363407602853513	0.00103032087135708
EN.GHG.CO2.BU.MT.CE.AR5_tend2	1.54791573600128e-06	3.66461448255644e-05	0.000147188695908154
TX.VAL.MMTL.ZS.UN_delta1	1.54653358576355e-06	8.75435681944037e-05	0.000294377391816309
EN.GHG.ALL.MT.CE.AR5_delta1	1.54377934692994e-06	0.000508974233688394	0.000294377391816309
FP.CPI.TOTL.ZG_delta1	1.54357879334416e-06	0.000860166454933385	0.00147188695908154
BM.KLT.DINV.CD.WD_min2	1.53478261891498e-06	0.00113094074725561	0.000735943479540771
SE.PRM.ENRR.MA_rank	1.52240541036388e-06	0.000263648653050588	0.000294377391816309
NV.AGR.TOTL.KD	1.50343789204272e-06	0.000102812795205056	0.000294377391816309
IT.MLT.MAIN.P2_min2	1.47810876919894e-06	0.00011095638294407	0.000441566087724463
trade_balance_ratio_delta1	1.47715567376959e-06	0.000854058764129125	0.000883132175448925
NE.RSB.GNFS.CD_isNA_rank	1.47199783633217e-06	0.000160835857845532	0.000588754783632617
NE.RSB.GNFS.CN_delta1	1.46652746822099e-06	0.00230158148473892	0.000883132175448925
NV.IND.TOTL.KD	1.46609966420078e-06	9.67051044007948e-05	0.000147188695908154
SP.DYN.IMRT.IN	1.46508804393585e-06	0.00105866640607186	0.000441566087724463
BX.KLT.DINV.CD.WD_ratiomax2	1.46448030282385e-06	3.56281963581876e-05	0.000147188695908154
TM.VAL.AGRI.ZS.UN_rank	1.43640757930317e-06	0.00145770220528356	0.000883132175448925
longevity_per_gdp_lag1	1.43572285096569e-06	0.000191374311866836	0.000883132175448925
NE.CON.GOVT.ZS_lag1	1.42855339461198e-06	0.00140171503957784	0.000883132175448925
DC.DAC.CECL.CD_min2	1.42745077524434e-06	0.000618912668165087	0.000735943479540771
NV.IND.TOTL.KD.ZG_delta1	1.38769471325146e-06	0.00031047428254992	0.000735943479540771
DT.ODA.ALLD.CD_lag1	1.3847080851884e-06	0.00146584579302257	0.000588754783632617
IT.MLT.MAIN_isNA_rank	1.37522803209203e-06	0.00131518941985081	0.00103032087135708
EG.ELC.HYRO.ZS_ratioavg2	1.37041627459343e-06	0.000420412717026613	0.000588754783632617
NE.EXP.GNFS.KD_delta1	1.36996024552434e-06	0.000536458842307567	0.00103032087135708
AG.PRD.FOOD.XD_lag1	1.36970951728504e-06	0.000311492231017297	0.000883132175448925
TM.VAL.MRCH.R3.ZS	1.3611010987422e-06	0.000190356363399459	0.000441566087724463
DT.ODA.ODAT.GN.ZS	1.35779954958177e-06	0.000368497345190397	0.000147188695908154
BX.KLT.DINV.CD.WD_ratioavg2	1.3523378392381e-06	0.000713581875631128	0.00147188695908154
BX.GRT.TECH.CD.WD_tend2	1.32750685130149e-06	0.000176105084856184	0.000441566087724463
SP.DYN.LE00.MA.IN_rank	1.31759560342664e-06	0.000749210071989316	0.000294377391816309
SH.IMM.MEAS	1.31121705834704e-06	0.000603643441154435	0.000441566087724463
BX.GSR.FCTY.CD_ratiomax2	1.30523941592594e-06	4.98794749014626e-05	0.000147188695908154
EG.ELC.NGAS.ZS_ratioavg2	1.30380445184435e-06	0.00028197172546337	0.00103032087135708
TM.VAL.MRCH.R1.ZS_delta1	1.28923719013959e-06	0.000222930714355516	0.000883132175448925
FS.AST.CGOV.GD.ZS_max2	1.28737061555629e-06	0.000495740903612496	0.000294377391816309
DT.ODA.ALLD.KD_isNA_rank	1.28057137023599e-06	0.000320653767223688	0.000294377391816309
BX.KLT.DINV.WD.GD.ZS_tend2	1.27846848846913e-06	0.000388856314537933	0.000735943479540771
SP.POP.2529.FE.5Y_lag1	1.2766536919301e-06	0.000416340923157106	0.000441566087724463
SP.POP.7579.FE.5Y_delta1	1.27481316890982e-06	0.00260594807648458	0.00147188695908154
FM.LBL.BMNY.GD.ZS_tend2	1.25286338393428e-06	0.00114620997426626	0.00235501913453047
NE.EXP.GNFS.CD_rank	1.25283085174366e-06	5.19153718362162e-05	0.000147188695908154
SE.SEC.ENRL.GC.FE.ZS_isNA_rank	1.24462145273253e-06	2.95205055539268e-05	0.000147188695908154
BX.TRF.PWKR.DT.GD.ZS_ratioavg2	1.24422716694057e-06	0.000147602527769634	0.000735943479540771
EG.ELC.NUCL.ZS_min2	1.23492030304515e-06	7.22743411837519e-05	0.000294377391816309
TX.VAL.FUEL.ZS.UN_isNA_rank	1.23425462480768e-06	7.43102381185055e-05	0.000294377391816309
SE.SEC.ENRL.GC.FE.ZS	1.2199783414806e-06	0.000861184403400762	0.00176626435089785
TX.VAL.TRAN.ZS.WT_lag1	1.20713064788544e-06	0.000314546076419427	0.000735943479540771
ER.H2O.INTR.PC_ratiomax2	1.19981629626536e-06	6.61666503794912e-05	0.000294377391816309
AG.PRD.CROP.XD_min2	1.19039896934755e-06	0.000580230626404769	0.000883132175448925
SH.MMR.DTHS_delta1	1.18613213189273e-06	0.000708492133294244	0.000735943479540771
SP.DYN.TO65.MA.ZS_delta1	1.18467631809632e-06	0.000331851200364833	0.000735943479540771
BX.KLT.DINV.CD.WD_tend2	1.16039776559611e-06	0.000343048633505977	0.000588754783632617
SE.PRM.ENRR.FE_isNA_rank	1.15589748325008e-06	0.000330833251897456	0.000588754783632617
SP.POP.0509.FE.5Y_delta1	1.155892589211e-06	0.00019646405420372	0.000883132175448925
BX.GRT.TECH.CD.WD	1.14887609926186e-06	0.000384784520668426	0.000588754783632617
SP.POP.4044.FE.5Y_delta1	1.12748379786441e-06	6.51487019121144e-05	0.000147188695908154
EG.ELC.NUCL.ZS_tend2	1.11802606435788e-06	0.000141494836965373	0.000294377391816309
MS.MIL.MPRT.KD_isNA_rank	1.11156229909341e-06	0.0014821329685006	0.00132469826317339
BX.TRF.CURR.CD_isNA_rank	1.10841556828511e-06	0.000793999804553894	0.00103032087135708
TX.VAL.MRCH.WL.CD_delta1	1.1055280371666e-06	0.000258558910713704	0.000294377391816309
FP.CPI.TOTL_rank	1.10438084742503e-06	0.000198499951138474	0.000294377391816309
FP.CPI.TOTL_isNA_rank	1.10431396058493e-06	0.000882561321215675	0.000735943479540771
AG.LND.AGRI.ZS	1.09465418114715e-06	0.00102914590051793	0.000883132175448925
IS.AIR.DPRT_lag1	1.08654853158236e-06	5.70051141731001e-05	0.000294377391816309
BM.KLT.DINV.CD.WD_isNA_rank	1.0864387513103e-06	0.000378676829864165	0.000883132175448925
ER.FSH.PROD.MT_ratiomax2	1.07325042238132e-06	1.83230724127822e-05	0.000147188695908154
ER.FSH.AQUA.MT_delta1	1.06871111726754e-06	1.73051239454054e-05	0.000147188695908154
TM.VAL.OTHR.ZS.WT	1.06794174943328e-06	0.000262630704583211	0.00103032087135708
TG.VAL.TOTL.GD.ZS_lag1	1.06665325186748e-06	0.000608733183491319	0.000883132175448925
NE.GDI.TOTL.ZS_isNA_rank	1.06660421918839e-06	5.80230626404769e-05	0.000294377391816309
EN.GHG.CH4.TR.MT.CE.AR5_tend2	1.05847865113283e-06	0.000415322974689729	0.000735943479540771
TX.VAL.SERV.CD.WT_delta1	1.05307592935881e-06	0.00240134043454184	0.00103032087135708
SP.POP.BRTH.MF	1.0433699459467e-06	3.96999902276947e-05	0.000147188695908154
DT.ODA.ALLD.CD	1.0328338768622e-06	0.000413287077754976	0.000588754783632617
AG.LND.CROP.ZS_ratioavg2	1.02423452701591e-06	0.00151674321639141	0.000883132175448925
DC.DAC.DEUL.CD_lag1	1.02336181488805e-06	0.00103321769438744	0.000735943479540771
Country_Code	1.02178781134523e-06	0.000405143490015961	0.000294377391816309
AG.CON.FERT.ZS_tend2	1.02174140025396e-06	0.000544602430046581	0.000883132175448925
NV.IND.MANF.ZS	1.01454217958586e-06	0.00246343529105183	0.00117750956726523
TM.VAL.MRCH.OR.ZS_lag1	1.01303803075622e-06	0.000555799863187726	0.000735943479540771
BM.GSR.FCTY.CD_isNA_rank	1.01002793381699e-06	0.000159817909378156	0.000441566087724463
BX.GRT.EXTA.CD.WD	1.0050385910966e-06	0.000147602527769634	0.000147188695908154
FP.CPI.TOTL.ZG_isNA_rank	9.83956731859231e-07	0.000872381836541907	0.000735943479540771
BM.GSR.CMCP.ZS_avg2	9.79464615452808e-07	0.000141494836965373	0.000441566087724463
SE.SEC.ENRL.GC.FE.ZS_lag1	9.73402776701508e-07	0.0001140102283462	0.000294377391816309
NY.ADJ.DRES.GN.ZS_rank	9.70206923239876e-07	0.000211733281214372	0.000588754783632617
FP.CPI.TOTL.ZG_isNA	9.63604442896248e-07	0.000210715332746995	0.000147188695908154
DT.ODA.ODAT.GN.ZS_lag1	9.61488611655428e-07	0.000285025570865501	0.000147188695908154
AG.CON.FERT.ZS_lag1	9.61269632544077e-07	0.00016796149711717	0.000441566087724463
SP.POP.2529.FE.5Y_delta1	9.58469406124119e-07	0.000821484413173068	0.000735943479540771
BM.KLT.DINV.WD.GD.ZS_isNA_rank	9.58248042116812e-07	0.000198499951138474	0.000441566087724463
SP.POP.1564.FE.ZS_lag1	9.56365906599924e-07	0.000102812795205056	0.000294377391816309
BM.GSR.NFSV.CD_isNA_rank	9.54675008320072e-07	0.000631128049773608	0.000883132175448925
TM.VAL.TRAN.ZS.WT	9.51896849377151e-07	0.00149434835010912	0.00132469826317339
BX.GSR.TRAN.ZS_lag1	9.45689193156595e-07	1.83230724127822e-05	0.000147188695908154
NE.EXP.GNFS.KD.ZG	9.41849890705743e-07	0.000553763966252972	0.000883132175448925
NE.IMP.GNFS.KD.ZG_delta1	9.41425506441472e-07	0.00388041955764031	0.00309096261407124
EN.GHG.N2O.FE.MT.CE.AR5_tend2	9.31864505923474e-07	0.000488615264340858	0.000441566087724463
EN.GHG.CH4.PI.MT.CE.AR5_ratioavg2	9.28760048610729e-07	9.46692074660412e-05	0.000441566087724463
SP.POP.65UP.MA.ZS_rank	9.2615804168899e-07	0.000653522916055898	0.000294377391816309
AG.YLD.CREL.KG	9.21769527179922e-07	0.000379694778331542	0.000441566087724463
SP.POP.4044.MA.5Y_delta1	9.06697434306449e-07	0.000301312746343529	0.000735943479540771
EN.GHG.CO2.IC.MT.CE.AR5_ratioavg2	9.03154459038996e-07	0.00053544089384019	0.00147188695908154
NV.AGR.TOTL.KD.ZG_lag1	9.00672180213002e-07	0.00114519202579889	0.00147188695908154
NY.GDP.DEFL.ZS_delta1	8.96731808592738e-07	0.000716635721033259	0.000441566087724463
BX.PEF.TOTL.CD.WD_min2	8.8664332816559e-07	0.000738012638848171	0.00117750956726523
TX.VAL.MRCH.WR.ZS_delta1	8.82469618116917e-07	0.000597535750350174	0.000883132175448925
NY.GDS.TOTL.CD_isNA_rank	8.72867049982271e-07	7.32922896511287e-05	0.000294377391816309
NY.GDP.PCAP.KN_isNA_rank	8.71216439659713e-07	0.000176105084856184	0.000588754783632617
NV.SRV.TOTL.KD.ZG	8.68189105744546e-07	0.000412269129287599	0.000735943479540771
IS.AIR.GOOD.MT.K1_lag1	8.66256523667244e-07	0.000185266621062575	0.000441566087724463
TM.VAL.MRCH.WR.ZS	8.56881409366503e-07	0.000212751229681749	0.000588754783632617
SP.POP.GROW_lag1	8.48076671195139e-07	6.31128049773608e-05	0.000294377391816309
EG.ELC.NGAS.ZS_tend2	8.45692198665287e-07	0.000176105084856184	0.000441566087724463
BX.GSR.CMCP.ZS_ratioavg2	8.44716974438726e-07	0.000229038405159777	0.000588754783632617
FI.RES.TOTL.CD_isNA_rank	8.4128897600379e-07	0.000274846086191733	0.000441566087724463
AG.LND.ARBL.HA_delta1	8.37633285872045e-07	0.000715617772565882	0.000883132175448925
NE.RSB.GNFS.ZS_lag1	8.37620707810164e-07	0.000360353757451383	0.000588754783632617
EG.ELC.COAL.ZS_ratioavg2	8.29389634154972e-07	0.00011095638294407	0.000294377391816309
DC.DAC.CANL.CD_tend2	8.23356605063972e-07	0.000214787126616502	0.000588754783632617
IT.MLT.MAIN.P2_lag1	8.18554667619939e-07	2.34128147496661e-05	0.000147188695908154
SP.POP.4549.MA.5Y_delta1	8.16916866893315e-07	0.000829628000912082	0.00132469826317339
SE.PRM.TCHR_delta1	8.16400349920838e-07	0.000473346037330206	0.00147188695908154
TM.VAL.MRCH.AL.ZS_delta1	8.13809258285483e-07	0.00127854327502525	0.00117750956726523
SP.POP.1564.MA.ZS_delta1	8.10610595233472e-07	0.000375622984462035	0.000441566087724463
EN.GHG.N2O.FE.MT.CE.AR5_ratioavg2	8.0859774072754e-07	0.000527297306101176	0.000441566087724463
IT.MLT.MAIN.P2_isNA_rank	8.08389063323463e-07	0.000341012736571224	0.000735943479540771
SP.POP.5054.FE.5Y_lag1	8.03987948664406e-07	0.000127243558422098	0.000147188695908154
NY.GDP.PCAP.KD.ZG_lag1	7.98258342779617e-07	5.80230626404769e-05	0.000294377391816309
SE.SEC.ENRR	7.97192502408765e-07	0.000561907553991987	0.000735943479540771
BX.KLT.DINV.WD.GD.ZS_isNA_rank	7.91461715837873e-07	0.00156662269129288	0.00191345304680601
NY.GDP.FRST.RT.ZS_delta1	7.85999246829908e-07	0.000405143490015961	0.00103032087135708
DT.ODA.ALLD.KD_tend2	7.81138155783894e-07	0.00019646405420372	0.000294377391816309
BX.GSR.CMCP.ZS_lag1	7.75559100126022e-07	8.95794651291573e-05	0.000441566087724463
DT.NFL.UNDP.CD	7.715364571455e-07	0.00050388449135151	0.00117750956726523
EG.ELC.HYRO.ZS_tend2	7.69257494732109e-07	8.95794651291573e-05	0.000441566087724463
ER.FSH.CAPT.MT_delta1	7.66399742791669e-07	0.0002280204566924	0.000294377391816309
BM.TRF.PWKR.CD.DT	7.59438327325175e-07	0.000386820417603179	0.00117750956726523
ER.FSH.CAPT.MT	7.57565283472565e-07	0.000176105084856184	0.000294377391816309
TX.VAL.SERV.CD.WT_isNA_rank	7.57023236307877e-07	0.000602625492687058	0.000883132175448925
NY.ADJ.DMIN.CD_isNA_rank	7.56163813869316e-07	0.000326761458027949	0.000735943479540771
FI.RES.TOTL.MO_delta1	7.45128817785689e-07	0.000406161438483338	0.000294377391816309
IS.AIR.GOOD.MT.K1_min2	7.38964002149564e-07	0.000511010130623147	0.000441566087724463
SP.POP.65UP.TO.ZS_lag1	7.35025312137727e-07	6.2094856509984e-05	0.000147188695908154
NY.GDP.MKTP.KN_isNA_rank	7.29983667260906e-07	0.000311492231017297	0.000441566087724463
EN.URB.MCTY.TL.ZS_tend2	7.25524352400737e-07	7.83820319880126e-05	0.000294377391816309
BX.GSR.MRCH.CD_ratioavg2	7.24002308814847e-07	8.1435877390143e-05	0.000441566087724463
FM.LBL.BMNY.GD.ZS	7.22012840242852e-07	0.000299276849408776	0.000441566087724463
TM.VAL.MRCH.R1.ZS	7.21199735582741e-07	0.00188015081924493	0.0016190756549897
NE.CON.PRVT.CD	7.19225238557431e-07	7.32922896511287e-05	0.000147188695908154
IS.AIR.GOOD.MT.K1_tend2	7.18744031209389e-07	0.00227104303071761	0.00206064174271416
BM.TRF.PWKR.CD.DT_delta1	7.1860971923268e-07	6.82025473142448e-05	0.000294377391816309
BM.KLT.DINV.CD.WD_lag1	7.15537048034663e-07	4.98794749014626e-05	0.000147188695908154
BM.GSR.TRAN.ZS_min2	7.07956226396083e-07	0.000131315352291606	0.000588754783632617
DC.DAC.TOTL.CD_isNA_rank	7.04015271827123e-07	0.0011930356037656	0.000883132175448925
BX.PEF.TOTL.CD.WD	7.01517554422086e-07	0.000417358871624483	0.000735943479540771
NE.CON.TOTL.KD.ZG_ratioavg2	6.9682237928334e-07	0.000188320466464706	0.000441566087724463
NV.AGR.TOTL.ZS_delta1	6.95107245898114e-07	0.000509992182155771	0.000735943479540771
FP.CPI.TOTL.ZG_ratioavg2	6.9181358426395e-07	0.00146075605068569	0.00117750956726523
NV.IND.TOTL.CN_lag1	6.87456640796058e-07	0.000485561418938728	0.000883132175448925
PA.NUS.ATLS	6.81051430099519e-07	0.000245325580637806	0.000294377391816309
NY.ADJ.DKAP.GN.ZS_delta1	6.80929027174534e-07	0.000215805075083879	0.000588754783632617
SE.SEC.AGES_rank	6.75846776588025e-07	0.00180584058112642	0.00103032087135708
NY.GDP.PCAP.KD_delta1	6.68796874245637e-07	0.000562925502459364	0.000735943479540771
NV.IND.TOTL.KD.ZG	6.6401608028152e-07	0.00211631486367634	0.0016190756549897
AG.LND.CROP.ZS_lag1	6.62323880045251e-07	0.000358317860516629	0.000147188695908154
SP.POP.2529.FE.5Y_rank	6.60530416375608e-07	0.000699330597087853	0.000588754783632617
DC.DAC.GBRL.CD_isNA_rank	6.59234410699709e-07	0.00132231505912245	0.00132469826317339
NY.ADJ.NNTY.CD_isNA_rank	6.56700058881413e-07	0.00033286914883221	0.000588754783632617
AG.LND.AGRI.ZS_lag1	6.55606152703979e-07	0.000744120329652432	0.000294377391816309
TM.VAL.MRCH.R4.ZS_delta1	6.55492211158763e-07	0.00130500993517704	0.00147188695908154
BX.GSR.NFSV.CD_delta1	6.48883852347126e-07	0.00114824587120102	0.00117750956726523
SP.POP.7579.FE.5Y	6.46390456444611e-07	2.23948662822893e-05	0.000147188695908154
FS.AST.CGOV.GD.ZS_tend2	6.44594809008493e-07	0.000148620476237011	0.000883132175448925
BX.GSR.TRVL.ZS_delta1	6.33685487563737e-07	0.000597535750350174	0.000588754783632617
AG.CON.FERT.ZS	6.30266019676662e-07	0.0010393253851917	0.00132469826317339
SP.POP.6064.MA.5Y	6.26134180975528e-07	0.000484543470471351	0.000441566087724463
DC.DAC.FRAL.CD_ratioavg2	6.23366723362464e-07	0.000334905045766963	0.000588754783632617
NV.SRV.TOTL.CD_isNA_rank	6.22174179000415e-07	0.000701366494022607	0.00103032087135708
SP.POP.6064.FE.5Y	6.15334927635453e-07	0.000339994788103847	0.000147188695908154
NE.EXP.GNFS.CD_tend2	6.13287142981618e-07	2.13769178149125e-05	0.000147188695908154
SP.POP.3539.FE.5Y_rank	6.13186398237699e-07	0.000347120427375485	0.000294377391816309
SE.SEC.ENRR.MA_lag1	6.12780837689693e-07	0.000756335711260953	0.000588754783632617
SP.POP.1519.FE.5Y	6.06316361117661e-07	0.000451969119515294	0.000735943479540771
BM.GSR.INSF.ZS_max2	6.05741050026603e-07	0.000793999804553894	0.00132469826317339
NE.IMP.GNFS.KD.ZG_rank	6.00851649681289e-07	7.63461350532591e-05	0.000147188695908154
SP.POP.80UP.MA.5Y	5.95281181012279e-07	0.00184961236522362	0.000883132175448925
DC.DAC.CANL.CD_min2	5.8816437632638e-07	0.000347120427375485	0.000735943479540771
NV.AGR.TOTL.KD.ZG_isNA_rank	5.76576330766184e-07	0.00067184598846868	0.00103032087135708
EG.ELC.PETR.ZS_tend2	5.68389377071441e-07	0.000595499853415421	0.000735943479540771
BX.GSR.TRVL.ZS_lag1	5.66481404735219e-07	0.000220894817420763	0.000588754783632617
BM.GSR.NFSV.CD_lag1	5.62968739035314e-07	0.00011095638294407	0.000147188695908154
ER.H2O.INTR.PC_ratioavg2	5.53883311866284e-07	6.7184598846868e-05	0.000294377391816309
NV.AGR.TOTL.KD_isNA_rank	5.50624724908571e-07	0.000169997394051924	0.000588754783632617
DT.ODA.ODAT.CD	5.50616074356735e-07	0.00113603048959249	0.000735943479540771
NY.GSR.NFCY.CD_isNA_rank	5.49272220915429e-07	0.000427538356298251	0.000735943479540771
BX.GSR.NFSV.CD_ratioavg2	5.44035410816728e-07	3.76640932929411e-05	0.000147188695908154
TM.VAL.FOOD.ZS.UN_delta1	5.42577632539826e-07	0.000714599824098505	0.00103032087135708
SP.POP.1014.MA.5Y_rank	5.4120513135515e-07	1.83230724127822e-05	0.000147188695908154
IT.MLT.MAIN.P2_tend2	5.40981210355062e-07	0.000929386950715007	0.000735943479540771
EG.USE.ELEC.KH.PC_tend2	5.39012036186504e-07	0.000174069187921431	0.000588754783632617
NY.ADJ.DMIN.GN.ZS_lag1	5.34175218673275e-07	0.000273828137724356	0.00117750956726523
NY.GDP.COAL.RT.ZS_delta1	5.26972105035442e-07	0.000239217889833545	0.000588754783632617
TX.VAL.MANF.ZS.UN_isNA_rank	5.25114140831053e-07	9.16153620639109e-05	0.000441566087724463
TM.VAL.FUEL.ZS.UN	5.22586243288435e-07	0.000561907553991987	0.000883132175448925
SH.MMR.RISK	5.21807256299188e-07	0.000118082022215707	0.000294377391816309
BX.GRT.TECH.CD.WD_isNA_rank	5.20854066005176e-07	0.00244409427017167	0.00309096261407124
NE.CON.PRVT.ZS_max2	5.18397405707894e-07	0.000370533242125151	0.000147188695908154
FI.RES.TOTL.MO_lag1	5.1481717805494e-07	0.000280953776995993	0.000735943479540771
NE.RSB.GNFS.CD_lag1	5.14542295118572e-07	0.000571069090198378	0.00103032087135708
NE.RSB.GNFS.ZS	5.13250785660907e-07	0.000351192221244992	0.00103032087135708
SE.PRM.ENRL	5.13074290505624e-07	4.88615264340858e-05	0.000294377391816309
SP.POP.GROW_rank	5.07591755087905e-07	8.85615166617805e-05	0.000147188695908154
EN.GHG.CH4.FE.MT.CE.AR5_tend2	5.0380364057224e-07	0.000248379426039936	0.000588754783632617
FirstYear_rank	5.03505490661354e-07	0.000203589693475358	0.000588754783632617
NV.AGR.TOTL.KD.ZG_delta1	5.00891193567825e-07	0.000108920486009316	0.000294377391816309
FP.CPI.TOTL.ZG_lag1	4.98069212018023e-07	0.000988427961822861	0.000883132175448925
BX.GRT.EXTA.CD.WD_ratiomax2	4.97501588728155e-07	7.73640835206359e-05	0.000294377391816309
TM.VAL.AGRI.ZS.UN_delta1	4.96678315069314e-07	0.00103321769438744	0.00117750956726523
NV.IND.TOTL.ZS	4.95155146741687e-07	0.000124189713019968	0.000441566087724463
BX.GSR.CMCP.ZS_isNA_rank	4.94609296589008e-07	0.00210817127593733	0.00220783043862231
SP.DYN.LE00.MA.IN_delta1	4.93102827056122e-07	4.17358871624483e-05	0.000147188695908154
AG.LND.CREL.HA_avg2	4.83809554821609e-07	9.67051044007948e-05	0.000147188695908154
FM.AST.DOMS.CN_ratioavg2	4.83368171777621e-07	0.00126123815107984	0.000883132175448925
DC.DAC.JPNL.CD_ratiomax2	4.80676423011094e-07	4.58076810319554e-05	0.000147188695908154
EN.GHG.N2O.PI.MT.CE.AR5_tend2	4.79471082474903e-07	0.000223948662822893	0.000441566087724463
TX.VAL.FOOD.ZS.UN_delta1	4.75048537925211e-07	0.000823520310107821	0.00103032087135708
EN.GHG.N2O.IC.MT.CE.AR5	4.74077541777145e-07	4.17358871624483e-05	0.000147188695908154
BM.KLT.DINV.CD.WD_tend2	4.73223474181737e-07	0.000702384442489983	0.00117750956726523
BX.GSR.CMCP.ZS_delta1	4.70962726338615e-07	0.00041837682009186	0.000588754783632617
BX.GSR.TRAN.ZS	4.69639007416228e-07	0.000342030685038601	0.000883132175448925
EN.GHG.N2O.MT.CE.AR5_tend2	4.64219367873048e-07	0.000822502361640444	0.00132469826317339
NV.IND.MANF.KD_delta1	4.64026729244377e-07	0.000108920486009316	0.000294377391816309
DT.ODA.ODAT.GN.ZS_avg2	4.61346524851749e-07	4.17358871624483e-05	0.000147188695908154
SP.DYN.LE00.IN_lag1	4.60368078801338e-07	0.000131315352291606	0.000147188695908154
SM.POP.RHCR.EA_isNA_rank	4.55881413115582e-07	0.000519153718362162	0.000588754783632617
BM.GSR.TRAN.ZS_isNA_rank	4.55552124597151e-07	8.65256197270269e-05	0.000147188695908154
NE.RSB.GNFS.CD	4.55326551923719e-07	0.000696276751685723	0.000883132175448925
SP.POP.1014.FE.5Y	4.55207025511282e-07	0.0010657920453435	0.000588754783632617
BM.GSR.FCTY.CD_tend2	4.48234263509269e-07	0.000295205055539268	0.00103032087135708
NY.GNP.PCAP.CD_isNA_rank	4.4184065739353e-07	0.000401071696146454	0.000883132175448925
TX.VAL.MRCH.R5.ZS	4.34186756950134e-07	0.00106273819994137	0.00250220783043862
DT.ODA.ALLD.KD_ratioavg2	4.33374242743965e-07	0.00025041532297469	0.000441566087724463
SP.POP.1564.MA.ZS_lag1	4.31938838669457e-07	6.92204957816215e-05	0.000294377391816309
DC.DAC.CANL.CD_ratiomax2	4.23963482304756e-07	3.46102478908108e-05	0.000147188695908154
DT.ODA.ODAT.KD	4.20779796629451e-07	0.000846933124857487	0.000441566087724463
TX.VAL.AGRI.ZS.UN	4.15324882157466e-07	0.000576158832535262	0.00103032087135708
AG.LND.AGRI.ZS_min2	4.12252932497655e-07	0.000711545978696374	0.00103032087135708
FD.AST.PRVT.GD.ZS_max2	4.08738856847253e-07	4.17358871624483e-05	0.000147188695908154
NE.CON.PRVT.ZS_isNA_rank	4.06435382111359e-07	0.000258558910713704	0.000588754783632617
AG.LND.ARBL.HA.PC_avg2	3.99495288918758e-07	0.000384784520668426	0.000147188695908154
BX.TRF.PWKR.CD.DT	3.9789852937666e-07	0.000258558910713704	0.000441566087724463
BX.GSR.TRVL.ZS_ratioavg2	3.96385708107141e-07	0.00233619173262973	0.00176626435089785
SP.POP.80UP.FE.5Y_lag1	3.91575845340263e-07	0.000342030685038601	0.000147188695908154
NY.GNP.MKTP.CN_isNA_rank	3.90804118001755e-07	0.000605679338089189	0.000735943479540771
NY.ADJ.DNGY.GN.ZS_isNA_rank	3.87910626010278e-07	0.00109124075702792	0.000735943479540771
BM.GSR.TRVL.ZS_isNA_rank	3.85193742013605e-07	0.000297240952474022	0.000735943479540771
BX.KLT.DINV.WD.GD.ZS_ratioavg2	3.81409144802403e-07	0.0001140102283462	0.000147188695908154
DT.ODA.ALLD.CD_isNA_rank	3.77770788450434e-07	0.000153710218573895	0.000441566087724463
SP.DYN.AMRT.FE_lag1	3.76978591128144e-07	0.000257540962246327	0.000294377391816309
NY.GDP.PETR.RT.ZS_isNA_rank	3.7534045669341e-07	0.000356281963581876	0.000588754783632617
SP.POP.TOTL.MA.IN_delta1	3.73753330570238e-07	6.31128049773608e-05	0.000147188695908154
BM.GSR.FCTY.CD_delta1	3.72679686597433e-07	0.000345084530440731	0.000441566087724463
NY.GDS.TOTL.ZS_delta1	3.67265488599289e-07	0.000346102478908108	0.000441566087724463
TX.VAL.TRAN.ZS.WT_isNA_rank	3.64165217220459e-07	0.000135387146161113	0.000294377391816309
FI.RES.XGLD.CD_tend2	3.60584094852932e-07	4.58076810319554e-05	0.000294377391816309
DC.DAC.CECL.CD_ratioavg2	3.48733387145159e-07	6.41307534447376e-05	0.000294377391816309
DC.DAC.GBRL.CD_avg2	3.46704320932352e-07	7.63461350532591e-05	0.000147188695908154
FM.AST.DOMS.CN_tend2	3.35334299079739e-07	6.7184598846868e-05	0.000441566087724463
EN.GHG.CO2.MT.CE.AR5_tend2	3.33640032592029e-07	0.000324725561093195	0.000294377391816309
TX.VAL.MMTL.ZS.UN	3.28934194340146e-07	0.000295205055539268	0.00117750956726523
NE.EXP.GNFS.CN_lag1	3.28317517834453e-07	0.000534422945372814	0.000441566087724463
IS.AIR.PSGR_lag1	3.20249313560644e-07	0.000177123033323561	0.000294377391816309
FI.RES.TOTL.MO_tend2	3.19905299720835e-07	0.00148009707156585	0.000735943479540771
SP.URB.GROW	3.19042371402954e-07	0.000733940844978664	0.000441566087724463
BX.GRT.EXTA.CD.WD_ratioavg2	3.18649057317823e-07	0.00036137170591876	0.000883132175448925
SP.POP.7074.FE.5Y_delta1	3.18515123455725e-07	0.000669810091533926	0.000735943479540771
NY.GDP.MKTP.KD.ZG	3.17689084282793e-07	1.73051239454054e-05	0.000147188695908154
TM.VAL.MRCH.R3.ZS_delta1	3.16117602547718e-07	0.0015920714029773	0.00220783043862231
EN.GHG.N2O.IP.MT.CE.AR5_ratiomax2	3.15894146759824e-07	8.1435877390143e-05	0.000294377391816309
SH.DTH.NMRT_lag1	3.14503171234555e-07	0.000719689566435389	0.000294377391816309
SP.POP.4044.MA.5Y_rank	3.14232140315331e-07	0.000325743509560572	0.000883132175448925
TM.VAL.MMTL.ZS.UN_delta1	3.10799961018074e-07	2.54487116844197e-05	0.000147188695908154
BX.TRF.PWKR.DT.GD.ZS_max2	3.07303340880689e-07	8.65256197270269e-05	0.000147188695908154
NY.GDP.MKTP.KD_isNA_rank	3.06855496101693e-07	0.000769569041336851	0.000588754783632617
SP.POP.80UP.MA.5Y_delta1	3.02901643816766e-07	1.9341020880159e-05	0.000147188695908154
DT.ODA.ALLD.CD_tend2	3.02256380419023e-07	0.000154728167041272	0.000441566087724463
EG.ELC.NUCL.ZS_rank	3.01906779787185e-07	2.13769178149125e-05	0.000147188695908154
FI.RES.TOTL.CD_max2	3.01773204582588e-07	2.95205055539268e-05	0.000147188695908154
EN.GHG.CO2.IP.MT.CE.AR5_ratiomax2	2.99549510084599e-07	3.05384540213036e-05	0.000147188695908154
year_cycle_rank	2.98675851408621e-07	0.00160326883611844	0.00176626435089785
NE.EXP.GNFS.CN_isNA_rank	2.95575784649621e-07	7.93999804553894e-05	0.000441566087724463
NY.GDP.MKTP.CD_isNA_rank	2.93888018438032e-07	0.000165925600182416	0.000588754783632617
BX.GSR.TRAN.ZS_tend2	2.91580189143671e-07	0.00042448451089612	0.000588754783632617
DT.ODA.ALLD.CD_ratioavg2	2.91404527444007e-07	0.000194428157268966	0.000441566087724463
AG.CON.FERT.ZS_delta1	2.90545531294191e-07	4.47897325645787e-05	0.000294377391816309
NE.IMP.GNFS.CN_isNA_rank	2.88419856638733e-07	0.000609751131958696	0.000883132175448925
DT.NFL.UNDP.CD_tend2	2.85782251333221e-07	0.00141902016352324	0.00132469826317339
NV.IND.TOTL.CD_delta1	2.84903736102805e-07	0.000150656373171765	0.000441566087724463
BX.KLT.DINV.WD.GD.ZS_ratiomax2	2.83749027078389e-07	5.70051141731001e-05	0.000147188695908154
BM.GSR.NFSV.CD_delta1	2.81096970717381e-07	4.88615264340858e-05	0.000147188695908154
BX.TRF.CURR.CD_ratioavg2	2.78981854452557e-07	0.00019951789960585	0.000588754783632617
BM.GSR.NFSV.CD	2.78551385565433e-07	5.2933320303593e-05	0.000147188695908154
BX.GSR.TRAN.ZS_ratioavg2	2.78449375489526e-07	0.000595499853415421	0.000883132175448925
BX.TRF.PWKR.DT.GD.ZS_delta1	2.76992102363612e-07	4.7843577966709e-05	0.000294377391816309
NE.RSB.GNFS.CN_lag1	2.76516231141298e-07	0.000288079416267631	0.000588754783632617
NY.ADJ.DNGY.CD_lag1	2.76102268935628e-07	0.00036137170591876	0.000735943479540771
NY.GDP.MKTP.KD.ZG_lag1	2.76019464963397e-07	0.000344066581973354	0.000883132175448925
BX.GSR.TRVL.ZS_max2	2.74994659144891e-07	0.000352210169712369	0.000294377391816309
EN.GHG.CO2.RT.GDP.KD	2.73624835825826e-07	8.34717743248966e-05	0.000294377391816309
EG.ELC.PETR.ZS_ratioavg2	2.73276219255571e-07	5.49692172383465e-05	0.000147188695908154
NY.ADJ.DRES.GN.ZS_isNA_rank	2.73251590447598e-07	0.000141494836965373	0.000588754783632617
ER.FSH.CAPT.MT_tend2	2.71706872932531e-07	0.00137524837942604	0.00103032087135708
TX.VAL.OTHR.ZS.WT_isNA_rank	2.70620045605211e-07	8.1435877390143e-05	0.000294377391816309
NY.GDS.TOTL.CD_delta1	2.70435825654467e-07	9.97589498029252e-05	0.000588754783632617
EN.GHG.CH4.AG.MT.CE.AR5_delta1	2.69560865300038e-07	7.32922896511287e-05	0.000294377391816309
SP.POP.4044.MA.5Y_lag1	2.69559079761738e-07	9.16153620639109e-05	0.000294377391816309
AG.LND.CREL.HA_ratiomax2	2.65978591284685e-07	3.46102478908108e-05	0.000147188695908154
FM.AST.NFRG.CN_ratioavg2	2.64234243917325e-07	0.000299276849408776	0.000883132175448925
NE.RSB.GNFS.CD_delta1	2.63978284648472e-07	0.000879507475813544	0.000735943479540771
NY.ADJ.DKAP.GN.ZS_lag1	2.63430390924708e-07	0.000287061467800254	0.000294377391816309
BX.GSR.FCTY.CD_isNA_rank	2.6313604487894e-07	0.000705438287892114	0.00103032087135708
health_coverage_efficiency_lag1	2.61913178754528e-07	0.000148620476237011	0.000588754783632617
EG.ELC.HYRO.ZS_lag1	2.61225417661559e-07	0.000214787126616502	0.000441566087724463
SP.POP.1519.FE.5Y_delta1	2.61197499697115e-07	0.000205625590410111	0.000147188695908154
DC.DAC.GBRL.CD_ratioavg2	2.61160916931895e-07	0.00067489983387081	0.00117750956726523
NY.ADJ.DKAP.CD_lag1	2.60313298534325e-07	0.00036137170591876	0.000294377391816309
DC.DAC.GBRL.CD_delta1	2.59851131884905e-07	0.000365443499788267	0.000735943479540771
EN.GHG.CH4.WA.MT.CE.AR5_ratioavg2	2.57283797380655e-07	3.86820417603179e-05	0.000147188695908154
DC.DAC.JPNL.CD_isNA_rank	2.52651286457448e-07	3.3592299423434e-05	0.000147188695908154
SP.POP.6569.MA.5Y_delta1	2.49171602638838e-07	0.00133351249226359	0.000735943479540771
FD.AST.PRVT.GD.ZS_rank	2.48948827441561e-07	0.000116046125280954	0.000147188695908154
NY.GDP.DEFL.ZS_isNA_rank	2.47968480359458e-07	0.000357299912049252	0.00117750956726523
EG.USE.ELEC.KH.PC_min2	2.47754731844088e-07	0.00116453304667905	0.000588754783632617
BX.GSR.TRVL.ZS_ratiomax2	2.45723076911989e-07	0.00273522753184143	0.00147188695908154
TM.VAL.MMTL.ZS.UN	2.45043477413756e-07	6.2094856509984e-05	0.000147188695908154
EN.GHG.CO2.RT.GDP.KD_ratioavg2	2.42156055353079e-07	0.00252756604449656	0.0016190756549897
BX.TRF.PWKR.CD.DT_tend2	2.41785808173959e-07	0.000642325482914753	0.000883132175448925
EG.USE.ELEC.KH.PC_isNA_rank	2.40208406857731e-07	0.000143530733900127	0.000441566087724463
EN.GHG.CO2.PI.MT.CE.AR5_ratioavg2	2.40080641056603e-07	0.000834717743248966	0.000735943479540771
NY.ADJ.DKAP.GN.ZS_rank	2.39249343286003e-07	0.000227002508225024	0.000147188695908154
BX.GSR.TRAN.ZS_ratiomax2	2.384475031038e-07	1.62871754780286e-05	0.000147188695908154
DT.ODA.ODAT.CD_min2	2.38419314129589e-07	0.000249397374507313	0.000147188695908154
BX.GRT.EXTA.CD.WD_delta1	2.37363261397089e-07	2.34128147496661e-05	0.000147188695908154
YearsSinceFirst_rank	2.36508681899338e-07	0.000881543372748298	0.000883132175448925
NE.CON.TOTL.CD_avg2	2.35327350094774e-07	0.000376640932929411	0.000147188695908154
BM.KLT.DINV.WD.GD.ZS_delta1	2.34344140889629e-07	0.000452987067982671	0.00103032087135708
SP.DYN.TFRT.IN_delta1	2.28098429549889e-07	0.000635199843643115	0.000441566087724463
NV.SRV.TOTL.KD	2.27192528013971e-07	0.000320653767223688	0.000147188695908154
TX.VAL.FUEL.ZS.UN_lag1	2.22086038063899e-07	0.00170913547672563	0.00176626435089785
TX.VAL.MANF.ZS.UN_delta1	2.19318460403753e-07	0.00137117658555653	0.0016190756549897
NE.GDI.FTOT.ZS_isNA_rank	2.18287971879626e-07	0.000218858920486009	0.000735943479540771
NE.IMP.GNFS.ZS_isNA_rank	2.17848875151009e-07	0.000342030685038601	0.000588754783632617
NY.GDP.FCST.CN_isNA_rank	2.1727412906979e-07	0.00240948402228086	0.00220783043862231
BX.GSR.GNFS.CD_lag1	2.13935112190335e-07	2.03589693475358e-05	0.000147188695908154
NE.CON.PRVT.CD_avg2	2.13242568256001e-07	3.3592299423434e-05	0.000147188695908154
IS.AIR.DPRT_isNA_rank	2.12409715502665e-07	0.000144548682367504	0.000441566087724463
SE.PRM.ENRR_lag1	2.12280597000603e-07	0.000382748623733672	0.000588754783632617
FM.AST.DOMS.CN_isNA_rank	2.11091285563933e-07	0.000201553796540604	0.000735943479540771
TM.VAL.INSF.ZS.WT_isNA_rank	2.08815838380886e-07	0.000178140981790938	0.000735943479540771
TX.VAL.MRCH.R4.ZS_delta1	2.0810890025188e-07	9.77230528681716e-05	0.000441566087724463
BX.GSR.TRAN.ZS_isNA_rank	2.06678796573675e-07	0.000174069187921431	0.000588754783632617
AG.LND.ARBL.ZS_tend2	2.06319562757811e-07	0.000675917782338187	0.00117750956726523
SM.POP.NETM	2.06077664651484e-07	8.95794651291573e-05	0.000441566087724463
EN.POP.DNST_ratioavg2	2.05639211079401e-07	4.68256294993322e-05	0.000294377391816309
FD.AST.PRVT.GD.ZS_delta1	2.04587360939984e-07	0.000441789634841526	0.000735943479540771
TM.VAL.FUEL.ZS.UN_rank	2.03987904885224e-07	5.08974233688394e-05	0.000147188695908154
SP.RUR.TOTL.ZG_rank	2.01400988187209e-07	0.000156764063976025	0.000147188695908154
DC.DAC.FRAL.CD_tend2	2.00618818321302e-07	0.000652504967588521	0.000883132175448925
BM.GSR.TRVL.ZS_ratiomax2	2.00281180802818e-07	0.000294187107071892	0.000294377391816309
NE.CON.GOVT.ZS_ratioavg2	1.99892388485058e-07	0.000355264015114499	0.000735943479540771
BX.TRF.CURR.CD_lag1	1.9938851905242e-07	0.000235146095964038	0.000735943479540771
SP.POP.0004.FE.5Y_lag1	1.98926417960126e-07	7.22743411837519e-05	0.000147188695908154
DT.ODA.ODAT.PC.ZS_lag1	1.98703280836738e-07	0.000686097267011955	0.000294377391816309
DT.NFL.UNDP.CD_ratioavg2	1.94474522280365e-07	0.000466220398058569	0.000588754783632617
SH.DTH.IMRT_delta1	1.91410439164495e-07	0.000124189713019968	0.000294377391816309
NE.EXP.GNFS.KD.ZG_delta1	1.9026272327289e-07	0.000516099872960031	0.00103032087135708
BM.TRF.PWKR.CD.DT_tend2	1.90131212350571e-07	2.74846086191733e-05	0.000147188695908154
EG.ELC.NUCL.ZS	1.89491637893923e-07	0.000673881885403433	0.000294377391816309
NV.SRV.TOTL.ZS_delta1	1.86798188253098e-07	0.00022496661129027	0.000441566087724463
SE.PRM.ENRL.FE.ZS_delta1	1.86691516089484e-07	0.00139357145183882	0.000735943479540771
BX.GSR.FCTY.CD_delta1	1.84309237260634e-07	0.000130297403824229	0.000147188695908154
FM.AST.NFRG.CN_isNA_rank	1.80930400002651e-07	0.000706456236359491	0.00103032087135708
DC.DAC.TOTL.CD_rank	1.79840179398133e-07	0.00107088178768038	0.000441566087724463
MS.MIL.XPND.GD.ZS_avg2	1.78859414973481e-07	0.000101794846737679	0.000294377391816309
SM.POP.RHCR.EO_delta1	1.78024390850898e-07	0.00176512264243135	0.00176626435089785
TM.VAL.MRCH.R3.ZS_lag1	1.7705128266086e-07	5.49692172383465e-05	0.000147188695908154
BM.GSR.GNFS.CD_isNA_rank	1.75869063413631e-07	0.000243289683703052	0.000735943479540771
TX.VAL.FUEL.ZS.UN_rank	1.75394602111827e-07	2.54487116844197e-05	0.000147188695908154
SH.DYN.MORT.MA_rank	1.74758518011099e-07	0.000108920486009316	0.000294377391816309
NE.CON.PRVT.CD_max2	1.73635749325836e-07	0.00033592299423434	0.000147188695908154
NV.IND.TOTL.KD.ZG_isNA_rank	1.72530228616834e-07	0.000695258803218346	0.000588754783632617
TM.VAL.MRCH.R5.ZS	1.70807171540715e-07	5.49692172383465e-05	0.000294377391816309
DC.DAC.TOTL.CD_avg2	1.70260053132291e-07	0.000107902537541939	0.000294377391816309
SP.ADO.TFRT_delta1	1.70062514374626e-07	0.000127243558422098	0.000441566087724463
TM.VAL.MANF.ZS.UN_isNA_rank	1.69573194946036e-07	0.00138542786409981	0.00191345304680601
SP.POP.5559.MA.5Y_rank	1.68998141049994e-07	0.000243289683703052	0.000147188695908154
BM.KLT.DINV.CD.WD_avg2	1.67809744909145e-07	0.000128261506889475	0.000588754783632617
EN.GHG.CO2.RT.GDP.KD_lag1	1.65956046863309e-07	8.55076712596502e-05	0.000294377391816309
SP.POP.3539.FE.5Y_lag1	1.64572687047385e-07	0.000132333300758982	0.000147188695908154
AG.PRD.LVSK.XD_min2	1.64301774637771e-07	0.000325743509560572	0.000735943479540771
AG.LND.AGRI.K2_ratioavg2	1.63570034569407e-07	8.34717743248966e-05	0.000294377391816309
NV.IND.MANF.CD_isNA_rank	1.62938706726346e-07	0.000311492231017297	0.000588754783632617
AG.LND.AGRI.ZS_tend2	1.61134013471458e-07	0.00028197172546337	0.000441566087724463
longevity_per_gdp	1.5793304489974e-07	0.00028197172546337	0.000441566087724463
EN.GHG.CH4.PI.MT.CE.AR5_tend2	1.56978150920126e-07	6.2094856509984e-05	0.000294377391816309
EG.ELC.FOSL.ZS_max2	1.54226420779831e-07	0.00036442555132089	0.000294377391816309
NY.GDP.PCAP.CN_lag1	1.53196005786314e-07	0.000254487116844197	0.000735943479540771
SE.PRM.ENRR_isNA_rank	1.52934588459446e-07	0.000144548682367504	0.000294377391816309
TG.VAL.TOTL.GD.ZS	1.52766645807688e-07	0.000287061467800254	0.000441566087724463
SP.DYN.TO65.MA.ZS	1.52504622798353e-07	0.000352210169712369	0.000147188695908154
DC.DAC.CECL.CD_lag1	1.51499293458561e-07	0.000447897325645786	0.000588754783632617
SP.POP.5559.FE.5Y_rank	1.50242012367193e-07	1.73051239454054e-05	0.000147188695908154
NY.ADJ.DMIN.GN.ZS_isNA_rank	1.49693366008445e-07	0.00113806638652725	0.00132469826317339
TM.VAL.MRCH.WR.ZS_delta1	1.4931053315488e-07	0.000681007524675071	0.000735943479540771
AG.PRD.CREL.MT_ratioavg2	1.4748561271235e-07	0.000101794846737679	0.000441566087724463
AG.LND.ARBL.HA_tend2	1.46498254812143e-07	0.00148111502003323	0.00103032087135708
BM.GSR.CMCP.ZS_max2	1.46288963040854e-07	4.88615264340858e-05	0.000294377391816309
PA.NUS.ATLS_delta1	1.4597364045419e-07	4.37717840972019e-05	0.000294377391816309
NV.AGR.TOTL.CD_isNA_rank	1.45773246520529e-07	0.000325743509560572	0.000735943479540771
NY.GNP.PCAP.CD	1.43605135768654e-07	0.000301312746343529	0.000294377391816309
NE.IMP.GNFS.CD_isNA_rank	1.43208490520149e-07	0.00214278152382814	0.00176626435089785
NY.GDP.TOTL.RT.ZS_isNA_rank	1.4275391434307e-07	7.02384442489983e-05	0.000294377391816309
SE.PRM.ENRL_isNA_rank	1.42454234405242e-07	0.000104848692139809	0.000294377391816309
SH.DTH.IMRT	1.41272436099032e-07	0.000323707612625818	0.000588754783632617
BX.PEF.TOTL.CD.WD_isNA_rank	1.41184456407487e-07	0.000119099970683084	0.000294377391816309
BM.GSR.INSF.ZS_delta1	1.41184200976095e-07	6.41307534447376e-05	0.000294377391816309
MS.MIL.MPRT.KD_ratioavg2	1.4110976133115e-07	0.000192392260334213	0.000588754783632617
DT.ODA.ODAT.GN.ZS_rank	1.40532924615029e-07	0.00058633831720903	0.000294377391816309
EG.USE.ELEC.KH.PC_avg2	1.40472818731702e-07	0.0021051174305352	0.00103032087135708
SP.POP.TOTL.FE.IN_delta1	1.40305665084464e-07	2.54487116844197e-05	0.000147188695908154
BM.GSR.CMCP.ZS_tend2	1.37909366856581e-07	4.47897325645787e-05	0.000147188695908154
FI.RES.XGLD.CD_delta1	1.36953536949917e-07	8.34717743248966e-05	0.000441566087724463
NV.AGR.TOTL.KD.ZG_rank	1.32243290607484e-07	0.000134369197693736	0.000588754783632617
health_coverage_efficiency_rank	1.31157104439422e-07	2.74846086191733e-05	0.000147188695908154
AG.PRD.CROP.XD_delta1	1.31117017923976e-07	0.000815376722368807	0.000883132175448925
SP.POP.1564.TO.ZS	1.30603570838701e-07	0.00039598195380957	0.000147188695908154
SE.ENR.PRIM.FM.ZS_isNA_rank	1.29690973469812e-07	0.000286043519332877	0.000883132175448925
EN.GHG.CH4.AG.MT.CE.AR5_ratioavg2	1.27871185113273e-07	4.27538356298251e-05	0.000147188695908154
BM.GSR.NFSV.CD_rank	1.27250260007029e-07	0.000192392260334213	0.000147188695908154
FP.CPI.TOTL.ZG_tend2	1.27050519095707e-07	0.000284007622398124	0.000735943479540771
BM.GSR.TRAN.ZS	1.27042953912379e-07	9.46692074660412e-05	0.000441566087724463
NY.GDP.MKTP.CN_isNA_rank	1.26009827241851e-07	0.000295205055539268	0.000588754783632617
EG.USE.PCAP.KG.OE_tend2	1.25985929493035e-07	3.96999902276947e-05	0.000294377391816309
EN.GHG.N2O.WA.MT.CE.AR5_ratioavg2	1.25052364954266e-07	0.000543584481579205	0.00147188695908154
AG.LND.ARBL.ZS_delta1	1.24703034162694e-07	0.000749210071989316	0.00103032087135708
NY.ADJ.DMIN.CD_delta1	1.24577318446288e-07	0.000172033290986677	0.000588754783632617
TX.VAL.MRCH.R3.ZS_lag1	1.24021565331791e-07	0.00019646405420372	0.000588754783632617
TM.VAL.MRCH.WR.ZS_lag1	1.21777166974463e-07	3.25743509560572e-05	0.000147188695908154
NY.GDP.FRST.RT.ZS_isNA_rank	1.20272632691219e-07	0.000990463858757614	0.00147188695908154
SP.POP.1519.FE.5Y_lag1	1.19293244164044e-07	9.05974135965341e-05	0.000441566087724463
DC.DAC.DEUL.CD_isNA_rank	1.19229555164238e-07	2.74846086191733e-05	0.000147188695908154
DC.DAC.CECL.CD_avg2	1.19201080551478e-07	0.000246343529105183	0.000441566087724463
NY.GDP.DEFL.KD.ZG_lag1	1.18633037600048e-07	0.000414305026222353	0.000441566087724463
EN.GHG.CO2.BU.MT.CE.AR5_ratiomax2	1.18585579379009e-07	0.000356281963581876	0.000147188695908154
BM.GSR.TRVL.ZS_max2	1.17983386328004e-07	0.000112992279878823	0.000294377391816309
AG.PRD.FOOD.XD_max2	1.17967948552057e-07	0.000483525522003974	0.000588754783632617
EG.USE.ELEC.KH.PC_lag1	1.17596777411874e-07	0.002350443011173	0.00103032087135708
NY.ADJ.DRES.GN.ZS_delta1	1.17380875772e-07	0.000229038405159777	0.000441566087724463
NE.EXP.GNFS.ZS_isNA_rank	1.16597724443405e-07	2.03589693475358e-05	0.000147188695908154
SP.POP.80UP.MA.5Y_lag1	1.16392550882014e-07	0.000378676829864165	0.000147188695908154
EN.GHG.N2O.IC.MT.CE.AR5_ratioavg2	1.16363758764256e-07	4.98794749014626e-05	0.000294377391816309
FI.RES.TOTL.MO	1.15813913235388e-07	4.58076810319554e-05	0.000294377391816309
BX.GSR.NFSV.CD_tend2	1.1336135521353e-07	0.000184248672595199	0.000588754783632617
BM.KLT.DINV.WD.GD.ZS_tend2	1.12274740950929e-07	0.000400053747679078	0.00103032087135708
TX.VAL.AGRI.ZS.UN_isNA_rank	1.11872542634572e-07	0.000353228118179745	0.000588754783632617
EG.ELC.NUCL.ZS_ratioavg2	1.10908710466048e-07	0.000248379426039936	0.000441566087724463
NE.RSB.GNFS.ZS_delta1	1.10735066296277e-07	0.000271792240789602	0.000588754783632617
NY.GNP.PCAP.CN	1.10434738509302e-07	0.000400053747679078	0.000294377391816309
BX.KLT.DINV.CD.WD_avg2	1.09313624800353e-07	5.59871657057233e-05	0.000294377391816309
BX.GRT.TECH.CD.WD_max2	1.07977292521092e-07	2.23948662822893e-05	0.000147188695908154
ER.FSH.PROD.MT_tend2	1.07827960656135e-07	0.000140476888497997	0.000294377391816309
AG.LND.AGRI.ZS_ratioavg2	1.07004542408801e-07	0.000664720349197042	0.000588754783632617
BM.KLT.DINV.CD.WD_delta1	1.0685030834823e-07	0.000441789634841526	0.000294377391816309
NE.CON.GOVT.ZS_isNA_rank	1.06533561117316e-07	0.000103830743672432	0.000588754783632617
BX.GSR.TRVL.ZS_avg2	1.06409079876019e-07	0.00041837682009186	0.000294377391816309
EN.GHG.CO2.RT.GDP.KD_delta1	1.05807987377065e-07	0.000103830743672432	0.000588754783632617
SE.SEC.ENRR.MA_isNA_rank	1.03614775078222e-07	0.000491669109742988	0.000883132175448925
NY.ADJ.DMIN.GN.ZS_rank	1.02682619625317e-07	0.000103830743672432	0.000441566087724463
SP.DYN.AMRT.FE	1.02640200541666e-07	6.51487019121144e-05	0.000147188695908154
BX.TRF.PWKR.DT.GD.ZS_min2	1.02566619028099e-07	8.85615166617805e-05	0.000294377391816309
AG.PRD.FOOD.XD_avg2	1.0181666376473e-07	0.00078585621681488	0.000735943479540771
BM.GSR.FCTY.CD_ratioavg2	1.01113369901204e-07	0.00056088960552461	0.000883132175448925
NE.CON.PRVT.ZS_min2	1.00518927614619e-07	0.000500830645949379	0.000588754783632617
AG.SRF.TOTL.K2_tend2	1.00123607862286e-07	0.000381730675266295	0.000294377391816309
TM.VAL.MANF.ZS.UN	9.94239357588091e-08	0.000365443499788267	0.000294377391816309
MS.MIL.XPND.GD.ZS_tend2	9.91808221692982e-08	0.000127243558422098	0.000441566087724463
FM.AST.DOMS.CN_delta1	9.90121542459216e-08	0.000208679435812241	0.000441566087724463
TM.VAL.AGRI.ZS.UN_isNA_rank	9.85850006291635e-08	2.23948662822893e-05	0.000147188695908154
TX.VAL.OTHR.ZS.WT_delta1	9.79485321123564e-08	0.00299276849408776	0.00264939652634678
PA.NUS.FCRF_lag1	9.65157518217624e-08	2.03589693475358e-05	0.000147188695908154
BM.GSR.MRCH.CD_isNA_rank	9.54755745790967e-08	2.85025570865501e-05	0.000147188695908154
BM.KLT.DINV.CD.WD	9.37726275423059e-08	0.000900884393628457	0.00147188695908154
DC.DAC.FRAL.CD_delta1	9.3432268680921e-08	0.00028197172546337	0.000294377391816309
SP.POP.3539.FE.5Y	9.20860359512744e-08	9.16153620639109e-05	0.000294377391816309
BX.PEF.TOTL.CD.WD_rank	9.17631419639262e-08	0.00019646405420372	0.000294377391816309
TX.VAL.MRCH.R2.ZS_delta1	9.17600871778036e-08	0.000460112707254308	0.000441566087724463
DC.DAC.JPNL.CD	9.14194810665478e-08	0.000107902537541939	0.000294377391816309
DC.DAC.CANL.CD_rank	9.12807533927506e-08	0.000259576859181081	0.000294377391816309
FI.RES.TOTL.CD_ratioavg2	9.12720991249951e-08	0.000630110101306231	0.00132469826317339
BX.KLT.DINV.WD.GD.ZS_delta1	9.12473406396595e-08	0.000324725561093195	0.000441566087724463
AG.LND.ARBL.ZS_lag1	8.94470185261869e-08	7.73640835206359e-05	0.000294377391816309
BX.TRF.PWKR.CD.DT_min2	8.89370861164918e-08	7.12563927163751e-05	0.000294377391816309
AG.YLD.CREL.KG_min2	8.84704576742007e-08	0.00025041532297469	0.000588754783632617
TM.VAL.TRAN.ZS.WT_isNA_rank	8.63926811927172e-08	0.000726815205707026	0.000735943479540771
NE.EXP.GNFS.CD_isNA_rank	8.62177816589852e-08	4.37717840972019e-05	0.000294377391816309
NY.ADJ.AEDU.GN.ZS_rank	8.5736770182277e-08	3.05384540213036e-05	0.000147188695908154
ER.H2O.INTR.K3	8.52118554529773e-08	2.13769178149125e-05	0.000147188695908154
DC.DAC.TOTL.CD_ratioavg2	8.48971409477607e-08	0.000135387146161113	0.000441566087724463
NY.GSR.NFCY.CD_delta1	8.40701189127363e-08	0.000681007524675071	0.000883132175448925
TX.VAL.MRCH.R2.ZS	8.39037798216537e-08	0.000134369197693736	0.000441566087724463
FP.CPI.TOTL.ZG_min2	8.24490734980614e-08	0.00107597153001726	0.00103032087135708
SP.POP.1564.FE.ZS	8.11294773364896e-08	0.000342030685038601	0.000294377391816309
DC.DAC.DEUL.CD_ratioavg2	8.11293425584839e-08	0.00114315612886413	0.000883132175448925
FD.AST.PRVT.GD.ZS_isNA_rank	8.10828317299311e-08	0.000241253786768299	0.000588754783632617
BM.KLT.DINV.WD.GD.ZS_rank	8.09632611906314e-08	0.000511010130623147	0.00103032087135708
NY.GDP.PCAP.KD.ZG_isNA_rank	8.07620276539648e-08	0.00022191276588814	0.000883132175448925
DC.DAC.FRAL.CD_ratiomax2	8.06706874512895e-08	2.95205055539268e-05	0.000147188695908154
TX.VAL.MRCH.R1.ZS_delta1	7.91018430048546e-08	0.000252451219909443	0.00103032087135708
MS.MIL.XPND.CD_lag1	7.89943235714944e-08	0.000156764063976025	0.000294377391816309
AG.PRD.FOOD.XD	7.89874363748905e-08	0.000304366591745659	0.000735943479540771
TM.VAL.OTHR.ZS.WT_delta1	7.88351727814879e-08	0.00016490765171504	0.000883132175448925
SP.POP.DPND.OL_delta1	7.8835072833985e-08	0.000911063878302225	0.000588754783632617
NY.GDP.MKTP.KD.ZG_delta1	7.85745851818248e-08	0.000721725463370142	0.000441566087724463
NE.CON.GOVT.ZS_min2	7.77119260694791e-08	0.000324725561093195	0.000441566087724463
EN.GHG.N2O.IP.MT.CE.AR5_delta1	7.63693684072152e-08	0.000135387146161113	0.000441566087724463
IS.AIR.PSGR_isNA_rank	7.63534952563869e-08	0.000106884589074563	0.000294377391816309
TM.VAL.MRCH.R3.ZS_rank	7.62991300921396e-08	7.12563927163751e-05	0.000294377391816309
AG.LND.AGRI.ZS_ratiomax2	7.62866929403445e-08	0.000189338414932082	0.000294377391816309
EG.USE.ELEC.KH.PC	7.61039226532112e-08	0.00053544089384019	0.000735943479540771
DC.DAC.GBRL.CD_max2	7.58880707521883e-08	6.31128049773608e-05	0.000147188695908154
FM.LBL.BMNY.GD.ZS_isNA_rank	7.33117460305268e-08	0.000197482002671097	0.000735943479540771
SE.PRM.ENRR.MA_lag1	7.32948029146414e-08	0.000183230724127822	0.000441566087724463
NV.AGR.TOTL.CD_delta1	7.30850070786149e-08	0.00036442555132089	0.000588754783632617
AG.LND.AGRI.K2_delta1	7.27764184487116e-08	0.000352210169712369	0.000147188695908154
NY.GNP.PCAP.CD_lag1	7.2560103384623e-08	3.76640932929411e-05	0.000147188695908154
EN.GHG.CH4.IC.MT.CE.AR5_tend2	7.22256192053573e-08	3.76640932929411e-05	0.000294377391816309
NY.GNP.PCAP.CN_lag1	7.2201190872143e-08	0.000165925600182416	0.000441566087724463
SE.PRM.ENRR.MA_delta1	7.2060311699713e-08	0.000317599921821558	0.00103032087135708
DT.ODA.ODAT.PC.ZS_min2	7.18380807844476e-08	9.36512589986645e-05	0.000147188695908154
MS.MIL.XPND.GD.ZS_isNA_rank	7.09035481323144e-08	0.000348138375842861	0.000294377391816309
DC.DAC.USAL.CD_tend2	7.07831039344891e-08	0.000879507475813544	0.00103032087135708
SE.SEC.ENRR.FE	7.06178776877316e-08	0.000292151210137138	0.000441566087724463
DT.ODA.ODAT.CD_ratioavg2	7.04046090083379e-08	8.75435681944037e-05	0.000147188695908154
TX.VAL.MRCH.AL.ZS_lag1	6.93342964477847e-08	0.00092836900224763	0.00117750956726523
BM.GSR.TRVL.ZS_avg2	6.92461358244208e-08	9.5687155933418e-05	0.000294377391816309
NE.CON.TOTL.CD_lag1	6.73108025569083e-08	0.000328797354962702	0.000147188695908154
SP.POP.7579.MA.5Y_delta1	6.54711009473692e-08	0.000402089644613831	0.000294377391816309
NV.IND.MANF.CD	6.54553237757311e-08	9.05974135965341e-05	0.000441566087724463
NE.RSB.GNFS.CN	6.5361935303968e-08	0.00352515554252582	0.0016190756549897
NE.IMP.GNFS.CN	6.52689916830569e-08	0.000127243558422098	0.000441566087724463
BX.TRF.PWKR.DT.GD.ZS_tend2	6.51153362564536e-08	9.77230528681716e-05	0.000441566087724463
NV.IND.TOTL.KD_delta1	6.47231700032713e-08	0.000328797354962702	0.000294377391816309
NY.GSR.NFCY.CN_rank	6.46863037585849e-08	0.000343048633505977	0.000294377391816309
NY.ADJ.DNGY.CD_isNA_rank	6.46563248254535e-08	0.000108920486009316	0.000441566087724463
NY.GNP.MKTP.CD	6.42913376158994e-08	0.000749210071989316	0.000294377391816309
DT.ODA.ODAT.KD_isNA_rank	6.4260248074992e-08	0.00013640509462849	0.000441566087724463
NE.CON.GOVT.CD_ratioavg2	6.24549249379256e-08	0.000239217889833545	0.000588754783632617
BX.GSR.CMCP.ZS	6.24021907083394e-08	0.000508974233688394	0.00103032087135708
AG.LND.ARBL.ZS_ratioavg2	6.18858708064439e-08	0.000989445910290238	0.00117750956726523
TX.VAL.TRAN.ZS.WT_delta1	6.18663652800807e-08	0.000187302517997329	0.000588754783632617
BX.GSR.CMCP.ZS_tend2	6.11933345488465e-08	2.23948662822893e-05	0.000147188695908154
AG.CON.FERT.ZS_max2	6.11608977807723e-08	0.000244307632170429	0.000147188695908154
NY.ADJ.NNTY.PC.CD_delta1	6.06850629829702e-08	3.05384540213036e-05	0.000147188695908154
NY.ADJ.DMIN.CD_rank	6.01238475285284e-08	3.56281963581876e-05	0.000147188695908154
AG.PRD.CROP.XD_tend2	5.96255001829312e-08	0.000166943548649793	0.000441566087724463
EN.GHG.ALL.MT.CE.AR5	5.85749585871284e-08	0.000324725561093195	0.000147188695908154
SP.DYN.IMRT.FE.IN_lag1	5.83668422769772e-08	0.00033592299423434	0.000147188695908154
BM.GSR.INSF.ZS_isNA_rank	5.82657135763146e-08	0.000373587087527281	0.000294377391816309
DC.DAC.GBRL.CD_ratiomax2	5.825870036829e-08	0.000174069187921431	0.000588754783632617
DC.DAC.USAL.CD_delta1	5.77902029206891e-08	0.000642325482914753	0.000883132175448925
NV.IND.MANF.ZS_isNA_rank	5.7537437495083e-08	0.000360353757451383	0.000294377391816309
FM.AST.PRVT.GD.ZS_tend2	5.73543492131592e-08	0.000141494836965373	0.000588754783632617
consumption_efficiency	5.66411865757789e-08	0.00471208345548715	0.00191345304680601
SP.POP.3034.FE.5Y	5.64165910724851e-08	0.0012408791817323	0.000735943479540771
NE.CON.PRVT.ZS_lag1	5.62803551791972e-08	0.00102812795205056	0.000588754783632617
SP.POP.80UP.FE.5Y_rank	5.5828652380609e-08	0.000268738395387472	0.000147188695908154
DC.DAC.GBRL.CD_tend2	5.55104764871546e-08	9.87410013355484e-05	0.000441566087724463
EN.GHG.N2O.BU.MT.CE.AR5_tend2	5.52875939155322e-08	0.000672863936936057	0.000883132175448925
NE.TRD.GNFS.ZS_isNA_rank	5.44068430272672e-08	0.000206643538877488	0.000294377391816309
DC.DAC.CECL.CD	5.42909743523937e-08	0.00126938173881885	0.00103032087135708
NV.IND.MANF.CD_delta1	5.29825419152818e-08	0.000505920388286263	0.000883132175448925
DC.DAC.USAL.CD_ratioavg2	5.209506404073e-08	0.000237181992898792	0.000735943479540771
SE.PRM.AGES_rank	5.17891343302696e-08	0.000472328088862829	0.000883132175448925
Country_Name	5.10126319645746e-08	0.00033286914883221	0.000441566087724463
IS.AIR.GOOD.MT.K1_isNA_rank	5.10106762561305e-08	0.000153710218573895	0.000588754783632617
BM.TRF.PWKR.CD.DT_ratioavg2	5.00611424324086e-08	0.000279935828528617	0.000588754783632617
BM.GSR.INSF.ZS_tend2	5.00436890734756e-08	0.000101794846737679	0.000441566087724463
TX.VAL.MMTL.ZS.UN_lag1	4.98409108935823e-08	0.000499812697482003	0.00103032087135708
MS.MIL.MPRT.KD_max2	4.85669171883213e-08	0.000482507573536597	0.000588754783632617
TM.VAL.MANF.ZS.UN_delta1	4.82850886601779e-08	0.000456040913384801	0.000294377391816309
SE.TER.ENRR_isNA_rank	4.79195640791111e-08	0.000280953776995993	0.000588754783632617
NE.GDI.TOTL.CD_delta1	4.76339395450074e-08	0.000166943548649793	0.000441566087724463
SP.DYN.TFRT.IN_lag1	4.74208455713299e-08	0.000383766572201049	0.000147188695908154
BX.GSR.CMCP.ZS_min2	4.73304033868225e-08	1.83230724127822e-05	0.000147188695908154
DC.DAC.JPNL.CD_tend2	4.73214264837496e-08	0.000132333300758982	0.000735943479540771
NV.AGR.TOTL.KD_delta1	4.7194049753597e-08	0.000240235838300922	0.000588754783632617
IS.AIR.DPRT_delta1	4.66066464440794e-08	0.000325743509560572	0.000588754783632617
EN.GHG.CO2.TR.MT.CE.AR5_ratioavg2	4.62703585694444e-08	0.000696276751685723	0.00103032087135708
EN.GHG.ALL.PC.CE.AR5_ratioavg2	4.59220553482452e-08	0.000120117919150461	0.000441566087724463
BX.TRF.PWKR.DT.GD.ZS_isNA_rank	4.57350729120933e-08	0.000232092250561908	0.000735943479540771
BX.KLT.DINV.CD.WD	4.560624432926e-08	2.44307632170429e-05	0.000147188695908154
NE.CON.TOTL.CD_isNA_rank	4.5474676935953e-08	0.000710528030228998	0.000588754783632617
EN.GHG.CH4.AG.MT.CE.AR5_tend2	4.54267141044709e-08	0.000264666601517965	0.000441566087724463
NE.GDI.TOTL.ZS	4.53283185816769e-08	0.000358317860516629	0.00103032087135708
TM.VAL.FOOD.ZS.UN	4.52557935588962e-08	9.46692074660412e-05	0.000441566087724463
FP.CPI.TOTL.ZG_ratiomax2	4.44402658565482e-08	3.05384540213036e-05	0.000147188695908154
FM.LBL.BMNY.GD.ZS_min2	4.40953142879557e-08	5.19153718362162e-05	0.000147188695908154
SH.DYN.MORT.FE_rank	4.34134819591098e-08	0.000373587087527281	0.000147188695908154
NE.GDI.FTOT.CD_delta1	4.33565272159365e-08	7.73640835206359e-05	0.000294377391816309
NE.IMP.GNFS.ZS_lag1	4.32192608008205e-08	0.000275864034659109	0.000588754783632617
BM.TRF.PWKR.CD.DT_isNA_rank	4.30864008321091e-08	0.000268738395387472	0.000441566087724463
NY.ADJ.DFOR.CD_isNA_rank	4.30379099301596e-08	0.00016796149711717	0.000588754783632617
DT.ODA.ODAT.PC.ZS_rank	4.28316026508189e-08	0.00025346916837682	0.000294377391816309
NY.GDP.MKTP.KN_lag1	4.27896755179927e-08	0.000383766572201049	0.000147188695908154
IS.AIR.GOOD.MT.K1_ratioavg2	4.24794784082558e-08	0.000584302420274276	0.000735943479540771
NE.IMP.GNFS.CD_delta1	4.22186503345909e-08	0.000398017850744324	0.000588754783632617
EG.USE.PCAP.KG.OE_lag1	4.21230836290002e-08	0.00114519202579889	0.000441566087724463
SP.URB.GROW_delta1	4.17493990625118e-08	0.00114519202579889	0.000735943479540771
FI.RES.XGLD.CD_ratioavg2	4.11186884696564e-08	0.000386820417603179	0.00103032087135708
IS.AIR.PSGR_tend2	4.06589506698478e-08	9.16153620639109e-05	0.000294377391816309
SE.SEC.ENRL.GC.FE.ZS_delta1	4.02028787689765e-08	0.000207661487344865	0.000588754783632617
NY.GDP.FCST.KD	4.01074367903526e-08	6.51487019121144e-05	0.000147188695908154
TX.VAL.MRCH.CD.WT_delta1	4.00555058760764e-08	0.0021224225544806	0.00132469826317339
TX.VAL.TRAN.ZS.WT_rank	3.99659528210163e-08	0.000261612756115834	0.000441566087724463
BX.GSR.TRAN.ZS_max2	3.99656762061313e-08	0.00022191276588814	0.000441566087724463
BX.GSR.TRVL.ZS_tend2	3.97106545398656e-08	0.00042448451089612	0.000294377391816309
BX.GSR.MRCH.CD_tend2	3.94848455125552e-08	0.000101794846737679	0.000294377391816309
NY.GNP.PCAP.CN_isNA_rank	3.88941411116425e-08	0.000777712629075866	0.000735943479540771
EN.GHG.N2O.PI.MT.CE.AR5_ratioavg2	3.8489239718368e-08	2.95205055539268e-05	0.000147188695908154
NV.IND.MANF.CD_lag1	3.83914022782804e-08	6.51487019121144e-05	0.000147188695908154
EN.GHG.N2O.FE.MT.CE.AR5_lag1	3.81610183162057e-08	5.80230626404769e-05	0.000294377391816309
SP.DYN.TFRT.IN_rank	3.81112500373894e-08	4.98794749014626e-05	0.000147188695908154
EN.GHG.CH4.BU.MT.CE.AR5_tend2	3.74730427194418e-08	0.000287061467800254	0.00103032087135708
NY.GDP.FCST.CD_isNA_rank	3.74488193790657e-08	5.19153718362162e-05	0.000147188695908154
NY.ADJ.DKAP.GN.ZS	3.72206582118715e-08	7.63461350532591e-05	0.000441566087724463
SE.SEC.ENRR.MA_delta1	3.67027394479279e-08	0.000240235838300922	0.000294377391816309
DT.NFL.UNDP.CD_delta1	3.65442209090918e-08	0.000746156226587185	0.000735943479540771
NY.ADJ.AEDU.GN.ZS	3.49514927878569e-08	0.000210715332746995	0.000588754783632617
NY.GDP.DEFL.KD.ZG_isNA_rank	3.48639052895535e-08	0.000251433271442067	0.000883132175448925
DC.DAC.DEUL.CD_delta1	3.47845021812949e-08	0.000306402488680413	0.000441566087724463
FP.CPI.TOTL_avg2	3.46796524927747e-08	0.000461130655721685	0.000588754783632617
NY.GDP.PCAP.CN_rank	3.4627616378229e-08	4.7843577966709e-05	0.000147188695908154
BX.GSR.MRCH.CD_delta1	3.45177405367999e-08	0.00027891788006124	0.000294377391816309
TX.VAL.OTHR.ZS.WT_lag1	3.45115158235119e-08	0.00166332779569367	0.00132469826317339
DT.ODA.ODAT.PC.ZS_delta1	3.42716512525372e-08	2.44307632170429e-05	0.000147188695908154
BM.GSR.MRCH.CD_tend2	3.42574953515442e-08	0.00033897683963647	0.000294377391816309
EN.GHG.CO2.PC.CE.AR5_tend2	3.42241058485673e-08	0.00011095638294407	0.000441566087724463
NE.CON.PRVT.KD.ZG_tend2	3.41385818528746e-08	0.000270774292322226	0.000441566087724463
NY.GDP.FCST.CD_delta1	3.38762983942809e-08	0.000497776800547249	0.000588754783632617
TM.VAL.MRCH.HI.ZS_delta1	3.37340691093484e-08	0.000528315254568553	0.000588754783632617
AG.LND.AGRI.K2_tend2	3.35941221139997e-08	0.000391910159940063	0.000294377391816309
SE.SEC.ENRR.FE_isNA_rank	3.34453395954642e-08	0.000287061467800254	0.000735943479540771
NY.GDP.MINR.RT.ZS_delta1	3.32499707551627e-08	0.000213769178149125	0.000441566087724463
NY.GDP.TOTL.RT.ZS_delta1	3.29847311784932e-08	0.000768551092869475	0.000735943479540771
AG.CON.FERT.ZS_ratioavg2	3.2948141958437e-08	0.00128057917196	0.00132469826317339
DC.DAC.CANL.CD_ratioavg2	3.27441594332049e-08	0.000209697384279618	0.000588754783632617
EN.GHG.N2O.BU.MT.CE.AR5_delta1	3.25870965554301e-08	0.000295205055539268	0.000588754783632617
IS.AIR.GOOD.MT.K1_avg2	3.24753836551078e-08	0.00067489983387081	0.000294377391816309
NV.IND.MANF.ZS_rank	3.24328452621859e-08	0.000324725561093195	0.000147188695908154
FI.RES.TOTL.CD_tend2	3.20731126584039e-08	0.00033897683963647	0.000735943479540771
BM.GSR.INSF.ZS_ratiomax2	3.2010573609645e-08	7.22743411837519e-05	0.000147188695908154
NE.GDI.TOTL.CD_isNA_rank	3.16010941579344e-08	0.000270774292322226	0.000588754783632617
AG.SRF.TOTL.K2_delta1	3.15608729797462e-08	0.000388856314537933	0.000294377391816309
BM.GSR.CMCP.ZS_ratiomax2	3.13156006281284e-08	8.95794651291573e-05	0.000294377391816309
NV.SRV.TOTL.KD_delta1	3.13068273484761e-08	0.000119099970683084	0.000294377391816309
BX.TRF.PWKR.CD.DT_ratioavg2	3.12624872416325e-08	0.000178140981790938	0.000441566087724463
EN.GHG.CH4.MT.CE.AR5	3.00429008127129e-08	0.000321671715691065	0.000147188695908154
SE.SEC.ENRL	3.00293600201795e-08	0.000591428059545914	0.000883132175448925
IS.AIR.DPRT_tend2	2.99184997473249e-08	0.000347120427375485	0.000735943479540771
NE.CON.PRVT.ZS	2.97441343264911e-08	0.000666756246131796	0.000588754783632617
SP.POP.TOTL.MA.ZS_delta1	2.95983717438964e-08	9.36512589986645e-05	0.000147188695908154
NY.GDP.FCST.CD_rank	2.90988183910864e-08	2.85025570865501e-05	0.000147188695908154
EN.GHG.CH4.FE.MT.CE.AR5_delta1	2.87033033617843e-08	0.000108920486009316	0.000294377391816309
TX.VAL.FOOD.ZS.UN_isNA_rank	2.86090887013119e-08	3.15564024886804e-05	0.000147188695908154
TX.VAL.TRVL.ZS.WT_delta1	2.85881764730701e-08	0.00291438646209974	0.00191345304680601
BX.GSR.TRVL.ZS	2.83644749496612e-08	0.000387838366070556	0.000735943479540771
SH.DYN.MORT.FE_lag1	2.83210927155357e-08	0.000730886999576534	0.000294377391816309
BX.GSR.TOTL.CD_ratioavg2	2.83137465091001e-08	5.08974233688394e-05	0.000294377391816309
AG.PRD.FOOD.XD_delta1	2.82806640305782e-08	0.00050388449135151	0.000441566087724463
NY.ADJ.NNTY.PC.CD_rank	2.82404390490072e-08	0.000374605035994658	0.000147188695908154
NY.GDP.MKTP.CD	2.72431031104674e-08	0.000375622984462035	0.000147188695908154
BM.GSR.INSF.ZS_rank	2.71563182908697e-08	0.000824538258575198	0.000588754783632617
FP.CPI.TOTL_lag1	2.67310443348907e-08	0.00120525098537412	0.00117750956726523
BX.TRF.CURR.CD_tend2	2.67291838128489e-08	0.000387838366070556	0.000441566087724463
TX.VAL.MRCH.HI.ZS_delta1	2.64603562099125e-08	0.00042448451089612	0.000588754783632617
AG.LND.ARBL.HA_ratioavg2	2.63561989732158e-08	0.00157069448516238	0.00132469826317339
SE.ENR.PRIM.FM.ZS_delta1	2.58596263367725e-08	0.000292151210137138	0.000883132175448925
DC.DAC.TOTL.CD_delta1	2.55717491204962e-08	0.000439753737906772	0.000588754783632617
BX.TRF.PWKR.CD.DT_rank	2.55189773187604e-08	0.000111974331411447	0.000147188695908154
DC.DAC.USAL.CD_rank	2.53282923169179e-08	0.000319635818756311	0.000147188695908154
NY.GNP.ATLS.CD_isNA_rank	2.53051574149941e-08	0.000887651063552559	0.0016190756549897
EN.GHG.CO2.PI.MT.CE.AR5_tend2	2.47453627351972e-08	9.77230528681716e-05	0.000441566087724463
TM.VAL.MRCH.R2.ZS_lag1	2.46324499450611e-08	1.83230724127822e-05	0.000147188695908154
DT.ODA.ODAT.KD_lag1	2.45721670969787e-08	8.65256197270269e-05	0.000147188695908154
EN.GHG.CO2.IC.MT.CE.AR5_tend2	2.43743652567996e-08	0.00476807062119287	0.00250220783043862
FM.LBL.BMNY.GD.ZS_delta1	2.42869638837319e-08	0.000119099970683084	0.000294377391816309
AG.PRD.CREL.MT_delta1	2.41832738921153e-08	2.54487116844197e-05	0.000147188695908154
NE.CON.PRVT.CD_tend2	2.41363234351774e-08	0.000280953776995993	0.000883132175448925
IT.MLT.MAIN.P2_ratiomax2	2.41171157821601e-08	4.58076810319554e-05	0.000147188695908154
AG.PRD.CROP.XD_ratioavg2	2.40802124332502e-08	6.92204957816215e-05	0.000294377391816309
ER.FSH.PROD.MT_ratioavg2	2.35916056560197e-08	0.000290115313202384	0.000588754783632617
SP.POP.TOTL.FE.ZS_delta1	2.34926184348124e-08	1.9341020880159e-05	0.000147188695908154
NY.GDP.MKTP.CN	2.33186226568087e-08	7.22743411837519e-05	0.000147188695908154
BX.GSR.TOTL.CD_isNA_rank	2.32493831870299e-08	0.000378676829864165	0.000735943479540771
TM.VAL.OTHR.ZS.WT_lag1	2.31066797936856e-08	0.00019951789960585	0.000588754783632617
MS.MIL.MPRT.KD_delta1	2.30819731438099e-08	0.00025652301377895	0.000735943479540771
IT.MLT.MAIN_ratioavg2	2.26761360783778e-08	0.000231074302094531	0.000735943479540771
BX.GSR.TOTL.CD_rank	2.26634912948665e-08	5.59871657057233e-05	0.000294377391816309
AG.LND.CREL.HA_tend2	2.2515354109439e-08	0.00187302517997329	0.00279658522225493
MS.MIL.XPND.CD_isNA_rank	2.25037297557968e-08	0.00139051760643669	0.000883132175448925
SE.PRM.ENRL.FE.ZS_isNA_rank	2.24204721452003e-08	0.000176105084856184	0.000441566087724463
TX.VAL.MRCH.R3.ZS	2.23762255985754e-08	0.000385802469135802	0.000883132175448925
BX.GRT.TECH.CD.WD_ratioavg2	2.22131635116296e-08	0.000390892211472686	0.000735943479540771
EG.ELC.PETR.ZS_rank	2.21435779590033e-08	4.27538356298251e-05	0.000147188695908154
SP.POP.DPND	2.18654830833325e-08	2.74846086191733e-05	0.000147188695908154
EN.GHG.N2O.FE.MT.CE.AR5_delta1	2.17911320769494e-08	0.00139967914264308	0.00103032087135708
EN.GHG.N2O.IC.MT.CE.AR5_delta1	2.17571413096267e-08	3.56281963581876e-05	0.000147188695908154
NY.GDP.COAL.RT.ZS_isNA_rank	2.17374969797819e-08	0.000476399882732337	0.000588754783632617
TX.VAL.OTHR.ZS.WT	2.16829480361765e-08	0.00113806638652725	0.00147188695908154
NE.CON.PRVT.KD.ZG	2.1572604863454e-08	0.000220894817420763	0.000588754783632617
NV.SRV.TOTL.CD_delta1	2.14206251943283e-08	2.34128147496661e-05	0.000147188695908154
BX.KLT.DINV.CD.WD_isNA_rank	2.12271135443603e-08	0.000611787028893449	0.00132469826317339
BM.GSR.TRAN.ZS_max2	2.11125923281176e-08	5.39512687709697e-05	0.000147188695908154
TX.VAL.FUEL.ZS.UN_delta1	2.10600135643032e-08	0.000241253786768299	0.000588754783632617
EN.GHG.CO2.FE.MT.CE.AR5_ratioavg2	2.09846121845328e-08	1.73051239454054e-05	0.000147188695908154
SP.POP.DPND_lag1	2.07616912892054e-08	2.23948662822893e-05	0.000147188695908154
EG.USE.PCAP.KG.OE_avg2	2.0583890249177e-08	0.00053544089384019	0.000294377391816309
NV.IND.TOTL.CN_isNA_rank	2.0508259237045e-08	0.000554781914720349	0.000883132175448925
NE.CON.GOVT.CD_isNA_rank	2.02262752350082e-08	0.00114926381966839	0.000883132175448925
DT.ODA.ODAT.PC.ZS_tend2	2.00329643396804e-08	2.34128147496661e-05	0.000147188695908154
IT.CEL.SETS_delta1	1.99921937326062e-08	0.0012541125118082	0.000735943479540771
EN.GHG.CO2.MT.CE.AR5_delta1	1.99384149765216e-08	0.00016796149711717	0.000294377391816309
MS.MIL.MPRT.KD_avg2	1.98670506452216e-08	0.000314546076419427	0.000294377391816309
BM.GSR.GNFS.CD	1.97694015250615e-08	6.10769080426073e-05	0.000147188695908154
EG.USE.PCAP.KG.OE_isNA_rank	1.95302392154893e-08	6.92204957816215e-05	0.000294377391816309
NY.GDP.DEFL.KD.ZG_delta1	1.95141657298422e-08	7.63461350532591e-05	0.000294377391816309
IT.CEL.SETS.P2_delta1	1.94304606890216e-08	0.000802143392292909	0.00103032087135708
FD.AST.PRVT.GD.ZS_ratioavg2	1.93779341097374e-08	0.000297240952474022	0.000883132175448925
NE.CON.GOVT.CD	1.92629793328422e-08	0.00121848431545001	0.000735943479540771
EG.ELC.HYRO.ZS_delta1	1.92524606853102e-08	9.67051044007948e-05	0.000294377391816309
SH.DYN.MORT.FE_delta1	1.88684905072043e-08	0.000270774292322226	0.000147188695908154
SP.DYN.LE00.IN_delta1	1.88101809001113e-08	0.000184248672595199	0.000441566087724463
AG.LND.ARBL.HA_ratiomax2	1.85276984100287e-08	0.00112788690185348	0.000735943479540771
TM.VAL.MRCH.R6.ZS	1.85111942125178e-08	0.000541548584644451	0.00103032087135708
SP.POP.4044.FE.5Y_lag1	1.84739152383215e-08	1.62871754780286e-05	0.000147188695908154
TM.VAL.TRVL.ZS.WT_isNA_rank	1.83416450588352e-08	0.000333887097299586	0.000735943479540771
EN.GHG.CO2.RT.GDP.KD_tend2	1.8208266167378e-08	0.0002280204566924	0.000588754783632617
EN.GHG.CH4.PI.MT.CE.AR5	1.79894997689713e-08	0.000150656373171765	0.000294377391816309
BX.GRT.EXTA.CD.WD_avg2	1.79533263496995e-08	0.000153710218573895	0.000147188695908154
IT.CEL.SETS.P2_min2	1.7761972032446e-08	0.000168979445584547	0.000588754783632617
AG.PRD.LVSK.XD_tend2	1.75428895625424e-08	0.00109531255089742	0.00132469826317339
NY.ADJ.DKAP.CD_delta1	1.71413695090418e-08	7.93999804553894e-05	0.000147188695908154
NY.ADJ.AEDU.GN.ZS_lag1	1.68720299506608e-08	2.03589693475358e-05	0.000147188695908154
TX.VAL.TRVL.ZS.WT_isNA_rank	1.67738726465775e-08	0.000129279455356852	0.000294377391816309
NE.CON.PRVT.KD.ZG_delta1	1.67441760733883e-08	7.93999804553894e-05	0.000294377391816309
EG.ELC.FOSL.ZS	1.63440178183589e-08	0.00044993322258054	0.000441566087724463
NY.GDP.PETR.RT.ZS_delta1	1.61681177300569e-08	9.36512589986645e-05	0.000441566087724463
SP.DYN.TO65.MA.ZS_lag1	1.61514013177785e-08	0.000386820417603179	0.000294377391816309
NY.GDS.TOTL.ZS_lag1	1.59314010606127e-08	0.00230361738167367	0.00117750956726523
EN.GHG.CH4.BU.MT.CE.AR5_ratiomax2	1.58367762145487e-08	0.000428556304765628	0.000294377391816309
NE.CON.GOVT.ZS	1.57473266804721e-08	0.000533404996905437	0.000735943479540771
BM.GSR.TOTL.CD_ratioavg2	1.57221970129611e-08	0.00013945894003062	0.000441566087724463
EN.GHG.N2O.IP.MT.CE.AR5_tend2	1.53715351523517e-08	0.000229038405159777	0.000294377391816309
FI.RES.XGLD.CD_lag1	1.53333860531275e-08	6.92204957816215e-05	0.000441566087724463
year_cycle_lag1	1.52377803441209e-08	0.000393946056874817	0.000441566087724463
NE.CON.PRVT.ZS_ratiomax2	1.48078524669622e-08	0.000348138375842861	0.000294377391816309
EG.ELC.HYRO.ZS_max2	1.47781868406146e-08	0.000106884589074563	0.000294377391816309
NV.AGR.TOTL.CD	1.4729770267061e-08	2.64666601517965e-05	0.000147188695908154
EN.GHG.CH4.IC.MT.CE.AR5_ratioavg2	1.46804362036188e-08	0.000798071598423401	0.000441566087724463
AG.LND.CREL.HA_lag1	1.46344674292752e-08	2.23948662822893e-05	0.000147188695908154
NV.AGR.TOTL.CN_isNA_rank	1.45869433162526e-08	2.85025570865501e-05	0.000147188695908154
BM.GSR.TRAN.ZS_rank	1.42781138312596e-08	0.000125207661487345	0.000441566087724463
DC.DAC.FRAL.CD	1.41934655807051e-08	0.000190356363399459	0.000588754783632617
SP.DYN.LE00.FE.IN_rank	1.39840649366452e-08	3.25743509560572e-05	0.000147188695908154
EG.ELC.FOSL.ZS_tend2	1.39501573989337e-08	0.000187302517997329	0.000588754783632617
MS.MIL.MPRT.KD_tend2	1.386693186095e-08	8.75435681944037e-05	0.000441566087724463
NE.CON.TOTL.KD.ZG_tend2	1.38028288771672e-08	6.00589595752305e-05	0.000294377391816309
SE.PRM.ENRR.FE	1.37974335326426e-08	0.000295205055539268	0.000588754783632617
NE.DAB.TOTL.CD_isNA_rank	1.36670183030361e-08	0.000282989673930747	0.000147188695908154
NE.EXP.GNFS.CN	1.36418156590542e-08	0.000106884589074563	0.000294377391816309
NY.ADJ.NNTY.PC.CD_isNA_rank	1.35673748453403e-08	0.00215703280237141	0.00147188695908154
FS.AST.PRVT.GD.ZS	1.35522012026017e-08	2.34128147496661e-05	0.000147188695908154
NY.ADJ.DMIN.GN.ZS	1.34388545169554e-08	7.83820319880126e-05	0.000441566087724463
BX.PEF.TOTL.CD.WD_lag1	1.33606965892532e-08	0.000377658881396788	0.000588754783632617
FI.RES.TOTL.MO_avg2	1.32555780450489e-08	9.97589498029252e-05	0.000441566087724463
IS.AIR.GOOD.MT.K1	1.32068033737564e-08	0.0017936251995179	0.000883132175448925
MS.MIL.MPRT.KD_rank	1.30909086215333e-08	3.96999902276947e-05	0.000294377391816309
SH.DTH.NMRT_delta1	1.28860573031265e-08	0.000304366591745659	0.000294377391816309
NE.GDI.FTOT.ZS_lag1	1.27992800353178e-08	0.000189338414932082	0.000588754783632617
DC.DAC.GBRL.CD	1.27242996215551e-08	0.000252451219909443	0.000441566087724463
TX.VAL.MMTL.ZS.UN_rank	1.26021019792843e-08	0.000706456236359491	0.000735943479540771
EN.GHG.CO2.RT.GDP.KD_min2	1.25909915033943e-08	9.36512589986645e-05	0.000294377391816309
NY.GDP.DEFL.KD.ZG	1.24896637073858e-08	0.000168979445584547	0.000588754783632617
EN.GHG.CH4.TR.MT.CE.AR5_delta1	1.24342672416419e-08	0.000244307632170429	0.000441566087724463
NV.AGR.TOTL.ZS_isNA_rank	1.24148357927658e-08	0.00210817127593733	0.00191345304680601
TX.VAL.TRVL.ZS.WT	1.23394736073458e-08	0.000653522916055898	0.000883132175448925
SP.DYN.AMRT.FE_delta1	1.16918195032018e-08	0.000140476888497997	0.000441566087724463
NE.DAB.TOTL.CD_tend2	1.16857333739038e-08	2.03589693475358e-05	0.000147188695908154
TX.VAL.MRCH.R4.ZS	1.16125915333904e-08	0.000752263917391446	0.000735943479540771
BX.PEF.TOTL.CD.WD_ratioavg2	1.15278848489316e-08	0.000147602527769634	0.000588754783632617
NY.GNP.MKTP.CD_isNA_rank	1.14360280546581e-08	0.000396999902276947	0.000883132175448925
NE.IMP.GNFS.KD.ZG_isNA_rank	1.13579111869975e-08	0.000353228118179745	0.000735943479540771
SP.POP.4044.FE.5Y	1.10829035836364e-08	4.88615264340858e-05	0.000294377391816309
NE.CON.GOVT.CD_avg2	1.09283453309096e-08	2.23948662822893e-05	0.000147188695908154
NY.GDP.MINR.RT.ZS_lag1	1.09035893020296e-08	0.000669810091533926	0.000588754783632617
DC.DAC.CECL.CD_tend2	1.08327935589692e-08	0.000375622984462035	0.000588754783632617
FS.AST.PRVT.GD.ZS_tend2	1.07946345039782e-08	8.85615166617805e-05	0.000147188695908154
consumption_efficiency_delta1	1.07459333514259e-08	0.000402089644613831	0.000588754783632617
SE.SEC.ENRR.MA	1.0706396622214e-08	0.000578194729470015	0.000735943479540771
BG.GSR.NFSV.GD.ZS_isNA_rank	1.06399827610029e-08	0.000313528127952051	0.000588754783632617
BX.GSR.GNFS.CD_isNA_rank	1.06011397168401e-08	0.00150249193784814	0.00103032087135708
NE.CON.PRVT.CD_ratioavg2	1.05440296197224e-08	9.26333105312877e-05	0.000294377391816309
NV.IND.TOTL.KD.ZG_rank	1.02944533031255e-08	0.000148620476237011	0.000441566087724463
SE.SEC.ENRR.MA_rank	1.02734778567638e-08	0.000216823023551256	0.000441566087724463
BX.GRT.TECH.CD.WD_avg2	1.01969986952599e-08	4.68256294993322e-05	0.000147188695908154
MS.MIL.XPND.GD.ZS_delta1	1.01395835678393e-08	4.88615264340858e-05	0.000294377391816309
TX.VAL.MRCH.R1.ZS	1.00210961280119e-08	0.000298258900941399	0.000441566087724463
IS.AIR.PSGR	9.95040658479597e-09	0.000189338414932082	0.000588754783632617
EN.GHG.N2O.BU.MT.CE.AR5_min2	9.93361116611064e-09	5.70051141731001e-05	0.000147188695908154
DT.ODA.ODAT.CD_isNA_rank	9.91821755138639e-09	0.000594481904948044	0.000441566087724463
FM.LBL.BMNY.GD.ZS_ratioavg2	9.8390091503394e-09	0.0001140102283462	0.000294377391816309
NE.EXP.GNFS.KD_isNA_rank	9.8130353642427e-09	0.000135387146161113	0.000294377391816309
BM.GSR.CMCP.ZS_delta1	9.78060038540769e-09	0.000129279455356852	0.000147188695908154
EG.USE.ELEC.KH.PC_max2	9.77280593956089e-09	0.000369515293657774	0.000294377391816309
AG.PRD.FOOD.XD_min2	9.67277143841657e-09	0.000748192123521939	0.000588754783632617
health_coverage_efficiency_delta1	9.36149634601598e-09	3.96999902276947e-05	0.000294377391816309
SP.POP.GROW	9.28976346142272e-09	0.000121135867617838	0.000294377391816309
SH.MMR.RISK.ZS	9.19991736846067e-09	0.000309456334082543	0.000147188695908154
EN.GHG.N2O.IC.MT.CE.AR5_min2	9.18774206532899e-09	0.000385802469135802	0.000294377391816309
clase_isNA_rank	9.12070273506364e-09	0.00144548682367504	0.000883132175448925
DT.ODA.ALLD.KD_ratiomax2	9.1185657187106e-09	2.95205055539268e-05	0.000147188695908154
NY.GDP.FCST.KD_delta1	9.04974314167144e-09	0.000111974331411447	0.000294377391816309
EN.GHG.CO2.BU.MT.CE.AR5_delta1	9.03140086070299e-09	4.07179386950715e-05	0.000147188695908154
FS.AST.PRVT.GD.ZS_isNA_rank	8.92817258276842e-09	0.000436699892504642	0.000441566087724463
BX.GSR.NFSV.CD_lag1	8.92384531269858e-09	4.58076810319554e-05	0.000147188695908154
NY.ADJ.DRES.GN.ZS_lag1	8.88691381575701e-09	4.17358871624483e-05	0.000147188695908154
EN.GHG.CO2.TR.MT.CE.AR5_tend2	8.88214016548544e-09	5.19153718362162e-05	0.000294377391816309
NE.CON.GOVT.ZS_ratiomax2	8.70564688940341e-09	9.26333105312877e-05	0.000147188695908154
NY.GNP.PCAP.CD_delta1	8.69318754704357e-09	2.74846086191733e-05	0.000147188695908154
NE.GDI.TOTL.ZS_delta1	8.68180654617917e-09	0.000144548682367504	0.000588754783632617
EN.GHG.CO2.PC.CE.AR5	8.68164605441933e-09	0.000149638424704388	0.000294377391816309
SP.POP.2529.MA.5Y_rank	8.61545739745262e-09	0.000104848692139809	0.000147188695908154
AG.LND.CROP.ZS_tend2	8.61126661934718e-09	9.87410013355484e-05	0.000294377391816309
TM.VAL.MRCH.R1.ZS_lag1	8.40338154837439e-09	0.000668792143066549	0.000735943479540771
DT.NFL.UNDP.CD_rank	8.40113972408508e-09	0.000363407602853513	0.000294377391816309
BM.GSR.TRVL.ZS	8.38563255764237e-09	1.9341020880159e-05	0.000147188695908154
SP.POP.1564.MA.ZS	8.38530245799882e-09	2.44307632170429e-05	0.000147188695908154
EG.USE.PCAP.KG.OE_max2	8.33595288115285e-09	0.000773640835206359	0.000294377391816309
NE.CON.TOTL.KD.ZG_max2	8.33344290837873e-09	0.000173051239454054	0.000441566087724463
SH.DYN.NMRT_delta1	8.05351585174066e-09	3.56281963581876e-05	0.000147188695908154
DT.ODA.ODAT.GN.ZS_isNA_rank	8.04730962059417e-09	0.000862202351868139	0.00132469826317339
NY.GNP.PCAP.CD_rank	8.03020672264724e-09	0.000149638424704388	0.000147188695908154
EN.GHG.CO2.IC.MT.CE.AR5_delta1	8.01674206168835e-09	0.00496657057233135	0.00220783043862231
NE.RSB.GNFS.CN_rank	7.95733478737173e-09	0.000802143392292909	0.000441566087724463
NY.GDP.MKTP.KN	7.92572890600929e-09	1.83230724127822e-05	0.000147188695908154
NE.CON.PRVT.PC.KD_isNA_rank	7.9233442749406e-09	0.000189338414932082	0.000441566087724463
NV.SRV.TOTL.KD_isNA_rank	7.86738123510076e-09	3.05384540213036e-05	0.000147188695908154
SP.POP.80UP.FE.5Y	7.73027345253518e-09	0.000339994788103847	0.000147188695908154
BM.TRF.PWKR.CD.DT_avg2	7.62791984769469e-09	0.000156764063976025	0.000588754783632617
BX.GSR.FCTY.CD_rank	7.53571425797698e-09	9.5687155933418e-05	0.000147188695908154
EN.GHG.CO2.MT.CE.AR5_ratioavg2	7.51812777012234e-09	0.000423466562428744	0.000588754783632617
NE.CON.GOVT.CD_lag1	7.40011221517958e-09	0.000261612756115834	0.000294377391816309
ER.FSH.PROD.MT_delta1	7.39040772147406e-09	6.00589595752305e-05	0.000147188695908154
SE.PRM.ENRR.FE_delta1	7.35502083777189e-09	0.000410233232352845	0.000883132175448925
DC.DAC.USAL.CD_avg2	7.24344301001751e-09	3.46102478908108e-05	0.000147188695908154
FS.AST.PRVT.GD.ZS_delta1	7.2011283819521e-09	0.000149638424704388	0.000294377391816309
BX.GSR.MRCH.CD_ratiomax2	7.17043661191482e-09	3.96999902276947e-05	0.000147188695908154
TM.VAL.TRVL.ZS.WT_lag1	7.08568160925068e-09	1.83230724127822e-05	0.000147188695908154
DC.DAC.CECL.CD_max2	7.0792708950492e-09	0.000266702498452718	0.000294377391816309
NE.EXP.GNFS.CD_lag1	7.06509388303254e-09	1.73051239454054e-05	0.000147188695908154
TX.VAL.MRCH.RS.ZS	6.99925499734511e-09	5.08974233688394e-05	0.000294377391816309
TM.VAL.MRCH.R6.ZS_isNA_rank	6.98389516825541e-09	0.000163889703247663	0.000588754783632617
EG.ELC.NGAS.ZS_delta1	6.90550341997239e-09	0.000189338414932082	0.000441566087724463
BX.KLT.DINV.WD.GD.ZS_lag1	6.78120890927789e-09	0.000362389654386136	0.000883132175448925
DC.DAC.TOTL.CD_tend2	6.75795375723374e-09	7.22743411837519e-05	0.000294377391816309
TM.VAL.MRCH.R5.ZS_delta1	6.680653544836e-09	0.000148620476237011	0.000588754783632617
IT.MLT.MAIN_max2	6.67057171157306e-09	2.03589693475358e-05	0.000147188695908154
DT.ODA.ODAT.PC.ZS_ratioavg2	6.52535875528038e-09	6.82025473142448e-05	0.000294377391816309
SP.POP.TOTL.MA.ZS	6.46825203485189e-09	0.00050388449135151	0.000735943479540771
EN.GHG.N2O.AG.MT.CE.AR5_delta1	6.40997211701015e-09	0.000175087136388807	0.000147188695908154
FI.RES.TOTL.CD_lag1	6.40911680068569e-09	3.46102478908108e-05	0.000147188695908154
NE.CON.PRVT.ZS_ratioavg2	6.37933649809774e-09	0.000212751229681749	0.000441566087724463
AG.PRD.FOOD.XD_tend2	6.37645996618243e-09	2.13769178149125e-05	0.000147188695908154
NE.GDI.FTOT.CD_isNA_rank	6.26385083521345e-09	0.000494722955145119	0.000441566087724463
NE.CON.TOTL.KD.ZG_lag1	6.26277606391873e-09	4.58076810319554e-05	0.000294377391816309
SP.POP.6569.MA.5Y_lag1	6.1931433513445e-09	2.54487116844197e-05	0.000147188695908154
BX.GSR.TRAN.ZS_rank	6.14912558744257e-09	2.23948662822893e-05	0.000147188695908154
EN.GHG.ALL.MT.CE.AR5_tend2	6.13437617880563e-09	9.46692074660412e-05	0.000294377391816309
EG.ELC.FOSL.ZS_delta1	6.13248107959083e-09	0.000266702498452718	0.000588754783632617
SP.DYN.CBRT.IN_rank	6.06770932516537e-09	0.000210715332746995	0.000147188695908154
FS.AST.CGOV.GD.ZS_ratiomax2	6.05098871467204e-09	0.000501848594416756	0.000588754783632617
AG.CON.FERT.ZS_ratiomax2	6.0293410991127e-09	8.95794651291573e-05	0.000294377391816309
AG.LND.ARBL.ZS	6.01571863130705e-09	2.13769178149125e-05	0.000147188695908154
FD.AST.PRVT.GD.ZS_tend2	5.97615429383401e-09	6.61666503794912e-05	0.000294377391816309
EN.GHG.CH4.WA.MT.CE.AR5_tend2	5.91057677701406e-09	3.15564024886804e-05	0.000147188695908154
NE.RSB.GNFS.ZS_isNA_rank	5.89796901776021e-09	0.000166943548649793	0.000147188695908154
EG.USE.PCAP.KG.OE_delta1	5.88123993087099e-09	4.88615264340858e-05	0.000294377391816309
SH.IMM.MEAS_delta1	5.83154286177671e-09	4.37717840972019e-05	0.000147188695908154
FM.AST.PRVT.GD.ZS_isNA_rank	5.83068642592827e-09	0.000296223004006645	0.000294377391816309
NY.GDP.PCAP.KD.ZG_delta1	5.74670789311365e-09	7.02384442489983e-05	0.000294377391816309
NE.CON.TOTL.KD.ZG_avg2	5.70924990003519e-09	0.000119099970683084	0.000147188695908154
SP.POP.1014.FE.5Y_lag1	5.70671593746139e-09	2.44307632170429e-05	0.000147188695908154
NE.CON.PRVT.PC.KD_tend2	5.65534066193076e-09	4.88615264340858e-05	0.000147188695908154
SP.POP.2529.MA.5Y	5.54429043234469e-09	0.000251433271442067	0.000588754783632617
BX.GSR.CMCP.ZS_max2	5.48159261859169e-09	6.92204957816215e-05	0.000294377391816309
NE.RSB.GNFS.ZS_rank	5.39817960532144e-09	0.000260594807648458	0.000294377391816309
NY.ADJ.DFOR.GN.ZS_rank	5.36499319599033e-09	0.000334905045766963	0.000588754783632617
BX.KLT.DINV.WD.GD.ZS	5.32820863657178e-09	0.000248379426039936	0.000441566087724463
IT.MLT.MAIN.P2_delta1	5.12664613977709e-09	0.000472328088862829	0.000441566087724463
IS.AIR.PSGR_delta1	5.01323160298075e-09	1.9341020880159e-05	0.000147188695908154
NV.SRV.TOTL.ZS_lag1	4.94947658905562e-09	0.000194428157268966	0.000294377391816309
NY.ADJ.DNGY.GN.ZS	4.89370328541605e-09	0.000401071696146454	0.000735943479540771
SE.SEC.ENRR.FE_delta1	4.80909991858974e-09	0.000516099872960031	0.000441566087724463
SP.URB.GROW_rank	4.70500937728456e-09	2.74846086191733e-05	0.000147188695908154
SE.ENR.PRIM.FM.ZS_lag1	4.68670963822753e-09	0.000210715332746995	0.000294377391816309
NE.CON.PRVT.KD.ZG_ratiomax2	4.65362746457601e-09	0.000123171764552591	0.000294377391816309
EN.GHG.CO2.PI.MT.CE.AR5_lag1	4.65041722954934e-09	5.19153718362162e-05	0.000147188695908154
ER.FSH.AQUA.MT	4.61332164237799e-09	0.000100776898270302	0.000147188695908154
TX.VAL.MRCH.R5.ZS_delta1	4.58510452013481e-09	1.73051239454054e-05	0.000147188695908154
NE.CON.PRVT.PC.KD_avg2	4.49447873369391e-09	0.000376640932929411	0.000147188695908154
AG.LND.ARBL.HA.PC_ratioavg2	4.45194002090802e-09	2.44307632170429e-05	0.000147188695908154
IS.AIR.PSGR_ratioavg2	4.37314712319141e-09	0.001639914980944	0.000883132175448925
EN.GHG.CH4.MT.CE.AR5_delta1	4.35907051598321e-09	0.000459094758786931	0.000441566087724463
MS.MIL.MPRT.KD_min2	4.30775852604391e-09	0.000169997394051924	0.000294377391816309
AG.YLD.CREL.KG_max2	4.28977017458668e-09	0.000275864034659109	0.000294377391816309
EN.GHG.CH4.PI.MT.CE.AR5_delta1	4.23616616670013e-09	0.000107902537541939	0.000147188695908154
AG.PRD.LVSK.XD_delta1	4.2265875394769e-09	0.000435681944037265	0.00103032087135708
TX.VAL.MRCH.WR.ZS	4.22586860516361e-09	0.000145566630834881	0.000294377391816309
BX.TRF.PWKR.DT.GD.ZS	4.22318896453127e-09	3.86820417603179e-05	0.000147188695908154
TX.VAL.MRCH.R6.ZS_delta1	4.12234465669644e-09	0.00236876608358578	0.00220783043862231
BX.TRF.PWKR.DT.GD.ZS_avg2	4.08792455817282e-09	3.46102478908108e-05	0.000147188695908154
NE.CON.GOVT.ZS_delta1	4.06224755588536e-09	8.65256197270269e-05	0.000294377391816309
EN.GHG.N2O.AG.MT.CE.AR5_ratioavg2	4.05492938752812e-09	0.00042448451089612	0.000294377391816309
EN.GHG.N2O.IP.MT.CE.AR5_ratioavg2	4.04150397593532e-09	0.000290115313202384	0.000147188695908154
BM.GSR.INSF.ZS_avg2	4.04088610021499e-09	0.00146380989608782	0.00176626435089785
IS.AIR.DPRT_rank	3.95155118334133e-09	4.17358871624483e-05	0.000147188695908154
NV.SRV.TOTL.KD.ZG_delta1	3.93612002458059e-09	0.000420412717026613	0.000441566087724463
DC.DAC.FRAL.CD_min2	3.89234275842042e-09	8.85615166617805e-05	0.000147188695908154
TX.VAL.MRCH.R1.ZS_rank	3.85400737840179e-09	0.000470292191928076	0.000294377391816309
IT.MLT.MAIN_tend2	3.84407840701788e-09	6.51487019121144e-05	0.000294377391816309
FS.AST.CGOV.GD.ZS_lag1	3.76849190908367e-09	0.000897830548226327	0.000883132175448925
NE.CON.TOTL.KD.ZG_ratiomax2	3.73678420101736e-09	0.000236164044431415	0.000294377391816309
BX.TRF.CURR.CD	3.69935953376894e-09	3.76640932929411e-05	0.000147188695908154
EN.GHG.CH4.MT.CE.AR5_lag1	3.65852441662406e-09	2.34128147496661e-05	0.000147188695908154
SP.POP.0004.MA.5Y	3.64339009165131e-09	0.00118794586142871	0.000441566087724463
SP.DYN.LE00.MA.IN_lag1	3.64093061740551e-09	5.49692172383465e-05	0.000147188695908154
NY.GDS.TOTL.ZS_isNA_rank	3.57500216730035e-09	0.000294187107071892	0.000588754783632617
SP.RUR.TOTL	3.56861224675753e-09	6.7184598846868e-05	0.000294377391816309
DC.DAC.FRAL.CD_avg2	3.51369815091278e-09	0.000182212775660445	0.000441566087724463
SE.PRM.ENRR_delta1	3.45489060054233e-09	0.000405143490015961	0.000735943479540771
EG.ELC.HYRO.ZS_avg2	3.45398834417651e-09	0.000120117919150461	0.000147188695908154
EN.GHG.CO2.RT.GDP.KD_max2	3.42135773852089e-09	5.80230626404769e-05	0.000147188695908154
EN.GHG.N2O.FE.MT.CE.AR5_rank	3.3886145407388e-09	9.97589498029252e-05	0.000147188695908154
SP.POP.DPND.YG_delta1	3.38666189099415e-09	9.97589498029252e-05	0.000294377391816309
MS.MIL.MPRT.KD_ratiomax2	3.2939691334174e-09	0.000350174272777615	0.000441566087724463
AG.LND.ARBL.HA.PC_tend2	3.21355111294357e-09	0.000103830743672432	0.000441566087724463
FI.RES.XGLD.CD_isNA_rank	3.21197487190213e-09	0.000225984559757647	0.000441566087724463
EN.GHG.CO2.BU.MT.CE.AR5_ratioavg2	3.20984484851323e-09	0.00196565849050458	0.0016190756549897
EN.GHG.N2O.TR.MT.CE.AR5_ratioavg2	3.20980099747094e-09	0.00500118082022216	0.00250220783043862
AG.PRD.CROP.XD_lag1	3.19889192969332e-09	0.000155746115508649	0.000441566087724463
EG.USE.ELEC.KH.PC_ratioavg2	3.1974265727546e-09	7.32922896511287e-05	0.000294377391816309
NV.IND.TOTL.CD	3.16418996476766e-09	3.05384540213036e-05	0.000147188695908154
NE.CON.GOVT.ZS_rank	3.14842306876046e-09	6.31128049773608e-05	0.000294377391816309
FP.CPI.TOTL_ratiomax2	3.14714409257372e-09	1.83230724127822e-05	0.000147188695908154
SH.DYN.NMRT_lag1	3.11849375453139e-09	0.000742084432717678	0.000294377391816309
FP.CPI.TOTL_max2	3.09255666283244e-09	0.000197482002671097	0.000294377391816309
SP.POP.80UP.FE.5Y_delta1	3.01767442232706e-09	0.000843879279455357	0.000441566087724463
DC.DAC.TOTL.CD_ratiomax2	2.96498090730422e-09	8.34717743248966e-05	0.000147188695908154
DC.DAC.JPNL.CD_ratioavg2	2.93810949287388e-09	0.000542566533111828	0.000588754783632617
EG.ELC.PETR.ZS_ratiomax2	2.92540509471034e-09	6.41307534447376e-05	0.000294377391816309
DT.ODA.ODAT.PC.ZS_isNA_rank	2.88380274378881e-09	0.000611787028893449	0.000588754783632617
TM.VAL.MRCH.R6.ZS_lag1	2.85874961373449e-09	0.000382748623733672	0.000441566087724463
NE.CON.GOVT.CD_tend2	2.81017217108154e-09	1.73051239454054e-05	0.000147188695908154
TM.VAL.FOOD.ZS.UN_lag1	2.80599890552986e-09	3.96999902276947e-05	0.000147188695908154
TX.VAL.MRCH.CD.WT	2.73864482409488e-09	4.88615264340858e-05	0.000147188695908154
AG.PRD.FOOD.XD_ratioavg2	2.73741662631746e-09	0.000162871754780286	0.000441566087724463
TM.VAL.SERV.CD.WT	2.71252409047941e-09	2.95205055539268e-05	0.000147188695908154
MS.MIL.XPND.CD_max2	2.70044890477838e-09	0.000103830743672432	0.000147188695908154
IS.AIR.PSGR_ratiomax2	2.67684987894737e-09	0.000127243558422098	0.000294377391816309
TX.VAL.MRCH.R2.ZS_rank	2.66518829738426e-09	0.000255505065311574	0.000294377391816309
BM.GSR.FCTY.CD	2.6373254245163e-09	7.73640835206359e-05	0.000294377391816309
BX.TRF.CURR.CD_ratiomax2	2.62769136086432e-09	4.58076810319554e-05	0.000147188695908154
SE.PRM.ENRL.FE.ZS_rank	2.58056995661228e-09	1.73051239454054e-05	0.000147188695908154
ER.FSH.AQUA.MT_tend2	2.56541815906877e-09	6.61666503794912e-05	0.000147188695908154
SP.POP.5054.MA.5Y_delta1	2.55899816881141e-09	0.000128261506889475	0.000294377391816309
EN.GHG.N2O.AG.MT.CE.AR5	2.55834804524019e-09	3.56281963581876e-05	0.000147188695908154
SE.PRM.ENRR.FE_lag1	2.45902768568138e-09	0.000629092152838855	0.000735943479540771
SP.POP.4549.MA.5Y_rank	2.45033693093992e-09	0.000791963907619141	0.000294377391816309
SE.SEC.ENRL.GC_lag1	2.44013175012365e-09	4.98794749014626e-05	0.000147188695908154
EN.GHG.CH4.FE.MT.CE.AR5_avg2	2.4257906478772e-09	7.02384442489983e-05	0.000147188695908154
IT.MLT.MAIN.P2_avg2	2.4208338754681e-09	3.3592299423434e-05	0.000147188695908154
MS.MIL.XPND.CD	2.40342132918185e-09	0.000272810189256979	0.000441566087724463
TM.VAL.MRCH.AL.ZS	2.40099389131436e-09	0.000104848692139809	0.000294377391816309
NY.ADJ.DFOR.GN.ZS_delta1	2.37364737889293e-09	6.7184598846868e-05	0.000147188695908154
NE.TRD.GNFS.ZS_lag1	2.36950905848279e-09	8.44897227922734e-05	0.000294377391816309
TX.VAL.TRAN.ZS.WT	2.3426560962067e-09	0.000100776898270302	0.000294377391816309
NE.IMP.GNFS.ZS_rank	2.32418872842444e-09	2.95205055539268e-05	0.000147188695908154
MS.MIL.XPND.CD_ratiomax2	2.31960795614226e-09	2.44307632170429e-05	0.000147188695908154
PA.NUS.ATLS_rank	2.31685072849947e-09	0.000160835857845532	0.000147188695908154
EN.GHG.CO2.FE.MT.CE.AR5_tend2	2.30769446169104e-09	6.7184598846868e-05	0.000294377391816309
TX.VAL.FOOD.ZS.UN_rank	2.28101844417907e-09	0.000277899931593863	0.000147188695908154
EG.USE.PCAP.KG.OE_ratioavg2	2.2461760989423e-09	0.000245325580637806	0.000441566087724463
BX.GSR.NFSV.CD_isNA_rank	2.24576991165079e-09	0.000379694778331542	0.000294377391816309
AG.YLD.CREL.KG_ratioavg2	2.19494307792588e-09	0.000279935828528617	0.000441566087724463
TX.VAL.TRVL.ZS.WT_rank	2.18225648719072e-09	0.000266702498452718	0.000294377391816309
BM.GSR.TRVL.ZS_tend2	2.17303670613818e-09	0.000141494836965373	0.000441566087724463
SP.POP.TOTL.FE.ZS_rank	2.16403394530991e-09	3.86820417603179e-05	0.000147188695908154
DC.DAC.JPNL.CD_max2	2.13232406816587e-09	4.58076810319554e-05	0.000147188695908154
NV.IND.MANF.KD_lag1	2.11583491925641e-09	2.34128147496661e-05	0.000147188695908154
EN.GHG.CH4.PI.MT.CE.AR5_avg2	2.09688837521711e-09	0.000185266621062575	0.000294377391816309
DC.DAC.GBRL.CD_lag1	2.09639382549679e-09	0.000245325580637806	0.000294377391816309
NE.CON.PRVT.CD_delta1	2.05623562053277e-09	0.000121135867617838	0.000147188695908154
EN.GHG.N2O.FE.MT.CE.AR5_ratiomax2	2.03954223846206e-09	3.46102478908108e-05	0.000147188695908154
NE.GDI.FTOT.ZS	2.01428897600288e-09	4.17358871624483e-05	0.000147188695908154
NY.ADJ.DFOR.CD_delta1	2.00468074136856e-09	0.000190356363399459	0.000294377391816309
EN.GHG.CO2.IP.MT.CE.AR5_ratioavg2	2.00253365429754e-09	0.000279935828528617	0.000294377391816309
SE.SEC.ENRR_isNA_rank	1.97555707458286e-09	0.000177123033323561	0.000294377391816309
NY.GSR.NFCY.CD_lag1	1.92545922589774e-09	6.31128049773608e-05	0.000147188695908154
NY.ADJ.DNGY.GN.ZS_rank	1.9212979152629e-09	0.000339994788103847	0.000588754783632617
IS.AIR.DPRT	1.89470286332483e-09	9.67051044007948e-05	0.000147188695908154
SH.DTH.MORT_delta1	1.88878282049273e-09	2.54487116844197e-05	0.000147188695908154
SM.POP.NETM_lag1	1.87894378399402e-09	0.000433646047102511	0.000294377391816309
BX.GSR.TRAN.ZS_delta1	1.8758260896196e-09	2.23948662822893e-05	0.000147188695908154
EG.ELC.FOSL.ZS_rank	1.86713266601293e-09	8.65256197270269e-05	0.000147188695908154
NE.EXP.GNFS.KD_lag1	1.82897944853985e-09	6.10769080426073e-05	0.000147188695908154
BM.KLT.DINV.CD.WD_max2	1.80975786144726e-09	2.44307632170429e-05	0.000147188695908154
EN.URB.MCTY.TL.ZS_ratioavg2	1.78872832308508e-09	8.85615166617805e-05	0.000294377391816309
DC.DAC.CANL.CD_isNA_rank	1.78556886646772e-09	0.000505920388286263	0.000441566087724463
BM.GSR.NFSV.CD_tend2	1.77585755566079e-09	5.59871657057233e-05	0.000147188695908154
EN.GHG.CH4.FE.MT.CE.AR5_ratioavg2	1.77568498903512e-09	6.00589595752305e-05	0.000147188695908154
AG.YLD.CREL.KG_rank	1.77359315846935e-09	0.000467238346525945	0.000294377391816309
FI.RES.TOTL.MO_ratioavg2	1.76257617282778e-09	0.000279935828528617	0.000588754783632617
MS.MIL.XPND.GD.ZS_ratiomax2	1.76199934434191e-09	0.00047843577966709	0.000294377391816309
EG.ELC.NGAS.ZS_min2	1.74603983398321e-09	4.7843577966709e-05	0.000147188695908154
trade_balance_ratio_rank	1.74085747749115e-09	0.000705438287892114	0.00103032087135708
BX.TRF.CURR.CD_min2	1.73173842485947e-09	0.000288079416267631	0.000294377391816309
AG.PRD.LVSK.XD_ratioavg2	1.72172395045594e-09	0.000673881885403433	0.000883132175448925
SH.MMR.DTHS	1.71563404234957e-09	8.95794651291573e-05	0.000147188695908154
EN.GHG.CO2.FE.MT.CE.AR5_rank	1.68552588416391e-09	0.000101794846737679	0.000147188695908154
EN.GHG.CO2.FE.MT.CE.AR5_delta1	1.67859133116733e-09	0.000179158930258315	0.000294377391816309
BM.KLT.DINV.WD.GD.ZS_avg2	1.67798812917365e-09	5.59871657057233e-05	0.000147188695908154
NE.CON.PRVT.ZS_avg2	1.65155002800102e-09	0.000761425453597837	0.000441566087724463
SE.SEC.ENRL_rank	1.64314982221983e-09	2.64666601517965e-05	0.000147188695908154
NY.GDP.PETR.RT.ZS	1.62986618034736e-09	0.000203589693475358	0.000441566087724463
NY.GDP.FCST.CD_lag1	1.61397983512926e-09	0.000232092250561908	0.000294377391816309
DT.ODA.ODAT.GN.ZS_ratiomax2	1.60909662144341e-09	4.58076810319554e-05	0.000147188695908154
SH.STA.MMRT_lag1	1.59741694757304e-09	0.000178140981790938	0.000147188695908154
EN.GHG.CH4.TR.MT.CE.AR5_ratioavg2	1.58139602457664e-09	0.000758371608195707	0.000735943479540771
TX.VAL.MRCH.RS.ZS_delta1	1.57743754527722e-09	0.000955853610866803	0.000735943479540771
DC.DAC.FRAL.CD_lag1	1.56476411136973e-09	2.44307632170429e-05	0.000147188695908154
NE.GDI.FTOT.ZS_delta1	1.56461582442048e-09	0.000186284569529952	0.000588754783632617
AG.CON.FERT.ZS_rank	1.5645000036668e-09	0.000241253786768299	0.000294377391816309
NE.RSB.GNFS.CN_isNA_rank	1.55966643887053e-09	7.93999804553894e-05	0.000147188695908154
EG.ELC.FOSL.ZS_avg2	1.55575018403939e-09	3.15564024886804e-05	0.000147188695908154
TX.VAL.MRCH.AL.ZS_delta1	1.53689851965781e-09	2.85025570865501e-05	0.000147188695908154
NE.CON.PRVT.KD.ZG_ratioavg2	1.53645258926483e-09	0.000129279455356852	0.000294377391816309
BG.GSR.NFSV.GD.ZS_ratiomax2	1.52483500899262e-09	0.000318617870288935	0.000147188695908154
EG.USE.PCAP.KG.OE	1.48438608264165e-09	0.000508974233688394	0.000294377391816309
AG.LND.ARBL.HA.PC_delta1	1.45513904331325e-09	9.97589498029252e-05	0.000147188695908154
AG.LND.CREL.HA	1.45102143409682e-09	4.58076810319554e-05	0.000147188695908154
SP.POP.BRTH.MF_lag1	1.43725023952893e-09	0.000126225609954722	0.000294377391816309
SE.SEC.ENRL.GC_delta1	1.42083568890071e-09	0.000207661487344865	0.000441566087724463
EN.GHG.CO2.PC.CE.AR5_ratioavg2	1.41086874678672e-09	7.02384442489983e-05	0.000147188695908154
SE.TER.ENRR_rank	1.40763434203688e-09	0.000146584579302257	0.000294377391816309
EN.GHG.CH4.BU.MT.CE.AR5	1.39484723903895e-09	1.73051239454054e-05	0.000147188695908154
SM.POP.NETM_delta1	1.39230965300583e-09	0.000237181992898792	0.000441566087724463
BM.GSR.FCTY.CD_min2	1.38213952228646e-09	4.98794749014626e-05	0.000147188695908154
NE.IMP.GNFS.CN_lag1	1.36839368693597e-09	5.90410111078537e-05	0.000147188695908154
NE.CON.PRVT.KD_ratioavg2	1.34031450604093e-09	7.93999804553894e-05	0.000147188695908154
NE.CON.PRVT.PC.KD_delta1	1.32998615759483e-09	0.000101794846737679	0.000294377391816309
BM.GSR.GNFS.CD_ratioavg2	1.32460446585896e-09	1.9341020880159e-05	0.000147188695908154
TX.VAL.TRVL.ZS.WT_lag1	1.30652267413199e-09	0.000403107593081208	0.000441566087724463
FP.CPI.TOTL_min2	1.29637469399433e-09	0.000336940942701717	0.000588754783632617
DC.DAC.CANL.CD_delta1	1.29016047124582e-09	2.03589693475358e-05	0.000147188695908154
EN.GHG.CO2.PI.MT.CE.AR5_avg2	1.27776482180411e-09	0.000180176878725691	0.000294377391816309
SP.DYN.IMRT.MA.IN	1.23581981657721e-09	0.000377658881396788	0.000147188695908154
DC.DAC.CECL.CD_ratiomax2	1.20494038633196e-09	5.80230626404769e-05	0.000147188695908154
EN.GHG.CH4.PI.MT.CE.AR5_max2	1.18028974764065e-09	0.000158799960910779	0.000147188695908154
NV.IND.MANF.ZS_lag1	1.16663211478698e-09	4.17358871624483e-05	0.000147188695908154
TM.VAL.MRCH.R5.ZS_lag1	1.14272785873809e-09	0.000239217889833545	0.000294377391816309
EN.GHG.N2O.MT.CE.AR5_ratiomax2	1.13504602500927e-09	0.000206643538877488	0.000147188695908154
TM.VAL.FUEL.ZS.UN_delta1	1.05564718493584e-09	0.000242271735235675	0.000294377391816309
AG.PRD.CREL.MT_max2	9.97810296845417e-10	2.44307632170429e-05	0.000147188695908154
EG.ELC.COAL.ZS_rank	9.84836613180512e-10	0.00022496661129027	0.000294377391816309
SP.POP.3539.MA.5Y_lag1	9.68069102628808e-10	3.76640932929411e-05	0.000147188695908154
DC.DAC.USAL.CD_lag1	9.67780705253701e-10	7.22743411837519e-05	0.000294377391816309
BX.GSR.CMCP.ZS_rank	9.45625645456708e-10	0.000288079416267631	0.000588754783632617
FI.RES.TOTL.CD_rank	9.29677506512947e-10	9.36512589986645e-05	0.000294377391816309
TM.VAL.MRCH.AL.ZS_lag1	9.14785092860598e-10	0.000927351053780253	0.000883132175448925
TM.VAL.INSF.ZS.WT_rank	9.10344126953873e-10	0.000153710218573895	0.000294377391816309
NV.SRV.TOTL.KD.ZG_lag1	9.08505588689686e-10	0.000126225609954722	0.000294377391816309
TM.VAL.MRCH.R2.ZS	9.02230077000881e-10	0.000787892113749634	0.000588754783632617
NY.GDP.MKTP.KD_delta1	8.87759010014684e-10	7.32922896511287e-05	0.000147188695908154
consumption_efficiency_rank	8.7594851177008e-10	4.17358871624483e-05	0.000147188695908154
SP.POP.BRTH.MF_delta1	8.73586156229963e-10	0.000150656373171765	0.000147188695908154
NE.CON.TOTL.KD_isNA_rank	8.71392229075073e-10	0.000284007622398124	0.000294377391816309
EG.ELC.COAL.ZS_delta1	8.70232382235226e-10	3.25743509560572e-05	0.000147188695908154
NY.GDP.PETR.RT.ZS_lag1	8.6374873904273e-10	2.34128147496661e-05	0.000147188695908154
SM.POP.RHCR.EA	8.61275150798114e-10	0.000123171764552591	0.000294377391816309
NY.ADJ.DMIN.GN.ZS_delta1	8.38577681630442e-10	2.85025570865501e-05	0.000147188695908154
AG.LND.AGRI.K2_min2	8.3534065799413e-10	5.2933320303593e-05	0.000147188695908154
SP.DYN.CBRT.IN_delta1	8.21724067689401e-10	8.34717743248966e-05	0.000294377391816309
EN.URB.MCTY.TL.ZS_avg2	8.10477729567183e-10	0.000133351249226359	0.000294377391816309
EN.GHG.CH4.BU.MT.CE.AR5_lag1	8.04349115418396e-10	4.17358871624483e-05	0.000147188695908154
NE.CON.GOVT.ZS_avg2	7.98012543442071e-10	0.000233110199029284	0.000294377391816309
BX.GRT.EXTA.CD.WD_min2	7.94224940159033e-10	8.75435681944037e-05	0.000147188695908154
MS.MIL.XPND.GD.ZS_ratioavg2	7.93481170155727e-10	0.000115028176813577	0.000294377391816309
DT.ODA.ODAT.GN.ZS_delta1	7.58129087906187e-10	0.000150656373171765	0.000294377391816309
BM.GSR.TOTL.CD_isNA_rank	7.55460302658206e-10	3.05384540213036e-05	0.000147188695908154
EN.GHG.CH4.AG.MT.CE.AR5_min2	7.51911331660103e-10	4.07179386950715e-05	0.000147188695908154
NY.ADJ.DKAP.CD_isNA_rank	7.5145325143316e-10	0.000239217889833545	0.000441566087724463
EN.GHG.N2O.FE.MT.CE.AR5	7.47637149017788e-10	6.2094856509984e-05	0.000147188695908154
NE.CON.PRVT.ZS_delta1	7.46937701418853e-10	0.000128261506889475	0.000294377391816309
EN.GHG.N2O.IP.MT.CE.AR5_max2	7.45139890837491e-10	4.7843577966709e-05	0.000147188695908154
TM.VAL.MRCH.OR.ZS	7.44547822581482e-10	8.04179289227662e-05	0.000147188695908154
TX.VAL.MRCH.R4.ZS_rank	7.42920434537445e-10	7.32922896511287e-05	0.000147188695908154
EN.GHG.CO2.PC.CE.AR5_rank	7.25911186771004e-10	2.44307632170429e-05	0.000147188695908154
NE.RSB.GNFS.CD_rank	7.17911228306973e-10	0.000103830743672432	0.000147188695908154
DC.DAC.JPNL.CD_delta1	7.13261285435729e-10	0.00019646405420372	0.000294377391816309
TM.VAL.FUEL.ZS.UN_lag1	7.1093837312458e-10	0.000337958891169093	0.000441566087724463
SE.SEC.ENRR.FE_lag1	6.73901700902932e-10	4.07179386950715e-05	0.000147188695908154
AG.PRD.CROP.XD_avg2	6.712134764204e-10	0.000153710218573895	0.000294377391816309
BM.TRF.PWKR.CD.DT_max2	6.61176861430918e-10	0.000143530733900127	0.000294377391816309
TX.VAL.MRCH.R6.ZS_lag1	6.51353768153241e-10	3.56281963581876e-05	0.000147188695908154
SE.SEC.ENRL.GC_rank	6.50479619836039e-10	0.000126225609954722	0.000294377391816309
SE.SEC.ENRL.GC	6.44126291234534e-10	0.000210715332746995	0.000294377391816309
NE.CON.TOTL.KD.ZG_delta1	6.42185266546981e-10	0.000179158930258315	0.000294377391816309
ER.FSH.CAPT.MT_avg2	6.39145079217012e-10	7.73640835206359e-05	0.000147188695908154
AG.LND.AGRI.K2	6.37073879878965e-10	2.13769178149125e-05	0.000147188695908154
NY.GDP.DEFL.KD.ZG_rank	6.34798527345673e-10	0.000145566630834881	0.000294377391816309
EN.GHG.CO2.RT.GDP.KD_ratiomax2	6.25821677999982e-10	0.00189949184012509	0.000735943479540771
NE.EXP.GNFS.CN_rank	6.20186940107873e-10	5.19153718362162e-05	0.000147188695908154
SE.SEC.ENRR_rank	6.15218732560925e-10	0.000270774292322226	0.000147188695908154
EN.GHG.CH4.WA.MT.CE.AR5_min2	6.12575856296594e-10	6.10769080426073e-05	0.000147188695908154
BX.GRT.EXTA.CD.WD_tend2	5.98971040985206e-10	0.000116046125280954	0.000294377391816309
TM.VAL.MRCH.R4.ZS_lag1	5.96412688781734e-10	4.98794749014626e-05	0.000147188695908154
NE.EXP.GNFS.ZS_lag1	5.92010920388141e-10	3.56281963581876e-05	0.000147188695908154
BX.KLT.DINV.WD.GD.ZS_rank	5.85063194520908e-10	4.7843577966709e-05	0.000147188695908154
FM.AST.PRVT.GD.ZS_min2	5.69876951623364e-10	0.000472328088862829	0.000294377391816309
DC.DAC.USAL.CD_min2	5.51641845084967e-10	1.62871754780286e-05	0.000147188695908154
SP.POP.TOTL.FE.ZS	5.50305965593184e-10	0.000352210169712369	0.000588754783632617
AG.LND.TOTL.K2	5.49850286845146e-10	5.39512687709697e-05	0.000147188695908154
TX.VAL.MRCH.OR.ZS	5.49598313982547e-10	0.000197482002671097	0.000147188695908154
health_coverage_efficiency	5.4286133850547e-10	8.75435681944037e-05	0.000147188695908154
NY.GNP.MKTP.CD_delta1	5.29686260472283e-10	8.1435877390143e-05	0.000147188695908154
BM.GSR.CMCP.ZS	5.25565077775278e-10	0.000173051239454054	0.000294377391816309
TM.VAL.MANF.ZS.UN_rank	5.237573813973e-10	9.05974135965341e-05	0.000147188695908154
EN.GHG.CO2.BU.MT.CE.AR5_max2	5.23346316179847e-10	0.000125207661487345	0.000147188695908154
NE.IMP.GNFS.CN_rank	5.0671614723129e-10	2.74846086191733e-05	0.000147188695908154
BX.GRT.TECH.CD.WD_delta1	5.01727708286615e-10	3.15564024886804e-05	0.000147188695908154
BM.KLT.DINV.WD.GD.ZS_lag1	4.99164473627885e-10	0.000519153718362162	0.000588754783632617
EN.URB.MCTY.TL.ZS_lag1	4.82913188111538e-10	3.76640932929411e-05	0.000147188695908154
ER.H2O.INTR.PC_avg2	4.81504477087301e-10	0.000116046125280954	0.000294377391816309
demographic_pressure_delta1	4.72486439004822e-10	0.000246343529105183	0.000294377391816309
NE.EXP.GNFS.CD	4.64682279788085e-10	7.83820319880126e-05	0.000294377391816309
IS.AIR.DPRT_ratioavg2	4.6389415957973e-10	0.000668792143066549	0.000735943479540771
FM.AST.NFRG.CN_ratiomax2	4.6131872994998e-10	4.88615264340858e-05	0.000147188695908154
TM.VAL.MMTL.ZS.UN_lag1	4.39570457189498e-10	3.15564024886804e-05	0.000147188695908154
BM.GSR.INSF.ZS_ratioavg2	4.38708080937194e-10	0.000386820417603179	0.000588754783632617
AG.YLD.CREL.KG_delta1	4.36909428643411e-10	5.70051141731001e-05	0.000147188695908154
NY.GDP.PCAP.KN	4.33621106818791e-10	4.68256294993322e-05	0.000147188695908154
TX.VAL.MRCH.CD.WT_lag1	4.25286130802281e-10	0.000123171764552591	0.000147188695908154
EN.GHG.ALL.PC.CE.AR5_tend2	4.24519496770627e-10	4.68256294993322e-05	0.000147188695908154
MS.MIL.MPRT.KD_lag1	4.23441457646614e-10	0.00108615101469103	0.00103032087135708
SE.PRM.TCHR_isNA_rank	4.19333821689614e-10	9.67051044007948e-05	0.000147188695908154
BM.GSR.TRAN.ZS_avg2	4.1628507799776e-10	0.000111974331411447	0.000147188695908154
DT.NFL.UNDP.CD_ratiomax2	4.08189715099141e-10	0.000117064073748331	0.000294377391816309
FI.RES.XGLD.CD_avg2	4.05497264913354e-10	4.68256294993322e-05	0.000147188695908154
BM.GSR.TOTL.CD_rank	4.02827440107386e-10	0.000262630704583211	0.000147188695908154
SP.POP.DPND.OL_lag1	3.9731894228873e-10	5.49692172383465e-05	0.000147188695908154
TX.VAL.OTHR.ZS.WT_rank	3.91581181951167e-10	7.93999804553894e-05	0.000147188695908154
DC.DAC.CANL.CD	3.87009845656863e-10	0.000200535848073227	0.000147188695908154
SP.POP.BRTH.MF_rank	3.86877821792645e-10	2.74846086191733e-05	0.000147188695908154
SH.IMM.IDPT_delta1	3.74136779210099e-10	0.000288079416267631	0.000294377391816309
TM.VAL.MRCH.CD.WT_rank	3.64976773991224e-10	2.54487116844197e-05	0.000147188695908154
EN.GHG.CO2.PC.CE.AR5_delta1	3.25592315659622e-10	0.000450951171047917	0.000294377391816309
NE.CON.PRVT.KD_tend2	3.17943702180739e-10	0.000266702498452718	0.000294377391816309
SE.SEC.DURS_rank	3.08928385441161e-10	3.3592299423434e-05	0.000147188695908154
NE.EXP.GNFS.KD.ZG_rank	3.02100723523433e-10	0.000386820417603179	0.000588754783632617
NV.IND.TOTL.CD_isNA_rank	3.00183583680182e-10	0.000133351249226359	0.000147188695908154
ER.FSH.AQUA.MT_ratioavg2	2.97506706872684e-10	0.000277899931593863	0.000294377391816309
AG.PRD.CROP.XD_rank	2.94446603011109e-10	4.37717840972019e-05	0.000147188695908154
BM.GSR.TRVL.ZS_rank	2.9153164243545e-10	0.000251433271442067	0.000294377391816309
NE.GDI.TOTL.CD	2.89761695006837e-10	9.26333105312877e-05	0.000147188695908154
TX.VAL.MRCH.HI.ZS_lag1	2.8709109053238e-10	7.43102381185055e-05	0.000147188695908154
DT.ODA.ODAT.GN.ZS_ratioavg2	2.847630204143e-10	0.00019951789960585	0.000147188695908154
BX.TRF.CURR.CD_delta1	2.81873209145301e-10	7.73640835206359e-05	0.000147188695908154
DC.DAC.FRAL.CD_isNA_rank	2.79646555905352e-10	3.3592299423434e-05	0.000147188695908154
DC.DAC.JPNL.CD_avg2	2.70353927077267e-10	5.2933320303593e-05	0.000147188695908154
SP.POP.0014.MA.ZS_delta1	2.64155062798428e-10	3.05384540213036e-05	0.000147188695908154
TM.VAL.MRCH.R6.ZS_delta1	2.54585391767081e-10	3.66461448255644e-05	0.000147188695908154
DC.DAC.DEUL.CD_max2	2.5347628335355e-10	6.31128049773608e-05	0.000147188695908154
EG.USE.ELEC.KH.PC_delta1	2.52735898161042e-10	0.000184248672595199	0.000147188695908154
NV.SRV.TOTL.KD.ZG_isNA_rank	2.52615089528173e-10	0.000264666601517965	0.000147188695908154
NY.GDP.FRST.RT.ZS_lag1	2.44589297048615e-10	0.000188320466464706	0.000294377391816309
FM.AST.PRVT.GD.ZS_ratioavg2	2.4147134778257e-10	4.88615264340858e-05	0.000147188695908154
TX.VAL.MANF.ZS.UN_rank	2.27178225135472e-10	3.05384540213036e-05	0.000147188695908154
EG.ELC.COAL.ZS	2.14357156579507e-10	3.46102478908108e-05	0.000147188695908154
BX.TRF.PWKR.CD.DT_delta1	2.13938699505029e-10	8.34717743248966e-05	0.000294377391816309
ER.H2O.INTR.PC_tend2	2.11745247148257e-10	6.00589595752305e-05	0.000147188695908154
NV.IND.MANF.CD_rank	2.06569227961614e-10	6.51487019121144e-05	0.000147188695908154
DC.DAC.CANL.CD_avg2	1.99219812890302e-10	3.15564024886804e-05	0.000147188695908154
MS.MIL.XPND.CD_min2	1.96346714515078e-10	2.95205055539268e-05	0.000147188695908154
NY.GDP.COAL.RT.ZS_rank	1.95422247593055e-10	0.000251433271442067	0.000147188695908154
NE.GDI.TOTL.ZS_rank	1.93753797008573e-10	4.7843577966709e-05	0.000147188695908154
NY.GDP.FRST.RT.ZS	1.9277001530685e-10	0.00019646405420372	0.000294377391816309
AG.LND.ARBL.HA.PC_max2	1.92103238816349e-10	2.03589693475358e-05	0.000147188695908154
BM.GSR.GNFS.CD_lag1	1.85515979680751e-10	3.56281963581876e-05	0.000147188695908154
BX.GSR.GNFS.CD_delta1	1.73624755760237e-10	0.00039598195380957	0.000147188695908154
AG.LND.CREL.HA_delta1	1.71519071085155e-10	3.96999902276947e-05	0.000147188695908154
BM.GSR.GNFS.CD_avg2	1.68673261107063e-10	9.97589498029252e-05	0.000147188695908154
SP.DYN.LE00.FE.IN_delta1	1.60045999368748e-10	6.92204957816215e-05	0.000147188695908154
TM.VAL.MMTL.ZS.UN_isNA_rank	1.5915815687423e-10	0.00118794586142871	0.000441566087724463
BX.GSR.GNFS.CD_tend2	1.57615902631794e-10	0.000791963907619141	0.000294377391816309
DC.DAC.CECL.CD_isNA_rank	1.56018161981858e-10	0.000120117919150461	0.000147188695908154
FS.AST.CGOV.GD.ZS_delta1	1.50278622400819e-10	6.00589595752305e-05	0.000147188695908154
DC.DAC.GBRL.CD_min2	1.48755609976874e-10	4.17358871624483e-05	0.000147188695908154
EN.POP.DNST	1.47772048181648e-10	0.000166943548649793	0.000147188695908154
TX.VAL.MRCH.OR.ZS_rank	1.40991296318037e-10	0.00031047428254992	0.000294377391816309
NE.IMP.GNFS.CD_lag1	1.40056288877781e-10	0.00013945894003062	0.000147188695908154
NV.SRV.TOTL.KD.ZG_rank	1.37541318228724e-10	0.000147602527769634	0.000147188695908154
EN.GHG.CH4.FE.MT.CE.AR5	1.36389335545084e-10	0.000169997394051924	0.000294377391816309
EG.ELC.NGAS.ZS_max2	1.35050097481346e-10	3.96999902276947e-05	0.000147188695908154
SP.POP.TOTL_lag1	1.32500261656759e-10	6.7184598846868e-05	0.000147188695908154
BM.GSR.NFSV.CD_avg2	1.2775437957831e-10	0.000260594807648458	0.000147188695908154
EN.URB.MCTY.TL.ZS_min2	1.21619852943477e-10	9.36512589986645e-05	0.000294377391816309
EN.GHG.N2O.IP.MT.CE.AR5	1.17249426223586e-10	4.27538356298251e-05	0.000147188695908154
SP.POP.1564.TO.ZS_delta1	1.131213014783e-10	6.31128049773608e-05	0.000147188695908154
EN.GHG.CH4.MT.CE.AR5_ratiomax2	1.08657299546046e-10	5.39512687709697e-05	0.000147188695908154
BM.GSR.MRCH.CD_ratioavg2	1.07763769469856e-10	0.000125207661487345	0.000147188695908154
EN.GHG.CH4.MT.CE.AR5_ratioavg2	1.03943002787702e-10	0.00165518420795466	0.00103032087135708
NE.CON.TOTL.KD_delta1	1.03249079090036e-10	0.000322689664158442	0.000147188695908154
SP.POP.TOTL.FE.IN	9.74090322441045e-11	2.95205055539268e-05	0.000147188695908154
SH.IMM.MEAS_lag1	8.39253954083315e-11	2.34128147496661e-05	0.000147188695908154
BM.TRF.PWKR.CD.DT_rank	8.14393074785091e-11	6.10769080426073e-05	0.000147188695908154
NY.ADJ.DFOR.CD_rank	8.00222799903835e-11	8.65256197270269e-05	0.000147188695908154
BM.GSR.FCTY.CD_ratiomax2	7.64634231956643e-11	3.66461448255644e-05	0.000147188695908154
BX.GSR.TRVL.ZS_min2	7.49557804866054e-11	0.000440771686374149	0.000588754783632617
BX.GSR.TOTL.CD_delta1	7.42389840143106e-11	3.56281963581876e-05	0.000147188695908154
TX.VAL.FOOD.ZS.UN_lag1	7.37827380074682e-11	1.62871754780286e-05	0.000147188695908154
IS.AIR.GOOD.MT.K1_ratiomax2	7.372097723654e-11	0.000258558910713704	0.000294377391816309
DT.NFL.UNDP.CD_lag1	6.87502178058878e-11	3.96999902276947e-05	0.000147188695908154
DT.ODA.ALLD.CD_ratiomax2	6.74665236252127e-11	3.3592299423434e-05	0.000147188695908154
EN.GHG.N2O.BU.MT.CE.AR5	5.94412809118974e-11	3.3592299423434e-05	0.000147188695908154
NE.CON.TOTL.KD_lag1	4.86730045206025e-11	5.70051141731001e-05	0.000147188695908154
MS.MIL.XPND.CD_delta1	4.72293627237268e-11	0.000116046125280954	0.000294377391816309
NY.GDP.FCST.CD	3.79226480098783e-11	0.000145566630834881	0.000147188695908154
DC.DAC.USAL.CD	3.68561689705842e-11	9.5687155933418e-05	0.000147188695908154
BX.PEF.TOTL.CD.WD_tend2	3.67220085148323e-11	1.62871754780286e-05	0.000147188695908154
NE.EXP.GNFS.CD_min2	3.36220466006698e-11	6.51487019121144e-05	0.000147188695908154
TM.VAL.FOOD.ZS.UN_isNA_rank	3.05217273384496e-11	5.39512687709697e-05	0.000147188695908154
EN.GHG.N2O.TR.MT.CE.AR5_delta1	3.02589490702461e-11	3.05384540213036e-05	0.000147188695908154
AG.LND.TOTL.K2_ratioavg2	2.82917380169834e-11	2.85025570865501e-05	0.000147188695908154
EN.GHG.CO2.PC.CE.AR5_max2	2.80140460899811e-11	6.41307534447376e-05	0.000147188695908154
TX.VAL.MMTL.ZS.UN_isNA_rank	2.42977412412619e-11	3.3592299423434e-05	0.000147188695908154
NY.ADJ.DNGY.CD_delta1	2.20403410747281e-11	0.000238199941366168	0.000147188695908154
NE.CON.GOVT.ZS_tend2	1.75128867470656e-11	0.000333887097299586	0.000294377391816309
EN.GHG.ALL.PC.CE.AR5_ratiomax2	1.59807875617586e-11	0.000343048633505977	0.000147188695908154
BM.GSR.TRAN.ZS_ratiomax2	1.51085246928746e-11	1.73051239454054e-05	0.000147188695908154
BX.TRF.PWKR.DT.GD.ZS_lag1	1.40225901759367e-11	4.27538356298251e-05	0.000147188695908154
SP.DYN.TO65.FE.ZS_delta1	1.40089997045264e-11	9.97589498029252e-05	0.000147188695908154
TM.VAL.MRCH.HI.ZS_lag1	1.39373526684309e-11	2.44307632170429e-05	0.000147188695908154
BM.KLT.DINV.WD.GD.ZS_min2	9.97685664838224e-12	8.44897227922734e-05	0.000147188695908154
NE.CON.PRVT.KD.ZG_max2	8.81024456008012e-12	3.25743509560572e-05	0.000147188695908154
BM.KLT.DINV.CD.WD_rank	5.23813152683672e-12	0.000105866640607186	0.000147188695908154
EN.GHG.CO2.RT.GDP.KD_rank	1.37206082643951e-12	5.2933320303593e-05	0.000147188695908154
NY.GDP.MINR.RT.ZS	1.28318900484792e-12	0.000276881983126486	0.000147188695908154
SE.PRM.ENRL_rank	4.52437899465126e-14	1.62871754780286e-05	0.000147188695908154
BM.GSR.TOTL.CD_tend2	1.53075452755545e-14	9.97589498029252e-05	0.000147188695908154
