Feature	Gain	Cover	Frequency
NE.CON.PRVT.PC.KD	0.438405134363186	0.00185780054179681	0.00171657448025939
SP.URB.TOTL.IN.ZS_rank	0.163980865529258	0.000822634502855959	0.000381460995613199
SP.URB.TOTL.IN.ZS	0.116111689166613	0.000822634502855959	0.000381460995613199
NY.GDP.PCAP.KD	0.0974434575144109	0.0020565862571399	0.000953652489032996
EN.URB.LCTY_avg2	0.0458287250698136	0.00064711094569132	0.000762921991226397
SH.DTH.MORT_lag1	0.021544588627917	0.000666143620564594	0.000572191493419798
NY.GDP.PCAP.KD_rank	0.010946389030688	0.000873388302518023	0.000572191493419798
NY.GDP.DEFL.ZS	0.0107469287901662	0.00168227698463217	0.00228876597367919
NE.IMP.GNFS.ZS	0.00548486372343022	0.00066825836221718	0.0011443829868396
SP.POP.2024.MA.5Y	0.00464799572296413	0.00164526900571192	0.000762921991226397
NE.TRD.GNFS.ZS	0.00436166867179859	0.000329899697803418	0.000381460995613199
EG.ELC.PETR.ZS_min2	0.00416943900893602	8.03601827982685e-05	0.000190730497806599
NY.GDP.DEFL.ZS_lag1	0.00411414404252271	0.00506163414546462	0.00381460995613199
EG.ELC.PETR.ZS_avg2	0.00324685192342893	0.000160720365596537	0.000381460995613199
TX.VAL.MRCH.OR.ZS_lag1	0.00314132589247744	0.000620676675033994	0.0011443829868396
SH.IMM.IDPT_rank	0.00307069394174329	0.000514939592404694	0.000572191493419798
EG.ELC.PETR.ZS_lag1	0.00252603619067277	0.000187154636253862	0.000381460995613199
SP.POP.5054.FE.5Y_delta1	0.00251196488234415	0.00398523064429834	0.00247949647148579
SP.POP.0509.MA.5Y_lag1	0.00238063591240983	0.00059107029189779	0.000381460995613199
SH.DYN.MORT.FE	0.00230177427648269	0.00159240046439727	0.000762921991226397
BG.GSR.NFSV.GD.ZS	0.00206353044784099	0.000425063072169788	0.000572191493419798
EN.GHG.CH4.FE.MT.CE.AR5_max2	0.00205537095090668	0.00022521998600041	0.000381460995613199
NV.IND.TOTL.CN	0.00167235885172784	0.000249539515005149	0.000190730497806599
SP.POP.6064.MA.5Y_delta1	0.00141537905777788	0.00705689289467952	0.00381460995613199
SP.DYN.CDRT.IN_rank	0.00141356785364995	0.000551947571324949	0.000381460995613199
SP.DYN.LE00.FE.IN	0.00139228393344548	0.00185674317097052	0.0013351134846462
FI.RES.TOTL.CD	0.00124379684939723	4.65243163568923e-05	0.000190730497806599
SP.DYN.LE00.MA.IN	0.00114159328878337	0.000186097265427569	0.000381460995613199
SP.POP.5054.MA.5Y_delta1	0.00112090265834798	0.00117156687553265	0.000762921991226397
FP.CPI.TOTL_min2	0.00106146742204659	0.000848011402686991	0.00152584398245279
SH.DYN.NMRT	0.00101938736930937	0.000428235184648667	0.000381460995613199
BX.GSR.NFSV.CD_ratioavg2	0.000963128691973298	0.00131854142038738	0.00190730497806599
SP.POP.DPND_lag1	0.000919100697033193	0.000807831311287857	0.000572191493419798
AG.CON.FERT.ZS_avg2	0.000909846948490087	0.00168439172628476	0.000953652489032996
SP.POP.5559.MA.5Y_rank	0.000896779380607541	0.00392601787802593	0.00209803547587259
YearsSinceFirst	0.000850291451251901	0.00065768465395425	0.000762921991226397
BG.GSR.NFSV.GD.ZS_rank	0.000819213820235015	0.000512824850752108	0.000572191493419798
TX.VAL.MRCH.RS.ZS	0.000776889970082283	0.000354219226808157	0.000381460995613199
SP.POP.1564.MA.ZS	0.000728741510905829	0.000435636780432718	0.000381460995613199
FS.AST.CGOV.GD.ZS_min2	0.000669190606091892	0.000378538755812896	0.000381460995613199
SP.POP.4549.MA.5Y_lag1	0.000663717160256488	0.00521706765692969	0.00247949647148579
SP.POP.4549.FE.5Y_lag1	0.000653600821090259	0.00351258588494537	0.00171657448025939
SP.POP.1014.MA.5Y_delta1	0.000648186903307202	0.000194556232037913	0.000381460995613199
NY.GNP.PCAP.CD	0.000643028522604764	0.000912511023090864	0.000572191493419798
IT.CEL.SETS.P2_min2	0.000570948716938133	0.000874445673344316	0.0011443829868396
AG.LND.AGRI.ZS	0.000569765929347135	0.000845896661034405	0.000953652489032996
NY.ADJ.NNTY.PC.CD	0.00056590138359135	0.000347875001850399	0.000381460995613199
SP.POP.80UP.FE.5Y_delta1	0.000554506402697597	0.0129760547802678	0.00610337592981118
NY.GDP.PCAP.KD.ZG_lag1	0.000553708999539856	9.30486327137845e-05	0.000381460995613199
MS.MIL.XPND.GD.ZS_avg2	0.000553073681578738	0.000142745061549556	0.000190730497806599
SP.POP.7579.FE.5Y_delta1	0.000550373810288808	0.00109649354686585	0.000572191493419798
NY.GDS.TOTL.ZS	0.000532053810612136	0.021500578381842	0.0101087163837498
SP.POP.BRTH.MF_lag1	0.000523069838162568	0.00144225380706366	0.00152584398245279
NV.IND.MANF.KD	0.000513809348678183	0.00143379484045332	0.0011443829868396
SH.IMM.MEAS_rank	0.000505134845087308	0.000252711627484028	0.000190730497806599
trade_balance_ratio	0.000492640777155734	0.000597414516855548	0.000953652489032996
SP.POP.4549.MA.5Y_rank	0.000491770703314054	0.00822634502855959	0.00381460995613199
SE.TER.ENRR_lag1	0.000484611270006649	0.00309069492525446	0.00228876597367919
NY.ADJ.DKAP.GN.ZS_isNA_rank	0.000475339365909974	0.000522341188188745	0.0013351134846462
BM.TRF.PWKR.CD.DT_min2	0.000475290384264007	0.0015871136102658	0.00152584398245279
SP.DYN.IMRT.IN	0.000459477325888108	9.83354868452495e-05	0.000190730497806599
PA.NUS.FCRF	0.000456247996164623	0.0150178378458396	0.00762921991226397
EG.USE.ELEC.KH.PC_max2	0.000437138018882567	0.0168280567004532	0.00781995041007057
AG.LND.PRCP.MM_avg2	0.00042854745476513	0.000220990502695238	0.000190730497806599
TX.VAL.MRCH.RS.ZS_rank	0.000422528166124135	0.000317211247887902	0.000190730497806599
EN.GHG.CH4.WA.MT.CE.AR5_lag1	0.000418375875291433	6.34422495775804e-05	0.000190730497806599
BM.GSR.FCTY.CD_isNA_rank	0.000405012484137917	0.000856470369297335	0.000572191493419798
SP.POP.4549.MA.5Y	0.000366788273380487	0.00373992061259836	0.00190730497806599
NY.GDP.FRST.RT.ZS_rank	0.000360000978573608	0.00117368161718524	0.000762921991226397
SP.POP.5559.FE.5Y	0.000346098594850997	0.00430667137549141	0.00209803547587259
NE.EXP.GNFS.ZS_lag1	0.000323021126949377	0.000219933131868945	0.000381460995613199
SM.POP.RHCR.EO_lag1	0.000315473678306956	0.000261170594094372	0.000381460995613199
SP.POP.5054.FE.5Y_lag1	0.000295411761583102	0.00205024203218214	0.0011443829868396
BX.KLT.DINV.WD.GD.ZS_min2	0.000275764430065148	0.000211474165258601	0.000381460995613199
SP.POP.80UP.MA.5Y_lag1	0.000270339816282073	0.00142533587384297	0.000953652489032996
NY.GDP.FRST.RT.ZS_lag1	0.00026824688284728	0.00100450228497836	0.000953652489032996
SP.POP.6064.FE.5Y_delta1	0.000258139255961157	0.00206821733622912	0.00171657448025939
NE.RSB.GNFS.CN_delta1	0.000255935631813337	0.000933658439616724	0.000572191493419798
SP.POP.1014.MA.5Y_lag1	0.000248983872305922	0.000466300534395216	0.000381460995613199
SP.DYN.IMRT.MA.IN_lag1	0.00024799719823769	0.00350518428916131	0.00171657448025939
NY.GDP.MKTP.KD.ZG_rank	0.000247953344394308	9.41060035400775e-05	0.000190730497806599
EG.USE.ELEC.KH.PC_avg2	0.000241490468793229	0.00863766227998756	0.00400534045393859
SP.POP.2529.FE.5Y_lag1	0.000236621656299036	0.000564636021240465	0.000572191493419798
BX.GSR.TOTL.CD_tend2	0.000215471867497083	0.00054877545884607	0.000572191493419798
SP.RUR.TOTL.ZS_delta1	0.000198406759018927	0.00108380509695033	0.000953652489032996
DC.DAC.DEUL.CD_min2	0.000198266706762054	0.000216761019390066	0.000190730497806599
SP.POP.3539.FE.5Y_lag1	0.000196670900077091	0.000249539515005149	0.000381460995613199
IT.CEL.SETS_avg2	0.000194737461352784	0.000243195290047391	0.000190730497806599
FM.AST.DOMS.CN_max2	0.000188008263564041	4.01800913991342e-05	0.000190730497806599
SP.POP.0004.MA.5Y	0.000182736249794524	0.00203755358226662	0.000953652489032996
TX.VAL.MRCH.HI.ZS_lag1	0.000178605536479591	8.14175536245615e-05	0.000190730497806599
TM.VAL.MRCH.AL.ZS_delta1	0.000178464977293643	0.00358977395526476	0.00343314896051879
TM.VAL.MRCH.R1.ZS	0.000176434155132938	0.000208302052779722	0.000381460995613199
NE.CON.PRVT.PC.KD_lag1	0.000169815599236697	3.38358664413762e-05	0.000190730497806599
SP.POP.0014.MA.ZS	0.000162855262446238	0.00740371052570363	0.00343314896051879
Country_Code	0.000161559810648056	0.000159662994770244	0.000190730497806599
SP.DYN.AMRT.MA_lag1	0.000160104132927288	0.0116331938308757	0.00553118443639138
SP.POP.1564.TO.ZS_delta1	0.00015867901422255	0.000359506080939622	0.000572191493419798
SP.POP.0509.FE.5Y	0.000155731242781939	0.00320277623284151	0.00171657448025939
SP.POP.1564.FE.ZS	0.000155195910548939	0.00155433511465072	0.000762921991226397
IT.CEL.SETS	0.000150372185421397	0.000725356386837002	0.000762921991226397
SE.TER.ENRR	0.000148514785887933	0.00199314400756232	0.00247949647148579
NY.GDS.TOTL.ZS_lag1	0.00014546014486678	0.00135449202848134	0.00171657448025939
DT.ODA.ODAT.GN.ZS	0.000142726440403734	0.0004536120844797	0.000572191493419798
TX.VAL.MRCH.R6.ZS_lag1	0.000142097166438715	0.00046418579274263	0.0011443829868396
SH.IMM.IDPT_lag1	0.000140007547210751	0.000358448710113329	0.000190730497806599
SP.POP.5559.MA.5Y	0.00013623287616671	0.00234736323437047	0.0011443829868396
IT.CEL.SETS_ratioavg2	0.000124948994111153	0.000297121202188335	0.000572191493419798
FD.AST.PRVT.GD.ZS_avg2	0.000123911674999834	0.000411317251427979	0.000190730497806599
NE.RSB.GNFS.ZS	0.000123866584643882	0.0042337127884772	0.00305168796490559
TX.VAL.MRCH.WL.CD	0.000121497931188921	3.80653497465482e-05	0.000190730497806599
NY.GDP.TOTL.RT.ZS	0.000114822727801043	0.000525513300667624	0.000381460995613199
NY.GDP.FCST.KD	0.000110460556626334	0.000288662235577991	0.000762921991226397
SM.POP.RHCR.EO	0.000107004106525221	0.000837437694424061	0.0011443829868396
BG.GSR.NFSV.GD.ZS_min2	0.000104377498945426	0.000627020899991753	0.000953652489032996
FM.AST.NFRG.CN_max2	9.92052696356807e-05	0.000873388302518023	0.000762921991226397
NV.IND.TOTL.KD.ZG	9.83262293342076e-05	0.000347875001850399	0.000572191493419798
EN.GHG.CH4.MT.CE.AR5_tend2	9.76116039224848e-05	0.000213588906911187	0.000381460995613199
SE.ENR.PRIM.FM.ZS	9.07860633370537e-05	0.000233678952610754	0.000762921991226397
SP.POP.1564.FE.ZS_rank	8.73176586718494e-05	0.00329053801142383	0.00152584398245279
TG.VAL.TOTL.GD.ZS_delta1	8.67561137972589e-05	0.0007105531952689	0.000762921991226397
NY.ADJ.DKAP.CD	8.61600874871552e-05	0.000243195290047391	0.000190730497806599
FM.AST.NFRG.CN_tend2	8.60953534394002e-05	0.0022532572308304	0.00152584398245279
SP.POP.2024.FE.5Y	8.56249659817001e-05	0.000336243922761176	0.000572191493419798
NY.GSR.NFCY.CN_lag1	8.54010539516273e-05	0.000115253420065938	0.000190730497806599
EG.USE.ELEC.KH.PC_min2	8.48095999600683e-05	0.0016939080637214	0.000953652489032996
DC.DAC.CECL.CD_avg2	7.95852999265374e-05	0.000191384119559034	0.000381460995613199
DC.DAC.JPNL.CD	7.95004711258419e-05	0.00123500912511023	0.0011443829868396
NY.GSR.NFCY.CN	7.75166781880239e-05	0.000428235184648667	0.000572191493419798
EN.GHG.N2O.BU.MT.CE.AR5_tend2	7.62473891307778e-05	0.000384882980770654	0.000762921991226397
SP.POP.5054.MA.5Y_lag1	7.58979306064185e-05	0.00507432259538014	0.00247949647148579
SP.ADO.TFRT	7.18614043017375e-05	0.009115593893472	0.00495899294297158
TX.VAL.MRCH.R6.ZS	7.12270173654057e-05	0.000827921356987424	0.00152584398245279
BX.GSR.MRCH.CD_min2	7.03980337133099e-05	0.000390169834902119	0.000190730497806599
SP.POP.3034.FE.5Y	6.78824720036288e-05	7.71880703193894e-05	0.000190730497806599
SE.SEC.ENRR_delta1	6.63486970176445e-05	0.000744389061710276	0.0011443829868396
TM.VAL.MRCH.R4.ZS	6.45569228582139e-05	0.000310867022930144	0.000762921991226397
DC.DAC.CECL.CD_max2	6.34607128303866e-05	0.000232621581784461	0.000572191493419798
SP.POP.4044.FE.5Y_delta1	6.32077540242443e-05	0.00414806575154746	0.00228876597367919
consumption_efficiency_lag1	6.17526231622809e-05	0.0139498933112836	0.00724775891665077
year	5.90653700149933e-05	0.00308329332947041	0.00171657448025939
TX.VAL.OTHR.ZS.WT_lag1	5.89204958456328e-05	0.000639709349907269	0.00152584398245279
TX.VAL.MRCH.RS.ZS_lag1	5.85154775651333e-05	7.71880703193894e-05	0.000190730497806599
BX.GSR.MRCH.CD_delta1	5.77701551994866e-05	0.000452554713653407	0.000381460995613199
NY.GDP.FCST.CN_lag1	5.54716651895071e-05	0.000426120442996081	0.000381460995613199
EN.URB.LCTY.UR.ZS_ratioavg2	5.47990301188833e-05	0.00047475950100556	0.0011443829868396
MS.MIL.MPRT.KD_min2	5.04833370888083e-05	0.000459956309437458	0.000381460995613199
BX.KLT.DINV.WD.GD.ZS_max2	5.00344125458359e-05	8.35322952771475e-05	0.000190730497806599
EN.GHG.CO2.PC.CE.AR5_max2	4.97822190216873e-05	0.0124960084251307	0.00591264543200458
BX.TRF.PWKR.CD.DT_min2	4.91074809338508e-05	0.000139572949070677	0.000381460995613199
FP.CPI.TOTL.ZG_max2	4.84724359311484e-05	0.000414489363906858	0.000572191493419798
EN.GHG.CH4.TR.MT.CE.AR5_lag1	4.66063864165679e-05	4.54669455305993e-05	0.000190730497806599
DC.DAC.CANL.CD	4.64230010636037e-05	0.00029183434805687	0.000381460995613199
SP.POP.1519.MA.5Y	4.57790689278543e-05	0.000243195290047391	0.000190730497806599
BM.GSR.CMCP.ZS_ratioavg2	4.45052489020476e-05	0.000264342706573252	0.000381460995613199
NE.EXP.GNFS.CN_delta1	4.3984053453812e-05	0.00059107029189779	0.000572191493419798
SP.POP.1519.MA.5Y_rank	4.24862619302856e-05	0.000513882221578401	0.000572191493419798
EG.USE.ELEC.KH.PC_lag1	4.23392727755011e-05	0.00126567287907273	0.000762921991226397
IT.CEL.SETS.P2_ratioavg2	4.12791737160029e-05	0.000318268618714195	0.000572191493419798
DC.DAC.CANL.CD_max2	4.12357181504306e-05	9.93928576715425e-05	0.000190730497806599
NV.SRV.TOTL.KD.ZG	4.08597598807634e-05	0.000427177813822374	0.000953652489032996
SP.URB.TOTL_delta1	3.87937338403806e-05	3.70079789202552e-05	0.000190730497806599
NY.GDP.COAL.RT.ZS_lag1	3.83711248774858e-05	0.000210416794432308	0.000381460995613199
SP.POP.TOTL.MA.IN_delta1	3.81709670193923e-05	6.02701370987013e-05	0.000190730497806599
TM.VAL.MANF.ZS.UN_delta1	3.76516073863044e-05	0.00099181383506284	0.00171657448025939
BX.KLT.DINV.CD.WD_avg2	3.68913172404944e-05	0.000639709349907269	0.000572191493419798
AG.YLD.CREL.KG_min2	3.64371571463958e-05	0.00533337844782192	0.00305168796490559
BM.GSR.TOTL.CD_lag1	3.60926600075017e-05	0.000287604864751698	0.000381460995613199
SH.DTH.NMRT_lag1	3.60384648096311e-05	0.00234524849271789	0.0011443829868396
TM.VAL.MRCH.R6.ZS_isNA_rank	3.58257773038211e-05	0.00115993579644343	0.0011443829868396
SP.ADO.TFRT_lag1	3.56318190426344e-05	0.0163818462117575	0.00877360289910357
TX.VAL.SERV.CD.WT_delta1	3.45960938418521e-05	0.0020565862571399	0.000953652489032996
SP.POP.0509.MA.5Y	3.42210526258783e-05	0.000785626523935703	0.000381460995613199
MS.MIL.XPND.CD_ratioavg2	3.3715537902593e-05	0.000127941869981454	0.000190730497806599
SP.POP.7074.FE.5Y	3.16395543768512e-05	0.000177638298817225	0.000190730497806599
FP.CPI.TOTL_avg2	3.09575170635225e-05	0.000867044077560265	0.000953652489032996
FM.AST.NFRG.CN_lag1	3.0514771465058e-05	0.000669315733043473	0.000572191493419798
BM.KLT.DINV.CD.WD_ratiomax2	2.96203940633556e-05	0.000254826369136614	0.000572191493419798
BX.TRF.CURR.CD	2.95313357953022e-05	3.59506080939622e-05	0.000190730497806599
BM.KLT.DINV.WD.GD.ZS_delta1	2.94071035768953e-05	7.50733286668034e-05	0.000190730497806599
SP.POP.DPND.YG_lag1	2.92181199976783e-05	0.00423794227178237	0.00209803547587259
NV.SRV.TOTL.CD	2.77741770090235e-05	0.000314039135409023	0.000572191493419798
SP.POP.0014.MA.ZS_delta1	2.66687323859055e-05	0.000573094987850809	0.000572191493419798
EG.USE.ELEC.KH.PC	2.65950979098771e-05	0.0037642401416031	0.00190730497806599
EN.GHG.ALL.PC.CE.AR5_lag1	2.56916632596042e-05	4.33522038780132e-05	0.000190730497806599
NY.ADJ.DRES.GN.ZS_lag1	2.56486877736638e-05	0.000299235943840921	0.000762921991226397
NY.GDP.MKTP.KD_delta1	2.48067042887977e-05	0.000251654256657735	0.000381460995613199
AG.PRD.FOOD.XD_max2	2.47504842589406e-05	0.000780339669804238	0.0011443829868396
SP.POP.6064.FE.5Y	2.44709180215841e-05	0.000237908435915926	0.000381460995613199
SP.RUR.TOTL.ZS_lag1	2.3903463823104e-05	0.000738044836752518	0.000381460995613199
BM.KLT.DINV.WD.GD.ZS_tend2	2.38700488649782e-05	0.000540316492235726	0.000762921991226397
EN.GHG.N2O.IP.MT.CE.AR5	2.38148955412655e-05	5.70980246198223e-05	0.000190730497806599
SP.POP.1519.MA.5Y_lag1	2.37470410095674e-05	0.000947404260358533	0.000762921991226397
BM.TRF.PWKR.CD.DT_lag1	2.35838639272638e-05	0.000150146657333607	0.000381460995613199
NV.IND.TOTL.CN_delta1	2.30116907088088e-05	0.000252711627484028	0.000572191493419798
NV.IND.MANF.KD_delta1	2.29871620313341e-05	0.000211474165258601	0.000190730497806599
BM.GSR.TRAN.ZS_ratioavg2	2.28182723622688e-05	0.000299235943840921	0.000572191493419798
BX.KLT.DINV.CD.WD_max2	2.2717847795851e-05	0.000577324471155981	0.000953652489032996
IT.CEL.SETS.P2_avg2	2.24737873498476e-05	0.000565693392066758	0.000572191493419798
SP.POP.0004.MA.5Y_lag1	2.23095872092772e-05	0.00168016224297959	0.000953652489032996
SP.DYN.AMRT.MA	2.21619335903419e-05	0.00117579635883782	0.000572191493419798
SP.POP.65UP.MA.IN_delta1	2.20600672185135e-05	0.000101507599324129	0.000190730497806599
EN.GHG.CH4.IC.MT.CE.AR5_ratioavg2	2.20099317488356e-05	8.67044077560265e-05	0.000381460995613199
NV.IND.MANF.ZS	2.19972993028016e-05	0.00652926485235931	0.00419607095174518
BX.KLT.DINV.WD.GD.ZS	2.10573666774298e-05	0.00120117325866885	0.0013351134846462
NY.GDP.PCAP.CN_lag1	2.10404024520247e-05	0.000754962769973206	0.000762921991226397
NE.GDI.TOTL.CD_lag1	2.10031324968725e-05	8.14175536245615e-05	0.000381460995613199
FP.CPI.TOTL.ZG_lag1	2.09977115213471e-05	0.00103728078059344	0.0011443829868396
SP.POP.4044.FE.5Y_lag1	2.03017016901828e-05	0.000437751522085305	0.000381460995613199
SP.URB.TOTL.IN.ZS_delta1	2.01819259158733e-05	0.000937887922921896	0.000953652489032996
AG.LND.TOTL.K2_ratioavg2	2.00838907668737e-05	0.00375578117499276	0.00209803547587259
FM.AST.NFRG.CN_ratiomax2	2.00123411339491e-05	9.83354868452495e-05	0.000190730497806599
FM.AST.NFRG.CN	1.99969026418084e-05	0.00526782145659176	0.00419607095174518
FI.RES.XGLD.CD_max2	1.99397320080525e-05	0.000327784956150832	0.000572191493419798
BM.GSR.FCTY.CD_ratioavg2	1.96332580740529e-05	0.00116205053809601	0.00152584398245279
IS.AIR.GOOD.MT.K1_ratioavg2	1.89874944236214e-05	0.000111023936760766	0.000381460995613199
SP.POP.TOTL.FE.ZS_delta1	1.85372134716261e-05	9.41060035400775e-05	0.000381460995613199
BX.PEF.TOTL.CD.WD_ratioavg2	1.84335202364039e-05	0.000989699093410254	0.000953652489032996
TM.VAL.MRCH.WR.ZS_delta1	1.81460919896646e-05	0.0043997200082052	0.00381460995613199
SP.POP.0014.FE.IN_delta1	1.76784496645403e-05	0.000696807374527091	0.000953652489032996
SE.ENR.PRIM.FM.ZS_lag1	1.74964410632323e-05	0.000448325230348235	0.000762921991226397
TX.VAL.MRCH.WR.ZS_lag1	1.73046326612217e-05	0.000324612843671953	0.000381460995613199
SE.SEC.ENRR_lag1	1.71212950165731e-05	0.000398628801512463	0.000572191493419798
TM.VAL.MRCH.R2.ZS_delta1	1.71008502907232e-05	0.00137458207418091	0.00152584398245279
SH.STA.MMRT	1.70704072787489e-05	0.000213588906911187	0.000572191493419798
SH.DYN.MORT.MA_delta1	1.70319086562464e-05	0.000366907676723673	0.000190730497806599
EG.ELC.NGAS.ZS_ratioavg2	1.70138054604128e-05	0.000417661476385737	0.000762921991226397
BM.GSR.TRVL.ZS_avg2	1.6975559429399e-05	0.000131113982460333	0.000381460995613199
BM.KLT.DINV.CD.WD_tend2	1.67683346252882e-05	0.000634422495775804	0.000762921991226397
FM.AST.NFRG.CN_rank	1.65307122139057e-05	0.000243195290047391	0.000381460995613199
AG.PRD.CROP.XD	1.63003969568955e-05	0.000749675915841741	0.000953652489032996
SP.POP.0014.TO.ZS_delta1	1.59696916578474e-05	0.00037642401416031	0.000190730497806599
NY.ADJ.AEDU.GN.ZS_isNA_rank	1.5715400069318e-05	0.001844054721055	0.00190730497806599
DT.ODA.ALLD.KD_lag1	1.52894593177848e-05	0.000234736323437047	0.000190730497806599
EG.ELC.PETR.ZS_delta1	1.48305026759571e-05	0.00019349886121162	0.000381460995613199
NY.ADJ.DRES.GN.ZS	1.46180656858643e-05	0.000322498102019367	0.000953652489032996
DT.ODA.ALLD.CD	1.42585386214326e-05	0.00277031156488768	0.00171657448025939
EG.ELC.NUCL.ZS_tend2	1.39376901252619e-05	0.00102142021819904	0.000572191493419798
BX.GSR.NFSV.CD_lag1	1.38152881068487e-05	0.000179753040469811	0.000381460995613199
FI.RES.TOTL.CD_ratioavg2	1.37031443900319e-05	0.00142427850301668	0.00209803547587259
TM.VAL.MRCH.R1.ZS_rank	1.35423355644495e-05	0.000208302052779722	0.000381460995613199
NY.ADJ.DRES.GN.ZS_rank	1.3478592372262e-05	0.000114196049239645	0.000190730497806599
NY.ADJ.DKAP.GN.ZS_delta1	1.29646390243141e-05	0.00033412918110859	0.000762921991226397
TX.VAL.MRCH.OR.ZS_delta1	1.270102801485e-05	0.000273859044009889	0.000762921991226397
EG.ELC.HYRO.ZS_lag1	1.25236343417374e-05	0.00081946239037708	0.000572191493419798
AG.LND.AGRI.ZS_tend2	1.24989759269473e-05	0.000537144379756847	0.000953652489032996
SP.POP.3539.MA.5Y	1.20973711978587e-05	0.000392284576554705	0.000572191493419798
NY.GSR.NFCY.CD_delta1	1.19813748335261e-05	0.000725356386837002	0.000572191493419798
NY.GDP.COAL.RT.ZS	1.18712315443669e-05	0.000426120442996081	0.000762921991226397
SP.POP.4549.FE.5Y	1.17944340361522e-05	0.000879732527475781	0.000572191493419798
NY.ADJ.DKAP.GN.ZS	1.15712778698826e-05	0.000271744302357303	0.000762921991226397
EG.ELC.PETR.ZS_max2	1.13003149234742e-05	0.000227334727652996	0.000381460995613199
SE.SEC.ENRL.GC.FE.ZS_delta1	1.11659077919429e-05	0.000694692632874505	0.000953652489032996
NE.CON.PRVT.KD_isNA_rank	1.10119291015671e-05	0.000159662994770244	0.000572191493419798
TX.VAL.FUEL.ZS.UN_lag1	1.09133184737972e-05	0.000870216190039144	0.000762921991226397
EN.GHG.CO2.PC.CE.AR5_rank	1.08434700942008e-05	0.000419776218038323	0.000572191493419798
AG.YLD.CREL.KG_lag1	1.07049588998397e-05	0.00195719339946835	0.00171657448025939
IS.AIR.GOOD.MT.K1_avg2	1.06081240911553e-05	0.000392284576554705	0.000190730497806599
SP.POP.1564.FE.ZS_lag1	1.04394265461177e-05	0.000392284576554705	0.000190730497806599
SP.RUR.TOTL.ZG	1.03614728056388e-05	0.000510710109099522	0.000381460995613199
TM.VAL.FOOD.ZS.UN_delta1	1.03495457267493e-05	0.000757077511625792	0.000762921991226397
SP.RUR.TOTL.ZG_delta1	9.77449602829388e-06	0.000325670214498246	0.000572191493419798
NY.GNP.PCAP.CN_isNA_rank	9.69436189995704e-06	0.000496964288357713	0.000762921991226397
BX.KLT.DINV.WD.GD.ZS_lag1	9.55988487756796e-06	0.000175523557164639	0.000381460995613199
SE.PRM.ENRR	9.52701497584848e-06	0.00038699772242324	0.000762921991226397
SE.ENR.PRIM.FM.ZS_isNA_rank	9.48453585320263e-06	0.00132594301617143	0.0013351134846462
SE.PRM.ENRR.MA_delta1	9.18457997914316e-06	0.000658742024780543	0.000762921991226397
NY.ADJ.DKAP.GN.ZS_lag1	9.13197522825432e-06	0.000519169075709866	0.000762921991226397
consumption_efficiency	9.07899726795894e-06	0.00367965047549966	0.00228876597367919
IT.CEL.SETS_min2	8.87196957236148e-06	0.000481103725963318	0.000572191493419798
ER.FSH.CAPT.MT	8.8431031596383e-06	0.000163892478075416	0.000381460995613199
NY.GSR.NFCY.CD_isNA_rank	8.83777574765092e-06	0.000620676675033994	0.000953652489032996
SP.POP.5559.FE.5Y_lag1	8.77340776219515e-06	0.0058060232071749	0.00286095746709899
DC.DAC.CECL.CD_ratioavg2	8.76645116295457e-06	0.000385940351596947	0.000762921991226397
BX.GSR.TRAN.ZS_isNA_rank	8.74062791737226e-06	0.00114301786322274	0.000953652489032996
NV.IND.TOTL.ZS_lag1	8.62259384590626e-06	0.000411317251427979	0.000953652489032996
PA.NUS.FCRF_delta1	8.47715226855719e-06	0.00382133816622292	0.00228876597367919
EG.ELC.HYRO.ZS_tend2	8.46064933100391e-06	0.000211474165258601	0.000572191493419798
BX.TRF.PWKR.DT.GD.ZS_tend2	8.45617545439111e-06	0.000292891718883163	0.000572191493419798
NY.GDP.TOTL.RT.ZS_lag1	8.41642067223416e-06	0.000823691873682252	0.0011443829868396
BX.GRT.TECH.CD.WD_isNA_rank	8.34351646037201e-06	0.00123500912511023	0.00152584398245279
SE.PRM.ENRL.FE.ZS_delta1	8.27124663510551e-06	0.00116099316726972	0.00190730497806599
EN.URB.MCTY.TL.ZS_tend2	7.82663843379128e-06	0.000248482144178856	0.000762921991226397
BX.KLT.DINV.WD.GD.ZS_isNA_rank	7.69406412573907e-06	0.000671430474696059	0.000762921991226397
BM.GSR.TRAN.ZS_tend2	7.54262005315127e-06	0.000519169075709866	0.0011443829868396
PA.NUS.FCRF_rank	7.47747124607655e-06	4.54669455305993e-05	0.000190730497806599
TX.VAL.OTHR.ZS.WT	7.39716644359386e-06	0.000154376140638779	0.000381460995613199
FM.AST.DOMS.CN_lag1	7.38145906160119e-06	0.000719012161879244	0.000572191493419798
EN.GHG.N2O.FE.MT.CE.AR5_tend2	7.31927763961843e-06	0.000762364365757257	0.0011443829868396
IT.MLT.MAIN	7.27836728605985e-06	0.000341530776892641	0.000762921991226397
BM.GSR.TRAN.ZS_min2	7.07033681028627e-06	0.000559349167109	0.000762921991226397
TX.VAL.MRCH.R3.ZS_delta1	7.03738475206298e-06	0.00112504255917576	0.000953652489032996
TM.VAL.TRAN.ZS.WT_delta1	6.92637022538627e-06	0.000135343465765505	0.000381460995613199
TM.VAL.MRCH.OR.ZS_delta1	6.91379390198714e-06	0.000858585110949921	0.0011443829868396
NY.GDP.TOTL.RT.ZS_delta1	6.90142956952399e-06	0.000317211247887902	0.000572191493419798
DT.ODA.ALLD.KD_avg2	6.76430875593218e-06	0.000371137160028845	0.000190730497806599
TX.VAL.MRCH.AL.ZS	6.7605671349561e-06	0.000367965047549966	0.0011443829868396
AG.PRD.CROP.XD_max2	6.71706090181805e-06	0.000201957827821964	0.000572191493419798
EN.GHG.CO2.BU.MT.CE.AR5_ratiomax2	6.71523895917162e-06	4.54669455305993e-05	0.000190730497806599
TM.VAL.MRCH.R1.ZS_delta1	6.68032111773455e-06	0.00167487538884812	0.00171657448025939
BX.KLT.DINV.WD.GD.ZS_rank	6.56313414274432e-06	0.000375366643334017	0.000381460995613199
EG.USE.PCAP.KG.OE	6.54677437213204e-06	0.000487447950921076	0.000762921991226397
EN.GHG.CO2.FE.MT.CE.AR5_ratioavg2	6.50391000628913e-06	0.000115253420065938	0.000381460995613199
clase_isNA_rank	6.50006261171974e-06	0.00276502471075621	0.00247949647148579
IT.CEL.SETS.P2_tend2	6.45564171927182e-06	0.00016177773642283	0.000190730497806599
SP.POP.65UP.MA.ZS_lag1	6.43205369271303e-06	0.000374309272507724	0.000190730497806599
NY.ADJ.DMIN.CD_isNA_rank	6.31383895767856e-06	0.000121597645023696	0.000381460995613199
ER.FSH.CAPT.MT_ratioavg2	6.29911306056851e-06	0.000629135641644339	0.000762921991226397
BM.GSR.NFSV.CD_isNA_rank	6.2987861605486e-06	0.000883962010780953	0.0013351134846462
FP.CPI.TOTL.ZG_avg2	6.29129570841857e-06	0.0068940577874304	0.00438680144955178
AG.YLD.CREL.KG	6.20868737349174e-06	0.00315730928731092	0.00190730497806599
TM.VAL.MRCH.WR.ZS	6.1723868022021e-06	9.72781160189565e-05	0.000190730497806599
IS.AIR.DPRT_isNA_rank	6.12149714791984e-06	4.86390580094783e-05	0.000190730497806599
DC.DAC.TOTL.CD	6.00722552575553e-06	0.000369022418376259	0.000381460995613199
NE.CON.GOVT.CD_delta1	5.94281891737979e-06	0.000263285335746959	0.000381460995613199
DC.DAC.DEUL.CD_ratioavg2	5.93561154611515e-06	0.000535029638104261	0.000762921991226397
DT.ODA.ALLD.KD_ratioavg2	5.9048268032469e-06	6.02701370987013e-05	0.000190730497806599
DT.ODA.ALLD.KD_tend2	5.84672842836648e-06	0.000348932372676692	0.000762921991226397
DT.NFL.UNDP.CD_ratiomax2	5.83514027852764e-06	0.000114196049239645	0.000381460995613199
DC.DAC.JPNL.CD_ratiomax2	5.78485503742442e-06	0.000706323711963728	0.000381460995613199
SH.DYN.NMRT_lag1	5.6260565231044e-06	0.00470635754783017	0.00228876597367919
EN.URB.LCTY.UR.ZS_ratiomax2	5.56621858259601e-06	0.000581553954461153	0.000762921991226397
SH.IMM.IDPT	5.52007965107742e-06	0.000149089286507314	0.000190730497806599
DT.ODA.ODAT.GN.ZS_min2	5.5075287150025e-06	0.000452554713653407	0.000381460995613199
EN.GHG.CO2.IC.MT.CE.AR5_tend2	5.50520986144291e-06	0.0029934168092355	0.00228876597367919
SP.POP.1564.TO.ZS_rank	5.49752510852402e-06	0.000433522038780132	0.000381460995613199
BX.TRF.PWKR.DT.GD.ZS_isNA_rank	5.40075627494156e-06	0.000473702130179267	0.000762921991226397
TM.VAL.MRCH.R2.ZS_rank	5.39465772493457e-06	4.54669455305993e-05	0.000190730497806599
TX.VAL.FUEL.ZS.UN	5.35900641625061e-06	0.000304522797972386	0.000762921991226397
SH.DTH.NMRT	5.27419534585468e-06	0.000743331690883983	0.000381460995613199
TM.VAL.MANF.ZS.UN_isNA_rank	5.23009135888458e-06	0.000103622340976715	0.000381460995613199
TM.VAL.MRCH.HI.ZS_rank	5.15432405574486e-06	9.19912618874915e-05	0.000190730497806599
NY.GDP.DEFL.ZS_isNA_rank	5.12126314842687e-06	0.00252394416236141	0.00209803547587259
BM.GSR.TRAN.ZS_delta1	5.02394903691235e-06	0.000409202509775393	0.000572191493419798
TM.VAL.MRCH.WR.ZS_lag1	5.00512316137701e-06	0.00023579369426334	0.000381460995613199
TM.VAL.OTHR.ZS.WT_delta1	4.96170299703322e-06	0.00190961171228517	0.00152584398245279
EN.URB.MCTY.TL.ZS_isNA_rank	4.94588720957888e-06	0.00011948290337111	0.000381460995613199
BX.TRF.CURR.CD_min2	4.92657220471982e-06	4.44095747043062e-05	0.000190730497806599
MS.MIL.MPRT.KD_lag1	4.90520060002583e-06	0.000154376140638779	0.000572191493419798
SP.POP.6064.MA.5Y	4.8175515856597e-06	0.000273859044009889	0.000190730497806599
NV.IND.MANF.CD_isNA_rank	4.80629689400427e-06	5.39259121409433e-05	0.000190730497806599
MS.MIL.XPND.CD_ratiomax2	4.77765684507788e-06	0.000178695669643518	0.000190730497806599
BM.GSR.NFSV.CD	4.77515318797535e-06	4.75816871831853e-05	0.000190730497806599
DT.ODA.ALLD.CD_lag1	4.76358718632493e-06	0.000748618545015448	0.000381460995613199
TX.VAL.MRCH.R4.ZS	4.70565070205414e-06	0.000139572949070677	0.000381460995613199
NY.ADJ.DNGY.GN.ZS_rank	4.65161088710834e-06	0.000116310790892231	0.000190730497806599
AG.YLD.CREL.KG_avg2	4.60555681079067e-06	0.00736775991760967	0.00381460995613199
BX.GSR.NFSV.CD_isNA_rank	4.60140030859061e-06	0.000371137160028845	0.000762921991226397
AG.PRD.CREL.MT_tend2	4.5871929257294e-06	0.000136400836591798	0.000381460995613199
NE.CON.GOVT.ZS_min2	4.58260772077093e-06	0.000104679711803008	0.000381460995613199
FM.AST.DOMS.CN	4.44695679820763e-06	0.00081946239037708	0.000762921991226397
EN.GHG.CH4.WA.MT.CE.AR5_delta1	4.42390421485808e-06	4.33522038780132e-05	0.000190730497806599
BX.GSR.FCTY.CD_avg2	4.41896646883197e-06	0.000616447191728823	0.000381460995613199
NE.CON.PRVT.ZS_rank	4.3315878043586e-06	0.00232515844701832	0.0011443829868396
NV.IND.TOTL.KD_lag1	4.31701546923301e-06	0.000351047114329278	0.000190730497806599
EG.USE.ELEC.KH.PC_tend2	4.2726206113848e-06	0.000719012161879244	0.000572191493419798
SH.STA.MMRT_rank	4.17328578583405e-06	0.000135343465765505	0.000190730497806599
SP.POP.5559.FE.5Y_delta1	4.05373562974968e-06	0.000403915655643928	0.000381460995613199
MS.MIL.MPRT.KD_isNA_rank	4.04482041035247e-06	0.000335186551934883	0.000190730497806599
longevity_per_gdp_lag1	4.03212046851624e-06	6.97864745353384e-05	0.000190730497806599
EN.POP.DNST_max2	3.98473738235006e-06	0.0031742272205316	0.00171657448025939
NY.ADJ.DMIN.CD_lag1	3.98191771626975e-06	0.0004081451389491	0.000381460995613199
BX.KLT.DINV.CD.WD_rank	3.96843087511021e-06	0.000783511782283117	0.000572191493419798
NY.GNP.ATLS.CD_delta1	3.90625064619582e-06	0.00196776710773128	0.00190730497806599
TM.VAL.FUEL.ZS.UN_delta1	3.86726252615989e-06	0.001678047501327	0.00171657448025939
DC.DAC.USAL.CD_tend2	3.85054061158758e-06	0.000174466186338346	0.000572191493419798
NY.GDP.FCST.CN_isNA_rank	3.78151377538488e-06	0.00038699772242324	0.000381460995613199
BX.GSR.CMCP.ZS_lag1	3.75305777898656e-06	0.000415546734733151	0.000953652489032996
TX.VAL.MRCH.OR.ZS	3.73231221896042e-06	0.000749675915841741	0.0011443829868396
NE.CON.PRVT.CD_isNA_rank	3.71797803041591e-06	0.000414489363906858	0.000572191493419798
IT.MLT.MAIN.P2_tend2	3.68313469848702e-06	0.00133440198278177	0.0013351134846462
EN.GHG.N2O.BU.MT.CE.AR5_delta1	3.638424271695e-06	0.000638651979080976	0.000381460995613199
NV.IND.TOTL.ZS_isNA_rank	3.5722947197764e-06	0.000766593849062429	0.000572191493419798
EN.GHG.ALL.MT.CE.AR5_ratiomax2	3.56491169889962e-06	0.000178695669643518	0.000190730497806599
DT.ODA.ODAT.GN.ZS_isNA_rank	3.56365582644093e-06	0.000492734805052541	0.000762921991226397
FI.RES.TOTL.MO	3.55744549090446e-06	0.00293103193048421	0.00171657448025939
NE.EXP.GNFS.KD.ZG_isNA_rank	3.49415832978786e-06	0.00034470288937152	0.000762921991226397
NE.IMP.GNFS.KD_delta1	3.48680578714291e-06	0.000490620063399955	0.0011443829868396
SH.DTH.IMRT	3.48076834862242e-06	5.60406537935293e-05	0.000190730497806599
BX.GSR.FCTY.CD_tend2	3.44085099659325e-06	0.000341530776892641	0.000572191493419798
EN.GHG.N2O.IP.MT.CE.AR5_ratioavg2	3.42953444148856e-06	0.00021464627773748	0.000190730497806599
AG.PRD.CROP.XD_min2	3.39400782258541e-06	0.000729585870142174	0.000381460995613199
DT.ODA.ODAT.KD_rank	3.39327141554211e-06	0.000250596885831442	0.000381460995613199
NV.SRV.TOTL.KD.ZG_isNA_rank	3.38046793901366e-06	0.000220990502695238	0.000190730497806599
IT.MLT.MAIN_tend2	3.34793007961953e-06	0.000890306235738711	0.0013351134846462
TX.VAL.FOOD.ZS.UN_delta1	3.30670051874977e-06	0.00141476216558004	0.00152584398245279
MS.MIL.XPND.GD.ZS_isNA_rank	3.29457654921584e-06	0.000354219226808157	0.00152584398245279
SM.POP.NETM_rank	3.25635502080891e-06	7.61306994930964e-05	0.000190730497806599
NV.IND.TOTL.CN_isNA_rank	3.25343115385585e-06	0.000426120442996081	0.000572191493419798
TX.VAL.FUEL.ZS.UN_delta1	3.25068196093939e-06	0.00155010563134555	0.00209803547587259
NY.ADJ.DFOR.CD_isNA_rank	3.24592348703092e-06	0.000748618545015448	0.00190730497806599
SP.POP.1564.MA.ZS_delta1	3.22757806784135e-06	0.000339416035240055	0.000381460995613199
NV.IND.TOTL.KD_isNA_rank	3.22583637607094e-06	0.000209359423606015	0.000762921991226397
EN.GHG.CH4.TR.MT.CE.AR5_tend2	3.22512625483517e-06	0.000169179332206881	0.000572191493419798
NE.RSB.GNFS.ZS_isNA_rank	3.18158614864601e-06	0.000101507599324129	0.000381460995613199
SP.POP.4549.FE.5Y_delta1	3.16452494922199e-06	0.000272801673183596	0.000381460995613199
BX.GSR.CMCP.ZS_delta1	3.16020652777457e-06	0.000254826369136614	0.000572191493419798
EN.URB.MCTY.TL.ZS_rank	3.12987727611164e-06	5.92127662724083e-05	0.000190730497806599
BX.GSR.TOTL.CD_ratioavg2	3.07002834136145e-06	4.12374622254272e-05	0.000190730497806599
EN.GHG.CO2.BU.MT.CE.AR5_tend2	3.06911175649941e-06	0.000977010643494737	0.000762921991226397
NV.AGR.TOTL.CD	3.06594648612109e-06	0.00013005661163404	0.000190730497806599
EN.GHG.CH4.BU.MT.CE.AR5_avg2	3.06498808429979e-06	5.92127662724083e-05	0.000190730497806599
TX.VAL.MMTL.ZS.UN_delta1	3.01190801855558e-06	0.00046418579274263	0.0011443829868396
MS.MIL.XPND.GD.ZS	2.96805890545305e-06	0.000206187311127136	0.000572191493419798
EN.GHG.CO2.IP.MT.CE.AR5_ratioavg2	2.91411130997177e-06	0.000404973026470221	0.000572191493419798
TM.VAL.INSF.ZS.WT	2.90323633527848e-06	0.00253240312897175	0.00247949647148579
NE.CON.TOTL.KD.ZG_ratioavg2	2.89629877497638e-06	4.22948330517202e-05	0.000190730497806599
BX.TRF.CURR.CD_ratioavg2	2.86228831516548e-06	0.00123606649593652	0.00152584398245279
TM.VAL.MMTL.ZS.UN_lag1	2.81974875314829e-06	5.70980246198223e-05	0.000190730497806599
NY.ADJ.DFOR.CD_delta1	2.81718038686314e-06	4.65243163568923e-05	0.000190730497806599
SP.POP.DPND.YG_delta1	2.79626180527409e-06	0.000216761019390066	0.000572191493419798
BX.GRT.TECH.CD.WD_ratioavg2	2.78877064471954e-06	0.000280203268967647	0.000572191493419798
BM.TRF.PWKR.CD.DT_ratioavg2	2.7771524226898e-06	0.000848011402686991	0.0013351134846462
DC.DAC.USAL.CD_delta1	2.70607709804931e-06	0.000176580927990932	0.000572191493419798
SE.SEC.ENRR_isNA_rank	2.69577795983921e-06	4.12374622254272e-05	0.000190730497806599
EG.USE.PCAP.KG.OE_isNA_rank	2.6838867651328e-06	7.61306994930964e-05	0.000190730497806599
NY.ADJ.DNGY.GN.ZS_lag1	2.6786152021565e-06	0.000187154636253862	0.000190730497806599
TM.VAL.MRCH.HI.ZS_delta1	2.67723065072322e-06	0.000696807374527091	0.000953652489032996
NE.EXP.GNFS.CN	2.67444843563899e-06	0.000836380323597768	0.0011443829868396
DC.DAC.JPNL.CD_ratioavg2	2.64722808717149e-06	0.000446210488695649	0.000762921991226397
BX.PEF.TOTL.CD.WD_isNA_rank	2.61539966004186e-06	0.000356333968460743	0.000762921991226397
NE.CON.PRVT.CD_rank	2.61175861588655e-06	3.48932372676692e-05	0.000190730497806599
FD.AST.PRVT.GD.ZS	2.60437353926508e-06	0.0017541782008201	0.0013351134846462
AG.LND.TOTL.K2_max2	2.59146252192778e-06	5.39259121409433e-05	0.000190730497806599
NV.SRV.TOTL.CD_lag1	2.57253896855915e-06	3.48932372676692e-05	0.000190730497806599
NY.GDP.PCAP.KN_isNA_rank	2.55328348994375e-06	0.000843781919381819	0.0011443829868396
NE.RSB.GNFS.ZS_lag1	2.53777362595222e-06	0.000536087008930554	0.000953652489032996
DC.DAC.USAL.CD_isNA_rank	2.53404983825441e-06	0.00105525608464042	0.0011443829868396
AG.LND.AGRI.K2_max2	2.50992231912141e-06	0.00123395175428394	0.000572191493419798
EN.GHG.CH4.PI.MT.CE.AR5_max2	2.49973625549723e-06	0.00110600988430248	0.000572191493419798
SP.ADO.TFRT_rank	2.49620916384486e-06	0.00078456915310941	0.000381460995613199
TM.VAL.FOOD.ZS.UN	2.48787251766462e-06	0.000496964288357713	0.000572191493419798
FS.AST.CGOV.GD.ZS	2.48056180330292e-06	0.00067883207048011	0.000572191493419798
SP.POP.GROW_rank	2.45891882079761e-06	0.000114196049239645	0.000190730497806599
FP.CPI.TOTL.ZG_tend2	2.42795526325316e-06	0.000340473406066348	0.000762921991226397
DC.DAC.DEUL.CD_rank	2.41120391666829e-06	3.70079789202552e-05	0.000190730497806599
SP.POP.6569.FE.5Y	2.39851621075022e-06	5.07537996620643e-05	0.000190730497806599
NY.ADJ.DMIN.GN.ZS	2.37465763634618e-06	0.000981240126799909	0.0013351134846462
TM.VAL.TRVL.ZS.WT_delta1	2.36843212460001e-06	0.000252711627484028	0.000381460995613199
TX.VAL.TRVL.ZS.WT_isNA_rank	2.36504415067718e-06	4.12374622254272e-05	0.000190730497806599
DC.DAC.CECL.CD_delta1	2.35324666157712e-06	0.00052762804232021	0.000572191493419798
EG.ELC.NUCL.ZS_avg2	2.32778100111243e-06	0.00115464894231196	0.000762921991226397
TM.VAL.MANF.ZS.UN_rank	2.32015094836385e-06	0.000216761019390066	0.000572191493419798
BX.GSR.CMCP.ZS	2.29054285114064e-06	0.000924142102180087	0.00171657448025939
SP.POP.3539.MA.5Y_delta1	2.27898880349956e-06	0.000162835107249123	0.000381460995613199
FI.RES.XGLD.CD_lag1	2.27627245956734e-06	0.000160720365596537	0.000381460995613199
EN.POP.DNST_min2	2.27258207737819e-06	0.00401166491495566	0.00190730497806599
BM.GSR.INSF.ZS	2.2609677370629e-06	0.000520226446536159	0.000953652489032996
TM.VAL.MRCH.R3.ZS_delta1	2.26093002949301e-06	0.000987584351757668	0.0013351134846462
BX.GSR.TOTL.CD_isNA_rank	2.2283524225351e-06	0.00154587614804038	0.00228876597367919
EN.GHG.CO2.PC.CE.AR5_delta1	2.21910753119133e-06	6.66143620564594e-05	0.000190730497806599
EN.GHG.CO2.TR.MT.CE.AR5_delta1	2.21266282824732e-06	0.000311924393756437	0.000381460995613199
NV.IND.MANF.CD_delta1	2.21084612455145e-06	0.00156808093539253	0.000953652489032996
IT.CEL.SETS.P2	2.210263109966e-06	0.000510710109099522	0.000381460995613199
TX.VAL.TRVL.ZS.WT_delta1	2.12363258415592e-06	0.000631250383296925	0.0011443829868396
NY.ADJ.DMIN.CD	2.10931840234767e-06	7.29585870142174e-05	0.000190730497806599
SP.POP.65UP.TO.ZS_lag1	2.10670768096115e-06	0.000310867022930144	0.000190730497806599
DC.DAC.USAL.CD	2.10652530401256e-06	0.000654512541475371	0.000572191493419798
FirstYear_rank	2.09465711158512e-06	0.000948461631184826	0.00152584398245279
SE.PRM.ENRL_isNA_rank	2.07414296128165e-06	0.000171294073859467	0.000190730497806599
TM.VAL.FUEL.ZS.UN_isNA_rank	2.04376209011449e-06	0.000203015198648257	0.000572191493419798
TX.VAL.MANF.ZS.UN	2.02005637235103e-06	0.00497175762522971	0.00247949647148579
SH.DYN.MORT.FE_lag1	2.00348414251235e-06	0.00114618997570162	0.000572191493419798
FP.CPI.TOTL	1.99610735693641e-06	0.00123183701263135	0.000953652489032996
EN.GHG.N2O.WA.MT.CE.AR5_ratioavg2	1.9809911396086e-06	0.000546660717193484	0.000572191493419798
AG.LND.CREL.HA_max2	1.97700953672392e-06	4.65243163568923e-05	0.000190730497806599
NE.CON.PRVT.ZS_max2	1.95617806251868e-06	0.00194767706203172	0.000953652489032996
SE.SEC.ENRR.MA_lag1	1.88010627650721e-06	0.00079831497385122	0.000572191493419798
NE.RSB.GNFS.CD_delta1	1.87169912653689e-06	0.000816290277898201	0.000953652489032996
PA.NUS.ATLS_rank	1.86765980529027e-06	0.000996043318368011	0.000762921991226397
NY.GDP.MINR.RT.ZS_rank	1.84297372525646e-06	0.000162835107249123	0.000572191493419798
NE.GDI.TOTL.ZS_isNA_rank	1.83865299417838e-06	0.000551947571324949	0.000572191493419798
SP.POP.80UP.MA.5Y_delta1	1.83442662536353e-06	0.000346817631024106	0.000381460995613199
EN.GHG.CH4.WA.MT.CE.AR5_tend2	1.83436885004212e-06	0.000134286094939212	0.000190730497806599
TX.VAL.SERV.CD.WT_isNA_rank	1.8290671166392e-06	0.000521283817362452	0.000762921991226397
SM.POP.RHCR.EO_delta1	1.80573101213727e-06	0.00334657866521736	0.00267022696929239
BX.GSR.FCTY.CD_ratioavg2	1.80327467227452e-06	0.000271744302357303	0.000381460995613199
BX.GSR.TRVL.ZS_lag1	1.79806073642229e-06	0.000482161096789611	0.000762921991226397
AG.YLD.CREL.KG_max2	1.79003843088366e-06	0.00282952433116008	0.00152584398245279
BX.GSR.FCTY.CD_delta1	1.78546617945234e-06	0.000191384119559034	0.000572191493419798
FI.RES.XGLD.CD	1.77596783334777e-06	0.000283375381446526	0.000381460995613199
FI.RES.TOTL.MO_avg2	1.77176905624345e-06	0.000791970748893461	0.0011443829868396
EN.GHG.ALL.PC.CE.AR5_delta1	1.75492679836266e-06	4.86390580094783e-05	0.000190730497806599
TX.VAL.MRCH.R5.ZS_delta1	1.75488048350052e-06	0.000384882980770654	0.000762921991226397
EN.GHG.CO2.IP.MT.CE.AR5_delta1	1.73433731168301e-06	0.000391227205728412	0.000572191493419798
BM.KLT.DINV.CD.WD_isNA_rank	1.73031749637149e-06	9.30486327137845e-05	0.000381460995613199
SP.DYN.IMRT.IN_lag1	1.71495567750663e-06	0.000463128421916337	0.000381460995613199
SP.POP.5559.MA.5Y_lag1	1.71233974158486e-06	0.00351047114329278	0.00171657448025939
FD.AST.PRVT.GD.ZS_min2	1.71033702920287e-06	0.00164526900571192	0.000762921991226397
NY.GDP.COAL.RT.ZS_delta1	1.70640244118515e-06	0.000666143620564594	0.000572191493419798
SP.POP.4044.MA.5Y_delta1	1.69808256465145e-06	0.000664028878912008	0.000762921991226397
NE.CON.PRVT.KD.ZG_ratioavg2	1.68725957148396e-06	0.000168121961380588	0.000762921991226397
NE.CON.PRVT.KD.ZG_isNA_rank	1.64905435675372e-06	0.000484275838442197	0.0013351134846462
NE.IMP.GNFS.CD_delta1	1.59840637362493e-06	0.00044303837621677	0.000572191493419798
BX.GRT.TECH.CD.WD_lag1	1.58532820268823e-06	0.000471587388526681	0.000381460995613199
NE.EXP.GNFS.KD.ZG_delta1	1.57927703554074e-06	0.000242137919221098	0.000572191493419798
EG.ELC.NUCL.ZS_rank	1.57316517527024e-06	0.000385940351596947	0.000190730497806599
NY.ADJ.NNTY.CD_isNA_rank	1.56695261222829e-06	0.000962207451926635	0.000762921991226397
TM.VAL.MRCH.R6.ZS_delta1	1.5665628398827e-06	0.00205129940300843	0.00286095746709899
DC.DAC.FRAL.CD_isNA_rank	1.5411478952758e-06	0.00014063031989697	0.000381460995613199
EN.GHG.N2O.PI.MT.CE.AR5_tend2	1.52263175882583e-06	0.000520226446536159	0.000953652489032996
DT.ODA.ALLD.KD	1.49910151554496e-06	0.000373251901681431	0.000190730497806599
IS.AIR.PSGR_tend2	1.49485624414035e-06	0.000345760260197813	0.000572191493419798
BX.GRT.EXTA.CD.WD	1.48503962189393e-06	4.44095747043062e-05	0.000190730497806599
EN.GHG.N2O.BU.MT.CE.AR5_lag1	1.48472407638881e-06	6.02701370987013e-05	0.000190730497806599
NE.EXP.GNFS.KD.ZG_rank	1.47717333834717e-06	3.59506080939622e-05	0.000190730497806599
BM.GSR.INSF.ZS_tend2	1.47016318486157e-06	0.000146974544854728	0.000572191493419798
AG.CON.FERT.ZS_min2	1.46863223264208e-06	0.00275233626084069	0.00171657448025939
EN.GHG.CO2.IC.MT.CE.AR5_ratioavg2	1.46828802327845e-06	0.000247424773352563	0.000762921991226397
IT.CEL.SETS_tend2	1.46347240428217e-06	0.00027068693153101	0.000190730497806599
BX.PEF.TOTL.CD.WD_lag1	1.46029421170728e-06	0.00125827128328868	0.00171657448025939
SE.SEC.ENRL.GC_isNA_rank	1.45143589517919e-06	0.000416604105559444	0.000762921991226397
TX.VAL.MRCH.R2.ZS	1.44614865751788e-06	0.00023579369426334	0.000572191493419798
BX.GSR.TRAN.ZS_max2	1.44465537398196e-06	0.000269629560704717	0.000572191493419798
EN.POP.DNST_delta1	1.43909104314431e-06	4.12374622254272e-05	0.000190730497806599
AG.YLD.CREL.KG_rank	1.42311359709213e-06	0.000373251901681431	0.000572191493419798
EN.GHG.N2O.AG.MT.CE.AR5	1.41654589330341e-06	0.000104679711803008	0.000190730497806599
NY.ADJ.DMIN.GN.ZS_delta1	1.41398429436708e-06	0.000115253420065938	0.000381460995613199
SH.DYN.MORT_lag1	1.40179896471444e-06	0.00194344757872654	0.000953652489032996
NY.ADJ.NNTY.PC.CD_rank	1.39987256499419e-06	0.000351047114329278	0.000381460995613199
IT.MLT.MAIN.P2_delta1	1.37014270313255e-06	0.000713725307747779	0.000381460995613199
NY.ADJ.DFOR.GN.ZS_isNA_rank	1.35585915111774e-06	0.000141687690723263	0.000190730497806599
SP.POP.4549.MA.5Y_delta1	1.32911173399531e-06	0.00197305396186275	0.000953652489032996
TX.VAL.MRCH.WR.ZS_delta1	1.32394388636589e-06	0.00126778762072531	0.000953652489032996
NE.EXP.GNFS.ZS_delta1	1.32356326867881e-06	0.0004536120844797	0.000572191493419798
BM.GSR.CMCP.ZS_ratiomax2	1.31745119224666e-06	4.12374622254272e-05	0.000190730497806599
IS.AIR.GOOD.MT.K1_lag1	1.31488147295132e-06	0.000354219226808157	0.000381460995613199
AG.LND.AGRI.ZS_ratiomax2	1.31388324556944e-06	0.000124769757502575	0.000190730497806599
SE.PRM.DURS_rank	1.28335929909049e-06	0.000370079789202552	0.000572191493419798
TM.VAL.OTHR.ZS.WT	1.28154535271585e-06	0.0001512040281599	0.000381460995613199
BX.GSR.FCTY.CD_isNA_rank	1.25003157726129e-06	0.000183982523774983	0.000762921991226397
DC.DAC.FRAL.CD	1.23959302281847e-06	0.000414489363906858	0.000953652489032996
SE.SEC.ENRL_isNA_rank	1.22455861633234e-06	0.000177638298817225	0.000381460995613199
TM.VAL.MRCH.R5.ZS_lag1	1.21521421328134e-06	4.33522038780132e-05	0.000190730497806599
NE.CON.TOTL.CD_ratiomax2	1.20521817405461e-06	0.000259055852441786	0.000190730497806599
SE.PRM.ENRR_delta1	1.20140650659474e-06	0.000393341947380998	0.0013351134846462
SE.SEC.ENRR.MA_delta1	1.19622981650988e-06	0.000928371585485259	0.0013351134846462
TM.VAL.FUEL.ZS.UN_lag1	1.18587518752947e-06	0.000191384119559034	0.000190730497806599
BX.GSR.GNFS.CD_isNA_rank	1.16645905752096e-06	0.00233573215528125	0.00247949647148579
NY.GNP.MKTP.CD_isNA_rank	1.16487841542914e-06	0.000273859044009889	0.000572191493419798
FS.AST.PRVT.GD.ZS_ratiomax2	1.15611731688639e-06	0.00033412918110859	0.000190730497806599
NE.IMP.GNFS.ZS_isNA_rank	1.15514066462975e-06	0.000241080548394805	0.000572191493419798
NY.GSR.NFCY.CN_delta1	1.13740610651754e-06	0.000451497342827114	0.000762921991226397
SP.DYN.TO65.MA.ZS_delta1	1.13651541297404e-06	0.000100450228497836	0.000381460995613199
NE.CON.GOVT.ZS_max2	1.1361985016766e-06	0.00029183434805687	0.000572191493419798
BX.GRT.EXTA.CD.WD_isNA_rank	1.1213450728547e-06	0.000304522797972386	0.000190730497806599
DC.DAC.CECL.CD_lag1	1.09885204331908e-06	5.60406537935293e-05	0.000190730497806599
BG.GSR.NFSV.GD.ZS_max2	1.09375495256261e-06	0.000682004182958989	0.0011443829868396
NE.TRD.GNFS.ZS_delta1	1.09264490321499e-06	0.000143802432375849	0.000190730497806599
NY.GSR.NFCY.CN_isNA_rank	1.08317611238617e-06	0.000367965047549966	0.000381460995613199
FI.RES.TOTL.MO_delta1	1.08073865298501e-06	0.00144754066119513	0.0011443829868396
BM.GSR.CMCP.ZS_lag1	1.07988081840147e-06	0.000373251901681431	0.000572191493419798
MS.MIL.MPRT.KD_tend2	1.07760822456492e-06	0.000945289518705947	0.0011443829868396
EG.USE.PCAP.KG.OE_max2	1.07562732940749e-06	0.000389112464075826	0.000190730497806599
TX.VAL.MRCH.AL.ZS_delta1	1.07510024370169e-06	5.28685413146503e-05	0.000190730497806599
NY.ADJ.DNGY.GN.ZS_isNA_rank	1.06276154688079e-06	0.000652397799822785	0.000953652489032996
AG.PRD.LVSK.XD_min2	1.05764807967875e-06	0.00132488564534514	0.00324241846271219
FI.RES.TOTL.CD_tend2	1.04778083106381e-06	0.000158605623943951	0.000381460995613199
BM.GSR.INSF.ZS_max2	1.04564986130214e-06	0.000483218467615904	0.000953652489032996
NV.AGR.TOTL.ZS_isNA_rank	1.02740134038844e-06	0.000233678952610754	0.000190730497806599
SP.POP.80UP.FE.5Y	1.02432706594817e-06	8.98765202349055e-05	0.000190730497806599
SP.DYN.AMRT.MA_delta1	1.02346615175056e-06	0.000241080548394805	0.000762921991226397
NE.CON.TOTL.KD.ZG_delta1	1.02335336922916e-06	6.02701370987013e-05	0.000190730497806599
NV.AGR.TOTL.KD_delta1	9.90557314221752e-07	0.00116522265057489	0.000762921991226397
NY.GNP.PCAP.CD_delta1	9.83095838085571e-07	0.000515996963230987	0.000572191493419798
DC.DAC.TOTL.CD_ratioavg2	9.82823474929882e-07	9.72781160189565e-05	0.000381460995613199
FM.AST.NFRG.CN_isNA_rank	9.81449282967324e-07	0.000401800913991342	0.000953652489032996
TM.VAL.MMTL.ZS.UN	9.66150081819567e-07	0.000284432752272819	0.000762921991226397
AG.PRD.LVSK.XD_avg2	9.61933775328574e-07	0.000266457448225837	0.000381460995613199
SE.TER.ENRR_delta1	9.55313840274181e-07	0.00024636740252627	0.000190730497806599
IT.CEL.SETS.P2_delta1	9.42793120813887e-07	0.000311924393756437	0.000381460995613199
DC.DAC.DEUL.CD_tend2	9.39383330180836e-07	0.000540316492235726	0.000953652489032996
NY.GDP.MKTP.CD_delta1	9.39173347964034e-07	0.00103410866811456	0.000762921991226397
EN.GHG.CH4.TR.MT.CE.AR5_delta1	9.28953966464117e-07	6.13275079249944e-05	0.000190730497806599
BM.GSR.TRVL.ZS_isNA_rank	9.27889059440654e-07	0.000378538755812896	0.000572191493419798
SP.POP.1564.FE.IN_delta1	9.01490683437133e-07	9.51633743663705e-05	0.000381460995613199
NY.GDP.PCAP.CN_delta1	8.95957098135847e-07	0.00115782105479084	0.000953652489032996
EN.GHG.N2O.IP.MT.CE.AR5_tend2	8.93886825958379e-07	0.000207244681953429	0.000572191493419798
DT.ODA.ALLD.KD_max2	8.87909108400815e-07	0.000373251901681431	0.000190730497806599
BM.GSR.CMCP.ZS_max2	8.78910178851901e-07	7.40159578405104e-05	0.000190730497806599
BX.GSR.CMCP.ZS_isNA_rank	8.54050309393869e-07	0.000252711627484028	0.000572191493419798
DC.DAC.CANL.CD_ratioavg2	8.40560911910326e-07	0.000714782678574072	0.000762921991226397
DC.DAC.CECL.CD	8.39488359621022e-07	0.000757077511625792	0.0013351134846462
IS.AIR.GOOD.MT.K1_isNA_rank	8.34097875504572e-07	0.000600586629334427	0.0013351134846462
BM.GSR.GNFS.CD_ratioavg2	8.30133234343481e-07	0.000183982523774983	0.000381460995613199
TX.VAL.MMTL.ZS.UN_rank	8.282675371677e-07	8.56470369297335e-05	0.000190730497806599
DC.DAC.DEUL.CD_delta1	8.21240502306408e-07	0.00042929255547496	0.000381460995613199
NE.IMP.GNFS.KD.ZG_delta1	8.20862789288488e-07	0.00275550837331957	0.00209803547587259
NY.GNP.PCAP.CN_delta1	8.19984677227786e-07	0.00102247758902534	0.000572191493419798
TX.VAL.MRCH.R2.ZS_delta1	8.18877251990757e-07	0.000577324471155981	0.0011443829868396
EN.GHG.CO2.MT.CE.AR5_tend2	8.16287433515023e-07	0.00135766414096022	0.0011443829868396
TX.VAL.MRCH.R1.ZS_delta1	8.09273677701562e-07	0.000200900456995671	0.000381460995613199
NE.CON.GOVT.ZS_tend2	8.02379040339838e-07	4.01800913991342e-05	0.000190730497806599
TX.VAL.MRCH.R1.ZS_lag1	7.99424110910996e-07	0.000194556232037913	0.000572191493419798
EG.ELC.PETR.ZS_tend2	7.98842593430926e-07	0.000237908435915926	0.000572191493419798
NE.CON.GOVT.ZS_isNA_rank	7.87837709265639e-07	0.000179753040469811	0.000381460995613199
BX.GSR.TRAN.ZS_ratioavg2	7.73231390157271e-07	0.000222047873521531	0.000572191493419798
DC.DAC.JPNL.CD_isNA_rank	7.72718246683693e-07	0.000224162615174117	0.000572191493419798
DT.ODA.ALLD.CD_ratiomax2	7.72031669042987e-07	4.33522038780132e-05	0.000190730497806599
FM.AST.PRVT.GD.ZS_min2	7.57353988528522e-07	0.00164526900571192	0.000762921991226397
SE.PRM.ENRR.FE_isNA_rank	7.53848562838909e-07	0.00224479826422005	0.00305168796490559
TM.VAL.MANF.ZS.UN	7.53180250921836e-07	0.000686233666264161	0.0013351134846462
BM.KLT.DINV.WD.GD.ZS_lag1	7.45050881212313e-07	0.000127941869981454	0.000190730497806599
DT.NFL.UNDP.CD_isNA_rank	7.37603620377984e-07	0.00201852090739335	0.0011443829868396
AG.PRD.LVSK.XD_max2	7.34654250804909e-07	0.00321334994110445	0.00190730497806599
EN.GHG.CH4.BU.MT.CE.AR5_delta1	7.33659501260866e-07	0.000459956309437458	0.000762921991226397
TX.VAL.MRCH.R6.ZS_delta1	7.23973047475403e-07	0.000200900456995671	0.000572191493419798
SP.POP.DPND_delta1	7.15508649439422e-07	0.000582611325287446	0.000572191493419798
BM.TRF.PWKR.CD.DT_delta1	6.98580628797634e-07	6.44996204038734e-05	0.000190730497806599
AG.PRD.FOOD.XD_min2	6.93027657887207e-07	0.00149406497755202	0.000953652489032996
NY.GNP.ATLS.CD_isNA_rank	6.90488473418741e-07	0.00128153344146712	0.00209803547587259
NE.CON.GOVT.CD_tend2	6.83350978897878e-07	9.83354868452495e-05	0.000381460995613199
FS.AST.PRVT.GD.ZS_ratioavg2	6.72683450439281e-07	0.000531857525625382	0.000953652489032996
BX.GSR.CMCP.ZS_ratioavg2	6.5965977431143e-07	0.000612217708423651	0.000762921991226397
NY.GNP.MKTP.CN_isNA_rank	6.57933188062114e-07	0.00011948290337111	0.000381460995613199
AG.PRD.LVSK.XD_ratioavg2	6.53235819036346e-07	0.000505423254968057	0.0011443829868396
EN.GHG.ALL.MT.CE.AR5_ratioavg2	6.53124016315605e-07	0.000315096506235316	0.000190730497806599
BM.TRF.PWKR.CD.DT	6.35701186545248e-07	0.000152261398986193	0.000190730497806599
EN.GHG.ALL.MT.CE.AR5_tend2	6.23041541772275e-07	0.000399686172338756	0.000381460995613199
SP.POP.1564.FE.ZS_delta1	6.22863730400055e-07	0.000265400077399545	0.000572191493419798
NY.GDP.FCST.CD_lag1	6.2186542207425e-07	6.34422495775804e-05	0.000190730497806599
AG.PRD.LVSK.XD	6.16287794458947e-07	0.000162835107249123	0.000572191493419798
NY.GDP.MKTP.KN_isNA_rank	6.1604696824387e-07	0.000783511782283117	0.000953652489032996
EN.GHG.N2O.TR.MT.CE.AR5_tend2	6.07749421889569e-07	0.000848011402686991	0.000953652489032996
DT.ODA.ALLD.CD_isNA_rank	6.02447060381319e-07	0.000402858284817635	0.000572191493419798
NE.CON.PRVT.PC.KD_min2	5.94735169819165e-07	0.000287604864751698	0.000762921991226397
IS.AIR.GOOD.MT.K1	5.93606098447845e-07	0.000392284576554705	0.000190730497806599
BM.GSR.INSF.ZS_ratioavg2	5.86502706061675e-07	0.000227334727652996	0.000762921991226397
SP.POP.DPND_rank	5.85943884132499e-07	0.000393341947380998	0.000190730497806599
SP.DYN.IMRT.MA.IN_delta1	5.84456083068297e-07	0.000103622340976715	0.000381460995613199
NY.GDP.PCAP.CD_delta1	5.83761596361531e-07	0.000983354868452496	0.000572191493419798
BX.GSR.TRAN.ZS_rank	5.67401498124547e-07	0.000154376140638779	0.000381460995613199
TM.VAL.MRCH.R4.ZS_delta1	5.6117641594327e-07	0.000348932372676692	0.000762921991226397
AG.PRD.LVSK.XD_lag1	5.56845563212132e-07	0.000486390580094783	0.0013351134846462
BX.GSR.TRAN.ZS_tend2	5.53728705527402e-07	0.000347875001850399	0.000572191493419798
SP.POP.7074.FE.5Y_delta1	5.49939989049218e-07	0.00068940577874304	0.000762921991226397
DC.DAC.GBRL.CD_tend2	5.48369827626409e-07	0.000234736323437047	0.000572191493419798
TM.VAL.INSF.ZS.WT_lag1	5.47140978102125e-07	0.0012995087455141	0.0011443829868396
TX.VAL.FUEL.ZS.UN_isNA_rank	5.46943594729861e-07	0.00031298176458273	0.000381460995613199
AG.LND.CREL.HA_tend2	5.46289131093644e-07	0.000876560414996902	0.0011443829868396
NE.RSB.GNFS.CN	5.45406787116379e-07	0.00043986626373789	0.000381460995613199
BM.GSR.TRVL.ZS_ratioavg2	5.45294152781533e-07	0.000513882221578401	0.000572191493419798
TM.VAL.MRCH.RS.ZS_delta1	5.42337582098258e-07	0.000273859044009889	0.000572191493419798
NE.RSB.GNFS.ZS_rank	5.40544595396402e-07	0.000360563451765915	0.0011443829868396
IT.MLT.MAIN_ratioavg2	5.34302288007279e-07	0.000178695669643518	0.000572191493419798
DT.ODA.ODAT.PC.ZS_rank	5.34262012975243e-07	0.000348932372676692	0.000190730497806599
NY.GDP.MKTP.KD_isNA_rank	5.32633058112692e-07	0.000491677434226248	0.000953652489032996
NE.CON.PRVT.ZS_avg2	5.31017147099568e-07	0.00150781079829383	0.0013351134846462
NY.GNP.MKTP.CD_delta1	5.29371881217283e-07	0.000215703648563773	0.000190730497806599
SP.POP.3034.MA.5Y_delta1	5.28124670318808e-07	0.00031298176458273	0.000572191493419798
DT.NFL.UNDP.CD_tend2	5.26898049165297e-07	0.000164949848901709	0.000190730497806599
consumption_efficiency_rank	5.15412349864111e-07	0.00268360715713165	0.0013351134846462
EG.ELC.FOSL.ZS_tend2	5.1346984592179e-07	0.000770823332367601	0.0013351134846462
BM.KLT.DINV.CD.WD	5.12549023222975e-07	4.65243163568923e-05	0.000190730497806599
TX.VAL.FOOD.ZS.UN_lag1	5.08989709238452e-07	0.00172562918851019	0.0011443829868396
EN.GHG.CH4.FE.MT.CE.AR5_tend2	5.08808036556591e-07	0.000922027360527501	0.00171657448025939
BX.KLT.DINV.WD.GD.ZS_tend2	5.0809215988597e-07	9.09338910611985e-05	0.000381460995613199
SP.POP.2529.MA.5Y_lag1	5.08088972223393e-07	0.000280203268967647	0.000190730497806599
IS.AIR.DPRT	5.07868372737151e-07	3.59506080939622e-05	0.000190730497806599
BM.GSR.NFSV.CD_ratioavg2	5.05569867426414e-07	0.000790913378067168	0.0011443829868396
SP.POP.4044.MA.5Y_lag1	5.03330953591295e-07	0.00105631345546671	0.000572191493419798
SP.POP.0509.MA.5Y_delta1	5.00780364177862e-07	0.000306637539624972	0.000190730497806599
EN.GHG.CH4.PI.MT.CE.AR5	4.93544818682174e-07	0.000372194530855138	0.000190730497806599
SP.DYN.IMRT.FE.IN_delta1	4.90929891198787e-07	4.01800913991342e-05	0.000190730497806599
FP.CPI.TOTL.ZG_ratioavg2	4.90829110284002e-07	0.00105314134298783	0.0011443829868396
BM.GSR.INSF.ZS_avg2	4.89257210300988e-07	0.00106582979290335	0.000762921991226397
SE.SEC.ENRR.FE	4.87340427124168e-07	0.000420833588864616	0.000953652489032996
DT.NFL.UNDP.CD_ratioavg2	4.85686609076618e-07	0.000128999240807747	0.000381460995613199
NY.ADJ.DNGY.CD_delta1	4.8093429317103e-07	3.70079789202552e-05	0.000190730497806599
NY.GSR.NFCY.CD	4.79326919875054e-07	0.00111129673843395	0.000953652489032996
EN.GHG.ALL.PC.CE.AR5_min2	4.78170099802772e-07	0.00164526900571192	0.000762921991226397
BX.TRF.CURR.CD_tend2	4.74498278252707e-07	0.000807831311287857	0.000953652489032996
NV.AGR.TOTL.KD.ZG_delta1	4.67155497914152e-07	0.000909338910611985	0.0011443829868396
NV.IND.TOTL.ZS_delta1	4.59027507976502e-07	0.000170236703033174	0.000762921991226397
BX.GSR.CMCP.ZS_tend2	4.55348975293861e-07	0.000631250383296925	0.0013351134846462
EN.URB.LCTY_ratioavg2	4.53247738186945e-07	0.00135872151178651	0.0011443829868396
MS.MIL.MPRT.KD_ratioavg2	4.52617199364792e-07	0.00061538982090253	0.0011443829868396
SP.RUR.TOTL.ZG_lag1	4.51943333220136e-07	0.00104679711803008	0.000953652489032996
TX.VAL.FOOD.ZS.UN_rank	4.42923838948357e-07	0.00155962196878218	0.000762921991226397
NY.GNP.MKTP.CN_delta1	4.39390939095351e-07	6.66143620564594e-05	0.000190730497806599
EG.ELC.NGAS.ZS_tend2	4.38827341445814e-07	0.00192124279137439	0.00209803547587259
SP.POP.3034.FE.5Y_rank	4.38491099084337e-07	6.13275079249944e-05	0.000190730497806599
FM.AST.NFRG.CN_ratioavg2	4.36761941232594e-07	0.00228497835561919	0.00228876597367919
SP.POP.0004.MA.5Y_delta1	4.3545858597591e-07	0.000691520520395626	0.0013351134846462
EN.GHG.N2O.AG.MT.CE.AR5_ratiomax2	4.27112106971722e-07	0.000579439212808567	0.000381460995613199
BM.GSR.CMCP.ZS_min2	4.24175061181308e-07	0.000171294073859467	0.000572191493419798
BM.GSR.TOTL.CD_isNA_rank	4.23763700903212e-07	4.44095747043062e-05	0.000190730497806599
BX.TRF.CURR.CD_isNA_rank	4.20558187232751e-07	0.000148031915681021	0.000381460995613199
FS.AST.CGOV.GD.ZS_lag1	4.18274868735763e-07	0.000502251142489178	0.000572191493419798
NE.CON.PRVT.CD_lag1	4.15912976973556e-07	4.01800913991342e-05	0.000190730497806599
SP.POP.3539.FE.5Y	4.08951239560192e-07	0.00036585030589738	0.000190730497806599
SP.DYN.TFRT.IN_delta1	4.0818054281496e-07	0.0017689813923882	0.00152584398245279
BX.GSR.TRAN.ZS_delta1	4.06430022738561e-07	6.44996204038734e-05	0.000190730497806599
BX.TRF.PWKR.CD.DT_tend2	4.04984247064265e-07	0.00066825836221718	0.000762921991226397
NY.GDP.PETR.RT.ZS_isNA_rank	3.99009320740754e-07	0.000116310790892231	0.000381460995613199
DC.DAC.DEUL.CD_isNA_rank	3.97203169800461e-07	0.000411317251427979	0.000190730497806599
BM.GSR.TRVL.ZS_min2	3.84170652178769e-07	4.12374622254272e-05	0.000190730497806599
TM.VAL.OTHR.ZS.WT_isNA_rank	3.81405569978413e-07	6.23848787512873e-05	0.000190730497806599
IS.AIR.DPRT_ratioavg2	3.80583217283264e-07	0.00525301826502365	0.00553118443639138
NY.GDP.MKTP.KD_lag1	3.78986828971458e-07	6.44996204038734e-05	0.000190730497806599
TX.VAL.MRCH.R1.ZS_rank	3.78561678295635e-07	0.00100133017249948	0.000762921991226397
TX.VAL.MRCH.R5.ZS	3.74918234402811e-07	0.000106794453455594	0.000381460995613199
SP.POP.65UP.TO.ZS_delta1	3.7369917693929e-07	0.000338358664413762	0.000190730497806599
BX.KLT.DINV.CD.WD_isNA_rank	3.71522222735379e-07	0.000148031915681021	0.000572191493419798
BX.PEF.TOTL.CD.WD_ratiomax2	3.6898873081619e-07	4.75816871831853e-05	0.000190730497806599
EN.GHG.CO2.FE.MT.CE.AR5_tend2	3.66469806390887e-07	9.19912618874915e-05	0.000381460995613199
BG.GSR.NFSV.GD.ZS_isNA_rank	3.63288616571278e-07	6.23848787512873e-05	0.000190730497806599
FI.RES.XGLD.CD_ratioavg2	3.61303929540622e-07	0.00133863146608695	0.000953652489032996
BX.GRT.EXTA.CD.WD_tend2	3.61068832402636e-07	0.000263285335746959	0.000572191493419798
NV.SRV.TOTL.ZS_delta1	3.54517853070984e-07	0.000311924393756437	0.000572191493419798
TX.VAL.MRCH.AL.ZS_lag1	3.52279501204439e-07	0.000610102966771065	0.000953652489032996
NE.GDI.FTOT.CD_isNA_rank	3.44482144541641e-07	0.000195613602864206	0.000572191493419798
NV.IND.MANF.ZS_lag1	3.44209057473873e-07	0.000803601827982685	0.0011443829868396
DC.DAC.GBRL.CD_isNA_rank	3.43656396551022e-07	0.00329476749472901	0.00305168796490559
BM.GSR.INSF.ZS_isNA_rank	3.41993302073363e-07	0.000290776977230577	0.000572191493419798
DC.DAC.USAL.CD_ratioavg2	3.41688369701442e-07	0.000297121202188335	0.000762921991226397
TX.VAL.MANF.ZS.UN_isNA_rank	3.39529778911119e-07	0.00111235410926024	0.00171657448025939
AG.PRD.CROP.XD_avg2	3.37958045257388e-07	0.000490620063399955	0.000381460995613199
EN.GHG.N2O.PI.MT.CE.AR5_delta1	3.34629757862024e-07	0.000122655015849989	0.000381460995613199
ER.FSH.CAPT.MT_delta1	3.32978104217141e-07	0.000547718088019777	0.000381460995613199
IT.MLT.MAIN.P2_ratioavg2	3.32065681432605e-07	0.000233678952610754	0.000572191493419798
SP.ADO.TFRT_delta1	3.3073027691859e-07	0.00674919798422826	0.00514972344077818
NY.GDP.TOTL.RT.ZS_isNA_rank	3.27271309039234e-07	0.000167064590554295	0.000381460995613199
TX.VAL.MRCH.WL.CD_lag1	3.26852611214346e-07	0.000392284576554705	0.000190730497806599
BM.GSR.FCTY.CD_lag1	3.26475268439812e-07	4.44095747043062e-05	0.000190730497806599
NE.IMP.GNFS.CN	3.24534843130619e-07	0.00106054293877189	0.00152584398245279
DC.DAC.DEUL.CD	3.235590721876e-07	0.0003024080563198	0.000572191493419798
NY.ADJ.NNTY.PC.CD_lag1	3.12196017195824e-07	0.000132171353286626	0.000381460995613199
FM.AST.NFRG.CN_min2	3.08688303025309e-07	0.00047475950100556	0.000953652489032996
TX.VAL.MRCH.R2.ZS_rank	3.08618828319297e-07	5.92127662724083e-05	0.000190730497806599
BM.KLT.DINV.CD.WD_ratioavg2	3.07021154751134e-07	0.000288662235577991	0.000572191493419798
NV.AGR.TOTL.KD.ZG_lag1	3.06909078780015e-07	0.000229449469305582	0.000381460995613199
FI.RES.TOTL.MO_lag1	3.05241479598192e-07	9.51633743663705e-05	0.000190730497806599
SP.POP.1519.MA.5Y_delta1	3.05167711129993e-07	0.000299235943840921	0.000190730497806599
NY.GDP.PCAP.KN_delta1	3.04503941982522e-07	4.22948330517202e-05	0.000190730497806599
BM.GSR.TOTL.CD_max2	3.03913235384895e-07	3.38358664413762e-05	0.000190730497806599
BM.GSR.NFSV.CD_delta1	3.03382561260791e-07	6.34422495775804e-05	0.000190730497806599
NE.CON.TOTL.CD	3.02947774380039e-07	0.000371137160028845	0.000190730497806599
SP.URB.GROW_rank	3.02515105254356e-07	0.000273859044009889	0.000190730497806599
EN.GHG.N2O.AG.MT.CE.AR5_ratioavg2	2.94862433475329e-07	0.000316153877061609	0.000762921991226397
DC.DAC.CECL.CD_ratiomax2	2.92833993854186e-07	9.93928576715425e-05	0.000190730497806599
SE.PRM.ENRR.FE_delta1	2.92692411337397e-07	0.000370079789202552	0.000762921991226397
EN.GHG.CH4.AG.MT.CE.AR5_min2	2.92002657336966e-07	5.07537996620643e-05	0.000190730497806599
EN.GHG.CH4.TR.MT.CE.AR5_ratiomax2	2.82072415583666e-07	0.000124769757502575	0.000190730497806599
NV.SRV.TOTL.ZS	2.75438371353799e-07	6.55569912301664e-05	0.000190730497806599
SP.POP.2024.MA.5Y_rank	2.73561040312612e-07	3.70079789202552e-05	0.000190730497806599
NY.GDP.MKTP.KD.ZG_isNA_rank	2.71587457320822e-07	0.000687291037090454	0.0011443829868396
SE.PRM.TCHR_delta1	2.65037611076673e-07	0.00246050191278382	0.00267022696929239
SP.POP.4044.MA.5Y	2.60395753137967e-07	0.000682004182958989	0.0011443829868396
NE.TRD.GNFS.ZS_lag1	2.60220815820876e-07	0.000568865504545637	0.000381460995613199
NY.GDP.PCAP.KN_lag1	2.59220661870151e-07	0.000280203268967647	0.000190730497806599
trade_balance_ratio_delta1	2.53280598921455e-07	0.000360563451765915	0.000572191493419798
EN.GHG.CH4.FE.MT.CE.AR5_delta1	2.50858132425781e-07	0.000260113223268079	0.000381460995613199
FP.CPI.TOTL_ratioavg2	2.49721954993509e-07	0.000143802432375849	0.000762921991226397
EN.GHG.N2O.AG.MT.CE.AR5_delta1	2.4948524944686e-07	0.000462071051090044	0.000381460995613199
EN.URB.LCTY.UR.ZS_min2	2.49190797388864e-07	6.44996204038734e-05	0.000190730497806599
DC.DAC.GBRL.CD_lag1	2.4840746331985e-07	7.61306994930964e-05	0.000190730497806599
NV.AGR.TOTL.CD_delta1	2.47566196285529e-07	0.00094634688953224	0.0013351134846462
NE.RSB.GNFS.CN_lag1	2.43331929642842e-07	0.000135343465765505	0.000381460995613199
SP.POP.7579.MA.5Y_delta1	2.41892836945202e-07	4.01800913991342e-05	0.000190730497806599
SP.POP.3034.FE.5Y_delta1	2.41241499768915e-07	0.00159134309357097	0.000762921991226397
BM.GSR.NFSV.CD_tend2	2.37226731318837e-07	3.48932372676692e-05	0.000190730497806599
DT.ODA.ODAT.KD_delta1	2.36779126688771e-07	0.000284432752272819	0.000381460995613199
NE.CON.TOTL.KD.ZG_isNA_rank	2.34932746078648e-07	0.0010129612515887	0.00228876597367919
BM.GSR.CMCP.ZS_tend2	2.34058294404358e-07	0.000889248864912418	0.0013351134846462
NE.EXP.GNFS.ZS_isNA_rank	2.32608705293051e-07	0.000322498102019367	0.000572191493419798
FM.AST.PRVT.GD.ZS	2.32451307157483e-07	0.0011335015257861	0.000953652489032996
NY.GDP.DEFL.KD.ZG_delta1	2.31945979540937e-07	0.000477931613484439	0.000953652489032996
EN.URB.MCTY.TL.ZS	2.29387801533901e-07	0.00047475950100556	0.000572191493419798
ER.FSH.PROD.MT_tend2	2.27832072947375e-07	0.000232621581784461	0.000381460995613199
TM.VAL.MRCH.AL.ZS_lag1	2.26105780859432e-07	0.000116310790892231	0.000381460995613199
SP.POP.BRTH.MF	2.24949152547848e-07	0.00023579369426334	0.000572191493419798
ER.FSH.CAPT.MT_tend2	2.24008649545558e-07	0.0012995087455141	0.000762921991226397
NV.IND.TOTL.KD.ZG_isNA_rank	2.22241128792382e-07	9.41060035400775e-05	0.000190730497806599
NY.GSR.NFCY.CN_rank	2.21609478930108e-07	4.86390580094783e-05	0.000190730497806599
SP.POP.65UP.FE.ZS_lag1	2.20906354834292e-07	0.000371137160028845	0.000190730497806599
TX.VAL.MANF.ZS.UN_delta1	2.20440309925505e-07	0.00046418579274263	0.000381460995613199
NY.ADJ.DNGY.CD_lag1	2.1826792516133e-07	0.000565693392066758	0.000762921991226397
BX.GSR.MRCH.CD_avg2	2.16254279335252e-07	0.000392284576554705	0.000190730497806599
NY.ADJ.DMIN.GN.ZS_lag1	2.15983537578606e-07	0.00022521998600041	0.000572191493419798
NY.GDP.FRST.RT.ZS	2.13260354581185e-07	0.000109966565934473	0.000381460995613199
NE.CON.PRVT.PC.KD_tend2	2.12327520240345e-07	4.01800913991342e-05	0.000190730497806599
NY.ADJ.DKAP.CD_delta1	2.10585477234188e-07	0.000289719606404284	0.000572191493419798
NY.GDP.FCST.CN_delta1	2.10289511154236e-07	0.00190961171228517	0.00152584398245279
NE.CON.TOTL.KD.ZG_avg2	2.04568911302828e-07	0.000154376140638779	0.000381460995613199
NE.CON.PRVT.KD.ZG_rank	2.02477400220449e-07	0.00028126063979394	0.000190730497806599
DC.DAC.FRAL.CD_delta1	2.00187239300708e-07	3.91227205728412e-05	0.000190730497806599
NY.ADJ.DRES.GN.ZS_delta1	1.99006651831161e-07	0.000118425532544817	0.000381460995613199
NV.AGR.TOTL.KD	1.97766468778479e-07	0.000115253420065938	0.000190730497806599
BX.GSR.MRCH.CD_ratioavg2	1.97752340602151e-07	0.000482161096789611	0.000953652489032996
DC.DAC.CECL.CD_tend2	1.96721742701559e-07	0.000540316492235726	0.000572191493419798
NE.EXP.GNFS.KD.ZG	1.95923951093715e-07	0.000195613602864206	0.000381460995613199
NE.CON.TOTL.KD.ZG_min2	1.94888812821965e-07	0.000164949848901709	0.000572191493419798
SM.POP.RHCR.EA_delta1	1.90329129385721e-07	0.000505423254968057	0.000572191493419798
AG.CON.FERT.ZS	1.89947287645519e-07	0.0007105531952689	0.000953652489032996
NV.IND.TOTL.KD.ZG_rank	1.89171993680958e-07	0.000305580168798679	0.000381460995613199
SE.PRM.ENRL_rank	1.89148293942819e-07	3.91227205728412e-05	0.000190730497806599
TX.VAL.MRCH.R2.ZS_lag1	1.88645797726424e-07	6.87291037090454e-05	0.000190730497806599
BX.GSR.TRVL.ZS_delta1	1.86421007787773e-07	0.000123712386676282	0.000190730497806599
NY.GDP.PCAP.CD_lag1	1.82750805895366e-07	4.22948330517202e-05	0.000190730497806599
NE.TRD.GNFS.ZS_isNA_rank	1.80726585009606e-07	8.03601827982685e-05	0.000190730497806599
SP.DYN.AMRT.FE_lag1	1.77323021500791e-07	0.000954805856142584	0.000762921991226397
IS.AIR.GOOD.MT.K1_min2	1.74880036825727e-07	4.22948330517202e-05	0.000190730497806599
EG.ELC.HYRO.ZS_ratioavg2	1.73880291694967e-07	0.000126884499155161	0.000572191493419798
IT.MLT.MAIN.P2_isNA_rank	1.7283279270692e-07	0.00060164400016072	0.000572191493419798
NE.CON.PRVT.ZS_min2	1.72591192817418e-07	0.000857527740123628	0.0011443829868396
NY.GDP.PCAP.KD_delta1	1.69486394093735e-07	4.86390580094783e-05	0.000190730497806599
NE.CON.PRVT.ZS	1.68676264195772e-07	0.000607988225118478	0.000762921991226397
BM.GSR.CMCP.ZS_delta1	1.67878062066072e-07	3.80653497465482e-05	0.000190730497806599
AG.PRD.FOOD.XD_lag1	1.65401589038609e-07	0.00043986626373789	0.000381460995613199
BX.GSR.TRVL.ZS_isNA_rank	1.646093622686e-07	0.000261170594094372	0.000381460995613199
NY.GDP.PCAP.KD.ZG_isNA_rank	1.61902640581494e-07	0.000188212007080155	0.000572191493419798
NY.GDP.PETR.RT.ZS	1.61821343868588e-07	0.000587898179418911	0.0013351134846462
NY.ADJ.DNGY.GN.ZS	1.61423553956927e-07	0.00074227432005769	0.000953652489032996
NY.GDP.MINR.RT.ZS_lag1	1.59024964051493e-07	0.000318268618714195	0.000762921991226397
AG.CON.FERT.ZS_ratioavg2	1.58050640239668e-07	0.000298178573014628	0.000953652489032996
TX.VAL.MRCH.WL.CD_delta1	1.5547158648388e-07	0.000854355627644749	0.000762921991226397
SH.DYN.NMRT_delta1	1.53136869063741e-07	6.34422495775804e-05	0.000190730497806599
NE.GDI.FTOT.ZS_delta1	1.52811458122677e-07	0.000206187311127136	0.000762921991226397
DC.DAC.CECL.CD_min2	1.52631173235631e-07	0.00017235144468576	0.000381460995613199
TM.VAL.MRCH.RS.ZS_lag1	1.52145892051643e-07	0.000109966565934473	0.000190730497806599
NY.GDP.MKTP.CN_delta1	1.50398449987956e-07	0.000360563451765915	0.000190730497806599
AG.PRD.FOOD.XD_avg2	1.49485021048589e-07	8.88191494086125e-05	0.000190730497806599
BM.GSR.MRCH.CD_delta1	1.47300497869493e-07	0.000342588147718934	0.000190730497806599
FM.AST.NFRG.CN_delta1	1.47010883762171e-07	0.000514939592404694	0.000381460995613199
TX.VAL.TRAN.ZS.WT	1.4646582357864e-07	0.000588955550245204	0.000953652489032996
IT.MLT.MAIN.P2_rank	1.45286439266734e-07	0.000411317251427979	0.000190730497806599
SP.DYN.AMRT.FE_delta1	1.42664949309475e-07	0.000670373103869766	0.000572191493419798
SP.POP.65UP.MA.ZS_delta1	1.42405086430496e-07	0.000400743543165049	0.000381460995613199
FM.AST.DOMS.CN_tend2	1.41688809779686e-07	0.000764479107409843	0.00152584398245279
EN.GHG.CO2.TR.MT.CE.AR5_tend2	1.36665007917947e-07	0.000993928576715425	0.000953652489032996
TM.VAL.MMTL.ZS.UN_rank	1.36339588575116e-07	0.000839552436076647	0.000762921991226397
AG.PRD.CREL.MT_ratioavg2	1.35961213664402e-07	4.33522038780132e-05	0.000190730497806599
BX.PEF.TOTL.CD.WD	1.3584261570394e-07	0.000362678193418501	0.000381460995613199
TX.VAL.AGRI.ZS.UN_isNA_rank	1.3538315988171e-07	0.00106477242207706	0.000762921991226397
NY.GDP.FRST.RT.ZS_delta1	1.34711782294223e-07	3.59506080939622e-05	0.000190730497806599
EG.USE.PCAP.KG.OE_min2	1.34297858150301e-07	0.000215703648563773	0.000381460995613199
BX.TRF.PWKR.DT.GD.ZS_max2	1.33739355860589e-07	0.000384882980770654	0.000381460995613199
NE.CON.GOVT.ZS_delta1	1.3343146699597e-07	3.48932372676692e-05	0.000190730497806599
EN.GHG.CO2.PC.CE.AR5	1.3162971333877e-07	0.000262227964920666	0.000190730497806599
BM.GSR.GNFS.CD_isNA_rank	1.30329441140328e-07	0.000112081307587059	0.000190730497806599
BM.GSR.TRVL.ZS_tend2	1.29753185182411e-07	0.0013756394450072	0.000953652489032996
NY.GNP.PCAP.CN_lag1	1.28882938597861e-07	0.000705266341137435	0.000572191493419798
SP.POP.0004.FE.5Y_delta1	1.27660858792121e-07	0.000524455929841331	0.000762921991226397
NY.GSR.NFCY.CD_rank	1.27177583928864e-07	0.000233678952610754	0.000381460995613199
BM.TRF.PWKR.CD.DT_isNA_rank	1.25670850603128e-07	0.000111023936760766	0.000190730497806599
BX.GSR.FCTY.CD_min2	1.24461230086899e-07	8.56470369297335e-05	0.000190730497806599
AG.LND.AGRI.K2_tend2	1.24458142814324e-07	0.000413431993080565	0.000381460995613199
PA.NUS.ATLS	1.23625351977756e-07	0.00159134309357097	0.000762921991226397
SP.DYN.CDRT.IN	1.20237492610296e-07	7.82454411456824e-05	0.000190730497806599
SP.POP.2529.FE.5Y_rank	1.18977149063718e-07	0.00127413184568307	0.0011443829868396
EN.GHG.N2O.MT.CE.AR5_ratiomax2	1.18237346481802e-07	0.00026751481905213	0.000190730497806599
EN.GHG.CH4.WA.MT.CE.AR5_ratiomax2	1.17449813669234e-07	0.000282318010620233	0.000190730497806599
NE.CON.TOTL.KD.ZG_tend2	1.16686002654752e-07	3.48932372676692e-05	0.000190730497806599
SE.SEC.ENRL.GC_lag1	1.15532961112386e-07	0.000268572189878424	0.000572191493419798
EN.URB.LCTY.UR.ZS	1.14196081546903e-07	5.92127662724083e-05	0.000190730497806599
NE.IMP.GNFS.CN_lag1	1.10081046650162e-07	0.000627020899991753	0.0011443829868396
NY.GDP.MINR.RT.ZS	1.09586469021796e-07	0.000425063072169788	0.000381460995613199
BX.KLT.DINV.CD.WD_ratioavg2	1.09483160918004e-07	0.000482161096789611	0.000953652489032996
BX.PEF.TOTL.CD.WD_rank	1.09080915850893e-07	0.000564636021240465	0.000762921991226397
FM.LBL.BMNY.GD.ZS_tend2	1.09028133890771e-07	0.000613275079249944	0.000762921991226397
EN.GHG.N2O.PI.MT.CE.AR5_ratioavg2	1.08714096361226e-07	0.00056992287537193	0.000572191493419798
DT.ODA.ODAT.GN.ZS_ratioavg2	1.07346967524582e-07	8.03601827982685e-05	0.000190730497806599
BM.GSR.INSF.ZS_lag1	1.06270863009072e-07	0.000261170594094372	0.000381460995613199
NE.CON.TOTL.KD_delta1	1.05600944650923e-07	4.44095747043062e-05	0.000190730497806599
FI.RES.TOTL.MO_max2	1.05322669504402e-07	0.00050648062579435	0.000762921991226397
NY.ADJ.DFOR.GN.ZS	1.0514755893557e-07	8.14175536245615e-05	0.000381460995613199
NY.GDP.FCST.KD_isNA_rank	1.05080971842364e-07	0.000992871205889132	0.0011443829868396
EN.GHG.CO2.BU.MT.CE.AR5_max2	1.05071619745447e-07	0.00106688716372964	0.000762921991226397
AG.LND.CROP.ZS_delta1	1.03618218528525e-07	5.81553954461153e-05	0.000190730497806599
TM.VAL.MRCH.R2.ZS_lag1	1.03117518359614e-07	0.000237908435915926	0.000381460995613199
BM.TRF.PWKR.CD.DT_max2	1.0308614394237e-07	0.0001512040281599	0.000381460995613199
BX.PEF.TOTL.CD.WD_max2	1.0272074628533e-07	6.55569912301664e-05	0.000190730497806599
TM.VAL.INSF.ZS.WT_delta1	1.02232162772991e-07	0.000492734805052541	0.000762921991226397
AG.LND.ARBL.HA.PC	1.0200238611833e-07	4.33522038780132e-05	0.000190730497806599
MS.MIL.XPND.GD.ZS_ratioavg2	1.01319251587153e-07	0.000433522038780132	0.000762921991226397
NV.SRV.TOTL.KD.ZG_lag1	9.87094973574004e-08	0.00136718047839686	0.0013351134846462
TX.VAL.MRCH.AL.ZS_rank	9.86557227857618e-08	3.91227205728412e-05	0.000190730497806599
NV.SRV.TOTL.ZS_isNA_rank	9.83680046509553e-08	0.00102459233067792	0.0013351134846462
PA.NUS.FCRF_lag1	9.77732637163517e-08	0.000463128421916337	0.000762921991226397
NY.GNP.MKTP.CN	9.77466006205051e-08	0.000512824850752108	0.000381460995613199
EG.USE.PCAP.KG.OE_lag1	9.48402502719898e-08	0.000150146657333607	0.000572191493419798
BM.GSR.TRVL.ZS_max2	9.44768184780795e-08	0.000340473406066348	0.000190730497806599
SP.POP.80UP.FE.5Y_lag1	9.39766907476007e-08	0.000473702130179267	0.000381460995613199
NY.ADJ.AEDU.GN.ZS_rank	9.1797042099054e-08	4.22948330517202e-05	0.000190730497806599
FM.AST.DOMS.CN_ratioavg2	9.16064956161541e-08	7.40159578405104e-05	0.000190730497806599
FD.AST.PRVT.GD.ZS_isNA_rank	9.14100025409054e-08	0.000329899697803418	0.000762921991226397
TM.VAL.MRCH.R4.ZS_rank	8.98813412671881e-08	0.00024636740252627	0.000762921991226397
NV.IND.MANF.CD	8.98779442218053e-08	4.44095747043062e-05	0.000190730497806599
EG.ELC.COAL.ZS_tend2	8.92194833069201e-08	0.000194556232037913	0.000381460995613199
EN.GHG.N2O.FE.MT.CE.AR5_delta1	8.81678827410618e-08	0.000523398559015038	0.000572191493419798
EN.GHG.CO2.IP.MT.CE.AR5_tend2	8.68624632212743e-08	0.000102564970150422	0.000381460995613199
SP.DYN.TO65.MA.ZS_lag1	8.65954066178231e-08	0.00140207371566453	0.0013351134846462
DT.NFL.UNDP.CD_lag1	8.64942825063926e-08	0.000212531536084894	0.000572191493419798
EN.GHG.N2O.FE.MT.CE.AR5_ratioavg2	8.44280847698392e-08	0.0031298176458273	0.00324241846271219
TM.VAL.MRCH.R3.ZS	8.43528753393507e-08	0.000326727585324539	0.000381460995613199
NY.GDP.PETR.RT.ZS_delta1	8.30044514285519e-08	0.000564636021240465	0.000572191493419798
BX.GSR.TRVL.ZS_min2	8.26876317316068e-08	0.000138515578244384	0.000381460995613199
EG.ELC.COAL.ZS_ratioavg2	8.24344080516039e-08	0.000377481384986603	0.000762921991226397
AG.PRD.CROP.XD_rank	8.22501287196813e-08	0.000157548253117658	0.000190730497806599
AG.PRD.FOOD.XD	8.17846937340049e-08	0.000300293314667214	0.000762921991226397
SE.SEC.ENRR.FE_delta1	8.07067085944109e-08	0.00553533627564389	0.00400534045393859
SP.POP.2024.MA.5Y_lag1	8.00771594386778e-08	0.000512824850752108	0.000381460995613199
EG.ELC.NUCL.ZS_max2	7.87555718148779e-08	0.000549832829672363	0.000381460995613199
SP.POP.6569.MA.5Y_delta1	7.85859869938892e-08	0.000542431233888312	0.000381460995613199
AG.YLD.CREL.KG_tend2	7.52562479504993e-08	0.000286547493925405	0.000762921991226397
DC.DAC.JPNL.CD_tend2	7.51364331885482e-08	0.000171294073859467	0.000381460995613199
TM.VAL.MRCH.R2.ZS	7.46764483314811e-08	0.000112081307587059	0.000190730497806599
NV.IND.TOTL.ZS_rank	7.45953427329864e-08	0.00053820175058314	0.000572191493419798
BX.PEF.TOTL.CD.WD_tend2	7.42922024217624e-08	0.00110706725512878	0.00152584398245279
TX.VAL.MANF.ZS.UN_lag1	7.42031006605348e-08	0.000392284576554705	0.000190730497806599
EN.GHG.N2O.MT.CE.AR5_tend2	7.40170985270515e-08	0.000278088527315061	0.000190730497806599
SE.PRM.TCHR_lag1	7.37159721497363e-08	0.000201957827821964	0.000381460995613199
EG.USE.PCAP.KG.OE_tend2	7.33141362041918e-08	0.000370079789202552	0.000381460995613199
EG.ELC.PETR.ZS	7.26213655775965e-08	3.48932372676692e-05	0.000190730497806599
DT.ODA.ODAT.GN.ZS_lag1	7.25822045729658e-08	0.000145917174028435	0.000381460995613199
SP.URB.GROW_delta1	7.25494036123773e-08	0.000194556232037913	0.000572191493419798
AG.LND.CREL.HA_ratioavg2	7.21416166725477e-08	0.000353161855981864	0.000381460995613199
EN.GHG.CO2.PI.MT.CE.AR5_ratioavg2	7.21185890160209e-08	0.00022521998600041	0.000572191493419798
DC.DAC.TOTL.CD_tend2	7.19290214433412e-08	0.000189269377906448	0.000190730497806599
BM.GSR.MRCH.CD_ratioavg2	6.99424144934197e-08	0.000588955550245204	0.000762921991226397
TM.VAL.AGRI.ZS.UN_isNA_rank	6.93694956825954e-08	0.000102564970150422	0.000381460995613199
SP.DYN.LE00.MA.IN_lag1	6.90717192363001e-08	0.000490620063399955	0.000381460995613199
SP.POP.TOTL.FE.ZS	6.90052969823266e-08	0.000231564210958168	0.000572191493419798
AG.YLD.CREL.KG_delta1	6.76554358361637e-08	4.54669455305993e-05	0.000190730497806599
TX.VAL.AGRI.ZS.UN	6.76282430430351e-08	9.83354868452495e-05	0.000381460995613199
BX.GSR.TRVL.ZS_ratioavg2	6.73154123693324e-08	0.000382768239118068	0.000572191493419798
MS.MIL.MPRT.KD_max2	6.69947817372717e-08	0.000242137919221098	0.000381460995613199
NV.AGR.TOTL.CN_lag1	6.67686945587512e-08	0.00130585297047186	0.0013351134846462
ER.FSH.AQUA.MT_ratioavg2	6.63019276605908e-08	0.00385094454935913	0.00343314896051879
health_coverage_efficiency	6.57404558159916e-08	7.50733286668034e-05	0.000190730497806599
TM.VAL.OTHR.ZS.WT_lag1	6.55468492045935e-08	0.000142745061549556	0.000381460995613199
NY.GDP.MINR.RT.ZS_delta1	6.54530440986827e-08	0.000117368161718524	0.000190730497806599
AG.LND.CROP.ZS_ratioavg2	6.49596880543342e-08	9.72781160189565e-05	0.000190730497806599
AG.LND.AGRI.ZS_lag1	6.4866771550729e-08	3.70079789202552e-05	0.000190730497806599
SP.POP.1564.MA.IN_delta1	6.45509573336036e-08	0.000259055852441786	0.000572191493419798
BX.PEF.TOTL.CD.WD_delta1	6.40318745922694e-08	0.000564636021240465	0.000953652489032996
ER.FSH.PROD.MT_ratioavg2	6.36853448337026e-08	0.000876560414996902	0.0011443829868396
AG.CON.FERT.ZS_delta1	6.36149282353858e-08	0.000247424773352563	0.000572191493419798
BX.GSR.MRCH.CD_rank	6.34032042592544e-08	6.87291037090454e-05	0.000190730497806599
MS.MIL.XPND.GD.ZS_tend2	6.31995982113688e-08	0.000740159578405104	0.0013351134846462
SP.POP.0014.MA.ZS_lag1	6.30181478560185e-08	0.000361620822592208	0.000190730497806599
NV.AGR.TOTL.CN	6.25046601553258e-08	0.000162835107249123	0.000381460995613199
TM.VAL.MANF.ZS.UN_lag1	6.24353984944169e-08	0.000222047873521531	0.000381460995613199
DC.DAC.TOTL.CD_isNA_rank	6.21307128894468e-08	0.000148031915681021	0.000190730497806599
NV.AGR.TOTL.KD.ZG_rank	6.17020083645173e-08	0.00028126063979394	0.000381460995613199
FI.RES.TOTL.MO_tend2	6.1037713796034e-08	0.000771880703193894	0.000762921991226397
SE.SEC.ENRL_lag1	6.042384527564e-08	0.0004536120844797	0.000762921991226397
EN.GHG.N2O.MT.CE.AR5_ratioavg2	5.9574602551091e-08	0.0032662184824191	0.00247949647148579
DC.DAC.TOTL.CD_lag1	5.90022959819341e-08	0.00016177773642283	0.000190730497806599
NE.EXP.GNFS.CD_isNA_rank	5.8796334592903e-08	0.000347875001850399	0.000953652489032996
AG.LND.CREL.HA_delta1	5.86164010708593e-08	0.000232621581784461	0.000572191493419798
NE.IMP.GNFS.KD.ZG_lag1	5.78221971506613e-08	0.00233256004280237	0.00305168796490559
NY.ADJ.NNTY.PC.CD_isNA_rank	5.77014946319643e-08	0.000727471128489588	0.000762921991226397
DC.DAC.DEUL.CD_lag1	5.7631545924296e-08	0.000299235943840921	0.000190730497806599
SH.MMR.RISK_lag1	5.76187652862485e-08	0.0026762055613476	0.00152584398245279
SP.RUR.TOTL	5.75874738236029e-08	7.08438453616314e-05	0.000190730497806599
BM.KLT.DINV.WD.GD.ZS_avg2	5.68249643460902e-08	3.59506080939622e-05	0.000190730497806599
AG.LND.ARBL.ZS_delta1	5.67639899587194e-08	0.000222047873521531	0.000381460995613199
EN.GHG.CH4.IC.MT.CE.AR5_min2	5.64429326135037e-08	0.00010890919510818	0.000381460995613199
NY.GDP.MKTP.KD.ZG	5.58319394354286e-08	5.81553954461153e-05	0.000190730497806599
TX.VAL.OTHR.ZS.WT_delta1	5.57199960089105e-08	0.000490620063399955	0.000762921991226397
TM.VAL.MRCH.R5.ZS_delta1	5.46307176557989e-08	0.000264342706573252	0.000762921991226397
NY.GDP.PETR.RT.ZS_lag1	5.43305306000005e-08	0.000324612843671953	0.000381460995613199
FM.LBL.BMNY.GD.ZS_avg2	5.32471789317857e-08	0.000106794453455594	0.000190730497806599
BM.TRF.PWKR.CD.DT_ratiomax2	5.3198562481676e-08	4.44095747043062e-05	0.000190730497806599
NE.EXP.GNFS.CD_delta1	5.28229808263742e-08	0.000379596126639189	0.000381460995613199
DC.DAC.CANL.CD_tend2	5.25583754192847e-08	0.000415546734733151	0.000381460995613199
SP.DYN.TFRT.IN_lag1	5.2417029975133e-08	3.38358664413762e-05	0.000190730497806599
AG.LND.TOTL.K2_avg2	5.23773257442675e-08	9.41060035400775e-05	0.000190730497806599
EN.GHG.CH4.BU.MT.CE.AR5_tend2	5.16534874141409e-08	0.000631250383296925	0.000762921991226397
SP.POP.1014.FE.5Y	5.13989743760991e-08	0.000162835107249123	0.000190730497806599
SE.SEC.ENRR.MA	5.10624931664886e-08	0.000229449469305582	0.000762921991226397
BM.GSR.TRAN.ZS_rank	5.08994709594007e-08	0.00011948290337111	0.000190730497806599
DC.DAC.JPNL.CD_delta1	5.07461284075122e-08	0.000107851824281887	0.000381460995613199
TM.VAL.MMTL.ZS.UN_delta1	5.06940317132681e-08	0.00037642401416031	0.000572191493419798
TM.VAL.AGRI.ZS.UN	4.87124522486172e-08	0.000100450228497836	0.000381460995613199
BX.TRF.PWKR.DT.GD.ZS_avg2	4.85716831206234e-08	0.00022521998600041	0.000190730497806599
DC.DAC.DEUL.CD_ratiomax2	4.82962643173632e-08	0.0014517701445003	0.0011443829868396
DT.ODA.ODAT.CD	4.79348050505256e-08	0.000256941110789201	0.000190730497806599
FM.AST.PRVT.GD.ZS_ratioavg2	4.75579595440006e-08	0.000131113982460333	0.000381460995613199
TM.VAL.MRCH.R6.ZS	4.70794053409969e-08	0.000210416794432308	0.000572191493419798
FS.AST.CGOV.GD.ZS_rank	4.64067942149681e-08	7.82454411456824e-05	0.000381460995613199
AG.CON.FERT.ZS_ratiomax2	4.63731509549871e-08	0.000452554713653407	0.000953652489032996
EN.GHG.CO2.MT.CE.AR5_delta1	4.62236554405552e-08	0.00178061247147742	0.0013351134846462
DC.DAC.GBRL.CD_ratiomax2	4.52790887221329e-08	0.000191384119559034	0.000190730497806599
EG.ELC.NUCL.ZS_lag1	4.49783270592483e-08	4.22948330517202e-05	0.000190730497806599
NE.GDI.TOTL.CD	4.47713716512301e-08	3.38358664413762e-05	0.000190730497806599
BX.GSR.TRVL.ZS_max2	4.41684098329776e-08	0.000264342706573252	0.000381460995613199
EG.ELC.NGAS.ZS_ratiomax2	4.4048147265559e-08	0.000109966565934473	0.000381460995613199
BM.KLT.DINV.WD.GD.ZS_ratioavg2	4.39209422484755e-08	5.39259121409433e-05	0.000190730497806599
EN.GHG.CO2.RT.GDP.KD_rank	4.38645386365014e-08	4.22948330517202e-05	0.000190730497806599
SE.SEC.ENRL.GC.FE.ZS_isNA_rank	4.36551708811847e-08	0.000420833588864616	0.000953652489032996
AG.LND.ARBL.HA.PC_ratioavg2	4.27226221707208e-08	0.000583668696113739	0.000953652489032996
EN.GHG.CO2.RT.GDP.KD_min2	4.23514688203142e-08	3.80653497465482e-05	0.000190730497806599
NY.GDP.MINR.RT.ZS_isNA_rank	4.17510935310379e-08	0.000101507599324129	0.000381460995613199
BX.GRT.TECH.CD.WD_tend2	4.15052482719242e-08	0.000208302052779722	0.000381460995613199
TX.VAL.FOOD.ZS.UN_isNA_rank	4.14532685988138e-08	7.61306994930964e-05	0.000190730497806599
BM.GSR.TRVL.ZS	4.14522619413145e-08	0.000232621581784461	0.000572191493419798
BM.GSR.TRVL.ZS_delta1	4.13571781052047e-08	0.00010890919510818	0.000381460995613199
IS.AIR.GOOD.MT.K1_tend2	4.08050519449144e-08	0.000783511782283117	0.000953652489032996
BX.TRF.PWKR.CD.DT_ratioavg2	4.02333013844606e-08	0.000444095747043063	0.000762921991226397
FS.AST.PRVT.GD.ZS_isNA_rank	3.99876051382758e-08	0.000361620822592208	0.000572191493419798
SE.SEC.ENRL	3.91162145708924e-08	0.000196670973690499	0.000381460995613199
DC.DAC.FRAL.CD_ratiomax2	3.8897899730913e-08	0.000553004942151242	0.000953652489032996
FI.RES.TOTL.CD_delta1	3.82079993122409e-08	0.000390169834902119	0.000381460995613199
EN.GHG.ALL.PC.CE.AR5_max2	3.77816078774079e-08	0.00185568580014423	0.000953652489032996
TM.VAL.TRAN.ZS.WT_rank	3.77276852053851e-08	7.40159578405104e-05	0.000190730497806599
TM.VAL.FUEL.ZS.UN	3.75509923702212e-08	0.000100450228497836	0.000190730497806599
NY.ADJ.DNGY.CD_isNA_rank	3.74442216461974e-08	0.00118002584214299	0.0011443829868396
NE.CON.PRVT.ZS_ratiomax2	3.71526779378621e-08	3.48932372676692e-05	0.000190730497806599
BM.TRF.PWKR.CD.DT_rank	3.71100213505391e-08	6.55569912301664e-05	0.000190730497806599
NY.ADJ.NNTY.PC.CD_delta1	3.70584972060325e-08	0.00053820175058314	0.000572191493419798
NY.ADJ.NNTY.CD_delta1	3.69047595893317e-08	0.000694692632874505	0.000572191493419798
SE.SEC.ENRL_delta1	3.67674446169979e-08	0.00117050950470636	0.00152584398245279
MS.MIL.MPRT.KD	3.65923504171929e-08	8.56470369297335e-05	0.000381460995613199
IS.AIR.GOOD.MT.K1_delta1	3.4089554801619e-08	8.98765202349055e-05	0.000190730497806599
IT.CEL.SETS.P2_max2	3.40616105914904e-08	0.000116310790892231	0.000381460995613199
SP.POP.2529.MA.5Y_delta1	3.37185027891014e-08	8.03601827982685e-05	0.000190730497806599
NE.GDI.FTOT.ZS_isNA_rank	3.35235567251978e-08	0.000192441490385327	0.000762921991226397
BX.GSR.CMCP.ZS_avg2	3.33686081415483e-08	0.000325670214498246	0.000762921991226397
NE.CON.PRVT.KD.ZG_delta1	3.31285013930793e-08	0.000141687690723263	0.000572191493419798
TG.VAL.TOTL.GD.ZS	3.3032089104368e-08	3.59506080939622e-05	0.000190730497806599
FM.LBL.BMNY.GD.ZS_ratioavg2	3.29147559142938e-08	0.00014063031989697	0.000381460995613199
TM.VAL.TRVL.ZS.WT	3.24441546659972e-08	0.000785626523935703	0.0013351134846462
NV.SRV.TOTL.CD_isNA_rank	3.23195012905919e-08	4.12374622254272e-05	0.000190730497806599
NE.GDI.FTOT.ZS_lag1	3.20729583918863e-08	0.000505423254968057	0.000381460995613199
PA.NUS.ATLS_delta1	3.18999680600454e-08	0.000195613602864206	0.000572191493419798
TM.VAL.INSF.ZS.WT_isNA_rank	3.12626886597365e-08	0.000183982523774983	0.000381460995613199
AG.LND.AGRI.ZS_max2	3.07177537554588e-08	0.000965379564405514	0.000572191493419798
BG.GSR.NFSV.GD.ZS_ratioavg2	3.06121604219498e-08	0.000183982523774983	0.000381460995613199
NE.CON.PRVT.PC.KD_rank	3.0088244914605e-08	0.000113138678413352	0.000381460995613199
IT.MLT.MAIN_isNA_rank	2.98500610067112e-08	0.00033412918110859	0.000190730497806599
DC.DAC.CANL.CD_lag1	2.88772547283371e-08	0.000383825609944361	0.000572191493419798
TX.VAL.MRCH.R1.ZS	2.87948370081196e-08	0.000282318010620233	0.000572191493419798
FP.CPI.TOTL.ZG_min2	2.83541322373682e-08	0.00124981231667833	0.000762921991226397
SH.IMM.MEAS_lag1	2.81404186649915e-08	9.09338910611985e-05	0.000190730497806599
AG.LND.ARBL.HA_ratioavg2	2.79155071553476e-08	0.000744389061710276	0.000953652489032996
TM.VAL.OTHR.ZS.WT_rank	2.74990532336778e-08	0.000282318010620233	0.000190730497806599
BM.GSR.INSF.ZS_min2	2.7343073139182e-08	0.000782454411456824	0.000762921991226397
AG.SRF.TOTL.K2_ratioavg2	2.68311184325753e-08	5.07537996620643e-05	0.000190730497806599
EN.GHG.CO2.IC.MT.CE.AR5_delta1	2.61206567612435e-08	0.00100978913910982	0.000762921991226397
NE.RSB.GNFS.CD_lag1	2.61134850563271e-08	0.000841667177729233	0.000953652489032996
EN.URB.MCTY.TL.ZS_max2	2.60827162922078e-08	3.70079789202552e-05	0.000190730497806599
SP.POP.2529.MA.5Y	2.58656605299e-08	0.000268572189878424	0.000381460995613199
DC.DAC.TOTL.CD_rank	2.52086294328828e-08	4.12374622254272e-05	0.000190730497806599
EN.GHG.CO2.RT.GDP.KD_ratioavg2	2.51288153503093e-08	0.000186097265427569	0.000381460995613199
TX.VAL.TRAN.ZS.WT_rank	2.50996583079744e-08	0.000243195290047391	0.000572191493419798
SM.POP.NETM_delta1	2.5069778862687e-08	0.00347346316437252	0.00228876597367919
NV.IND.TOTL.CD_isNA_rank	2.50434549356332e-08	0.000128999240807747	0.000381460995613199
NE.CON.PRVT.ZS_ratioavg2	2.5013651384926e-08	0.000905109427306813	0.000953652489032996
NV.AGR.TOTL.CN_isNA_rank	2.48836156714272e-08	0.000173408815512053	0.000381460995613199
NE.EXP.GNFS.CN_lag1	2.47680867438698e-08	0.00123500912511023	0.00190730497806599
MS.MIL.MPRT.KD_delta1	2.45066866941712e-08	0.000768708590715015	0.000953652489032996
BX.TRF.PWKR.CD.DT_delta1	2.43178229708297e-08	7.93028119719755e-05	0.000190730497806599
NY.GDP.FCST.CN	2.38840021319953e-08	0.000656627283127957	0.000381460995613199
BX.GRT.EXTA.CD.WD_delta1	2.37021442815687e-08	0.000153318769812486	0.000381460995613199
BX.TRF.PWKR.CD.DT	2.36014232345543e-08	0.000311924393756437	0.000762921991226397
SE.SEC.ENRR.MA_isNA_rank	2.32724718189456e-08	0.00136506573674427	0.0011443829868396
AG.CON.FERT.ZS_tend2	2.31896004479486e-08	0.000539259121409433	0.000953652489032996
SP.DYN.CDRT.IN_lag1	2.30698015990334e-08	6.87291037090454e-05	0.000190730497806599
NE.RSB.GNFS.CD	2.27071433969673e-08	5.70980246198223e-05	0.000190730497806599
DC.DAC.FRAL.CD_ratioavg2	2.22670159692528e-08	0.000280203268967647	0.000953652489032996
BX.GSR.CMCP.ZS_max2	2.1424663742723e-08	0.000573094987850809	0.0013351134846462
SP.POP.GROW	2.11773877645292e-08	0.000248482144178856	0.000381460995613199
NV.IND.TOTL.KD.ZG_delta1	2.10848419068381e-08	6.44996204038734e-05	0.000190730497806599
EN.GHG.CO2.PC.CE.AR5_avg2	2.08771130218712e-08	0.000106794453455594	0.000381460995613199
EN.GHG.CO2.TR.MT.CE.AR5_avg2	2.08181628645779e-08	6.44996204038734e-05	0.000190730497806599
NE.CON.PRVT.KD_tend2	2.06493360958081e-08	0.000404973026470221	0.000762921991226397
EN.GHG.ALL.PC.CE.AR5_tend2	2.05530519169991e-08	4.75816871831853e-05	0.000190730497806599
EN.GHG.N2O.TR.MT.CE.AR5_ratioavg2	2.05132203365168e-08	0.000533972267277968	0.000572191493419798
EN.GHG.N2O.AG.MT.CE.AR5_tend2	2.03501059046433e-08	0.000156490882291365	0.000381460995613199
FM.AST.PRVT.GD.ZS_tend2	2.0206880769036e-08	8.14175536245615e-05	0.000381460995613199
BX.GSR.CMCP.ZS_min2	2.00318214472162e-08	0.000259055852441786	0.000572191493419798
FP.CPI.TOTL.ZG	1.9987625273674e-08	0.000249539515005149	0.000381460995613199
SM.POP.RHCR.EA	1.98426590681111e-08	6.76717328827524e-05	0.000190730497806599
IS.AIR.DPRT_rank	1.98381588385917e-08	0.000337301293587469	0.000190730497806599
AG.LND.CROP.ZS	1.98018463248272e-08	0.000113138678413352	0.000190730497806599
AG.SRF.TOTL.K2_lag1	1.96486326283157e-08	9.62207451926635e-05	0.000190730497806599
NE.IMP.GNFS.ZS_rank	1.96195539393709e-08	6.23848787512873e-05	0.000190730497806599
NV.AGR.TOTL.ZS_delta1	1.95956478487962e-08	0.000284432752272819	0.000762921991226397
SP.DYN.TO65.FE.ZS_lag1	1.95395179180597e-08	0.000150146657333607	0.000572191493419798
TM.VAL.MRCH.R1.ZS_lag1	1.95015745766349e-08	0.00044303837621677	0.000572191493419798
IS.AIR.PSGR_ratioavg2	1.94931763139802e-08	0.000349989743502985	0.000572191493419798
TM.VAL.AGRI.ZS.UN_lag1	1.90613678422562e-08	0.000494849546705127	0.000381460995613199
AG.LND.ARBL.HA.PC_tend2	1.89494808168942e-08	0.000715840049400365	0.0011443829868396
SH.MMR.DTHS_delta1	1.89460306179502e-08	6.55569912301664e-05	0.000190730497806599
BG.GSR.NFSV.GD.ZS_tend2	1.88207217163294e-08	0.000487447950921076	0.000953652489032996
DC.DAC.FRAL.CD_max2	1.85098448836861e-08	0.000177638298817225	0.000381460995613199
FP.CPI.TOTL.ZG_ratiomax2	1.81007212201205e-08	0.000261170594094372	0.000381460995613199
NE.IMP.GNFS.ZS_lag1	1.78701264803074e-08	6.02701370987013e-05	0.000190730497806599
FM.LBL.BMNY.GD.ZS_lag1	1.76432997980208e-08	0.000166007219728002	0.000381460995613199
IS.AIR.PSGR_lag1	1.75901705660512e-08	0.000176580927990932	0.000381460995613199
MS.MIL.XPND.CD_isNA_rank	1.75431780857727e-08	0.0010277644431568	0.000953652489032996
DC.DAC.CANL.CD_isNA_rank	1.69286863466967e-08	0.000123712386676282	0.000381460995613199
FS.AST.CGOV.GD.ZS_delta1	1.67941369178114e-08	0.000105737082629301	0.000381460995613199
NE.IMP.GNFS.ZS_delta1	1.67635483287893e-08	0.000385940351596947	0.000572191493419798
TM.VAL.FOOD.ZS.UN_lag1	1.67281431453075e-08	0.000128999240807747	0.000381460995613199
MS.MIL.XPND.CD_tend2	1.66419334261999e-08	0.000320383360366781	0.000572191493419798
SE.SEC.ENRR.MA_rank	1.65738232342889e-08	0.000192441490385327	0.000190730497806599
NY.GDP.DEFL.KD.ZG_isNA_rank	1.65695302763702e-08	0.000206187311127136	0.000381460995613199
BX.KLT.DINV.CD.WD_delta1	1.64663526795789e-08	7.29585870142174e-05	0.000190730497806599
NY.GDS.TOTL.ZS_isNA_rank	1.6134886555494e-08	0.000524455929841331	0.000953652489032996
NE.CON.TOTL.KD_isNA_rank	1.58144058262417e-08	4.12374622254272e-05	0.000190730497806599
NE.EXP.GNFS.KD.ZG_lag1	1.56271353407482e-08	0.000493792175878834	0.0011443829868396
EN.GHG.CO2.PC.CE.AR5_ratioavg2	1.53821006897108e-08	0.000327784956150832	0.000190730497806599
TX.VAL.TRAN.ZS.WT_isNA_rank	1.52981604778045e-08	0.00257364059119718	0.00171657448025939
NE.CON.TOTL.KD_ratioavg2	1.52723294661921e-08	0.000148031915681021	0.000190730497806599
DT.ODA.ODAT.CD_max2	1.52661361356159e-08	0.000198785715343085	0.000190730497806599
SH.MMR.RISK.ZS_lag1	1.47363050774728e-08	0.00396937008190394	0.00209803547587259
NE.CON.GOVT.ZS_lag1	1.47288769660466e-08	0.000399686172338756	0.000762921991226397
SP.POP.3034.FE.5Y_lag1	1.46249963591933e-08	0.000268572189878424	0.000381460995613199
TM.VAL.FOOD.ZS.UN_isNA_rank	1.45613409986913e-08	8.56470369297335e-05	0.000190730497806599
SP.POP.6569.FE.5Y_delta1	1.45578905699562e-08	0.000321440731193074	0.000381460995613199
SE.SEC.ENRL.GC_delta1	1.44727662737464e-08	0.000749675915841741	0.00152584398245279
NE.GDI.FTOT.ZS	1.44509419858013e-08	8.88191494086125e-05	0.000381460995613199
FS.AST.CGOV.GD.ZS_ratioavg2	1.43713974877205e-08	0.000419776218038323	0.000762921991226397
TM.VAL.AGRI.ZS.UN_rank	1.43270611272261e-08	0.000393341947380998	0.000762921991226397
NV.AGR.TOTL.KD_isNA_rank	1.41724057211556e-08	0.000328842326977125	0.000190730497806599
SP.POP.TOTL.FE.IN_lag1	1.4144414403845e-08	6.13275079249944e-05	0.000190730497806599
EG.ELC.HYRO.ZS	1.40987605924484e-08	0.000656627283127957	0.000762921991226397
NE.CON.PRVT.ZS_delta1	1.40938156892633e-08	0.000248482144178856	0.000572191493419798
SP.POP.0014.FE.ZS	1.39697474072965e-08	7.08438453616314e-05	0.000190730497806599
SP.DYN.CBRT.IN_lag1	1.39370196351834e-08	0.000393341947380998	0.000190730497806599
NY.GDS.TOTL.ZS_rank	1.37066907924333e-08	0.000173408815512053	0.000190730497806599
NY.ADJ.AEDU.GN.ZS	1.36563104655982e-08	0.000105737082629301	0.000190730497806599
AG.LND.ARBL.HA_tend2	1.35048693778751e-08	0.00027068693153101	0.000572191493419798
NY.GDP.FRST.RT.ZS_isNA_rank	1.3334073931034e-08	0.000764479107409843	0.000762921991226397
SP.POP.GROW_delta1	1.32675181468702e-08	0.00113561626743869	0.000953652489032996
EN.GHG.N2O.FE.MT.CE.AR5	1.32648534027376e-08	0.000170236703033174	0.000381460995613199
NY.GDS.TOTL.ZS_delta1	1.32644136399597e-08	0.000222047873521531	0.000190730497806599
NY.GDP.MKTP.CN_isNA_rank	1.32123585953582e-08	3.59506080939622e-05	0.000190730497806599
FS.AST.CGOV.GD.ZS_ratiomax2	1.32005518408499e-08	0.0001512040281599	0.000381460995613199
EG.ELC.HYRO.ZS_delta1	1.28234297519742e-08	0.000197728344516792	0.000190730497806599
SG.LAW.INDX_lag1	1.28007135198784e-08	5.39259121409433e-05	0.000190730497806599
SP.POP.6569.FE.5Y_lag1	1.26029451612976e-08	0.000290776977230577	0.000381460995613199
DC.DAC.CECL.CD_rank	1.25574649005507e-08	0.000279145898141354	0.000190730497806599
FP.CPI.TOTL.ZG_delta1	1.25053122683233e-08	0.000378538755812896	0.000953652489032996
SP.POP.1564.MA.ZS_rank	1.24571518800046e-08	7.61306994930964e-05	0.000190730497806599
NE.CON.PRVT.KD.ZG_lag1	1.16943854529211e-08	0.000173408815512053	0.000572191493419798
EG.ELC.NGAS.ZS_delta1	1.15733379549022e-08	0.000644996204038734	0.000953652489032996
BX.GSR.TRAN.ZS_lag1	1.15518384345333e-08	0.000356333968460743	0.000762921991226397
TM.VAL.MRCH.R6.ZS_lag1	1.14504202514927e-08	0.000461013680263751	0.000762921991226397
AG.LND.ARBL.ZS_tend2	1.12716687700926e-08	0.00134709043269729	0.0011443829868396
NV.IND.TOTL.CN_lag1	1.12303333278335e-08	0.000451497342827114	0.000381460995613199
SP.POP.1519.FE.5Y_delta1	1.11180154162737e-08	0.000411317251427979	0.000572191493419798
TM.VAL.MRCH.OR.ZS_lag1	1.10582597620737e-08	3.70079789202552e-05	0.000190730497806599
DT.ODA.ODAT.GN.ZS_ratiomax2	1.10364167362776e-08	0.000104679711803008	0.000190730497806599
SE.ENR.PRIM.FM.ZS_delta1	1.09195973932831e-08	0.000471587388526681	0.000762921991226397
AG.CON.FERT.ZS_lag1	1.08763976317872e-08	0.000518111704883573	0.000381460995613199
FI.RES.TOTL.CD_isNA_rank	1.08423103291685e-08	7.40159578405104e-05	0.000190730497806599
NE.GDI.TOTL.ZS_lag1	1.0779422930628e-08	0.000178695669643518	0.000381460995613199
TM.VAL.MRCH.OR.ZS_rank	1.06600710541875e-08	0.00193287387046361	0.000953652489032996
NY.GDP.MKTP.CD_isNA_rank	1.0622994915769e-08	5.39259121409433e-05	0.000190730497806599
EN.GHG.CO2.TR.MT.CE.AR5_ratioavg2	1.06114040213049e-08	0.000179753040469811	0.000381460995613199
FM.AST.DOMS.CN_delta1	1.03941816604268e-08	0.000337301293587469	0.000572191493419798
DC.DAC.CANL.CD_ratiomax2	1.03730558701999e-08	0.000230506840131875	0.000381460995613199
TX.VAL.TRAN.ZS.WT_lag1	1.02466394388319e-08	0.000245310031699977	0.000572191493419798
SM.POP.RHCR.EA_isNA_rank	1.0246628293962e-08	0.000411317251427979	0.000190730497806599
EN.GHG.ALL.PC.CE.AR5_ratioavg2	1.02444555613659e-08	0.000271744302357303	0.000381460995613199
EN.GHG.CH4.MT.CE.AR5_ratioavg2	1.01484532501035e-08	5.49832829672363e-05	0.000190730497806599
EG.ELC.NGAS.ZS_rank	9.98198244363334e-09	5.92127662724083e-05	0.000190730497806599
ER.H2O.INTR.PC_ratioavg2	9.98029600651924e-09	0.00195507865781577	0.000953652489032996
NY.ADJ.DMIN.CD_delta1	9.93183173917687e-09	0.00102142021819904	0.0011443829868396
BX.GSR.TRVL.ZS_avg2	9.78053980385057e-09	0.000321440731193074	0.000381460995613199
BM.KLT.DINV.WD.GD.ZS_max2	9.75914203427663e-09	6.76717328827524e-05	0.000190730497806599
BM.KLT.DINV.CD.WD_max2	9.75032173148504e-09	0.000135343465765505	0.000190730497806599
SP.POP.TOTL.MA.ZS_delta1	9.57660607022092e-09	4.01800913991342e-05	0.000190730497806599
BX.KLT.DINV.WD.GD.ZS_avg2	9.35745956990911e-09	0.000966436935231807	0.000762921991226397
SP.POP.1014.MA.5Y_rank	9.16017306672512e-09	7.40159578405104e-05	0.000190730497806599
SP.DYN.TO65.MA.ZS	9.0653269926267e-09	0.000438808892911598	0.000762921991226397
NE.RSB.GNFS.CD_rank	9.03702391337943e-09	0.000187154636253862	0.000572191493419798
SE.PRM.ENRR.MA_rank	8.97658902531863e-09	0.000139572949070677	0.000381460995613199
consumption_efficiency_delta1	8.95640015995887e-09	0.000205129940300843	0.000381460995613199
BM.TRF.PWKR.CD.DT_avg2	8.91768117831735e-09	0.00052762804232021	0.000762921991226397
NE.CON.TOTL.CD_ratioavg2	8.73456584619037e-09	0.000415546734733151	0.000572191493419798
DC.DAC.GBRL.CD	8.69075206663393e-09	8.88191494086125e-05	0.000190730497806599
SE.PRM.ENRL_delta1	8.51641442540559e-09	0.00197199659103646	0.00209803547587259
SP.POP.0014.FE.ZS_delta1	8.37938784094177e-09	6.13275079249944e-05	0.000190730497806599
NE.EXP.GNFS.CD_tend2	8.23247036398567e-09	0.0008617572234288	0.000572191493419798
SE.PRM.ENRL.FE.ZS	8.04842438495707e-09	0.000220990502695238	0.000572191493419798
AG.LND.TOTL.K2_delta1	8.04193713357119e-09	0.000561463908761586	0.000762921991226397
ER.H2O.INTR.PC_ratiomax2	7.92744601816387e-09	0.00117685372966412	0.000572191493419798
SP.POP.BRTH.MF_delta1	7.91770436783053e-09	0.000274916414836182	0.000190730497806599
ER.FSH.AQUA.MT_delta1	7.85006213119696e-09	4.86390580094783e-05	0.000190730497806599
ER.FSH.PROD.MT_delta1	7.84730693553024e-09	0.000275973785662475	0.000381460995613199
FS.AST.PRVT.GD.ZS_delta1	7.6577922148108e-09	3.48932372676692e-05	0.000190730497806599
SP.POP.0004.FE.5Y_lag1	7.58756712585914e-09	0.000389112464075826	0.000190730497806599
NY.GDP.COAL.RT.ZS_isNA_rank	7.5365333338038e-09	0.00132911512865031	0.0013351134846462
SP.DYN.LE00.FE.IN_lag1	7.51710287685046e-09	0.00218135601464247	0.0013351134846462
NV.IND.MANF.ZS_delta1	7.4772958768383e-09	3.91227205728412e-05	0.000190730497806599
NE.IMP.GNFS.KD_isNA_rank	7.34584578748035e-09	0.00199737349086749	0.00152584398245279
TM.VAL.FOOD.ZS.UN_rank	7.34524180729782e-09	7.40159578405104e-05	0.000190730497806599
NE.CON.PRVT.CD	7.23903464422873e-09	4.54669455305993e-05	0.000190730497806599
NE.TRD.GNFS.ZS_rank	7.13212569904403e-09	0.000156490882291365	0.000190730497806599
AG.PRD.CREL.MT_rank	7.13170012586849e-09	8.03601827982685e-05	0.000190730497806599
SP.POP.TOTL_lag1	7.10228272479582e-09	5.81553954461153e-05	0.000190730497806599
EN.GHG.CH4.FE.MT.CE.AR5_ratiomax2	7.09131893032957e-09	0.000213588906911187	0.000190730497806599
BM.TRF.PWKR.CD.DT_tend2	7.08019703956486e-09	5.92127662724083e-05	0.000190730497806599
YearsSinceFirst_lag1	7.07345007034309e-09	0.000572037617024516	0.000381460995613199
DT.ODA.ODAT.CD_isNA_rank	7.03974035763925e-09	0.000174466186338346	0.000381460995613199
EN.GHG.N2O.FE.MT.CE.AR5_ratiomax2	6.96175947331268e-09	0.000839552436076647	0.000572191493419798
AG.LND.ARBL.HA_delta1	6.92952508430184e-09	0.000598471887681841	0.000762921991226397
FP.CPI.TOTL.ZG_isNA_rank	6.90406116065597e-09	0.000144859803202142	0.000381460995613199
NV.AGR.TOTL.KD.ZG_isNA_rank	6.7792197715606e-09	0.00146551596524211	0.0013351134846462
trade_balance_ratio_rank	6.76929917497408e-09	0.000127941869981454	0.000381460995613199
BG.GSR.NFSV.GD.ZS_delta1	6.75253263740736e-09	9.09338910611985e-05	0.000381460995613199
EN.GHG.CH4.PI.MT.CE.AR5_delta1	6.73374278892775e-09	0.000124769757502575	0.000190730497806599
EG.ELC.PETR.ZS_ratioavg2	6.71575152207791e-09	0.000244252660873684	0.000381460995613199
BX.GSR.GNFS.CD_ratioavg2	6.71505571453172e-09	0.000272801673183596	0.000572191493419798
trade_balance_ratio_lag1	6.67382097419678e-09	0.000523398559015038	0.0013351134846462
TX.VAL.MRCH.R5.ZS_lag1	6.63231344306486e-09	6.02701370987013e-05	0.000190730497806599
EG.ELC.COAL.ZS_avg2	6.62099531067384e-09	3.59506080939622e-05	0.000190730497806599
DC.DAC.CANL.CD_delta1	6.54241317785171e-09	0.000131113982460333	0.000190730497806599
NE.GDI.FTOT.CD_rank	6.45259196078779e-09	5.39259121409433e-05	0.000190730497806599
EG.ELC.PETR.ZS_rank	6.40585152547568e-09	0.000162835107249123	0.000381460995613199
SE.SEC.ENRL.GC	6.39800502094923e-09	0.000113138678413352	0.000381460995613199
EG.ELC.HYRO.ZS_min2	6.25531622771666e-09	0.000793028119719754	0.000762921991226397
NE.IMP.GNFS.KD.ZG_isNA_rank	6.13042984982633e-09	0.000100450228497836	0.000190730497806599
FM.LBL.BMNY.GD.ZS	6.1156929424286e-09	0.000158605623943951	0.000381460995613199
BM.KLT.DINV.CD.WD_lag1	6.10651171676012e-09	0.000544545975540898	0.000572191493419798
SP.DYN.TFRT.IN	6.05266439468555e-09	0.000185039894601276	0.000190730497806599
EN.GHG.CH4.PI.MT.CE.AR5_tend2	6.00826920766155e-09	4.44095747043062e-05	0.000190730497806599
AG.LND.CROP.ZS_max2	5.95552846632365e-09	6.87291037090454e-05	0.000190730497806599
EN.GHG.CO2.PI.MT.CE.AR5_tend2	5.88056784173399e-09	6.23848787512873e-05	0.000190730497806599
AG.PRD.CREL.MT_ratiomax2	5.72027382087866e-09	5.81553954461153e-05	0.000190730497806599
DC.DAC.FRAL.CD_lag1	5.70337406190344e-09	0.00016177773642283	0.000381460995613199
NE.DAB.TOTL.CD_isNA_rank	5.7021446793499e-09	8.45896661034405e-05	0.000190730497806599
TX.VAL.MRCH.HI.ZS	5.68120984555329e-09	0.000303465427146093	0.000381460995613199
EN.GHG.CH4.BU.MT.CE.AR5_ratioavg2	5.65364381417935e-09	0.000345760260197813	0.000381460995613199
ER.H2O.INTR.PC_min2	5.574837635004e-09	6.13275079249944e-05	0.000190730497806599
TX.VAL.OTHR.ZS.WT_isNA_rank	5.56236089572795e-09	3.80653497465482e-05	0.000190730497806599
SE.SEC.ENRR.FE_rank	5.43344290065465e-09	0.000168121961380588	0.000381460995613199
EN.GHG.CO2.PC.CE.AR5_tend2	5.39011499290286e-09	0.000895593089870176	0.000572191493419798
SH.STA.MMRT_delta1	5.37087766928049e-09	0.000248482144178856	0.000381460995613199
AG.PRD.CROP.XD_ratiomax2	5.25306892645967e-09	3.48932372676692e-05	0.000190730497806599
DC.DAC.GBRL.CD_ratioavg2	5.16434513439203e-09	0.000370079789202552	0.000762921991226397
NY.ADJ.DKAP.CD_isNA_rank	5.14084801817409e-09	0.000822634502855959	0.0013351134846462
TX.VAL.FOOD.ZS.UN	5.0929716068129e-09	0.000393341947380998	0.000190730497806599
BX.KLT.DINV.CD.WD_tend2	5.07145626317034e-09	3.59506080939622e-05	0.000190730497806599
NE.CON.PRVT.PC.KD_isNA_rank	4.81442063553476e-09	8.24749244508545e-05	0.000190730497806599
IT.MLT.MAIN.P2_ratiomax2	4.80001778699445e-09	3.38358664413762e-05	0.000190730497806599
DT.ODA.ODAT.PC.ZS_max2	4.79085532520806e-09	0.000271744302357303	0.000381460995613199
BM.GSR.CMCP.ZS_isNA_rank	4.78054436734641e-09	0.000100450228497836	0.000190730497806599
FS.AST.PRVT.GD.ZS_avg2	4.77060865840251e-09	3.38358664413762e-05	0.000190730497806599
EN.GHG.CO2.FE.MT.CE.AR5	4.72604581002419e-09	0.000105737082629301	0.000381460995613199
SP.RUR.TOTL_delta1	4.60489156684372e-09	4.96964288357713e-05	0.000190730497806599
BM.KLT.DINV.WD.GD.ZS_isNA_rank	4.52858896204609e-09	3.80653497465482e-05	0.000190730497806599
NE.GDI.TOTL.ZS_rank	4.50920470135707e-09	0.000113138678413352	0.000190730497806599
FS.AST.PRVT.GD.ZS_max2	4.4856432974796e-09	8.67044077560265e-05	0.000190730497806599
BM.GSR.INSF.ZS_delta1	4.4453825124936e-09	0.00020407256947455	0.000190730497806599
EN.GHG.CO2.PI.MT.CE.AR5	4.42809762358199e-09	6.13275079249944e-05	0.000190730497806599
FI.RES.TOTL.MO_isNA_rank	4.41295086933928e-09	0.000138515578244384	0.000381460995613199
NV.AGR.TOTL.CN_delta1	4.38632527253296e-09	4.75816871831853e-05	0.000190730497806599
IS.AIR.GOOD.MT.K1_ratiomax2	4.34613991648586e-09	0.000198785715343085	0.000381460995613199
DC.DAC.USAL.CD_ratiomax2	4.33628084288432e-09	0.000266457448225837	0.000381460995613199
NE.IMP.GNFS.CN_delta1	4.30823121607413e-09	7.61306994930964e-05	0.000190730497806599
AG.LND.CREL.HA	4.27712668851397e-09	7.50733286668034e-05	0.000190730497806599
AG.LND.AGRI.K2_lag1	4.23986772207775e-09	0.0020565862571399	0.000953652489032996
DT.ODA.ODAT.KD_max2	4.23625373995364e-09	7.71880703193894e-05	0.000190730497806599
YearsSinceFirst_rank	4.18941937751652e-09	0.000105737082629301	0.000381460995613199
NE.CON.TOTL.CD_tend2	4.17184880078067e-09	0.000109966565934473	0.000190730497806599
ER.FSH.PROD.MT_ratiomax2	4.10678022481993e-09	6.23848787512873e-05	0.000190730497806599
SP.POP.1014.FE.5Y_lag1	4.04112706022064e-09	0.00035527659763445	0.000190730497806599
DC.DAC.CECL.CD_isNA_rank	4.01136846240353e-09	0.00182290730452914	0.0013351134846462
NY.ADJ.DRES.GN.ZS_isNA_rank	3.94529956256151e-09	9.51633743663705e-05	0.000190730497806599
SH.IMM.IDPT_delta1	3.92699845109473e-09	0.00091462576474345	0.0011443829868396
AG.PRD.CREL.MT_delta1	3.87908231818217e-09	0.000186097265427569	0.000381460995613199
BM.KLT.DINV.CD.WD_avg2	3.86252745505005e-09	0.000208302052779722	0.000381460995613199
FP.CPI.TOTL_rank	3.83518112464312e-09	9.41060035400775e-05	0.000190730497806599
FS.AST.CGOV.GD.ZS_isNA_rank	3.80391118696363e-09	0.000348932372676692	0.000381460995613199
EN.GHG.CO2.FE.MT.CE.AR5_ratiomax2	3.77583319890113e-09	3.70079789202552e-05	0.000190730497806599
TM.VAL.INSF.ZS.WT_rank	3.71425905667714e-09	0.000111023936760766	0.000190730497806599
EN.GHG.CH4.FE.MT.CE.AR5	3.7138589903172e-09	6.55569912301664e-05	0.000190730497806599
BX.TRF.PWKR.DT.GD.ZS_delta1	3.64630016786436e-09	0.000244252660873684	0.000190730497806599
EG.USE.ELEC.KH.PC_isNA_rank	3.64493291063192e-09	0.000163892478075416	0.000190730497806599
EN.GHG.CH4.AG.MT.CE.AR5_tend2	3.60394457819969e-09	0.000261170594094372	0.000381460995613199
SP.POP.1564.TO.ZS_lag1	3.59929156630179e-09	0.000292891718883163	0.000190730497806599
SP.POP.2529.MA.5Y_rank	3.59364720673869e-09	0.000208302052779722	0.000381460995613199
SE.PRM.ENRR.FE	3.56759104671818e-09	0.00017235144468576	0.000572191493419798
SM.POP.NETM	3.53983839622157e-09	7.82454411456824e-05	0.000190730497806599
SH.DYN.MORT.FE_delta1	3.53564700598297e-09	5.92127662724083e-05	0.000190730497806599
NV.IND.MANF.ZS_rank	3.49689610312184e-09	0.000404973026470221	0.000572191493419798
TM.VAL.SERV.CD.WT_isNA_rank	3.37122530448024e-09	0.000371137160028845	0.000572191493419798
AG.LND.AGRI.K2_ratioavg2	3.36699260928574e-09	0.000171294073859467	0.000381460995613199
NV.IND.MANF.KD_isNA_rank	3.34171409117813e-09	0.000351047114329278	0.000381460995613199
SP.POP.1564.TO_delta1	3.33943686106494e-09	0.000303465427146093	0.000190730497806599
NE.GDI.TOTL.ZS	3.28500968261294e-09	9.83354868452495e-05	0.000190730497806599
NY.ADJ.AEDU.GN.ZS_delta1	3.26082333302946e-09	0.000123712386676282	0.000381460995613199
AG.LND.ARBL.HA_ratiomax2	3.23244243357932e-09	9.30486327137845e-05	0.000190730497806599
NE.DAB.TOTL.CD	3.23142606740469e-09	4.33522038780132e-05	0.000190730497806599
EN.GHG.CO2.PI.MT.CE.AR5_min2	3.20909933127678e-09	0.00022521998600041	0.000381460995613199
PA.NUS.ATLS_lag1	3.10748822062887e-09	0.000131113982460333	0.000190730497806599
DT.ODA.ALLD.CD_tend2	3.07573338416655e-09	8.67044077560265e-05	0.000190730497806599
TX.VAL.AGRI.ZS.UN_lag1	3.04598944989602e-09	8.98765202349055e-05	0.000190730497806599
EN.URB.MCTY.TL.ZS_ratioavg2	2.95458497193605e-09	0.000195613602864206	0.000572191493419798
EN.GHG.N2O.PI.MT.CE.AR5_lag1	2.88135972997149e-09	0.000132171353286626	0.000190730497806599
AG.LND.ARBL.ZS_ratioavg2	2.87522723300682e-09	0.00049590691753142	0.000381460995613199
FP.CPI.TOTL_lag1	2.82601798281612e-09	9.62207451926635e-05	0.000190730497806599
SP.POP.0014.TO_rank	2.81428254973029e-09	0.000101507599324129	0.000190730497806599
NE.CON.GOVT.ZS	2.78944195607153e-09	0.000226277356826703	0.000381460995613199
EG.USE.ELEC.KH.PC_ratioavg2	2.78489135920855e-09	0.000483218467615904	0.000572191493419798
EN.POP.DNST_tend2	2.73148995400563e-09	3.80653497465482e-05	0.000190730497806599
AG.PRD.FOOD.XD_tend2	2.62837261993851e-09	0.00020407256947455	0.000381460995613199
longevity_per_gdp	2.62594527876866e-09	3.91227205728412e-05	0.000190730497806599
SE.SEC.ENRL.GC.FE.ZS_lag1	2.5792553400577e-09	0.000296063831362042	0.000381460995613199
BM.GSR.FCTY.CD_min2	2.56097861517474e-09	0.000301350685493507	0.000381460995613199
TM.VAL.SERV.CD.WT_delta1	2.55071602834628e-09	3.48932372676692e-05	0.000190730497806599
EN.GHG.CO2.RT.GDP.KD_avg2	2.45072258981636e-09	0.000229449469305582	0.000572191493419798
AG.LND.ARBL.HA.PC_min2	2.44178967500839e-09	0.000174466186338346	0.000381460995613199
TX.VAL.TRVL.ZS.WT_lag1	2.44105146381747e-09	0.00039757143068617	0.000381460995613199
NY.GNP.PCAP.CD_isNA_rank	2.4074584921894e-09	0.000123712386676282	0.000190730497806599
AG.PRD.CROP.XD_lag1	2.36641297048931e-09	0.000124769757502575	0.000190730497806599
FM.AST.PRVT.GD.ZS_isNA_rank	2.33684069019401e-09	6.76717328827524e-05	0.000190730497806599
IS.AIR.DPRT_tend2	2.31936484485212e-09	4.86390580094783e-05	0.000190730497806599
EG.ELC.HYRO.ZS_rank	2.29445479682386e-09	7.40159578405104e-05	0.000190730497806599
EN.GHG.CH4.IC.MT.CE.AR5_lag1	2.24233081488291e-09	8.77617785823195e-05	0.000190730497806599
SP.POP.2529.FE.5Y	2.23445954946443e-09	0.00042929255547496	0.000381460995613199
SP.POP.2024.MA.5Y_delta1	2.20034542950255e-09	0.000154376140638779	0.000381460995613199
AG.PRD.LVSK.XD_tend2	2.18582396924303e-09	0.000189269377906448	0.000381460995613199
DC.DAC.JPNL.CD_min2	2.11514986842042e-09	0.000524455929841331	0.000381460995613199
BX.TRF.CURR.CD_avg2	2.11136319781218e-09	7.82454411456824e-05	0.000190730497806599
SE.SEC.ENRR.FE_isNA_rank	2.07286324481909e-09	0.000139572949070677	0.000381460995613199
EG.ELC.FOSL.ZS	1.99085825730004e-09	0.000201957827821964	0.000381460995613199
EG.ELC.FOSL.ZS_ratioavg2	1.98553508918862e-09	8.67044077560265e-05	0.000190730497806599
AG.LND.TOTL.K2_tend2	1.94902097679203e-09	0.00104891185968266	0.000953652489032996
NY.GDP.FCST.CD_isNA_rank	1.90422602500895e-09	0.000104679711803008	0.000190730497806599
EN.GHG.N2O.FE.MT.CE.AR5_max2	1.88005182563155e-09	0.000228392098479289	0.000381460995613199
NV.SRV.TOTL.ZS_lag1	1.87362876137158e-09	7.08438453616314e-05	0.000190730497806599
NV.SRV.TOTL.KD.ZG_delta1	1.86553698263852e-09	0.000290776977230577	0.000572191493419798
NE.GDI.TOTL.ZS_delta1	1.86546152497572e-09	0.000164949848901709	0.000190730497806599
MS.MIL.XPND.CD_min2	1.83273225922027e-09	0.000201957827821964	0.000190730497806599
SP.URB.GROW	1.79051974325884e-09	0.000144859803202142	0.000190730497806599
AG.LND.AGRI.K2	1.7622190121897e-09	0.000132171353286626	0.000381460995613199
SG.LAW.INDX	1.71670933817792e-09	8.14175536245615e-05	0.000190730497806599
TM.VAL.AGRI.ZS.UN_delta1	1.70746534643075e-09	0.00224056878091488	0.00190730497806599
TM.VAL.MRCH.HI.ZS_lag1	1.70686589037332e-09	0.000188212007080155	0.000381460995613199
FI.RES.TOTL.MO_min2	1.69806776242592e-09	0.000170236703033174	0.000190730497806599
NY.GDP.FCST.CD_rank	1.69769124965695e-09	6.13275079249944e-05	0.000190730497806599
TM.VAL.MRCH.WL.CD_delta1	1.66255592713521e-09	0.000118425532544817	0.000381460995613199
NE.CON.PRVT.KD.ZG_tend2	1.66110585892376e-09	5.70980246198223e-05	0.000190730497806599
SE.PRM.ENRR.MA_isNA_rank	1.6525975729934e-09	0.000739102207578811	0.000762921991226397
demographic_pressure	1.64336058348018e-09	4.33522038780132e-05	0.000190730497806599
NV.AGR.TOTL.ZS	1.63659304795214e-09	0.000314039135409023	0.000572191493419798
NE.CON.PRVT.ZS_lag1	1.62505536278583e-09	0.000709495824442607	0.000762921991226397
EN.GHG.CH4.WA.MT.CE.AR5	1.6162340132833e-09	0.000156490882291365	0.000381460995613199
FI.RES.TOTL.MO_ratioavg2	1.58882237504184e-09	0.00236005168428599	0.00228876597367919
SE.SEC.ENRL.GC.FE.ZS	1.56843229750418e-09	0.000631250383296925	0.000762921991226397
AG.CON.FERT.ZS_max2	1.54924227225717e-09	0.000113138678413352	0.000190730497806599
NV.SRV.TOTL.KD_isNA_rank	1.50832187182819e-09	0.000103622340976715	0.000190730497806599
BM.GSR.GNFS.CD_lag1	1.49438274179125e-09	0.00078456915310941	0.000381460995613199
DT.ODA.ODAT.PC.ZS	1.48721975008784e-09	0.00059107029189779	0.000381460995613199
TX.VAL.MMTL.ZS.UN_lag1	1.48475123770773e-09	0.000823691873682252	0.000953652489032996
EN.GHG.CO2.IC.MT.CE.AR5_ratiomax2	1.46103591236989e-09	0.000279145898141354	0.000190730497806599
TM.VAL.MRCH.WR.ZS_rank	1.45198237157982e-09	9.62207451926635e-05	0.000190730497806599
health_coverage_efficiency_delta1	1.42374134311904e-09	0.00108169035529774	0.0011443829868396
SP.DYN.CDRT.IN_delta1	1.40379953733527e-09	4.12374622254272e-05	0.000190730497806599
NY.GDP.MKTP.KD.ZG_lag1	1.39499486034062e-09	6.66143620564594e-05	0.000190730497806599
AG.LND.ARBL.ZS_max2	1.3869130487979e-09	0.000382768239118068	0.000381460995613199
FM.AST.DOMS.CN_isNA_rank	1.37541281411614e-09	0.000385940351596947	0.000762921991226397
health_coverage_efficiency_lag1	1.37176205778121e-09	0.000101507599324129	0.000190730497806599
BM.GSR.TRAN.ZS	1.35456609803749e-09	7.71880703193894e-05	0.000190730497806599
NE.CON.GOVT.CD_ratioavg2	1.34425180820444e-09	4.65243163568923e-05	0.000190730497806599
EG.ELC.NGAS.ZS	1.33797586771641e-09	0.000326727585324539	0.000190730497806599
NE.CON.GOVT.CD_min2	1.32686764952402e-09	8.56470369297335e-05	0.000190730497806599
IT.MLT.MAIN.P2	1.29276595623567e-09	5.60406537935293e-05	0.000190730497806599
SE.TER.ENRR_rank	1.27694150486032e-09	0.00044303837621677	0.000572191493419798
EN.POP.DNST_ratioavg2	1.27078337541303e-09	0.000539259121409433	0.000381460995613199
SP.DYN.TO65.FE.ZS	1.26709920601138e-09	0.000117368161718524	0.000190730497806599
AG.LND.ARBL.HA.PC_max2	1.25209855584247e-09	0.000154376140638779	0.000190730497806599
MS.MIL.XPND.GD.ZS_delta1	1.23661415943688e-09	0.000287604864751698	0.000572191493419798
NE.DAB.TOTL.CD_ratioavg2	1.23421548471069e-09	0.000308752281277558	0.000572191493419798
SH.DYN.MORT.FE_rank	1.22614192410579e-09	0.000146974544854728	0.000190730497806599
NV.SRV.TOTL.CD_delta1	1.22523735131663e-09	0.000234736323437047	0.000190730497806599
ER.FSH.CAPT.MT_max2	1.2173799882616e-09	0.000164949848901709	0.000190730497806599
NY.GDP.MKTP.KN_lag1	1.1443954525073e-09	0.000148031915681021	0.000190730497806599
AG.LND.AGRI.K2_rank	1.13566465336143e-09	6.44996204038734e-05	0.000190730497806599
BX.KLT.DINV.WD.GD.ZS_ratioavg2	1.09953070166802e-09	0.000275973785662475	0.000381460995613199
DT.NFL.UNDP.CD	1.09172066122413e-09	0.000123712386676282	0.000190730497806599
TX.VAL.MMTL.ZS.UN	1.08583538361209e-09	0.000602701370987013	0.000572191493419798
DC.DAC.CANL.CD_min2	1.05363358544657e-09	0.000336243922761176	0.000190730497806599
NY.GDS.TOTL.CD_rank	9.86655100496348e-10	8.98765202349055e-05	0.000190730497806599
NE.EXP.GNFS.CN_isNA_rank	9.82809660806221e-10	7.50733286668034e-05	0.000190730497806599
SP.POP.3034.MA.5Y	9.43278577558299e-10	6.02701370987013e-05	0.000190730497806599
SP.POP.TOTL.MA.ZS	9.38833677434838e-10	0.000446210488695649	0.000572191493419798
BX.TRF.PWKR.CD.DT_max2	9.30606056238205e-10	4.65243163568923e-05	0.000190730497806599
IS.AIR.PSGR_avg2	9.24849817117961e-10	0.000283375381446526	0.000381460995613199
NE.CON.PRVT.KD.ZG_avg2	9.24122459967514e-10	0.000493792175878834	0.000762921991226397
NE.CON.TOTL.KD_tend2	9.10947597281524e-10	5.81553954461153e-05	0.000190730497806599
NV.IND.MANF.CD_rank	9.084195501483e-10	0.000223105244347824	0.000190730497806599
TM.VAL.FUEL.ZS.UN_rank	9.07709380656392e-10	9.41060035400775e-05	0.000190730497806599
NE.CON.GOVT.CD_avg2	9.05015769012921e-10	8.88191494086125e-05	0.000190730497806599
BX.TRF.PWKR.DT.GD.ZS_min2	8.9155759181422e-10	0.000100450228497836	0.000190730497806599
NY.GNP.MKTP.CN_lag1	8.86838371346556e-10	0.000149089286507314	0.000190730497806599
TX.VAL.MRCH.R4.ZS_delta1	8.81768949194481e-10	0.00018292515294869	0.000190730497806599
EN.GHG.CH4.FE.MT.CE.AR5_ratioavg2	8.64708681113915e-10	0.000273859044009889	0.000381460995613199
FP.CPI.TOTL_tend2	8.13770134172602e-10	0.000134286094939212	0.000190730497806599
BX.GSR.FCTY.CD_lag1	7.69428861892832e-10	0.000740159578405104	0.000381460995613199
NY.GDP.DEFL.KD.ZG_lag1	7.64613789799439e-10	0.000390169834902119	0.000190730497806599
EG.ELC.HYRO.ZS_ratiomax2	7.57727007036096e-10	4.33522038780132e-05	0.000190730497806599
EN.URB.LCTY_tend2	7.45683653834055e-10	0.000145917174028435	0.000190730497806599
FS.AST.PRVT.GD.ZS	7.44523553306665e-10	5.49832829672363e-05	0.000190730497806599
BM.GSR.FCTY.CD_max2	7.41830516141023e-10	9.93928576715425e-05	0.000190730497806599
TG.VAL.TOTL.GD.ZS_lag1	7.36024728308049e-10	7.19012161879244e-05	0.000190730497806599
SP.POP.0509.FE.5Y_delta1	7.35967855003003e-10	0.000135343465765505	0.000190730497806599
BX.GSR.TOTL.CD_max2	7.22633190537484e-10	0.00018292515294869	0.000190730497806599
EG.USE.ELEC.KH.PC_delta1	7.08329956452684e-10	0.000111023936760766	0.000190730497806599
SP.POP.TOTL.FE.ZS_rank	7.05610468173514e-10	0.00028126063979394	0.000381460995613199
AG.LND.ARBL.HA_min2	7.02603733798993e-10	9.41060035400775e-05	0.000190730497806599
NE.GDI.TOTL.CD_rank	6.84807186209201e-10	0.000257998481615493	0.000381460995613199
NE.IMP.GNFS.KD.ZG	6.84291707253459e-10	0.000649225687343906	0.000381460995613199
SP.POP.DPND.OL_delta1	6.8422819872949e-10	5.18111704883573e-05	0.000190730497806599
SP.POP.7074.MA.5Y	6.68156032514384e-10	8.24749244508545e-05	0.000190730497806599
SP.DYN.LE00.FE.IN_delta1	6.62535477876319e-10	0.000122655015849989	0.000381460995613199
BX.TRF.PWKR.DT.GD.ZS	6.53184221132477e-10	6.66143620564594e-05	0.000190730497806599
IT.MLT.MAIN_delta1	6.46656257220974e-10	9.83354868452495e-05	0.000190730497806599
AG.LND.ARBL.HA.PC_lag1	6.44432798232557e-10	0.00014063031989697	0.000190730497806599
NY.GDP.FCST.CN_rank	6.34147002499812e-10	5.49832829672363e-05	0.000190730497806599
AG.LND.CREL.HA_ratiomax2	6.18424635834636e-10	9.93928576715425e-05	0.000190730497806599
FS.AST.CGOV.GD.ZS_tend2	6.10358866585282e-10	0.000389112464075826	0.000572191493419798
EG.ELC.HYRO.ZS_avg2	6.04727518832807e-10	0.00256835373706571	0.00190730497806599
EN.GHG.N2O.IP.MT.CE.AR5_delta1	6.01318151012746e-10	0.000159662994770244	0.000381460995613199
EG.USE.PCAP.KG.OE_avg2	5.92049669343054e-10	0.000183982523774983	0.000190730497806599
SH.IMM.MEAS_delta1	5.87122645882783e-10	0.000164949848901709	0.000381460995613199
FI.RES.XGLD.CD_tend2	5.66037198361418e-10	7.50733286668034e-05	0.000190730497806599
SE.PRM.ENRR.FE_rank	5.63430792452352e-10	3.48932372676692e-05	0.000190730497806599
NE.IMP.GNFS.KD_lag1	5.32928719791204e-10	0.000392284576554705	0.000190730497806599
EN.URB.LCTY_rank	5.2480950974183e-10	5.70980246198223e-05	0.000190730497806599
DC.DAC.GBRL.CD_min2	5.23559216195326e-10	9.51633743663705e-05	0.000190730497806599
EG.USE.PCAP.KG.OE_ratiomax2	5.16153794848181e-10	5.18111704883573e-05	0.000190730497806599
EN.GHG.CH4.AG.MT.CE.AR5_ratioavg2	5.08442334799712e-10	0.000469472646874095	0.000572191493419798
EN.GHG.CO2.RT.GDP.KD	5.05303459753118e-10	0.000104679711803008	0.000190730497806599
EN.GHG.N2O.IC.MT.CE.AR5_ratioavg2	4.70937538977919e-10	0.000126884499155161	0.000381460995613199
FD.AST.PRVT.GD.ZS_tend2	4.70332322994838e-10	4.44095747043062e-05	0.000190730497806599
IS.AIR.DPRT_delta1	4.67860344897701e-10	0.000211474165258601	0.000381460995613199
DC.DAC.CANL.CD_avg2	4.67238932230336e-10	0.000303465427146093	0.000190730497806599
NV.IND.TOTL.ZS	4.63515052048774e-10	7.50733286668034e-05	0.000190730497806599
BM.GSR.GNFS.CD_min2	4.60935416806528e-10	0.000250596885831442	0.000190730497806599
SP.POP.0014.TO.ZS	4.41324840576874e-10	6.97864745353384e-05	0.000190730497806599
NY.ADJ.DNGY.CD_rank	4.408185245425e-10	0.000208302052779722	0.000190730497806599
NY.GDP.MKTP.KD.ZG_delta1	4.32036596869873e-10	0.000167064590554295	0.000190730497806599
NY.GDP.DEFL.ZS_rank	4.29092110758584e-10	6.76717328827524e-05	0.000190730497806599
NE.CON.PRVT.PC.KD_delta1	4.26814909369287e-10	0.000123712386676282	0.000190730497806599
BX.PEF.TOTL.CD.WD_avg2	4.26716731108352e-10	0.000243195290047391	0.000381460995613199
BM.GSR.FCTY.CD_delta1	4.18818781194724e-10	0.000186097265427569	0.000190730497806599
TX.VAL.MRCH.R4.ZS_lag1	4.05789182408707e-10	0.000274916414836182	0.000572191493419798
AG.PRD.FOOD.XD_ratioavg2	3.83043308014311e-10	0.00104573974720378	0.000953652489032996
NE.CON.GOVT.ZS_ratioavg2	3.82754499299995e-10	9.19912618874915e-05	0.000190730497806599
SP.POP.TOTL.MA.ZS_lag1	3.7143484454273e-10	0.000240023177568512	0.000190730497806599
TM.VAL.MRCH.OR.ZS	3.51450024731533e-10	0.000392284576554705	0.000190730497806599
BX.GSR.TRAN.ZS	3.44915712840022e-10	5.07537996620643e-05	0.000190730497806599
NE.CON.GOVT.ZS_rank	3.42316430456033e-10	0.000271744302357303	0.000190730497806599
NE.EXP.GNFS.KD	3.40245229635154e-10	0.000125827128328868	0.000381460995613199
DT.NFL.UNDP.CD_delta1	3.39290311045278e-10	3.80653497465482e-05	0.000190730497806599
NV.AGR.TOTL.ZS_lag1	3.39062690811633e-10	0.000404973026470221	0.000572191493419798
NY.ADJ.DNGY.CD	3.03239012349479e-10	9.09338910611985e-05	0.000190730497806599
EN.GHG.CO2.MT.CE.AR5_lag1	3.00492060439608e-10	4.86390580094783e-05	0.000190730497806599
SE.PRM.ENRL.FE.ZS_lag1	2.99599235722047e-10	5.49832829672363e-05	0.000190730497806599
TX.VAL.MRCH.HI.ZS_delta1	2.93081411344222e-10	9.09338910611985e-05	0.000190730497806599
SE.PRM.TCHR_rank	2.89628340011135e-10	9.19912618874915e-05	0.000190730497806599
NE.CON.PRVT.ZS_tend2	2.74741706636422e-10	0.000280203268967647	0.000381460995613199
SP.POP.0014.TO_delta1	2.66126969066774e-10	0.000133228724112919	0.000190730497806599
DT.ODA.ODAT.KD_isNA_rank	2.6316139961917e-10	8.14175536245615e-05	0.000190730497806599
AG.LND.AGRI.ZS_delta1	2.27868986135158e-10	0.000102564970150422	0.000190730497806599
AG.PRD.CROP.XD_tend2	2.27438687879474e-10	0.000104679711803008	0.000190730497806599
TX.VAL.MRCH.WR.ZS	2.21129433736324e-10	0.00164526900571192	0.000762921991226397
EN.URB.MCTY.TL.ZS_lag1	2.20818189951704e-10	6.97864745353384e-05	0.000190730497806599
SE.PRM.ENRL.FE.ZS_isNA_rank	2.19051661652063e-10	0.000794085490546047	0.000762921991226397
SP.DYN.CBRT.IN_delta1	2.05337593178381e-10	0.000981240126799909	0.000762921991226397
NY.ADJ.AEDU.GN.ZS_lag1	2.01854853543723e-10	0.000519169075709866	0.000381460995613199
FM.AST.PRVT.GD.ZS_lag1	1.96960886906591e-10	5.07537996620643e-05	0.000190730497806599
EN.URB.MCTY.TL.ZS_delta1	1.96138521894727e-10	0.000135343465765505	0.000190730497806599
NY.GDS.TOTL.CD_delta1	1.92670844462844e-10	0.000105737082629301	0.000190730497806599
IT.CEL.SETS.P2_lag1	1.86676728435659e-10	9.72781160189565e-05	0.000190730497806599
DT.ODA.ODAT.GN.ZS_avg2	1.80557397784723e-10	0.000249539515005149	0.000381460995613199
BX.GSR.CMCP.ZS_ratiomax2	1.750043012057e-10	5.70980246198223e-05	0.000190730497806599
DT.ODA.ALLD.CD_delta1	1.74450791817694e-10	0.000120540274197403	0.000190730497806599
TM.VAL.MRCH.CD.WT_lag1	1.62140923988948e-10	0.000389112464075826	0.000190730497806599
SP.POP.3539.FE.5Y_delta1	1.60958160311214e-10	0.000138515578244384	0.000190730497806599
EG.ELC.HYRO.ZS_max2	1.4966138418958e-10	0.00183982523774983	0.0011443829868396
BX.TRF.CURR.CD_lag1	1.41524034946662e-10	0.000247424773352563	0.000190730497806599
BM.GSR.NFSV.CD_max2	1.37534200254277e-10	4.75816871831853e-05	0.000190730497806599
TM.VAL.TRVL.ZS.WT_isNA_rank	1.33899321050335e-10	0.000168121961380588	0.000190730497806599
BM.GSR.CMCP.ZS	1.31163916144822e-10	6.02701370987013e-05	0.000190730497806599
SP.URB.GROW_lag1	1.23158556829649e-10	0.000373251901681431	0.000381460995613199
SP.DYN.TO65.FE.ZS_delta1	1.21321221444749e-10	0.000574152358677102	0.000762921991226397
EN.GHG.N2O.IC.MT.CE.AR5_min2	1.17303087435947e-10	3.59506080939622e-05	0.000190730497806599
IT.MLT.MAIN_min2	1.16062524107667e-10	0.000279145898141354	0.000190730497806599
IT.MLT.MAIN.P2_min2	1.11833584561981e-10	0.000190326748732741	0.000190730497806599
FD.AST.PRVT.GD.ZS_ratioavg2	1.01479871187932e-10	8.03601827982685e-05	0.000190730497806599
BM.GSR.GNFS.CD_delta1	1.00880453840435e-10	0.00013005661163404	0.000190730497806599
MS.MIL.XPND.CD_lag1	9.25708115718014e-11	0.000107851824281887	0.000190730497806599
EG.ELC.COAL.ZS_min2	9.02306617744182e-11	7.29585870142174e-05	0.000190730497806599
EN.GHG.CH4.AG.MT.CE.AR5_delta1	8.56157018516999e-11	0.000128999240807747	0.000190730497806599
BM.KLT.DINV.WD.GD.ZS	7.98729916843236e-11	6.97864745353384e-05	0.000190730497806599
SP.POP.0509.FE.5Y_lag1	7.71457300020332e-11	0.000349989743502985	0.000190730497806599
DC.DAC.CANL.CD_rank	7.20612565308455e-11	0.000170236703033174	0.000190730497806599
BX.GRT.TECH.CD.WD_rank	6.75250575184497e-11	8.14175536245615e-05	0.000190730497806599
EN.GHG.CO2.IP.MT.CE.AR5_min2	6.24097633117493e-11	6.13275079249944e-05	0.000190730497806599
SP.POP.GROW_lag1	6.13443421162681e-11	0.00032355547284566	0.000381460995613199
BG.GSR.NFSV.GD.ZS_lag1	5.81015745495867e-11	0.000167064590554295	0.000190730497806599
BX.KLT.DINV.CD.WD_min2	5.74333706630692e-11	9.09338910611985e-05	0.000190730497806599
AG.LND.AGRI.K2_avg2	5.38961490995292e-11	0.000392284576554705	0.000190730497806599
NV.IND.TOTL.KD.ZG_lag1	4.81769314848626e-11	0.000145917174028435	0.000190730497806599
SE.PRM.ENRR.MA	4.59219372541332e-11	0.00023579369426334	0.000190730497806599
AG.LND.AGRI.ZS_ratioavg2	4.34348647520457e-11	7.93028119719755e-05	0.000190730497806599
SH.MMR.RISK_delta1	4.25638414680859e-11	0.000135343465765505	0.000190730497806599
AG.PRD.CREL.MT_max2	3.99387291247211e-11	4.33522038780132e-05	0.000190730497806599
SE.PRM.ENRR.FE_lag1	3.93061931303965e-11	0.00014063031989697	0.000190730497806599
BX.GSR.TOTL.CD_lag1	3.7047881290206e-11	0.000216761019390066	0.000190730497806599
AG.PRD.CREL.MT	3.67833378405503e-11	6.76717328827524e-05	0.000190730497806599
NV.AGR.TOTL.CD_isNA_rank	3.24043626384257e-11	0.000136400836591798	0.000190730497806599
SP.POP.3034.MA.5Y_rank	3.20897390840482e-11	0.000180810411296104	0.000190730497806599
EN.GHG.N2O.TR.MT.CE.AR5_lag1	3.10695490413654e-11	6.76717328827524e-05	0.000190730497806599
TM.VAL.MRCH.CD.WT_delta1	2.61454841419121e-11	0.00019349886121162	0.000190730497806599
DT.ODA.ODAT.PC.ZS_lag1	2.49161482646979e-11	0.000168121961380588	0.000190730497806599
BM.GSR.MRCH.CD_tend2	2.39830831704757e-11	0.00017235144468576	0.000190730497806599
MS.MIL.XPND.GD.ZS_ratiomax2	1.76855728352215e-11	0.000303465427146093	0.000190730497806599
BM.GSR.NFSV.CD_lag1	1.55447722301463e-11	0.000138515578244384	0.000190730497806599
BM.GSR.MRCH.CD_min2	1.47681778416666e-11	0.000253768998310321	0.000190730497806599
BG.GSR.NFSV.GD.ZS_ratiomax2	8.56331193013705e-12	0.000127941869981454	0.000190730497806599
TM.VAL.MRCH.R3.ZS_rank	8.34314756596896e-12	0.00059107029189779	0.000381460995613199
MS.MIL.XPND.GD.ZS_lag1	2.51853817872525e-12	3.48932372676692e-05	0.000190730497806599
SE.PRM.ENRR_lag1	1.85106865888531e-12	0.000311924393756437	0.000190730497806599
NY.ADJ.DNGY.GN.ZS_delta1	9.55340689424995e-13	0.000153318769812486	0.000381460995613199
SP.POP.7074.MA.5Y_delta1	1.2072208545955e-14	0.000187154636253862	0.000190730497806599
