Feature	Gain	Cover	Frequency
NE.CON.PRVT.PC.KD	0.42174026558079	0.000912604533450704	0.000658713313327966
NY.GDP.PCAP.KD	0.314198115012678	0.0030304384903169	0.00168337846739369
EN.URB.LCTY_max2	0.0871442275457414	0.000721074493838028	0.000878284417770621
NY.GDP.DEFL.ZS	0.0207970534494599	0.000333888094190141	0.000658713313327966
NY.GDP.DEFL.ZS_lag1	0.0203359146073031	0.000324260013204225	0.00080509404962307
SH.IMM.IDPT_rank	0.00779084361593711	0.00117015569982394	0.000951474785918173
SG.LAW.INDX_lag1	0.00648656046882938	0.000119663292253521	0.000146380736295104
FP.CPI.TOTL_max2	0.00587693763930898	8.80281690140845e-05	0.000292761472590207
EG.ELC.PETR.ZS_lag1	0.00572094332588331	0.000928422095070422	0.000878284417770621
EG.ELC.PETR.ZS_avg2	0.00563134532315535	0.000524730413732394	0.000731903681475518
PA.NUS.ATLS	0.00470162329180188	0.000388217979753521	0.000585522945180414
MS.MIL.XPND.GD.ZS_max2	0.00400764964473516	0.000133417693661972	0.000219571104442655
trade_balance_ratio	0.00375217700185049	0.00135412081866197	0.00219571104442655
SE.ENR.PRIM.FM.ZS	0.00369907606263193	0.000439453125	0.000585522945180414
SH.DYN.MORT.FE	0.00291870774090783	0.0014067314040493	0.000878284417770621
SP.POP.BRTH.MF_lag1	0.002712487427676	0.000478309308978873	0.000512332577032862
EN.GHG.CH4.MT.CE.AR5_min2	0.00242278496724415	4.50456646126761e-05	7.31903681475518e-05
EN.GHG.CH4.WA.MT.CE.AR5_max2	0.00230135094348691	5.08912852112676e-05	0.000219571104442655
NY.ADJ.DMIN.CD_lag1	0.0021753170613177	0.000221789722711268	0.000439142208885311
SM.POP.RHCR.EO_lag1	0.002097873325398	0.00115193111795775	0.000878284417770621
EG.ELC.PETR.ZS_max2	0.00206610766480916	0.000830765845070423	0.000731903681475518
EN.URB.LCTY_tend2	0.00188117366925363	0.000361396897007042	0.000439142208885311
BG.GSR.NFSV.GD.ZS_max2	0.00188050923019925	0.000303284551056338	0.000585522945180414
SH.IMM.MEAS_rank	0.00177435496249648	0.000362084617077465	0.000292761472590207
BG.GSR.NFSV.GD.ZS	0.00177204476848805	0.000301565250880282	0.000512332577032862
SM.POP.RHCR.EO	0.00172313502954649	0.00229560959507042	0.00190294957183635
FP.CPI.TOTL_min2	0.00171809305464055	0.000366554797535211	0.000512332577032862
FP.CPI.TOTL_rank	0.00170938328478337	0.00020356514084507	0.000439142208885311
AG.CON.FERT.ZS_min2	0.00170682468629563	0.000210098481514085	0.000365951840737759
FS.AST.CGOV.GD.ZS_lag1	0.00160250452494674	0.000569776078345071	0.000731903681475518
PA.NUS.ATLS_lag1	0.0015262859886396	0.000232105523767606	0.000439142208885311
ER.FSH.AQUA.MT_min2	0.00149548125320395	8.18386883802817e-05	0.000146380736295104
IT.CEL.SETS.P2_min2	0.0013996913739427	0.000406442561619718	0.000731903681475518
SP.DYN.CDRT.IN_rank	0.00139723586500987	0.000244484485035211	0.000512332577032862
SH.DYN.MORT.FE_lag1	0.00138276513120914	0.000347986355633803	0.000365951840737759
SP.DYN.AMRT.MA	0.00137150039030441	0.00488865812059859	0.00270804362145942
SP.POP.6064.MA.5Y_delta1	0.00116397148593417	0.00148719465228873	0.00161018809924614
SH.DYN.NMRT	0.00114167360552203	0.00031463193221831	0.000219571104442655
NE.TRD.GNFS.ZS	0.00111680598586522	0.0060577822403169	0.00373270877552514
SP.DYN.AMRT.MA_lag1	0.00106701615570602	0.00284853653169014	0.0019761399399839
SP.POP.4549.FE.5Y_lag1	0.00104710544902524	0.0074187802596831	0.00387908951182025
NV.SRV.TOTL.ZS_rank	0.00100389852218161	0.00049378301056338	0.000292761472590207
EN.GHG.CH4.WA.MT.CE.AR5_lag1	0.000988060871409517	2.44140625e-05	7.31903681475518e-05
EN.POP.DNST_tend2	0.000921380867617863	0.000223165162852113	0.000512332577032862
EN.GHG.CH4.WA.MT.CE.AR5_avg2	0.000889014702606254	1.82245818661972e-05	7.31903681475518e-05
TM.VAL.MRCH.R4.ZS_lag1	0.000878587135187098	4.57333846830986e-05	0.000146380736295104
EG.USE.ELEC.KH.PC_max2	0.00083623537317633	0.00667397942341549	0.00329356656663983
demographic_pressure_lag1	0.000815923831617799	0.000379621478873239	0.000292761472590207
SP.POP.6064.FE.5Y_delta1	0.000815350492508377	0.00213812169894366	0.00182975920368879
SP.POP.3539.FE.5Y_delta1	0.000793662506885359	0.00098206426056338	0.00109785552221328
TM.VAL.MRCH.RS.ZS_lag1	0.00078526954960224	0.00080016230193662	0.000658713313327966
AG.LND.ARBL.HA.PC_min2	0.000741124692975224	0.00497703014964789	0.00248847251701676
BX.GSR.CMCP.ZS_lag1	0.000705826281341055	0.00026580380721831	0.000658713313327966
IT.MLT.MAIN	0.000659807965129766	3.74807438380282e-05	0.000146380736295104
SP.DYN.LE00.FE.IN	0.000658960763849302	0.00018981073943662	0.000219571104442655
DT.ODA.ODAT.GN.ZS	0.000644150959953675	0.00103708186619718	0.000658713313327966
PA.NUS.FCRF	0.000625670194638924	0.00467580875880282	0.00270804362145942
SP.POP.2024.FE.5Y_rank	0.000613286742869573	0.000149579115316901	7.31903681475518e-05
SP.POP.1519.MA.5Y_delta1	0.000608490572030902	0.00023588798415493	0.000292761472590207
SH.DTH.MORT	0.000598803260757217	0.000128603653169014	0.000146380736295104
SH.DYN.NMRT_lag1	0.000598096433803046	0.00210373569542254	0.00139061699480348
SP.POP.3034.FE.5Y_delta1	0.000595940276791043	0.002490234375	0.00190294957183635
demographic_pressure	0.000590382321483243	0.000445986465669014	0.000439142208885311
MS.MIL.XPND.GD.ZS_lag1	0.000557470510217787	0.000490688270246479	0.000731903681475518
SP.DYN.AMRT.FE	0.000554698383499579	0.00205078125	0.00131742662665593
year	0.000531872678205325	0.00122861190580986	0.000951474785918173
SP.DYN.TO65.FE.ZS	0.000530511777449391	0.000465586487676056	0.000439142208885311
ER.FSH.AQUA.MT_max2	0.00045512897592636	5.53614656690141e-05	7.31903681475518e-05
NY.GDS.TOTL.ZS	0.000450474304945276	0.000916730853873239	0.000512332577032862
FP.CPI.TOTL	0.000443404692556466	0.000364147777288732	0.000658713313327966
SE.SEC.ENRL_delta1	0.000442940901925453	0.000633734044894366	0.000878284417770621
NY.ADJ.DRES.GN.ZS	0.000431250897074831	0.000185684419014085	0.000219571104442655
BX.GRT.EXTA.CD.WD_max2	0.000419890250104	0.000139607174295775	0.000292761472590207
TX.VAL.MRCH.HI.ZS_lag1	0.000411323577435646	0.000264084507042254	0.000219571104442655
AG.LND.AGRI.K2	0.000405298890891759	0.000299158230633803	0.000146380736295104
SP.POP.5054.MA.5Y_lag1	0.000393181165175202	0.000926015074823944	0.000731903681475518
TM.VAL.MRCH.WR.ZS_lag1	0.000391119647270447	3.92000440140845e-05	0.000146380736295104
EG.USE.PCAP.KG.OE	0.000371805430046142	0.00275810134242958	0.00175656883554124
AG.LND.AGRI.ZS	0.000361001035331162	0.000839018485915493	0.000731903681475518
SH.DTH.IMRT	0.000338971251726094	0.000289530149647887	0.000292761472590207
SP.POP.3539.FE.5Y	0.000316266500183972	0.000228666923415493	0.000512332577032862
IT.CEL.SETS.P2	0.000311089636939639	0.000606225242077465	0.000878284417770621
TM.VAL.MRCH.R1.ZS	0.000310233107077092	0.000539516395246479	0.00080509404962307
SP.DYN.TO65.MA.ZS_lag1	0.000309939975848	0.000415382922535211	0.000365951840737759
EN.GHG.CH4.MT.CE.AR5_tend2	0.000299882592454366	0.000548112896126761	0.000951474785918173
BM.TRF.PWKR.CD.DT	0.000296245679289443	0.000426386443661972	0.000731903681475518
AG.LND.AGRI.ZS_min2	0.000292741980026362	0.000277151188380282	0.000219571104442655
TX.VAL.MRCH.OR.ZS_lag1	0.00028691379579339	8.69965889084507e-05	0.000219571104442655
NY.GNP.ATLS.CD_delta1	0.00028502832077479	0.000225916043133803	0.000439142208885311
SP.POP.2529.FE.5Y	0.000278578195379987	0.000778842979753521	0.00080509404962307
NY.GDP.FCST.KD	0.000256774314043568	8.42457086267606e-05	7.31903681475518e-05
SH.DTH.IMRT_lag1	0.000255649682063188	0.000231073943661972	0.000292761472590207
SP.POP.1564.FE.ZS_rank	0.00025269243142201	5.50176056338028e-05	0.000146380736295104
SP.POP.4044.FE.5Y_delta1	0.000250754681710563	0.00224540602992958	0.00182975920368879
NY.GNP.PCAP.CD	0.000243054426265605	0.000187403719190141	0.000219571104442655
EN.GHG.N2O.WA.MT.CE.AR5	0.000238272411718623	0.000106940470950704	0.000219571104442655
SP.POP.5559.FE.5Y_lag1	0.000233025064126511	0.00449940856073944	0.00248847251701676
SP.DYN.IMRT.IN	0.000230836284494911	0.000141326474471831	7.31903681475518e-05
EN.GHG.CO2.BU.MT.CE.AR5	0.000227828753391307	7.15228873239437e-05	7.31903681475518e-05
SP.POP.TOTL_delta1	0.000211713512212823	3.4729863556338e-05	0.000146380736295104
EG.USE.PCAP.KG.OE_min2	0.000210728584070871	0.00131560849471831	0.000731903681475518
SP.POP.80UP.FE.5Y_delta1	0.000209756762709069	0.00271855743838028	0.00161018809924614
NE.EXP.GNFS.ZS	0.000209022452496795	0.00112132757482394	0.00102466515406572
ER.H2O.INTR.PC_min2	0.000202837905160805	0.000100063270246479	0.000146380736295104
TX.VAL.MRCH.R1.ZS_rank	0.000194002718863332	0.000149579115316901	7.31903681475518e-05
FI.RES.TOTL.MO_avg2	0.000185306293909873	0.000868246588908451	0.000878284417770621
SP.POP.4549.MA.5Y_delta1	0.000182183527972901	0.00167906855193662	0.00161018809924614
SP.POP.4549.MA.5Y	0.000179252390089008	0.00139641560299296	0.000951474785918173
NY.ADJ.NNTY.PC.CD	0.000178173714822722	0.000134793133802817	0.000292761472590207
EN.GHG.N2O.BU.MT.CE.AR5_ratioavg2	0.000172546049967307	0.00105152398767606	0.00109785552221328
SE.SEC.ENRR	0.000169293038149728	0.000109003631161972	0.000365951840737759
SE.SEC.ENRL.GC.FE.ZS_lag1	0.000166047100864959	1.85684419014085e-05	7.31903681475518e-05
SP.POP.0509.FE.5Y_lag1	0.00016558732452066	0.00239532900528169	0.00131742662665593
NE.IMP.GNFS.CN_delta1	0.000152923689941812	0.000489656690140845	0.000731903681475518
NY.ADJ.NNTY.PC.CD_lag1	0.00015201389213301	0.000392000440140845	0.000365951840737759
EN.GHG.CO2.IC.MT.CE.AR5_avg2	0.000145044300606464	3.16351232394366e-05	7.31903681475518e-05
TX.VAL.MRCH.WR.ZS	0.000142228623975128	9.83439700704225e-05	0.000292761472590207
SE.ENR.PRIM.FM.ZS_lag1	0.000140386383220067	0.000311193331866197	0.000658713313327966
NY.ADJ.DKAP.GN.ZS_lag1	0.000135779064232014	0.000178463358274648	0.000365951840737759
NE.IMP.GNFS.CN_lag1	0.000131284790464575	0.00187163017165493	0.00131742662665593
FM.AST.DOMS.CN_lag1	0.000130689426715447	0.000482435629401409	0.000439142208885311
TX.VAL.MMTL.ZS.UN_lag1	0.00012733214904201	8.14948283450704e-05	0.000292761472590207
NV.SRV.TOTL.KD_lag1	0.000125663511912052	3.16351232394366e-05	7.31903681475518e-05
NV.IND.TOTL.ZS_rank	0.000124178117468354	0.000242077464788732	0.000439142208885311
NE.IMP.GNFS.KD.ZG_delta1	0.000122901946266855	0.000148203675176056	0.000439142208885311
FM.AST.DOMS.CN_tend2	0.000119575352057588	0.00374188490316901	0.00248847251701676
AG.YLD.CREL.KG_min2	0.000112837570960497	0.000908134352992958	0.000658713313327966
SE.PRM.ENRR.FE_lag1	0.000112369830719431	0.000115880831866197	0.000292761472590207
NV.AGR.TOTL.ZS_rank	0.000110999274284563	2.44140625e-05	7.31903681475518e-05
AG.PRD.CROP.XD_avg2	0.000108214505550375	0.000370681117957746	0.000512332577032862
NY.ADJ.DKAP.CD_delta1	0.000106426316976887	0.000132042253521127	0.000219571104442655
DC.DAC.JPNL.CD_avg2	0.000103315955765215	0.000375839018485916	0.000439142208885311
NY.GNP.MKTP.CN_delta1	0.000103285887553315	0.000229354643485916	0.000439142208885311
NY.GSR.NFCY.CN	9.7302992141957e-05	0.00274297150088028	0.00182975920368879
EN.GHG.CH4.AG.MT.CE.AR5_tend2	9.57807668050077e-05	0.000211817781690141	0.000512332577032862
EG.USE.ELEC.KH.PC_avg2	9.50674189370098e-05	0.00310608769806338	0.00161018809924614
NV.IND.TOTL.CN_delta1	9.24360745805526e-05	0.00206831811179577	0.00161018809924614
SP.RUR.TOTL_delta1	9.20764977456209e-05	3.92000440140845e-05	0.000146380736295104
NE.GDI.TOTL.ZS_delta1	9.14370811337317e-05	0.00042054082306338	0.000585522945180414
NY.GDP.PCAP.CD	8.95228660873564e-05	0.000606225242077465	0.000512332577032862
DC.DAC.CANL.CD	8.51893223493001e-05	0.000336638974471831	0.000512332577032862
BX.PEF.TOTL.CD.WD_avg2	8.35204216628224e-05	0.00195346886003521	0.00182975920368879
NV.AGR.TOTL.ZS	8.13939674176177e-05	0.000724856954225352	0.000585522945180414
SE.SEC.ENRR.FE_lag1	7.93994107330423e-05	9.93755501760563e-05	0.000219571104442655
SE.PRM.ENRR.FE_delta1	7.765816912838e-05	0.000289186289612676	0.000585522945180414
IS.AIR.GOOD.MT.K1_max2	7.68949882049031e-05	0.00501726177376761	0.00263485325331186
SP.POP.0509.MA.5Y	7.66332368647057e-05	0.00333097216109155	0.00182975920368879
NV.AGR.TOTL.CD	7.56110478421152e-05	5.9143926056338e-05	0.000146380736295104
SP.ADO.TFRT	7.55947895682593e-05	0.00239189040492958	0.00153699773109859
SP.POP.2024.MA.5Y_delta1	7.55256112328239e-05	0.0006103515625	0.000878284417770621
consumption_efficiency	7.1528945826791e-05	0.00130769971390845	0.000878284417770621
BM.GSR.NFSV.CD	7.14167763072635e-05	3.16351232394366e-05	7.31903681475518e-05
NY.GSR.NFCY.CD	7.12981307496669e-05	0.000361740757042254	0.000512332577032862
EN.GHG.ALL.PC.CE.AR5_max2	6.88862734090824e-05	0.000634421764964789	0.000365951840737759
BX.KLT.DINV.WD.GD.ZS_min2	6.82667430658665e-05	0.000242765184859155	0.000512332577032862
NE.CON.GOVT.ZS_avg2	6.73675607532633e-05	0.000133073833626761	0.000219571104442655
SP.DYN.TO65.MA.ZS	6.68033678312512e-05	0.000297095070422535	0.000219571104442655
SP.POP.3034.MA.5Y_lag1	6.51538196853779e-05	0.000101438710387324	0.000219571104442655
SP.POP.4549.FE.5Y	6.34861717281352e-05	0.00117153113996479	0.000731903681475518
BX.TRF.PWKR.CD.DT_max2	6.2921160931216e-05	1.4098261443662e-05	7.31903681475518e-05
TM.VAL.MRCH.R4.ZS	6.28837117731355e-05	0.000156456316021127	0.000292761472590207
NY.GDS.TOTL.ZS_lag1	6.20235682597537e-05	0.00139091384242958	0.00102466515406572
EN.GHG.N2O.IP.MT.CE.AR5_ratioavg2	6.20027740135603e-05	0.000503067231514085	0.000731903681475518
SP.POP.1014.FE.5Y_delta1	6.17843712750254e-05	0.000830421985035211	0.000878284417770621
SP.POP.TOTL.FE.IN_delta1	6.15445983342295e-05	3.67930237676056e-05	0.000146380736295104
NE.CON.PRVT.KD.ZG_lag1	5.61531898724652e-05	0.000332168794014085	0.000585522945180414
SP.POP.0004.FE.5Y_delta1	5.61192663805866e-05	0.000513726892605634	0.00102466515406572
DT.NFL.UNDP.CD_isNA_rank	5.59594608538044e-05	0.00254628356073944	0.00234209178072166
DT.ODA.ODAT.PC.ZS_lag1	5.58884331410926e-05	0.000114161531690141	0.000219571104442655
TX.VAL.FOOD.ZS.UN_lag1	5.56719101956977e-05	0.00871306943221831	0.00468418356144331
SE.PRM.ENRR_lag1	5.44339575217291e-05	5.15790052816901e-05	0.000219571104442655
DC.DAC.GBRL.CD_min2	5.25555500544178e-05	0.000201501980633803	0.000292761472590207
SP.POP.7074.FE.5Y_delta1	5.24736291629962e-05	0.00208172865316901	0.00219571104442655
SP.POP.3539.FE.5Y_lag1	5.22230596778062e-05	8.39018485915493e-05	0.000219571104442655
NV.SRV.TOTL.CD_delta1	5.02300788306193e-05	8.2182548415493e-05	0.000292761472590207
SE.SEC.ENRR_lag1	4.7976943485898e-05	8.08071082746479e-05	0.000365951840737759
SP.DYN.IMRT.MA.IN_delta1	4.7588166058963e-05	8.14948283450704e-05	0.000219571104442655
SM.POP.RHCR.EA_lag1	4.73373724641388e-05	0.000602442781690141	0.00109785552221328
AG.LND.AGRI.K2_delta1	4.72402348659084e-05	5.3986025528169e-05	0.000146380736295104
EN.GHG.CH4.TR.MT.CE.AR5_max2	4.65690954925644e-05	1.65052816901408e-05	7.31903681475518e-05
SP.POP.4549.MA.5Y_lag1	4.48326754636414e-05	0.00184240206866197	0.00102466515406572
NY.GNP.PCAP.CN_lag1	4.41859545503456e-05	0.000149922975352113	0.000146380736295104
DC.DAC.GBRL.CD_rank	4.32573514342886e-05	0.000302252970950704	0.000292761472590207
TX.VAL.MRCH.R4.ZS	4.29680767247959e-05	0.000888534330985916	0.00124423625850838
SP.POP.5559.FE.5Y	4.23318981531779e-05	0.00194452849911972	0.00131742662665593
BM.GSR.TRAN.ZS_max2	4.19629849089537e-05	0.00138781910211268	0.00124423625850838
NY.GNP.PCAP.CD_lag1	4.10222054290762e-05	0.000887502750880282	0.000512332577032862
SH.DYN.MORT	4.08973745209761e-05	0.000140294894366197	7.31903681475518e-05
TX.VAL.MRCH.RS.ZS	3.8846956374855e-05	5.70807658450704e-05	0.000219571104442655
NY.ADJ.DKAP.CD	3.82965690940791e-05	0.000124133472711268	0.000365951840737759
EG.USE.PCAP.KG.OE_max2	3.68391602159957e-05	0.000726232394366197	0.000439142208885311
SP.POP.2529.FE.5Y_lag1	3.51695232795957e-05	0.000443579445422535	0.000512332577032862
FM.AST.NFRG.CN_lag1	3.51091548635699e-05	0.000362772337147887	0.000512332577032862
SP.POP.0014.FE.IN_delta1	3.47231315690925e-05	0.00011931943221831	0.000292761472590207
DC.DAC.DEUL.CD_min2	3.38030532365268e-05	0.000401628521126761	0.000512332577032862
SP.POP.1519.FE.5Y_delta1	3.3788243492114e-05	0.000373088138204225	0.000731903681475518
SP.POP.GROW_rank	3.34212035741376e-05	1.61614216549296e-05	7.31903681475518e-05
consumption_efficiency_lag1	3.32833831423942e-05	0.00159241582306338	0.00146380736295104
SM.POP.RHCR.EA_delta1	3.30706449883119e-05	0.000485874229753521	0.000658713313327966
BX.KLT.DINV.CD.WD_isNA_rank	3.29898098377634e-05	0.000124133472711268	0.000365951840737759
trade_balance_ratio_lag1	3.23697853043077e-05	0.0067045829665493	0.00380589914367269
NY.GDP.MKTP.CD	3.19102781583518e-05	0.000124133472711268	7.31903681475518e-05
BM.KLT.DINV.WD.GD.ZS_avg2	3.12575737498946e-05	4.19509242957747e-05	0.000146380736295104
NV.AGR.TOTL.KD_isNA_rank	3.10756141870221e-05	0.00088440801056338	0.00124423625850838
SP.POP.5054.FE.5Y	2.98140814321669e-05	0.0012726259903169	0.000731903681475518
BX.KLT.DINV.CD.WD	2.96982005765405e-05	0.00176331426056338	0.00102466515406572
SE.SEC.ENRL.GC	2.91110494417384e-05	0.000554302376760563	0.000658713313327966
SP.DYN.LE00.FE.IN_delta1	2.89925113429707e-05	0.000193249339788732	0.000365951840737759
NE.RSB.GNFS.CD_delta1	2.87173498471808e-05	0.00045836542693662	0.000731903681475518
DC.DAC.DEUL.CD_max2	2.8498870294226e-05	0.000306035431338028	0.000292761472590207
TG.VAL.TOTL.GD.ZS_lag1	2.82320839097078e-05	0.000748927156690141	0.00080509404962307
DC.DAC.JPNL.CD_isNA_rank	2.80136484173274e-05	0.000768527178697183	0.000658713313327966
TX.VAL.MRCH.R6.ZS	2.79924184722723e-05	8.66527288732394e-05	0.000219571104442655
FM.AST.PRVT.GD.ZS_rank	2.76589483995935e-05	3.71368838028169e-05	7.31903681475518e-05
YearsSinceFirst_lag1	2.750081359762e-05	0.000368617957746479	0.000512332577032862
NV.IND.TOTL.ZS_lag1	2.73640505219386e-05	0.000344891615316901	0.000439142208885311
SE.PRM.TCHR	2.73189374431242e-05	8.59650088028169e-05	0.000292761472590207
DT.ODA.ODAT.GN.ZS_rank	2.70667021936046e-05	0.00045836542693662	0.000292761472590207
TX.VAL.MRCH.AL.ZS_delta1	2.70475276426958e-05	0.000262365206866197	0.000951474785918173
IS.AIR.GOOD.MT.K1_lag1	2.59868415338748e-05	0.00225950429137324	0.00124423625850838
FM.AST.NFRG.CN	2.58384704846367e-05	0.000860681668133803	0.000878284417770621
TX.VAL.AGRI.ZS.UN_lag1	2.57380607878203e-05	7.04913072183099e-05	0.000146380736295104
TM.VAL.MRCH.R6.ZS_rank	2.54796041385031e-05	2.16631822183099e-05	7.31903681475518e-05
NE.CON.GOVT.ZS_tend2	2.52136059951888e-05	0.000257895026408451	0.000512332577032862
SE.PRM.ENRR.FE_isNA_rank	2.43740551168994e-05	0.00023588798415493	0.000658713313327966
TX.VAL.MRCH.R5.ZS_lag1	2.42173232995927e-05	0.000123445752640845	0.000292761472590207
IT.MLT.MAIN.P2_rank	2.41792254552299e-05	8.08071082746479e-05	0.000219571104442655
EN.GHG.CO2.IP.MT.CE.AR5_ratioavg2	2.36131129637185e-05	0.000232793243838028	0.000585522945180414
SP.POP.3034.FE.5Y	2.36039485201469e-05	0.000177431778169014	0.000292761472590207
SH.IMM.IDPT_lag1	2.34105543266718e-05	0.000613790162852113	0.000731903681475518
DC.DAC.JPNL.CD	2.3332776938972e-05	0.000314288072183099	0.000512332577032862
DC.DAC.CECL.CD	2.29578960295274e-05	0.00178497744278169	0.00161018809924614
TM.VAL.FOOD.ZS.UN	2.26388608239138e-05	0.00039337588028169	0.000658713313327966
DC.DAC.CECL.CD_avg2	2.23730241190661e-05	0.000244484485035211	0.000365951840737759
BX.KLT.DINV.WD.GD.ZS	2.22502184253738e-05	0.000299845950704225	0.000658713313327966
SP.POP.0509.FE.5Y	2.20338982564169e-05	0.0017915107834507	0.00102466515406572
BX.GSR.GNFS.CD_ratioavg2	2.15091422788201e-05	0.000154049295774648	0.000292761472590207
SE.PRM.ENRR_isNA_rank	2.13830263136048e-05	0.000177087918133803	0.000512332577032862
SP.POP.0509.MA.5Y_lag1	2.13023037916235e-05	0.00090056943221831	0.000658713313327966
TX.VAL.MRCH.R1.ZS	2.10413923489629e-05	0.000294344190140845	0.000731903681475518
NE.GDI.FTOT.ZS_lag1	2.08886195670683e-05	0.000622730523767606	0.00102466515406572
NE.IMP.GNFS.CD_isNA_rank	2.0363652285339e-05	0.000380996919014085	0.000512332577032862
SE.PRM.ENRL	2.02615863518664e-05	9.2498349471831e-05	7.31903681475518e-05
EN.GHG.N2O.BU.MT.CE.AR5_tend2	2.02108357673635e-05	0.000290561729753521	0.000658713313327966
EN.URB.LCTY	1.9974088686747e-05	9.62808098591549e-05	0.000146380736295104
DT.NFL.UNDP.CD_tend2	1.99175681462487e-05	0.00083833076584507	0.00146380736295104
EN.URB.MCTY.TL.ZS_ratioavg2	1.93983104445922e-05	0.00021422480193662	0.000365951840737759
TM.VAL.MRCH.OR.ZS_lag1	1.89134028576597e-05	0.0014311454665493	0.00146380736295104
TM.VAL.TRAN.ZS.WT_rank	1.89082676173741e-05	0.000528512874119718	0.000365951840737759
BM.GSR.MRCH.CD_ratioavg2	1.88291899348719e-05	0.000267179247359155	0.000512332577032862
FM.AST.NFRG.CN_tend2	1.87726680597721e-05	0.0026030204665493	0.002122520676279
DT.ODA.ODAT.GN.ZS_min2	1.87673081797908e-05	1.68491417253521e-05	7.31903681475518e-05
NY.ADJ.AEDU.GN.ZS_lag1	1.86920361575436e-05	0.00147687885123239	0.00102466515406572
FS.AST.CGOV.GD.ZS	1.83785465387856e-05	0.000912604533450704	0.00139061699480348
BM.KLT.DINV.CD.WD	1.8310178704806e-05	0.000757867517605634	0.000731903681475518
BM.GSR.INSF.ZS	1.80818184420837e-05	0.000733797315140845	0.000951474785918173
DT.ODA.ODAT.PC.ZS_isNA_rank	1.7929914854697e-05	0.00110207141285211	0.000951474785918173
NE.EXP.GNFS.KD_delta1	1.77700067008642e-05	0.00136134187940141	0.00102466515406572
NV.SRV.TOTL.KD.ZG_lag1	1.74772821404117e-05	0.000220414282570423	0.000585522945180414
FS.AST.PRVT.GD.ZS_rank	1.738349352413e-05	0.000372056558098592	0.000512332577032862
IS.AIR.GOOD.MT.K1	1.68403967530064e-05	0.0022003603653169	0.00139061699480348
SP.POP.2024.FE.5Y	1.68094593505523e-05	0.000404723261443662	0.000585522945180414
SP.POP.0014.MA.IN_delta1	1.66483021774564e-05	6.73965669014085e-05	0.000219571104442655
NE.EXP.GNFS.CN	1.63398268308917e-05	0.0044952822403169	0.00270804362145942
SP.POP.5054.FE.5Y_lag1	1.63178569914158e-05	0.000865151848591549	0.000585522945180414
SE.PRM.ENRL_delta1	1.60960348126613e-05	0.000669151628521127	0.00117104589036083
TX.VAL.MRCH.R2.ZS_rank	1.60071894968441e-05	0.000126540492957746	0.000292761472590207
TX.VAL.FOOD.ZS.UN_delta1	1.57994424634826e-05	0.000325979313380282	0.000585522945180414
NY.ADJ.NNTY.CD_lag1	1.57554527346206e-05	6.70527068661972e-05	0.000146380736295104
NE.CON.TOTL.CD_ratioavg2	1.54944865801962e-05	0.000213537081866197	0.000439142208885311
BX.GSR.CMCP.ZS	1.54655112347339e-05	0.000290561729753521	0.000585522945180414
SP.DYN.IMRT.FE.IN_rank	1.53225260865133e-05	1.78807218309859e-05	7.31903681475518e-05
TX.VAL.MRCH.HI.ZS_rank	1.51846982054375e-05	0.0001953125	0.000146380736295104
SP.POP.DPND_delta1	1.48206821290164e-05	0.0016876650528169	0.00117104589036083
AG.LND.ARBL.ZS_min2	1.46934441880905e-05	5.26105853873239e-05	0.000219571104442655
SE.SEC.ENRL.GC.FE.ZS_isNA_rank	1.42733163078776e-05	0.000322196852992958	0.000658713313327966
NE.GDI.FTOT.ZS_delta1	1.42468414060221e-05	0.000711102552816901	0.00102466515406572
SP.POP.0014.MA.ZS_delta1	1.42145767432906e-05	0.00106390294894366	0.000658713313327966
NE.TRD.GNFS.ZS_delta1	1.41451428273595e-05	0.00013823173415493	0.000365951840737759
TG.VAL.TOTL.GD.ZS	1.38093239197581e-05	0.00180457746478873	0.00146380736295104
NV.SRV.TOTL.KD_isNA_rank	1.36610059786475e-05	0.00075958681778169	0.00102466515406572
SP.POP.DPND.OL_delta1	1.32697711463944e-05	0.000319789832746479	0.000292761472590207
MS.MIL.MPRT.KD	1.3259243704821e-05	3.4729863556338e-05	0.000146380736295104
MS.MIL.MPRT.KD_min2	1.32418771074143e-05	0.000255831866197183	0.000365951840737759
EN.GHG.N2O.IP.MT.CE.AR5_tend2	1.3114990395991e-05	0.000545362015845071	0.000878284417770621
TX.VAL.MRCH.R2.ZS	1.30194806928239e-05	0.000117256272007042	0.000219571104442655
BX.GSR.TRAN.ZS_avg2	1.29217142060525e-05	0.000183621258802817	0.000292761472590207
TM.VAL.MRCH.R1.ZS_lag1	1.29182743266602e-05	0.000521635673415493	0.00080509404962307
NE.EXP.GNFS.ZS_lag1	1.28744860722864e-05	0.00425492407570423	0.00241528214886921
NE.EXP.GNFS.ZS_delta1	1.26094447033642e-05	0.000383403939260563	0.000731903681475518
NE.IMP.GNFS.KD.ZG_rank	1.25651024344407e-05	0.00018981073943662	0.000365951840737759
NY.GDS.TOTL.ZS_delta1	1.25453705380287e-05	0.00132042253521127	0.00139061699480348
SP.POP.1519.MA.5Y_rank	1.22251508426983e-05	0.000160926496478873	0.000292761472590207
SP.RUR.TOTL.ZS	1.21991217407968e-05	0.000595221720950704	0.000512332577032862
NY.ADJ.DMIN.CD	1.19822205742659e-05	9.45615096830986e-05	0.000219571104442655
MS.MIL.XPND.GD.ZS_avg2	1.17134658866334e-05	0.000260989766725352	0.000292761472590207
PA.NUS.FCRF_lag1	1.16227847452339e-05	0.00655775473151408	0.00343994730293493
AG.PRD.CROP.XD	1.15880969866205e-05	0.00166221941021127	0.00131742662665593
BX.GSR.FCTY.CD_tend2	1.14100480063797e-05	0.00247132207306338	0.00241528214886921
longevity_per_gdp	1.13957940156398e-05	0.000400940801056338	0.000219571104442655
NY.GDP.FCST.KD_isNA_rank	1.13502464138972e-05	0.000502379511443662	0.000951474785918173
TM.VAL.TRAN.ZS.WT	1.1334859962959e-05	0.000421228543133803	0.000439142208885311
TM.VAL.FUEL.ZS.UN	1.12571575396361e-05	0.00183002310739437	0.00161018809924614
BM.GSR.TRVL.ZS_ratioavg2	1.1239444218712e-05	0.00119663292253521	0.00131742662665593
FM.AST.PRVT.GD.ZS	1.1231986582131e-05	0.000248954665492958	0.000219571104442655
IS.AIR.GOOD.MT.K1_avg2	1.11807887747974e-05	0.000723481514084507	0.000512332577032862
ER.FSH.CAPT.MT_tend2	1.1145416474061e-05	0.00774854203345071	0.00519651613847618
TM.VAL.AGRI.ZS.UN_delta1	1.10799254583613e-05	0.00214637433978873	0.0019761399399839
FM.LBL.BMNY.GD.ZS_ratioavg2	1.03275204135214e-05	0.000327698613556338	0.000512332577032862
EN.POP.DNST_min2	1.02419448377692e-05	0.000258238886443662	0.000292761472590207
SP.DYN.CDRT.IN_delta1	1.00114546840493e-05	0.000669839348591549	0.000731903681475518
SP.POP.7074.MA.5Y_delta1	9.96931839241099e-06	0.0013489629181338	0.00131742662665593
SH.DTH.NMRT_lag1	9.92372389102671e-06	0.000644737566021127	0.000439142208885311
SP.POP.1564.TO.ZS	9.89623384854025e-06	0.000162301936619718	0.000365951840737759
NY.ADJ.DRES.GN.ZS_lag1	9.82649964268274e-06	0.000145796654929577	0.000219571104442655
BX.GSR.MRCH.CD_ratioavg2	9.81700415633337e-06	0.000146828235035211	0.000292761472590207
SE.PRM.ENRR.MA_lag1	9.68860060167227e-06	0.000355551276408451	0.000512332577032862
TM.VAL.MRCH.R5.ZS	9.61709955767557e-06	0.000383403939260563	0.000439142208885311
TM.VAL.FOOD.ZS.UN_lag1	9.50202753258851e-06	0.000206316021126761	0.000292761472590207
SP.POP.4549.FE.5Y_delta1	9.47682381597884e-06	0.0011048222931338	0.00109785552221328
SP.DYN.AMRT.MA_delta1	9.46274241500288e-06	0.000521979533450704	0.00080509404962307
DC.DAC.DEUL.CD_tend2	9.33193046891993e-06	0.000847271126760563	0.00109785552221328
NY.GDP.PETR.RT.ZS_isNA_rank	9.2604597031651e-06	0.000251705545774648	0.000585522945180414
SP.POP.4044.MA.5Y_delta1	9.10222800200294e-06	0.00423601177376761	0.00307399546219718
TM.VAL.MRCH.R3.ZS_delta1	9.03345206585842e-06	0.00106012048855634	0.00190294957183635
SP.POP.1519.MA.5Y	8.98517678570487e-06	0.000274744168133803	0.000292761472590207
TM.VAL.MRCH.AL.ZS	8.97302393624702e-06	0.00168044399207746	0.00139061699480348
NY.GDP.PCAP.CN	8.88051471175281e-06	0.000182589678697183	0.000146380736295104
NY.ADJ.DKAP.CD_isNA_rank	8.83034400510746e-06	0.000192905479753521	0.000365951840737759
SP.POP.7074.FE.5Y_lag1	8.80852734649148e-06	0.000488625110035211	0.000439142208885311
EG.USE.ELEC.KH.PC_min2	8.77776708419742e-06	0.000324260013204225	0.000219571104442655
clase_isNA_rank	8.6723235372727e-06	0.00127468915052817	0.00146380736295104
TM.VAL.MMTL.ZS.UN_lag1	8.19206438842867e-06	0.000256863446302817	0.000365951840737759
EN.GHG.ALL.PC.CE.AR5_lag1	8.0666606619785e-06	0.000813572843309859	0.000585522945180414
SH.MMR.RISK_delta1	8.00671106549085e-06	0.00392172370158451	0.00248847251701676
BM.GSR.FCTY.CD_min2	7.99195508373353e-06	7.39299075704225e-05	0.000146380736295104
BX.PEF.TOTL.CD.WD	7.97349289351588e-06	0.00442685409330986	0.00329356656663983
NV.SRV.TOTL.CD_isNA_rank	7.73617064609562e-06	0.000832141285211268	0.000951474785918173
DC.DAC.CECL.CD_min2	7.641009097581e-06	0.00104499064700704	0.000951474785918173
SH.IMM.IDPT	7.59499350686332e-06	4.3670224471831e-05	0.000219571104442655
ER.FSH.CAPT.MT_ratioavg2	7.58389404792776e-06	0.000155424735915493	0.000292761472590207
NY.GDP.TOTL.RT.ZS_lag1	7.58389033287027e-06	0.000252737125880282	0.000365951840737759
FS.AST.CGOV.GD.ZS_avg2	7.57076375477039e-06	0.0001220703125	0.000219571104442655
IT.CEL.SETS	7.55609980542872e-06	0.000193249339788732	0.000585522945180414
TM.VAL.INSF.ZS.WT_isNA_rank	7.47898860923485e-06	0.000244484485035211	0.000585522945180414
SP.POP.3034.MA.5Y_delta1	7.45629033657659e-06	0.000331824933978873	0.000585522945180414
NV.IND.MANF.ZS	7.43678528932255e-06	0.0020294619278169	0.00153699773109859
TX.VAL.MMTL.ZS.UN_delta1	7.21970474502751e-06	0.000526105853873239	0.000951474785918173
SP.POP.0004.MA.5Y_lag1	7.1084507952627e-06	0.000702162191901409	0.000365951840737759
NY.ADJ.DNGY.GN.ZS_isNA_rank	6.99609977538072e-06	0.000678779709507042	0.000731903681475518
NV.AGR.TOTL.KD_delta1	6.94292793049596e-06	0.00102951694542254	0.00102466515406572
DC.DAC.CECL.CD_max2	6.93812562905007e-06	0.00028746698943662	0.000292761472590207
SP.URB.GROW	6.76289760508682e-06	0.000389937279929578	0.000585522945180414
TX.VAL.MRCH.CD.WT_rank	6.74412338328292e-06	4.40140845070423e-05	7.31903681475518e-05
BM.GSR.TRAN.ZS	6.65309969275423e-06	4.53895246478873e-05	7.31903681475518e-05
AG.PRD.LVSK.XD_max2	6.638386736013e-06	3.95439040492958e-05	0.000146380736295104
NV.IND.TOTL.KD.ZG_rank	6.63048532530988e-06	9.80001100352113e-05	0.000219571104442655
BX.GSR.FCTY.CD	6.56238617727173e-06	0.000484842649647887	0.000658713313327966
MS.MIL.MPRT.KD_ratioavg2	6.55309322609431e-06	0.0160280039612676	0.010612603381395
BM.GSR.NFSV.CD_ratioavg2	6.49739761967594e-06	0.000307754731514085	0.000585522945180414
SE.TER.ENRR	6.46138524697071e-06	0.00163918078785211	0.00153699773109859
DT.ODA.ODAT.GN.ZS_lag1	6.44588793609711e-06	0.000156800176056338	0.000146380736295104
BM.KLT.DINV.CD.WD_tend2	6.36427253934453e-06	0.00120969960387324	0.00139061699480348
EN.GHG.CO2.FE.MT.CE.AR5_tend2	6.29867618662849e-06	0.0226397447183099	0.0135402181072971
EN.GHG.ALL.PC.CE.AR5_rank	6.28090873830405e-06	0.000183621258802817	0.000146380736295104
NE.IMP.GNFS.ZS_delta1	6.23051667269542e-06	0.000281965228873239	0.000731903681475518
MS.MIL.MPRT.KD_tend2	6.22955155545249e-06	0.00804254236355634	0.00534289687477128
TM.VAL.TRAN.ZS.WT_lag1	6.22907963908538e-06	3.26667033450704e-05	0.000146380736295104
NY.GDP.DEFL.ZS_delta1	6.21806175745778e-06	9.14667693661972e-05	0.000219571104442655
SP.POP.TOTL.FE.ZS_lag1	6.10256199577149e-06	0.000427074163732394	0.000512332577032862
SP.POP.7579.MA.5Y_delta1	6.08077245468521e-06	0.000868934308978873	0.000585522945180414
BM.KLT.DINV.CD.WD_max2	6.08014198872151e-06	6.12070862676056e-05	0.000146380736295104
NY.GDP.MINR.RT.ZS_delta1	6.00375870438769e-06	0.000383403939260563	0.000731903681475518
NV.AGR.TOTL.KD.ZG	5.99432197584856e-06	0.000193593199823944	0.000512332577032862
SE.SEC.ENRL	5.95282656678772e-06	0.000190498459507042	0.000292761472590207
TM.VAL.MRCH.R1.ZS_delta1	5.87965212838077e-06	0.000523698833626761	0.00102466515406572
BX.TRF.PWKR.DT.GD.ZS_tend2	5.86314898619467e-06	0.000236919564260563	0.000439142208885311
BM.GSR.TRVL.ZS	5.75890647657003e-06	0.000575621698943662	0.000585522945180414
TX.VAL.SERV.CD.WT_isNA_rank	5.68186759633226e-06	0.000574246258802817	0.00080509404962307
NY.GNP.PCAP.CD_delta1	5.6719684551769e-06	0.00167391065140845	0.00146380736295104
NV.SRV.TOTL.ZS_lag1	5.64585540877968e-06	0.000428793463908451	0.000439142208885311
DC.DAC.FRAL.CD_lag1	5.64088739574318e-06	0.000222133582746479	0.000365951840737759
EG.ELC.COAL.ZS_tend2	5.62662348314089e-06	0.00105874504841549	0.00124423625850838
TM.VAL.MRCH.HI.ZS_rank	5.62148573456321e-06	2.26947623239437e-05	7.31903681475518e-05
SP.ADO.TFRT_lag1	5.61680947480111e-06	0.00689542528609155	0.0040986606162629
EG.ELC.NGAS.ZS_tend2	5.60066420679269e-06	0.00087340448943662	0.00102466515406572
NV.IND.TOTL.ZS_delta1	5.6003151439144e-06	0.000148547535211268	0.000365951840737759
SP.POP.5559.MA.5Y	5.5852210114854e-06	0.00176262654049296	0.00102466515406572
FM.AST.DOMS.CN	5.55968282338012e-06	0.000889565911091549	0.00080509404962307
NE.RSB.GNFS.ZS_lag1	5.49247786894205e-06	0.000205628301056338	0.000439142208885311
NY.GDP.MKTP.KD	5.47168247245462e-06	1.61614216549296e-05	7.31903681475518e-05
EG.USE.ELEC.KH.PC_tend2	5.47004047878356e-06	0.00447946467869718	0.00358632803923004
EN.GHG.CO2.PI.MT.CE.AR5_ratioavg2	5.42992506491523e-06	0.000106596610915493	0.000292761472590207
TX.VAL.MRCH.R5.ZS	5.42151193377443e-06	0.000207347601232394	0.000365951840737759
SP.POP.7579.FE.5Y_delta1	5.17467336045057e-06	0.00237985530369718	0.00190294957183635
EN.URB.LCTY.UR.ZS_tend2	5.1559941262286e-06	8.56211487676056e-05	0.000292761472590207
NE.GDI.TOTL.ZS_isNA_rank	5.14814304155207e-06	0.0010009765625	0.000878284417770621
DC.DAC.JPNL.CD_tend2	5.11663682652166e-06	0.000764744718309859	0.00102466515406572
NE.CON.GOVT.CD_isNA_rank	5.11660476914642e-06	0.000195656360035211	0.000365951840737759
NE.CON.PRVT.KD.ZG_tend2	5.06491789586475e-06	0.00076233769806338	0.000951474785918173
SH.MMR.RISK.ZS_delta1	5.03192876190929e-06	0.000242077464788732	0.000658713313327966
EN.GHG.CH4.IC.MT.CE.AR5	5.0157986286613e-06	0.000142701914612676	0.000146380736295104
DC.DAC.TOTL.CD_ratioavg2	5.010511969973e-06	0.000355207416373239	0.000658713313327966
SP.POP.65UP.FE.ZS	5.01001403214549e-06	2.47579225352113e-05	7.31903681475518e-05
TM.VAL.OTHR.ZS.WT_delta1	5.00256040567614e-06	0.000465242627640845	0.000658713313327966
NV.IND.TOTL.KD.ZG_lag1	4.97759232579427e-06	0.00051819707306338	0.00080509404962307
FP.CPI.TOTL.ZG_max2	4.96633440557223e-06	0.000349017935739437	0.000585522945180414
EG.USE.ELEC.KH.PC	4.94187230415695e-06	0.000645769146126761	0.000512332577032862
BX.GRT.EXTA.CD.WD_isNA_rank	4.93369709991476e-06	0.000914667693661972	0.000951474785918173
BX.GSR.CMCP.ZS_min2	4.90247113479911e-06	0.000151298415492958	0.000365951840737759
DT.NFL.UNDP.CD	4.86271660725007e-06	0.000427418023767606	0.000512332577032862
EN.GHG.N2O.WA.MT.CE.AR5_ratioavg2	4.82758951675852e-06	0.000560491857394366	0.00131742662665593
SP.DYN.TO65.MA.ZS_delta1	4.79805846735403e-06	0.000371024977992958	0.000731903681475518
FI.RES.TOTL.MO_min2	4.77066592604776e-06	0.000445642605633803	0.000512332577032862
NE.IMP.GNFS.KD.ZG	4.70004471324092e-06	0.000253080985915493	0.000439142208885311
AG.PRD.LVSK.XD	4.60807934717079e-06	0.00244175011003521	0.0019761399399839
DC.DAC.DEUL.CD_rank	4.58677728777563e-06	0.00112751705545775	0.000878284417770621
TM.VAL.TRAN.ZS.WT_delta1	4.53361871800904e-06	0.000347986355633803	0.000658713313327966
AG.PRD.FOOD.XD	4.52859509434044e-06	0.000208035321302817	0.000439142208885311
SP.URB.GROW_lag1	4.40945161558777e-06	0.000288498569542254	0.000219571104442655
BX.KLT.DINV.CD.WD_rank	4.39045236548852e-06	9.80001100352113e-05	0.000219571104442655
SH.MMR.DTHS	4.37300852572509e-06	0.000366898657570423	0.000292761472590207
SP.POP.4044.FE.5Y_lag1	4.334375999045e-06	0.00214396731954225	0.00131742662665593
BX.PEF.TOTL.CD.WD_lag1	4.27063497179923e-06	0.00191977057658451	0.00124423625850838
DT.ODA.ALLD.KD	4.22625361263614e-06	0.000728983274647887	0.000512332577032862
SP.POP.80UP.MA.5Y_delta1	4.21471473311245e-06	0.0008544921875	0.000585522945180414
IT.MLT.MAIN_tend2	4.11701980822165e-06	0.00272749779929577	0.00256166288516431
SP.DYN.CBRT.IN	4.07887381436596e-06	3.78246038732394e-05	7.31903681475518e-05
AG.LND.TOTL.K2_ratioavg2	4.07685672606848e-06	0.000687032350352113	0.000365951840737759
TX.VAL.MRCH.RS.ZS_delta1	4.0644414693702e-06	0.000841769366197183	0.00102466515406572
SP.POP.80UP.MA.5Y	4.03747656791758e-06	0.00138025418133803	0.000878284417770621
BM.GSR.INSF.ZS_ratioavg2	4.02446696557458e-06	0.000712134132922535	0.00161018809924614
NE.CON.PRVT.CD_isNA_rank	3.99953649131491e-06	0.000345923195422535	0.000658713313327966
SH.MMR.RISK	3.96659073376157e-06	0.000411600462147887	0.000512332577032862
TM.VAL.MRCH.R2.ZS_rank	3.9480759921751e-06	7.42737676056338e-05	0.000146380736295104
DT.ODA.ALLD.KD_isNA_rank	3.93116601667909e-06	0.00258307658450704	0.00153699773109859
NY.GDP.PCAP.KD_delta1	3.88384296017184e-06	0.00157797370158451	0.000951474785918173
NV.AGR.TOTL.CN_rank	3.81944998701614e-06	0.00013032295334507	0.000292761472590207
EN.GHG.N2O.AG.MT.CE.AR5_ratioavg2	3.81443795835421e-06	0.00286125935299296	0.00256166288516431
BX.KLT.DINV.CD.WD_tend2	3.77956262782522e-06	0.00275844520246479	0.00234209178072166
SP.POP.1564.MA.ZS_delta1	3.72420450052319e-06	0.000926702794894366	0.000658713313327966
IT.MLT.MAIN.P2	3.66660280313259e-06	0.000321509132922535	0.000439142208885311
NY.ADJ.NNTY.CD	3.5983725124826e-06	0.000249986245598592	0.000219571104442655
NY.GNP.PCAP.CD_isNA_rank	3.58147309431109e-06	0.000612414722711268	0.000878284417770621
DC.DAC.USAL.CD_tend2	3.54536165668339e-06	0.000208379181338028	0.000439142208885311
SP.POP.1014.MA.5Y_delta1	3.52418438599629e-06	0.00189054247359155	0.00146380736295104
EG.ELC.FOSL.ZS_min2	3.4918765877376e-06	0.000139607174295775	0.000219571104442655
SP.POP.7074.MA.5Y_lag1	3.4697059710323e-06	0.000259958186619718	0.000219571104442655
SE.SEC.ENRR_isNA_rank	3.45729726174162e-06	0.00027405644806338	0.000439142208885311
NV.IND.MANF.CD_delta1	3.42705537213679e-06	0.000268210827464789	0.000731903681475518
BX.GRT.TECH.CD.WD_isNA_rank	3.42232085305145e-06	0.000125165052816901	0.000365951840737759
ER.FSH.AQUA.MT_ratioavg2	3.4174678415342e-06	0.000123789612676056	0.000512332577032862
BX.PEF.TOTL.CD.WD_isNA_rank	3.40989874541321e-06	0.00157315966109155	0.0019761399399839
AG.PRD.CROP.XD_rank	3.40312661054753e-06	0.000194968639964789	0.000292761472590207
DC.DAC.CANL.CD_max2	3.39294349415524e-06	0.000315663512323944	0.000365951840737759
IS.AIR.GOOD.MT.K1_tend2	3.3920174921486e-06	0.00147068937059859	0.00175656883554124
SP.POP.5054.FE.5Y_delta1	3.33056202252812e-06	0.00147068937059859	0.00139061699480348
ER.FSH.AQUA.MT_tend2	3.31045353703494e-06	0.000536421654929578	0.000585522945180414
FI.RES.TOTL.MO_lag1	3.30132684479957e-06	0.00125508912852113	0.00102466515406572
BX.GSR.FCTY.CD_ratioavg2	3.29487505099825e-06	0.000275431888204225	0.000585522945180414
SP.POP.7074.FE.5Y	3.27994392492886e-06	0.00103364326584507	0.00080509404962307
DC.DAC.CECL.CD_rank	3.27823265523301e-06	0.00016539667693662	0.000365951840737759
AG.LND.CROP.ZS_min2	3.27517713984301e-06	0.000405067121478873	0.000439142208885311
NY.ADJ.NNTY.PC.CD_delta1	3.25507421836497e-06	0.000545705875880282	0.000658713313327966
SH.DYN.MORT.FE_delta1	3.23397138975193e-06	0.00013032295334507	0.000219571104442655
DC.DAC.GBRL.CD	3.22566585783799e-06	0.000297782790492958	0.000512332577032862
BM.GSR.CMCP.ZS_ratiomax2	3.19694654299465e-06	0.000109691351232394	0.000219571104442655
TM.VAL.INSF.ZS.WT	3.10386755923594e-06	0.000540547975352113	0.000585522945180414
NY.GDP.TOTL.RT.ZS_rank	3.05543544186939e-06	7.97755281690141e-05	0.000146380736295104
SE.SEC.ENRL_isNA_rank	3.03399948478809e-06	0.00131801551496479	0.00124423625850838
EN.URB.LCTY.UR.ZS_lag1	3.03277587689576e-06	4.02316241197183e-05	7.31903681475518e-05
SE.SEC.ENRR.FE	2.99127135274756e-06	5.9143926056338e-05	0.000219571104442655
NE.CON.GOVT.ZS_isNA_rank	2.97630331306949e-06	0.000379965338908451	0.000951474785918173
NY.GDP.PCAP.KN_isNA_rank	2.96034836611795e-06	0.000478309308978873	0.00102466515406572
BX.KLT.DINV.WD.GD.ZS_ratioavg2	2.83091674036709e-06	0.000633734044894366	0.000731903681475518
TX.VAL.MRCH.R6.ZS_lag1	2.82431550094861e-06	0.000670870928697183	0.000731903681475518
DC.DAC.FRAL.CD_avg2	2.80452612011169e-06	3.50737235915493e-05	0.000146380736295104
SP.POP.2024.FE.5Y_delta1	2.79416483072113e-06	0.000899193992077465	0.000878284417770621
NE.CON.PRVT.CD_lag1	2.79195434875136e-06	0.000395782900528169	0.000219571104442655
NY.GDP.TOTL.RT.ZS	2.77884607928549e-06	0.000419165382922535	0.000512332577032862
EG.USE.ELEC.KH.PC_ratioavg2	2.7473659846547e-06	0.000896099251760563	0.00124423625850838
FM.AST.NFRG.CN_rank	2.73310447395539e-06	4.16070642605634e-05	0.000146380736295104
SE.PRM.ENRR.MA	2.71862844805398e-06	0.000257551166373239	0.000439142208885311
NE.RSB.GNFS.CD	2.71473851647324e-06	0.000628920004401408	0.000658713313327966
EN.GHG.CH4.PI.MT.CE.AR5_tend2	2.70898030388259e-06	0.000934611575704225	0.000878284417770621
NV.SRV.TOTL.KD.ZG	2.70238064140404e-06	0.000731390294894366	0.00102466515406572
EN.URB.MCTY.TL.ZS_tend2	2.693736078237e-06	0.000425698723591549	0.000878284417770621
SP.DYN.TFRT.IN_delta1	2.65786417918833e-06	0.00207347601232394	0.00146380736295104
AG.PRD.FOOD.XD_tend2	2.6546862118897e-06	0.000147515955105634	0.000439142208885311
NE.CON.PRVT.ZS	2.61279272860609e-06	0.00250880281690141	0.00190294957183635
NV.AGR.TOTL.KD.ZG_rank	2.59574767420693e-06	0.000196344080105634	0.000292761472590207
SP.POP.5054.MA.5Y_delta1	2.58430562903867e-06	0.0014586542693662	0.00131742662665593
BM.GSR.NFSV.CD_isNA_rank	2.57512542333789e-06	0.000665369168133803	0.00080509404962307
AG.YLD.CREL.KG	2.56237093328074e-06	0.00108556613116197	0.000878284417770621
TM.VAL.MRCH.HI.ZS_lag1	2.54562262065939e-06	9.2498349471831e-05	0.000292761472590207
SP.POP.6569.FE.5Y_delta1	2.52334710320832e-06	0.000994787081866197	0.00117104589036083
BX.TRF.PWKR.CD.DT_tend2	2.46607088962003e-06	0.000334231954225352	0.00080509404962307
BM.GSR.TRAN.ZS_rank	2.45770957026125e-06	0.000199094960387324	0.000146380736295104
DC.DAC.GBRL.CD_isNA_rank	2.44333518121987e-06	0.00184859154929577	0.00168337846739369
DC.DAC.DEUL.CD_isNA_rank	2.43518155696804e-06	0.000677060409330986	0.000512332577032862
NE.RSB.GNFS.CN_delta1	2.41159774769087e-06	0.000492751430457747	0.000585522945180414
BX.GSR.NFSV.CD_isNA_rank	2.38988559775015e-06	0.000197375660211268	0.000439142208885311
DC.DAC.USAL.CD_ratioavg2	2.35516223352729e-06	0.000651270906690141	0.00117104589036083
NE.RSB.GNFS.CN_isNA_rank	2.35367161209012e-06	0.000384091659330986	0.000878284417770621
SP.POP.5559.MA.5Y_lag1	2.3491700117866e-06	0.000470744388204225	0.000365951840737759
FM.AST.PRVT.GD.ZS_isNA_rank	2.34011270572351e-06	0.000146140514964789	0.000292761472590207
EN.GHG.N2O.MT.CE.AR5_ratioavg2	2.33793235577851e-06	0.00415176606514085	0.00343994730293493
DT.ODA.ODAT.KD_rank	2.3236634037278e-06	0.00148960167253521	0.000878284417770621
TX.VAL.MRCH.R4.ZS_delta1	2.31136141987938e-06	0.000320821412852113	0.00080509404962307
EN.GHG.N2O.TR.MT.CE.AR5_tend2	2.28456660302901e-06	0.00115021181778169	0.00102466515406572
BX.GSR.TOTL.CD_isNA_rank	2.282207809025e-06	5.94877860915493e-05	0.000219571104442655
EN.GHG.CO2.TR.MT.CE.AR5_tend2	2.27506921244603e-06	0.000646800726232394	0.000951474785918173
IT.CEL.SETS_ratioavg2	2.20714598171447e-06	0.000394063600352113	0.000512332577032862
BX.GSR.FCTY.CD_min2	2.19249436497474e-06	0.000243452904929577	0.000585522945180414
NE.CON.PRVT.PC.KD_ratioavg2	2.15812077242566e-06	0.000191186179577465	0.000439142208885311
BM.GSR.CMCP.ZS_min2	2.15049705165068e-06	0.000279902068661972	0.000512332577032862
EG.ELC.FOSL.ZS_ratioavg2	2.1504905213133e-06	0.000433607504401409	0.000365951840737759
BM.TRF.PWKR.CD.DT_tend2	2.13813584698104e-06	0.00123858384683099	0.00146380736295104
TM.VAL.FUEL.ZS.UN_rank	2.11995905135417e-06	0.000118631712147887	0.000365951840737759
EN.GHG.CH4.BU.MT.CE.AR5_ratioavg2	2.10080158640331e-06	0.000311193331866197	0.000585522945180414
NY.ADJ.AEDU.GN.ZS_isNA_rank	2.07705322980805e-06	0.000360021456866197	0.000512332577032862
DC.DAC.TOTL.CD	2.05341400676683e-06	0.000132042253521127	0.000146380736295104
SE.SEC.ENRL.GC_delta1	2.04721327980938e-06	0.000539172535211268	0.000878284417770621
NY.GNP.MKTP.CN_isNA_rank	2.04518620903196e-06	0.000655741087147887	0.00117104589036083
TM.VAL.MANF.ZS.UN_delta1	2.03962102162884e-06	0.000674309529049296	0.000878284417770621
EN.GHG.CO2.IP.MT.CE.AR5_tend2	2.03906642473073e-06	0.000982408120598592	0.00131742662665593
IT.MLT.MAIN.P2_isNA_rank	2.03603702578405e-06	0.000182589678697183	0.000585522945180414
SP.POP.2024.FE.5Y_lag1	2.03094252381797e-06	0.00082732724471831	0.000731903681475518
BM.KLT.DINV.CD.WD_lag1	2.03005420152678e-06	0.000927390514964789	0.000658713313327966
EN.GHG.CH4.TR.MT.CE.AR5_tend2	2.01902572548016e-06	0.000448049625880282	0.00080509404962307
EN.URB.MCTY.TL.ZS	2.00627026452182e-06	0.000395439040492958	0.000365951840737759
TX.VAL.TRAN.ZS.WT_isNA_rank	1.99844542708779e-06	0.000872716769366197	0.000951474785918173
NY.GSR.NFCY.CD_delta1	1.99676191017398e-06	0.00334713358274648	0.00241528214886921
BM.GSR.NFSV.CD_lag1	1.99042212272892e-06	3.4729863556338e-05	7.31903681475518e-05
SP.POP.6569.MA.5Y_delta1	1.97523566897641e-06	0.00174612125880282	0.00139061699480348
FM.AST.NFRG.CN_min2	1.96596960120497e-06	0.00105874504841549	0.000878284417770621
NV.AGR.TOTL.KD.ZG_lag1	1.93485835701445e-06	0.000397846060739437	0.000878284417770621
DC.DAC.USAL.CD_rank	1.93028465788119e-06	0.000678779709507042	0.000512332577032862
AG.CON.FERT.ZS_tend2	1.92982944187812e-06	0.00123789612676056	0.00102466515406572
BX.TRF.PWKR.CD.DT_ratioavg2	1.91497174962182e-06	0.000330105633802817	0.000951474785918173
TM.VAL.SERV.CD.WT_delta1	1.86848348899165e-06	0.000136512433978873	0.000146380736295104
SP.DYN.LE00.IN_delta1	1.85759966010439e-06	0.000951116857394366	0.000878284417770621
NY.ADJ.NNTY.CD_isNA_rank	1.82612384481874e-06	0.00159069652288732	0.00161018809924614
BX.GSR.TRAN.ZS_rank	1.79675755700746e-06	4.95158450704225e-05	0.000146380736295104
DC.DAC.JPNL.CD_ratiomax2	1.79503684922096e-06	0.000735516615316902	0.000658713313327966
DT.ODA.ALLD.CD_isNA_rank	1.78508944097058e-06	0.000614477882922535	0.000512332577032862
NV.IND.MANF.ZS_isNA_rank	1.77412115411695e-06	0.000298126650528169	0.000658713313327966
NV.IND.TOTL.ZS_isNA_rank	1.773754857379e-06	0.000217319542253521	0.000439142208885311
EN.GHG.N2O.AG.MT.CE.AR5_tend2	1.76213353130659e-06	0.00106149592869718	0.000951474785918173
NY.ADJ.DNGY.GN.ZS_delta1	1.75905556074741e-06	0.00010315801056338	0.000292761472590207
SE.PRM.ENRR_delta1	1.75373764096618e-06	0.000171586157570423	0.000439142208885311
BM.GSR.TRVL.ZS_tend2	1.73857588786971e-06	0.000521979533450704	0.000878284417770621
SP.DYN.LE00.MA.IN_delta1	1.69581841848529e-06	0.000743425396126761	0.000951474785918173
BX.GSR.CMCP.ZS_isNA_rank	1.67634507465414e-06	0.000929453675176056	0.000951474785918173
BX.GSR.MRCH.CD_min2	1.67621148293761e-06	0.000216287962147887	0.000146380736295104
BX.PEF.TOTL.CD.WD_ratioavg2	1.66825687027608e-06	0.000868934308978873	0.00109785552221328
SP.POP.1519.FE.5Y_lag1	1.65787785534482e-06	0.000137200154049296	0.000146380736295104
TM.VAL.TRAN.ZS.WT_isNA_rank	1.656416794677e-06	0.000214912522007042	0.000585522945180414
TM.VAL.MRCH.OR.ZS	1.62135906160038e-06	0.000739642935739437	0.000878284417770621
NE.IMP.GNFS.CD_delta1	1.56899081696387e-06	0.000269930127640845	0.000731903681475518
TM.VAL.MRCH.R5.ZS_lag1	1.56469553853477e-06	0.000116912411971831	0.000365951840737759
MS.MIL.XPND.GD.ZS	1.55996583451248e-06	0.000422947843309859	0.000585522945180414
SE.PRM.TCHR_delta1	1.53730042179809e-06	0.000545018155809859	0.00102466515406572
SP.RUR.TOTL.ZS_delta1	1.50607376883419e-06	0.000692877970950704	0.00080509404962307
EN.GHG.CH4.FE.MT.CE.AR5_tend2	1.50070004738044e-06	0.000225572183098592	0.000512332577032862
trade_balance_ratio_delta1	1.47398440203624e-06	0.00114195917693662	0.00153699773109859
BX.TRF.CURR.CD	1.46189354921055e-06	0.00171551771566901	0.00131742662665593
TX.VAL.MRCH.WR.ZS_lag1	1.4593306488269e-06	0.00118666098151408	0.000878284417770621
NE.CON.TOTL.KD.ZG_max2	1.44961809086267e-06	0.000364147777288732	0.000512332577032862
DT.ODA.ODAT.CD_tend2	1.44724945195165e-06	1.85684419014085e-05	7.31903681475518e-05
NV.IND.TOTL.KD_delta1	1.44183711257655e-06	0.000913636113556338	0.00102466515406572
EG.ELC.NUCL.ZS	1.42149002760997e-06	0.000877874669894366	0.000585522945180414
TM.VAL.TRVL.ZS.WT	1.41802193432518e-06	7.46176276408451e-05	7.31903681475518e-05
EN.GHG.CH4.FE.MT.CE.AR5	1.38893901077391e-06	0.000303972271126761	0.000219571104442655
DC.DAC.FRAL.CD_rank	1.38671546294228e-06	0.00167872469190141	0.00109785552221328
year_cycle	1.36973410722206e-06	0.000183277398767606	0.000439142208885311
AG.LND.AGRI.ZS_tend2	1.36844510379439e-06	0.000359677596830986	0.000439142208885311
NY.GDP.FRST.RT.ZS	1.36383561076449e-06	8.28702684859155e-05	0.000219571104442655
NY.GSR.NFCY.CN_delta1	1.33621185548744e-06	0.00951976507482394	0.00761179828734539
EN.GHG.CO2.BU.MT.CE.AR5_tend2	1.33439512920535e-06	0.0113625110035211	0.00702627534216497
EN.GHG.CO2.PC.CE.AR5_min2	1.32752269631712e-06	0.000118287852112676	0.000219571104442655
SP.POP.1519.MA.5Y_lag1	1.30280316474441e-06	0.00121279434419014	0.00109785552221328
FP.CPI.TOTL_isNA_rank	1.29469609740027e-06	0.000517509352992958	0.00080509404962307
IT.MLT.MAIN.P2_tend2	1.28770244969044e-06	0.00927184198943662	0.00570884871550904
FP.CPI.TOTL_tend2	1.28756135152954e-06	0.000256175726232394	0.000585522945180414
NY.GDP.MKTP.KD.ZG_isNA_rank	1.2688364245554e-06	0.000194280919894366	0.000439142208885311
BM.GSR.TOTL.CD_isNA_rank	1.24740934464664e-06	0.000330793353873239	0.000585522945180414
SH.DTH.NMRT_delta1	1.23765086070711e-06	9.21544894366197e-05	0.000365951840737759
TX.VAL.MRCH.CD.WT_delta1	1.22514181887757e-06	0.000170554577464789	0.000292761472590207
SE.PRM.TCHR_isNA_rank	1.22343774622212e-06	0.000102126430457746	0.000292761472590207
IS.AIR.PSGR_min2	1.2073388303166e-06	6.60211267605634e-05	7.31903681475518e-05
DT.ODA.ALLD.CD_min2	1.2063264916231e-06	2.78526628521127e-05	7.31903681475518e-05
SE.TER.ENRR_isNA_rank	1.20187503407335e-06	0.00103192396566901	0.00117104589036083
SP.RUR.TOTL.ZG_delta1	1.20161926958426e-06	0.000645081426056338	0.00080509404962307
DT.ODA.ODAT.GN.ZS_isNA_rank	1.17185075511263e-06	0.000481404049295775	0.000731903681475518
DC.DAC.GBRL.CD_max2	1.16768185719431e-06	0.000164365096830986	0.000146380736295104
SP.POP.2529.FE.5Y_delta1	1.15957843894803e-06	0.000744113116197183	0.00080509404962307
NY.GDP.MINR.RT.ZS_isNA_rank	1.15937755095849e-06	0.000524042693661972	0.000951474785918173
BM.GSR.TRAN.ZS_min2	1.15818246623941e-06	0.000132042253521127	0.000219571104442655
EN.URB.LCTY_ratioavg2	1.14810303884634e-06	0.000247923085387324	0.000512332577032862
BX.GSR.FCTY.CD_max2	1.14198870935397e-06	0.00011656855193662	0.000146380736295104
NY.GDP.MKTP.KN_isNA_rank	1.13735463415005e-06	0.000135824713908451	0.000365951840737759
IT.MLT.MAIN_max2	1.12702712566829e-06	3.06035431338028e-05	0.000146380736295104
EG.ELC.HYRO.ZS_tend2	1.12084174894817e-06	0.000414351342429578	0.000585522945180414
TM.VAL.INSF.ZS.WT_lag1	1.1196316202599e-06	0.000381684639084507	0.000439142208885311
NY.GDP.DEFL.KD.ZG_lag1	1.10103119593728e-06	0.000581123459507042	0.00109785552221328
IT.CEL.SETS.P2_max2	1.10033222630826e-06	0.000380309198943662	0.000292761472590207
SE.TER.ENRR_lag1	1.08962952730453e-06	0.000736892055457747	0.000658713313327966
DT.ODA.ALLD.CD_lag1	1.08198223674162e-06	0.000213193221830986	0.000365951840737759
TX.VAL.MRCH.OR.ZS_delta1	1.0750515296062e-06	0.000788814920774648	0.00139061699480348
FS.AST.CGOV.GD.ZS_ratioavg2	1.06820763624693e-06	0.0241891780369718	0.0144916928932153
DC.DAC.CANL.CD_isNA_rank	1.06423065510018e-06	0.000288154709507042	0.000512332577032862
FP.CPI.TOTL.ZG_ratioavg2	1.05883466029751e-06	0.000293656470070423	0.000731903681475518
NE.CON.PRVT.ZS_lag1	1.04528797288757e-06	0.00116362235915493	0.000878284417770621
NE.DAB.TOTL.CD_ratioavg2	1.04130150066035e-06	0.000402660101232394	0.000439142208885311
FM.AST.DOMS.CN_ratioavg2	1.0300825049519e-06	0.00103845730633803	0.00175656883554124
SH.IMM.IDPT_delta1	9.93758985385116e-07	0.000218007262323944	0.000439142208885311
FD.AST.PRVT.GD.ZS_lag1	9.80935619796703e-07	0.0001708984375	0.000219571104442655
TX.VAL.FOOD.ZS.UN_isNA_rank	9.74644769767404e-07	0.000393032020246479	0.000731903681475518
BM.GSR.CMCP.ZS_isNA_rank	9.66535871536835e-07	0.000333888094190141	0.00080509404962307
NE.RSB.GNFS.CN	9.46345305556376e-07	0.00229251485475352	0.00153699773109859
TM.VAL.MRCH.R2.ZS_delta1	9.38895332191171e-07	0.000414007482394366	0.000731903681475518
SM.POP.RHCR.EA	9.38207060642018e-07	0.000250330105633803	0.000365951840737759
NE.CON.PRVT.KD.ZG_ratiomax2	9.23950388099813e-07	0.000173305457746479	0.000365951840737759
BM.GSR.NFSV.CD_max2	9.17574945908027e-07	0.000296751210387324	0.000292761472590207
NV.IND.TOTL.CD_delta1	9.12782056107453e-07	0.00021697568221831	0.000219571104442655
NY.GDP.PCAP.KD.ZG_rank	9.06188144649532e-07	0.000142358054577465	0.000292761472590207
NY.ADJ.DNGY.CD_delta1	8.85032469950993e-07	0.000306379291373239	0.000439142208885311
DC.DAC.FRAL.CD_isNA_rank	8.78505011665026e-07	0.000455270686619718	0.000512332577032862
NV.IND.MANF.ZS_lag1	8.54451783573996e-07	0.00126506106954225	0.00109785552221328
TX.VAL.AGRI.ZS.UN_delta1	8.53341470670427e-07	0.000164365096830986	0.000439142208885311
FI.RES.TOTL.CD_tend2	8.50858563635249e-07	0.000184996698943662	0.000365951840737759
FI.RES.TOTL.MO_isNA_rank	8.41579643474135e-07	0.00115605743838028	0.00124423625850838
NY.GDP.MKTP.KD.ZG_lag1	8.36177967607078e-07	0.000404723261443662	0.000658713313327966
BX.PEF.TOTL.CD.WD_tend2	8.27530604767693e-07	0.00166393871038732	0.00168337846739369
NE.CON.GOVT.ZS_ratioavg2	8.21400813500714e-07	0.000236919564260563	0.000219571104442655
AG.PRD.LVSK.XD_rank	8.14449980146173e-07	0.000334575814260563	0.000439142208885311
MS.MIL.MPRT.KD_lag1	8.08076126488992e-07	0.000660898987676056	0.00102466515406572
FM.LBL.BMNY.GD.ZS_isNA_rank	8.02485474065996e-07	0.000102814150528169	0.000292761472590207
FM.LBL.BMNY.GD.ZS_tend2	7.93301542857397e-07	0.00102573448503521	0.00117104589036083
DT.ODA.ALLD.KD_tend2	7.91196229933156e-07	0.000121038732394366	0.000219571104442655
BX.KLT.DINV.WD.GD.ZS_tend2	7.84269254200327e-07	0.000422947843309859	0.000731903681475518
NY.GDP.PCAP.CD_rank	7.81351945936218e-07	3.36982834507042e-05	7.31903681475518e-05
BM.GSR.MRCH.CD_isNA_rank	7.80876961783986e-07	0.000241733604753521	0.000512332577032862
NV.SRV.TOTL.ZS	7.80841753147653e-07	0.0010315801056338	0.00080509404962307
NV.IND.MANF.KD_delta1	7.80431320538439e-07	0.000430168904049296	0.000585522945180414
BM.GSR.FCTY.CD_tend2	7.66560804458057e-07	0.000616197183098592	0.00080509404962307
AG.LND.AGRI.K2_tend2	7.60429441332085e-07	0.000164365096830986	0.000365951840737759
BX.GSR.MRCH.CD_tend2	7.5418519004918e-07	6.94597271126761e-05	0.000219571104442655
AG.PRD.FOOD.XD_max2	7.51133916967169e-07	0.000134449273767606	0.000146380736295104
SE.PRM.ENRL.FE.ZS_lag1	7.3871949150594e-07	0.000107972051056338	0.000292761472590207
SE.SEC.ENRR.FE_delta1	7.32148357501119e-07	0.000683937610035211	0.000731903681475518
NY.GDP.MKTP.KD.ZG	7.2982970267229e-07	0.000387186399647887	0.000585522945180414
BM.GSR.TRAN.ZS_isNA_rank	7.29636236268933e-07	0.000199782680457746	0.000439142208885311
SP.POP.2529.FE.5Y_rank	7.27940411274018e-07	0.000426730303697183	0.000292761472590207
SP.POP.6569.FE.5Y	7.15225397230398e-07	0.00070250605193662	0.000439142208885311
BX.GSR.FCTY.CD_isNA_rank	7.13352161233884e-07	0.000196344080105634	0.000512332577032862
BM.KLT.DINV.WD.GD.ZS_lag1	7.07202229253533e-07	0.000365867077464789	0.000512332577032862
NE.GDI.FTOT.CD_isNA_rank	6.94721496678797e-07	0.000296751210387324	0.000365951840737759
SP.POP.0004.FE.5Y	6.9188136296422e-07	4.50456646126761e-05	0.000146380736295104
NY.GSR.NFCY.CN_lag1	6.90792406289166e-07	0.00757695587588028	0.00431823172070555
NV.SRV.TOTL.KD.ZG_rank	6.9010937007035e-07	0.000296751210387324	0.000439142208885311
BX.TRF.CURR.CD_max2	6.83907768182141e-07	6.12070862676056e-05	0.000146380736295104
DC.DAC.DEUL.CD_avg2	6.74329734383966e-07	0.000124477332746479	7.31903681475518e-05
NV.IND.MANF.KD_isNA_rank	6.7293730820379e-07	0.000288154709507042	0.000292761472590207
TG.VAL.TOTL.GD.ZS_delta1	6.64989607346722e-07	0.000184308978873239	0.000439142208885311
NV.IND.TOTL.KD_isNA_rank	6.57909384774892e-07	0.000219038842429577	0.000439142208885311
SP.DYN.TO65.FE.ZS_delta1	6.45199395760367e-07	0.000190154599471831	0.000219571104442655
IS.AIR.PSGR_isNA_rank	6.40157729191686e-07	0.000346610915492958	0.00080509404962307
BX.GSR.NFSV.CD_max2	6.31370900447943e-07	1.58175616197183e-05	7.31903681475518e-05
NE.CON.PRVT.ZS_ratioavg2	6.27612081322241e-07	0.000131698393485915	0.000146380736295104
EN.GHG.N2O.PI.MT.CE.AR5_ratioavg2	6.26541617351011e-07	0.000240702024647887	0.000365951840737759
SE.SEC.ENRR.MA	6.23700893558933e-07	0.000514758472711268	0.000585522945180414
NE.TRD.GNFS.ZS_lag1	6.17405660476691e-07	0.00674619003080986	0.00402547024811535
IT.MLT.MAIN_isNA_rank	6.09834424637595e-07	0.000218694982394366	0.000439142208885311
SP.POP.3539.MA.5Y_delta1	6.09351909988507e-07	0.000892316791373239	0.000951474785918173
TM.VAL.MMTL.ZS.UN	6.08627527738255e-07	0.0016144228653169	0.00109785552221328
IS.AIR.GOOD.MT.K1_isNA_rank	6.06864130501858e-07	0.000344203895246479	0.000585522945180414
NY.ADJ.DNGY.GN.ZS_rank	5.99323411106871e-07	4.67649647887324e-05	0.000146380736295104
TX.VAL.FUEL.ZS.UN_delta1	5.98326330871114e-07	0.000703881492077465	0.000731903681475518
AG.YLD.CREL.KG_avg2	5.92460610202987e-07	0.000557397117077465	0.000439142208885311
EN.GHG.CH4.WA.MT.CE.AR5_ratioavg2	5.92239169632097e-07	0.000280589788732394	0.000512332577032862
TX.VAL.MRCH.R1.ZS_delta1	5.89081196287306e-07	0.000258238886443662	0.000878284417770621
FS.AST.PRVT.GD.ZS_tend2	5.85571214196095e-07	0.00066193056778169	0.000731903681475518
DC.DAC.CECL.CD_isNA_rank	5.83243771434398e-07	0.000279214348591549	0.000585522945180414
DC.DAC.GBRL.CD_ratioavg2	5.79543192613687e-07	0.000363116197183099	0.00080509404962307
BX.TRF.CURR.CD_tend2	5.75712410836504e-07	0.00168869663292254	0.00146380736295104
IT.MLT.MAIN_ratioavg2	5.64282261993881e-07	0.000355207416373239	0.00080509404962307
TM.VAL.MRCH.CD.WT_lag1	5.52968684280732e-07	0.000257895026408451	0.000146380736295104
FI.RES.XGLD.CD_ratioavg2	5.4496182407616e-07	0.000109003631161972	0.000292761472590207
EN.GHG.CH4.PI.MT.CE.AR5_ratioavg2	5.40129568285551e-07	0.000166772117077465	0.000585522945180414
SP.POP.65UP.TO.ZS	5.40124312565577e-07	0.000599691901408451	0.000365951840737759
NE.GDI.FTOT.ZS_isNA_rank	5.33129879444903e-07	0.000266835387323944	0.00080509404962307
EN.GHG.N2O.IC.MT.CE.AR5_delta1	5.29315939043905e-07	0.000121726452464789	0.000146380736295104
NY.GNP.PCAP.CN_isNA_rank	5.25659646340183e-07	0.000463179467429577	0.000585522945180414
DT.ODA.ODAT.PC.ZS_ratioavg2	5.15168562052502e-07	5.67369058098592e-05	0.000146380736295104
IT.MLT.MAIN.P2_lag1	5.1392243928302e-07	0.00124064700704225	0.000731903681475518
EN.GHG.CH4.BU.MT.CE.AR5_delta1	5.08933803637873e-07	0.000136856294014085	0.000219571104442655
IS.AIR.GOOD.MT.K1_ratiomax2	5.06165704625446e-07	0.000182245818661972	0.000219571104442655
NY.GDP.MKTP.CN_delta1	5.02864506432332e-07	0.000159551056338028	0.000219571104442655
DC.DAC.JPNL.CD_min2	4.87060989460589e-07	0.000187403719190141	0.000365951840737759
NY.GDP.PCAP.KD.ZG_delta1	4.83647059661572e-07	0.000334919674295775	0.000658713313327966
NE.CON.PRVT.CD_tend2	4.74269113995767e-07	0.000191186179577465	0.000219571104442655
SH.STA.MMRT	4.69500734209113e-07	6.53334066901408e-05	0.000292761472590207
TX.VAL.TRVL.ZS.WT_lag1	4.68672609636097e-07	9.35299295774648e-05	0.000146380736295104
SP.DYN.AMRT.FE_delta1	4.6848488206141e-07	0.000141326474471831	0.000439142208885311
SH.IMM.MEAS	4.67519426655188e-07	9.765625e-05	0.000146380736295104
FI.RES.TOTL.MO	4.60281693064156e-07	0.000430512764084507	0.000439142208885311
PA.NUS.ATLS_delta1	4.59610149932166e-07	0.0282941791373239	0.0177120690917075
EN.GHG.CO2.PC.CE.AR5_tend2	4.56043641290979e-07	0.000383403939260563	0.000585522945180414
SP.RUR.TOTL.ZG	4.55508935446125e-07	0.000158519476232394	0.000219571104442655
SP.POP.1014.MA.5Y	4.53321540590477e-07	0.00119869608274648	0.00102466515406572
TX.VAL.MANF.ZS.UN_rank	4.45629340254451e-07	0.000222133582746479	0.000365951840737759
TM.VAL.MRCH.R2.ZS	4.45422372129146e-07	0.000397502200704225	0.000439142208885311
SE.SEC.ENRR.MA_isNA_rank	4.45013694175321e-07	0.000110379071302817	0.000146380736295104
NY.GDP.FCST.CN_isNA_rank	4.42306877299816e-07	0.000168491417253521	0.000219571104442655
TX.VAL.MMTL.ZS.UN_isNA_rank	4.41771394846013e-07	0.00022247744278169	0.000439142208885311
SP.POP.1564.TO.ZS_lag1	4.40090824936692e-07	0.000633390184859155	0.000365951840737759
IS.AIR.GOOD.MT.K1_min2	4.40017144411535e-07	0.000396470620598592	0.000219571104442655
NE.CON.PRVT.KD.ZG_isNA_rank	4.39044570293083e-07	0.000267866967429578	0.000658713313327966
BX.TRF.CURR.CD_isNA_rank	4.0925338056405e-07	0.000251705545774648	0.000512332577032862
SM.POP.NETM_delta1	4.03594276395405e-07	0.000327698613556338	0.000658713313327966
NE.CON.PRVT.ZS_isNA_rank	4.03248108974036e-07	0.000524042693661972	0.000731903681475518
SE.SEC.ENRL.GC_rank	4.00704419881521e-07	3.8512323943662e-05	0.000146380736295104
FS.AST.CGOV.GD.ZS_isNA_rank	4.00523913684143e-07	0.000548800616197183	0.00102466515406572
DC.DAC.CECL.CD_tend2	3.99560872999111e-07	0.000454239106514085	0.00109785552221328
EN.GHG.CH4.BU.MT.CE.AR5_tend2	3.92869641680466e-07	0.000632702464788732	0.00080509404962307
SE.SEC.ENRR.MA_delta1	3.9213666162158e-07	0.000211130061619718	0.000439142208885311
TM.VAL.MMTL.ZS.UN_delta1	3.90522751002589e-07	0.00117875220070423	0.00124423625850838
FS.AST.PRVT.GD.ZS_lag1	3.89468093786257e-07	0.000188091439260563	0.000292761472590207
NE.CON.GOVT.CD_tend2	3.8917838792685e-07	0.000430856624119718	0.000439142208885311
NV.AGR.TOTL.KD.ZG_delta1	3.81963306193923e-07	0.000921201034330986	0.00153699773109859
NE.IMP.GNFS.ZS_lag1	3.75422689281419e-07	0.00737407845510563	0.00439142208885311
health_coverage_efficiency	3.74084552685031e-07	0.00025239326584507	0.000219571104442655
NY.GDP.FCST.KD_delta1	3.70341080825887e-07	0.000567369058098592	0.000658713313327966
FS.AST.CGOV.GD.ZS_min2	3.67306911451412e-07	4.16070642605634e-05	0.000146380736295104
FI.RES.TOTL.MO_max2	3.66814172648169e-07	0.000496877750880282	0.000439142208885311
SE.PRM.AGES_rank	3.64949768353768e-07	0.000352800396126761	0.000439142208885311
EN.GHG.N2O.TR.MT.CE.AR5_ratioavg2	3.64461200649139e-07	3.23228433098592e-05	0.000146380736295104
SP.URB.TOTL.IN.ZS_lag1	3.62185237121789e-07	0.000371024977992958	0.000292761472590207
DT.ODA.ALLD.CD_rank	3.55216950206908e-07	0.000132729973591549	0.000146380736295104
BX.GSR.CMCP.ZS_ratioavg2	3.54089304605948e-07	0.000304316131161972	0.000512332577032862
BX.TRF.PWKR.DT.GD.ZS_min2	3.50131355793897e-07	0.000194968639964789	0.000292761472590207
BX.GSR.NFSV.CD_tend2	3.40893771812501e-07	0.000378246038732394	0.000585522945180414
NV.AGR.TOTL.CN_delta1	3.36936936656476e-07	0.000248954665492958	0.000439142208885311
BM.KLT.DINV.WD.GD.ZS	3.33861941419839e-07	0.000771621919014084	0.000878284417770621
AG.LND.AGRI.K2_ratioavg2	3.27826978245138e-07	0.00196378466109155	0.00109785552221328
DT.NFL.UNDP.CD_rank	3.24965732163003e-07	0.00128362951144366	0.000951474785918173
TM.VAL.OTHR.ZS.WT_rank	3.24567153239434e-07	1.37544014084507e-05	7.31903681475518e-05
BX.GSR.TOTL.CD_max2	3.2173159436711e-07	0.000200470400528169	0.000146380736295104
NV.AGR.TOTL.KD_lag1	3.20089346431407e-07	9.21544894366197e-05	0.000219571104442655
SP.POP.5559.FE.5Y_rank	3.17898388136182e-07	0.000246203785211268	0.000146380736295104
AG.CON.FERT.ZS	3.15673951500806e-07	0.00111892055457746	0.000731903681475518
BM.TRF.PWKR.CD.DT_avg2	3.14295584324109e-07	4.26386443661972e-05	7.31903681475518e-05
NE.CON.PRVT.KD.ZG_max2	3.13796910970643e-07	0.000572526958626761	0.000585522945180414
NE.CON.TOTL.CD	3.12834879213411e-07	3.3354423415493e-05	7.31903681475518e-05
MS.MIL.MPRT.KD_max2	3.09657887596814e-07	0.000185684419014085	0.000365951840737759
SP.POP.1564.MA.ZS_lag1	3.06354633465341e-07	0.000823888644366197	0.000512332577032862
TX.VAL.MANF.ZS.UN	2.96579936767785e-07	0.000795004401408451	0.00117104589036083
SP.POP.6569.FE.5Y_rank	2.91901454952542e-07	0.000691158670774648	0.000439142208885311
SP.POP.2529.MA.5Y	2.86277834643346e-07	5.57053257042254e-05	0.000146380736295104
SP.URB.TOTL.IN.ZS	2.86132564927367e-07	0.00058043573943662	0.000365951840737759
SP.POP.1564.TO.ZS_rank	2.84609201261953e-07	0.00010040713028169	7.31903681475518e-05
TX.VAL.AGRI.ZS.UN_isNA_rank	2.75114083477114e-07	0.000355207416373239	0.000439142208885311
TM.VAL.MRCH.AL.ZS_lag1	2.72305675592132e-07	0.00039887764084507	0.000585522945180414
SE.TER.ENRR_delta1	2.70548672480822e-07	0.00385776573503521	0.00278123398960697
SP.POP.3539.MA.5Y_lag1	2.69248032633823e-07	0.000288154709507042	0.000219571104442655
BM.GSR.TOTL.CD_tend2	2.68626057417173e-07	0.000164365096830986	0.000219571104442655
SP.POP.65UP.MA.ZS_lag1	2.68579783218907e-07	0.000367930237676056	0.000219571104442655
EN.POP.DNST	2.66264625267626e-07	4.22947843309859e-05	0.000146380736295104
SP.POP.0014.MA.ZS_lag1	2.65580692667499e-07	8.14948283450704e-05	7.31903681475518e-05
DC.DAC.TOTL.CD_max2	2.64691716244357e-07	0.000187747579225352	0.000146380736295104
EN.GHG.CH4.WA.MT.CE.AR5_tend2	2.62174743603579e-07	0.00034729863556338	0.000512332577032862
EG.ELC.NUCL.ZS_tend2	2.60792885499207e-07	0.0157873019366197	0.00892922491400132
SP.RUR.TOTL.ZS_rank	2.49306498274196e-07	0.00116224691901408	0.000731903681475518
SE.PRM.ENRL.FE.ZS_delta1	2.49109092408631e-07	0.000786407900528169	0.000878284417770621
TX.VAL.SERV.CD.WT_delta1	2.48678356250704e-07	0.00024964238556338	0.000365951840737759
EN.GHG.CH4.MT.CE.AR5_ratiomax2	2.45297079194344e-07	0.000136168573943662	0.000146380736295104
BM.KLT.DINV.WD.GD.ZS_tend2	2.44047710042675e-07	0.000201158120598592	0.000365951840737759
TM.VAL.FUEL.ZS.UN_isNA_rank	2.4359085876275e-07	0.000453207526408451	0.000658713313327966
consumption_efficiency_rank	2.40749600425521e-07	0.00125680842869718	0.000878284417770621
health_coverage_efficiency_lag1	2.40478965768262e-07	0.000456646126760563	0.000365951840737759
BM.GSR.INSF.ZS_lag1	2.40058993665169e-07	0.00014098261443662	0.000219571104442655
NY.GSR.NFCY.CD_lag1	2.39290439114047e-07	0.000814260563380282	0.000951474785918173
MS.MIL.XPND.GD.ZS_min2	2.3656129185026e-07	0.000165052816901408	0.000292761472590207
NY.GDP.MKTP.KN_delta1	2.35298212565344e-07	0.000616884903169014	0.000512332577032862
AG.YLD.CREL.KG_tend2	2.32894037835589e-07	0.000334919674295775	0.000585522945180414
DT.ODA.ODAT.KD_ratioavg2	2.32477354508331e-07	0.000113129951584507	0.000219571104442655
BM.GSR.INSF.ZS_avg2	2.31852997703026e-07	0.000332168794014085	0.000365951840737759
BX.GSR.GNFS.CD_max2	2.31597799551575e-07	0.000267523107394366	0.000146380736295104
DT.ODA.ALLD.KD_rank	2.31355758897819e-07	0.000169866857394366	0.000146380736295104
IT.CEL.SETS.P2_lag1	2.29320892359202e-07	0.000123101892605634	0.000146380736295104
EG.USE.PCAP.KG.OE_isNA_rank	2.283558022991e-07	0.000246547645246479	0.000512332577032862
DC.DAC.DEUL.CD_ratioavg2	2.27680680832278e-07	0.000240702024647887	0.00080509404962307
TM.VAL.MMTL.ZS.UN_rank	2.26295315920986e-07	0.000117256272007042	0.000292761472590207
FP.CPI.TOTL.ZG_tend2	2.22173498950657e-07	0.00016539667693662	0.000365951840737759
TM.VAL.MANF.ZS.UN	2.21464966177115e-07	6.91158670774648e-05	0.000219571104442655
SP.POP.5559.MA.5Y_rank	2.20215585227324e-07	0.00149407185299296	0.000951474785918173
SH.DTH.NMRT	2.17108004731014e-07	0.000419509242957747	0.000292761472590207
DT.NFL.UNDP.CD_max2	2.16649357076572e-07	0.000104877310739437	0.000146380736295104
NY.ADJ.DKAP.GN.ZS_isNA_rank	2.1398638778048e-07	0.000299845950704225	0.000512332577032862
AG.PRD.FOOD.XD_lag1	2.11777449881722e-07	9.90316901408451e-05	0.000219571104442655
IT.CEL.SETS_tend2	2.11662719516892e-07	0.000944583516725352	0.000878284417770621
BM.KLT.DINV.CD.WD_ratioavg2	2.09959774943153e-07	0.000112098371478873	0.000292761472590207
DC.DAC.TOTL.CD_tend2	2.09865101709087e-07	0.000365867077464789	0.000731903681475518
IT.MLT.MAIN.P2_max2	2.08483490807224e-07	0.00121313820422535	0.000658713313327966
NY.GNP.ATLS.CD_isNA_rank	2.07180033369306e-07	0.000297095070422535	0.000439142208885311
NY.GDP.PCAP.KN_delta1	2.054290967544e-07	0.000767495598591549	0.000731903681475518
BM.GSR.INSF.ZS_tend2	2.04188528024509e-07	0.000559804137323944	0.00080509404962307
FM.AST.NFRG.CN_ratioavg2	2.03618742263763e-07	0.000307754731514085	0.000658713313327966
NE.RSB.GNFS.CN_lag1	2.02897166020412e-07	0.00383679027288732	0.00219571104442655
BM.KLT.DINV.CD.WD_isNA_rank	2.02884446068708e-07	0.00031188105193662	0.000439142208885311
EN.GHG.N2O.IC.MT.CE.AR5_tend2	2.02279073468856e-07	0.000280245928697183	0.000292761472590207
NE.EXP.GNFS.KD.ZG_isNA_rank	2.00989498485965e-07	0.00133108219630282	0.00109785552221328
EN.GHG.ALL.PC.CE.AR5_tend2	1.99178286283572e-07	9.83439700704225e-05	0.000219571104442655
DC.DAC.TOTL.CD_ratiomax2	1.92024769662055e-07	8.28702684859155e-05	0.000146380736295104
NY.ADJ.DNGY.CD_isNA_rank	1.916332655416e-07	0.00064301826584507	0.000878284417770621
AG.YLD.CREL.KG_rank	1.88183093129234e-07	0.000416758362676056	0.000365951840737759
NE.IMP.GNFS.ZS	1.8569568448096e-07	0.000382028499119718	0.000731903681475518
BX.GRT.EXTA.CD.WD_avg2	1.85121999688883e-07	5.19228653169014e-05	0.000146380736295104
SP.POP.65UP.TO.ZS_delta1	1.83136763134323e-07	0.000186028279049296	0.000146380736295104
NE.CON.PRVT.PC.KD_max2	1.82586660667026e-07	0.000216631822183099	0.000146380736295104
NY.ADJ.DFOR.GN.ZS_delta1	1.80918272523772e-07	0.00102057658450704	0.000951474785918173
NV.IND.MANF.ZS_delta1	1.79756952576583e-07	0.00019256161971831	0.000292761472590207
SP.POP.7579.MA.5Y_rank	1.79180886421539e-07	0.000210098481514085	0.000146380736295104
EN.GHG.CH4.IC.MT.CE.AR5_ratioavg2	1.7647288524613e-07	0.000278182768485916	0.000365951840737759
SP.POP.7074.MA.5Y	1.74301103145196e-07	0.000118287852112676	7.31903681475518e-05
IS.AIR.PSGR_tend2	1.73706603535593e-07	0.000426730303697183	0.000658713313327966
MS.MIL.MPRT.KD_isNA_rank	1.72675177363836e-07	0.000186028279049296	0.000219571104442655
TM.VAL.AGRI.ZS.UN	1.71994495960866e-07	0.000692190250880282	0.00102466515406572
SP.POP.1564.TO.ZS_delta1	1.71215932842505e-07	0.000306035431338028	0.000219571104442655
EN.GHG.N2O.MT.CE.AR5_tend2	1.71194382480569e-07	0.000564618177816901	0.000878284417770621
EN.GHG.N2O.TR.MT.CE.AR5	1.71040688932798e-07	3.54175836267606e-05	0.000146380736295104
NV.IND.TOTL.ZS	1.70704837355651e-07	0.000443235585387324	0.000658713313327966
SE.SEC.ENRR.FE_rank	1.69686772154264e-07	8.28702684859155e-05	0.000292761472590207
FS.AST.PRVT.GD.ZS	1.6774917765195e-07	0.000129635233274648	0.000219571104442655
TX.VAL.FOOD.ZS.UN	1.67035880001618e-07	0.00170417033450704	0.00117104589036083
IS.AIR.DPRT_ratioavg2	1.66953570295264e-07	0.000299158230633803	0.000585522945180414
TM.VAL.MANF.ZS.UN_isNA_rank	1.6579164566246e-07	0.000274744168133803	0.000585522945180414
SE.PRM.ENRL.FE.ZS	1.6564924118076e-07	0.00130804357394366	0.00117104589036083
EN.GHG.N2O.FE.MT.CE.AR5_ratioavg2	1.655160777825e-07	0.000296063490316901	0.000512332577032862
AG.YLD.CREL.KG_lag1	1.65000735661296e-07	0.00032013369278169	0.000365951840737759
SP.DYN.AMRT.FE_lag1	1.61284683414041e-07	0.000522667253521127	0.000365951840737759
EG.ELC.NUCL.ZS_avg2	1.6089811447483e-07	0.000116912411971831	7.31903681475518e-05
SP.DYN.LE00.FE.IN_lag1	1.60575211328528e-07	0.000149579115316901	7.31903681475518e-05
SH.DYN.MORT.MA_delta1	1.603462598157e-07	7.73685079225352e-05	7.31903681475518e-05
TM.VAL.MRCH.RS.ZS_delta1	1.59496871801136e-07	0.00096830985915493	0.00131742662665593
NV.AGR.TOTL.CD_delta1	1.59405351614058e-07	0.000526105853873239	0.000731903681475518
SP.POP.DPND.YG	1.53472296545412e-07	0.000396814480633803	0.000292761472590207
NY.GDP.PCAP.KD.ZG_isNA_rank	1.53270793190076e-07	0.00039612676056338	0.000658713313327966
BM.GSR.TOTL.CD_ratioavg2	1.51951640781397e-07	0.000156800176056338	0.000365951840737759
TX.VAL.MRCH.R2.ZS_lag1	1.44792722755431e-07	4.3670224471831e-05	0.000146380736295104
TX.VAL.FUEL.ZS.UN	1.43751313717336e-07	0.000215256382042254	0.000512332577032862
EN.GHG.CO2.BU.MT.CE.AR5_lag1	1.43633222256342e-07	3.57614436619718e-05	7.31903681475518e-05
IT.CEL.SETS.P2_ratioavg2	1.43625390433296e-07	0.000461804027288732	0.000658713313327966
EN.GHG.CO2.PI.MT.CE.AR5_tend2	1.42794877407374e-07	0.000966590558978873	0.00139061699480348
NE.CON.TOTL.KD.ZG_ratioavg2	1.3759754592873e-07	0.00101301166373239	0.00124423625850838
SE.PRM.ENRL_isNA_rank	1.36580485504484e-07	0.00193455655809859	0.00161018809924614
BM.GSR.CMCP.ZS_ratioavg2	1.35322352175697e-07	0.00107937665052817	0.00117104589036083
EN.GHG.CO2.MT.CE.AR5_ratioavg2	1.34291576741045e-07	0.00017364931778169	0.000292761472590207
ER.FSH.PROD.MT_tend2	1.3360247116004e-07	0.000719699053697183	0.00109785552221328
EN.GHG.CH4.TR.MT.CE.AR5_ratioavg2	1.32046264180684e-07	0.000177431778169014	0.000219571104442655
DT.ODA.ALLD.CD	1.31075560467015e-07	0.000303284551056338	0.000292761472590207
NE.CON.GOVT.CD	1.2793207134941e-07	1.96000220070423e-05	7.31903681475518e-05
AG.LND.ARBL.HA.PC_lag1	1.2785692635621e-07	0.000383403939260563	0.000292761472590207
SP.DYN.LE00.FE.IN_rank	1.26384516024686e-07	8.90597491197183e-05	7.31903681475518e-05
BM.GSR.TRAN.ZS_lag1	1.25287630746257e-07	0.000142701914612676	0.000219571104442655
NE.EXP.GNFS.KD.ZG_lag1	1.25108729202299e-07	0.000395782900528169	0.000585522945180414
BX.KLT.DINV.WD.GD.ZS_max2	1.25050776172643e-07	0.00012757207306338	0.000365951840737759
EG.ELC.HYRO.ZS_ratioavg2	1.22924880774579e-07	0.00020081426056338	0.000292761472590207
SP.DYN.TFRT.IN	1.22899685705188e-07	0.000436014524647887	0.000365951840737759
SE.PRM.ENRR.FE	1.22886798404929e-07	6.56772667253521e-05	0.000219571104442655
BX.KLT.DINV.WD.GD.ZS_isNA_rank	1.18370017514643e-07	8.18386883802817e-05	0.000219571104442655
EN.GHG.CH4.AG.MT.CE.AR5_ratioavg2	1.16838401361593e-07	0.000154049295774648	0.000512332577032862
EN.GHG.N2O.BU.MT.CE.AR5_delta1	1.16171246220059e-07	0.000368617957746479	0.000292761472590207
TM.VAL.MRCH.OR.ZS_delta1	1.15381139211299e-07	0.000667088468309859	0.00117104589036083
EG.ELC.NGAS.ZS_max2	1.14285038827142e-07	0.000233480963908451	0.000146380736295104
AG.CON.FERT.ZS_max2	1.14261877033713e-07	0.000156800176056338	0.000219571104442655
BX.GRT.TECH.CD.WD_tend2	1.13479417054498e-07	0.000516477772887324	0.000731903681475518
TM.VAL.MRCH.WL.CD_delta1	1.13374651546889e-07	0.000652646346830986	0.000951474785918173
TX.VAL.TRVL.ZS.WT_isNA_rank	1.08669179916391e-07	0.000668807768485916	0.000585522945180414
SM.POP.NETM_lag1	1.07960482538314e-07	6.53334066901408e-05	0.000146380736295104
DT.ODA.ALLD.CD_ratioavg2	1.07642717805405e-07	5.70807658450704e-05	0.000219571104442655
SP.POP.BRTH.MF_delta1	1.06762868602399e-07	0.00151607889524648	0.00109785552221328
TX.VAL.MRCH.HI.ZS_delta1	1.03644280468415e-07	0.000340765294894366	0.000731903681475518
FirstYear_rank	1.02813495189517e-07	0.000557740977112676	0.000585522945180414
DC.DAC.TOTL.CD_rank	1.02757997949219e-07	0.00176021952024648	0.00117104589036083
BX.KLT.DINV.WD.GD.ZS_lag1	1.01516965424355e-07	0.000178807218309859	0.000365951840737759
DC.DAC.FRAL.CD_ratiomax2	1.00341590818009e-07	0.000160238776408451	0.000365951840737759
NE.IMP.GNFS.KD.ZG_isNA_rank	9.9280049233801e-08	0.000106940470950704	0.000219571104442655
TM.VAL.TRVL.ZS.WT_delta1	9.91821222287728e-08	0.000117600132042254	0.000219571104442655
SE.SEC.ENRL.GC.FE.ZS_delta1	9.78202406949326e-08	0.000232105523767606	0.00080509404962307
SP.POP.4044.MA.5Y	9.76578510557743e-08	0.00204734264964789	0.00117104589036083
SP.POP.2024.MA.5Y_lag1	9.76184025761253e-08	9.14667693661972e-05	0.000365951840737759
BX.PEF.TOTL.CD.WD_rank	9.54142305744451e-08	0.00018705985915493	0.000219571104442655
TM.VAL.AGRI.ZS.UN_isNA_rank	9.52888625378114e-08	0.000596941021126761	0.000731903681475518
EN.GHG.N2O.AG.MT.CE.AR5_delta1	9.50139339474852e-08	5.7768485915493e-05	0.000146380736295104
BX.GSR.TRAN.ZS_tend2	9.48938926956801e-08	0.000281277508802817	0.000585522945180414
FS.AST.PRVT.GD.ZS_isNA_rank	9.43892389615601e-08	0.0012908505721831	0.00124423625850838
BM.TRF.PWKR.CD.DT_ratioavg2	9.41677033241728e-08	3.50737235915493e-05	0.000146380736295104
TM.VAL.TRVL.ZS.WT_isNA_rank	9.41283432812044e-08	0.000124133472711268	0.000365951840737759
SP.DYN.LE00.IN_lag1	9.39665466806758e-08	0.000202877420774648	0.000146380736295104
EN.GHG.CO2.MT.CE.AR5_tend2	9.33563695447852e-08	0.000586625220070423	0.000585522945180414
FP.CPI.TOTL.ZG	9.33308153593918e-08	0.000646113006161972	0.00124423625850838
FP.CPI.TOTL_avg2	9.27503155054462e-08	4.91719850352113e-05	0.000146380736295104
SP.POP.7579.FE.5Y	9.23938561869284e-08	4.12632042253521e-05	7.31903681475518e-05
SP.POP.4044.MA.5Y_lag1	9.2350896962469e-08	0.0020050478653169	0.00109785552221328
DT.ODA.ODAT.GN.ZS_ratioavg2	9.10598021006718e-08	0.000170210717429577	0.000439142208885311
longevity_per_gdp_lag1	8.96151777316205e-08	0.00039887764084507	0.000292761472590207
TM.VAL.OTHR.ZS.WT	8.75052794432565e-08	0.000341453014964789	0.000585522945180414
DC.DAC.CANL.CD_avg2	8.65132475440283e-08	0.000220070422535211	0.000439142208885311
NY.GSR.NFCY.CN_rank	8.60278754117559e-08	0.000343172315140845	0.000292761472590207
NY.GSR.NFCY.CN_isNA_rank	8.5819603189486e-08	0.000541923415492958	0.000658713313327966
AG.LND.CREL.HA_tend2	8.49859601362853e-08	0.000212161641725352	0.000731903681475518
SP.DYN.LE00.IN	8.4137669679724e-08	0.000187747579225352	0.000146380736295104
BX.GSR.TRVL.ZS_rank	8.25459584972292e-08	0.00013032295334507	0.000219571104442655
TX.VAL.TRAN.ZS.WT	8.16819166764414e-08	0.000545018155809859	0.000658713313327966
DC.DAC.JPNL.CD_lag1	8.08714911729415e-08	0.000654365647007042	0.00080509404962307
BG.GSR.NFSV.GD.ZS_min2	8.06679900915937e-08	0.000249298525528169	0.000219571104442655
SP.DYN.LE00.MA.IN_rank	7.97538618120212e-08	0.000106940470950704	7.31903681475518e-05
TX.VAL.FUEL.ZS.UN_isNA_rank	7.90731660056393e-08	0.000976218639964789	0.000731903681475518
DT.ODA.ALLD.CD_tend2	7.89596562502321e-08	9.59369498239437e-05	0.000365951840737759
EN.GHG.CH4.WA.MT.CE.AR5_ratiomax2	7.83315674476014e-08	0.000200126540492958	0.000146380736295104
TX.VAL.MRCH.HI.ZS	7.82199684618398e-08	0.000246203785211268	0.000439142208885311
NE.IMP.GNFS.KD.ZG_lag1	7.62530048891885e-08	0.00020356514084507	0.000439142208885311
SP.POP.1564.TO_delta1	7.55839506000746e-08	0.000108315911091549	7.31903681475518e-05
AG.PRD.FOOD.XD_avg2	7.55622479577512e-08	0.000219382702464789	0.000292761472590207
TM.VAL.MRCH.HI.ZS	7.32277292811478e-08	0.000380309198943662	0.000365951840737759
NE.IMP.GNFS.KD_isNA_rank	7.27950130630589e-08	0.000154393155809859	0.000146380736295104
DC.DAC.TOTL.CD_isNA_rank	7.26078588962114e-08	0.000443235585387324	0.000439142208885311
TX.VAL.MRCH.R2.ZS_delta1	7.21813515285174e-08	0.000301909110915493	0.000878284417770621
BM.GSR.FCTY.CD_ratioavg2	7.16379803158794e-08	0.000345579335387324	0.000731903681475518
SP.POP.80UP.FE.5Y_lag1	7.13794728279625e-08	0.000120351012323944	7.31903681475518e-05
BM.GSR.GNFS.CD_isNA_rank	7.08640783165012e-08	0.000164708956866197	0.000512332577032862
SP.POP.5054.FE.5Y_rank	7.07493661762407e-08	0.000742049955985916	0.000658713313327966
IT.CEL.SETS_min2	6.99391970574002e-08	2.02877420774648e-05	7.31903681475518e-05
EN.URB.MCTY.TL.ZS_isNA_rank	6.95558901267765e-08	0.000427074163732394	0.000439142208885311
AG.LND.AGRI.K2_lag1	6.92072550673083e-08	7.49614876760563e-05	7.31903681475518e-05
EN.URB.LCTY.UR.ZS_ratioavg2	6.8992913837686e-08	0.00039612676056338	0.000585522945180414
FM.AST.NFRG.CN_avg2	6.86215128281164e-08	0.000701818331866197	0.000439142208885311
EN.GHG.N2O.PI.MT.CE.AR5	6.8610222091603e-08	0.000288498569542254	0.000292761472590207
FI.RES.XGLD.CD_isNA_rank	6.85046338173537e-08	9.35299295774648e-05	0.000219571104442655
SP.POP.5559.MA.5Y_delta1	6.83391962347137e-08	0.00183930732834507	0.00153699773109859
NE.CON.TOTL.KD.ZG_isNA_rank	6.81699362525293e-08	0.000587312940140845	0.000658713313327966
EN.GHG.CO2.RT.GDP.KD_min2	6.76877537157879e-08	0.000145796654929577	0.000146380736295104
DC.DAC.USAL.CD	6.65627927905636e-08	0.00194968639964789	0.00161018809924614
DC.DAC.CECL.CD_ratioavg2	6.58361565832088e-08	0.00026580380721831	0.000585522945180414
SP.POP.1564.MA.IN_delta1	6.56137149377002e-08	0.000199438820422535	0.000219571104442655
SP.POP.4044.FE.5Y	6.50369487751088e-08	0.000256863446302817	0.000219571104442655
EG.USE.ELEC.KH.PC_lag1	6.40426097792966e-08	0.000575621698943662	0.000439142208885311
AG.LND.ARBL.HA.PC_tend2	6.40308142794635e-08	0.000281621368838028	0.000439142208885311
NY.GDP.FCST.CN_lag1	6.35348772069022e-08	0.000413319762323944	0.000365951840737759
SP.DYN.TO65.FE.ZS_lag1	6.34249324844177e-08	0.000622386663732394	0.000512332577032862
DC.DAC.GBRL.CD_tend2	6.31728745347327e-08	0.000456302266725352	0.000878284417770621
BX.GSR.TRAN.ZS_ratiomax2	6.17963837408115e-08	0.000148547535211268	0.000219571104442655
BM.TRF.PWKR.CD.DT_isNA_rank	6.15716600900301e-08	9.765625e-05	0.000219571104442655
TM.VAL.FUEL.ZS.UN_lag1	6.09553296495839e-08	0.00264015735035211	0.00168337846739369
SP.POP.6064.MA.5Y	6.05930968561434e-08	0.000305347711267606	0.000292761472590207
SM.POP.RHCR.EO_delta1	6.03641808299061e-08	0.000262021346830986	0.000439142208885311
FM.AST.DOMS.CN_max2	5.9787307048744e-08	0.000110722931338028	0.000219571104442655
NY.GDP.FCST.CD_isNA_rank	5.90521165283075e-08	0.00044770576584507	0.000512332577032862
SP.POP.2529.MA.5Y_lag1	5.89773141063847e-08	0.0010559941681338	0.00080509404962307
NY.GNP.MKTP.CD_isNA_rank	5.87650978802825e-08	0.000378246038732394	0.00102466515406572
SP.POP.1014.MA.5Y_lag1	5.620125533396e-08	0.000180526518485916	0.000219571104442655
DT.ODA.ODAT.CD_isNA_rank	5.61943090414948e-08	0.00135480853873239	0.00139061699480348
BM.GSR.FCTY.CD_lag1	5.58800478454322e-08	0.000212505501760563	0.000292761472590207
NY.GDP.COAL.RT.ZS_delta1	5.55076005865154e-08	0.000641642825704225	0.000951474785918173
AG.LND.ARBL.HA.PC_max2	5.52232769615156e-08	0.000238295004401408	0.000146380736295104
FD.AST.PRVT.GD.ZS	5.4863477656771e-08	0.000380996919014085	0.000365951840737759
DC.DAC.CECL.CD_lag1	5.37781327359456e-08	0.000194968639964789	0.000512332577032862
longevity_per_gdp_delta1	5.35531002413688e-08	0.00011381767165493	0.000219571104442655
BX.GSR.GNFS.CD_lag1	5.3210194234392e-08	0.000329074053697183	0.000219571104442655
SP.POP.1564.FE.IN_delta1	5.23699124147461e-08	0.000597972601232394	0.000512332577032862
BX.GSR.NFSV.CD_ratioavg2	5.21893016265796e-08	0.000196687940140845	0.000512332577032862
EN.GHG.N2O.PI.MT.CE.AR5_tend2	5.19029743704991e-08	0.00136512433978873	0.00102466515406572
SP.POP.DPND.OL	5.12993188427413e-08	0.00023863886443662	0.000146380736295104
FI.RES.TOTL.MO_tend2	5.09159344896238e-08	0.000228323063380282	0.000512332577032862
SH.MMR.RISK_lag1	4.98398377186202e-08	0.000340421434859155	0.000365951840737759
FM.AST.DOMS.CN_min2	4.91994258087665e-08	0.00023863886443662	0.000365951840737759
NE.CON.GOVT.CD_ratioavg2	4.80135822778271e-08	7.01474471830986e-05	0.000292761472590207
FP.CPI.TOTL.ZG_lag1	4.66441390867256e-08	0.000877530809859155	0.00124423625850838
BX.TRF.PWKR.DT.GD.ZS	4.61131137007237e-08	0.00412803972271127	0.00263485325331186
DC.DAC.TOTL.CD_lag1	4.58745130155107e-08	0.000124477332746479	0.000146380736295104
BM.KLT.DINV.WD.GD.ZS_rank	4.56452265450204e-08	5.36421654929578e-05	7.31903681475518e-05
SH.MMR.RISK.ZS	4.55634253381489e-08	5.57053257042254e-05	7.31903681475518e-05
BM.KLT.DINV.CD.WD_avg2	4.50111900347184e-08	3.64491637323944e-05	0.000146380736295104
TM.VAL.MRCH.R3.ZS_lag1	4.41680700933102e-08	0.000330105633802817	0.000439142208885311
EN.GHG.N2O.WA.MT.CE.AR5_min2	4.39239525647846e-08	1.4098261443662e-05	7.31903681475518e-05
BX.GSR.TOTL.CD_tend2	4.38015973592916e-08	0.000641642825704225	0.000658713313327966
SP.POP.6569.MA.5Y	4.35035755984177e-08	0.000835923745598592	0.000585522945180414
SP.POP.1564.FE.ZS_lag1	4.30809003768542e-08	0.00031188105193662	0.000219571104442655
EN.GHG.N2O.BU.MT.CE.AR5_ratiomax2	4.23782811996283e-08	0.000657116527288732	0.000365951840737759
NE.CON.PRVT.KD.ZG_avg2	4.22396450037749e-08	9.80001100352113e-05	0.000146380736295104
NY.ADJ.DRES.GN.ZS_isNA_rank	4.2043247062798e-08	0.000484498789612676	0.000951474785918173
SP.POP.5559.FE.5Y_delta1	4.09199146193209e-08	0.000636484925176056	0.000512332577032862
TM.VAL.OTHR.ZS.WT_isNA_rank	4.06997702167167e-08	0.000667088468309859	0.000731903681475518
AG.LND.ARBL.HA_tend2	3.94334451609967e-08	0.000312912632042254	0.000585522945180414
TX.VAL.TRAN.ZS.WT_lag1	3.9340780815095e-08	8.28702684859155e-05	0.000146380736295104
SP.POP.1014.FE.5Y_lag1	3.91858424163157e-08	0.000178119498239437	0.000219571104442655
EN.GHG.CH4.FE.MT.CE.AR5_ratioavg2	3.8797783560703e-08	0.000180870378521127	0.000439142208885311
SP.POP.65UP.FE.ZS_delta1	3.87483883680372e-08	0.000910885233274648	0.000731903681475518
BM.GSR.FCTY.CD_isNA_rank	3.86702591778853e-08	0.000549144476232394	0.000731903681475518
SP.POP.1564.FE.ZS	3.86527598382614e-08	0.000570119938380282	0.000439142208885311
SP.POP.80UP.MA.5Y_lag1	3.84605276646387e-08	0.00100544674295775	0.000658713313327966
BX.KLT.DINV.CD.WD_min2	3.8106674835009e-08	0.000164365096830986	0.000146380736295104
EN.GHG.N2O.MT.CE.AR5_ratiomax2	3.80426275274216e-08	0.00477621588908451	0.00278123398960697
SH.IMM.MEAS_delta1	3.803233071184e-08	9.93755501760563e-05	0.000219571104442655
BM.KLT.DINV.WD.GD.ZS_ratiomax2	3.79885143765501e-08	0.000121726452464789	0.000219571104442655
SP.POP.DPND.YG_delta1	3.77863899106349e-08	0.000444611025528169	0.000365951840737759
NE.CON.PRVT.ZS_rank	3.77215332830131e-08	0.000608976122359155	0.000439142208885311
SH.MMR.RISK_rank	3.72314252298511e-08	6.22386663732394e-05	0.000146380736295104
BM.GSR.TRVL.ZS_isNA_rank	3.48774008613011e-08	0.00013823173415493	0.000219571104442655
IS.AIR.PSGR_ratioavg2	3.48271297361474e-08	0.000321165272887324	0.000951474785918173
NY.GDP.PCAP.KN_rank	3.39299113502449e-08	2.9571963028169e-05	7.31903681475518e-05
NE.EXP.GNFS.KD.ZG_delta1	3.23972206006892e-08	0.00118597326144366	0.00139061699480348
TX.VAL.MRCH.WL.CD_delta1	3.21638698424129e-08	0.000397846060739437	0.000365951840737759
SE.ENR.PRIM.FM.ZS_isNA_rank	3.18137666484947e-08	0.000959025638204225	0.000658713313327966
NV.AGR.TOTL.KD.ZG_isNA_rank	3.14207755528523e-08	0.00127778389084507	0.00109785552221328
FD.AST.PRVT.GD.ZS_tend2	3.08829961842956e-08	0.000745144696302817	0.000878284417770621
NE.CON.TOTL.KD.ZG_tend2	3.05338973739107e-08	0.000742737676056338	0.00139061699480348
BM.KLT.DINV.WD.GD.ZS_ratioavg2	3.02964639525045e-08	0.000214568661971831	0.000365951840737759
EN.GHG.CO2.IC.MT.CE.AR5_tend2	3.00562060184664e-08	0.000753397337147887	0.000878284417770621
YearsSinceFirst_rank	2.98240064259734e-08	0.00106321522887324	0.00102466515406572
FD.AST.PRVT.GD.ZS_rank	2.91479944772896e-08	7.08351672535211e-05	0.000219571104442655
SE.SEC.AGES_rank	2.90411026318504e-08	0.000139951034330986	0.000146380736295104
NY.GDP.DEFL.KD.ZG_rank	2.89764585555339e-08	0.000108659771126761	0.000292761472590207
EG.ELC.PETR.ZS_ratioavg2	2.84167706387127e-08	0.00035004951584507	0.000658713313327966
SP.POP.6064.MA.5Y_lag1	2.79561739797298e-08	9.97194102112676e-05	7.31903681475518e-05
SP.POP.5054.MA.5Y	2.74995094923591e-08	8.11509683098592e-05	0.000219571104442655
BX.GRT.EXTA.CD.WD_ratioavg2	2.71900779054151e-08	0.000104189590669014	0.000292761472590207
SP.POP.6064.FE.5Y_lag1	2.71375927584929e-08	0.000368617957746479	0.000292761472590207
BX.GSR.GNFS.CD_isNA_rank	2.64907809211683e-08	0.000326323173415493	0.000512332577032862
FI.RES.XGLD.CD_tend2	2.6272953474154e-08	0.000399221500880282	0.000585522945180414
BX.GRT.TECH.CD.WD_max2	2.60469274681904e-08	2.09754621478873e-05	7.31903681475518e-05
DT.ODA.ODAT.CD_ratioavg2	2.59453904761367e-08	0.000132042253521127	0.000146380736295104
DT.ODA.ODAT.PC.ZS_avg2	2.51771238871068e-08	0.000216631822183099	0.000219571104442655
BX.TRF.PWKR.DT.GD.ZS_ratioavg2	2.50070160981747e-08	0.000174337037852113	0.000439142208885311
SP.POP.3034.FE.5Y_rank	2.50049093706229e-08	5.50176056338028e-05	0.000146380736295104
TM.VAL.FOOD.ZS.UN_isNA_rank	2.4936672071173e-08	0.00046661806778169	0.000585522945180414
NE.EXP.GNFS.ZS_isNA_rank	2.47261354736578e-08	0.000337670554577465	0.000292761472590207
BM.KLT.DINV.CD.WD_ratiomax2	2.46597365887036e-08	0.000104189590669014	0.000219571104442655
TM.VAL.MRCH.R6.ZS_lag1	2.44715737815027e-08	6.01755061619718e-05	0.000146380736295104
NV.IND.TOTL.KD.ZG_isNA_rank	2.44385127259794e-08	0.000460772447183099	0.00102466515406572
EG.USE.ELEC.KH.PC_isNA_rank	2.44167929736044e-08	0.000575277838908451	0.000731903681475518
SM.POP.RHCR.EO_rank	2.43001960383888e-08	0.000308786311619718	0.000292761472590207
SH.DTH.NMRT_rank	2.4289919576288e-08	0.000191186179577465	0.000146380736295104
NY.GDP.MKTP.KD.ZG_rank	2.41475820409631e-08	0.000155768595950704	0.000219571104442655
DC.DAC.USAL.CD_ratiomax2	2.40449948551089e-08	0.000167803697183099	0.000219571104442655
NV.SRV.TOTL.ZS_isNA_rank	2.38415554943149e-08	0.000283684529049296	0.000585522945180414
AG.PRD.FOOD.XD_ratioavg2	2.37262089744402e-08	5.94877860915493e-05	0.000146380736295104
SP.ADO.TFRT_delta1	2.36937779737362e-08	0.000169179137323944	0.000292761472590207
NE.CON.TOTL.KD_isNA_rank	2.32769346017572e-08	3.67930237676056e-05	0.000146380736295104
TX.VAL.MMTL.ZS.UN_rank	2.30552594920176e-08	6.2926386443662e-05	7.31903681475518e-05
TX.VAL.OTHR.ZS.WT_delta1	2.2982340604013e-08	0.00047211982834507	0.000878284417770621
SP.POP.0509.MA.5Y_delta1	2.2786334805301e-08	0.000158863336267606	0.000292761472590207
EG.ELC.NUCL.ZS_lag1	2.27809577957971e-08	0.000663306007922535	0.000512332577032862
AG.PRD.LVSK.XD_tend2	2.2754811929572e-08	0.000863432548415493	0.00102466515406572
NE.EXP.GNFS.CN_delta1	2.1927061708967e-08	0.00032013369278169	0.000439142208885311
SP.POP.DPND.YG_lag1	2.18890358295994e-08	0.00112132757482394	0.000658713313327966
NY.GDP.MKTP.CN_isNA_rank	2.18673842603282e-08	0.000255144146126761	0.000439142208885311
year_cycle_lag1	2.14012280989114e-08	5.36421654929578e-05	0.000146380736295104
TM.VAL.MRCH.R3.ZS_rank	2.13634763964496e-08	0.000168491417253521	0.000146380736295104
DT.ODA.ALLD.KD_lag1	2.11488020101067e-08	0.000197031800176056	0.000146380736295104
NE.DAB.TOTL.CD_isNA_rank	2.10387093318902e-08	7.46176276408451e-05	0.000219571104442655
NY.ADJ.DKAP.CD_lag1	2.0845870922472e-08	0.000209754621478873	0.000219571104442655
BX.GRT.EXTA.CD.WD_rank	2.05443030496805e-08	0.0001708984375	0.000146380736295104
SP.DYN.CBRT.IN_lag1	2.04802603754999e-08	6.63649867957747e-05	7.31903681475518e-05
SP.DYN.LE00.IN_rank	2.03502074295066e-08	0.000103845730633803	7.31903681475518e-05
SP.POP.1564.FE.ZS_delta1	1.99652088378232e-08	0.000384779379401408	0.000439142208885311
SE.SEC.ENRL.GC.FE.ZS	1.99284016737648e-08	0.00014373349471831	0.000219571104442655
EG.ELC.FOSL.ZS_max2	1.98266500928884e-08	0.000649895466549296	0.000439142208885311
DC.DAC.JPNL.CD_max2	1.96038023516468e-08	0.000358302156690141	0.000365951840737759
NE.CON.PRVT.ZS_min2	1.9297062818812e-08	0.00125955930897887	0.000878284417770621
trade_balance_ratio_rank	1.92848223286981e-08	0.000129635233274648	0.000219571104442655
DT.ODA.ALLD.CD_max2	1.90857337134378e-08	2.68210827464789e-05	7.31903681475518e-05
EN.GHG.CH4.IC.MT.CE.AR5_tend2	1.90728205959648e-08	0.000346610915492958	0.000585522945180414
TM.VAL.MRCH.WL.CD	1.90685543298921e-08	2.9571963028169e-05	7.31903681475518e-05
EN.GHG.CO2.FE.MT.CE.AR5_ratioavg2	1.87432755079585e-08	0.000508225132042254	0.000658713313327966
EN.GHG.CH4.PI.MT.CE.AR5_delta1	1.84356054473578e-08	0.00129222601232394	0.000731903681475518
SE.PRM.DURS_rank	1.83897106602791e-08	0.00026305292693662	0.000512332577032862
DT.ODA.ODAT.CD_rank	1.80933285730914e-08	0.000124133472711268	7.31903681475518e-05
BX.GSR.GNFS.CD	1.80178577639975e-08	9.28422095070423e-05	7.31903681475518e-05
SH.DYN.MORT.MA_lag1	1.79563218500979e-08	0.000103501870598592	7.31903681475518e-05
BX.GSR.MRCH.CD_lag1	1.790592109313e-08	2.26947623239437e-05	7.31903681475518e-05
MS.MIL.MPRT.KD_avg2	1.77549612107665e-08	0.000392688160211268	0.000512332577032862
ER.FSH.CAPT.MT	1.7574513248388e-08	0.000141670334507042	0.000219571104442655
SE.PRM.TCHR_lag1	1.73317230216034e-08	4.67649647887324e-05	0.000146380736295104
MS.MIL.XPND.CD_isNA_rank	1.70991194443905e-08	0.000672246368838028	0.000512332577032862
TM.VAL.MRCH.R6.ZS_delta1	1.69654418613991e-08	0.000595221720950704	0.00102466515406572
SP.POP.3539.MA.5Y	1.6870129025875e-08	0.000128259793133803	0.000146380736295104
TM.VAL.MMTL.ZS.UN_isNA_rank	1.67047179177511e-08	5.50176056338028e-05	0.000219571104442655
NE.CON.TOTL.CD_tend2	1.66392202018488e-08	0.000254800286091549	0.000292761472590207
NE.GDI.TOTL.CD	1.63027616613765e-08	0.000202189700704225	0.000219571104442655
AG.YLD.CREL.KG_delta1	1.62472019547496e-08	0.000358646016725352	0.000365951840737759
TM.VAL.MRCH.HI.ZS_delta1	1.59799421202098e-08	0.000495158450704225	0.000585522945180414
FP.CPI.TOTL.ZG_min2	1.58819364547357e-08	0.00062376210387324	0.00102466515406572
BM.GSR.GNFS.CD_min2	1.5849637285902e-08	9.35299295774648e-05	7.31903681475518e-05
BX.GSR.TRVL.ZS	1.54407039846159e-08	0.000304659991197183	0.000439142208885311
EG.ELC.NUCL.ZS_ratioavg2	1.52830939575218e-08	0.00128191021126761	0.00153699773109859
SP.POP.5054.MA.5Y_rank	1.51629816118816e-08	0.000170210717429577	0.000146380736295104
SP.POP.80UP.MA.5Y_rank	1.5131357215171e-08	0.00022522832306338	0.000146380736295104
NE.EXP.GNFS.CD_tend2	1.48913763592579e-08	0.000331824933978873	0.000439142208885311
EN.GHG.CH4.PI.MT.CE.AR5_max2	1.44571974717315e-08	0.000142014194542254	0.000219571104442655
DT.ODA.ODAT.KD_tend2	1.36546559306766e-08	0.000133073833626761	0.000219571104442655
EG.USE.PCAP.KG.OE_tend2	1.35048920900449e-08	0.00217113226232394	0.00190294957183635
FS.AST.CGOV.GD.ZS_tend2	1.34657833843619e-08	0.000187403719190141	0.000439142208885311
SP.POP.3034.FE.5Y_lag1	1.3329387883127e-08	0.000146828235035211	0.000219571104442655
BX.GRT.EXTA.CD.WD	1.33215997681657e-08	0.000437389964788732	0.000512332577032862
DC.DAC.CANL.CD_tend2	1.32197077048282e-08	0.0003662109375	0.000658713313327966
SP.POP.DPND.OL_lag1	1.31779441447351e-08	0.000157144036091549	0.000146380736295104
PA.NUS.FCRF_delta1	1.31152499248688e-08	0.00150335607394366	0.00139061699480348
TM.VAL.MRCH.R4.ZS_delta1	1.30109229287339e-08	0.000135480853873239	0.000439142208885311
BG.GSR.NFSV.GD.ZS_lag1	1.29889904172357e-08	0.000101438710387324	0.000365951840737759
BX.KLT.DINV.CD.WD_ratioavg2	1.29774994134574e-08	0.000296751210387324	0.000512332577032862
IS.AIR.DPRT_lag1	1.28626719950924e-08	0.00012757207306338	7.31903681475518e-05
NE.IMP.GNFS.CN	1.28253395945825e-08	0.0035981514084507	0.00234209178072166
AG.LND.ARBL.HA.PC_ratiomax2	1.24617849282845e-08	8.3557988556338e-05	0.000146380736295104
SP.POP.1564.MA.ZS	1.24579257187554e-08	0.000112442231514085	7.31903681475518e-05
BX.KLT.DINV.CD.WD_lag1	1.24275610542068e-08	0.000278870488556338	0.000292761472590207
DT.NFL.UNDP.CD_ratioavg2	1.23670213295481e-08	0.00025239326584507	0.000878284417770621
NY.GDS.TOTL.CD_isNA_rank	1.21985557138476e-08	0.000266147667253521	0.000512332577032862
SP.POP.BRTH.MF	1.20386175841423e-08	0.000209754621478873	0.000292761472590207
NE.EXP.GNFS.KD.ZG_rank	1.19991668896964e-08	0.000214568661971831	0.000292761472590207
NY.GDP.MKTP.KD_delta1	1.18866289644352e-08	6.53334066901408e-05	0.000146380736295104
NV.IND.TOTL.CN_lag1	1.18389490626696e-08	0.000298126650528169	0.000292761472590207
AG.LND.ARBL.HA.PC_ratioavg2	1.15568565637047e-08	0.000375495158450704	0.000585522945180414
TM.VAL.FUEL.ZS.UN_delta1	1.14299020723691e-08	0.000407818001760563	0.000658713313327966
TM.VAL.MANF.ZS.UN_lag1	1.14141893094729e-08	2.09754621478873e-05	7.31903681475518e-05
FD.AST.PRVT.GD.ZS_min2	1.13713351421273e-08	0.000225572183098592	0.000146380736295104
ER.FSH.PROD.MT_ratioavg2	1.12985233471965e-08	0.000534702354753521	0.000951474785918173
NY.GDP.PCAP.CD_lag1	1.09063021311707e-08	0.000896099251760563	0.000585522945180414
SH.IMM.MEAS_lag1	1.06976332185035e-08	0.000192905479753521	0.000292761472590207
TX.VAL.MRCH.R5.ZS_delta1	1.06807025423665e-08	0.000287123129401408	0.000731903681475518
FP.CPI.TOTL.ZG_isNA_rank	1.06727870650125e-08	0.000964527398767606	0.00117104589036083
TX.VAL.MMTL.ZS.UN	1.0668604850694e-08	0.000532983054577465	0.000878284417770621
SP.POP.7579.MA.5Y_lag1	1.0515662778827e-08	0.000297438930457746	0.000219571104442655
SP.POP.2529.MA.5Y_delta1	1.03170612488953e-08	0.000899881712147887	0.00117104589036083
TX.VAL.MRCH.RS.ZS_lag1	1.00215728854963e-08	0.000129635233274648	0.000146380736295104
SP.DYN.LE00.MA.IN	9.99471198516512e-09	9.73123899647887e-05	7.31903681475518e-05
AG.PRD.CREL.MT_tend2	9.92185491522627e-09	0.00079741142165493	0.00109785552221328
EN.GHG.N2O.FE.MT.CE.AR5_delta1	9.87963782684815e-09	9.80001100352113e-05	0.000219571104442655
BX.GSR.CMCP.ZS_max2	9.86628940057041e-09	0.000120007152288732	0.000292761472590207
NV.IND.TOTL.KD.ZG_delta1	9.85714966554704e-09	0.000923264194542254	0.00146380736295104
NE.RSB.GNFS.CD_lag1	9.74650738204976e-09	0.000284028389084507	0.000292761472590207
SE.SEC.ENRR.FE_isNA_rank	9.6069746712719e-09	0.00020356514084507	0.000439142208885311
DT.NFL.UNDP.CD_ratiomax2	9.60379032787347e-09	3.16351232394366e-05	7.31903681475518e-05
SP.POP.6064.FE.5Y	9.54209990774757e-09	0.000249986245598592	0.000219571104442655
BX.GSR.MRCH.CD_isNA_rank	9.47565805002599e-09	0.000411944322183099	0.000439142208885311
SE.SEC.ENRR_delta1	9.38634695390626e-09	0.000397846060739437	0.000512332577032862
EG.ELC.NGAS.ZS_rank	9.37327591492178e-09	5.32983054577465e-05	0.000146380736295104
NY.ADJ.DKAP.GN.ZS	9.27247781885771e-09	0.000229698503521127	0.000512332577032862
SP.POP.2024.MA.5Y	9.11160307948391e-09	0.000962464238556338	0.00080509404962307
NY.GDP.DEFL.KD.ZG_isNA_rank	8.97952596263841e-09	0.000197719520246479	0.000292761472590207
BM.GSR.MRCH.CD_lag1	8.88982426144495e-09	0.000113473811619718	7.31903681475518e-05
SE.SEC.ENRR.MA_lag1	8.88656698227431e-09	8.28702684859155e-05	0.000219571104442655
TX.VAL.MANF.ZS.UN_lag1	8.76992012991066e-09	0.000152329995598592	0.000219571104442655
DT.ODA.ODAT.KD_isNA_rank	8.71036762661224e-09	0.000518540933098592	0.000951474785918173
AG.CON.FERT.ZS_lag1	8.67076581054754e-09	0.00072141835387324	0.000585522945180414
SP.DYN.TFRT.IN_lag1	8.63263052106907e-09	0.000793628961267606	0.000439142208885311
FM.AST.NFRG.CN_isNA_rank	8.38434323147912e-09	0.00107696963028169	0.000878284417770621
TM.VAL.FOOD.ZS.UN_delta1	8.33366802734751e-09	0.000356926716549296	0.000585522945180414
EN.URB.LCTY.UR.ZS	8.28572491221572e-09	0.000384435519366197	0.000365951840737759
FP.CPI.TOTL_lag1	8.26821596270614e-09	0.000171930017605634	0.000219571104442655
SM.POP.NETM	8.24076590883198e-09	0.000521635673415493	0.000585522945180414
NY.GSR.NFCY.CD_isNA_rank	8.05280781029632e-09	0.000569088358274648	0.00109785552221328
DC.DAC.JPNL.CD_ratioavg2	8.04269798362788e-09	0.000318758252640845	0.000731903681475518
NV.IND.MANF.CD_isNA_rank	7.94060100540637e-09	0.000786407900528169	0.000585522945180414
AG.CON.FERT.ZS_ratioavg2	7.75454075988542e-09	0.000644393705985916	0.00102466515406572
NV.IND.TOTL.CN	7.75122916022829e-09	0.0012055732834507	0.000951474785918173
NY.GDP.COAL.RT.ZS_lag1	7.74351305620461e-09	0.000941832636443662	0.000878284417770621
NY.GDP.DEFL.ZS_isNA_rank	7.58847943270034e-09	0.000230386223591549	0.000585522945180414
SP.POP.65UP.MA.ZS_delta1	7.48185834877046e-09	0.000203221280809859	0.000219571104442655
SP.DYN.IMRT.FE.IN_delta1	7.45278477687586e-09	5.08912852112676e-05	7.31903681475518e-05
BM.GSR.INSF.ZS_isNA_rank	7.41031792709131e-09	0.000372744278169014	0.000585522945180414
EN.GHG.CH4.MT.CE.AR5_ratioavg2	7.27719827419906e-09	0.00021422480193662	0.000439142208885311
AG.PRD.CROP.XD_ratioavg2	7.07871110379527e-09	0.000301909110915493	0.000512332577032862
SP.POP.65UP.TO.ZS_lag1	6.9085469186999e-09	8.7340448943662e-05	7.31903681475518e-05
NE.RSB.GNFS.CD_rank	6.86235800535615e-09	7.01474471830986e-05	0.000146380736295104
BX.GSR.TRVL.ZS_ratioavg2	6.81800466803457e-09	0.000152673855633803	0.000292761472590207
SP.POP.GROW	6.81799241433801e-09	0.000196344080105634	0.000219571104442655
FP.CPI.TOTL.ZG_rank	6.80348710102421e-09	0.000248266945422535	0.000365951840737759
FD.AST.PRVT.GD.ZS_ratioavg2	6.69801517881907e-09	0.000132729973591549	0.000365951840737759
SP.POP.0004.MA.5Y	6.68059085317512e-09	0.000285403829225352	0.000146380736295104
NV.IND.TOTL.CD_lag1	6.57205525595531e-09	0.000155768595950704	0.000146380736295104
EN.GHG.N2O.FE.MT.CE.AR5	6.57160999321931e-09	1.44421214788732e-05	7.31903681475518e-05
NE.GDI.FTOT.CD	6.55920034504293e-09	0.000224196742957747	0.000146380736295104
NV.SRV.TOTL.ZS_delta1	6.53796823984498e-09	0.000499972491197183	0.000878284417770621
consumption_efficiency_delta1	6.48377145277176e-09	0.000473151408450704	0.000731903681475518
SP.POP.6569.MA.5Y_rank	6.46981963943485e-09	0.000105565030809859	7.31903681475518e-05
EN.GHG.N2O.MT.CE.AR5_min2	6.44144904950985e-09	0.000246203785211268	0.000146380736295104
NY.GDP.FRST.RT.ZS_lag1	6.41297227571479e-09	0.000135136993838028	0.000219571104442655
ER.H2O.INTR.PC_tend2	6.39806176448232e-09	5.02035651408451e-05	7.31903681475518e-05
NY.GDP.DEFL.KD.ZG_delta1	6.37297569930118e-09	0.000141670334507042	0.000439142208885311
IT.CEL.SETS.P2_tend2	6.31603592215637e-09	0.000480372469190141	0.000731903681475518
FP.CPI.TOTL.ZG_ratiomax2	6.11854961278196e-09	0.000116224691901408	0.000219571104442655
TM.VAL.MRCH.R6.ZS_isNA_rank	6.08575072238439e-09	0.000109003631161972	0.000365951840737759
BM.GSR.MRCH.CD_tend2	6.05619523952884e-09	0.000369993397887324	0.000365951840737759
EG.ELC.NUCL.ZS_max2	5.8027282415652e-09	0.000434639084507042	0.000292761472590207
NV.AGR.TOTL.CD_isNA_rank	5.77816027985559e-09	0.000331137213908451	0.000512332577032862
NV.IND.TOTL.CN_isNA_rank	5.676817175427e-09	0.000872716769366197	0.00109785552221328
SE.PRM.ENRR	5.44834972702878e-09	0.000162989656690141	0.000292761472590207
BX.TRF.CURR.CD_ratioavg2	5.37119469207013e-09	0.000754428917253521	0.00124423625850838
AG.PRD.CREL.MT_ratioavg2	5.35888326118947e-09	0.000460772447183099	0.000878284417770621
FM.LBL.BMNY.GD.ZS_max2	5.33579666976953e-09	0.000102470290492958	0.000146380736295104
BX.GSR.GNFS.CD_avg2	5.2966058162922e-09	3.95439040492958e-05	7.31903681475518e-05
SM.POP.RHCR.EA_rank	5.27785485878095e-09	0.000287123129401408	0.000292761472590207
BM.GSR.GNFS.CD_tend2	5.26173229426343e-09	0.000266147667253521	0.000439142208885311
EG.USE.PCAP.KG.OE_ratioavg2	5.2324492223613e-09	0.00050169179137324	0.00080509404962307
NY.GDP.PETR.RT.ZS_delta1	5.22124277707118e-09	6.2926386443662e-05	0.000146380736295104
NE.EXP.GNFS.CD_isNA_rank	5.21342585751231e-09	0.000312912632042254	0.000585522945180414
SP.DYN.IMRT.IN_delta1	5.19609001783339e-09	2.99158230633803e-05	7.31903681475518e-05
BX.GSR.TRAN.ZS_ratioavg2	5.18267022534887e-09	0.00131560849471831	0.00146380736295104
BX.KLT.DINV.CD.WD_ratiomax2	5.13650649547426e-09	0.000271649427816901	0.000292761472590207
EN.GHG.N2O.WA.MT.CE.AR5_tend2	5.13541111775295e-09	0.000300189810739437	0.000365951840737759
IS.AIR.PSGR	5.11311741168259e-09	0.000151642275528169	0.000219571104442655
MS.MIL.XPND.GD.ZS_ratioavg2	5.00141480395286e-09	0.000146484375	0.000439142208885311
AG.YLD.CREL.KG_ratioavg2	4.99717102744731e-09	0.000136512433978873	0.000292761472590207
year_cycle_rank	4.91896933215028e-09	0.00041778994278169	0.000951474785918173
TM.VAL.MRCH.CD.WT_delta1	4.9015183240331e-09	0.000514070752640845	0.000512332577032862
TM.VAL.MRCH.R5.ZS_rank	4.85052287295597e-09	0.000202877420774648	0.000292761472590207
BM.GSR.CMCP.ZS_avg2	4.84542421554705e-09	0.000138575594190141	0.000219571104442655
AG.LND.PRCP.MM_max2	4.82030216709179e-09	5.3986025528169e-05	7.31903681475518e-05
NV.IND.MANF.CD	4.77770777668944e-09	5.12351452464789e-05	7.31903681475518e-05
TM.VAL.MRCH.WR.ZS_delta1	4.7601607532378e-09	0.000409881161971831	0.00102466515406572
TM.VAL.MRCH.AL.ZS_rank	4.64014827207068e-09	4.77965448943662e-05	0.000146380736295104
IT.MLT.MAIN.P2_delta1	4.6137971621853e-09	0.000206316021126761	0.000146380736295104
MS.MIL.XPND.CD_ratioavg2	4.56395561807535e-09	8.49334286971831e-05	0.000292761472590207
IS.AIR.GOOD.MT.K1_ratioavg2	4.53276102057292e-09	0.000377902178697183	0.000585522945180414
NY.ADJ.DFOR.GN.ZS_isNA_rank	4.28894330713529e-09	5.08912852112676e-05	0.000146380736295104
EN.GHG.CH4.IC.MT.CE.AR5_max2	4.21496858823922e-09	0.000137544014084507	0.000219571104442655
NY.GNP.ATLS.CD_lag1	4.19412913019379e-09	6.15509463028169e-05	7.31903681475518e-05
SP.RUR.TOTL	4.15039732031184e-09	0.000293312610035211	0.000219571104442655
SP.POP.0014.MA.IN	4.08915990692352e-09	0.000114849251760563	7.31903681475518e-05
NV.SRV.TOTL.KD.ZG_delta1	3.89666473300932e-09	0.000400253080985916	0.000951474785918173
NV.AGR.TOTL.CD_lag1	3.86464159781497e-09	8.83720290492958e-05	0.000219571104442655
EN.GHG.CO2.RT.GDP.KD_tend2	3.73040216677669e-09	0.00017364931778169	0.000292761472590207
EG.ELC.PETR.ZS	3.722356018296e-09	0.000466274207746479	0.000512332577032862
NY.ADJ.AEDU.GN.ZS_delta1	3.71842408581896e-09	0.000291593309859155	0.000365951840737759
EN.GHG.CO2.PI.MT.CE.AR5_rank	3.68685155371569e-09	8.76843089788732e-05	7.31903681475518e-05
NY.GNP.ATLS.CD	3.57435302131211e-09	0.000102126430457746	7.31903681475518e-05
DT.ODA.ODAT.CD	3.56239700199227e-09	0.000361740757042254	0.000219571104442655
FM.AST.DOMS.CN_avg2	3.52465766714868e-09	0.000141326474471831	7.31903681475518e-05
IS.AIR.DPRT_tend2	3.52154648558572e-09	0.000330449493838028	0.000658713313327966
health_coverage_efficiency_delta1	3.50255468226026e-09	0.000259958186619718	0.000658713313327966
AG.LND.ARBL.HA_ratioavg2	3.41039820877109e-09	0.000350393375880282	0.000365951840737759
TG.VAL.TOTL.GD.ZS_rank	3.36327927307748e-09	7.22106073943662e-05	0.000219571104442655
BX.GSR.NFSV.CD_lag1	3.33900355517239e-09	0.000185684419014085	0.000146380736295104
EN.GHG.CO2.RT.GDP.KD	3.25873687531566e-09	0.000191873899647887	0.000292761472590207
EG.ELC.HYRO.ZS_max2	3.21882509142511e-09	4.29825044014085e-05	0.000146380736295104
NY.ADJ.DKAP.GN.ZS_delta1	3.1843154630436e-09	0.000173993177816901	0.000585522945180414
EN.GHG.ALL.PC.CE.AR5_min2	3.12563253565031e-09	6.94597271126761e-05	7.31903681475518e-05
DC.DAC.CANL.CD_lag1	3.0998114159418e-09	0.00032563545334507	0.000658713313327966
BX.TRF.PWKR.DT.GD.ZS_isNA_rank	3.08886885722915e-09	0.0006103515625	0.000878284417770621
NE.CON.PRVT.ZS_max2	3.05228499811159e-09	0.000120351012323944	7.31903681475518e-05
SP.POP.0509.FE.5Y_rank	3.0345397800125e-09	0.000179494938380282	0.000219571104442655
NV.SRV.TOTL.KD.ZG_isNA_rank	2.95253357114696e-09	6.8084286971831e-05	0.000292761472590207
SP.DYN.CDRT.IN_lag1	2.94884219867876e-09	0.000270961707746479	0.000439142208885311
NE.TRD.GNFS.ZS_isNA_rank	2.91293325597764e-09	6.01755061619718e-05	0.000219571104442655
DT.NFL.UNDP.CD_lag1	2.88837744525156e-09	0.000101094850352113	0.000219571104442655
BX.GRT.TECH.CD.WD_lag1	2.88609302975436e-09	0.000103845730633803	0.000146380736295104
SE.SEC.ENRL_lag1	2.86938875082433e-09	0.000562555017605634	0.000585522945180414
SP.POP.4549.MA.5Y_rank	2.8691988721786e-09	0.000242421324823944	0.000146380736295104
EG.ELC.NGAS.ZS_ratioavg2	2.78503560687103e-09	0.000127915933098592	0.000292761472590207
NY.ADJ.DFOR.CD_rank	2.78365703507905e-09	0.000455270686619718	0.000365951840737759
NE.CON.PRVT.KD.ZG	2.71956511034219e-09	0.000151642275528169	0.000292761472590207
NE.CON.PRVT.ZS_avg2	2.69164724204473e-09	0.000374119718309859	0.000292761472590207
AG.LND.CROP.ZS_ratioavg2	2.65780594175972e-09	0.000171242297535211	0.000146380736295104
SP.POP.0509.FE.5Y_delta1	2.62329108021406e-09	0.000289186289612676	0.000292761472590207
SP.POP.7074.MA.5Y_rank	2.60436264747048e-09	0.000102126430457746	7.31903681475518e-05
NE.DAB.TOTL.CD_lag1	2.57779817125061e-09	8.28702684859155e-05	7.31903681475518e-05
NY.ADJ.DMIN.GN.ZS_delta1	2.53951855679188e-09	0.000233824823943662	0.000512332577032862
NY.GDP.COAL.RT.ZS	2.4939964254811e-09	0.000366554797535211	0.000365951840737759
BM.GSR.INSF.ZS_min2	2.45964257518209e-09	0.000114161531690141	0.000292761472590207
DC.DAC.DEUL.CD_lag1	2.45756211037902e-09	0.000205972161091549	0.000439142208885311
NE.RSB.GNFS.CD_isNA_rank	2.43848741376223e-09	0.000233480963908451	0.000292761472590207
DT.ODA.ODAT.PC.ZS	2.39510079045923e-09	0.000110722931338028	0.000292761472590207
FM.AST.NFRG.CN_max2	2.3903328940789e-09	0.000213537081866197	0.000219571104442655
BM.GSR.TRAN.ZS_tend2	2.37141865904241e-09	0.000249298525528169	0.000658713313327966
BM.KLT.DINV.WD.GD.ZS_min2	2.35213660595835e-09	0.000312224911971831	0.000585522945180414
NV.SRV.TOTL.KD_delta1	2.30171169604492e-09	0.000136856294014085	0.000219571104442655
BX.PEF.TOTL.CD.WD_min2	2.20574947220318e-09	0.000345235475352113	0.000439142208885311
EG.ELC.NUCL.ZS_min2	2.19998823985191e-09	0.000268210827464789	0.000219571104442655
AG.PRD.CROP.XD_tend2	2.18237340907664e-09	0.000585249779929577	0.000878284417770621
EN.GHG.ALL.PC.CE.AR5	2.1601845594222e-09	0.000181558098591549	0.000146380736295104
BX.GSR.TRVL.ZS_isNA_rank	2.15771415861255e-09	0.000541235695422535	0.000878284417770621
SP.RUR.TOTL.ZG_lag1	2.09383634083992e-09	0.00407921159771127	0.00241528214886921
TX.VAL.OTHR.ZS.WT_lag1	2.05589980435287e-09	7.28983274647887e-05	0.000219571104442655
EN.GHG.CO2.RT.GDP.KD_ratioavg2	2.03897452987061e-09	0.000141326474471831	0.000219571104442655
DC.DAC.FRAL.CD_min2	2.02566845855225e-09	0.000235544124119718	0.000219571104442655
EN.GHG.N2O.IC.MT.CE.AR5_ratioavg2	2.00531580592643e-09	0.000326323173415493	0.000439142208885311
NV.IND.TOTL.KD_lag1	1.99860641932777e-09	8.69965889084507e-05	7.31903681475518e-05
BM.KLT.DINV.WD.GD.ZS_max2	1.99370070791034e-09	0.000294344190140845	0.000292761472590207
NY.GDP.MKTP.KD_lag1	1.98962597632439e-09	7.94316681338028e-05	7.31903681475518e-05
BX.GSR.TRAN.ZS	1.95830745944384e-09	0.000412975902288732	0.000512332577032862
TX.VAL.TRVL.ZS.WT	1.94650056733535e-09	0.000777811399647887	0.000731903681475518
SE.SEC.ENRL.GC_isNA_rank	1.94116046157354e-09	0.000451832086267606	0.000658713313327966
SP.POP.6569.MA.5Y_lag1	1.93688092557647e-09	0.000201845840669014	0.000146380736295104
NE.CON.PRVT.KD_tend2	1.92352590577779e-09	0.000172961597711268	0.000365951840737759
NY.ADJ.DMIN.GN.ZS_isNA_rank	1.91491233718588e-09	0.000410225022007042	0.000731903681475518
IT.MLT.MAIN.P2_ratioavg2	1.86445066985404e-09	0.000509600572183099	0.00080509404962307
NY.GDS.TOTL.CD_delta1	1.8624836553751e-09	0.000214568661971831	0.000219571104442655
DC.DAC.CANL.CD_ratioavg2	1.84627109175949e-09	0.000206659881161972	0.000512332577032862
NV.AGR.TOTL.ZS_lag1	1.84553059950409e-09	0.000131354533450704	0.000219571104442655
NY.GDP.PCAP.CD_delta1	1.81989369270312e-09	0.000477621588908451	0.000585522945180414
NE.CON.TOTL.KD.ZG_avg2	1.81270350248633e-09	5.26105853873239e-05	7.31903681475518e-05
NE.CON.PRVT.PC.KD_isNA_rank	1.79930743885623e-09	0.000674997249119718	0.000658713313327966
NY.ADJ.DMIN.GN.ZS_lag1	1.79728008398313e-09	0.000198407240316901	0.000365951840737759
BX.GSR.CMCP.ZS_tend2	1.78020572567765e-09	0.00036070917693662	0.000731903681475518
FM.AST.PRVT.GD.ZS_tend2	1.77864683940118e-09	0.000221789722711268	0.000219571104442655
BX.GSR.MRCH.CD	1.75557515993752e-09	0.000185684419014085	0.000146380736295104
NY.GDP.MKTP.KD_isNA_rank	1.71314717228482e-09	0.000234168683978873	0.000512332577032862
NY.GDP.PCAP.CN_lag1	1.71232080633546e-09	0.000288842429577465	0.000365951840737759
EG.USE.PCAP.KG.OE_avg2	1.70557090724303e-09	0.000126540492957746	7.31903681475518e-05
NY.ADJ.DMIN.CD_isNA_rank	1.70168715371897e-09	0.000291937169894366	0.000439142208885311
NY.GDP.PCAP.CN_delta1	1.6522028003472e-09	0.000191530039612676	0.000439142208885311
IS.AIR.DPRT_min2	1.64789733927781e-09	0.000159551056338028	0.000146380736295104
IS.AIR.PSGR_rank	1.6039560916336e-09	0.00017640019806338	0.000146380736295104
TX.VAL.SERV.CD.WT_lag1	1.58059351214572e-09	4.22947843309859e-05	7.31903681475518e-05
MS.MIL.XPND.CD_lag1	1.5785720687378e-09	0.000536077794894366	0.000585522945180414
NY.ADJ.DMIN.CD_rank	1.53062217557428e-09	7.28983274647887e-05	0.000219571104442655
TX.VAL.MRCH.WL.CD	1.51604778847642e-09	0.000102814150528169	7.31903681475518e-05
NY.ADJ.NNTY.PC.CD_isNA_rank	1.51115520925385e-09	0.000147859815140845	0.000292761472590207
TM.VAL.MRCH.R3.ZS	1.47656779992594e-09	0.000319102112676056	0.000439142208885311
NE.EXP.GNFS.CN_isNA_rank	1.47656441131336e-09	0.000300877530809859	0.000585522945180414
DC.DAC.FRAL.CD	1.4554880997175e-09	0.000264084507042254	0.000365951840737759
EN.GHG.CO2.BU.MT.CE.AR5_min2	1.45331752008686e-09	0.000123789612676056	7.31903681475518e-05
SP.POP.GROW_delta1	1.43415844241107e-09	0.000153705435739437	0.000439142208885311
NE.CON.TOTL.KD.ZG_ratiomax2	1.43401499181277e-09	0.000289874009683099	0.000585522945180414
FM.LBL.BMNY.GD.ZS_min2	1.42639944533183e-09	0.00010315801056338	0.000146380736295104
TX.VAL.TRAN.ZS.WT_delta1	1.41843085037145e-09	0.000676028829225352	0.000951474785918173
TM.VAL.MRCH.WR.ZS	1.41122528687971e-09	0.000257895026408451	0.000365951840737759
DC.DAC.DEUL.CD	1.40839147186157e-09	0.000523354973591549	0.000878284417770621
NY.ADJ.DFOR.CD_isNA_rank	1.40546320053332e-09	0.000818043023767606	0.00080509404962307
BM.GSR.INSF.ZS_max2	1.39002895377253e-09	0.000146484375	0.000292761472590207
EN.GHG.ALL.MT.CE.AR5_ratioavg2	1.38186456811717e-09	0.000445642605633803	0.000439142208885311
BX.KLT.DINV.WD.GD.ZS_avg2	1.37091285993361e-09	0.00018981073943662	0.000365951840737759
FI.RES.TOTL.CD_ratioavg2	1.36226705785848e-09	0.00017915107834507	0.000219571104442655
EN.GHG.CH4.PI.MT.CE.AR5_lag1	1.35313657204307e-09	0.00014373349471831	0.000219571104442655
NE.IMP.GNFS.CN_isNA_rank	1.32249222209081e-09	0.000302596830985915	0.000512332577032862
SP.DYN.IMRT.FE.IN	1.30542710972528e-09	0.000308786311619718	0.000219571104442655
AG.LND.AGRI.ZS_max2	1.30410949913922e-09	0.000231073943661972	0.000146380736295104
SP.POP.0004.FE.5Y_lag1	1.28400535366925e-09	6.18948063380282e-05	7.31903681475518e-05
SP.POP.TOTL.MA.ZS_lag1	1.24707918260291e-09	0.00036896181778169	0.000292761472590207
SP.URB.GROW_delta1	1.24257863873248e-09	0.000146484375	0.000219571104442655
BX.GRT.TECH.CD.WD_ratioavg2	1.22588484217882e-09	0.000135480853873239	0.000219571104442655
IS.AIR.GOOD.MT.K1_rank	1.22416202388393e-09	3.43860035211268e-05	0.000146380736295104
NY.GDP.PETR.RT.ZS_lag1	1.19100248454773e-09	3.16351232394366e-05	0.000146380736295104
BG.GSR.NFSV.GD.ZS_ratioavg2	1.19001691961252e-09	0.000106252750880282	0.000292761472590207
NV.IND.TOTL.CD_isNA_rank	1.17874915241097e-09	0.000267523107394366	0.000365951840737759
SE.PRM.ENRR.FE_rank	1.17813113687851e-09	4.71088248239437e-05	7.31903681475518e-05
NE.EXP.GNFS.KD_isNA_rank	1.17541961001186e-09	0.000288842429577465	0.000439142208885311
NE.CON.PRVT.KD.ZG_ratioavg2	1.1648638737906e-09	0.000221102002640845	0.000365951840737759
BX.GRT.EXTA.CD.WD_tend2	1.16441026974316e-09	0.0001953125	0.000439142208885311
TX.VAL.MRCH.AL.ZS_lag1	1.16220698136246e-09	0.000118287852112676	0.000219571104442655
MS.MIL.XPND.CD_tend2	1.160204480765e-09	0.000303284551056338	0.000512332577032862
EN.GHG.CO2.TR.MT.CE.AR5_lag1	1.1555934489225e-09	7.73685079225352e-05	7.31903681475518e-05
BM.GSR.TOTL.CD_max2	1.15291184740206e-09	6.39579665492958e-05	7.31903681475518e-05
TX.VAL.AGRI.ZS.UN	1.13163353115292e-09	0.000178807218309859	0.000219571104442655
TM.VAL.MRCH.RS.ZS_rank	1.12399658770678e-09	0.000128947513204225	0.000292761472590207
SP.POP.TOTL.FE.ZS	1.10550784082322e-09	0.000255144146126761	0.000292761472590207
DT.ODA.ODAT.PC.ZS_rank	1.1020921952181e-09	0.000150266835387324	0.000146380736295104
SP.POP.1519.FE.5Y	1.08923054479485e-09	0.00034729863556338	0.000439142208885311
NY.ADJ.AEDU.GN.ZS	1.06868541966436e-09	0.000214912522007042	0.000146380736295104
EN.GHG.N2O.IC.MT.CE.AR5	1.06369206323277e-09	2.20070422535211e-05	7.31903681475518e-05
NE.IMP.GNFS.ZS_rank	1.05198923186874e-09	0.000148547535211268	0.000219571104442655
EN.GHG.CO2.IC.MT.CE.AR5_ratioavg2	1.0498137354735e-09	5.36421654929578e-05	0.000219571104442655
NE.GDI.FTOT.CD_delta1	1.04793082987653e-09	0.000233824823943662	0.000292761472590207
SE.SEC.ENRL_rank	1.04530851948075e-09	0.00085174130721831	0.000658713313327966
NY.GNP.MKTP.CN_lag1	1.0450985703505e-09	6.25825264084507e-05	7.31903681475518e-05
DC.DAC.GBRL.CD_ratiomax2	1.02832646023337e-09	0.000120351012323944	0.000219571104442655
TM.VAL.OTHR.ZS.WT_lag1	1.00984625196597e-09	0.000134449273767606	0.000219571104442655
NY.GDS.TOTL.ZS_isNA_rank	1.00978894098078e-09	0.000316351232394366	0.000439142208885311
NE.CON.PRVT.KD_lag1	1.00718328353153e-09	1.44421214788732e-05	7.31903681475518e-05
BM.GSR.FCTY.CD_max2	9.96517480870523e-10	0.000191873899647887	0.000146380736295104
AG.LND.CROP.ZS	9.73311841794071e-10	0.00011656855193662	0.000365951840737759
TX.VAL.MRCH.R4.ZS_lag1	9.65914493916626e-10	0.000170554577464789	0.000292761472590207
NY.GDP.FCST.CD_delta1	9.49942613298508e-10	0.000134449273767606	0.000365951840737759
BM.GSR.CMCP.ZS_tend2	9.49143329493757e-10	0.000396470620598592	0.000512332577032862
NV.AGR.TOTL.ZS_delta1	9.48788996086127e-10	0.000139951034330986	0.000292761472590207
SP.POP.0014.TO_delta1	9.40229484203147e-10	1.61614216549296e-05	7.31903681475518e-05
FI.RES.TOTL.MO_ratioavg2	9.36108618023673e-10	0.000122758032570423	0.000292761472590207
NY.GNP.PCAP.CN_delta1	9.36045004357034e-10	0.000292281029929577	0.000439142208885311
AG.PRD.FOOD.XD_min2	9.35672988563986e-10	0.000146828235035211	0.000219571104442655
AG.LND.CREL.HA	9.239755283161e-10	0.000162301936619718	0.000146380736295104
NY.GDP.FRST.RT.ZS_delta1	9.10324720431522e-10	0.000681874449823944	0.00080509404962307
TM.VAL.MRCH.WL.CD_lag1	9.05210256394835e-10	0.000169179137323944	0.000146380736295104
NY.ADJ.DFOR.GN.ZS_rank	8.97300368655091e-10	0.000647832306338028	0.000658713313327966
NE.GDI.TOTL.CD_lag1	8.96426533816099e-10	0.00162473866637324	0.000951474785918173
NV.AGR.TOTL.ZS_isNA_rank	8.89315590396839e-10	0.000249986245598592	0.000365951840737759
NY.GDP.COAL.RT.ZS_isNA_rank	8.88209051859086e-10	0.000308786311619718	0.000439142208885311
NY.ADJ.DNGY.GN.ZS	8.81281463374998e-10	0.000152673855633803	0.000292761472590207
BG.GSR.NFSV.GD.ZS_rank	8.73319316863482e-10	2.68210827464789e-05	7.31903681475518e-05
TM.VAL.MANF.ZS.UN_rank	8.72340302756413e-10	0.000104533450704225	0.000219571104442655
AG.PRD.CROP.XD_max2	8.62252142671431e-10	0.00010590889084507	0.000146380736295104
SP.POP.0004.MA.5Y_delta1	8.59637412973796e-10	0.000204940580985916	0.000365951840737759
FP.CPI.TOTL.ZG_avg2	8.563589165232e-10	0.0010955380721831	0.000878284417770621
SE.ENR.PRIM.FM.ZS_delta1	8.50221277834364e-10	0.00016814755721831	0.000365951840737759
BM.KLT.DINV.CD.WD_min2	8.48515752693778e-10	0.000123445752640845	0.000292761472590207
NE.GDI.FTOT.ZS	8.4523004964594e-10	0.00105427486795775	0.00102466515406572
AG.SRF.TOTL.K2_ratioavg2	8.42086374493515e-10	0.000567369058098592	0.000292761472590207
EN.GHG.CH4.IC.MT.CE.AR5_lag1	8.3525311246112e-10	0.000136856294014085	0.000146380736295104
TX.VAL.MRCH.R6.ZS_delta1	8.34876772095757e-10	0.000223509022887324	0.000585522945180414
NE.RSB.GNFS.ZS	8.31762327801409e-10	0.000161614216549296	0.000292761472590207
TM.VAL.MRCH.OR.ZS_rank	8.27923488273913e-10	0.00021697568221831	0.000292761472590207
BX.GRT.TECH.CD.WD_min2	8.26997200306599e-10	0.000107628191021127	0.000146380736295104
EN.GHG.CO2.TR.MT.CE.AR5_ratioavg2	8.25340882657449e-10	0.000171930017605634	0.000365951840737759
TM.VAL.TRVL.ZS.WT_lag1	8.16714045531848e-10	6.39579665492958e-05	0.000146380736295104
SP.DYN.CDRT.IN	8.09259925794476e-10	0.000540204115316901	0.000585522945180414
SE.SEC.AGES_lag1	7.83440154232901e-10	3.50737235915493e-05	7.31903681475518e-05
SP.POP.GROW_lag1	7.77623852783113e-10	0.000827671104753521	0.000731903681475518
BX.GSR.FCTY.CD_lag1	7.77197412650214e-10	0.000115193111795775	0.000146380736295104
TX.VAL.MRCH.R3.ZS_delta1	7.69184872722556e-10	0.000315663512323944	0.000585522945180414
BX.KLT.DINV.CD.WD_max2	7.67494599025993e-10	5.94877860915493e-05	7.31903681475518e-05
EN.GHG.N2O.FE.MT.CE.AR5_tend2	7.656483546426e-10	0.000338014414612676	0.000512332577032862
NE.CON.GOVT.ZS	7.58501866725538e-10	0.000414351342429578	0.000439142208885311
BX.GSR.MRCH.CD_rank	7.50690533554662e-10	0.000105565030809859	0.000146380736295104
FI.RES.TOTL.CD_isNA_rank	7.50127381611194e-10	0.000510632152288732	0.000731903681475518
DC.DAC.JPNL.CD_rank	7.46075333225848e-10	0.000107284330985916	0.000146380736295104
SP.POP.65UP.FE.IN_delta1	7.45215854961227e-10	5.43298855633803e-05	7.31903681475518e-05
NE.GDI.TOTL.ZS	7.34742112617711e-10	0.000468681227992958	0.000658713313327966
SH.DTH.MORT_lag1	7.27366042554993e-10	0.000111410651408451	7.31903681475518e-05
BX.PEF.TOTL.CD.WD_max2	7.23418153928033e-10	7.80562279929578e-05	0.000146380736295104
NY.ADJ.DMIN.CD_delta1	7.07731518137015e-10	0.00029571963028169	0.000439142208885311
NE.CON.PRVT.CD_ratioavg2	7.04864484224592e-10	7.28983274647887e-05	0.000292761472590207
NE.GDI.FTOT.CD_lag1	7.03243946648514e-10	0.00144696302816901	0.000878284417770621
EG.ELC.FOSL.ZS_lag1	7.01937865455459e-10	0.000223165162852113	0.000292761472590207
EG.ELC.NUCL.ZS_rank	7.004757789207e-10	0.000254112566021127	0.000146380736295104
DC.DAC.FRAL.CD_ratioavg2	6.82019881464855e-10	0.000288842429577465	0.000439142208885311
TM.VAL.SERV.CD.WT_isNA_rank	6.72578038569207e-10	9.765625e-05	0.000365951840737759
DT.ODA.ODAT.GN.ZS_tend2	6.65409966506129e-10	0.000136168573943662	0.000365951840737759
DC.DAC.USAL.CD_lag1	6.60561195772941e-10	4.67649647887324e-05	7.31903681475518e-05
BG.GSR.NFSV.GD.ZS_tend2	6.59988551814886e-10	0.000343860035211268	0.000585522945180414
IT.CEL.SETS.P2_avg2	6.5908807502606e-10	1.75368617957746e-05	7.31903681475518e-05
BM.GSR.GNFS.CD_ratioavg2	6.54137396239118e-10	7.97755281690141e-05	0.000219571104442655
FS.AST.PRVT.GD.ZS_ratioavg2	6.53380525912085e-10	0.000255831866197183	0.000365951840737759
MS.MIL.XPND.CD_max2	6.51925727080463e-10	0.000199094960387324	0.000292761472590207
SP.POP.3034.MA.5Y	6.47503725061783e-10	7.28983274647887e-05	0.000146380736295104
BM.TRF.PWKR.CD.DT_min2	6.46560358193372e-10	9.11229093309859e-05	0.000219571104442655
NY.ADJ.NNTY.CD_delta1	6.40801874424206e-10	0.000145796654929577	0.000365951840737759
EN.GHG.ALL.MT.CE.AR5_tend2	6.34216183365426e-10	0.000187403719190141	0.000219571104442655
NV.AGR.TOTL.KD	6.22636909144288e-10	1.37544014084507e-05	7.31903681475518e-05
EN.GHG.N2O.MT.CE.AR5_lag1	6.21636164484094e-10	7.04913072183099e-05	7.31903681475518e-05
TX.VAL.MRCH.R3.ZS	6.19050738194486e-10	0.00146002970950704	0.00109785552221328
BM.GSR.CMCP.ZS	6.14762499318261e-10	0.000118287852112676	0.000292761472590207
NY.GDP.MKTP.KN_lag1	6.09580307419402e-10	0.000223165162852113	0.000219571104442655
TM.VAL.MRCH.R2.ZS_lag1	6.09566916175191e-10	7.15228873239437e-05	0.000219571104442655
TM.VAL.MRCH.R5.ZS_delta1	6.00781708311068e-10	0.000368274097711268	0.00102466515406572
NE.GDI.TOTL.CD_delta1	5.96089766702938e-10	0.000388905699823944	0.000365951840737759
BX.GSR.TRAN.ZS_min2	5.92537119643697e-10	0.000342828455105634	0.000658713313327966
EN.GHG.CO2.PI.MT.CE.AR5_min2	5.87137102891099e-10	0.000169866857394366	0.000146380736295104
BM.TRF.PWKR.CD.DT_max2	5.80635666008876e-10	0.000104877310739437	0.000146380736295104
SM.POP.RHCR.EA_isNA_rank	5.77046087644975e-10	0.000186372139084507	0.000512332577032862
NY.ADJ.DMIN.GN.ZS_rank	5.70602131017262e-10	0.000290905589788732	0.000439142208885311
NV.IND.TOTL.CN_rank	5.70071640986935e-10	0.000112098371478873	7.31903681475518e-05
AG.LND.ARBL.ZS_ratioavg2	5.64901279917302e-10	0.000140638754401408	0.000365951840737759
DT.NFL.UNDP.CD_min2	5.55777373744202e-10	5.05474251760563e-05	0.000146380736295104
TM.VAL.INSF.ZS.WT_rank	5.52453545199614e-10	0.000102126430457746	7.31903681475518e-05
NY.GDP.DEFL.KD.ZG	5.38221598101131e-10	0.000118975572183099	0.000292761472590207
EG.ELC.COAL.ZS	5.35849333776823e-10	0.000403347821302817	0.000365951840737759
SP.POP.80UP.FE.5Y	5.23533625119059e-10	7.80562279929578e-05	7.31903681475518e-05
SP.URB.TOTL.IN.ZS_rank	5.22828129753249e-10	0.000206659881161972	0.000146380736295104
SH.DYN.NMRT_delta1	5.18043114643745e-10	6.84281470070423e-05	7.31903681475518e-05
NY.ADJ.DNGY.GN.ZS_lag1	5.03341278988794e-10	4.8828125e-05	0.000146380736295104
TX.VAL.OTHR.ZS.WT_rank	5.02822442842018e-10	2.37263424295775e-05	7.31903681475518e-05
FI.RES.TOTL.MO_rank	5.01235400453588e-10	6.73965669014085e-05	7.31903681475518e-05
DT.ODA.ODAT.PC.ZS_tend2	4.95594143166092e-10	0.000105221170774648	0.000365951840737759
NV.IND.TOTL.KD	4.94885579036063e-10	3.3354423415493e-05	7.31903681475518e-05
NY.GDP.FCST.CN_delta1	4.83410548902026e-10	0.000186028279049296	0.000292761472590207
NY.GDP.MKTP.CD_isNA_rank	4.69326480883152e-10	0.000201158120598592	0.000146380736295104
BX.GSR.TRAN.ZS_lag1	4.65125959445888e-10	0.000284028389084507	0.000439142208885311
EN.URB.MCTY.TL.ZS_avg2	4.61258929374057e-10	9.59369498239437e-05	7.31903681475518e-05
DT.ODA.ODAT.PC.ZS_max2	4.57782411119291e-10	3.54175836267606e-05	7.31903681475518e-05
EG.ELC.COAL.ZS_min2	4.49556869873648e-10	4.53895246478873e-05	7.31903681475518e-05
DC.DAC.CANL.CD_min2	4.44083549106028e-10	0.000109691351232394	0.000292761472590207
SH.MMR.DTHS_delta1	4.39073487133719e-10	1.58175616197183e-05	7.31903681475518e-05
TX.VAL.MANF.ZS.UN_isNA_rank	4.38707229056137e-10	0.000560835717429577	0.000658713313327966
NV.AGR.TOTL.CN_lag1	4.34671683956094e-10	0.000312224911971831	0.000365951840737759
AG.PRD.LVSK.XD_min2	4.27366963162106e-10	0.000300189810739437	0.000365951840737759
AG.LND.AGRI.K2_min2	4.21166969785398e-10	4.02316241197183e-05	0.000146380736295104
NV.AGR.TOTL.CN	4.19953444043673e-10	0.000499972491197183	0.000512332577032862
NV.AGR.TOTL.CN_isNA_rank	4.19272790312536e-10	0.000193249339788732	0.000512332577032862
NY.GDP.TOTL.RT.ZS_isNA_rank	4.16861654233107e-10	3.78246038732394e-05	0.000146380736295104
NY.ADJ.DMIN.GN.ZS	4.14621736317715e-10	0.000420196963028169	0.000878284417770621
EN.GHG.N2O.FE.MT.CE.AR5_min2	4.13147030847374e-10	0.000177087918133803	0.000219571104442655
EN.GHG.ALL.PC.CE.AR5_ratioavg2	4.10067030383093e-10	9.2498349471831e-05	0.000219571104442655
SH.DTH.MORT_rank	4.02897755300805e-10	4.91719850352113e-05	7.31903681475518e-05
TX.VAL.TRVL.ZS.WT_delta1	3.97173223073362e-10	0.000119663292253521	0.000292761472590207
NE.EXP.GNFS.KD_rank	3.9085048474609e-10	1.96000220070423e-05	7.31903681475518e-05
EN.GHG.CH4.AG.MT.CE.AR5_avg2	3.750106737429e-10	0.000208035321302817	0.000146380736295104
NE.CON.PRVT.KD_min2	3.48748976325909e-10	1.58175616197183e-05	7.31903681475518e-05
NE.CON.TOTL.CD_isNA_rank	3.44214536873316e-10	0.00104155204665493	0.00102466515406572
NY.ADJ.DRES.GN.ZS_delta1	3.41336115469306e-10	0.000183965118838028	0.000512332577032862
SP.POP.0014.FE.ZS_delta1	3.40858483745639e-10	0.000242077464788732	0.000439142208885311
FM.LBL.BMNY.GD.ZS	3.38125133987033e-10	0.000302252970950704	0.000512332577032862
NV.IND.TOTL.KD.ZG	3.37367506565028e-10	3.67930237676056e-05	0.000146380736295104
NE.CON.TOTL.KD.ZG_min2	3.27957163448275e-10	0.00014373349471831	0.000512332577032862
AG.PRD.CROP.XD_ratiomax2	3.2538430269348e-10	5.22667253521127e-05	7.31903681475518e-05
TX.VAL.MRCH.R1.ZS_lag1	3.21143794982535e-10	0.000353831976232394	0.000585522945180414
SP.POP.TOTL.FE.ZS_delta1	3.19167805197081e-10	0.000240014304577465	0.000219571104442655
AG.LND.ARBL.ZS_lag1	3.19136982272939e-10	2.61333626760563e-05	7.31903681475518e-05
FS.AST.PRVT.GD.ZS_min2	3.18707743105333e-10	0.000293312610035211	0.000292761472590207
EN.GHG.CO2.RT.GDP.KD_max2	3.15527670767194e-10	0.00013032295334507	0.000219571104442655
NY.GDP.FCST.CN	3.15415474193002e-10	0.000328730193661972	0.000292761472590207
EN.GHG.CO2.IP.MT.CE.AR5_delta1	3.15022296676274e-10	0.000193937059859155	0.000219571104442655
FS.AST.PRVT.GD.ZS_avg2	3.12418595864591e-10	0.000102470290492958	7.31903681475518e-05
BX.TRF.PWKR.CD.DT	3.11626386549279e-10	9.73123899647887e-05	0.000146380736295104
NE.EXP.GNFS.KD_lag1	3.08699113453842e-10	0.000197375660211268	0.000219571104442655
DT.ODA.ODAT.KD	2.98910650502335e-10	0.000118287852112676	7.31903681475518e-05
NE.EXP.GNFS.CN_lag1	2.98556959572713e-10	0.000110035211267606	0.000292761472590207
NY.GDP.TOTL.RT.ZS_delta1	2.97181767715685e-10	0.000331824933978873	0.000512332577032862
BX.GSR.TRVL.ZS_max2	2.95141476839937e-10	9.21544894366197e-05	0.000146380736295104
SP.ADO.TFRT_rank	2.94490944716742e-10	0.000234512544014085	0.000292761472590207
SP.POP.0014.TO.ZS	2.94225252748263e-10	3.16351232394366e-05	7.31903681475518e-05
SP.URB.TOTL_delta1	2.85029540562977e-10	5.84562059859155e-05	0.000146380736295104
MS.MIL.XPND.CD	2.78414296850859e-10	0.000122758032570423	0.000219571104442655
SE.PRM.TCHR_rank	2.74901891943986e-10	0.000157831756161972	0.000292761472590207
EN.GHG.CO2.RT.GDP.KD_lag1	2.73546310295781e-10	4.95158450704225e-05	0.000146380736295104
MS.MIL.XPND.CD_avg2	2.66189161238205e-10	0.000172617737676056	0.000219571104442655
ER.FSH.CAPT.MT_lag1	2.64807388292597e-10	0.00010315801056338	0.000219571104442655
TX.VAL.MRCH.AL.ZS	2.62437976515018e-10	0.000144765074823944	0.000365951840737759
EN.GHG.CO2.FE.MT.CE.AR5_lag1	2.58206742570828e-10	0.000108659771126761	0.000146380736295104
SP.DYN.IMRT.IN_rank	2.51511842710908e-10	0.000103501870598592	7.31903681475518e-05
NY.GDP.FRST.RT.ZS_isNA_rank	2.48683451375304e-10	0.000177087918133803	0.000292761472590207
NE.IMP.GNFS.KD_delta1	2.48447395053859e-10	0.000282309088908451	0.000292761472590207
NY.ADJ.NNTY.CD_rank	2.48442211619168e-10	0.000161958076584507	0.000146380736295104
DC.DAC.FRAL.CD_max2	2.43425593923645e-10	9.28422095070423e-05	0.000146380736295104
TX.VAL.MRCH.WL.CD_lag1	2.40666473954955e-10	2.64772227112676e-05	7.31903681475518e-05
NE.CON.PRVT.KD_isNA_rank	2.40272750081604e-10	0.000278870488556338	0.000512332577032862
BX.GSR.GNFS.CD_tend2	2.39101861975672e-10	0.00015473701584507	0.000219571104442655
EG.ELC.FOSL.ZS_tend2	2.38972276247473e-10	3.3354423415493e-05	0.000146380736295104
TX.VAL.MRCH.R3.ZS_rank	2.36471993034732e-10	0.000216287962147887	0.000219571104442655
NY.GDP.MINR.RT.ZS_lag1	2.34097189615087e-10	6.87720070422535e-05	0.000146380736295104
BM.GSR.GNFS.CD	2.34013218685111e-10	7.77123679577465e-05	0.000146380736295104
DC.DAC.FRAL.CD_tend2	2.33260681691456e-10	0.0001220703125	0.000219571104442655
NE.CON.GOVT.ZS_lag1	2.29978032260236e-10	5.15790052816901e-05	7.31903681475518e-05
NE.RSB.GNFS.ZS_delta1	2.26172058041624e-10	0.00029021786971831	0.000585522945180414
BM.KLT.DINV.WD.GD.ZS_isNA_rank	2.23438416164122e-10	0.000114849251760563	0.000365951840737759
NY.ADJ.DFOR.CD_delta1	2.22519349649615e-10	0.000110379071302817	0.000219571104442655
NE.CON.TOTL.KD.ZG	2.20955152610999e-10	0.000178807218309859	0.000439142208885311
NE.EXP.GNFS.KD.ZG	2.20663019195888e-10	7.97755281690141e-05	0.000146380736295104
SP.RUR.TOTL.ZG_rank	2.20075037563388e-10	0.000134793133802817	7.31903681475518e-05
NE.CON.TOTL.KD_tend2	2.14644668925935e-10	8.2182548415493e-05	0.000219571104442655
NE.GDI.TOTL.ZS_lag1	2.10518786356053e-10	0.000821137764084507	0.000878284417770621
SH.DYN.MORT_lag1	2.07578118289476e-10	0.000107972051056338	7.31903681475518e-05
MS.MIL.XPND.GD.ZS_isNA_rank	2.0739341704303e-10	0.00045561454665493	0.000439142208885311
NE.CON.PRVT.ZS_tend2	2.06314444371862e-10	5.81123459507042e-05	0.000219571104442655
ER.H2O.INTR.PC	2.04225589501332e-10	1.65052816901408e-05	7.31903681475518e-05
DC.DAC.DEUL.CD_ratiomax2	2.02892833567033e-10	0.000231073943661972	0.000292761472590207
EN.GHG.CO2.PI.MT.CE.AR5_lag1	2.01227791344667e-10	0.000159207196302817	0.000146380736295104
NE.CON.GOVT.ZS_max2	2.01091834765606e-10	0.000326323173415493	0.000365951840737759
EN.URB.MCTY.TL.ZS_rank	1.97679927881855e-10	0.000162989656690141	0.000146380736295104
EG.ELC.COAL.ZS_avg2	1.95140723073274e-10	7.15228873239437e-05	7.31903681475518e-05
EG.ELC.PETR.ZS_rank	1.94347978915881e-10	5.3986025528169e-05	0.000146380736295104
TM.VAL.AGRI.ZS.UN_rank	1.9324597499347e-10	0.000526449713908451	0.000512332577032862
DT.ODA.ALLD.KD_ratioavg2	1.90393198863994e-10	6.46456866197183e-05	0.000146380736295104
BM.TRF.PWKR.CD.DT_lag1	1.88585815555569e-10	0.00039887764084507	0.000365951840737759
TM.VAL.INSF.ZS.WT_delta1	1.86802786641515e-10	0.000177431778169014	0.000365951840737759
SE.PRM.ENRR.MA_isNA_rank	1.82840226069702e-10	0.000126196632922535	0.000146380736295104
FS.AST.CGOV.GD.ZS_ratiomax2	1.80184431361124e-10	0.000409881161971831	0.000439142208885311
EN.GHG.CH4.BU.MT.CE.AR5_lag1	1.80015439286038e-10	6.4301826584507e-05	0.000146380736295104
DT.ODA.ALLD.CD_avg2	1.79217809792625e-10	4.64211047535211e-05	7.31903681475518e-05
TX.VAL.MRCH.WR.ZS_delta1	1.75698994568382e-10	0.000173305457746479	0.000219571104442655
AG.LND.CREL.HA_ratioavg2	1.73738600255151e-10	0.000174337037852113	0.000292761472590207
SE.PRM.ENRL.FE.ZS_isNA_rank	1.68045187771127e-10	0.00010040713028169	0.000219571104442655
NY.GDP.PCAP.CN_rank	1.65548708473198e-10	0.000240702024647887	0.000292761472590207
NY.GDP.PCAP.KD.ZG_lag1	1.6203639279011e-10	0.000236231844190141	0.000512332577032862
AG.LND.AGRI.ZS_ratioavg2	1.61039865678189e-10	0.000633390184859155	0.000585522945180414
FM.AST.DOMS.CN_rank	1.60359634216418e-10	4.74526848591549e-05	7.31903681475518e-05
FM.LBL.BMNY.GD.ZS_avg2	1.56258084875289e-10	1.44421214788732e-05	7.31903681475518e-05
EN.GHG.CO2.IC.MT.CE.AR5	1.53046319180466e-10	0.000132042253521127	0.000146380736295104
SP.POP.0014.MA.ZS_rank	1.50611558711872e-10	2.33824823943662e-05	7.31903681475518e-05
NY.GNP.MKTP.CN	1.49208642176596e-10	1.68491417253521e-05	7.31903681475518e-05
EN.GHG.CO2.PI.MT.CE.AR5	1.48564341867574e-10	0.000169522997359155	0.000146380736295104
BX.GSR.TRVL.ZS_ratiomax2	1.46448333262024e-10	4.22947843309859e-05	0.000146380736295104
NE.EXP.GNFS.ZS_rank	1.44092226341785e-10	0.000112786091549296	0.000146380736295104
NY.GDP.PETR.RT.ZS_rank	1.42990528416908e-10	1.99438820422535e-05	7.31903681475518e-05
BM.GSR.TRVL.ZS_min2	1.38830764226935e-10	0.000114505391725352	0.000219571104442655
EN.GHG.CO2.BU.MT.CE.AR5_ratioavg2	1.37634478798478e-10	0.000345579335387324	0.000658713313327966
AG.LND.CROP.ZS_delta1	1.36982078538365e-10	0.000137544014084507	0.000146380736295104
EG.USE.PCAP.KG.OE_lag1	1.23113936085862e-10	2.33824823943662e-05	7.31903681475518e-05
NY.GDP.MKTP.CD_delta1	1.20646122765994e-10	7.42737676056338e-05	0.000146380736295104
AG.PRD.LVSK.XD_ratioavg2	1.18006014310945e-10	0.000688063930457747	0.000731903681475518
BM.GSR.CMCP.ZS_max2	1.17283834319719e-10	3.43860035211268e-05	0.000146380736295104
BX.GSR.TOTL.CD_lag1	1.14668427725611e-10	0.000146484375	0.000219571104442655
BX.GSR.TRVL.ZS_min2	1.14116981564567e-10	3.8512323943662e-05	7.31903681475518e-05
TX.VAL.MRCH.R3.ZS_lag1	1.0886499675128e-10	0.000126884352992958	0.000146380736295104
NY.GDS.TOTL.CD	1.0813803917121e-10	1.4098261443662e-05	7.31903681475518e-05
DC.DAC.USAL.CD_isNA_rank	1.07583057656724e-10	0.000250330105633803	0.000219571104442655
FS.AST.PRVT.GD.ZS_max2	1.06996017435289e-10	2.02877420774648e-05	7.31903681475518e-05
MS.MIL.XPND.CD_rank	1.06747148489221e-10	4.50456646126761e-05	7.31903681475518e-05
NV.SRV.TOTL.CD	1.05908108479104e-10	1.75368617957746e-05	7.31903681475518e-05
TX.VAL.MRCH.RS.ZS_rank	1.05759405136368e-10	2.68210827464789e-05	7.31903681475518e-05
IT.MLT.MAIN_lag1	1.04019038458617e-10	2.26947623239437e-05	7.31903681475518e-05
BM.TRF.PWKR.CD.DT_rank	1.02913968275148e-10	6.94597271126761e-05	0.000146380736295104
DT.NFL.UNDP.CD_avg2	1.01729041245984e-10	4.33263644366197e-05	0.000146380736295104
BG.GSR.NFSV.GD.ZS_isNA_rank	1.01031096526474e-10	0.0006103515625	0.00080509404962307
AG.LND.TOTL.K2_tend2	1.00049111334094e-10	4.74526848591549e-05	7.31903681475518e-05
BX.TRF.PWKR.DT.GD.ZS_lag1	9.98401220826706e-11	1.44421214788732e-05	7.31903681475518e-05
SH.DTH.MORT_delta1	9.87709445588953e-11	0.000112098371478873	0.000219571104442655
PA.NUS.FCRF_rank	9.8447311198012e-11	0.000985846720950704	0.000731903681475518
TX.VAL.OTHR.ZS.WT	9.78336424603743e-11	6.53334066901408e-05	0.000219571104442655
EN.GHG.CH4.IC.MT.CE.AR5_delta1	9.772222164361e-11	4.74526848591549e-05	0.000146380736295104
EN.GHG.CO2.FE.MT.CE.AR5_avg2	9.69293378098287e-11	0.00016264579665493	0.000146380736295104
EN.URB.MCTY.TL.ZS_min2	9.67308551598001e-11	0.000148547535211268	0.000146380736295104
NE.CON.TOTL.CD_avg2	9.53580459783552e-11	4.12632042253521e-05	7.31903681475518e-05
AG.PRD.FOOD.XD_rank	8.98084067222767e-11	7.87439480633803e-05	0.000219571104442655
IS.AIR.PSGR_lag1	8.81755428023324e-11	0.00015198613556338	0.000146380736295104
IT.MLT.MAIN_ratiomax2	8.69347510031873e-11	2.81965228873239e-05	7.31903681475518e-05
BX.GSR.TRVL.ZS_tend2	8.69111471955691e-11	0.000179838798415493	0.000365951840737759
EN.GHG.N2O.PI.MT.CE.AR5_lag1	8.68983871929543e-11	0.000242077464788732	0.000219571104442655
SH.DTH.IMRT_delta1	8.51454896908904e-11	7.39299075704225e-05	0.000146380736295104
TM.VAL.MRCH.AL.ZS_delta1	8.3665185733941e-11	0.000133073833626761	0.000292761472590207
TX.VAL.MANF.ZS.UN_delta1	8.22754163846717e-11	0.000167115977112676	0.000292761472590207
FS.AST.CGOV.GD.ZS_rank	8.05319587480062e-11	0.000172961597711268	0.000219571104442655
BX.GSR.NFSV.CD	8.04356517396488e-11	5.26105853873239e-05	0.000146380736295104
SE.TER.ENRR_rank	7.9865628340917e-11	0.000343860035211268	0.000292761472590207
SP.DYN.CBRT.IN_delta1	7.81859946781395e-11	0.000194624779929577	0.000439142208885311
MS.MIL.MPRT.KD_rank	7.76964250038591e-11	6.49895466549296e-05	7.31903681475518e-05
NY.GDP.PCAP.KN	7.7287878856928e-11	0.000144077354753521	0.000292761472590207
SE.PRM.ENRL_lag1	7.63284361318723e-11	6.46456866197183e-05	0.000146380736295104
NY.GDP.PCAP.KD.ZG	7.59858517279146e-11	7.53053477112676e-05	0.000219571104442655
FD.AST.PRVT.GD.ZS_isNA_rank	7.59547758176274e-11	8.7340448943662e-05	0.000292761472590207
NE.CON.TOTL.KD.ZG_rank	7.56458671626691e-11	9.11229093309859e-05	0.000219571104442655
EN.GHG.N2O.PI.MT.CE.AR5_avg2	7.51086877959523e-11	8.90597491197183e-05	7.31903681475518e-05
MS.MIL.XPND.GD.ZS_tend2	7.48482183114765e-11	0.000272337147887324	0.000585522945180414
BX.GSR.TOTL.CD_ratioavg2	7.42447988502754e-11	0.000143045774647887	0.000365951840737759
EN.GHG.N2O.IP.MT.CE.AR5_max2	7.14737116578935e-11	0.000127915933098592	7.31903681475518e-05
NV.IND.MANF.ZS_rank	6.88124380303663e-11	5.36421654929578e-05	0.000146380736295104
AG.PRD.LVSK.XD_lag1	6.87517131645723e-11	3.30105633802817e-05	0.000146380736295104
SP.POP.0014.FE.ZS_lag1	6.7810561273859e-11	3.88561839788732e-05	7.31903681475518e-05
AG.LND.AGRI.ZS_rank	6.77506100099934e-11	3.9887764084507e-05	7.31903681475518e-05
IS.AIR.DPRT_avg2	6.74720573561989e-11	1.78807218309859e-05	7.31903681475518e-05
SG.LAW.INDX_delta1	6.68977427606333e-11	8.90597491197183e-05	7.31903681475518e-05
TX.VAL.MRCH.AL.ZS_rank	6.6116494926708e-11	0.000120351012323944	0.000365951840737759
BX.TRF.CURR.CD_lag1	6.55142034733233e-11	7.35860475352113e-05	0.000219571104442655
NY.GDP.FRST.RT.ZS_rank	6.45961055152736e-11	4.57333846830986e-05	7.31903681475518e-05
EN.GHG.N2O.IP.MT.CE.AR5_lag1	6.44082202479476e-11	0.000125852772887324	7.31903681475518e-05
BX.GSR.TRVL.ZS_lag1	6.36688830344944e-11	2.44140625e-05	7.31903681475518e-05
FI.RES.XGLD.CD_lag1	6.22948778983165e-11	0.00010590889084507	0.000219571104442655
NY.GDP.MKTP.KD.ZG_delta1	6.21194872985319e-11	8.8715889084507e-05	0.000219571104442655
SP.POP.2024.MA.5Y_rank	6.16876860065067e-11	6.22386663732394e-05	7.31903681475518e-05
SP.POP.7579.MA.5Y	6.1314460908533e-11	0.000254456426056338	0.000146380736295104
AG.LND.ARBL.HA.PC	6.13021102005659e-11	0.000169522997359155	0.000146380736295104
NE.CON.TOTL.KD.ZG_lag1	5.9508807451284e-11	0.000267179247359155	0.000439142208885311
DT.ODA.ODAT.GN.ZS_ratiomax2	5.82059451564863e-11	3.12912632042254e-05	7.31903681475518e-05
SG.LAW.INDX	5.81043555326343e-11	2.44140625e-05	7.31903681475518e-05
AG.LND.CREL.HA_lag1	5.73058111060369e-11	7.63369278169014e-05	7.31903681475518e-05
SP.POP.65UP.TO_delta1	5.49569391000497e-11	2.37263424295775e-05	7.31903681475518e-05
SH.MMR.DTHS_lag1	5.48192879365702e-11	0.00018705985915493	0.000146380736295104
DC.DAC.CANL.CD_rank	5.30830204353857e-11	4.33263644366197e-05	0.000146380736295104
AG.SRF.TOTL.K2_rank	5.29166385454118e-11	0.000227291483274648	0.000146380736295104
TX.VAL.MRCH.OR.ZS	5.28841641051287e-11	8.8715889084507e-05	0.000219571104442655
EN.GHG.CH4.BU.MT.CE.AR5_ratiomax2	5.22746331344577e-11	0.000449081205985916	0.000292761472590207
ER.H2O.INTR.PC_ratioavg2	5.09297983911096e-11	0.000170554577464789	0.000146380736295104
NV.IND.MANF.CD_lag1	4.93785202780231e-11	9.42176496478873e-05	7.31903681475518e-05
BX.GSR.FCTY.CD_avg2	4.91852486530825e-11	2.06316021126761e-05	7.31903681475518e-05
NE.CON.TOTL.KD_ratioavg2	4.53955028448757e-11	0.000338358274647887	0.000219571104442655
NY.GDP.DEFL.ZS_rank	4.5298087130855e-11	0.000189123019366197	0.000365951840737759
TX.VAL.OTHR.ZS.WT_isNA_rank	4.51791507398578e-11	0.000330449493838028	0.000365951840737759
NY.GSR.NFCY.CD_rank	4.46703275154877e-11	0.00010040713028169	0.000219571104442655
NE.CON.PRVT.PC.KD_tend2	4.39705418600763e-11	3.74807438380282e-05	0.000146380736295104
EN.GHG.CO2.FE.MT.CE.AR5_rank	4.39387084932496e-11	8.90597491197183e-05	7.31903681475518e-05
SP.POP.3539.FE.5Y_rank	4.34753606966561e-11	0.000118975572183099	7.31903681475518e-05
FM.AST.PRVT.GD.ZS_ratioavg2	4.26979996321746e-11	3.67930237676056e-05	0.000146380736295104
BX.TRF.PWKR.DT.GD.ZS_ratiomax2	4.19847921383617e-11	2.61333626760563e-05	7.31903681475518e-05
AG.LND.ARBL.HA.PC_rank	4.10322114121838e-11	3.57614436619718e-05	7.31903681475518e-05
NY.GDP.MINR.RT.ZS	4.09368051524307e-11	0.000220414282570423	0.000439142208885311
EG.ELC.FOSL.ZS_rank	4.07749990408913e-11	3.78246038732394e-05	0.000146380736295104
AG.PRD.LVSK.XD_delta1	4.00455191644771e-11	0.000280589788732394	0.000219571104442655
EN.GHG.CO2.BU.MT.CE.AR5_ratiomax2	3.93645908226645e-11	1.96000220070423e-05	7.31903681475518e-05
DC.DAC.CANL.CD_ratiomax2	3.89786029407859e-11	5.32983054577465e-05	7.31903681475518e-05
BM.GSR.TRAN.ZS_ratioavg2	3.83465848087432e-11	5.22667253521127e-05	0.000219571104442655
BM.GSR.MRCH.CD_min2	3.80672191282334e-11	0.0001220703125	7.31903681475518e-05
BM.GSR.TRVL.ZS_avg2	3.79654693020729e-11	4.84842649647887e-05	7.31903681475518e-05
NE.EXP.GNFS.CD_rank	3.72795542184041e-11	7.35860475352113e-05	7.31903681475518e-05
NE.IMP.GNFS.ZS_isNA_rank	3.70858835339633e-11	9.35299295774648e-05	0.000292761472590207
NE.GDI.TOTL.CD_isNA_rank	3.64489607081216e-11	0.0001708984375	0.000146380736295104
EN.GHG.CO2.PC.CE.AR5_max2	3.47130883170054e-11	0.000108659771126761	7.31903681475518e-05
MS.MIL.XPND.CD_min2	3.43190449290513e-11	6.70527068661972e-05	0.000219571104442655
BX.KLT.DINV.WD.GD.ZS_ratiomax2	3.35208057768527e-11	6.12070862676056e-05	0.000219571104442655
SE.PRM.ENRR_rank	3.29216989840448e-11	1.75368617957746e-05	7.31903681475518e-05
SP.POP.4549.FE.5Y_rank	3.28326087003016e-11	1.99438820422535e-05	7.31903681475518e-05
SH.DYN.MORT.MA	3.22290732036784e-11	0.000158863336267606	0.000146380736295104
BX.KLT.DINV.CD.WD_avg2	3.13660242076047e-11	4.98597051056338e-05	7.31903681475518e-05
SH.DYN.MORT_rank	3.1277393170479e-11	2.33824823943662e-05	7.31903681475518e-05
EN.GHG.CO2.TR.MT.CE.AR5_max2	3.01480024965644e-11	9.49053697183099e-05	7.31903681475518e-05
FI.RES.XGLD.CD	2.95358854962864e-11	1.4098261443662e-05	7.31903681475518e-05
NY.GDP.MKTP.CN	2.93804294037474e-11	0.000119663292253521	0.000146380736295104
BM.GSR.CMCP.ZS_lag1	2.90464127082457e-11	0.000159894916373239	0.000219571104442655
BX.TRF.CURR.CD_min2	2.85758573652953e-11	0.000123445752640845	0.000146380736295104
IT.MLT.MAIN.P2_avg2	2.85534573000224e-11	0.00011656855193662	7.31903681475518e-05
BM.GSR.TRVL.ZS_max2	2.85059430753679e-11	1.37544014084507e-05	7.31903681475518e-05
EN.GHG.CO2.IP.MT.CE.AR5_ratiomax2	2.79123080814057e-11	6.60211267605634e-05	7.31903681475518e-05
BM.GSR.TRVL.ZS_lag1	2.76900678740433e-11	0.000106252750880282	0.000219571104442655
AG.LND.ARBL.ZS_tend2	2.76428856241724e-11	0.000113129951584507	0.000146380736295104
FP.CPI.TOTL_ratioavg2	2.71173031801859e-11	0.000123101892605634	0.000219571104442655
NE.CON.PRVT.KD.ZG_min2	2.63649317845422e-11	3.74807438380282e-05	7.31903681475518e-05
SE.PRM.ENRR.MA_rank	2.61894621961195e-11	1.85684419014085e-05	7.31903681475518e-05
SP.POP.1014.FE.5Y	2.60602083036401e-11	0.000135136993838028	0.000146380736295104
EN.GHG.N2O.FE.MT.CE.AR5_lag1	2.46271007533281e-11	0.000115193111795775	0.000146380736295104
SE.SEC.ENRR_rank	2.44615255209152e-11	0.000178463358274648	0.000292761472590207
BX.TRF.CURR.CD_rank	2.33540219589447e-11	3.74807438380282e-05	7.31903681475518e-05
SP.DYN.LE00.MA.IN_lag1	2.27822990807243e-11	0.000119663292253521	7.31903681475518e-05
EG.ELC.FOSL.ZS	2.05547887228684e-11	3.61053036971831e-05	0.000146380736295104
BM.GSR.FCTY.CD	2.02338577190496e-11	1.85684419014085e-05	7.31903681475518e-05
SP.DYN.CBRT.IN_rank	2.00492209985334e-11	1.44421214788732e-05	7.31903681475518e-05
ER.FSH.PROD.MT_avg2	2.00320526511467e-11	1.61614216549296e-05	7.31903681475518e-05
NE.CON.PRVT.CD	1.89802835557175e-11	3.92000440140845e-05	7.31903681475518e-05
SP.POP.7579.FE.5Y_lag1	1.82898774673356e-11	4.77965448943662e-05	7.31903681475518e-05
SP.POP.65UP.FE.ZS_lag1	1.82157304989176e-11	0.000106940470950704	7.31903681475518e-05
TX.VAL.MRCH.CD.WT_lag1	1.79342425828275e-11	0.000104877310739437	7.31903681475518e-05
EN.GHG.CO2.IP.MT.CE.AR5_min2	1.78000357689792e-11	0.000117256272007042	7.31903681475518e-05
BX.TRF.PWKR.CD.DT_lag1	1.7746630994445e-11	0.000152673855633803	0.000146380736295104
EG.ELC.COAL.ZS_ratioavg2	1.77221547517555e-11	4.43579445422535e-05	0.000146380736295104
AG.LND.CROP.ZS_tend2	1.75387208835717e-11	0.000139951034330986	0.000219571104442655
NE.CON.GOVT.ZS_min2	1.73917561808891e-11	0.000205972161091549	0.000146380736295104
BX.GSR.TOTL.CD	1.67547726672979e-11	0.000125165052816901	7.31903681475518e-05
AG.PRD.LVSK.XD_avg2	1.58222225697506e-11	1.75368617957746e-05	7.31903681475518e-05
BG.GSR.NFSV.GD.ZS_avg2	1.57427568846927e-11	7.42737676056338e-05	7.31903681475518e-05
AG.SRF.TOTL.K2	1.36921459764881e-11	0.000114505391725352	7.31903681475518e-05
TM.VAL.AGRI.ZS.UN_lag1	1.36176732633762e-11	0.000188435299295775	0.000219571104442655
BX.PEF.TOTL.CD.WD_ratiomax2	1.35830217265661e-11	8.3557988556338e-05	0.000146380736295104
EN.GHG.CH4.IC.MT.CE.AR5_min2	1.33883792593724e-11	3.64491637323944e-05	7.31903681475518e-05
TX.VAL.FUEL.ZS.UN_lag1	1.32122724217672e-11	0.00010315801056338	7.31903681475518e-05
EG.ELC.PETR.ZS_min2	1.31982280193949e-11	4.74526848591549e-05	7.31903681475518e-05
FM.AST.NFRG.CN_ratiomax2	1.28895119409616e-11	6.01755061619718e-05	7.31903681475518e-05
IT.CEL.SETS_avg2	1.28685218785061e-11	0.000229354643485916	0.000146380736295104
TX.VAL.MRCH.OR.ZS_rank	1.27289026185423e-11	3.67930237676056e-05	0.000146380736295104
SE.SEC.DURS_rank	1.25635623217022e-11	0.000210098481514085	0.000146380736295104
BM.GSR.CMCP.ZS_rank	1.25115599848764e-11	1.75368617957746e-05	7.31903681475518e-05
NY.GNP.PCAP.CN_rank	1.21980333871261e-11	6.60211267605634e-05	7.31903681475518e-05
SP.POP.0014.TO.ZS_delta1	1.18530768764876e-11	1.68491417253521e-05	7.31903681475518e-05
NE.RSB.GNFS.ZS_isNA_rank	1.13667699196899e-11	8.83720290492958e-05	0.000219571104442655
EG.ELC.NGAS.ZS_lag1	1.06933447753693e-11	8.76843089788732e-05	0.000146380736295104
EN.GHG.N2O.MT.CE.AR5	1.06798352707046e-11	2.33824823943662e-05	7.31903681475518e-05
EN.GHG.CH4.IC.MT.CE.AR5_rank	1.03205967242696e-11	1.47859815140845e-05	7.31903681475518e-05
SE.PRM.ENRR.MA_delta1	1.0300934115942e-11	5.7768485915493e-05	0.000146380736295104
NY.GDP.PCAP.KN_lag1	1.02535357042062e-11	8.14948283450704e-05	0.000146380736295104
BX.GSR.TRAN.ZS_max2	1.02271071071343e-11	2.92281029929577e-05	7.31903681475518e-05
SP.URB.GROW_rank	1.02200309489207e-11	0.000133417693661972	0.000146380736295104
EN.GHG.N2O.AG.MT.CE.AR5_ratiomax2	9.52882440525469e-12	0.0001220703125	7.31903681475518e-05
DC.DAC.TOTL.CD_min2	9.31716867540901e-12	2.20070422535211e-05	7.31903681475518e-05
IS.AIR.DPRT_isNA_rank	9.13888798147973e-12	5.29544454225352e-05	0.000146380736295104
EN.GHG.ALL.PC.CE.AR5_ratiomax2	9.04302959521173e-12	5.22667253521127e-05	7.31903681475518e-05
IS.AIR.DPRT	9.03021841685952e-12	0.000120694872359155	0.000219571104442655
FS.AST.CGOV.GD.ZS_max2	8.9226913505771e-12	7.46176276408451e-05	0.000219571104442655
NY.GDP.MKTP.KN	8.84632930711596e-12	0.000148547535211268	0.000146380736295104
EG.ELC.FOSL.ZS_avg2	8.79191959685119e-12	0.000118631712147887	7.31903681475518e-05
EN.GHG.CO2.PC.CE.AR5_ratioavg2	8.3899817951428e-12	1.99438820422535e-05	7.31903681475518e-05
MS.MIL.XPND.GD.ZS_rank	8.26995110556487e-12	5.81123459507042e-05	0.000146380736295104
NY.GDP.COAL.RT.ZS_rank	7.79894563862843e-12	1.82245818661972e-05	7.31903681475518e-05
EG.ELC.NGAS.ZS_min2	7.75918086688937e-12	9.35299295774648e-05	0.000219571104442655
NY.GNP.PCAP.CN	7.70701532396185e-12	2.09754621478873e-05	7.31903681475518e-05
SP.POP.TOTL.MA.IN_delta1	7.37271449186595e-12	3.8512323943662e-05	7.31903681475518e-05
EN.GHG.N2O.WA.MT.CE.AR5_delta1	7.25926144206829e-12	6.77404269366197e-05	7.31903681475518e-05
SH.STA.MMRT_lag1	7.12804596132351e-12	2.71649427816901e-05	7.31903681475518e-05
BX.TRF.PWKR.DT.GD.ZS_avg2	7.11497389796208e-12	2.81965228873239e-05	7.31903681475518e-05
AG.LND.CROP.ZS_lag1	6.82042593368372e-12	4.3670224471831e-05	7.31903681475518e-05
SP.POP.DPND_lag1	6.72172796149881e-12	0.000109691351232394	7.31903681475518e-05
EN.GHG.CH4.FE.MT.CE.AR5_max2	6.46631564114411e-12	6.98035871478873e-05	7.31903681475518e-05
EN.GHG.N2O.TR.MT.CE.AR5_delta1	6.31474200704925e-12	7.56492077464789e-05	7.31903681475518e-05
NE.CON.GOVT.CD_lag1	6.30033536945732e-12	5.7768485915493e-05	7.31903681475518e-05
TX.VAL.TRAN.ZS.WT_rank	6.17998828032024e-12	0.000100750990316901	7.31903681475518e-05
SE.SEC.DURS	6.083781009025e-12	5.3986025528169e-05	7.31903681475518e-05
TX.VAL.MRCH.R6.ZS_rank	6.05382426205183e-12	3.8512323943662e-05	0.000146380736295104
AG.LND.ARBL.ZS_max2	6.03209262422307e-12	1.65052816901408e-05	7.31903681475518e-05
SE.SEC.ENRL.GC_lag1	5.89128013519054e-12	1.37544014084507e-05	7.31903681475518e-05
IS.AIR.PSGR_max2	5.66704540908827e-12	7.25544674295775e-05	7.31903681475518e-05
DC.DAC.CECL.CD_ratiomax2	5.4853185855021e-12	3.4729863556338e-05	7.31903681475518e-05
SE.PRM.ENRL.FE.ZS_rank	5.38855872749439e-12	7.66807878521127e-05	0.000146380736295104
AG.LND.AGRI.ZS_lag1	5.32373675719452e-12	2.40702024647887e-05	7.31903681475518e-05
NE.CON.PRVT.KD	5.23128222497424e-12	0.000102470290492958	7.31903681475518e-05
TM.VAL.SERV.CD.WT_rank	4.98419107952322e-12	3.95439040492958e-05	7.31903681475518e-05
BX.GSR.TOTL.CD_rank	4.97523710550125e-12	8.52772887323944e-05	7.31903681475518e-05
AG.PRD.CROP.XD_lag1	4.91561203133587e-12	1.47859815140845e-05	7.31903681475518e-05
IS.AIR.DPRT_rank	4.37655685133952e-12	4.29825044014085e-05	0.000146380736295104
IS.AIR.DPRT_ratiomax2	4.15883012151399e-12	3.50737235915493e-05	7.31903681475518e-05
SE.PRM.ENRL_rank	4.11484301768339e-12	6.22386663732394e-05	7.31903681475518e-05
EN.GHG.N2O.IP.MT.CE.AR5_delta1	4.03322917542165e-12	8.90597491197183e-05	0.000146380736295104
BX.GSR.TRVL.ZS_avg2	4.01511930571813e-12	9.90316901408451e-05	7.31903681475518e-05
AG.PRD.CREL.MT	3.64754957173518e-12	5.19228653169014e-05	7.31903681475518e-05
NV.IND.MANF.CD_rank	3.60427242000961e-12	0.000138575594190141	0.000146380736295104
EN.GHG.CO2.TR.MT.CE.AR5_min2	3.60332705951247e-12	7.53053477112676e-05	7.31903681475518e-05
BX.GRT.TECH.CD.WD	3.46816770943865e-12	1.51298415492958e-05	7.31903681475518e-05
AG.LND.CROP.ZS_rank	3.28495122688729e-12	1.71930017605634e-05	7.31903681475518e-05
NE.GDI.TOTL.ZS_rank	3.21683476286554e-12	3.74807438380282e-05	7.31903681475518e-05
TX.VAL.SERV.CD.WT	3.1909807803235e-12	1.65052816901408e-05	7.31903681475518e-05
EN.GHG.N2O.FE.MT.CE.AR5_max2	3.07743694921773e-12	1.99438820422535e-05	7.31903681475518e-05
BM.GSR.TRAN.ZS_avg2	2.75448533815803e-12	7.46176276408451e-05	7.31903681475518e-05
EN.GHG.N2O.IP.MT.CE.AR5_rank	2.67796047797579e-12	8.28702684859155e-05	0.000146380736295104
ER.FSH.AQUA.MT	2.47060974016275e-12	5.43298855633803e-05	7.31903681475518e-05
NE.EXP.GNFS.CN_rank	2.37724739486137e-12	4.29825044014085e-05	7.31903681475518e-05
BX.GRT.EXTA.CD.WD_min2	2.33165448539197e-12	1.58175616197183e-05	7.31903681475518e-05
EN.GHG.N2O.FE.MT.CE.AR5_rank	2.2802141916649e-12	5.81123459507042e-05	7.31903681475518e-05
TX.VAL.MRCH.R4.ZS_rank	2.27198446557895e-12	1.51298415492958e-05	7.31903681475518e-05
SH.DYN.MORT_delta1	2.19520483922567e-12	1.78807218309859e-05	7.31903681475518e-05
TX.VAL.TRVL.ZS.WT_rank	2.15623807523548e-12	2.81965228873239e-05	7.31903681475518e-05
EG.ELC.HYRO.ZS_rank	2.14479673787194e-12	1.58175616197183e-05	7.31903681475518e-05
NY.GDP.FCST.KD_rank	2.00393663315329e-12	4.22947843309859e-05	7.31903681475518e-05
AG.PRD.CREL.MT_avg2	1.98094470935199e-12	2.33824823943662e-05	7.31903681475518e-05
EN.GHG.CH4.AG.MT.CE.AR5	1.81471234153262e-12	3.09474031690141e-05	7.31903681475518e-05
EG.ELC.HYRO.ZS	1.78685927893491e-12	1.89123019366197e-05	7.31903681475518e-05
EG.ELC.PETR.ZS_tend2	1.73955031348807e-12	5.84562059859155e-05	0.000146380736295104
SP.POP.6064.FE.5Y_rank	1.72010197574794e-12	7.35860475352113e-05	7.31903681475518e-05
EG.ELC.NGAS.ZS_avg2	1.65842119446093e-12	1.4098261443662e-05	7.31903681475518e-05
DT.ODA.ODAT.KD_min2	1.5781316912822e-12	1.61614216549296e-05	7.31903681475518e-05
TM.VAL.FOOD.ZS.UN_rank	1.50607703176316e-12	2.02877420774648e-05	7.31903681475518e-05
NE.CON.PRVT.KD.ZG_rank	1.47171444317917e-12	8.3557988556338e-05	0.000146380736295104
YearsSinceFirst	1.38529272382599e-12	3.12912632042254e-05	7.31903681475518e-05
NV.IND.MANF.KD_lag1	1.37841804226551e-12	2.13193221830986e-05	7.31903681475518e-05
FM.LBL.BMNY.GD.ZS_lag1	1.31947583043982e-12	1.9256161971831e-05	7.31903681475518e-05
FM.LBL.BMNY.GD.ZS_rank	1.28894555363989e-12	9.93755501760563e-05	0.000146380736295104
EN.GHG.N2O.IP.MT.CE.AR5_ratiomax2	1.10679035575607e-12	4.8828125e-05	7.31903681475518e-05
SP.POP.0014.FE.ZS	1.0749818536626e-12	6.12070862676056e-05	7.31903681475518e-05
TM.VAL.MRCH.R6.ZS	1.06588525508549e-12	3.8512323943662e-05	7.31903681475518e-05
NE.CON.PRVT.KD_ratioavg2	1.03398719545154e-12	6.60211267605634e-05	7.31903681475518e-05
BM.GSR.GNFS.CD_avg2	9.16761993174174e-13	4.74526848591549e-05	7.31903681475518e-05
NY.GNP.MKTP.CD_lag1	8.56086815127364e-13	2.57895026408451e-05	7.31903681475518e-05
ER.FSH.AQUA.MT_lag1	6.94725543122883e-13	4.8828125e-05	7.31903681475518e-05
SH.STA.MMRT_delta1	6.82186819946599e-13	4.8828125e-05	7.31903681475518e-05
EN.GHG.CH4.MT.CE.AR5	6.40506239976772e-13	2.92281029929577e-05	7.31903681475518e-05
EG.ELC.HYRO.ZS_min2	6.26398146061697e-13	1.47859815140845e-05	7.31903681475518e-05
AG.LND.ARBL.HA	6.25289412585441e-13	2.92281029929577e-05	7.31903681475518e-05
AG.LND.CREL.HA_max2	6.06720296264424e-13	1.78807218309859e-05	7.31903681475518e-05
NE.IMP.GNFS.CD_rank	5.28519375056045e-13	5.22667253521127e-05	7.31903681475518e-05
EN.GHG.ALL.MT.CE.AR5_ratiomax2	5.09324412841923e-13	3.26667033450704e-05	7.31903681475518e-05
TM.VAL.MRCH.CD.WT_rank	4.78558727649881e-13	2.06316021126761e-05	7.31903681475518e-05
NY.GDP.FCST.KD_lag1	4.56391206040271e-13	1.51298415492958e-05	7.31903681475518e-05
SM.POP.NETM_rank	4.32430948285793e-13	5.63930457746479e-05	7.31903681475518e-05
NE.EXP.GNFS.KD	3.75704979644976e-13	1.58175616197183e-05	7.31903681475518e-05
EN.GHG.CH4.PI.MT.CE.AR5_min2	3.73427965271919e-13	1.65052816901408e-05	7.31903681475518e-05
SG.LAW.INDX_rank	3.7219290560037e-13	1.82245818661972e-05	7.31903681475518e-05
NY.GDP.FCST.CN_rank	3.48137305222056e-13	3.95439040492958e-05	7.31903681475518e-05
SP.POP.4044.FE.5Y_rank	3.3980369795174e-13	3.09474031690141e-05	7.31903681475518e-05
BM.GSR.FCTY.CD_rank	3.22854544036013e-13	2.61333626760563e-05	7.31903681475518e-05
BX.GSR.CMCP.ZS_avg2	2.8503645284758e-13	1.71930017605634e-05	7.31903681475518e-05
AG.PRD.CROP.XD_min2	2.10207178347823e-13	1.44421214788732e-05	7.31903681475518e-05
