Feature	Gain	Cover	Frequency
SP.URB.TOTL.IN.ZS	0.245261192643994	0.00206952834277637	0.000823271130625686
NE.CON.PRVT.PC.KD	0.206072501745235	0.00187428981987294	0.00150933040614709
NE.CON.PRVT.PC.KD_avg2	0.137305942989851	0.000759477854094347	0.000274423710208562
SP.URB.TOTL.IN.ZS_rank	0.0862124078056904	0.0020939331581393	0.000823271130625686
demographic_pressure_rank	0.0634500722755936	0.000379738927047174	0.000137211855104281
SP.RUR.TOTL.ZS	0.0466825802345884	0.0028621967457643	0.00123490669593853
EN.URB.LCTY_avg2	0.0370967770928184	0.000863930463847683	0.000686059275521405
NY.GDP.PCAP.KD_rank	0.0141870947847898	0.0014965032780548	0.000548847420417124
NY.GDP.DEFL.ZS	0.0110703403507655	0.000413905668555274	0.00109769484083425
SH.DTH.MORT	0.0105942967791543	0.000289929206511595	0.000274423710208562
EN.URB.LCTY_min2	0.00924529022618362	0.00032604833324873	0.000411635565312843
EN.URB.LCTY	0.00836837809153645	0.00020597664166312	0.000411635565312843
NE.CON.PRVT.PC.KD_lag1	0.00831139896473367	0.000416834246398825	0.000274423710208562
SP.RUR.TOTL.ZS_rank	0.00705428353832689	0.00147990800360801	0.000548847420417124
NY.GDP.DEFL.ZS_lag1	0.00696907428561271	0.000170833707540502	0.000411635565312843
EG.ELC.PETR.ZS_max2	0.00565044476916365	0.000328000718477764	0.000686059275521405
TX.VAL.MRCH.OR.ZS_lag1	0.00449101987566663	0.000262595813305115	0.000548847420417124
DT.ODA.ODAT.GN.ZS	0.00443534117551322	0.00119681214539803	0.000548847420417124
NE.TRD.GNFS.ZS	0.00422850093651717	0.000350453148611659	0.000411635565312843
NY.GDP.PCAP.KD	0.00413762494698247	0.00182450399653256	0.000823271130625686
SP.POP.5054.FE.5Y_delta1	0.00363471024698727	0.000697001526765249	0.000823271130625686
NE.IMP.GNFS.ZS	0.00303196412506417	0.00154726529400969	0.00164654226125137
SH.IMM.IDPT_rank	0.00229406975342218	0.00129345521423523	0.000686059275521405
FM.AST.NFRG.CN	0.0022084002508596	0.001194859760169	0.00123490669593853
MS.MIL.XPND.GD.ZS	0.00219584266645737	0.000189381367216328	0.000548847420417124
TX.VAL.MRCH.RS.ZS_lag1	0.00218101985547396	0.000232333842255083	0.000137211855104281
SP.POP.1014.MA.5Y_delta1	0.00217163604509716	0.00109528811348825	0.00150933040614709
FS.AST.CGOV.GD.ZS_min2	0.0021037231341368	7.12620608597524e-05	0.000137211855104281
FP.CPI.TOTL_rank	0.00197919057921712	0.000137643158646919	0.000274423710208562
SP.POP.1564.MA.ZS_lag1	0.00197630294763526	0.000915668672417092	0.000548847420417124
BG.GSR.NFSV.GD.ZS	0.00158311479735631	0.000356310304298762	0.000411635565312843
SP.POP.1014.FE.5Y_delta1	0.00148448818124077	0.000306524480958387	0.000548847420417124
SP.DYN.LE00.FE.IN	0.00143141774035246	0.00139107447568695	0.00109769484083425
SP.POP.2024.MA.5Y	0.00139251150138672	0.001564836761071	0.000823271130625686
DT.ODA.ODAT.CD	0.00135443559049374	0.000239167190556703	0.000137211855104281
EN.GHG.CH4.FE.MT.CE.AR5	0.00126646915242634	0.00024014338317122	0.000411635565312843
BG.GSR.NFSV.GD.ZS_max2	0.00125157675973025	0.000223548108724429	0.000411635565312843
BM.GSR.TRVL.ZS_tend2	0.00123903864907797	0.000314334021874524	0.000548847420417124
NY.ADJ.DMIN.CD_lag1	0.00109550129641053	0.000259667235461563	0.000411635565312843
SP.DYN.CDRT.IN_rank	0.00104398692823537	0.000367048423058451	0.000548847420417124
SH.DYN.NMRT	0.00103245217083697	0.00226379067306528	0.00109769484083425
SE.TER.ENRR_lag1	0.0010161276435198	0.00175519432090185	0.00123490669593853
NY.ADJ.NNTY.PC.CD	0.0008997569855641	0.00114897870728669	0.000823271130625686
EG.USE.ELEC.KH.PC_min2	0.000895904300123321	0.000829763722339582	0.000411635565312843
SM.POP.RHCR.EA	0.000877296550532374	8.98097205355783e-05	0.000411635565312843
AG.LND.ARBL.HA.PC_ratioavg2	0.00081087680993979	0.000134714580803367	0.000411635565312843
NY.ADJ.DMIN.CD	0.000800289849000215	0.000384619890119759	0.000411635565312843
EG.ELC.HYRO.ZS_max2	0.000797095012356747	8.00477943904068e-05	0.000137211855104281
PA.NUS.ATLS	0.000791921467980875	0.000626715658520014	0.000960482985729967
BG.GSR.NFSV.GD.ZS_avg2	0.00077776525660701	0.000147405084792091	0.000137211855104281
EN.GHG.CH4.WA.MT.CE.AR5_lag1	0.000771990561427888	8.7857335306544e-05	0.000274423710208562
FI.RES.XGLD.CD_max2	0.0007563736032322	4.58810528823063e-05	0.000137211855104281
SP.POP.0014.FE.IN	0.00074105579906035	0.000103476417138819	0.000137211855104281
SP.POP.TOTL.FE.ZS_lag1	0.00071414289858943	0.000539834515827987	0.000411635565312843
EN.GHG.CH4.FE.MT.CE.AR5_max2	0.000638452979660173	0.000149357470021125	0.000137211855104281
BX.TRF.PWKR.CD.DT	0.000631805486776488	0.000239167190556703	0.000548847420417124
SP.DYN.AMRT.FE_lag1	0.000624703939587427	0.000514453507850541	0.000411635565312843
SP.POP.2529.MA.5Y_lag1	0.000616554211236982	0.000441239061761754	0.000411635565312843
TX.VAL.MRCH.R5.ZS_lag1	0.000613170021667283	6.05239421000637e-05	0.000137211855104281
IT.CEL.SETS.P2_min2	0.000608613754511619	0.00045295337313596	0.000823271130625686
NY.GDP.FRST.RT.ZS_rank	0.000554224315707771	0.000689191985849112	0.000411635565312843
YearsSinceFirst	0.00052530513571013	0.00074483496487659	0.000960482985729967
DT.ODA.ODAT.GN.ZS_isNA_rank	0.000517429299609461	0.00427767603681418	0.00260702524698134
SP.POP.5054.MA.5Y	0.000508837171928487	0.00407658035822364	0.00192096597145993
SP.POP.2024.MA.5Y_lag1	0.000482293380830686	0.00095764495484133	0.000548847420417124
AG.LND.AGRI.K2	0.000482281820175836	2.05000449048603e-05	0.000137211855104281
DT.ODA.ALLD.CD_max2	0.000471907072446601	0.00297348270381926	0.00123490669593853
ER.FSH.CAPT.MT_avg2	0.000468425655179632	0.000204024256434086	0.000137211855104281
TX.VAL.AGRI.ZS.UN_lag1	0.000460934633076636	0.000112262150669473	0.000274423710208562
SH.DYN.MORT.FE	0.000456796970835184	0.000618906117603877	0.000411635565312843
NY.GDP.FCST.CN	0.000450520181377687	0.000542763093671539	0.00109769484083425
AG.CON.FERT.ZS_min2	0.000445593616252393	0.000502739196476335	0.000548847420417124
BG.GSR.NFSV.GD.ZS_rank	0.000425214173291916	0.000149357470021125	0.000137211855104281
FI.RES.TOTL.CD_max2	0.0004168890719408	4.29524750387548e-05	0.000137211855104281
NY.GNP.PCAP.CN_delta1	0.000407465037839351	0.0141655310292584	0.00535126234906696
SE.TER.ENRR	0.000399172248996445	0.000879549545679957	0.000548847420417124
SP.POP.5559.MA.5Y_delta1	0.000395228805921586	0.00177081340273412	0.00109769484083425
NE.RSB.GNFS.ZS	0.000393254550501212	9.95716466807499e-05	0.000137211855104281
FI.RES.TOTL.MO_avg2	0.00038622313159256	0.000157167010937262	0.000411635565312843
SE.ENR.PRIM.FM.ZS	0.000378119866671794	0.000627691851134531	0.00109769484083425
ER.FSH.AQUA.MT_min2	0.000363777198584748	0.000265524391148666	0.000411635565312843
DT.ODA.ALLD.CD_isNA_rank	0.000354407262387826	0.00143500314334022	0.00109769484083425
SP.POP.6569.FE.5Y_delta1	0.00035116067415475	0.00171028946063406	0.00205817782656422
SP.POP.4044.FE.5Y_rank	0.000339701484800513	0.000227452879182497	0.000274423710208562
NY.GDP.PCAP.CN_lag1	0.000329291935628506	0.000265524391148666	0.000411635565312843
IT.CEL.SETS.P2_lag1	0.000325774800582324	0.000248929116701875	0.000411635565312843
SP.DYN.TO65.FE.ZS_lag1	0.000315266711809396	0.000264548198534149	0.000274423710208562
TX.VAL.MRCH.WR.ZS_lag1	0.000307866816824661	0.000314334021874524	0.000411635565312843
SP.DYN.LE00.MA.IN_rank	0.000302685542214371	0.000238190997942186	0.000411635565312843
DT.ODA.ALLD.CD	0.000299341702644749	0.000721406342128178	0.000960482985729967
FP.CPI.TOTL_avg2	0.000273329100225237	0.000382667504890725	0.000686059275521405
NY.GDP.COAL.RT.ZS_isNA_rank	0.000273140707830767	0.00128271709547554	0.00109769484083425
TX.VAL.MRCH.RS.ZS_rank	0.000267642775224889	0.000436358098689169	0.000274423710208562
demographic_pressure	0.000266114809428623	0.00109333572825921	0.000548847420417124
EN.GHG.ALL.PC.CE.AR5_lag1	0.000262953318524563	0.000181571826300191	0.000274423710208562
ER.FSH.AQUA.MT_lag1	0.000255411353604021	0.000155214625708228	0.000137211855104281
FM.AST.NFRG.CN_lag1	0.000234585173449155	0.000723358727357212	0.000548847420417124
SP.POP.1519.MA.5Y_delta1	0.000233815833664532	0.000321167370176144	0.000548847420417124
TG.VAL.TOTL.GD.ZS	0.000233417204185425	0.000306524480958387	0.000411635565312843
trade_balance_ratio	0.000232893684769882	0.000958621147455847	0.00205817782656422
NE.CON.PRVT.PC.KD_min2	0.000228081442614678	2.63572005919632e-05	0.000137211855104281
SP.POP.2024.FE.5Y	0.000218987303846922	0.000486143922029544	0.000411635565312843
NY.GSR.NFCY.CN	0.000217447832576453	0.000825858951881514	0.000823271130625686
AG.LND.ARBL.HA_min2	0.000210208707291079	0.000207929026892154	0.000274423710208562
SP.POP.4549.FE.5Y	0.000201552261294519	0.0133279577660027	0.00521405049396268
SP.POP.6064.FE.5Y_lag1	0.000199712483207419	0.000520310663537644	0.000548847420417124
BM.TRF.PWKR.CD.DT_lag1	0.000197723622760272	0.000250881501930909	0.000274423710208562
SP.POP.6064.FE.5Y_delta1	0.00019652379569554	0.0054969406123461	0.00233260153677278
SP.POP.6064.MA.5Y_delta1	0.000193905509181205	0.0125528608300761	0.00521405049396268
SP.DYN.LE00.MA.IN	0.000179511916401187	0.000499810618632784	0.000548847420417124
BM.GSR.TRVL.ZS	0.000178931530252966	0.000284072050824492	0.000548847420417124
DT.ODA.ODAT.PC.ZS	0.000176036103821708	0.000174738477998571	0.000274423710208562
EN.URB.LCTY_tend2	0.000151019364915989	0.000161071781395331	0.000274423710208562
NY.GNP.PCAP.CD_lag1	0.000149980364824791	0.000598406072699016	0.000411635565312843
EN.GHG.CH4.WA.MT.CE.AR5_max2	0.000149279786611063	0.000121047884200127	0.000274423710208562
AG.PRD.LVSK.XD_max2	0.000149164378754768	0.000966430688371984	0.000823271130625686
SP.POP.DPND.YG	0.000148015324628295	0.0050244633869198	0.00205817782656422
NY.GDP.PCAP.CN_delta1	0.000144618082861295	0.0101631413097381	0.00411635565312843
SP.DYN.AMRT.MA	0.000143068831799947	0.00912935333096444	0.00343029637760703
TM.VAL.MRCH.RS.ZS	0.000138779698670301	0.00065893001479908	0.000548847420417124
AG.CON.FERT.ZS	0.000132899470351529	0.00202657586773762	0.00164654226125137
NE.IMP.GNFS.CN_delta1	0.000132028776777033	0.00294907788845633	0.00137211855104281
NY.GDP.MKTP.CN_delta1	0.000129998270895239	0.00902001975813852	0.00370472008781559
SP.POP.1564.TO.ZS_lag1	0.000128586888516001	0.00145745557347411	0.000686059275521405
BX.KLT.DINV.WD.GD.ZS_min2	0.000121754601506968	0.000801454136518585	0.000823271130625686
SP.POP.BRTH.MF_lag1	0.000115756142217041	0.00029188159174063	0.000411635565312843
SP.POP.0509.MA.5Y_lag1	0.000114980862977433	0.0090873770485402	0.00329308452250274
BM.TRF.PWKR.CD.DT	0.000114655126781186	0.000800477943904068	0.000823271130625686
FM.AST.DOMS.CN_lag1	0.000113911438741655	0.00024697673147284	0.000274423710208562
year	0.000113761694438359	0.0049219631623955	0.00246981339187706
DC.DAC.JPNL.CD	0.000111897123055409	0.000328976911092281	0.000548847420417124
NV.AGR.TOTL.ZS_lag1	0.000110008281125699	0.000292857784355147	0.000137211855104281
SP.POP.2529.FE.5Y	0.000105948487686556	0.000508596352163438	0.000960482985729967
PA.NUS.FCRF	0.000102525137746408	0.00598210834176113	0.00260702524698134
SP.URB.TOTL.IN.ZS_delta1	9.91596021182148e-05	8.68811426920269e-05	0.000137211855104281
AG.LND.ARBL.HA.PC_lag1	9.60770299939673e-05	0.000284072050824492	0.000274423710208562
AG.LND.PRCP.MM	9.14361177000338e-05	0.000293833976969664	0.000411635565312843
SP.POP.5559.FE.5Y	9.01885100924573e-05	0.0151143902505691	0.00631174533479693
FM.AST.DOMS.CN	8.99277360202247e-05	0.00147990800360801	0.00109769484083425
FP.CPI.TOTL.ZG	8.59321488976696e-05	0.00130907429606751	0.00150933040614709
BX.GSR.FCTY.CD_min2	8.48490996124445e-05	0.000737025423960453	0.000548847420417124
demographic_pressure_lag1	8.48245663532781e-05	0.00309745916586293	0.00137211855104281
EN.GHG.CH4.IC.MT.CE.AR5	8.34714834636763e-05	9.95716466807499e-05	0.000137211855104281
SP.POP.DPND	8.2980066049657e-05	0.000333857874164867	0.000274423710208562
SP.POP.5054.FE.5Y	8.24859926891273e-05	0.00318922127162755	0.00137211855104281
SM.POP.NETM_lag1	8.21495167396427e-05	0.000364119845214899	0.000274423710208562
SP.POP.0014.TO.ZS	8.07064481802861e-05	7.71192165468553e-05	0.000411635565312843
FM.AST.NFRG.CN_tend2	7.93881994235642e-05	0.00649460946438264	0.00274423710208562
NY.GSR.NFCY.CD_lag1	7.93541560702359e-05	0.000807311292205688	0.000823271130625686
SP.DYN.AMRT.FE	7.84318744601574e-05	0.000882478123523509	0.000548847420417124
NV.AGR.TOTL.CN	7.76121724742484e-05	0.000292857784355147	0.000137211855104281
SP.DYN.TO65.MA.ZS	7.55979254104884e-05	0.000320191177561627	0.000411635565312843
SP.POP.7579.MA.5Y_delta1	7.41863890541878e-05	0.000600358457928051	0.000274423710208562
TM.VAL.TRVL.ZS.WT	7.39515710299041e-05	0.000107381187596887	0.000274423710208562
SP.POP.5054.FE.5Y_lag1	7.28322807793837e-05	8.29763722339582e-05	0.000137211855104281
TX.VAL.MRCH.RS.ZS	7.06308996630218e-05	0.000423667594700446	0.000548847420417124
SP.RUR.TOTL_delta1	6.91028995847164e-05	0.000132762195574333	0.000274423710208562
FM.AST.DOMS.CN_min2	6.64698514265655e-05	0.000759477854094347	0.000411635565312843
SP.DYN.TFRT.IN	6.59566715191671e-05	0.000906882938886438	0.000548847420417124
SP.POP.2024.FE.5Y_delta1	6.57069601471782e-05	0.00365388895613771	0.00205817782656422
SP.POP.DPND.YG_lag1	6.4923234841435e-05	0.00840794698883626	0.00329308452250274
NE.EXP.GNFS.ZS_lag1	6.47264860892197e-05	0.000296762554813215	0.000137211855104281
BM.TRF.PWKR.CD.DT_min2	6.28372074492283e-05	0.000419762824242377	0.000686059275521405
SP.POP.3034.FE.5Y_lag1	6.18046876221623e-05	0.00229014787365725	0.00150933040614709
NY.ADJ.DNGY.CD_rank	6.01440657581599e-05	4.58810528823063e-05	0.000137211855104281
BX.GRT.EXTA.CD.WD_avg2	5.88535195239903e-05	9.37144909936469e-05	0.000137211855104281
SP.POP.5054.MA.5Y_rank	5.78862259881722e-05	0.00212321893657481	0.00109769484083425
EN.GHG.N2O.BU.MT.CE.AR5_tend2	5.66888651896021e-05	0.000821954181423445	0.000960482985729967
FP.CPI.TOTL_lag1	5.63141918348701e-05	0.000118119306356576	0.000274423710208562
SP.POP.5054.MA.5Y_lag1	5.61881901156403e-05	0.000988883118505879	0.000411635565312843
EN.GHG.N2O.FE.MT.CE.AR5	5.5174940061409e-05	4.00238971952034e-05	0.000137211855104281
BX.GSR.TRAN.ZS	5.40419086057936e-05	0.000383643697505242	0.00123490669593853
DT.ODA.ODAT.KD_rank	5.16071331608099e-05	0.00370269858686357	0.00137211855104281
FP.CPI.TOTL_ratioavg2	5.14481288972582e-05	0.000232333842255083	0.000548847420417124
SP.DYN.LE00.IN	4.94702789202317e-05	0.000486143922029544	0.000548847420417124
BX.GSR.FCTY.CD	4.94422863715572e-05	0.000234286227484117	0.000137211855104281
SE.ENR.PRIM.FM.ZS_lag1	4.84680114944411e-05	0.000591572724397396	0.00137211855104281
FP.CPI.TOTL	4.8113877353804e-05	0.00057985841302319	0.00137211855104281
SH.MMR.DTHS	4.80430058382436e-05	0.000182548018914708	0.000411635565312843
FM.AST.DOMS.CN_avg2	4.76157975246775e-05	0.00103671655661722	0.000686059275521405
SP.POP.1564.FE.IN_delta1	4.75753268828318e-05	5.46667864129607e-05	0.000274423710208562
EN.POP.DNST_max2	4.70226451488115e-05	0.000370953193516519	0.000137211855104281
EN.GHG.CO2.RT.GDP.KD_rank	4.67821686773313e-05	0.000123976462043679	0.000137211855104281
NY.GNP.PCAP.CN	4.49974824766571e-05	0.000497858233403749	0.000411635565312843
NE.GDI.FTOT.ZS	4.48384682055862e-05	0.000292857784355147	0.000548847420417124
AG.PRD.FOOD.XD_rank	4.45360358652863e-05	0.00091274009457354	0.000548847420417124
FP.CPI.TOTL.ZG_max2	4.38445471891298e-05	0.000129833617730782	0.000411635565312843
SP.POP.80UP.MA.5Y	4.31113575920045e-05	0.000131786002959816	0.000137211855104281
EN.GHG.CO2.PC.CE.AR5_lag1	4.28921967486798e-05	0.000382667504890725	0.000274423710208562
FM.AST.NFRG.CN_min2	4.27903802213414e-05	0.000769239780239519	0.000548847420417124
SP.POP.0509.MA.5Y_rank	4.08706300885125e-05	0.000118119306356576	0.000137211855104281
TM.VAL.INSF.ZS.WT	4.02681805608227e-05	0.00163219405147268	0.00137211855104281
SP.POP.0509.MA.5Y	3.98761755945969e-05	0.00220326673096522	0.000823271130625686
NV.IND.MANF.KD	3.95069845742523e-05	0.000125928847272713	0.000411635565312843
SP.POP.3034.MA.5Y_rank	3.94111064802009e-05	0.000178643248456639	0.000274423710208562
AG.PRD.CROP.XD	3.80931213430319e-05	0.000939097295165504	0.00150933040614709
SE.PRM.ENRR.MA_isNA_rank	3.67364305201903e-05	0.000494929655560198	0.000823271130625686
NV.IND.MANF.ZS_lag1	3.65563476128465e-05	0.00113335962545442	0.000823271130625686
AG.PRD.CROP.XD_avg2	3.63841969111681e-05	0.000166928937082434	0.000548847420417124
SE.PRM.ENRL	3.56292365241236e-05	9.95716466807499e-05	0.000137211855104281
BX.GSR.TRAN.ZS_max2	3.50433096643371e-05	0.000580834605637708	0.000548847420417124
NY.GDP.FCST.CN_delta1	3.08793071414362e-05	0.0128115518729232	0.00493962678375412
DT.ODA.ODAT.PC.ZS_rank	3.06696030180202e-05	6.34525199436151e-05	0.000274423710208562
BM.GSR.CMCP.ZS_delta1	3.02093435386251e-05	0.000580834605637708	0.000823271130625686
DC.DAC.CANL.CD	3.00012623759027e-05	0.000186452789372777	0.000686059275521405
TX.VAL.MRCH.WR.ZS	2.99994841310261e-05	0.000542763093671539	0.000823271130625686
SP.POP.4549.FE.5Y_rank	2.9560242229446e-05	0.000141547929104988	0.000137211855104281
TM.VAL.OTHR.ZS.WT_lag1	2.90881179460896e-05	0.000264548198534149	0.000411635565312843
IT.CEL.SETS_ratioavg2	2.83916364990468e-05	0.0010015736224946	0.0021953896816685
AG.LND.ARBL.HA.PC_min2	2.77479372242195e-05	0.00233212415608148	0.00109769484083425
SP.POP.0509.FE.5Y	2.77384490321541e-05	3.1238163664549e-05	0.000137211855104281
ER.H2O.INTR.PC_delta1	2.71487825987161e-05	0.000341667415081005	0.000411635565312843
IT.CEL.SETS_max2	2.70889419529636e-05	0.000230381457026049	0.000137211855104281
SP.POP.4549.MA.5Y	2.70664884793469e-05	0.00102304986001398	0.000411635565312843
IT.CEL.SETS.P2_avg2	2.62435789816097e-05	0.000556429790274779	0.000686059275521405
EG.USE.PCAP.KG.OE_min2	2.57512856133349e-05	0.00341765034342456	0.00123490669593853
SP.POP.1519.MA.5Y	2.55076252624928e-05	0.000216714760422809	0.000411635565312843
NV.IND.TOTL.ZS_lag1	2.54538523465001e-05	0.000546667864129607	0.000548847420417124
SP.POP.5559.MA.5Y	2.45235856096198e-05	0.0068108958714862	0.00274423710208562
FM.AST.NFRG.CN_avg2	2.43638430275151e-05	0.000153262240479193	0.000411635565312843
BX.KLT.DINV.WD.GD.ZS_max2	2.38054005691739e-05	0.000760454046708864	0.00137211855104281
AG.PRD.CROP.XD_rank	2.3783999204755e-05	0.000473453418040821	0.000823271130625686
TM.VAL.MRCH.R2.ZS_delta1	2.35945061365166e-05	0.00477553427021793	0.00466520307354555
SP.POP.5559.FE.5Y_lag1	2.33293340447293e-05	0.00608363237367091	0.00246981339187706
TM.VAL.MRCH.R6.ZS_delta1	2.33014705983324e-05	0.000316286407103558	0.000823271130625686
SP.POP.4549.FE.5Y_lag1	2.32707987908583e-05	0.00747958781243045	0.0028814489571899
SH.MMR.RISK_delta1	2.3087708170545e-05	0.000614025154531291	0.000686059275521405
EN.GHG.CO2.PC.CE.AR5_max2	2.3016053395185e-05	0.000774120743312104	0.000823271130625686
IT.MLT.MAIN.P2_avg2	2.27856696779635e-05	0.000101524031909784	0.000137211855104281
BX.GRT.EXTA.CD.WD_rank	2.2774719934071e-05	0.000191333752445363	0.000274423710208562
IT.CEL.SETS	2.26595963576324e-05	0.000260643428076081	0.000274423710208562
SH.IMM.MEAS_rank	2.2125098583589e-05	0.000148381277406608	0.000274423710208562
NE.GDI.FTOT.ZS_delta1	2.1580917355317e-05	8.39525648484754e-05	0.000548847420417124
EN.GHG.CH4.BU.MT.CE.AR5_tend2	2.08387973312482e-05	0.000407072320253654	0.000686059275521405
BM.GSR.CMCP.ZS_ratioavg2	1.96375796626716e-05	0.00053202497491185	0.00109769484083425
TX.VAL.MRCH.R4.ZS	1.93620095804935e-05	2.24524301338946e-05	0.000137211855104281
SP.POP.1564.FE.ZS_delta1	1.9323076184845e-05	0.000182548018914708	0.000274423710208562
SP.POP.0014.MA.IN_delta1	1.90722298476105e-05	0.000296762554813215	0.000548847420417124
AG.LND.PRCP.MM_min2	1.78857703096517e-05	8.98097205355783e-05	0.000137211855104281
NE.CON.GOVT.CD	1.77954606238679e-05	0.000259667235461563	0.000411635565312843
AG.LND.PRCP.MM_lag1	1.75700611000001e-05	9.95716466807499e-05	0.000137211855104281
SE.SEC.ENRR.MA_lag1	1.75465674279853e-05	0.000144476506948539	0.000548847420417124
NY.GNP.ATLS.CD_isNA_rank	1.71423523305316e-05	0.00184402784882291	0.00123490669593853
NE.EXP.GNFS.CN_lag1	1.71145375181047e-05	0.00118705021925286	0.000548847420417124
EN.POP.DNST	1.70406161790931e-05	0.000400238971952034	0.000274423710208562
BM.GSR.INSF.ZS	1.68164841696831e-05	0.00108552618734308	0.000960482985729967
EN.URB.LCTY_delta1	1.64669895202205e-05	8.00477943904068e-05	0.000137211855104281
EN.GHG.CO2.PC.CE.AR5_min2	1.64489525668288e-05	0.00126221705057068	0.000823271130625686
TM.VAL.TRAN.ZS.WT	1.63863620872273e-05	0.00031238163664549	0.000548847420417124
EG.USE.ELEC.KH.PC_rank	1.62815584861538e-05	5.56429790274779e-05	0.000137211855104281
IT.CEL.SETS.P2	1.61397651083162e-05	0.00426889030328352	0.00192096597145993
BM.KLT.DINV.CD.WD_tend2	1.59650118679049e-05	0.000384619890119759	0.000960482985729967
TM.VAL.MRCH.R5.ZS_lag1	1.55116769627568e-05	0.00029871494004225	0.000548847420417124
BM.GSR.NFSV.CD	1.54518902022178e-05	0.000101524031909784	0.000274423710208562
BX.GSR.TRAN.ZS_lag1	1.5266335138536e-05	0.000369977000902002	0.000548847420417124
EN.GHG.CH4.BU.MT.CE.AR5_ratiomax2	1.52629202856531e-05	0.000217690953037326	0.000274423710208562
EN.GHG.CO2.PC.CE.AR5	1.50445807115556e-05	0.00012690503988723	0.000411635565312843
TM.VAL.MRCH.R4.ZS	1.50049730608211e-05	0.00032604833324873	0.000411635565312843
TM.VAL.TRAN.ZS.WT_delta1	1.4693436577842e-05	0.00110505003963342	0.00109769484083425
TM.VAL.MRCH.R4.ZS_rank	1.46055120231392e-05	0.000174738477998571	0.000274423710208562
NV.IND.TOTL.ZS	1.45791063294297e-05	0.00053885832321347	0.000548847420417124
DC.DAC.DEUL.CD_max2	1.45365199807234e-05	0.000273333932064804	0.000274423710208562
SP.POP.4044.MA.5Y_lag1	1.42869025197836e-05	0.000176690863227605	0.000274423710208562
NY.ADJ.AEDU.GN.ZS_isNA_rank	1.40468770351789e-05	0.000337762644622936	0.000686059275521405
NY.GDP.MKTP.CN_isNA_rank	1.30406586711499e-05	0.000635501392050668	0.00123490669593853
SP.POP.2024.MA.5Y_delta1	1.25250849427628e-05	0.000313357829260007	0.000548847420417124
NY.GSR.NFCY.CN_lag1	1.24449989514673e-05	0.00117826448572221	0.00137211855104281
EN.GHG.N2O.BU.MT.CE.AR5_ratioavg2	1.2074694047875e-05	0.00033971502985197	0.000823271130625686
SH.STA.MMRT	1.18909476425929e-05	4.49048602677892e-05	0.000137211855104281
FM.AST.NFRG.CN_max2	1.17696966964603e-05	0.00188405174601811	0.00109769484083425
FI.RES.TOTL.CD_isNA_rank	1.1732815198688e-05	0.000203048063819568	0.000274423710208562
BM.GSR.CMCP.ZS_min2	1.16527046217906e-05	0.000228429071797014	0.000411635565312843
FP.CPI.TOTL_min2	1.12679283802127e-05	0.000218667145651843	0.000548847420417124
SP.POP.GROW_lag1	1.10836704544169e-05	8.10239870049239e-05	0.000137211855104281
NY.GDP.PCAP.CD	1.10456115363208e-05	0.000749715927949176	0.000411635565312843
NY.GDP.MKTP.CN_lag1	1.09523940182014e-05	0.00108259760949953	0.000411635565312843
FS.AST.CGOV.GD.ZS_delta1	1.09410296844073e-05	0.000458810528823063	0.000823271130625686
SE.SEC.ENRR.MA_delta1	1.09119845672429e-05	0.000529096397068298	0.00109769484083425
NY.GDP.TOTL.RT.ZS_lag1	1.07284993483256e-05	0.0013539791563353	0.00192096597145993
SH.DYN.MORT_lag1	1.01739276689348e-05	0.00737123043221904	0.00301866081229418
DT.ODA.ALLD.CD_avg2	1.01523572259747e-05	0.0028680539014514	0.00109769484083425
EG.ELC.FOSL.ZS_avg2	1.0065618149512e-05	0.000213786182579257	0.000411635565312843
AG.LND.ARBL.HA.PC	1.00343573544208e-05	0.00214567136670871	0.00109769484083425
TM.VAL.AGRI.ZS.UN	9.95392822573222e-06	0.000154238433093711	0.000411635565312843
SP.URB.GROW	9.7698005378546e-06	0.000135690773417885	0.000411635565312843
BG.GSR.NFSV.GD.ZS_min2	9.75375665790477e-06	0.000105428802367853	0.000274423710208562
NV.IND.TOTL.CN_delta1	9.74529305568087e-06	0.00731265887534801	0.00301866081229418
NY.ADJ.DNGY.GN.ZS_lag1	9.60106305149028e-06	0.000136666966032402	0.000411635565312843
EN.GHG.CO2.FE.MT.CE.AR5	9.42743277353449e-06	6.73572904016837e-05	0.000137211855104281
NY.GDP.PCAP.KN_delta1	9.42358608371026e-06	0.000533977360140884	0.000686059275521405
EG.ELC.FOSL.ZS_max2	9.11876968387673e-06	0.000453929565750477	0.000411635565312843
NY.GNP.MKTP.CN_delta1	9.01143408643435e-06	0.00644872841150033	0.00260702524698134
NV.IND.TOTL.ZS_isNA_rank	8.90261601755452e-06	0.000700906297223318	0.00123490669593853
DC.DAC.CECL.CD_max2	8.82422236070014e-06	0.000238190997942186	0.000686059275521405
NV.SRV.TOTL.CD_isNA_rank	8.77616887348414e-06	0.000310429251416456	0.000823271130625686
FM.AST.NFRG.CN_delta1	8.56777521129527e-06	0.00498346329711008	0.00205817782656422
BM.GSR.CMCP.ZS	8.1822455508645e-06	0.000689191985849112	0.00109769484083425
SP.POP.2529.MA.5Y_delta1	8.07370565543232e-06	0.000555453597660262	0.000823271130625686
SP.POP.DPND.OL	8.04724187708922e-06	0.000826835144496031	0.000411635565312843
TX.VAL.FOOD.ZS.UN_delta1	7.75950550683862e-06	0.000384619890119759	0.000823271130625686
BX.TRF.PWKR.DT.GD.ZS_delta1	7.66556361342773e-06	0.000385596082734276	0.000548847420417124
SP.POP.5559.MA.5Y_lag1	7.30314327120791e-06	0.00436553337212072	0.00178375411635565
SE.PRM.ENRR.MA	7.18787187246433e-06	0.00041195328332624	0.000686059275521405
EN.GHG.CO2.PC.CE.AR5_rank	7.13477029199321e-06	0.000144476506948539	0.000274423710208562
BM.GSR.CMCP.ZS_max2	7.13192894287868e-06	0.000146428892177573	0.000274423710208562
SM.POP.NETM_delta1	7.11430287794361e-06	0.00160876542872427	0.00137211855104281
EN.GHG.CH4.FE.MT.CE.AR5_tend2	7.11002234744935e-06	0.000168881322311468	0.000137211855104281
BX.KLT.DINV.WD.GD.ZS_lag1	7.09030004044424e-06	0.00061109657668774	0.00137211855104281
BM.GSR.MRCH.CD_max2	6.90811827951349e-06	0.0001991432933615	0.000411635565312843
BM.GSR.TRVL.ZS_lag1	6.88900849389513e-06	0.000223548108724429	0.000274423710208562
BM.KLT.DINV.WD.GD.ZS_delta1	6.82286663926396e-06	0.00063842996989422	0.000548847420417124
EN.GHG.CH4.WA.MT.CE.AR5_delta1	6.82038534457954e-06	3.70953193516519e-05	0.000274423710208562
SP.DYN.TO65.FE.ZS	6.77648500675132e-06	0.000533001167526367	0.000274423710208562
EN.GHG.CO2.IP.MT.CE.AR5_max2	6.73095894275565e-06	1.65952744467916e-05	0.000137211855104281
BM.KLT.DINV.CD.WD_lag1	6.67492463653431e-06	0.000112262150669473	0.000274423710208562
NE.EXP.GNFS.KD_delta1	6.59081082888157e-06	0.00131102668129654	0.00137211855104281
SE.SEC.ENRR	6.56985529111177e-06	0.000595477494855465	0.00109769484083425
NE.EXP.GNFS.CD	6.44527809735386e-06	0.000151309855250159	0.000274423710208562
SP.POP.0004.MA.5Y_rank	6.34133028299304e-06	0.000110309765440439	0.000137211855104281
IT.CEL.SETS.P2_max2	6.30486590253585e-06	0.00236336231974603	0.00137211855104281
SP.DYN.AMRT.MA_lag1	6.27226035202125e-06	0.00236433851236055	0.00109769484083425
IT.MLT.MAIN_ratioavg2	6.22318028909542e-06	0.000183524211529225	0.000411635565312843
AG.PRD.FOOD.XD_avg2	6.2073417054737e-06	0.000203048063819568	0.000548847420417124
FI.RES.XGLD.CD	6.08509320852742e-06	5.6619171641995e-05	0.000274423710208562
NY.ADJ.DRES.GN.ZS_rank	6.08477419892673e-06	0.000324095948019696	0.000686059275521405
SP.POP.1564.MA.IN_delta1	6.03029783005506e-06	0.000165952744467916	0.000274423710208562
NV.IND.MANF.ZS_rank	6.00595012848283e-06	0.000768263587625001	0.000823271130625686
EG.ELC.NUCL.ZS_lag1	5.96934618870136e-06	6.44287125581323e-05	0.000137211855104281
FP.CPI.TOTL_max2	5.94037783975511e-06	0.000281143472980941	0.000960482985729967
NY.GNP.PCAP.CN_isNA_rank	5.87114696313306e-06	0.00143890791379829	0.00192096597145993
NY.GNP.MKTP.CN_isNA_rank	5.83454521040068e-06	0.00200119485976017	0.0021953896816685
NY.ADJ.DFOR.GN.ZS_rank	5.67518983582057e-06	0.000368024615672968	0.000548847420417124
TX.VAL.MRCH.OR.ZS_delta1	5.66908088318741e-06	0.00127393136194489	0.00123490669593853
TM.VAL.MRCH.R1.ZS	5.64847662861877e-06	0.00390184188022507	0.00329308452250274
TX.VAL.FUEL.ZS.UN	5.59461153558853e-06	0.000417810439013343	0.000686059275521405
TX.VAL.MRCH.R3.ZS_lag1	5.50526486514615e-06	0.000136666966032402	0.000411635565312843
AG.LND.ARBL.HA.PC_delta1	5.4752022465823e-06	0.00012007169158561	0.000411635565312843
FI.RES.TOTL.MO_lag1	5.42104827011074e-06	0.000292857784355147	0.000686059275521405
SP.POP.TOTL.MA.ZS	5.39915262487693e-06	0.000250881501930909	0.000548847420417124
TX.VAL.MRCH.R6.ZS	5.29888937418464e-06	0.000153262240479193	0.000411635565312843
SP.POP.1519.MA.5Y_lag1	5.28317617732569e-06	0.000295786362198698	0.000411635565312843
IS.AIR.PSGR	5.24644324586379e-06	8.88335279210612e-05	0.000274423710208562
ER.FSH.CAPT.MT_tend2	5.2293378843798e-06	0.00118119306356576	0.00109769484083425
TX.VAL.MRCH.R3.ZS	5.20823236549002e-06	0.00057302506472157	0.000960482985729967
SE.SEC.ENRR_delta1	5.20537647507296e-06	0.000776073128541139	0.000960482985729967
SP.POP.80UP.FE.5Y_lag1	5.17625297212838e-06	0.00102890701570108	0.000411635565312843
BM.KLT.DINV.CD.WD	5.09316157056195e-06	0.000557405982889296	0.000960482985729967
SP.POP.4044.FE.5Y_lag1	5.08121270392907e-06	9.07859131500955e-05	0.000137211855104281
SP.RUR.TOTL.ZG	5.06394282617113e-06	0.000123000269429162	0.000411635565312843
NE.EXP.GNFS.ZS	4.98365289368621e-06	0.000490048692487612	0.000960482985729967
BM.GSR.NFSV.CD_min2	4.81302945691166e-06	4.19762824242377e-05	0.000137211855104281
IT.CEL.SETS.P2_tend2	4.77559912379831e-06	0.000958621147455847	0.00109769484083425
TX.VAL.MRCH.R1.ZS	4.73434072942749e-06	0.000328000718477764	0.000686059275521405
TX.VAL.AGRI.ZS.UN_rank	4.69990940379734e-06	0.000211833797350223	0.000274423710208562
IT.MLT.MAIN	4.65320674173224e-06	0.000230381457026049	0.000274423710208562
IT.MLT.MAIN.P2_max2	4.57802237169814e-06	0.000292857784355147	0.000274423710208562
SE.SEC.ENRL.GC_delta1	4.48298818626616e-06	0.000492977270331164	0.000686059275521405
SP.POP.2529.FE.5Y_lag1	4.47518725561018e-06	0.000445143832219823	0.000960482985729967
NY.GDP.MINR.RT.ZS_delta1	4.44693647841273e-06	0.00029188159174063	0.000548847420417124
SP.DYN.TO65.MA.ZS_lag1	4.43741559172903e-06	0.000265524391148666	0.000274423710208562
NE.CON.PRVT.ZS_ratioavg2	4.39461492521578e-06	0.000498834426018267	0.00123490669593853
BM.GSR.TRAN.ZS_ratioavg2	4.37275155568881e-06	0.00045295337313596	0.000823271130625686
BM.KLT.DINV.WD.GD.ZS_isNA_rank	4.35890636656568e-06	0.000497858233403749	0.000548847420417124
SP.POP.1564.TO.ZS_delta1	4.34070000220969e-06	0.000359238882142313	0.000137211855104281
BX.TRF.CURR.CD_ratioavg2	4.32962660723268e-06	0.000866859041691234	0.00109769484083425
AG.PRD.LVSK.XD_lag1	4.32527182794314e-06	0.000292857784355147	0.000686059275521405
SP.POP.3539.FE.5Y_delta1	4.26797323942337e-06	0.000627691851134531	0.000686059275521405
SP.POP.BRTH.MF	4.24965607851074e-06	0.000377786541818139	0.00109769484083425
EN.GHG.CH4.IC.MT.CE.AR5_ratioavg2	4.11664475938623e-06	0.000135690773417885	0.000411635565312843
NE.EXP.GNFS.KD.ZG	4.10812803164248e-06	0.000574001257336088	0.000823271130625686
PA.NUS.FCRF_delta1	4.06674044731636e-06	0.00145745557347411	0.00192096597145993
AG.LND.CROP.ZS	4.01494399116629e-06	0.000203048063819568	0.000411635565312843
crisis_impact_rich_rank	3.98877260907626e-06	0.000164000359238882	0.000548847420417124
IT.MLT.MAIN.P2_lag1	3.98530023820404e-06	0.000130809810345299	0.000274423710208562
covid_year_rank	3.95229662955286e-06	0.0013256695705143	0.00178375411635565
EN.URB.MCTY.TL.ZS_tend2	3.95015046469542e-06	8.68811426920269e-05	0.000274423710208562
NE.IMP.GNFS.CD_delta1	3.93867258616029e-06	0.000789739825144379	0.00109769484083425
NE.IMP.GNFS.ZS_delta1	3.93663829854042e-06	0.000202071871205051	0.000548847420417124
SP.POP.5559.FE.5Y_delta1	3.89989509547115e-06	0.00334053112687771	0.00246981339187706
NY.GSR.NFCY.CD	3.85344294850916e-06	0.00301350660101446	0.0021953896816685
SP.POP.0004.MA.5Y_delta1	3.81087568253209e-06	0.000937144909936469	0.000960482985729967
SP.POP.6569.FE.5Y_lag1	3.7811210598327e-06	6.34525199436151e-05	0.000137211855104281
AG.LND.PRCP.MM_rank	3.76720118890296e-06	9.37144909936469e-05	0.000137211855104281
SE.SEC.ENRL_delta1	3.70946051090478e-06	0.00045978672143758	0.000686059275521405
SP.POP.DPND.OL_delta1	3.70629311568693e-06	6.54049051726494e-05	0.000137211855104281
NY.ADJ.DNGY.CD	3.68960782546575e-06	0.00033971502985197	0.000960482985729967
Country_Name	3.66206586884108e-06	0.000531048782297333	0.000274423710208562
BX.GSR.CMCP.ZS_rank	3.61433511368688e-06	3.1238163664549e-05	0.000137211855104281
NE.IMP.GNFS.CD_isNA_rank	3.60913411524232e-06	0.00101133554863977	0.000960482985729967
NY.ADJ.NNTY.PC.CD_delta1	3.55682556762417e-06	0.000256738657618012	0.000411635565312843
NE.CON.PRVT.KD.ZG_lag1	3.49707772559838e-06	0.000107381187596887	0.000274423710208562
NE.CON.PRVT.ZS_isNA_rank	3.46670386367484e-06	0.000381691312276208	0.000823271130625686
EG.ELC.NUCL.ZS_avg2	3.43696855643932e-06	0.000539834515827987	0.000411635565312843
FM.AST.DOMS.CN_max2	3.42894340831574e-06	0.000990835503734913	0.000548847420417124
SP.POP.4044.FE.5Y_delta1	3.37496254279359e-06	0.000313357829260007	0.000686059275521405
DT.ODA.ODAT.PC.ZS_max2	3.36141549369692e-06	0.00247464827780099	0.000960482985729967
AG.LND.ARBL.ZS_avg2	3.28170246491548e-06	0.000122024076814644	0.000274423710208562
SP.DYN.IMRT.FE.IN	3.24345845886545e-06	0.000655025244341011	0.000411635565312843
FM.AST.DOMS.CN_ratioavg2	3.20071951065231e-06	0.000347524570768107	0.000823271130625686
SP.POP.7579.MA.5Y_lag1	3.19812390107999e-06	0.000315310214489041	0.000411635565312843
FS.AST.CGOV.GD.ZS	3.14399564060032e-06	0.00218667145651843	0.00192096597145993
BX.KLT.DINV.CD.WD_lag1	3.14071300362977e-06	7.32144460887867e-05	0.000137211855104281
DC.DAC.JPNL.CD_avg2	3.11820414486275e-06	0.000129833617730782	0.000274423710208562
NY.ADJ.DKAP.GN.ZS_delta1	3.11680013693416e-06	0.000668691940944252	0.000960482985729967
DT.ODA.ALLD.KD_avg2	3.10656630639289e-06	0.00141938406150794	0.000548847420417124
EG.ELC.NUCL.ZS_delta1	3.10356294385183e-06	0.000740930194418521	0.000411635565312843
SP.DYN.CDRT.IN	3.09739758661844e-06	0.000640382355123254	0.000411635565312843
SE.TER.ENRR_rank	3.09137598796313e-06	0.00106209756459467	0.000823271130625686
BX.GSR.MRCH.CD	3.02801700862294e-06	0.000187428981987294	0.000411635565312843
TM.VAL.MRCH.R6.ZS_rank	3.00929433137455e-06	0.000135690773417885	0.000411635565312843
EN.GHG.N2O.MT.CE.AR5_ratioavg2	3.00699005763757e-06	0.000100547839295267	0.000411635565312843
BX.GSR.FCTY.CD_tend2	2.95063745888824e-06	0.000753620698407244	0.00137211855104281
AG.LND.CREL.HA_tend2	2.93713726428164e-06	0.000131786002959816	0.000411635565312843
SE.SEC.ENRR.MA_isNA_rank	2.87017372888536e-06	0.000115190728513024	0.000411635565312843
NE.GDI.FTOT.CD_rank	2.86084280288844e-06	0.000110309765440439	0.000137211855104281
NY.ADJ.DNGY.GN.ZS	2.8525045038774e-06	0.000536905937984436	0.000823271130625686
EN.GHG.CH4.PI.MT.CE.AR5_tend2	2.84132229876175e-06	4.88096307258578e-05	0.000137211855104281
DC.DAC.USAL.CD_max2	2.77333851767953e-06	8.39525648484754e-05	0.000137211855104281
BM.KLT.DINV.WD.GD.ZS_max2	2.77067264116803e-06	4.78334381113406e-05	0.000137211855104281
ER.H2O.INTR.PC	2.75857989393292e-06	0.000285048243439009	0.000274423710208562
SH.IMM.IDPT_lag1	2.74406091498766e-06	0.0010015736224946	0.000960482985729967
TX.VAL.MRCH.R5.ZS_delta1	2.73861024206694e-06	0.000293833976969664	0.00109769484083425
FP.CPI.TOTL.ZG_min2	2.73024246202587e-06	0.000671620518787803	0.00150933040614709
SE.PRM.ENRL.FE.ZS_delta1	2.71089818491509e-06	0.00135300296372078	0.000960482985729967
BM.GSR.TRAN.ZS_avg2	2.70911443304907e-06	4.78334381113406e-05	0.000274423710208562
SH.DYN.MORT.MA_lag1	2.68260886909633e-06	0.00631108525285341	0.00246981339187706
SP.POP.GROW_delta1	2.67146244882375e-06	0.000412929475940757	0.000960482985729967
BX.GSR.TOTL.CD_tend2	2.66349777625469e-06	0.000464667684510166	0.000548847420417124
DC.DAC.GBRL.CD_min2	2.62666634781034e-06	0.000107381187596887	0.000137211855104281
YearsSinceFirst_lag1	2.62598788035758e-06	0.000393405623650414	0.000274423710208562
EN.GHG.CO2.BU.MT.CE.AR5_ratioavg2	2.6221393741689e-06	0.000855144730317028	0.00123490669593853
DT.ODA.ODAT.GN.ZS_max2	2.60777606997063e-06	0.00101816889694139	0.000411635565312843
DT.ODA.ALLD.KD_max2	2.58863878623213e-06	0.000833668492797651	0.000548847420417124
SP.RUR.TOTL.ZS_lag1	2.5733145576694e-06	0.00143109837288215	0.000548847420417124
NY.GNP.PCAP.CD_rank	2.55551794881144e-06	0.000997668852036533	0.000548847420417124
BM.GSR.TRVL.ZS_delta1	2.54553690059474e-06	0.000264548198534149	0.000823271130625686
NY.GDP.FCST.KD_delta1	2.54259749017077e-06	0.00021964333826636	0.000411635565312843
NY.GNP.ATLS.CD	2.51841294279943e-06	0.000810239870049239	0.000548847420417124
SP.POP.65UP.FE.IN	2.47855627489155e-06	1.95238522903431e-05	0.000137211855104281
MS.MIL.XPND.CD_ratiomax2	2.47844729807286e-06	0.000139595543875953	0.000411635565312843
BM.GSR.TRAN.ZS_delta1	2.44323784552112e-06	0.00030554828834387	0.000411635565312843
AG.YLD.CREL.KG_min2	2.40727875645429e-06	0.000419762824242377	0.000686059275521405
NV.SRV.TOTL.KD.ZG_delta1	2.40600150045861e-06	0.000308476866187421	0.000548847420417124
NY.ADJ.DKAP.GN.ZS_lag1	2.39594065223742e-06	0.000287976821282561	0.000548847420417124
NE.RSB.GNFS.CN_delta1	2.3946645355294e-06	0.00160388446565169	0.000960482985729967
MS.MIL.XPND.GD.ZS_isNA_rank	2.39177646822094e-06	0.000163024166624365	0.000411635565312843
DC.DAC.CANL.CD_avg2	2.38639391085917e-06	4.3928667653272e-05	0.000137211855104281
TG.VAL.TOTL.GD.ZS_delta1	2.38397055283881e-06	0.00380519881138787	0.00233260153677278
NY.ADJ.DMIN.CD_delta1	2.37021803886124e-06	0.000394381816264931	0.000411635565312843
SP.POP.TOTL.MA.IN_delta1	2.36601059940208e-06	3.02619710500318e-05	0.000137211855104281
FM.AST.NFRG.CN_ratioavg2	2.36027365946242e-06	0.00148674135190963	0.00192096597145993
BM.GSR.INSF.ZS_rank	2.35058173595246e-06	0.000498834426018267	0.000960482985729967
EN.GHG.N2O.IP.MT.CE.AR5_ratioavg2	2.33577152444612e-06	0.00036021507475683	0.000960482985729967
EN.GHG.N2O.MT.CE.AR5_delta1	2.30460865127459e-06	4.19762824242377e-05	0.000137211855104281
NY.GNP.PCAP.CN_lag1	2.30096566983545e-06	0.000354357919069727	0.000548847420417124
SP.POP.65UP.FE.IN_delta1	2.23659031859875e-06	2.63572005919632e-05	0.000137211855104281
ER.FSH.PROD.MT_ratioavg2	2.19336533572324e-06	0.00134519342280464	0.000686059275521405
AG.PRD.LVSK.XD_avg2	2.17389075401049e-06	0.000350453148611659	0.000823271130625686
EN.GHG.CH4.PI.MT.CE.AR5_delta1	2.1614260286081e-06	4.3928667653272e-05	0.000137211855104281
SE.PRM.TCHR	2.15152594424529e-06	0.000123976462043679	0.000274423710208562
BM.KLT.DINV.CD.WD_ratiomax2	2.13726353921277e-06	0.000107381187596887	0.000411635565312843
EN.GHG.CH4.IC.MT.CE.AR5_delta1	2.1322489271989e-06	6.34525199436151e-05	0.000137211855104281
EN.GHG.CO2.BU.MT.CE.AR5_tend2	2.11854504500317e-06	7.80954091613724e-05	0.000274423710208562
TM.VAL.MRCH.HI.ZS	2.09852108615869e-06	0.000195238522903431	0.000274423710208562
ER.FSH.CAPT.MT_ratioavg2	2.08520065511521e-06	0.00223938585770236	0.00164654226125137
DC.DAC.USAL.CD_tend2	2.05791680631938e-06	0.000799501751289551	0.00150933040614709
NV.AGR.TOTL.KD.ZG_delta1	2.03290752996671e-06	0.000308476866187421	0.00123490669593853
BX.GSR.NFSV.CD_isNA_rank	2.02323710541882e-06	0.000586691761324811	0.000960482985729967
NE.CON.GOVT.ZS_ratiomax2	2.02143501952958e-06	0.000130809810345299	0.000411635565312843
DT.ODA.ALLD.CD_lag1	2.02069697015129e-06	0.00197679004439724	0.000960482985729967
EN.GHG.CH4.BU.MT.CE.AR5_avg2	1.9661251107628e-06	3.41667415081004e-05	0.000274423710208562
DT.ODA.ODAT.CD_rank	1.93710486294471e-06	0.000271381546835769	0.000274423710208562
NY.GDS.TOTL.ZS_delta1	1.91152905925003e-06	0.000136666966032402	0.000686059275521405
DT.ODA.ODAT.CD_lag1	1.9101969119899e-06	0.00076533500978145	0.000548847420417124
TX.VAL.MRCH.R4.ZS_lag1	1.88000096265792e-06	7.22382534742695e-05	0.000274423710208562
NY.GDP.FRST.RT.ZS_isNA_rank	1.87889582136742e-06	0.00239167190556703	0.00205817782656422
BM.GSR.GNFS.CD_tend2	1.86876835258797e-06	0.000424643787314963	0.000823271130625686
NV.IND.MANF.ZS_isNA_rank	1.86625113560092e-06	0.000783882669457276	0.00109769484083425
SP.POP.DPND.OL_lag1	1.84219239265695e-06	0.000348500763382625	0.000137211855104281
NE.EXP.GNFS.CN_delta1	1.79461051331923e-06	0.000742882579647555	0.000686059275521405
DC.DAC.DEUL.CD_rank	1.78607540792331e-06	5.46667864129607e-05	0.000274423710208562
NV.AGR.TOTL.KD_delta1	1.76928214336994e-06	0.000334834066779384	0.000823271130625686
BM.GSR.FCTY.CD	1.76708715222538e-06	0.000102500224524301	0.000411635565312843
NE.EXP.GNFS.KD.ZG_delta1	1.7412857681244e-06	0.00219936196050715	0.00178375411635565
NE.CON.GOVT.ZS_delta1	1.73614794209379e-06	0.00029871494004225	0.000823271130625686
AG.PRD.CROP.XD_max2	1.73249926809674e-06	0.000430500943002066	0.000686059275521405
BM.GSR.GNFS.CD	1.72220243636833e-06	0.000325072140634213	0.000274423710208562
BM.KLT.DINV.WD.GD.ZS	1.68680899214103e-06	0.000259667235461563	0.000686059275521405
MS.MIL.XPND.CD_tend2	1.68085628136912e-06	0.000260643428076081	0.000823271130625686
DC.DAC.CECL.CD_tend2	1.67972398979076e-06	0.000529096397068298	0.000411635565312843
SP.RUR.TOTL	1.66232154077481e-06	0.000174738477998571	0.000411635565312843
NY.ADJ.DMIN.GN.ZS_isNA_rank	1.65363841209695e-06	0.0051611303529522	0.00315587266739846
EN.GHG.ALL.PC.CE.AR5_ratiomax2	1.65056213480855e-06	0.000307500673572904	0.000274423710208562
NV.IND.MANF.CD	1.63431619664808e-06	0.000256738657618012	0.000274423710208562
BM.KLT.DINV.WD.GD.ZS_ratioavg2	1.6254835662894e-06	0.00141450309843536	0.00150933040614709
NV.SRV.TOTL.KD.ZG	1.61117130070003e-06	0.000335810259393902	0.000823271130625686
SE.PRM.ENRR.FE_delta1	1.59077541291014e-06	0.000968383073601018	0.00109769484083425
FM.LBL.BMNY.GD.ZS_tend2	1.58693634220397e-06	0.00036021507475683	0.000960482985729967
EN.GHG.ALL.PC.CE.AR5_delta1	1.56940483875707e-06	0.000243071961014772	0.000274423710208562
NY.ADJ.DRES.GN.ZS_delta1	1.54115327202633e-06	0.000231357649640566	0.000548847420417124
DT.ODA.ALLD.KD	1.53414859118911e-06	0.000306524480958387	0.000686059275521405
NE.EXP.GNFS.ZS_rank	1.52966782467585e-06	3.22143562790661e-05	0.000137211855104281
EN.GHG.CH4.AG.MT.CE.AR5_ratioavg2	1.52137987178212e-06	0.00043928667653272	0.000686059275521405
BX.KLT.DINV.WD.GD.ZS	1.51463435076211e-06	0.0013656934677095	0.00178375411635565
NE.IMP.GNFS.KD.ZG_delta1	1.50745855173004e-06	0.00102793082308656	0.00205817782656422
EN.GHG.ALL.PC.CE.AR5_min2	1.50346468311539e-06	0.000492001077716646	0.000411635565312843
NE.EXP.GNFS.ZS_isNA_rank	1.49380818230081e-06	9.76192614517156e-05	0.000411635565312843
SP.POP.65UP.TO.ZS_lag1	1.49023790630487e-06	0.000363143652600382	0.000137211855104281
SP.POP.65UP.MA.ZS_lag1	1.48456260236534e-06	0.000350453148611659	0.000137211855104281
FI.RES.TOTL.MO_delta1	1.48339707309805e-06	0.000687239600620078	0.000686059275521405
SP.POP.65UP.TO.ZS_delta1	1.47812249260712e-06	0.000161071781395331	0.000411635565312843
SP.ADO.TFRT_delta1	1.47749457931189e-06	0.0002333100348696	0.000411635565312843
EG.ELC.HYRO.ZS	1.47257364385377e-06	0.000379738927047174	0.000686059275521405
IS.AIR.GOOD.MT.K1_ratioavg2	1.47234337441159e-06	0.000409024705482688	0.000686059275521405
NY.GDS.TOTL.ZS	1.45495239576919e-06	0.000555453597660262	0.000548847420417124
SP.POP.65UP.MA.ZS	1.44932325191854e-06	0.000352405533840693	0.000137211855104281
BX.GSR.MRCH.CD_ratioavg2	1.43010294241124e-06	0.000496882040789232	0.00123490669593853
SM.POP.RHCR.EO	1.40221317716294e-06	0.00134128865234657	0.000823271130625686
SP.POP.7579.FE.5Y_delta1	1.39787409800553e-06	0.00318726888639851	0.00192096597145993
DC.DAC.JPNL.CD_rank	1.39274834599037e-06	0.000180595633685674	0.000274423710208562
TM.VAL.MRCH.WR.ZS_delta1	1.38862701385184e-06	0.000210857604735706	0.000686059275521405
SP.POP.3539.MA.5Y_delta1	1.37365606128482e-06	0.00116166921127542	0.00109769484083425
TM.VAL.MMTL.ZS.UN_delta1	1.36513143677022e-06	0.000337762644622936	0.000823271130625686
SP.POP.DPND_delta1	1.36244193931119e-06	0.000293833976969664	0.000411635565312843
trade_balance_ratio_rank	1.35709225612454e-06	0.000214762375193774	0.000686059275521405
SP.URB.TOTL.IN.ZS_lag1	1.33850022692955e-06	0.00361093648109896	0.00137211855104281
TX.VAL.FOOD.ZS.UN	1.32889165109139e-06	0.00202071871205051	0.000823271130625686
NE.RSB.GNFS.CD	1.3205833735837e-06	0.000386572275348794	0.000686059275521405
DC.DAC.USAL.CD_ratioavg2	1.29097680356501e-06	0.000154238433093711	0.000411635565312843
AG.PRD.CROP.XD_lag1	1.28974224285804e-06	0.000556429790274779	0.000686059275521405
MS.MIL.XPND.GD.ZS_rank	1.26583865158365e-06	9.27382983791298e-05	0.000137211855104281
TM.VAL.INSF.ZS.WT_isNA_rank	1.26504587470754e-06	0.000282119665595458	0.000548847420417124
ER.FSH.PROD.MT_lag1	1.2617380705764e-06	7.71192165468553e-05	0.000274423710208562
NE.CON.PRVT.ZS	1.25579198049152e-06	0.000256738657618012	0.000548847420417124
SE.SEC.AGES_rank	1.24162408310125e-06	0.000825858951881514	0.000823271130625686
BM.GSR.GNFS.CD_delta1	1.23865330248927e-06	0.000100547839295267	0.000274423710208562
SP.DYN.IMRT.FE.IN_lag1	1.23658855788606e-06	0.000670644326173286	0.000274423710208562
SP.POP.2529.FE.5Y_rank	1.21509947261981e-06	0.000170833707540502	0.000274423710208562
SP.POP.1519.FE.5Y	1.20932552167693e-06	0.000279191087751907	0.000411635565312843
DC.DAC.USAL.CD_isNA_rank	1.20732761070449e-06	0.00265524391148666	0.00246981339187706
AG.LND.AGRI.ZS_ratiomax2	1.20324433382001e-06	0.000277238702522872	0.000274423710208562
SH.DTH.MORT_delta1	1.19934371374023e-06	0.000222571916109911	0.000823271130625686
NE.DAB.TOTL.CD_isNA_rank	1.19072608192119e-06	0.000191333752445363	0.000548847420417124
TM.VAL.MRCH.R1.ZS_rank	1.18632883519497e-06	0.00102500224524301	0.000686059275521405
PA.NUS.FCRF_rank	1.18188854493796e-06	0.000122024076814644	0.000274423710208562
SP.POP.4044.MA.5Y	1.18005564929326e-06	0.000141547929104988	0.000686059275521405
NY.GDP.PCAP.KD.ZG_isNA_rank	1.17373342896888e-06	0.00133933626711754	0.00192096597145993
TX.VAL.MRCH.R3.ZS_delta1	1.17341322839591e-06	0.000279191087751907	0.000548847420417124
TX.VAL.OTHR.ZS.WT_delta1	1.17137792210578e-06	0.000499810618632784	0.000960482985729967
NV.AGR.TOTL.CD_isNA_rank	1.16755556617433e-06	0.00268745826776573	0.00178375411635565
NY.GDP.MKTP.KN_delta1	1.1638384786229e-06	0.0022872192958137	0.00109769484083425
FI.RES.TOTL.MO_tend2	1.15860843583014e-06	0.00111090719532052	0.000548847420417124
SH.DYN.MORT	1.15533101826784e-06	0.000554477405045744	0.000411635565312843
TX.VAL.TRVL.ZS.WT_delta1	1.15418167225322e-06	0.000190357559830845	0.000686059275521405
IT.MLT.MAIN.P2_ratioavg2	1.14628039933814e-06	0.000577906027794156	0.00109769484083425
TM.VAL.FOOD.ZS.UN_isNA_rank	1.1419145304383e-06	7.22382534742695e-05	0.000137211855104281
DC.DAC.FRAL.CD	1.13540014940192e-06	9.85954540662327e-05	0.000411635565312843
SP.POP.3034.FE.5Y	1.13486368878759e-06	0.000438310483918203	0.000411635565312843
FI.RES.TOTL.MO_min2	1.12346829778157e-06	0.000396334201493965	0.00137211855104281
EG.USE.ELEC.KH.PC_delta1	1.12231891877913e-06	0.000316286407103558	0.000548847420417124
BG.GSR.NFSV.GD.ZS_tend2	1.11976147843372e-06	0.00030554828834387	0.000960482985729967
TM.VAL.MRCH.R5.ZS	1.11654514564591e-06	0.000150333662635642	0.000137211855104281
TX.VAL.TRAN.ZS.WT	1.11618786781736e-06	0.000474429610655338	0.000823271130625686
EN.GHG.CH4.PI.MT.CE.AR5_max2	1.10882278259888e-06	1.95238522903431e-05	0.000137211855104281
BX.GSR.CMCP.ZS_delta1	1.10780491782803e-06	6.44287125581323e-05	0.000274423710208562
NY.ADJ.DFOR.CD_isNA_rank	1.10200138536935e-06	0.00135300296372078	0.00123490669593853
SM.POP.RHCR.EO_delta1	1.10176976631395e-06	0.000217690953037326	0.000960482985729967
FS.AST.PRVT.GD.ZS_min2	1.08633837399689e-06	4.58810528823063e-05	0.000137211855104281
IT.MLT.MAIN.P2_min2	1.08240845956633e-06	0.000132762195574333	0.000274423710208562
SH.IMM.IDPT	1.07834287051504e-06	0.000463691491895649	0.000411635565312843
SP.RUR.TOTL.ZG_delta1	1.07586844360243e-06	0.00680699110102813	0.00397914379802415
NY.GDP.DEFL.KD.ZG_lag1	1.07322505679583e-06	0.000402191357181068	0.000960482985729967
SP.POP.1564.FE.ZS_rank	1.06989760783388e-06	0.00227843356228304	0.000823271130625686
AG.CON.FERT.ZS_tend2	1.06712109378985e-06	0.000592548917011914	0.00150933040614709
NE.CON.GOVT.CD_rank	1.06165690979571e-06	3.02619710500318e-05	0.000137211855104281
TM.VAL.MRCH.OR.ZS	1.06054882443153e-06	0.000873692389992854	0.000823271130625686
SE.SEC.ENRR.FE_delta1	1.05881099998619e-06	0.000612072769302257	0.00150933040614709
NV.IND.TOTL.CN_isNA_rank	1.04825215954868e-06	0.00073116826827335	0.00109769484083425
BX.GSR.FCTY.CD_ratioavg2	1.03294737119777e-06	0.000151309855250159	0.000548847420417124
SP.URB.GROW_delta1	1.03266115308056e-06	0.00034654837815359	0.000548847420417124
NV.AGR.TOTL.CN_delta1	1.02505225647931e-06	0.000149357470021125	0.000411635565312843
NY.GDP.DEFL.KD.ZG_rank	1.0237109737415e-06	0.000977168807131673	0.000686059275521405
NV.IND.TOTL.ZS_delta1	1.01979162247565e-06	0.000135690773417885	0.000548847420417124
NV.IND.MANF.CD_isNA_rank	1.01375847681939e-06	0.000876620967836406	0.00137211855104281
FS.AST.CGOV.GD.ZS_ratioavg2	1.01130636285956e-06	0.000270405354221252	0.000411635565312843
EN.GHG.N2O.PI.MT.CE.AR5_ratioavg2	9.98845622248736e-07	0.00034654837815359	0.000686059275521405
BX.TRF.PWKR.CD.DT_delta1	9.86727303268567e-07	0.00042561997992948	0.000686059275521405
MS.MIL.XPND.CD_ratioavg2	9.68006466912012e-07	0.000546667864129607	0.000548847420417124
DT.ODA.ALLD.CD_min2	9.67543117606851e-07	0.000358262689527796	0.000137211855104281
BM.GSR.INSF.ZS_delta1	9.63174076489191e-07	0.000484191536800509	0.00123490669593853
DT.ODA.ODAT.PC.ZS_tend2	9.6213579320732e-07	0.000188405174601811	0.000274423710208562
SE.PRM.ENRR.MA_lag1	9.53652219931947e-07	0.000542763093671539	0.000686059275521405
BX.TRF.CURR.CD_delta1	9.50293772448207e-07	0.000747763542720141	0.000960482985729967
FP.CPI.TOTL_isNA_rank	9.49399319475862e-07	8.59049500775097e-05	0.000411635565312843
SP.POP.DPND_lag1	9.45190183932031e-07	7.41906387033038e-05	0.000411635565312843
ER.FSH.PROD.MT_ratiomax2	9.32663793345403e-07	0.00018547659675826	0.000274423710208562
SP.POP.80UP.FE.5Y	9.22633762712948e-07	0.000667715748329735	0.000274423710208562
NV.AGR.TOTL.KD.ZG_isNA_rank	9.12210893814788e-07	0.0029022206429595	0.00205817782656422
BM.KLT.DINV.CD.WD_ratioavg2	9.1076635235259e-07	0.00200217105237469	0.00192096597145993
TM.VAL.MRCH.R3.ZS_delta1	9.04335774568704e-07	0.00147014607746284	0.0028814489571899
NE.CON.PRVT.ZS_tend2	9.01534287807671e-07	0.00067943005970394	0.00123490669593853
DT.ODA.ODAT.KD_avg2	8.95038154062557e-07	0.00065893001479908	0.000274423710208562
NY.GSR.NFCY.CD_isNA_rank	8.86463632668202e-07	0.000399262779337517	0.00123490669593853
TX.VAL.OTHR.ZS.WT	8.7660012923633e-07	0.00119778833801255	0.00137211855104281
IT.MLT.MAIN.P2_isNA_rank	8.69828409557403e-07	0.00166928937082434	0.00150933040614709
BX.KLT.DINV.WD.GD.ZS_ratiomax2	8.67426026966644e-07	3.90477045806862e-05	0.000137211855104281
IS.AIR.PSGR_isNA_rank	8.66788857231823e-07	0.000343619800310039	0.000548847420417124
EN.GHG.CO2.MT.CE.AR5_delta1	8.66175689698466e-07	0.000464667684510166	0.000411635565312843
IT.CEL.SETS_delta1	8.64485406471961e-07	0.00139107447568695	0.00137211855104281
BX.GSR.CMCP.ZS_ratiomax2	8.61316208080976e-07	0.00012007169158561	0.000137211855104281
EG.ELC.HYRO.ZS_tend2	8.60018787607414e-07	0.000465643877124683	0.00137211855104281
DC.DAC.TOTL.CD_lag1	8.57575155647624e-07	0.000193286137674397	0.000411635565312843
SE.SEC.ENRL	8.57545970118123e-07	6.93096756307181e-05	0.000274423710208562
BX.GSR.TRAN.ZS_tend2	8.37235881225148e-07	0.000190357559830845	0.000274423710208562
TM.VAL.MRCH.OR.ZS_delta1	8.30328106210945e-07	0.000688215793234595	0.00109769484083425
ER.FSH.CAPT.MT_delta1	8.26913546579844e-07	1.65952744467916e-05	0.000137211855104281
DT.ODA.ODAT.GN.ZS_tend2	8.25223711649845e-07	8.00477943904068e-05	0.000274423710208562
NY.GDP.MKTP.KD_isNA_rank	8.18680061778919e-07	0.000276262509908355	0.000823271130625686
SP.ADO.TFRT_lag1	8.14905639664119e-07	5.27144011839264e-05	0.000137211855104281
AG.YLD.CREL.KG_delta1	8.0958540968251e-07	9.46906836081641e-05	0.000411635565312843
NY.GDS.TOTL.CD_isNA_rank	8.08391298766076e-07	0.000907859131500955	0.00109769484083425
SE.SEC.ENRR_lag1	8.06512679916735e-07	0.000239167190556703	0.000274423710208562
TX.VAL.MRCH.CD.WT_delta1	8.06394862575246e-07	0.000776073128541139	0.000686059275521405
TX.VAL.FUEL.ZS.UN_lag1	8.05941886333635e-07	0.00136862204555305	0.00164654226125137
ER.FSH.PROD.MT_delta1	8.01947892227022e-07	0.000729215883044315	0.000960482985729967
NY.GDP.MKTP.KD.ZG_delta1	7.95861260767839e-07	0.000158143203551779	0.000548847420417124
BM.GSR.TRAN.ZS_tend2	7.95233864473603e-07	0.000715549186441075	0.000960482985729967
DC.DAC.JPNL.CD_ratioavg2	7.93099676606708e-07	0.000841478033713788	0.00123490669593853
SP.POP.65UP.TO.ZS	7.89589451123415e-07	0.000393405623650414	0.000274423710208562
DT.ODA.ODAT.CD_max2	7.8827750889678e-07	0.00141157452059181	0.000548847420417124
NY.GSR.NFCY.CN_delta1	7.88130859238922e-07	0.000169857514925985	0.000686059275521405
BX.GSR.TRVL.ZS	7.86258544924725e-07	0.000426596172543997	0.000686059275521405
TX.VAL.MRCH.R5.ZS	7.84342434171694e-07	9.95716466807499e-05	0.000411635565312843
NE.GDI.TOTL.ZS_isNA_rank	7.84242503640389e-07	0.000548620249358642	0.000686059275521405
IS.AIR.GOOD.MT.K1_ratiomax2	7.7845591905548e-07	7.71192165468553e-05	0.000274423710208562
BX.GSR.TRVL.ZS_tend2	7.77583553863144e-07	0.00191138513922459	0.00137211855104281
NY.GDS.TOTL.CD_delta1	7.76978125006283e-07	0.000769239780239519	0.00150933040614709
AG.LND.AGRI.ZS_max2	7.5864230726965e-07	0.00110602623224794	0.000686059275521405
NE.EXP.GNFS.CN_isNA_rank	7.55404990823087e-07	0.000750692120563693	0.00109769484083425
EN.GHG.N2O.PI.MT.CE.AR5	7.5261787288469e-07	0.000167905129696951	0.000548847420417124
TM.VAL.MRCH.RS.ZS_delta1	7.49322593433756e-07	0.00184793261928098	0.00205817782656422
SP.POP.6569.MA.5Y_delta1	7.41553049716754e-07	0.00196019476995045	0.00109769484083425
NV.AGR.TOTL.ZS_isNA_rank	7.4049820686179e-07	0.000184500404143742	0.000411635565312843
AG.CON.FERT.ZS_avg2	7.2091521385836e-07	0.000303595903114835	0.000274423710208562
SE.PRM.TCHR_delta1	7.18975592999858e-07	0.000478334381113406	0.00109769484083425
AG.LND.AGRI.ZS_tend2	7.15665801383801e-07	0.000328976911092281	0.000548847420417124
NE.EXP.GNFS.CD_delta1	7.10277022265974e-07	0.000245024346243806	0.000274423710208562
BX.GSR.TRAN.ZS_ratioavg2	7.08793852490384e-07	0.00010640499498237	0.000548847420417124
NY.ADJ.NNTY.CD_isNA_rank	7.07938680464132e-07	0.00126416943579972	0.00178375411635565
NE.CON.PRVT.KD.ZG	7.058371481294e-07	2.34286227484117e-05	0.000137211855104281
EG.ELC.HYRO.ZS_ratioavg2	7.027624062495e-07	0.000207929026892154	0.000686059275521405
FI.RES.TOTL.MO_ratioavg2	6.92553135314818e-07	0.000572048872107053	0.000823271130625686
SE.SEC.ENRR.FE	6.8639257086741e-07	0.000167905129696951	0.000411635565312843
IT.MLT.MAIN.P2_rank	6.79230389508196e-07	0.000741906387033038	0.000274423710208562
MS.MIL.XPND.CD_delta1	6.76393172503698e-07	0.000101524031909784	0.000137211855104281
ER.FSH.PROD.MT	6.7471823897189e-07	8.59049500775097e-05	0.000137211855104281
year_cycle_rank	6.73875828314046e-07	0.000251857694545426	0.000548847420417124
AG.PRD.CREL.MT_tend2	6.73455388971746e-07	0.000220619530880877	0.000411635565312843
BX.TRF.CURR.CD_tend2	6.69892477270587e-07	0.00269038684560928	0.00178375411635565
FP.CPI.TOTL_delta1	6.6405751670359e-07	4.00238971952034e-05	0.000137211855104281
EN.GHG.N2O.FE.MT.CE.AR5_delta1	6.49261729186463e-07	0.00097131165144457	0.00137211855104281
DC.DAC.JPNL.CD_delta1	6.48729606927491e-07	0.000141547929104988	0.000274423710208562
AG.LND.AGRI.K2_ratiomax2	6.42297105223446e-07	0.000428548557773031	0.000274423710208562
SP.POP.4549.MA.5Y_lag1	6.41238466936755e-07	0.00490439169533419	0.00178375411635565
NY.GNP.PCAP.CD_delta1	6.36147689147118e-07	4.88096307258578e-05	0.000137211855104281
AG.YLD.CREL.KG	6.358502517346e-07	0.000829763722339582	0.000686059275521405
SM.POP.NETM	6.26109482037247e-07	0.000237214805327669	0.000411635565312843
SP.DYN.CBRT.IN	6.23277138652612e-07	4.68572454968235e-05	0.000137211855104281
FM.LBL.BMNY.GD.ZS_isNA_rank	6.20970024528501e-07	0.000279191087751907	0.000548847420417124
EN.GHG.N2O.IP.MT.CE.AR5_delta1	6.20733475866268e-07	0.000166928937082434	0.000548847420417124
EN.GHG.CO2.PI.MT.CE.AR5_tend2	6.19030917605145e-07	0.000234286227484117	0.000686059275521405
BX.GSR.TRVL.ZS_ratiomax2	6.15803480467503e-07	7.71192165468553e-05	0.000274423710208562
NV.IND.TOTL.CD_isNA_rank	6.11649793944605e-07	0.000457834336208546	0.00109769484083425
AG.LND.AGRI.ZS_avg2	5.9529049705023e-07	0.000414881861169791	0.000274423710208562
SE.TER.ENRR_delta1	5.8795936396887e-07	0.000373881771360071	0.000411635565312843
NV.SRV.TOTL.ZS_isNA_rank	5.8732802852047e-07	0.000187428981987294	0.000274423710208562
BX.TRF.PWKR.DT.GD.ZS_ratioavg2	5.85819184455475e-07	0.000281143472980941	0.00137211855104281
NY.GDP.FCST.KD_isNA_rank	5.77636738815343e-07	0.00437724768349493	0.00356750823271131
BM.GSR.TOTL.CD_isNA_rank	5.74705744684369e-07	8.20001796194411e-05	0.000137211855104281
DC.DAC.USAL.CD	5.72662247174781e-07	0.000221595723495394	0.000137211855104281
BX.KLT.DINV.WD.GD.ZS_rank	5.69083367741835e-07	0.000953740184383261	0.00123490669593853
BX.GSR.FCTY.CD_isNA_rank	5.6842861442631e-07	0.00054569167151509	0.000686059275521405
EN.GHG.ALL.MT.CE.AR5_ratioavg2	5.68401139858458e-07	0.000470524840197269	0.000686059275521405
ER.FSH.PROD.MT_avg2	5.6601135197074e-07	2.73333932064804e-05	0.000137211855104281
NV.SRV.TOTL.ZS_delta1	5.61722594496325e-07	0.000664787170486183	0.00109769484083425
FM.AST.PRVT.GD.ZS_ratioavg2	5.60152364279478e-07	0.000165952744467916	0.000411635565312843
BM.GSR.TRAN.ZS	5.56469230744457e-07	0.000637453777279703	0.00123490669593853
SE.SEC.ENRR.MA	5.55786239817558e-07	0.000388524660577828	0.000411635565312843
IT.CEL.SETS.P2_ratioavg2	5.49774023874321e-07	0.000933240139478401	0.000960482985729967
SE.PRM.ENRR_delta1	5.47393395990116e-07	0.000315310214489041	0.00109769484083425
EG.ELC.NUCL.ZS	5.45933709473861e-07	0.000399262779337517	0.000274423710208562
NY.GDP.PETR.RT.ZS_lag1	5.42709438949799e-07	6.63810977871666e-05	0.000274423710208562
DC.DAC.DEUL.CD_isNA_rank	5.41116881062484e-07	0.000903954361042886	0.000960482985729967
FP.CPI.TOTL.ZG_isNA_rank	5.38425239487758e-07	0.000861001886004131	0.00109769484083425
AG.LND.ARBL.HA.PC_rank	5.37111891447608e-07	2.34286227484117e-05	0.000137211855104281
EG.ELC.FOSL.ZS_ratiomax2	5.33247660050013e-07	0.000128857425116265	0.000274423710208562
NY.ADJ.DNGY.CD_delta1	5.29806030667593e-07	3.90477045806862e-05	0.000137211855104281
AG.CON.FERT.ZS_ratioavg2	5.29742749266125e-07	0.000403167549795585	0.000823271130625686
DC.DAC.DEUL.CD_min2	5.28694893992608e-07	0.00127295516933037	0.000548847420417124
EG.USE.PCAP.KG.OE_tend2	5.20156134408744e-07	5.46667864129607e-05	0.000274423710208562
TM.VAL.MRCH.CD.WT_delta1	5.19993114081864e-07	0.000771192165468553	0.000823271130625686
NE.CON.GOVT.CD_delta1	5.15824998504616e-07	0.000329953103706799	0.000274423710208562
AG.LND.AGRI.K2_tend2	5.15678150393856e-07	0.000137643158646919	0.000411635565312843
AG.CON.FERT.ZS_delta1	5.15171107588682e-07	0.000323119755405179	0.000960482985729967
EN.GHG.N2O.AG.MT.CE.AR5_delta1	5.12240121368438e-07	0.000448072410063374	0.000686059275521405
NY.GDP.MINR.RT.ZS_isNA_rank	5.11838169892069e-07	0.000619882310218394	0.00137211855104281
BX.TRF.PWKR.DT.GD.ZS_isNA_rank	5.10281531257037e-07	0.000124952654658196	0.000411635565312843
BX.GSR.CMCP.ZS_tend2	5.08720017476208e-07	0.000531048782297333	0.000548847420417124
BX.TRF.PWKR.CD.DT_tend2	5.07670025148647e-07	0.000708715838139455	0.000686059275521405
DC.DAC.GBRL.CD_delta1	5.02508924285051e-07	7.71192165468553e-05	0.000274423710208562
SE.PRM.TCHR_isNA_rank	5.01213823988114e-07	0.000542763093671539	0.000960482985729967
BX.PEF.TOTL.CD.WD_ratioavg2	4.99291605969104e-07	0.000438310483918203	0.000823271130625686
AG.LND.ARBL.HA_ratioavg2	4.96325580918199e-07	0.000247952924087358	0.000548847420417124
TX.VAL.MRCH.WL.CD_delta1	4.95702079337111e-07	0.000531048782297333	0.000686059275521405
DC.DAC.CANL.CD_tend2	4.94718573928604e-07	0.000238190997942186	0.000686059275521405
DC.DAC.JPNL.CD_min2	4.90259029882253e-07	5.6619171641995e-05	0.000137211855104281
SP.POP.TOTL.MA.ZS_lag1	4.87306959380523e-07	0.000122024076814644	0.000274423710208562
BM.KLT.DINV.CD.WD_delta1	4.86753505550336e-07	0.000476381995884372	0.000960482985729967
NE.EXP.GNFS.CN_rank	4.86739231085372e-07	0.000116166921127542	0.000274423710208562
TG.VAL.TOTL.GD.ZS_lag1	4.8627387814151e-07	6.63810977871666e-05	0.000274423710208562
SP.POP.0014.FE.ZS_delta1	4.79798520353025e-07	0.000468572454968235	0.000274423710208562
DT.ODA.ODAT.KD_max2	4.78487825945482e-07	0.000361191267371348	0.000137211855104281
SH.MMR.RISK.ZS_delta1	4.74550377101008e-07	8.10239870049239e-05	0.000137211855104281
NY.GDP.DEFL.KD.ZG_delta1	4.73361562361396e-07	0.00111871673623666	0.00123490669593853
SP.DYN.TFRT.IN_lag1	4.69939918658342e-07	0.00256933896140915	0.000960482985729967
BX.GRT.EXTA.CD.WD_isNA_rank	4.66608932350385e-07	0.000848311382015408	0.000823271130625686
SH.STA.MMRT_lag1	4.61848286094291e-07	1.65952744467916e-05	0.000137211855104281
SP.DYN.IMRT.IN	4.59643503465137e-07	0.000712620608597524	0.000274423710208562
AG.LND.ARBL.HA_ratiomax2	4.50828609382253e-07	5.95477494855465e-05	0.000274423710208562
BX.GSR.NFSV.CD_avg2	4.48117507357523e-07	2.05000449048603e-05	0.000137211855104281
SP.POP.6064.FE.5Y	4.47776863032398e-07	0.000345572185539073	0.000137211855104281
NY.GNP.MKTP.CD_isNA_rank	4.41696352929715e-07	0.00069309675630718	0.000823271130625686
AG.SRF.TOTL.K2_ratioavg2	4.40533483733121e-07	0.0014681936922338	0.000548847420417124
MS.MIL.MPRT.KD_avg2	4.38609692761734e-07	0.000190357559830845	0.000411635565312843
trade_balance_ratio_delta1	4.37579029875972e-07	0.000118119306356576	0.000548847420417124
AG.LND.ARBL.HA_tend2	4.31960061520572e-07	4.10000898097205e-05	0.000274423710208562
IT.MLT.MAIN.P2_tend2	4.28329943654373e-07	0.000223548108724429	0.000548847420417124
TX.VAL.SERV.CD.WT_delta1	4.24560163544432e-07	0.000436358098689169	0.000411635565312843
NE.GDI.FTOT.ZS_isNA_rank	4.2315931681672e-07	0.000258691042847046	0.000411635565312843
IS.AIR.PSGR_lag1	4.17834632139167e-07	2.73333932064804e-05	0.000137211855104281
SE.SEC.ENRR.FE_lag1	4.08407443212277e-07	9.85954540662327e-05	0.000548847420417124
BM.GSR.FCTY.CD_ratioavg2	4.04508177361658e-07	0.000555453597660262	0.00109769484083425
EN.GHG.CH4.MT.CE.AR5_delta1	3.98778564690826e-07	0.000242095768400255	0.000686059275521405
SE.SEC.ENRR.FE_isNA_rank	3.885787391572e-07	0.00734194465378353	0.00452799121844127
SP.DYN.LE00.IN_delta1	3.8668008628833e-07	0.000171809900155019	0.000411635565312843
EG.ELC.FOSL.ZS_lag1	3.80477512075066e-07	0.000463691491895649	0.000274423710208562
TX.VAL.TRVL.ZS.WT_lag1	3.80429725318429e-07	0.00115385967035928	0.00109769484083425
FS.AST.CGOV.GD.ZS_ratiomax2	3.73513987537102e-07	0.000410977090711723	0.000411635565312843
BX.GRT.EXTA.CD.WD_ratioavg2	3.72527319530348e-07	0.000144476506948539	0.000548847420417124
NV.AGR.TOTL.KD.ZG	3.67972731797293e-07	0.000254786272388978	0.000823271130625686
SP.POP.65UP.FE.ZS_delta1	3.66425418931433e-07	0.00024014338317122	0.000274423710208562
EN.GHG.N2O.FE.MT.CE.AR5_ratioavg2	3.62204810952035e-07	0.000595477494855465	0.000960482985729967
TX.VAL.MRCH.HI.ZS	3.61862360508489e-07	8.39525648484754e-05	0.000137211855104281
EG.ELC.PETR.ZS_tend2	3.54284994811016e-07	0.000125928847272713	0.000411635565312843
SE.PRM.ENRL_delta1	3.5216573749408e-07	0.000856120922931546	0.000686059275521405
SP.POP.0004.FE.5Y_delta1	3.46939379445283e-07	0.000142524121719505	0.000411635565312843
TM.VAL.AGRI.ZS.UN_isNA_rank	3.45305336366202e-07	0.000154238433093711	0.000411635565312843
BM.GSR.INSF.ZS_ratioavg2	3.41362199669483e-07	0.00051152493000699	0.000823271130625686
TX.VAL.FOOD.ZS.UN_lag1	3.40577156454058e-07	0.000681382444932975	0.000548847420417124
BM.KLT.DINV.WD.GD.ZS_rank	3.40287364365603e-07	0.00032604833324873	0.000411635565312843
DC.DAC.JPNL.CD_ratiomax2	3.38776113499482e-07	0.000164976551853399	0.000274423710208562
ER.FSH.AQUA.MT_ratiomax2	3.38393272426595e-07	0.000205000449048603	0.000137211855104281
SM.POP.RHCR.EA_delta1	3.37533100359018e-07	0.00123000269429162	0.00123490669593853
AG.PRD.FOOD.XD_lag1	3.37185172759444e-07	0.000735073038731418	0.000548847420417124
SE.PRM.ENRR_isNA_rank	3.35936771716659e-07	0.000156190818322745	0.000274423710208562
NY.GDP.FRST.RT.ZS_delta1	3.33325002692578e-07	0.000393405623650414	0.00137211855104281
SP.POP.6569.MA.5Y	3.3095000356134e-07	0.000331905488935833	0.000137211855104281
EN.GHG.CH4.TR.MT.CE.AR5_tend2	3.29475889608612e-07	0.000246000538858323	0.000548847420417124
NE.GDI.TOTL.CD_delta1	3.28835007996972e-07	0.000191333752445363	0.000137211855104281
EN.GHG.CH4.FE.MT.CE.AR5_delta1	3.28442183191987e-07	0.000125928847272713	0.000274423710208562
BX.GSR.MRCH.CD_tend2	3.27891769472711e-07	0.00011323834328399	0.000411635565312843
EN.GHG.N2O.IP.MT.CE.AR5_tend2	3.27044000356657e-07	0.000283095858209975	0.000686059275521405
SP.POP.1564.TO.ZS	3.26801356054046e-07	3.51429341226176e-05	0.000137211855104281
NY.ADJ.AEDU.GN.ZS_lag1	3.26654535884457e-07	0.000256738657618012	0.000686059275521405
NY.ADJ.DKAP.CD_isNA_rank	3.23746287976822e-07	0.000131786002959816	0.000411635565312843
NE.EXP.GNFS.KD_isNA_rank	3.18700522055715e-07	0.000141547929104988	0.000137211855104281
MS.MIL.MPRT.KD_isNA_rank	3.17674786806406e-07	0.00587472715416424	0.0028814489571899
NY.GDP.DEFL.KD.ZG	3.16238933863205e-07	0.000801454136518585	0.000548847420417124
FI.RES.TOTL.MO_ratiomax2	3.14547514661312e-07	8.29763722339582e-05	0.000137211855104281
BX.GSR.TOTL.CD_ratiomax2	3.03521183620403e-07	0.000911763901959023	0.000411635565312843
IS.AIR.DPRT_tend2	3.0272908431113e-07	0.000210857604735706	0.000686059275521405
NY.ADJ.DKAP.GN.ZS	3.02592951277785e-07	0.000147405084792091	0.000411635565312843
SE.SEC.ENRL_lag1	3.0139911731189e-07	0.000111285958054956	0.000274423710208562
DT.NFL.UNDP.CD_isNA_rank	2.99344472238287e-07	0.000243071961014772	0.000823271130625686
SP.POP.3034.FE.5Y_delta1	2.98175956788796e-07	0.000602310843157085	0.000960482985729967
TX.VAL.MRCH.R2.ZS	2.97958519567728e-07	0.000802430329133102	0.00109769484083425
NE.IMP.GNFS.CN_lag1	2.97455371225836e-07	0.000130809810345299	0.000274423710208562
DC.DAC.DEUL.CD_ratioavg2	2.97329627305818e-07	0.00057302506472157	0.000823271130625686
EN.POP.DNST_tend2	2.96815359999476e-07	0.00042561997992948	0.000548847420417124
SP.DYN.LE00.FE.IN_delta1	2.96347133189048e-07	0.000548620249358642	0.000823271130625686
NY.GDP.MKTP.CD_isNA_rank	2.95957361194059e-07	0.000752644505792727	0.00137211855104281
DT.NFL.UNDP.CD_tend2	2.93361932484132e-07	0.00021280998996474	0.000411635565312843
NY.ADJ.DMIN.GN.ZS_lag1	2.92639241767256e-07	0.000167905129696951	0.000548847420417124
TX.VAL.MMTL.ZS.UN_delta1	2.85618792498504e-07	0.000428548557773031	0.000686059275521405
NV.AGR.TOTL.CD_delta1	2.82959499977276e-07	0.000463691491895649	0.000548847420417124
NY.GDP.PCAP.KD_lag1	2.80960684242173e-07	0.000716525379055592	0.000274423710208562
AG.LND.CROP.ZS_max2	2.807394154139e-07	0.000502739196476335	0.000548847420417124
MS.MIL.MPRT.KD_max2	2.79336262810596e-07	0.000479310573727923	0.000823271130625686
PA.NUS.ATLS_delta1	2.7745775954263e-07	0.000215738567808291	0.000548847420417124
SE.SEC.ENRR.MA_rank	2.75864705179496e-07	0.000324095948019696	0.000274423710208562
TM.VAL.MRCH.RS.ZS_lag1	2.7555383249858e-07	0.000481262958956958	0.000548847420417124
NE.TRD.GNFS.ZS_isNA_rank	2.75398387476284e-07	0.000237214805327669	0.000274423710208562
TX.VAL.TRVL.ZS.WT_isNA_rank	2.75228277235487e-07	0.00377884161079591	0.00260702524698134
FP.CPI.TOTL.ZG_lag1	2.72193952677514e-07	0.000891263857054163	0.000960482985729967
FM.LBL.BMNY.GD.ZS_ratioavg2	2.70591716003531e-07	0.000333857874164867	0.000686059275521405
AG.CON.FERT.ZS_max2	2.69699984962325e-07	0.000115190728513024	0.000274423710208562
DC.DAC.CECL.CD	2.69517419487088e-07	0.000522263048766678	0.000686059275521405
SE.SEC.ENRL.GC_isNA_rank	2.68107627626778e-07	0.000125928847272713	0.000411635565312843
NE.GDI.FTOT.CD	2.65747421074957e-07	3.80715119661691e-05	0.000137211855104281
NE.CON.PRVT.KD_ratioavg2	2.61153082572874e-07	1.75714670613088e-05	0.000137211855104281
NE.CON.PRVT.ZS_lag1	2.60949241619333e-07	0.000127881232501747	0.000548847420417124
MS.MIL.XPND.GD.ZS_avg2	2.6036624824226e-07	0.000410977090711723	0.000686059275521405
EN.GHG.CO2.IC.MT.CE.AR5_ratioavg2	2.59403117664007e-07	0.00303693522376287	0.0028814489571899
DC.DAC.TOTL.CD_delta1	2.56966632526404e-07	0.00133055053358688	0.000960482985729967
AG.LND.CROP.ZS_tend2	2.54662510447582e-07	7.5166831317821e-05	0.000411635565312843
BX.GRT.TECH.CD.WD_ratioavg2	2.53739503365058e-07	0.000276262509908355	0.000411635565312843
BX.GSR.TRVL.ZS_lag1	2.51628405354882e-07	0.0004324533282311	0.000686059275521405
EG.ELC.NUCL.ZS_max2	2.51382072795127e-07	0.000607191806229671	0.000274423710208562
DC.DAC.TOTL.CD_max2	2.45865394290518e-07	2.05000449048603e-05	0.000137211855104281
EN.URB.LCTY.UR.ZS_tend2	2.45226576979841e-07	0.000376810349203622	0.000823271130625686
AG.PRD.LVSK.XD_ratioavg2	2.44526186778088e-07	4.88096307258578e-05	0.000274423710208562
DC.DAC.GBRL.CD_tend2	2.44406952375092e-07	0.000876620967836406	0.00109769484083425
NY.ADJ.DFOR.GN.ZS_isNA_rank	2.44357435427808e-07	0.000276262509908355	0.000686059275521405
BX.GSR.CMCP.ZS_ratioavg2	2.4305958145819e-07	0.000309453058801938	0.000548847420417124
NY.ADJ.NNTY.CD_lag1	2.40829949839244e-07	0.000341667415081005	0.000137211855104281
NY.ADJ.NNTY.CD_delta1	2.38010170464213e-07	0.000163024166624365	0.000548847420417124
BX.GSR.TOTL.CD_ratioavg2	2.36938542470153e-07	0.00121633599768838	0.000823271130625686
NY.GDP.FCST.CD	2.35750394793049e-07	7.71192165468553e-05	0.000137211855104281
BX.GRT.EXTA.CD.WD_tend2	2.35044220292898e-07	0.000492001077716646	0.000960482985729967
NE.GDI.TOTL.ZS_rank	2.33671813497062e-07	5.95477494855465e-05	0.000137211855104281
NE.EXP.GNFS.CD_isNA_rank	2.32294877375559e-07	7.80954091613724e-05	0.000411635565312843
FM.LBL.BMNY.GD.ZS_ratiomax2	2.32079860463326e-07	0.000111285958054956	0.000274423710208562
TM.VAL.FOOD.ZS.UN_delta1	2.31749827061824e-07	0.000164976551853399	0.000548847420417124
FM.AST.PRVT.GD.ZS_isNA_rank	2.30605463708218e-07	0.00136862204555305	0.00137211855104281
TX.VAL.MANF.ZS.UN_isNA_rank	2.29981510870805e-07	0.00353674584239566	0.00178375411635565
MS.MIL.XPND.GD.ZS_ratioavg2	2.29198578344365e-07	0.000193286137674397	0.000411635565312843
IS.AIR.DPRT_isNA_rank	2.25839089848129e-07	0.000144476506948539	0.000548847420417124
EN.GHG.CH4.IC.MT.CE.AR5_tend2	2.25733543927895e-07	4.68572454968235e-05	0.000137211855104281
NY.GNP.ATLS.CD_lag1	2.24970236180734e-07	0.000324095948019696	0.000137211855104281
DC.DAC.GBRL.CD_rank	2.24043761294673e-07	0.0013940030535305	0.000960482985729967
NE.CON.PRVT.CD_min2	2.21385242247588e-07	0.000328976911092281	0.000137211855104281
TM.VAL.FOOD.ZS.UN	2.20305156975152e-07	3.22143562790661e-05	0.000137211855104281
BX.GSR.TRAN.ZS_isNA_rank	2.18968857893135e-07	9.56668762226812e-05	0.000411635565312843
FI.RES.XGLD.CD_ratioavg2	2.18562618738072e-07	0.000540810708442504	0.000960482985729967
TM.VAL.MRCH.R6.ZS	2.17481272775365e-07	0.000657953822184563	0.000823271130625686
SM.POP.NETM_rank	2.16428255295304e-07	4.78334381113406e-05	0.000137211855104281
NV.IND.MANF.KD_lag1	2.14904546392388e-07	3.1238163664549e-05	0.000137211855104281
EN.URB.LCTY.UR.ZS_delta1	2.14880598996034e-07	4.68572454968235e-05	0.000274423710208562
SP.DYN.IMRT.MA.IN_lag1	2.12057560579804e-07	0.00065209666649746	0.000274423710208562
NV.SRV.TOTL.CD	2.12013499329974e-07	0.000109333572825921	0.000274423710208562
SE.SEC.ENRL.GC.FE.ZS	2.1068878162114e-07	0.000544715478900573	0.000548847420417124
IS.AIR.GOOD.MT.K1_delta1	2.10679920368276e-07	0.000341667415081005	0.000823271130625686
NV.IND.MANF.ZS_delta1	2.07236438225731e-07	0.00125635989488358	0.000686059275521405
NE.TRD.GNFS.ZS_lag1	2.06457362583001e-07	0.000866859041691234	0.000823271130625686
EG.ELC.NUCL.ZS_ratioavg2	2.04786128579675e-07	5.6619171641995e-05	0.000274423710208562
BX.PEF.TOTL.CD.WD_min2	2.0342619719126e-07	0.000524215433995713	0.00123490669593853
NV.IND.MANF.ZS	2.00904549004338e-07	0.00102597843785753	0.00123490669593853
BX.GSR.FCTY.CD_ratiomax2	2.00443292109969e-07	5.46667864129607e-05	0.000274423710208562
NE.CON.GOVT.ZS_min2	1.99910608602264e-07	0.000639406162508737	0.000548847420417124
NV.IND.TOTL.KD_delta1	1.98667643530859e-07	0.000130809810345299	0.000411635565312843
BM.GSR.CMCP.ZS_rank	1.98358508721053e-07	0.000209881412121188	0.000137211855104281
SP.POP.2529.FE.5Y_delta1	1.97998908324977e-07	0.00171028946063406	0.00150933040614709
NV.SRV.TOTL.KD_isNA_rank	1.97208285979571e-07	0.001593146346892	0.00123490669593853
TX.VAL.MRCH.AL.ZS_lag1	1.96433093566186e-07	9.85954540662327e-05	0.000411635565312843
NV.IND.TOTL.CN	1.96254194752168e-07	9.56668762226812e-05	0.000411635565312843
DC.DAC.FRAL.CD_ratioavg2	1.95998786717736e-07	0.000400238971952034	0.000823271130625686
BM.KLT.DINV.WD.GD.ZS_avg2	1.95205697172862e-07	0.000178643248456639	0.000411635565312843
BX.KLT.DINV.WD.GD.ZS_delta1	1.94584547927293e-07	0.000229405264411532	0.000411635565312843
NY.GDP.DEFL.ZS_delta1	1.9255547235246e-07	0.000820001796194411	0.000960482985729967
BX.PEF.TOTL.CD.WD	1.91548681597499e-07	0.000730192075658832	0.00123490669593853
SP.DYN.TO65.FE.ZS_rank	1.87882928137693e-07	4.58810528823063e-05	0.000137211855104281
NY.GDP.PCAP.KN_isNA_rank	1.86462114725363e-07	0.00076533500978145	0.000960482985729967
SP.DYN.TFRT.IN_delta1	1.85649035938045e-07	0.000972287844059087	0.000548847420417124
DC.DAC.CECL.CD_ratiomax2	1.85522898730272e-07	9.17621057646126e-05	0.000137211855104281
BM.GSR.MRCH.CD_ratioavg2	1.84219354451533e-07	0.000135690773417885	0.000548847420417124
AG.LND.AGRI.K2_max2	1.82808101419771e-07	1.56190818322745e-05	0.000137211855104281
TM.VAL.MRCH.HI.ZS_delta1	1.82787553788672e-07	6.93096756307181e-05	0.000411635565312843
AG.SRF.TOTL.K2_delta1	1.82178271718767e-07	0.000341667415081005	0.000137211855104281
DT.ODA.ODAT.GN.ZS_ratiomax2	1.81004190412991e-07	0.000216714760422809	0.000548847420417124
SP.POP.3034.FE.5Y_rank	1.78609485998566e-07	0.000117143113742059	0.000274423710208562
BG.GSR.NFSV.GD.ZS_isNA_rank	1.77730029972925e-07	0.000144476506948539	0.000411635565312843
BM.TRF.PWKR.CD.DT_ratioavg2	1.77612194410019e-07	0.000209881412121188	0.000823271130625686
BX.GSR.TRVL.ZS_ratioavg2	1.76586409117132e-07	0.000454905758364995	0.000960482985729967
AG.LND.CROP.ZS_min2	1.76498300857833e-07	3.90477045806862e-05	0.000274423710208562
FM.AST.NFRG.CN_rank	1.75851031608397e-07	0.00012690503988723	0.000274423710208562
AG.LND.AGRI.K2_delta1	1.74364443312674e-07	6.2476327329098e-05	0.000274423710208562
TM.VAL.MRCH.R2.ZS	1.71663500845156e-07	0.000241119575785737	0.000548847420417124
SP.POP.0509.FE.5Y_lag1	1.71020894039548e-07	0.00227355259921046	0.000960482985729967
TM.VAL.MRCH.R4.ZS_lag1	1.67530170101893e-07	0.000449048602677892	0.000548847420417124
BM.GSR.TRVL.ZS_max2	1.65967730430737e-07	2.14762375193774e-05	0.000137211855104281
SH.MMR.RISK	1.64507362704609e-07	2.63572005919632e-05	0.000137211855104281
NV.AGR.TOTL.KD_isNA_rank	1.63830735512858e-07	0.000680406252318458	0.000823271130625686
TM.VAL.MRCH.R5.ZS_rank	1.62340754673842e-07	9.95716466807499e-05	0.000137211855104281
AG.LND.CROP.ZS_rank	1.61556334160568e-07	0.000209881412121188	0.000411635565312843
MS.MIL.XPND.CD_isNA_rank	1.61050387164021e-07	0.00051835827830861	0.000686059275521405
NV.IND.MANF.CD_delta1	1.5984898930012e-07	0.00030554828834387	0.000548847420417124
NY.GDP.MKTP.KD.ZG_isNA_rank	1.597310294724e-07	0.00040511993502462	0.00109769484083425
SH.DTH.IMRT_delta1	1.5951129205455e-07	0.00021964333826636	0.000548847420417124
DC.DAC.CANL.CD_delta1	1.58593974131767e-07	5.27144011839264e-05	0.000137211855104281
EN.GHG.CH4.MT.CE.AR5_lag1	1.57895849767215e-07	0.000102500224524301	0.000137211855104281
SE.PRM.ENRR.FE	1.57707744561593e-07	8.29763722339582e-05	0.000411635565312843
EN.GHG.CH4.TR.MT.CE.AR5_ratiomax2	1.55963401447922e-07	3.51429341226176e-05	0.000274423710208562
BM.GSR.GNFS.CD_isNA_rank	1.55085740258666e-07	0.00024014338317122	0.000548847420417124
BX.KLT.DINV.WD.GD.ZS_isNA_rank	1.55049692907271e-07	0.000381691312276208	0.000960482985729967
SE.SEC.DURS_rank	1.55001091875698e-07	0.000268452968992218	0.000686059275521405
SP.POP.0004.MA.5Y	1.51830286358278e-07	0.00120852645677224	0.000548847420417124
NE.RSB.GNFS.CD_rank	1.51348261371785e-07	0.000164976551853399	0.000137211855104281
IT.MLT.MAIN.P2	1.50323356560214e-07	9.56668762226812e-05	0.000411635565312843
NE.EXP.GNFS.CD_lag1	1.49840775393874e-07	0.000279191087751907	0.000274423710208562
EN.GHG.CO2.FE.MT.CE.AR5_tend2	1.49833906780645e-07	5.95477494855465e-05	0.000137211855104281
DC.DAC.TOTL.CD_ratioavg2	1.493566003477e-07	0.000578882220408673	0.000686059275521405
AG.LND.ARBL.HA.PC_max2	1.48950911944788e-07	0.000738977809189487	0.000274423710208562
DC.DAC.GBRL.CD_ratioavg2	1.47418793540212e-07	0.00083757326325572	0.000960482985729967
IS.AIR.DPRT_min2	1.47061090221282e-07	1.8547659675826e-05	0.000137211855104281
BX.GSR.GNFS.CD_ratioavg2	1.464405358097e-07	0.000272357739450286	0.000411635565312843
FS.AST.PRVT.GD.ZS_isNA_rank	1.46108263440872e-07	0.00460958152575001	0.00233260153677278
AG.LND.AGRI.ZS_delta1	1.45515985824831e-07	7.02858682452352e-05	0.000274423710208562
BX.GRT.TECH.CD.WD_ratiomax2	1.44354305866444e-07	0.000498834426018267	0.000411635565312843
DC.DAC.TOTL.CD_isNA_rank	1.414551121488e-07	0.00132469337789978	0.000960482985729967
AG.PRD.CREL.MT_delta1	1.40470922724434e-07	0.000451000987906926	0.000548847420417124
MS.MIL.MPRT.KD	1.40344956334476e-07	0.00020597664166312	0.000548847420417124
TM.VAL.OTHR.ZS.WT	1.40266875322307e-07	0.000451977180521443	0.000686059275521405
NV.IND.TOTL.KD	1.40262675268942e-07	9.95716466807499e-05	0.000137211855104281
AG.CON.FERT.ZS_rank	1.38403037576077e-07	0.000167905129696951	0.000274423710208562
BX.TRF.PWKR.CD.DT_ratioavg2	1.38342180428738e-07	0.000178643248456639	0.000548847420417124
NE.CON.TOTL.CD_ratioavg2	1.36827312584585e-07	6.63810977871666e-05	0.000274423710208562
NY.GDP.PETR.RT.ZS_isNA_rank	1.35344180183825e-07	2.44048153629289e-05	0.000137211855104281
NV.AGR.TOTL.KD.ZG_rank	1.30141898969029e-07	0.000467596262353718	0.000686059275521405
EN.GHG.N2O.IC.MT.CE.AR5_avg2	1.29940509492505e-07	2.34286227484117e-05	0.000137211855104281
SE.SEC.ENRL.GC.FE.ZS_delta1	1.29785799070409e-07	0.000929335369020332	0.000960482985729967
EN.URB.LCTY_ratioavg2	1.27625474363108e-07	0.000232333842255083	0.000686059275521405
BX.PEF.TOTL.CD.WD_isNA_rank	1.24895936767468e-07	0.000354357919069727	0.000686059275521405
AG.PRD.LVSK.XD_min2	1.24120956282212e-07	0.00553403593169776	0.00260702524698134
TM.VAL.MRCH.R3.ZS_lag1	1.24073052331946e-07	0.000359238882142313	0.000274423710208562
DC.DAC.TOTL.CD_ratiomax2	1.24011216542748e-07	2.34286227484117e-05	0.000137211855104281
BX.GSR.GNFS.CD_isNA_rank	1.22659535496886e-07	0.000389500853192345	0.000960482985729967
NV.IND.TOTL.KD.ZG_lag1	1.2256758360289e-07	0.000423667594700446	0.000686059275521405
SP.DYN.LE00.MA.IN_delta1	1.2235586976372e-07	0.000854168537702511	0.00109769484083425
BX.GRT.TECH.CD.WD	1.2048441584457e-07	4.49048602677892e-05	0.000137211855104281
NV.AGR.TOTL.ZS_delta1	1.18505063923904e-07	0.000604263228386119	0.00123490669593853
BM.GSR.TOTL.CD_ratioavg2	1.17886049973485e-07	0.00193871853243107	0.00123490669593853
DT.ODA.ALLD.KD_lag1	1.16808660332553e-07	0.00024014338317122	0.000274423710208562
NY.GDS.TOTL.ZS_lag1	1.15605440551882e-07	0.00144378887687087	0.000548847420417124
EN.GHG.CO2.PI.MT.CE.AR5_max2	1.14742761792087e-07	2.24524301338946e-05	0.000137211855104281
NV.IND.TOTL.KD.ZG	1.14437877688311e-07	0.000318238792332593	0.000411635565312843
EG.USE.ELEC.KH.PC	1.13794547790433e-07	0.000587667953939328	0.000686059275521405
DC.DAC.JPNL.CD_tend2	1.13752654237172e-07	0.000401215164566551	0.000548847420417124
MS.MIL.MPRT.KD_min2	1.11995963157929e-07	0.000427572365158514	0.000823271130625686
FD.AST.PRVT.GD.ZS_delta1	1.10785790206538e-07	0.000599382265313534	0.000411635565312843
DC.DAC.FRAL.CD_tend2	1.10673877808963e-07	0.000561310753347365	0.000686059275521405
DC.DAC.CANL.CD_min2	1.10595209373808e-07	5.36905937984436e-05	0.000137211855104281
FS.AST.CGOV.GD.ZS_avg2	1.0974497259947e-07	7.80954091613724e-05	0.000274423710208562
EN.URB.LCTY.UR.ZS_ratioavg2	1.09591491302492e-07	0.0011724073300351	0.00164654226125137
SP.POP.1564.MA.ZS_delta1	1.06516760142744e-07	1.8547659675826e-05	0.000137211855104281
BM.GSR.CMCP.ZS_tend2	1.05137437877559e-07	0.000716525379055592	0.00109769484083425
BX.GSR.NFSV.CD	1.02443714615473e-07	5.07620159548921e-05	0.000274423710208562
SE.SEC.ENRL.GC_rank	1.01257980986834e-07	0.000306524480958387	0.000274423710208562
SP.POP.4549.FE.5Y_delta1	1.01131296584364e-07	0.000172786092769537	0.000686059275521405
EG.USE.ELEC.KH.PC_avg2	1.0052696292521e-07	0.00088540670136706	0.000548847420417124
DC.DAC.CANL.CD_ratiomax2	1.00432056663092e-07	4.58810528823063e-05	0.000137211855104281
SP.DYN.CBRT.IN_delta1	1.0036835317933e-07	0.000321167370176144	0.000686059275521405
BX.TRF.PWKR.CD.DT_min2	1.00142864730752e-07	0.000138619351261436	0.000411635565312843
NY.ADJ.DMIN.CD_isNA_rank	9.92264504902811e-08	0.000239167190556703	0.000411635565312843
NE.RSB.GNFS.CD_lag1	9.87432475794764e-08	0.000680406252318458	0.000411635565312843
NY.ADJ.DNGY.CD_isNA_rank	9.76517932575534e-08	0.000690168178463629	0.00109769484083425
NY.GDP.COAL.RT.ZS_delta1	9.73738358473001e-08	0.000615001347145808	0.000823271130625686
DC.DAC.FRAL.CD_delta1	9.66981442964736e-08	0.000293833976969664	0.000548847420417124
MS.MIL.XPND.CD_lag1	9.66256302300018e-08	0.000114214535898507	0.000274423710208562
NY.GDP.PCAP.CN	9.63808720781679e-08	0.000243071961014772	0.000548847420417124
NV.AGR.TOTL.CN_isNA_rank	9.59336436185294e-08	0.000239167190556703	0.000548847420417124
BX.GRT.TECH.CD.WD_tend2	9.56057036718267e-08	0.000287976821282561	0.000411635565312843
EN.GHG.N2O.PI.MT.CE.AR5_tend2	9.5476023556048e-08	0.000861978078618648	0.000686059275521405
BG.GSR.NFSV.GD.ZS_lag1	9.54189257724003e-08	0.000278214895137389	0.000823271130625686
SP.POP.5559.FE.5Y_rank	9.37220624728881e-08	0.000415858053784308	0.000274423710208562
pre_covid_rank	9.36508195661933e-08	0.00285536339746268	0.00178375411635565
crisis_2008_rank	9.35674020269467e-08	0.00096447830314295	0.000823271130625686
TM.VAL.MRCH.R1.ZS_lag1	9.31466700396285e-08	0.0041195328332624	0.00192096597145993
TM.VAL.MRCH.AL.ZS	9.23848752301829e-08	0.000379738927047174	0.000548847420417124
TX.VAL.FOOD.ZS.UN_isNA_rank	9.23564647224276e-08	0.00065209666649746	0.000411635565312843
NE.CON.TOTL.CD_lag1	9.13256750867088e-08	0.000335810259393902	0.000137211855104281
SE.PRM.ENRL.FE.ZS	9.11646513898109e-08	0.000191333752445363	0.000686059275521405
TM.VAL.MRCH.R6.ZS_isNA_rank	9.08586457500422e-08	0.000311405444030973	0.000548847420417124
NY.GDP.MKTP.KN_isNA_rank	9.05689122874486e-08	0.000313357829260007	0.000686059275521405
SH.IMM.MEAS	9.04988931145624e-08	0.000263572005919632	0.000137211855104281
IS.AIR.GOOD.MT.K1_isNA_rank	8.97696150026933e-08	2.92857784355147e-05	0.000137211855104281
NE.GDI.TOTL.ZS_delta1	8.96925090443191e-08	0.000257714850232529	0.000823271130625686
NE.CON.TOTL.KD_tend2	8.96051873790361e-08	0.000107381187596887	0.000411635565312843
EN.GHG.CO2.PC.CE.AR5_ratioavg2	8.8775943216605e-08	0.00147014607746284	0.00150933040614709
NY.ADJ.DRES.GN.ZS	8.87166552514786e-08	0.000164976551853399	0.000686059275521405
NE.RSB.GNFS.CD_isNA_rank	8.76059078813982e-08	0.000544715478900573	0.000960482985729967
EN.GHG.CH4.AG.MT.CE.AR5_tend2	8.6604001791901e-08	0.000193286137674397	0.000548847420417124
EN.GHG.CO2.FE.MT.CE.AR5_lag1	8.63065501483134e-08	5.27144011839264e-05	0.000274423710208562
NE.CON.PRVT.CD_tend2	8.60219981119694e-08	0.000141547929104988	0.000411635565312843
TM.VAL.MRCH.AL.ZS_lag1	8.58954149073866e-08	0.000556429790274779	0.000686059275521405
SE.PRM.DURS_rank	8.36662745408264e-08	0.000169857514925985	0.000137211855104281
NE.EXP.GNFS.KD.ZG_lag1	8.32539351370915e-08	0.000453929565750477	0.00109769484083425
NE.CON.TOTL.KD_ratioavg2	8.28291378367985e-08	6.54049051726494e-05	0.000274423710208562
EN.GHG.CH4.TR.MT.CE.AR5_ratioavg2	8.27695832165271e-08	0.000372905578745553	0.000686059275521405
EN.GHG.N2O.WA.MT.CE.AR5	8.15096250457555e-08	5.07620159548921e-05	0.000274423710208562
BM.GSR.TRAN.ZS_rank	8.1303845148601e-08	1.95238522903431e-05	0.000137211855104281
EN.GHG.CH4.WA.MT.CE.AR5_ratioavg2	8.07190703529023e-08	4.97858233403749e-05	0.000274423710208562
SG.LAW.INDX_rank	8.03080879588638e-08	6.15001347145808e-05	0.000274423710208562
SP.POP.0014.TO.ZS_delta1	8.02876217319585e-08	0.000200119485976017	0.000411635565312843
BX.GSR.NFSV.CD_delta1	8.01438154196375e-08	0.00127685993978844	0.000686059275521405
AG.LND.AGRI.ZS	7.97783486503934e-08	0.000677477674474906	0.000548847420417124
FD.AST.PRVT.GD.ZS_ratioavg2	7.97646549966714e-08	0.000712620608597524	0.000823271130625686
EN.GHG.ALL.PC.CE.AR5_ratioavg2	7.84772598783701e-08	0.000121047884200127	0.000548847420417124
TM.VAL.MANF.ZS.UN	7.82640360690825e-08	0.0012348836573642	0.00137211855104281
EN.GHG.CH4.MT.CE.AR5_ratioavg2	7.81628453060091e-08	0.000431477135616583	0.000411635565312843
EN.GHG.CO2.RT.GDP.KD	7.81209697249243e-08	0.000168881322311468	0.000411635565312843
AG.PRD.FOOD.XD_min2	7.7940866360964e-08	0.000760454046708864	0.000823271130625686
TX.VAL.MRCH.R1.ZS_delta1	7.7593008471894e-08	0.00143695552856925	0.00109769484083425
ER.H2O.INTR.K3	7.68525948663706e-08	4.19762824242377e-05	0.000137211855104281
AG.LND.CREL.HA_delta1	7.56960078394905e-08	0.000208905219506671	0.000411635565312843
BX.TRF.CURR.CD_avg2	7.56845901287648e-08	0.0004324533282311	0.000823271130625686
BX.TRF.PWKR.DT.GD.ZS	7.53570686741449e-08	8.68811426920269e-05	0.000274423710208562
SP.POP.1564.MA.ZS	7.44625375040793e-08	3.70953193516519e-05	0.000137211855104281
TX.VAL.MRCH.AL.ZS_delta1	7.39193534831662e-08	0.000561310753347365	0.000960482985729967
DT.ODA.ALLD.CD_ratioavg2	7.34097373467368e-08	3.90477045806862e-05	0.000137211855104281
NY.ADJ.DNGY.GN.ZS_isNA_rank	7.33228108182111e-08	3.22143562790661e-05	0.000274423710208562
SG.LAW.INDX_delta1	7.20487105694678e-08	0.000313357829260007	0.000137211855104281
BX.GSR.TRVL.ZS_delta1	7.09971151316642e-08	0.00134226484496109	0.00123490669593853
BM.GSR.MRCH.CD_ratiomax2	7.01164965737181e-08	0.000803406521747619	0.000548847420417124
AG.PRD.FOOD.XD	6.84222823945603e-08	0.00256836276879464	0.00137211855104281
IT.CEL.SETS.P2_delta1	6.81595102514902e-08	0.0008649066564622	0.000823271130625686
EN.GHG.CO2.IP.MT.CE.AR5_ratioavg2	6.71340607279458e-08	0.000803406521747619	0.00123490669593853
EN.GHG.N2O.IC.MT.CE.AR5	6.69321169518092e-08	1.65952744467916e-05	0.000137211855104281
BX.GSR.TOTL.CD_isNA_rank	6.68759771439849e-08	0.00196507573302303	0.00164654226125137
SP.POP.0509.MA.5Y_delta1	6.67146407167951e-08	0.000384619890119759	0.000274423710208562
NE.CON.TOTL.KD.ZG_lag1	6.63454378787881e-08	0.000318238792332593	0.000548847420417124
AG.LND.AGRI.ZS_min2	6.62400907106689e-08	0.000435381906074651	0.000411635565312843
post_crisis_lag1	6.60060963755714e-08	0.000134714580803367	0.000137211855104281
NE.EXP.GNFS.KD	6.59723788918217e-08	2.73333932064804e-05	0.000137211855104281
FS.AST.CGOV.GD.ZS_max2	6.58019697362064e-08	1.65952744467916e-05	0.000137211855104281
DT.ODA.ODAT.PC.ZS_isNA_rank	6.50157042586006e-08	0.000983025962818776	0.000686059275521405
NE.CON.PRVT.KD_tend2	6.43930986989582e-08	5.07620159548921e-05	0.000274423710208562
NE.CON.TOTL.CD_avg2	6.39569903727088e-08	0.000289929206511595	0.000137211855104281
DC.DAC.TOTL.CD	6.38643630807032e-08	0.000749715927949176	0.000548847420417124
NE.DAB.TOTL.CD	6.3701496894388e-08	0.000329953103706799	0.000137211855104281
TX.VAL.TRAN.ZS.WT_isNA_rank	6.25458556077471e-08	0.00231260030379114	0.00178375411635565
AG.LND.ARBL.ZS_min2	6.21151858558476e-08	0.000150333662635642	0.000411635565312843
BM.GSR.INSF.ZS_isNA_rank	6.18397534579257e-08	0.000231357649640566	0.000411635565312843
SE.ENR.PRIM.FM.ZS_isNA_rank	6.18274511171066e-08	5.46667864129607e-05	0.000274423710208562
FD.AST.PRVT.GD.ZS_isNA_rank	6.10798400089707e-08	0.00033288168155035	0.000686059275521405
SP.POP.4549.MA.5Y_delta1	6.09313632327749e-08	0.000286024436053527	0.000548847420417124
SH.MMR.RISK.ZS_lag1	6.06744815180161e-08	2.34286227484117e-05	0.000137211855104281
FS.AST.PRVT.GD.ZS_tend2	6.01710058777568e-08	0.000182548018914708	0.000548847420417124
BM.TRF.PWKR.CD.DT_isNA_rank	5.90568738342767e-08	0.00108747857257211	0.000960482985729967
FD.AST.PRVT.GD.ZS_lag1	5.88857392026777e-08	0.000386572275348794	0.000686059275521405
TM.VAL.MRCH.OR.ZS_lag1	5.83444771870197e-08	0.000400238971952034	0.000411635565312843
YearsSinceFirst_rank	5.83159054062982e-08	0.000104452609753336	0.000274423710208562
EN.GHG.CH4.BU.MT.CE.AR5_ratioavg2	5.82275843703436e-08	0.000879549545679957	0.000548847420417124
NY.ADJ.DKAP.CD_rank	5.70876556135266e-08	4.78334381113406e-05	0.000137211855104281
TX.VAL.MANF.ZS.UN_delta1	5.70337021305002e-08	0.00065209666649746	0.000686059275521405
DC.DAC.TOTL.CD_tend2	5.68823641827624e-08	0.00159509873212103	0.00123490669593853
NE.CON.TOTL.KD.ZG_avg2	5.65539358194473e-08	0.000110309765440439	0.000411635565312843
EN.GHG.CO2.TR.MT.CE.AR5_delta1	5.61409490152793e-08	0.000553501212431227	0.000548847420417124
NV.IND.TOTL.KD.ZG_isNA_rank	5.57384387365812e-08	0.000562286945961882	0.00109769484083425
EG.USE.PCAP.KG.OE	5.54986032843733e-08	0.00057985841302319	0.000548847420417124
EN.GHG.N2O.PI.MT.CE.AR5_delta1	5.53964588584613e-08	6.44287125581323e-05	0.000274423710208562
AG.LND.ARBL.ZS_ratiomax2	5.49055469079795e-08	7.90716017758896e-05	0.000274423710208562
TX.VAL.MMTL.ZS.UN_rank	5.48475054710913e-08	0.000655025244341011	0.000411635565312843
DT.ODA.ALLD.CD_tend2	5.47841700611914e-08	0.00106893091289629	0.00109769484083425
NY.ADJ.DMIN.GN.ZS_delta1	5.42632368222412e-08	3.02619710500318e-05	0.000137211855104281
high_inflation_rank	5.4135923711253e-08	0.000207929026892154	0.000548847420417124
PA.NUS.ATLS_lag1	5.31108756747888e-08	2.73333932064804e-05	0.000137211855104281
PA.NUS.ATLS_rank	5.29047379607367e-08	2.44048153629289e-05	0.000137211855104281
BX.PEF.TOTL.CD.WD_delta1	5.28253281256913e-08	0.000386572275348794	0.000411635565312843
FP.CPI.TOTL_tend2	5.27246623418033e-08	0.00018547659675826	0.000137211855104281
DC.DAC.CECL.CD_avg2	5.25830837072756e-08	0.000129833617730782	0.000137211855104281
EG.ELC.NGAS.ZS_tend2	5.24612056197412e-08	0.000307500673572904	0.000548847420417124
SH.DTH.IMRT	5.21248452439551e-08	0.000297738747427733	0.000137211855104281
EN.GHG.CO2.MT.CE.AR5_tend2	5.20878773543458e-08	0.000782906476842759	0.000411635565312843
IS.AIR.PSGR_rank	5.19121472302874e-08	3.02619710500318e-05	0.000137211855104281
AG.LND.ARBL.HA.PC_avg2	5.13838294665296e-08	0.000726287305200764	0.000274423710208562
in_recession_rank	5.08308677223419e-08	0.000243071961014772	0.000274423710208562
SP.POP.80UP.MA.5Y_delta1	5.05980608807671e-08	1.8547659675826e-05	0.000137211855104281
SH.IMM.IDPT_delta1	5.05921367278434e-08	0.000457834336208546	0.000960482985729967
EG.ELC.NGAS.ZS_ratioavg2	5.05131716527752e-08	0.000112262150669473	0.000274423710208562
EN.GHG.N2O.IC.MT.CE.AR5_ratioavg2	4.95749893198496e-08	8.68811426920269e-05	0.000411635565312843
SM.POP.RHCR.EA_lag1	4.95669475797202e-08	0.000228429071797014	0.000137211855104281
TX.VAL.MRCH.R6.ZS_lag1	4.92309896854777e-08	7.22382534742695e-05	0.000274423710208562
NE.IMP.GNFS.KD_rank	4.91036379331555e-08	0.000299691132656767	0.000137211855104281
FS.AST.CGOV.GD.ZS_rank	4.89274430998859e-08	0.000175714670613088	0.000411635565312843
ER.FSH.PROD.MT_tend2	4.87001385688896e-08	0.000183524211529225	0.000137211855104281
NE.CON.GOVT.CD_lag1	4.85886953512388e-08	0.000320191177561627	0.000137211855104281
NE.CON.GOVT.ZS_lag1	4.84520307747507e-08	0.000399262779337517	0.000411635565312843
IS.AIR.GOOD.MT.K1	4.72180737519891e-08	3.1238163664549e-05	0.000137211855104281
NE.GDI.FTOT.CD_isNA_rank	4.71255556610512e-08	0.000241119575785737	0.000411635565312843
DC.DAC.JPNL.CD_max2	4.69486700605666e-08	0.000232333842255083	0.000548847420417124
EN.GHG.CO2.IP.MT.CE.AR5_tend2	4.66042375635469e-08	0.00057302506472157	0.000960482985729967
EN.GHG.N2O.AG.MT.CE.AR5_tend2	4.56075431839561e-08	0.000138619351261436	0.000411635565312843
TM.VAL.INSF.ZS.WT_rank	4.51788480170611e-08	0.000148381277406608	0.000411635565312843
EN.GHG.CH4.MT.CE.AR5_ratiomax2	4.50869272237807e-08	0.000186452789372777	0.000274423710208562
BM.GSR.INSF.ZS_max2	4.48998281929711e-08	0.000220619530880877	0.000548847420417124
NE.CON.GOVT.ZS_tend2	4.4547318442175e-08	0.000361191267371348	0.000548847420417124
NE.CON.GOVT.ZS_max2	4.38391474457191e-08	0.000403167549795585	0.000411635565312843
EN.GHG.N2O.AG.MT.CE.AR5_ratiomax2	4.23916185159022e-08	0.000335810259393902	0.000411635565312843
BX.TRF.CURR.CD_min2	4.21463941356768e-08	0.000258691042847046	0.000137211855104281
BM.GSR.FCTY.CD_ratiomax2	4.17085325156241e-08	0.000387548467963311	0.000274423710208562
DC.DAC.DEUL.CD	4.15478441939849e-08	0.000118119306356576	0.000274423710208562
TX.VAL.MMTL.ZS.UN	4.04155621304915e-08	0.000245024346243806	0.000411635565312843
DT.ODA.ODAT.PC.ZS_min2	4.01029143365315e-08	5.56429790274779e-05	0.000274423710208562
IS.AIR.PSGR_delta1	3.99732535740584e-08	0.000162047974009848	0.000274423710208562
TX.VAL.MMTL.ZS.UN_lag1	3.99696624450645e-08	0.000492977270331164	0.00123490669593853
TM.VAL.MRCH.AL.ZS_delta1	3.99255420736831e-08	0.00208709980983768	0.00150933040614709
TX.VAL.MRCH.HI.ZS_lag1	3.93149084381752e-08	1.95238522903431e-05	0.000137211855104281
TX.VAL.AGRI.ZS.UN_isNA_rank	3.90142073569555e-08	0.000738977809189487	0.000548847420417124
DT.ODA.ODAT.PC.ZS_delta1	3.89798245522583e-08	0.000379738927047174	0.000548847420417124
DC.DAC.CANL.CD_max2	3.87300733350224e-08	7.90716017758896e-05	0.000274423710208562
Country_Code	3.85411819936532e-08	6.83334830162009e-05	0.000137211855104281
NE.RSB.GNFS.ZS_delta1	3.84664395822481e-08	0.000314334021874524	0.000686059275521405
NV.SRV.TOTL.KD_delta1	3.84092595879668e-08	0.000184500404143742	0.000274423710208562
SP.POP.TOTL.FE.ZS	3.8334466031663e-08	5.95477494855465e-05	0.000137211855104281
NE.IMP.GNFS.KD.ZG_lag1	3.78567385659354e-08	9.17621057646126e-05	0.000137211855104281
SH.DYN.MORT.MA	3.68084134335647e-08	2.14762375193774e-05	0.000137211855104281
AG.YLD.CREL.KG_max2	3.65053520286364e-08	0.000154238433093711	0.000274423710208562
SP.POP.TOTL.MA.ZS_delta1	3.61773369803933e-08	0.000146428892177573	0.000411635565312843
EN.GHG.CO2.RT.GDP.KD_delta1	3.57854478354625e-08	8.68811426920269e-05	0.000274423710208562
EN.URB.MCTY.TL.ZS_ratioavg2	3.52068509858014e-08	0.000176690863227605	0.000686059275521405
DC.DAC.FRAL.CD_rank	3.49073073198835e-08	0.000143500314334022	0.000274423710208562
AG.PRD.LVSK.XD	3.4858370651942e-08	0.0022530525543056	0.00192096597145993
TX.VAL.MRCH.R1.ZS_rank	3.46823019481043e-08	4.97858233403749e-05	0.000274423710208562
EN.GHG.CO2.FE.MT.CE.AR5_ratiomax2	3.44941039925369e-08	4.29524750387548e-05	0.000137211855104281
SP.POP.1564.FE.ZS_lag1	3.40453119512838e-08	2.92857784355147e-05	0.000137211855104281
BX.PEF.TOTL.CD.WD_tend2	3.40253120246062e-08	8.10239870049239e-05	0.000274423710208562
FI.RES.TOTL.MO_rank	3.36082406247349e-08	0.000146428892177573	0.000411635565312843
SG.LAW.INDX_lag1	3.35907655754615e-08	0.000125928847272713	0.000137211855104281
BG.GSR.NFSV.GD.ZS_delta1	3.34057826848261e-08	9.56668762226812e-05	0.000274423710208562
EN.GHG.CO2.IP.MT.CE.AR5	3.32908544679182e-08	0.00012690503988723	0.000137211855104281
SP.POP.TOTL.FE.ZS_rank	3.32857057265296e-08	0.000207929026892154	0.000274423710208562
DT.ODA.ODAT.CD_isNA_rank	3.3216737683882e-08	0.00087857335306544	0.00123490669593853
TM.VAL.MMTL.ZS.UN	3.31104382328045e-08	0.000323119755405179	0.000411635565312843
BM.GSR.TRVL.ZS_ratioavg2	3.30454459074015e-08	0.00127197897671585	0.000823271130625686
EG.USE.ELEC.KH.PC_max2	3.2862278396751e-08	0.000549596441973159	0.000274423710208562
demographic_pressure_delta1	3.26895359653302e-08	8.98097205355783e-05	0.000411635565312843
EN.URB.MCTY.TL.ZS	3.25820249605896e-08	0.000153262240479193	0.000548847420417124
SP.POP.6064.MA.5Y_lag1	3.25021108476868e-08	0.000422691402085928	0.000274423710208562
BX.GSR.CMCP.ZS_max2	3.24709859647931e-08	0.000391453238421379	0.000823271130625686
EN.GHG.CO2.BU.MT.CE.AR5_delta1	3.24631981326377e-08	0.00014057173649047	0.000411635565312843
BX.GSR.TRAN.ZS_delta1	3.23015300547417e-08	0.000155214625708228	0.000274423710208562
NE.GDI.FTOT.ZS_lag1	3.16312902043063e-08	0.000420739016856894	0.000686059275521405
NE.CON.PRVT.KD.ZG_rank	3.10564404698687e-08	9.46906836081641e-05	0.000137211855104281
DC.DAC.CANL.CD_rank	3.10543986917512e-08	3.41667415081004e-05	0.000137211855104281
NE.TRD.GNFS.ZS_delta1	3.09116752350475e-08	0.000112262150669473	0.000274423710208562
EN.GHG.N2O.BU.MT.CE.AR5_ratiomax2	3.08960674980452e-08	8.49287574629925e-05	0.000274423710208562
AG.LND.AGRI.ZS_ratioavg2	3.07774533503166e-08	0.000182548018914708	0.000274423710208562
NY.GDP.PCAP.KD.ZG_delta1	3.07721496200706e-08	0.00177178959534864	0.00164654226125137
NY.ADJ.DKAP.GN.ZS_isNA_rank	3.07148522928601e-08	0.000225500493953463	0.000411635565312843
DT.ODA.ALLD.KD_tend2	3.04827920296308e-08	0.000374857963974588	0.000548847420417124
BM.KLT.DINV.CD.WD_isNA_rank	3.04727936854182e-08	0.000112262150669473	0.000274423710208562
ER.H2O.INTR.PC_tend2	3.04419113116501e-08	0.000462715299281132	0.000411635565312843
SP.POP.3034.MA.5Y_delta1	3.03118706235858e-08	0.000170833707540502	0.000548847420417124
NY.GDP.FCST.CD_delta1	3.02586067152928e-08	3.70953193516519e-05	0.000137211855104281
BM.GSR.NFSV.CD_isNA_rank	2.95912333369764e-08	0.000289929206511595	0.000686059275521405
BX.KLT.DINV.CD.WD_ratioavg2	2.94563986214083e-08	0.000191333752445363	0.000548847420417124
NV.IND.MANF.KD_delta1	2.93738774154705e-08	0.000320191177561627	0.000823271130625686
NY.GDP.PCAP.KN_rank	2.92136129051138e-08	4.00238971952034e-05	0.000137211855104281
NY.GNP.PCAP.CD_isNA_rank	2.90610052426007e-08	0.000399262779337517	0.000823271130625686
IS.AIR.GOOD.MT.K1_min2	2.90297275021993e-08	2.24524301338946e-05	0.000137211855104281
NY.GDP.PCAP.KD_delta1	2.88795515073927e-08	0.00012007169158561	0.000411635565312843
SP.DYN.TO65.MA.ZS_delta1	2.83462529872152e-08	0.000186452789372777	0.000274423710208562
BM.GSR.CMCP.ZS_ratiomax2	2.82758115234759e-08	0.000217690953037326	0.000411635565312843
NE.EXP.GNFS.CN	2.79283831026357e-08	0.000907859131500955	0.00123490669593853
NY.ADJ.DMIN.GN.ZS	2.78561692341567e-08	0.000388524660577828	0.000686059275521405
BX.GSR.TRVL.ZS_min2	2.74380343682041e-08	0.00064526331819584	0.000823271130625686
DT.ODA.ODAT.KD_delta1	2.73661695913315e-08	0.000134714580803367	0.000137211855104281
clase_isNA_rank	2.7328059598079e-08	0.000179619441071157	0.000548847420417124
NE.IMP.GNFS.ZS_isNA_rank	2.72865494272939e-08	0.000404143742410102	0.000686059275521405
TM.VAL.OTHR.ZS.WT_delta1	2.68063905049958e-08	0.000473453418040821	0.000823271130625686
DC.DAC.GBRL.CD_lag1	2.66380925113038e-08	0.000150333662635642	0.000411635565312843
BX.GSR.TRAN.ZS_ratiomax2	2.66044134468205e-08	8.98097205355783e-05	0.000274423710208562
FP.CPI.TOTL.ZG_rank	2.6327291520683e-08	7.32144460887867e-05	0.000274423710208562
TM.VAL.AGRI.ZS.UN_lag1	2.62418981647529e-08	0.000480286766342441	0.000548847420417124
NE.RSB.GNFS.ZS_rank	2.62273506555795e-08	0.0001991432933615	0.000274423710208562
EG.ELC.COAL.ZS_delta1	2.61100366062293e-08	3.51429341226176e-05	0.000274423710208562
BX.KLT.DINV.CD.WD_delta1	2.60859644771893e-08	9.66430688371984e-05	0.000137211855104281
NY.GDP.COAL.RT.ZS	2.60286053520793e-08	2.14762375193774e-05	0.000137211855104281
NV.IND.TOTL.CN_lag1	2.52577904562873e-08	6.73572904016837e-05	0.000274423710208562
NY.GDP.MKTP.KD.ZG_lag1	2.51242102052872e-08	0.000334834066779384	0.000411635565312843
DT.ODA.ALLD.CD_ratiomax2	2.51023570587332e-08	9.85954540662327e-05	0.000137211855104281
trade_balance_ratio_lag1	2.49746872780408e-08	0.00137057443078209	0.000960482985729967
BG.GSR.NFSV.GD.ZS_ratioavg2	2.48081056180982e-08	5.85715568710293e-05	0.000274423710208562
AG.LND.ARBL.ZS_max2	2.46683405635892e-08	5.56429790274779e-05	0.000274423710208562
NY.ADJ.DRES.GN.ZS_isNA_rank	2.46045214409837e-08	0.00125245512442551	0.00109769484083425
SP.POP.1564.FE.ZS	2.45825083245104e-08	7.71192165468553e-05	0.000274423710208562
FI.RES.TOTL.CD_ratioavg2	2.44908051431667e-08	0.00155214625708228	0.0021953896816685
NV.SRV.TOTL.ZS_lag1	2.44897187200996e-08	2.63572005919632e-05	0.000137211855104281
NE.IMP.GNFS.CN_isNA_rank	2.4452851726821e-08	0.000384619890119759	0.000686059275521405
BX.TRF.CURR.CD_max2	2.43944859541852e-08	5.36905937984436e-05	0.000274423710208562
post_crisis_rank	2.39910861343233e-08	0.000873692389992854	0.00109769484083425
NY.GDP.FCST.CN_lag1	2.39909389356368e-08	2.14762375193774e-05	0.000137211855104281
BM.TRF.PWKR.CD.DT_tend2	2.34554351799296e-08	0.000193286137674397	0.000411635565312843
IS.AIR.DPRT_ratioavg2	2.34205138983312e-08	0.000722382534742695	0.000823271130625686
NE.IMP.GNFS.KD_isNA_rank	2.3399180049029e-08	8.98097205355783e-05	0.000274423710208562
EN.GHG.ALL.MT.CE.AR5_tend2	2.27990650319583e-08	0.000102500224524301	0.000137211855104281
BX.GSR.CMCP.ZS	2.27842691394857e-08	0.000187428981987294	0.000686059275521405
SP.DYN.TO65.FE.ZS_delta1	2.25823517552e-08	0.000364119845214899	0.000823271130625686
NE.CON.TOTL.KD.ZG_isNA_rank	2.23866863630074e-08	0.000915668672417092	0.000548847420417124
NE.CON.PRVT.ZS_delta1	2.23670447395275e-08	2.5381007977446e-05	0.000137211855104281
TX.VAL.SERV.CD.WT_isNA_rank	2.22672655321824e-08	0.00143207456549667	0.00137211855104281
NY.ADJ.DKAP.CD_delta1	2.22612533517644e-08	0.0006315966215926	0.000686059275521405
MS.MIL.XPND.GD.ZS_min2	2.12262016861272e-08	0.00011323834328399	0.000274423710208562
SE.PRM.ENRR_rank	2.11975574744944e-08	2.34286227484117e-05	0.000137211855104281
IS.AIR.PSGR_ratioavg2	2.10960051135169e-08	0.000816097025736342	0.000823271130625686
BG.GSR.NFSV.GD.ZS_ratiomax2	2.10282613182289e-08	2.05000449048603e-05	0.000137211855104281
TX.VAL.AGRI.ZS.UN_delta1	2.10137417539745e-08	0.000172786092769537	0.000548847420417124
NE.CON.PRVT.ZS_max2	2.08960553955476e-08	0.000178643248456639	0.000411635565312843
BX.KLT.DINV.CD.WD_isNA_rank	2.05289686464924e-08	0.00151016997465804	0.00178375411635565
TM.VAL.SERV.CD.WT_isNA_rank	2.0511805660371e-08	0.000941049680394538	0.00137211855104281
TM.VAL.TRVL.ZS.WT_isNA_rank	2.04282198581806e-08	0.00142621740980956	0.00137211855104281
NY.GDP.MINR.RT.ZS_lag1	2.03587204980493e-08	0.000160095588780814	0.000686059275521405
BM.GSR.FCTY.CD_isNA_rank	2.01039959947372e-08	0.000149357470021125	0.000411635565312843
NE.IMP.GNFS.CN	1.95220217076933e-08	0.000181571826300191	0.000548847420417124
DT.ODA.ALLD.KD_ratioavg2	1.93361197930258e-08	5.95477494855465e-05	0.000137211855104281
DC.DAC.FRAL.CD_isNA_rank	1.92431694753469e-08	0.000388524660577828	0.000548847420417124
NE.IMP.GNFS.KD_lag1	1.92051824557295e-08	0.00029871494004225	0.000137211855104281
FS.AST.CGOV.GD.ZS_tend2	1.91874792227246e-08	0.000726287305200764	0.00150933040614709
EN.GHG.ALL.PC.CE.AR5	1.90796444645783e-08	0.000118119306356576	0.000274423710208562
NE.CON.PRVT.KD.ZG_delta1	1.89398587624622e-08	2.73333932064804e-05	0.000137211855104281
DT.ODA.ALLD.CD_delta1	1.88943920993697e-08	0.000119095498971093	0.000137211855104281
TX.VAL.MRCH.R6.ZS_rank	1.86750519102722e-08	4.19762824242377e-05	0.000137211855104281
EN.GHG.N2O.FE.MT.CE.AR5_tend2	1.86230812044697e-08	0.00291393495433371	0.00233260153677278
SP.URB.GROW_lag1	1.85418585105008e-08	0.000428548557773031	0.000411635565312843
IT.MLT.MAIN_delta1	1.84384074647298e-08	0.000288953013897078	0.000548847420417124
ER.FSH.AQUA.MT_ratioavg2	1.83336987433112e-08	0.00036021507475683	0.000960482985729967
AG.LND.CREL.HA_ratioavg2	1.73283571684609e-08	7.61430239323381e-05	0.000274423710208562
EN.GHG.CH4.WA.MT.CE.AR5_avg2	1.72664260082323e-08	7.71192165468553e-05	0.000274423710208562
EG.USE.PCAP.KG.OE_ratioavg2	1.72571181663776e-08	0.000365096037829416	0.000548847420417124
TM.VAL.MRCH.AL.ZS_rank	1.72326889775314e-08	7.61430239323381e-05	0.000274423710208562
SP.POP.80UP.FE.5Y_delta1	1.71126508083018e-08	0.00177764675103574	0.000686059275521405
BX.KLT.DINV.WD.GD.ZS_avg2	1.7045400466166e-08	0.000350453148611659	0.000823271130625686
AG.LND.CROP.ZS_avg2	1.6838358635037e-08	6.83334830162009e-05	0.000137211855104281
TM.VAL.MRCH.R4.ZS_delta1	1.67795541699308e-08	6.05239421000637e-05	0.000274423710208562
TM.VAL.FUEL.ZS.UN	1.67535454659985e-08	4.78334381113406e-05	0.000274423710208562
FI.RES.TOTL.CD_tend2	1.66393142354006e-08	0.000891263857054163	0.00150933040614709
EG.ELC.PETR.ZS_delta1	1.66052481573249e-08	0.000168881322311468	0.000411635565312843
BX.TRF.CURR.CD_lag1	1.65253594007382e-08	0.000344595992924556	0.000274423710208562
EN.GHG.N2O.BU.MT.CE.AR5_min2	1.64891531700858e-08	1.65952744467916e-05	0.000137211855104281
DC.DAC.CECL.CD_ratioavg2	1.64664300730163e-08	3.1238163664549e-05	0.000137211855104281
NE.CON.TOTL.KD.ZG_max2	1.6347301958909e-08	0.000143500314334022	0.000274423710208562
NE.CON.PRVT.KD.ZG_ratioavg2	1.62627435461367e-08	0.000227452879182497	0.000548847420417124
EN.GHG.N2O.MT.CE.AR5_tend2	1.61392347299045e-08	0.000196214715517948	0.000411635565312843
NE.RSB.GNFS.ZS_isNA_rank	1.60500557088521e-08	0.000448072410063374	0.000823271130625686
SP.DYN.IMRT.MA.IN	1.60207672230385e-08	0.000288953013897078	0.000137211855104281
TM.VAL.MRCH.WR.ZS	1.60194136635114e-08	0.000403167549795585	0.000823271130625686
SP.POP.3539.MA.5Y	1.60031818333123e-08	2.92857784355147e-05	0.000137211855104281
TX.VAL.MRCH.R6.ZS_delta1	1.593588362201e-08	0.00108747857257211	0.00123490669593853
BM.KLT.DINV.CD.WD_max2	1.58509153266882e-08	0.000308476866187421	0.000274423710208562
DC.DAC.USAL.CD_rank	1.5625273499009e-08	0.00085807330816058	0.000686059275521405
AG.LND.ARBL.ZS_lag1	1.56246560316114e-08	5.75953642565122e-05	0.000274423710208562
NY.GNP.ATLS.CD_delta1	1.55092506322237e-08	4.10000898097205e-05	0.000137211855104281
DC.DAC.USAL.CD_min2	1.53828334155625e-08	6.05239421000637e-05	0.000274423710208562
TX.VAL.OTHR.ZS.WT_lag1	1.52521986349859e-08	0.00137252681601112	0.000686059275521405
SE.PRM.ENRR.MA_delta1	1.51785168124649e-08	8.88335279210612e-05	0.000274423710208562
BM.GSR.INSF.ZS_avg2	1.49625188312859e-08	0.000527144011839264	0.000411635565312843
DC.DAC.DEUL.CD_ratiomax2	1.46783569590312e-08	6.34525199436151e-05	0.000137211855104281
TM.VAL.AGRI.ZS.UN_delta1	1.42653555564623e-08	0.000136666966032402	0.000274423710208562
BX.GSR.TRVL.ZS_isNA_rank	1.42279393000722e-08	0.000132762195574333	0.000411635565312843
NE.CON.TOTL.KD.ZG_ratiomax2	1.41929561943383e-08	3.31905488935833e-05	0.000137211855104281
NY.GDP.FCST.CD_isNA_rank	1.40714276744034e-08	0.00177959913626477	0.00205817782656422
TX.VAL.MRCH.RS.ZS_delta1	1.40409857279507e-08	0.00013373838818885	0.000137211855104281
NV.IND.TOTL.KD.ZG_rank	1.4025706214754e-08	0.000294810169584181	0.000686059275521405
NY.GDS.TOTL.ZS_isNA_rank	1.40050808627859e-08	0.000359238882142313	0.000686059275521405
IT.MLT.MAIN_isNA_rank	1.38736258667285e-08	0.000201095678590534	0.000686059275521405
FM.AST.NFRG.CN_isNA_rank	1.38358419824854e-08	0.000243071961014772	0.000548847420417124
NY.GDP.TOTL.RT.ZS_isNA_rank	1.38174364028895e-08	0.00065209666649746	0.000823271130625686
EN.GHG.N2O.TR.MT.CE.AR5_ratioavg2	1.34987967980266e-08	0.00515624938987962	0.00233260153677278
EN.GHG.CH4.BU.MT.CE.AR5_delta1	1.34976968086479e-08	0.000348500763382625	0.000686059275521405
DC.DAC.CECL.CD_isNA_rank	1.34834862126532e-08	0.000328976911092281	0.000686059275521405
SP.DYN.TO65.MA.ZS_rank	1.33710854917364e-08	8.98097205355783e-05	0.000274423710208562
SE.SEC.ENRL_rank	1.32542090462253e-08	1.8547659675826e-05	0.000137211855104281
TM.VAL.MRCH.R1.ZS_delta1	1.32461712217953e-08	0.00262693432566567	0.00205817782656422
ER.FSH.CAPT.MT_ratiomax2	1.30518405305571e-08	0.000734096846116901	0.000411635565312843
NE.CON.PRVT.KD.ZG_isNA_rank	1.30167853362271e-08	9.17621057646126e-05	0.000274423710208562
TX.VAL.MRCH.HI.ZS_delta1	1.29035655111047e-08	0.000533977360140884	0.000960482985729967
EN.GHG.N2O.AG.MT.CE.AR5	1.27553128445891e-08	0.000116166921127542	0.000137211855104281
TM.VAL.MANF.ZS.UN_isNA_rank	1.27402472912376e-08	0.000687239600620078	0.000548847420417124
EN.GHG.N2O.AG.MT.CE.AR5_ratioavg2	1.24989315254078e-08	1.95238522903431e-05	0.000137211855104281
FM.LBL.BMNY.GD.ZS_delta1	1.23952807424286e-08	0.000172786092769537	0.000411635565312843
NV.SRV.TOTL.KD.ZG_lag1	1.23324380166428e-08	0.000447096217448857	0.000411635565312843
NV.SRV.TOTL.ZS	1.2326474653005e-08	0.000428548557773031	0.000960482985729967
FS.AST.CGOV.GD.ZS_isNA_rank	1.22769921789925e-08	0.000505667774319887	0.000823271130625686
BX.PEF.TOTL.CD.WD_lag1	1.19407491086505e-08	0.000479310573727923	0.000686059275521405
FI.RES.TOTL.MO	1.19211222606342e-08	0.000373881771360071	0.000548847420417124
NE.CON.GOVT.ZS_ratioavg2	1.14477559700695e-08	0.000740930194418521	0.000686059275521405
EN.URB.MCTY.TL.ZS_delta1	1.14163941163114e-08	0.00010640499498237	0.000411635565312843
NE.EXP.GNFS.ZS_delta1	1.13514794087081e-08	0.000149357470021125	0.000411635565312843
NY.GDP.MKTP.CN	1.12377597395856e-08	8.00477943904068e-05	0.000274423710208562
DC.DAC.GBRL.CD_avg2	1.10136313345354e-08	6.2476327329098e-05	0.000137211855104281
BM.GSR.CMCP.ZS_isNA_rank	1.09557765619105e-08	0.000260643428076081	0.000548847420417124
EN.GHG.CH4.TR.MT.CE.AR5_delta1	1.09042103855308e-08	0.000270405354221252	0.000411635565312843
SE.PRM.ENRR.FE_isNA_rank	1.08780106047166e-08	0.000157167010937262	0.000274423710208562
BM.GSR.NFSV.CD_lag1	1.08603048999206e-08	0.000350453148611659	0.000274423710208562
BM.GSR.INSF.ZS_lag1	1.08295658733239e-08	0.000165952744467916	0.000686059275521405
BX.GSR.FCTY.CD_delta1	1.07348830460938e-08	0.000242095768400255	0.000274423710208562
AG.YLD.CREL.KG_tend2	1.05158853121842e-08	0.000107381187596887	0.000274423710208562
EN.GHG.N2O.TR.MT.CE.AR5_delta1	1.03829981571422e-08	0.000171809900155019	0.000411635565312843
BM.KLT.DINV.WD.GD.ZS_tend2	1.02350895686887e-08	4.00238971952034e-05	0.000137211855104281
EG.ELC.PETR.ZS	1.00817513604278e-08	0.00032604833324873	0.000411635565312843
BX.GRT.TECH.CD.WD_isNA_rank	9.97128532792135e-09	0.000779977898999207	0.000823271130625686
EN.GHG.N2O.TR.MT.CE.AR5_tend2	9.93505180949529e-09	0.000387548467963311	0.000274423710208562
SE.SEC.ENRL.GC.FE.ZS_rank	9.8417824639855e-09	0.000273333932064804	0.000137211855104281
SP.DYN.IMRT.MA.IN_delta1	9.59839567207236e-09	0.0013032171403804	0.000548847420417124
NY.GDP.TOTL.RT.ZS	9.56607271574069e-09	0.000401215164566551	0.000548847420417124
TM.VAL.MANF.ZS.UN_lag1	9.51377339204844e-09	0.000188405174601811	0.000548847420417124
MS.MIL.MPRT.KD_tend2	9.49627316839209e-09	0.000250881501930909	0.000411635565312843
DC.DAC.CECL.CD_rank	9.43110809184245e-09	0.000162047974009848	0.000274423710208562
EN.GHG.N2O.IP.MT.CE.AR5_ratiomax2	9.37226304863494e-09	1.56190818322745e-05	0.000137211855104281
DC.DAC.GBRL.CD_isNA_rank	9.29512403809797e-09	0.000102500224524301	0.000274423710208562
MS.MIL.MPRT.KD_delta1	9.22564969118656e-09	1.56190818322745e-05	0.000137211855104281
BX.GSR.NFSV.CD_tend2	9.22469457069712e-09	0.000107381187596887	0.000274423710208562
NE.IMP.GNFS.CN_rank	9.20420158604465e-09	0.000115190728513024	0.000274423710208562
NY.GDP.MKTP.KN_lag1	9.18209687525187e-09	5.36905937984436e-05	0.000137211855104281
FD.AST.PRVT.GD.ZS_tend2	9.12864772005574e-09	0.000213786182579257	0.000823271130625686
EN.GHG.CH4.TR.MT.CE.AR5_max2	9.05190025821243e-09	3.31905488935833e-05	0.000137211855104281
NY.GDP.DEFL.ZS_rank	8.94825888015771e-09	0.000119095498971093	0.000411635565312843
TX.VAL.MRCH.R2.ZS_delta1	8.92184951245092e-09	0.000435381906074651	0.000823271130625686
BM.GSR.TRVL.ZS_isNA_rank	8.83539731981622e-09	0.00074483496487659	0.000823271130625686
TM.VAL.MMTL.ZS.UN_lag1	8.75916151997025e-09	0.00159021776904845	0.000686059275521405
NV.IND.TOTL.KD.ZG_delta1	8.72743090397141e-09	0.00020597664166312	0.000686059275521405
IT.MLT.MAIN_tend2	8.67278714346566e-09	0.000200119485976017	0.000548847420417124
MS.MIL.XPND.GD.ZS_lag1	8.59576338073312e-09	0.000345572185539073	0.000548847420417124
NE.CON.PRVT.KD_delta1	8.49800397836377e-09	4.00238971952034e-05	0.000137211855104281
NE.IMP.GNFS.ZS_lag1	8.47367542770641e-09	0.000108357380211404	0.000274423710208562
EN.GHG.CH4.WA.MT.CE.AR5	8.3614289035745e-09	6.05239421000637e-05	0.000274423710208562
DT.ODA.ODAT.CD_tend2	8.26014362400859e-09	0.000311405444030973	0.000411635565312843
FS.AST.PRVT.GD.ZS_ratiomax2	8.19274087911966e-09	7.12620608597524e-05	0.000137211855104281
BM.GSR.CMCP.ZS_lag1	8.17750446172804e-09	7.22382534742695e-05	0.000274423710208562
IT.CEL.SETS_tend2	8.08732105427343e-09	0.00243071961014772	0.00123490669593853
SM.POP.RHCR.EA_rank	8.08371747557239e-09	9.95716466807499e-05	0.000137211855104281
EN.GHG.CO2.IC.MT.CE.AR5_tend2	8.05834753442026e-09	0.000735073038731418	0.00109769484083425
BM.GSR.TRAN.ZS_isNA_rank	8.0048515619899e-09	8.88335279210612e-05	0.000274423710208562
IS.AIR.PSGR_ratiomax2	7.90968467552243e-09	3.1238163664549e-05	0.000137211855104281
DT.ODA.ODAT.GN.ZS_avg2	7.81141642776071e-09	3.41667415081004e-05	0.000137211855104281
DC.DAC.JPNL.CD_lag1	7.80080327534048e-09	3.22143562790661e-05	0.000137211855104281
EN.GHG.CO2.PI.MT.CE.AR5_ratioavg2	7.68681800353958e-09	0.000799501751289551	0.000960482985729967
TM.VAL.INSF.ZS.WT_delta1	7.68090744554479e-09	0.00107088329812532	0.00123490669593853
FS.AST.PRVT.GD.ZS_delta1	7.67798067877745e-09	0.000294810169584181	0.000411635565312843
SP.POP.4044.MA.5Y_delta1	7.66573968672533e-09	0.000615001347145808	0.000686059275521405
IS.AIR.DPRT	7.55099043136262e-09	0.000205000449048603	0.000274423710208562
SH.IMM.MEAS_lag1	7.53855568200015e-09	0.000168881322311468	0.000137211855104281
BX.GSR.TRVL.ZS_rank	7.53495762375739e-09	1.95238522903431e-05	0.000137211855104281
EN.GHG.N2O.IP.MT.CE.AR5_max2	7.52997343356583e-09	1.56190818322745e-05	0.000137211855104281
SP.POP.3034.MA.5Y_lag1	7.36767957838183e-09	9.46906836081641e-05	0.000137211855104281
NE.CON.TOTL.KD_delta1	7.34700741448918e-09	7.22382534742695e-05	0.000274423710208562
TM.VAL.FOOD.ZS.UN_rank	7.20458735405219e-09	0.00011323834328399	0.000274423710208562
DC.DAC.FRAL.CD_ratiomax2	7.182505750789e-09	0.000606215613615154	0.000548847420417124
DC.DAC.GBRL.CD_ratiomax2	7.08268058324721e-09	0.000355334111684245	0.000274423710208562
NE.RSB.GNFS.CN_lag1	7.03379864327074e-09	0.000356310304298762	0.000274423710208562
EG.ELC.COAL.ZS_min2	7.02766531323329e-09	3.1238163664549e-05	0.000137211855104281
SE.SEC.ENRR_rank	6.96235144104641e-09	3.02619710500318e-05	0.000137211855104281
NY.ADJ.DNGY.GN.ZS_delta1	6.815600387908e-09	0.000173762285384054	0.000411635565312843
TM.VAL.MRCH.WL.CD_delta1	6.7785063363842e-09	4.88096307258578e-05	0.000137211855104281
SP.POP.1014.MA.5Y	6.77377161156414e-09	0.000173762285384054	0.000137211855104281
EG.USE.PCAP.KG.OE_lag1	6.69611112245252e-09	0.000260643428076081	0.000137211855104281
NE.GDI.TOTL.ZS	6.52732317192459e-09	0.000337762644622936	0.000274423710208562
BX.GRT.TECH.CD.WD_delta1	6.32222905467658e-09	5.27144011839264e-05	0.000137211855104281
BX.KLT.DINV.WD.GD.ZS_tend2	6.29711382856286e-09	0.000205000449048603	0.000548847420417124
BX.GRT.TECH.CD.WD_rank	6.27634981423896e-09	1.65952744467916e-05	0.000137211855104281
BX.GSR.NFSV.CD_ratioavg2	6.25488459833118e-09	0.000196214715517948	0.000548847420417124
EN.URB.LCTY.UR.ZS_ratiomax2	6.24147386331375e-09	0.000399262779337517	0.000548847420417124
NY.ADJ.DMIN.GN.ZS_rank	6.15226973629851e-09	0.000109333572825921	0.000274423710208562
BM.GSR.GNFS.CD_ratioavg2	6.14972228607613e-09	0.000691144371078146	0.000823271130625686
EN.GHG.CH4.BU.MT.CE.AR5	6.1202452588873e-09	1.56190818322745e-05	0.000137211855104281
BX.KLT.DINV.WD.GD.ZS_ratioavg2	5.99830986353008e-09	0.000104452609753336	0.000411635565312843
NV.IND.MANF.KD_rank	5.97351740322995e-09	0.00022647668656798	0.000137211855104281
AG.CON.FERT.ZS_lag1	5.93838068539561e-09	0.000122024076814644	0.000274423710208562
NE.CON.PRVT.CD_delta1	5.91867787837198e-09	4.3928667653272e-05	0.000137211855104281
SE.PRM.ENRR	5.878887671877e-09	0.00013373838818885	0.000411635565312843
NE.IMP.GNFS.KD.ZG	5.8381595415496e-09	0.000209881412121188	0.000411635565312843
crisis_impact_poor_rank	5.80036592755734e-09	0.000277238702522872	0.000274423710208562
BX.GRT.TECH.CD.WD_min2	5.59682085433968e-09	4.68572454968235e-05	0.000137211855104281
TM.VAL.MRCH.R2.ZS_lag1	5.47105057104914e-09	0.000241119575785737	0.000411635565312843
FP.CPI.TOTL.ZG_tend2	5.44674430586502e-09	0.000747763542720141	0.000823271130625686
SP.DYN.CDRT.IN_delta1	5.39477878999608e-09	0.000177667055842122	0.000274423710208562
NY.GSR.NFCY.CD_delta1	5.30246934770715e-09	0.000163024166624365	0.000274423710208562
BM.GSR.MRCH.CD_delta1	5.28058095892227e-09	0.000423667594700446	0.000411635565312843
TM.VAL.MRCH.WR.ZS_lag1	5.27310924929059e-09	9.95716466807499e-05	0.000274423710208562
AG.PRD.LVSK.XD_tend2	5.2493537262635e-09	0.000166928937082434	0.000411635565312843
NE.EXP.GNFS.KD.ZG_rank	5.23581860573624e-09	0.000189381367216328	0.000411635565312843
EN.GHG.CO2.IC.MT.CE.AR5_delta1	5.2046252360527e-09	0.00132469337789978	0.000686059275521405
DT.ODA.ODAT.GN.ZS_ratioavg2	5.06719467669115e-09	0.000112262150669473	0.000274423710208562
TM.VAL.FUEL.ZS.UN_delta1	5.06173692770869e-09	0.000307500673572904	0.000411635565312843
DT.NFL.UNDP.CD_ratioavg2	5.02219843972473e-09	0.000197190908132465	0.000548847420417124
TM.VAL.FOOD.ZS.UN_lag1	5.01948826232101e-09	0.000111285958054956	0.000411635565312843
TX.VAL.OTHR.ZS.WT_isNA_rank	4.91532815420835e-09	0.0017356704686115	0.00123490669593853
DC.DAC.TOTL.CD_avg2	4.89247008997638e-09	0.000142524121719505	0.000137211855104281
NY.GDP.PCAP.KD.ZG_rank	4.86922391519529e-09	5.75953642565122e-05	0.000274423710208562
DC.DAC.USAL.CD_lag1	4.71180694811037e-09	6.73572904016837e-05	0.000137211855104281
DC.DAC.CECL.CD_delta1	4.70186863150278e-09	0.000177667055842122	0.000137211855104281
DC.DAC.CANL.CD_isNA_rank	4.67033643467344e-09	0.000473453418040821	0.000411635565312843
SE.PRM.AGES_rank	4.58344965844463e-09	3.61191267371348e-05	0.000137211855104281
AG.LND.CREL.HA	4.39015557309586e-09	0.00013373838818885	0.000137211855104281
NY.ADJ.AEDU.GN.ZS_delta1	4.3398928633549e-09	0.00054569167151509	0.000960482985729967
AG.LND.CROP.ZS_delta1	4.3153444262851e-09	2.34286227484117e-05	0.000137211855104281
BX.KLT.DINV.CD.WD_tend2	4.30190847723815e-09	2.05000449048603e-05	0.000137211855104281
DC.DAC.CANL.CD_ratioavg2	4.24823920083442e-09	3.1238163664549e-05	0.000137211855104281
IT.MLT.MAIN_ratiomax2	4.23525420842057e-09	0.000108357380211404	0.000274423710208562
TM.VAL.INSF.ZS.WT_lag1	4.1824433387621e-09	0.000438310483918203	0.000548847420417124
BX.TRF.PWKR.DT.GD.ZS_lag1	4.16422625993837e-09	0.000169857514925985	0.000274423710208562
SH.MMR.DTHS_delta1	4.08947311182756e-09	0.000142524121719505	0.000274423710208562
FM.AST.PRVT.GD.ZS_delta1	4.08701708726566e-09	2.44048153629289e-05	0.000137211855104281
NE.CON.PRVT.ZS_avg2	4.06118073032325e-09	0.000408048512868171	0.000274423710208562
NE.CON.PRVT.CD_ratioavg2	4.04471502633839e-09	0.000141547929104988	0.000411635565312843
SE.PRM.TCHR_rank	4.03294003092776e-09	7.32144460887867e-05	0.000137211855104281
NY.GDP.PETR.RT.ZS	4.02158610078163e-09	0.000869787619534786	0.000960482985729967
MS.MIL.MPRT.KD_rank	3.99400358368615e-09	6.54049051726494e-05	0.000274423710208562
BX.GSR.TRVL.ZS_max2	3.98853607432652e-09	0.000256738657618012	0.000274423710208562
NE.IMP.GNFS.KD.ZG_isNA_rank	3.97457504864668e-09	5.17382085694093e-05	0.000137211855104281
DT.NFL.UNDP.CD_delta1	3.95889490571958e-09	0.000318238792332593	0.000548847420417124
EN.POP.DNST_delta1	3.95669893581448e-09	7.22382534742695e-05	0.000137211855104281
BM.GSR.NFSV.CD_ratioavg2	3.89835598664284e-09	8.20001796194411e-05	0.000274423710208562
BM.TRF.PWKR.CD.DT_ratiomax2	3.89325061684804e-09	2.24524301338946e-05	0.000137211855104281
IS.AIR.DPRT_delta1	3.8699889704165e-09	0.000246000538858323	0.000274423710208562
BM.TRF.PWKR.CD.DT_delta1	3.82198891451533e-09	2.34286227484117e-05	0.000137211855104281
NE.CON.PRVT.PC.KD_rank	3.81805759612245e-09	8.20001796194411e-05	0.000137211855104281
SP.POP.65UP.MA.IN_delta1	3.79242119127227e-09	4.29524750387548e-05	0.000137211855104281
NV.IND.TOTL.CD_rank	3.70088467061219e-09	4.97858233403749e-05	0.000137211855104281
EN.GHG.CH4.FE.MT.CE.AR5_avg2	3.66733077857726e-09	0.000119095498971093	0.000274423710208562
AG.LND.AGRI.K2_ratioavg2	3.64785344987018e-09	1.56190818322745e-05	0.000137211855104281
NE.RSB.GNFS.CN	3.61991972481043e-09	5.07620159548921e-05	0.000137211855104281
AG.PRD.CROP.XD_min2	3.60315958972064e-09	8.88335279210612e-05	0.000411635565312843
TX.VAL.OTHR.ZS.WT_rank	3.60271924735936e-09	0.000148381277406608	0.000274423710208562
ER.FSH.AQUA.MT_delta1	3.60208295074834e-09	2.83095858209975e-05	0.000137211855104281
NY.ADJ.DFOR.CD_delta1	3.59919948811114e-09	7.41906387033038e-05	0.000274423710208562
AG.LND.ARBL.HA.PC_tend2	3.57560795845705e-09	3.90477045806862e-05	0.000137211855104281
BM.GSR.NFSV.CD_tend2	3.51153661571667e-09	2.83095858209975e-05	0.000137211855104281
TM.VAL.TRAN.ZS.WT_rank	3.49352961352128e-09	6.44287125581323e-05	0.000274423710208562
NY.GDP.COAL.RT.ZS_rank	3.44101079625146e-09	0.000139595543875953	0.000411635565312843
year_cycle	3.37277150282109e-09	7.02858682452352e-05	0.000274423710208562
NY.ADJ.AEDU.GN.ZS	3.33227615686738e-09	0.000116166921127542	0.000274423710208562
NY.GDP.MINR.RT.ZS	3.31702880537655e-09	0.00021964333826636	0.000548847420417124
DT.ODA.ODAT.KD_isNA_rank	3.2824832685007e-09	6.05239421000637e-05	0.000137211855104281
NY.GDP.PCAP.KN_lag1	3.24931109046689e-09	7.02858682452352e-05	0.000137211855104281
TX.VAL.MRCH.R2.ZS_lag1	3.24252915046355e-09	1.65952744467916e-05	0.000137211855104281
EN.GHG.N2O.WA.MT.CE.AR5_ratioavg2	3.19693615449424e-09	0.00153359859740645	0.00150933040614709
DC.DAC.DEUL.CD_delta1	3.1496928712417e-09	0.000170833707540502	0.000411635565312843
BX.GRT.EXTA.CD.WD_delta1	3.10343241653326e-09	0.000288953013897078	0.000274423710208562
FM.AST.PRVT.GD.ZS_tend2	3.07832232764715e-09	0.000187428981987294	0.000274423710208562
NY.GNP.MKTP.CN_rank	3.07088514125938e-09	6.63810977871666e-05	0.000137211855104281
DC.DAC.JPNL.CD_isNA_rank	3.05677243743539e-09	3.41667415081004e-05	0.000137211855104281
SP.URB.TOTL_delta1	3.03128729720253e-09	0.000292857784355147	0.000411635565312843
EN.GHG.CO2.MT.CE.AR5_ratioavg2	3.02846836349112e-09	9.76192614517156e-05	0.000274423710208562
TX.VAL.MRCH.R4.ZS_delta1	2.97627268058599e-09	0.00031238163664549	0.000274423710208562
TX.VAL.MRCH.AL.ZS	2.96780684932504e-09	0.000231357649640566	0.000411635565312843
TM.VAL.FUEL.ZS.UN_isNA_rank	2.96260269783957e-09	0.000540810708442504	0.000823271130625686
NE.IMP.GNFS.KD.ZG_rank	2.94889817373401e-09	3.1238163664549e-05	0.000137211855104281
BX.GSR.CMCP.ZS_isNA_rank	2.89658845049781e-09	0.00121340741984482	0.000823271130625686
NE.CON.GOVT.ZS_isNA_rank	2.85402644491297e-09	0.00268843446038025	0.0021953896816685
SE.PRM.ENRL.FE.ZS_lag1	2.85303635729807e-09	0.000109333572825921	0.000411635565312843
BM.KLT.DINV.CD.WD_avg2	2.83518805945501e-09	7.41906387033038e-05	0.000274423710208562
NV.SRV.TOTL.KD	2.78226241423725e-09	0.000189381367216328	0.000411635565312843
SH.DYN.NMRT_delta1	2.77718343082756e-09	7.02858682452352e-05	0.000274423710208562
BX.TRF.CURR.CD_isNA_rank	2.75788488751071e-09	0.000269429161606735	0.000411635565312843
NY.GDP.TOTL.RT.ZS_rank	2.72098335708942e-09	0.000384619890119759	0.000274423710208562
SE.SEC.ENRL.GC.FE.ZS_isNA_rank	2.72017968580517e-09	3.1238163664549e-05	0.000137211855104281
NY.GSR.NFCY.CN_isNA_rank	2.70082147219047e-09	0.000506643966934404	0.000823271130625686
AG.LND.ARBL.ZS_delta1	2.68893743625053e-09	0.000401215164566551	0.000548847420417124
BM.GSR.TOTL.CD	2.66027761304279e-09	0.000129833617730782	0.000137211855104281
SP.ADO.TFRT_rank	2.61312066214474e-09	8.49287574629925e-05	0.000137211855104281
BM.KLT.DINV.CD.WD_min2	2.60712455805083e-09	0.000134714580803367	0.000274423710208562
AG.PRD.CREL.MT_max2	2.58627067222771e-09	4.78334381113406e-05	0.000137211855104281
NV.IND.TOTL.CD_delta1	2.57794652450467e-09	4.78334381113406e-05	0.000137211855104281
EN.GHG.CH4.PI.MT.CE.AR5_ratioavg2	2.55914629039124e-09	9.07859131500955e-05	0.000274423710208562
NE.CON.GOVT.CD_isNA_rank	2.55656462363443e-09	3.31905488935833e-05	0.000137211855104281
AG.LND.TOTL.K2_tend2	2.47393577578751e-09	0.000228429071797014	0.000137211855104281
NE.CON.PRVT.PC.KD_tend2	2.44617587691931e-09	0.000156190818322745	0.000274423710208562
SP.POP.GROW_rank	2.43305245920917e-09	5.17382085694093e-05	0.000274423710208562
FD.AST.PRVT.GD.ZS_min2	2.43040023053238e-09	0.000379738927047174	0.000137211855104281
TX.VAL.FUEL.ZS.UN_delta1	2.38680187542371e-09	0.000445143832219823	0.000274423710208562
DT.ODA.ODAT.PC.ZS_ratioavg2	2.36601865521462e-09	2.44048153629289e-05	0.000137211855104281
EG.ELC.FOSL.ZS	2.35845905488974e-09	0.000355334111684245	0.000137211855104281
NY.ADJ.DRES.GN.ZS_lag1	2.33470298528262e-09	8.00477943904068e-05	0.000274423710208562
TM.VAL.FUEL.ZS.UN_lag1	2.33120707441418e-09	0.000683334830162009	0.000548847420417124
BX.TRF.PWKR.CD.DT_max2	2.32650126149129e-09	0.000111285958054956	0.000137211855104281
DT.ODA.ODAT.KD_tend2	2.31881452977517e-09	0.000124952654658196	0.000137211855104281
AG.YLD.CREL.KG_rank	2.28351485988085e-09	0.000123976462043679	0.000137211855104281
SE.PRM.ENRR.FE_rank	2.24717415180163e-09	3.61191267371348e-05	0.000137211855104281
FS.AST.CGOV.GD.ZS_lag1	2.23698424596872e-09	5.6619171641995e-05	0.000274423710208562
SE.ENR.PRIM.FM.ZS_delta1	2.22094435718497e-09	0.00129247902162071	0.00123490669593853
BX.GSR.NFSV.CD_ratiomax2	2.21784128306508e-09	0.000178643248456639	0.000274423710208562
MS.MIL.MPRT.KD_ratioavg2	2.21050489103181e-09	0.000167905129696951	0.000411635565312843
MS.MIL.XPND.CD	2.19817217285636e-09	0.000147405084792091	0.000411635565312843
TX.VAL.MMTL.ZS.UN_isNA_rank	2.19257890011721e-09	0.000541786901057021	0.000411635565312843
EN.URB.MCTY.TL.ZS_ratiomax2	2.14865467961771e-09	0.000164000359238882	0.000137211855104281
IT.CEL.SETS_avg2	2.13949786126045e-09	4.10000898097205e-05	0.000137211855104281
NY.GDP.FCST.KD	2.13904482574926e-09	8.68811426920269e-05	0.000137211855104281
TX.VAL.MANF.ZS.UN_rank	2.10877684041531e-09	4.97858233403749e-05	0.000137211855104281
BX.KLT.DINV.CD.WD_max2	2.08529039530045e-09	0.000152286047864676	0.000411635565312843
SP.POP.2024.FE.5Y_rank	2.08108730357496e-09	3.51429341226176e-05	0.000137211855104281
AG.LND.AGRI.ZS_lag1	2.05827253597718e-09	0.000255762465003495	0.000274423710208562
MS.MIL.XPND.GD.ZS_tend2	2.01800285573888e-09	0.000451977180521443	0.000686059275521405
NE.RSB.GNFS.CD_delta1	1.99309071252781e-09	0.000475405803269855	0.000548847420417124
AG.CON.FERT.ZS_ratiomax2	1.98314575950168e-09	4.29524750387548e-05	0.000137211855104281
AG.PRD.CREL.MT_avg2	1.97036145878092e-09	2.92857784355147e-05	0.000137211855104281
EG.ELC.NGAS.ZS	1.95808508394877e-09	7.32144460887867e-05	0.000274423710208562
EN.GHG.CO2.FE.MT.CE.AR5_delta1	1.93861235276055e-09	3.1238163664549e-05	0.000137211855104281
BM.GSR.FCTY.CD_tend2	1.93836321471241e-09	0.000150333662635642	0.000274423710208562
EG.ELC.NUCL.ZS_tend2	1.93544142400964e-09	8.29763722339582e-05	0.000137211855104281
TX.VAL.FOOD.ZS.UN_rank	1.91067462985831e-09	0.000200119485976017	0.000137211855104281
DC.DAC.DEUL.CD_tend2	1.90479086139044e-09	0.000288953013897078	0.000411635565312843
NY.GDP.DEFL.ZS_isNA_rank	1.87965955520463e-09	0.000204024256434086	0.000274423710208562
AG.PRD.FOOD.XD_tend2	1.8508599349409e-09	0.000125928847272713	0.000548847420417124
BM.GSR.NFSV.CD_delta1	1.84297916294212e-09	3.02619710500318e-05	0.000137211855104281
NE.CON.PRVT.CD_max2	1.80805944799824e-09	0.00024697673147284	0.000137211855104281
TM.VAL.AGRI.ZS.UN_rank	1.80283490751606e-09	0.000172786092769537	0.000274423710208562
BX.PEF.TOTL.CD.WD_rank	1.77319602267664e-09	0.000117143113742059	0.000137211855104281
AG.LND.CREL.HA_lag1	1.75539858738468e-09	3.90477045806862e-05	0.000137211855104281
DT.ODA.ALLD.KD_delta1	1.71747409402384e-09	9.56668762226812e-05	0.000137211855104281
EN.GHG.CH4.AG.MT.CE.AR5_lag1	1.64326438263758e-09	2.14762375193774e-05	0.000137211855104281
SE.PRM.ENRL.FE.ZS_isNA_rank	1.6366828469824e-09	0.000316286407103558	0.000548847420417124
AG.LND.CROP.ZS_ratioavg2	1.60986448749543e-09	2.63572005919632e-05	0.000137211855104281
TM.VAL.MRCH.OR.ZS_rank	1.58790673739265e-09	3.61191267371348e-05	0.000137211855104281
BM.GSR.MRCH.CD_tend2	1.51019191760156e-09	0.000443191446990789	0.000274423710208562
TX.VAL.TRAN.ZS.WT_lag1	1.41605959781146e-09	0.00019230994505988	0.000274423710208562
DT.NFL.UNDP.CD	1.40067282156371e-09	9.46906836081641e-05	0.000274423710208562
TM.VAL.TRAN.ZS.WT_lag1	1.34163084463505e-09	0.000110309765440439	0.000137211855104281
MS.MIL.MPRT.KD_lag1	1.34038756059579e-09	0.00021280998996474	0.000411635565312843
TX.VAL.MRCH.WR.ZS_delta1	1.33651428954848e-09	0.000363143652600382	0.000411635565312843
SP.POP.0004.MA.5Y_lag1	1.33218921997867e-09	0.000429524750387548	0.000411635565312843
FS.AST.PRVT.GD.ZS_ratioavg2	1.32736775197113e-09	0.000197190908132465	0.000274423710208562
TX.VAL.AGRI.ZS.UN	1.30496385295318e-09	0.000160095588780814	0.000411635565312843
EN.GHG.CO2.IP.MT.CE.AR5_delta1	1.30011331251011e-09	0.000436358098689169	0.000823271130625686
BX.GRT.EXTA.CD.WD_min2	1.23585816677484e-09	2.44048153629289e-05	0.000137211855104281
IS.AIR.PSGR_tend2	1.22680545973202e-09	0.000689191985849112	0.000548847420417124
TM.VAL.MRCH.R2.ZS_rank	1.19034147068361e-09	0.000107381187596887	0.000274423710208562
EN.GHG.CO2.BU.MT.CE.AR5	1.18925835520648e-09	1.65952744467916e-05	0.000137211855104281
EN.GHG.N2O.WA.MT.CE.AR5_tend2	1.17626004966479e-09	0.000204024256434086	0.000686059275521405
NE.CON.GOVT.CD_ratioavg2	1.17616968624355e-09	0.00044612002483434	0.000823271130625686
DT.NFL.UNDP.CD_avg2	1.16796564620223e-09	0.000104452609753336	0.000274423710208562
EN.GHG.CH4.MT.CE.AR5_tend2	1.1229490202391e-09	0.000207929026892154	0.000274423710208562
BX.TRF.PWKR.CD.DT_lag1	1.11170332917979e-09	4.00238971952034e-05	0.000137211855104281
AG.LND.ARBL.HA_delta1	1.09125500448827e-09	9.17621057646126e-05	0.000137211855104281
SP.POP.3034.MA.5Y	1.08600474913358e-09	0.00022647668656798	0.000411635565312843
AG.LND.ARBL.ZS_ratioavg2	1.08528406681284e-09	4.78334381113406e-05	0.000137211855104281
EN.GHG.CO2.TR.MT.CE.AR5_tend2	1.06225065720917e-09	4.58810528823063e-05	0.000137211855104281
BX.GSR.TRAN.ZS_min2	1.06215734756541e-09	0.000139595543875953	0.000137211855104281
NV.SRV.TOTL.KD.ZG_isNA_rank	1.05716772030806e-09	2.24524301338946e-05	0.000137211855104281
TX.VAL.FUEL.ZS.UN_isNA_rank	1.02829666109764e-09	4.68572454968235e-05	0.000137211855104281
NE.CON.GOVT.ZS	1.02509235567155e-09	0.000713596801212041	0.000686059275521405
EN.GHG.CO2.BU.MT.CE.AR5_lag1	1.02181282021971e-09	0.000237214805327669	0.000274423710208562
SP.POP.GROW	1.01538826734593e-09	4.58810528823063e-05	0.000137211855104281
EN.GHG.N2O.IP.MT.CE.AR5_lag1	1.01274633311355e-09	6.05239421000637e-05	0.000137211855104281
ER.FSH.CAPT.MT_max2	1.00825179867041e-09	1.56190818322745e-05	0.000137211855104281
NE.CON.TOTL.CD_tend2	9.96031593525262e-10	6.15001347145808e-05	0.000137211855104281
TM.VAL.FUEL.ZS.UN_rank	9.89011302152548e-10	0.000166928937082434	0.000274423710208562
SE.SEC.ENRL_isNA_rank	9.43740773212756e-10	0.000112262150669473	0.000274423710208562
FS.AST.PRVT.GD.ZS	9.37653023264686e-10	0.000209881412121188	0.000548847420417124
BM.KLT.DINV.WD.GD.ZS_ratiomax2	9.32594938264294e-10	0.000285048243439009	0.000274423710208562
NY.ADJ.NNTY.PC.CD_isNA_rank	9.2730596255575e-10	7.61430239323381e-05	0.000137211855104281
NE.CON.PRVT.CD_isNA_rank	9.05518715437943e-10	0.000164000359238882	0.000274423710208562
NE.DAB.TOTL.CD_rank	8.93721766874726e-10	0.000206952834277637	0.000137211855104281
AG.LND.TOTL.K2_ratioavg2	8.88398079898746e-10	0.000164000359238882	0.000137211855104281
SP.POP.1519.MA.5Y_rank	8.81355560521777e-10	7.12620608597524e-05	0.000137211855104281
FI.RES.TOTL.MO_isNA_rank	8.35421397224276e-10	0.000400238971952034	0.000548847420417124
NE.RSB.GNFS.ZS_lag1	8.29190032592969e-10	1.95238522903431e-05	0.000137211855104281
BM.GSR.TRAN.ZS_max2	8.2782868726761e-10	4.58810528823063e-05	0.000137211855104281
EG.ELC.FOSL.ZS_tend2	8.11916646988109e-10	0.000143500314334022	0.000411635565312843
NV.IND.TOTL.KD_isNA_rank	8.11132257797931e-10	0.000307500673572904	0.000411635565312843
DT.ODA.ODAT.CD_ratiomax2	8.09236161060849e-10	2.83095858209975e-05	0.000137211855104281
EN.GHG.CO2.RT.GDP.KD_max2	8.06162379882488e-10	0.000316286407103558	0.000274423710208562
ER.FSH.AQUA.MT_tend2	7.99805090708639e-10	0.000193286137674397	0.000411635565312843
DT.ODA.ODAT.CD_ratioavg2	7.91835791485187e-10	9.46906836081641e-05	0.000137211855104281
NE.CON.GOVT.ZS_rank	7.81509434290724e-10	0.000323119755405179	0.000411635565312843
TX.VAL.TRVL.ZS.WT	7.74125109375299e-10	9.27382983791298e-05	0.000274423710208562
SE.PRM.ENRL_rank	7.73506323314395e-10	3.1238163664549e-05	0.000137211855104281
NY.GDP.MKTP.KD_delta1	7.70320122805161e-10	4.10000898097205e-05	0.000137211855104281
BX.GSR.TRAN.ZS_rank	7.62875880225389e-10	0.000341667415081005	0.000411635565312843
SP.POP.3539.FE.5Y_lag1	7.49928407563322e-10	0.000143500314334022	0.000137211855104281
TM.VAL.MANF.ZS.UN_delta1	7.36455438494902e-10	3.51429341226176e-05	0.000137211855104281
NY.GDP.TOTL.RT.ZS_delta1	7.21669522981791e-10	0.000453929565750477	0.000411635565312843
FM.AST.DOMS.CN_tend2	7.16938771017701e-10	7.12620608597524e-05	0.000137211855104281
SP.DYN.AMRT.MA_delta1	7.09917715057611e-10	0.000673572904016837	0.000686059275521405
NE.CON.TOTL.KD.ZG_ratioavg2	6.9795437058983e-10	0.000465643877124683	0.000274423710208562
MS.MIL.XPND.CD_max2	6.87863502012798e-10	3.70953193516519e-05	0.000137211855104281
TM.VAL.MRCH.R5.ZS_delta1	6.81012319377494e-10	0.000407072320253654	0.000274423710208562
SP.POP.0014.TO.ZS_lag1	6.70017372999284e-10	0.000208905219506671	0.000137211855104281
BX.GRT.TECH.CD.WD_max2	6.65076559398758e-10	2.92857784355147e-05	0.000137211855104281
SP.POP.3539.FE.5Y	6.57394665072051e-10	2.44048153629289e-05	0.000137211855104281
BX.GSR.TRVL.ZS_avg2	6.56301115226016e-10	6.63810977871666e-05	0.000274423710208562
NE.CON.TOTL.KD.ZG_tend2	6.52806771558688e-10	5.75953642565122e-05	0.000274423710208562
NY.GDS.TOTL.CD_lag1	6.35808234579918e-10	1.95238522903431e-05	0.000137211855104281
BX.GSR.FCTY.CD_lag1	6.28497779799139e-10	4.3928667653272e-05	0.000137211855104281
NE.CON.TOTL.KD	6.27866560448085e-10	5.56429790274779e-05	0.000137211855104281
NE.GDI.FTOT.CD_delta1	6.2206353215732e-10	1.8547659675826e-05	0.000137211855104281
TM.VAL.TRAN.ZS.WT_isNA_rank	6.21719797659862e-10	3.61191267371348e-05	0.000137211855104281
MS.MIL.XPND.CD_min2	6.20625028471866e-10	4.58810528823063e-05	0.000137211855104281
EN.GHG.CH4.AG.MT.CE.AR5_delta1	6.13591314342986e-10	0.000228429071797014	0.000274423710208562
SP.POP.1564.TO_delta1	6.09992686407676e-10	7.41906387033038e-05	0.000137211855104281
NE.CON.GOVT.ZS_avg2	6.02239910333587e-10	3.61191267371348e-05	0.000137211855104281
DT.ODA.ALLD.KD_isNA_rank	5.92452552258495e-10	9.27382983791298e-05	0.000274423710208562
FirstYear_rank	5.88618861179265e-10	9.66430688371984e-05	0.000137211855104281
AG.LND.ARBL.HA	5.75172197914442e-10	0.000158143203551779	0.000137211855104281
NE.CON.PRVT.KD.ZG_max2	5.64352876756903e-10	8.59049500775097e-05	0.000274423710208562
DT.ODA.ODAT.GN.ZS_rank	5.61303242547194e-10	0.000110309765440439	0.000137211855104281
EN.GHG.CO2.IC.MT.CE.AR5_ratiomax2	5.45321163449197e-10	0.00137838397169822	0.00109769484083425
NV.SRV.TOTL.ZS_rank	5.44661623498079e-10	0.000110309765440439	0.000137211855104281
BM.TRF.PWKR.CD.DT_avg2	5.42590901000948e-10	7.32144460887867e-05	0.000137211855104281
SH.STA.MMRT_delta1	5.35817196553138e-10	5.36905937984436e-05	0.000137211855104281
TX.VAL.MRCH.CD.WT_lag1	5.16084125861848e-10	4.88096307258578e-05	0.000137211855104281
IS.AIR.GOOD.MT.K1_avg2	5.03140431160937e-10	7.5166831317821e-05	0.000137211855104281
BM.GSR.INSF.ZS_ratiomax2	4.97568318252507e-10	1.8547659675826e-05	0.000137211855104281
ER.H2O.INTR.PC_ratioavg2	4.91729464295711e-10	8.39525648484754e-05	0.000274423710208562
FI.RES.XGLD.CD_isNA_rank	4.87069081855435e-10	0.0013373838818885	0.00109769484083425
NE.TRD.GNFS.ZS_rank	4.75495630178078e-10	0.000119095498971093	0.000137211855104281
AG.PRD.CROP.XD_delta1	4.68227792398263e-10	7.22382534742695e-05	0.000137211855104281
DC.DAC.USAL.CD_delta1	4.56600607219163e-10	0.000154238433093711	0.000274423710208562
EG.ELC.PETR.ZS_avg2	4.56524628222604e-10	0.000127881232501747	0.000137211855104281
NE.GDI.TOTL.ZS_lag1	4.52437993648908e-10	5.36905937984436e-05	0.000137211855104281
EG.ELC.FOSL.ZS_delta1	4.4897822077795e-10	5.17382085694093e-05	0.000137211855104281
SE.SEC.ENRL.GC_lag1	4.36900016499469e-10	0.000178643248456639	0.000274423710208562
NY.GDP.PETR.RT.ZS_delta1	4.36097532074711e-10	0.000115190728513024	0.000137211855104281
EG.ELC.FOSL.ZS_ratioavg2	4.35802411341956e-10	1.75714670613088e-05	0.000137211855104281
SP.POP.0014.MA.ZS_delta1	4.33826037927635e-10	0.000105428802367853	0.000137211855104281
NY.ADJ.NNTY.PC.CD_rank	4.32782041339288e-10	0.000361191267371348	0.000137211855104281
SH.DTH.NMRT_lag1	4.18264715876695e-10	9.07859131500955e-05	0.000137211855104281
FM.AST.DOMS.CN_isNA_rank	4.12752353915944e-10	0.00175031335782926	0.000960482985729967
EN.GHG.CH4.IC.MT.CE.AR5_ratiomax2	4.00164404037542e-10	3.90477045806862e-05	0.000137211855104281
NY.GDP.MKTP.KD.ZG	3.98710828485894e-10	0.000117143113742059	0.000274423710208562
EN.GHG.CO2.PC.CE.AR5_tend2	3.98543158971782e-10	5.6619171641995e-05	0.000137211855104281
AG.PRD.FOOD.XD_ratioavg2	3.93393483087567e-10	0.000115190728513024	0.000274423710208562
FS.AST.PRVT.GD.ZS_lag1	3.87814109097711e-10	3.22143562790661e-05	0.000137211855104281
MS.MIL.XPND.CD_rank	3.76720157711845e-10	8.29763722339582e-05	0.000274423710208562
EG.USE.ELEC.KH.PC_ratiomax2	3.75210831309653e-10	0.000287976821282561	0.000274423710208562
MS.MIL.XPND.GD.ZS_ratiomax2	3.74073724345004e-10	4.00238971952034e-05	0.000137211855104281
SP.DYN.CDRT.IN_lag1	3.67319169562731e-10	5.17382085694093e-05	0.000137211855104281
SE.TER.ENRR_isNA_rank	3.61411777593713e-10	5.07620159548921e-05	0.000274423710208562
EN.GHG.CO2.RT.GDP.KD_tend2	3.4985629871701e-10	0.000175714670613088	0.000411635565312843
SP.POP.0509.FE.5Y_delta1	3.47902847932078e-10	8.29763722339582e-05	0.000137211855104281
BM.GSR.TRAN.ZS_min2	3.45720945435246e-10	2.44048153629289e-05	0.000137211855104281
TX.VAL.MRCH.OR.ZS_rank	3.40829725070833e-10	9.85954540662327e-05	0.000274423710208562
AG.YLD.CREL.KG_ratioavg2	3.39830844135007e-10	6.83334830162009e-05	0.000137211855104281
BM.GSR.INSF.ZS_min2	3.38405325941698e-10	0.000141547929104988	0.000274423710208562
NE.CON.PRVT.ZS_min2	3.36590676500109e-10	0.000329953103706799	0.000411635565312843
AG.PRD.CREL.MT_ratioavg2	3.31690897004785e-10	8.20001796194411e-05	0.000274423710208562
NY.GDP.MINR.RT.ZS_rank	3.315097947399e-10	2.44048153629289e-05	0.000137211855104281
EG.ELC.PETR.ZS_ratioavg2	3.28887061395413e-10	0.000142524121719505	0.000274423710208562
SH.MMR.DTHS_rank	3.10522940675497e-10	1.65952744467916e-05	0.000137211855104281
EG.ELC.COAL.ZS_lag1	3.09669201411341e-10	2.92857784355147e-05	0.000137211855104281
EN.GHG.CH4.BU.MT.CE.AR5_rank	3.01023986957774e-10	0.000114214535898507	0.000137211855104281
NY.GDP.FCST.CN_isNA_rank	2.97805283989081e-10	4.3928667653272e-05	0.000137211855104281
NV.IND.MANF.CD_lag1	2.86849436510442e-10	5.07620159548921e-05	0.000137211855104281
DC.DAC.CECL.CD_lag1	2.78383785152401e-10	3.80715119661691e-05	0.000137211855104281
SP.POP.2529.MA.5Y_rank	2.77597765592081e-10	8.68811426920269e-05	0.000274423710208562
BX.GSR.CMCP.ZS_avg2	2.63185787027129e-10	0.000107381187596887	0.000274423710208562
EN.GHG.ALL.PC.CE.AR5_tend2	2.60167067383815e-10	6.63810977871666e-05	0.000274423710208562
FP.CPI.TOTL.ZG_avg2	2.59095054664879e-10	9.27382983791298e-05	0.000137211855104281
AG.PRD.CROP.XD_tend2	2.56623888274542e-10	1.95238522903431e-05	0.000137211855104281
AG.PRD.CREL.MT_ratiomax2	2.56174830616634e-10	0.000259667235461563	0.000137211855104281
BX.GRT.TECH.CD.WD_avg2	2.54328067255903e-10	5.6619171641995e-05	0.000137211855104281
NE.CON.PRVT.KD_isNA_rank	2.53947892424131e-10	6.05239421000637e-05	0.000137211855104281
AG.YLD.CREL.KG_lag1	2.50033464915775e-10	7.80954091613724e-05	0.000137211855104281
DT.ODA.ODAT.PC.ZS_avg2	2.49742302047087e-10	1.8547659675826e-05	0.000137211855104281
SP.DYN.AMRT.FE_delta1	2.44179369184479e-10	0.000271381546835769	0.000274423710208562
NE.CON.TOTL.KD.ZG	2.26352264903923e-10	3.51429341226176e-05	0.000137211855104281
SP.POP.TOTL_rank	2.23065278785467e-10	2.34286227484117e-05	0.000137211855104281
SH.IMM.MEAS_delta1	2.12865483289693e-10	3.80715119661691e-05	0.000137211855104281
BM.GSR.INSF.ZS_tend2	2.12717011540159e-10	0.000585715568710293	0.000686059275521405
FP.CPI.TOTL.ZG_ratioavg2	2.02819065021123e-10	5.95477494855465e-05	0.000137211855104281
SE.SEC.ENRL.GC	2.00773475210683e-10	0.000107381187596887	0.000274423710208562
AG.PRD.LVSK.XD_rank	2.00519695917271e-10	5.85715568710293e-05	0.000274423710208562
BX.TRF.PWKR.DT.GD.ZS_tend2	1.97488603263776e-10	0.000197190908132465	0.000548847420417124
BX.GSR.CMCP.ZS_min2	1.92150942266629e-10	4.29524750387548e-05	0.000137211855104281
FI.RES.TOTL.MO_max2	1.90793579791853e-10	0.000379738927047174	0.000274423710208562
FI.RES.XGLD.CD_delta1	1.89890290080993e-10	0.000187428981987294	0.000411635565312843
EN.GHG.CO2.PC.CE.AR5_ratiomax2	1.85343615963462e-10	0.000358262689527796	0.000137211855104281
NE.CON.PRVT.KD	1.84561637972036e-10	2.63572005919632e-05	0.000137211855104281
MS.MIL.XPND.GD.ZS_delta1	1.7592008154435e-10	9.95716466807499e-05	0.000274423710208562
BX.TRF.CURR.CD	1.74674872918719e-10	0.000122024076814644	0.000274423710208562
MS.MIL.XPND.CD_avg2	1.70860971784487e-10	6.34525199436151e-05	0.000137211855104281
BM.GSR.TRAN.ZS_lag1	1.63662826393913e-10	4.58810528823063e-05	0.000137211855104281
BM.KLT.DINV.WD.GD.ZS_lag1	1.59038831816267e-10	0.00044612002483434	0.000411635565312843
SP.POP.BRTH.MF_delta1	1.55750256555421e-10	3.1238163664549e-05	0.000137211855104281
NV.AGR.TOTL.KD.ZG_lag1	1.53060338218531e-10	7.02858682452352e-05	0.000137211855104281
EG.ELC.NGAS.ZS_delta1	1.47759598858455e-10	3.61191267371348e-05	0.000137211855104281
NV.SRV.TOTL.KD.ZG_rank	1.46515510253385e-10	4.49048602677892e-05	0.000137211855104281
NY.GDP.PCAP.KN	1.45759338335245e-10	2.44048153629289e-05	0.000137211855104281
NY.GDP.PCAP.KD.ZG_lag1	1.45610678562182e-10	6.54049051726494e-05	0.000137211855104281
EN.GHG.CH4.FE.MT.CE.AR5_lag1	1.39617263017344e-10	9.07859131500955e-05	0.000137211855104281
BX.TRF.PWKR.DT.GD.ZS_avg2	1.39200647851258e-10	3.31905488935833e-05	0.000137211855104281
SP.POP.7074.FE.5Y_delta1	1.35324369754882e-10	4.68572454968235e-05	0.000137211855104281
SP.DYN.CBRT.IN_lag1	1.31218605504862e-10	5.07620159548921e-05	0.000137211855104281
EN.GHG.CH4.FE.MT.CE.AR5_ratiomax2	1.23500770574153e-10	4.58810528823063e-05	0.000137211855104281
EG.ELC.HYRO.ZS_lag1	1.22818258903927e-10	7.61430239323381e-05	0.000137211855104281
EN.GHG.CO2.TR.MT.CE.AR5_avg2	1.21100745790961e-10	6.44287125581323e-05	0.000137211855104281
EN.GHG.CO2.RT.GDP.KD_ratioavg2	1.20779317380619e-10	0.000485167729415026	0.000548847420417124
EG.ELC.FOSL.ZS_min2	1.18052210987937e-10	9.76192614517156e-05	0.000137211855104281
EG.USE.ELEC.KH.PC_tend2	1.15288846037841e-10	7.61430239323381e-05	0.000274423710208562
IS.AIR.GOOD.MT.K1_tend2	1.0993412206154e-10	0.000189381367216328	0.000137211855104281
SE.ENR.PRIM.FM.ZS_rank	1.04934812529402e-10	5.46667864129607e-05	0.000274423710208562
FS.AST.PRVT.GD.ZS_rank	1.04546979330606e-10	2.5381007977446e-05	0.000137211855104281
EN.GHG.CO2.PI.MT.CE.AR5_ratiomax2	1.00984691783548e-10	9.37144909936469e-05	0.000274423710208562
NE.CON.PRVT.ZS_ratiomax2	1.00223922346542e-10	4.88096307258578e-05	0.000137211855104281
NY.ADJ.DKAP.CD	1.00044789019084e-10	4.58810528823063e-05	0.000137211855104281
SP.DYN.IMRT.FE.IN_delta1	9.95830981789016e-11	7.02858682452352e-05	0.000137211855104281
AG.PRD.FOOD.XD_delta1	9.92928560633118e-11	0.000190357559830845	0.000411635565312843
DT.NFL.UNDP.CD_ratiomax2	9.79444824875137e-11	7.02858682452352e-05	0.000137211855104281
EN.GHG.N2O.IC.MT.CE.AR5_tend2	9.51877102295523e-11	6.93096756307181e-05	0.000137211855104281
EG.USE.ELEC.KH.PC_ratioavg2	9.36958953144687e-11	0.000260643428076081	0.000274423710208562
SP.POP.TOTL.FE.ZS_delta1	9.3276511642457e-11	8.88335279210612e-05	0.000137211855104281
IT.CEL.SETS_min2	8.97363421589856e-11	2.73333932064804e-05	0.000137211855104281
EG.ELC.PETR.ZS_min2	8.82659356904464e-11	6.44287125581323e-05	0.000137211855104281
BX.TRF.CURR.CD_rank	8.76234724073838e-11	5.6619171641995e-05	0.000137211855104281
NE.CON.PRVT.KD.ZG_min2	7.59196448397362e-11	0.000124952654658196	0.000274423710208562
EN.GHG.CO2.RT.GDP.KD_avg2	6.81138061518472e-11	0.000114214535898507	0.000137211855104281
NE.CON.TOTL.KD_lag1	6.23554387590205e-11	3.41667415081004e-05	0.000137211855104281
NE.EXP.GNFS.KD.ZG_isNA_rank	6.12025460946609e-11	0.00120755026415772	0.000548847420417124
BX.GSR.MRCH.CD_isNA_rank	6.08713546718558e-11	0.000144476506948539	0.000137211855104281
EG.USE.PCAP.KG.OE_delta1	5.75828768584198e-11	0.000111285958054956	0.000274423710208562
EN.GHG.CO2.RT.GDP.KD_lag1	5.56698917354609e-11	6.2476327329098e-05	0.000137211855104281
SP.DYN.IMRT.IN_lag1	5.04739258324924e-11	5.6619171641995e-05	0.000137211855104281
SP.POP.7074.MA.5Y_delta1	5.01239896818689e-11	6.93096756307181e-05	0.000137211855104281
NV.IND.MANF.KD_isNA_rank	4.87794902653106e-11	9.27382983791298e-05	0.000137211855104281
TX.VAL.SERV.CD.WT	4.29410760711889e-11	6.2476327329098e-05	0.000137211855104281
EN.GHG.CO2.FE.MT.CE.AR5_avg2	4.20959521576031e-11	3.41667415081004e-05	0.000137211855104281
AG.LND.ARBL.HA_lag1	4.20223168962045e-11	5.85715568710293e-05	0.000137211855104281
FI.RES.TOTL.CD_delta1	4.18991133852089e-11	0.000472477225426303	0.000274423710208562
TM.VAL.SERV.CD.WT_lag1	3.79455919745854e-11	2.92857784355147e-05	0.000137211855104281
EG.USE.PCAP.KG.OE_avg2	3.75638055125589e-11	9.76192614517156e-05	0.000137211855104281
NY.ADJ.DNGY.CD_lag1	3.66709848393926e-11	2.34286227484117e-05	0.000137211855104281
SE.PRM.ENRL_lag1	3.61739280850654e-11	0.00022647668656798	0.000411635565312843
EN.GHG.N2O.BU.MT.CE.AR5	3.30672496602992e-11	0.000141547929104988	0.000137211855104281
SP.POP.4044.FE.5Y	3.30166369743511e-11	2.44048153629289e-05	0.000137211855104281
AG.LND.CREL.HA_avg2	3.20157945970524e-11	7.90716017758896e-05	0.000137211855104281
SP.POP.TOTL.MA.ZS_rank	3.18401718750326e-11	0.000130809810345299	0.000137211855104281
NE.CON.PRVT.KD.ZG_tend2	3.06091312283958e-11	1.65952744467916e-05	0.000137211855104281
SP.POP.65UP.FE.IN_lag1	2.97235766339587e-11	4.58810528823063e-05	0.000137211855104281
EN.GHG.CO2.PI.MT.CE.AR5_delta1	2.84080709454104e-11	0.000174738477998571	0.000274423710208562
NE.EXP.GNFS.KD_lag1	2.837214595798e-11	0.000356310304298762	0.000137211855104281
NY.GDP.COAL.RT.ZS_lag1	2.72500465192488e-11	7.02858682452352e-05	0.000137211855104281
TM.VAL.SERV.CD.WT_delta1	2.7203412935906e-11	0.000246000538858323	0.000274423710208562
AG.PRD.CREL.MT_min2	2.56242064332742e-11	1.95238522903431e-05	0.000137211855104281
FD.AST.PRVT.GD.ZS_ratiomax2	2.52952314705664e-11	5.07620159548921e-05	0.000137211855104281
NE.CON.PRVT.PC.KD_isNA_rank	2.52386426347557e-11	0.000252833887159943	0.000274423710208562
SP.POP.2529.MA.5Y	2.51713895540978e-11	0.000193286137674397	0.000274423710208562
NE.CON.TOTL.KD.ZG_min2	2.50552284925168e-11	8.10239870049239e-05	0.000137211855104281
TX.VAL.TRAN.ZS.WT_rank	2.399156064512e-11	0.000149357470021125	0.000274423710208562
DC.DAC.CECL.CD_min2	2.18149246811088e-11	7.71192165468553e-05	0.000137211855104281
EN.GHG.ALL.MT.CE.AR5_delta1	2.17785318211742e-11	0.000118119306356576	0.000137211855104281
FI.RES.XGLD.CD_ratiomax2	2.03575399351614e-11	5.36905937984436e-05	0.000137211855104281
SE.PRM.ENRR.FE_lag1	1.953412930361e-11	0.000107381187596887	0.000137211855104281
FM.AST.PRVT.GD.ZS	1.79613393381778e-11	6.34525199436151e-05	0.000137211855104281
EN.GHG.CO2.RT.GDP.KD_ratiomax2	1.69404290408953e-11	2.14762375193774e-05	0.000137211855104281
DT.NFL.UNDP.CD_rank	1.53143128539236e-11	4.10000898097205e-05	0.000137211855104281
SE.PRM.ENRR_lag1	1.4579194573807e-11	4.19762824242377e-05	0.000137211855104281
NE.IMP.GNFS.CD	1.41387491431544e-11	0.000109333572825921	0.000274423710208562
TM.VAL.MRCH.WR.ZS_rank	1.37042139604296e-11	6.93096756307181e-05	0.000274423710208562
BM.GSR.FCTY.CD_delta1	1.36481145479928e-11	3.51429341226176e-05	0.000137211855104281
BX.GSR.FCTY.CD_max2	1.25550806735039e-11	5.56429790274779e-05	0.000137211855104281
BX.KLT.DINV.CD.WD_avg2	1.19861989308314e-11	3.22143562790661e-05	0.000137211855104281
NE.GDI.TOTL.CD_isNA_rank	1.12436666830466e-11	0.000278214895137389	0.000411635565312843
SH.DTH.NMRT_delta1	9.32322542767453e-12	0.000338738837237453	0.000137211855104281
EN.GHG.CH4.AG.MT.CE.AR5_max2	7.213781952021e-12	3.02619710500318e-05	0.000137211855104281
BM.GSR.GNFS.CD_min2	6.98365426958947e-12	9.46906836081641e-05	0.000137211855104281
FM.AST.PRVT.GD.ZS_avg2	6.63238258970852e-12	9.95716466807499e-05	0.000137211855104281
FM.LBL.BMNY.GD.ZS	6.32831543505126e-12	4.97858233403749e-05	0.000137211855104281
SP.POP.5054.MA.5Y_delta1	6.3215628292172e-12	5.27144011839264e-05	0.000137211855104281
EN.GHG.N2O.WA.MT.CE.AR5_delta1	6.12270202305006e-12	4.29524750387548e-05	0.000137211855104281
EN.GHG.CH4.PI.MT.CE.AR5_min2	5.80633837941561e-12	6.44287125581323e-05	0.000137211855104281
BX.GSR.GNFS.CD_delta1	5.69910999715262e-12	5.85715568710293e-05	0.000137211855104281
EG.ELC.PETR.ZS_rank	4.3224473130837e-12	3.41667415081004e-05	0.000137211855104281
EN.GHG.CO2.PC.CE.AR5_delta1	3.96547620900016e-12	5.75953642565122e-05	0.000137211855104281
BM.GSR.TOTL.CD_ratiomax2	3.77963025413298e-12	3.51429341226176e-05	0.000137211855104281
SP.POP.2024.FE.5Y_lag1	3.5143887090329e-12	4.78334381113406e-05	0.000137211855104281
SP.POP.0014.FE.IN_delta1	3.49266293374071e-12	3.80715119661691e-05	0.000137211855104281
TM.VAL.MRCH.R6.ZS_lag1	2.92737487667078e-12	2.34286227484117e-05	0.000137211855104281
SP.POP.0014.FE.IN_lag1	8.56935898409361e-13	3.80715119661691e-05	0.000137211855104281
TX.VAL.MRCH.AL.ZS_rank	3.60731067138929e-13	3.41667415081004e-05	0.000137211855104281
FI.RES.XGLD.CD_rank	7.9290993360183e-14	1.95238522903431e-05	0.000137211855104281
