Feature	Gain	Cover	Frequency
SP.URB.TOTL.IN.ZS	0.204985750735566	0.00112749458176215	0.000852333262305561
NE.CON.PRVT.PC.KD	0.203422464869929	0.00225153324143461	0.00113644434974075
NE.CON.PRVT.PC.KD_avg2	0.116791662565771	0.000429398319644282	0.00021308331557639
SP.URB.TOTL.IN.ZS_rank	0.0748452259222564	0.000776286499397158	0.000426166631152781
SP.RUR.TOTL.ZS	0.0738481212874313	0.00133700985844975	0.000923361034164358
SP.RUR.TOTL.ZS_rank	0.0598958335513878	0.000285545562660835	0.000142055543717594
EN.URB.LCTY_avg2	0.052500578363964	0.000764190772083234	0.000781305490446765
NY.GDP.PCAP.KD	0.0240592683450259	0.00272585854824489	0.00134952766531714
NY.GDP.DEFL.ZS	0.0176146537418615	0.00306972279616928	0.00298316641806947
NY.GDP.PCAP.KD_rank	0.0158926164431702	0.000672176846445174	0.000284111087435187
NY.GDP.DEFL.ZS_lag1	0.0149613382772505	0.00114563817273303	0.00177569429646992
EN.URB.LCTY	0.0121171280449419	0.000277769737959027	0.000355138859293984
TX.VAL.MRCH.OR.ZS_lag1	0.0108038109293976	0.000304121143892932	0.000568222174870374
EN.URB.LCTY_min2	0.00709121673403785	0.000324856676431087	0.000426166631152781
EN.URB.LCTY_lag1	0.00428517589953468	0.000212107218254872	0.000284111087435187
EN.GHG.CH4.WA.MT.CE.AR5_max2	0.00389066395431798	0.000186187802582179	0.000284111087435187
EN.GHG.CH4.WA.MT.CE.AR5_lag1	0.00378951135429002	8.42381009362525e-05	0.00021308331557639
EG.ELC.PETR.ZS_max2	0.00357783457941125	0.000136076932281639	0.000284111087435187
SH.IMM.IDPT_rank	0.00353985059437329	0.00109077540955917	0.000852333262305561
DT.ODA.ODAT.GN.ZS	0.0033782441846468	0.000257466195682085	0.000142055543717594
EN.URB.LCTY_max2	0.00290846569721722	6.56625197041558e-05	7.10277718587968e-05
trade_balance_ratio	0.00277598426034833	0.000923595178470297	0.00198877761204631
EG.ELC.PETR.ZS_avg2	0.00242614953688377	9.84937795562337e-05	0.00021308331557639
SH.DTH.NMRT_lag1	0.00230460191694941	0.00232021969296724	0.00120747212159955
TX.VAL.MRCH.OR.ZS	0.00203328142640619	0.000322696725125029	0.000781305490446765
SP.POP.BRTH.MF_lag1	0.00194132584873446	0.000609538258569499	0.000710277718587968
NY.GDP.FRST.RT.ZS_lag1	0.00193884699999279	0.000566771222709555	0.000426166631152781
SP.POP.BRTH.MF	0.00191835866597131	0.000592258648121037	0.000852333262305561
MS.MIL.XPND.GD.ZS_avg2	0.00190620925992683	7.1278393099906e-05	0.00021308331557639
FP.CPI.TOTL_max2	0.00188195883308347	0.00085490872693766	0.00106541657788195
NE.IMP.GNFS.ZS	0.00174909979477941	0.00125493170881956	0.00142055543717594
DT.ODA.ODAT.CD	0.00172164543126424	0.000743023249283868	0.000568222174870374
SH.DTH.NMRT	0.0013560129114639	0.000220747023479103	0.00021308331557639
PA.NUS.ATLS	0.00123942040877284	0.00129294685180617	0.000852333262305561
SE.ENR.PRIM.FM.ZS	0.00123554162985471	0.000676496749057289	0.00134952766531714
MS.MIL.XPND.GD.ZS_max2	0.00114800593737052	0.000318376822512913	0.000355138859293984
BM.GSR.CMCP.ZS_isNA_rank	0.00112908975985693	8.46700911974641e-05	0.000284111087435187
BM.GSR.CMCP.ZS_max2	0.00107080908816501	0.000466117491847264	0.000497194403011578
SH.IMM.MEAS_rank	0.000991098272813498	0.000567203212970767	0.000710277718587968
EG.USE.PCAP.KG.OE_min2	0.000934837865228349	0.0103906617529214	0.00454577739896299
FP.CPI.TOTL_min2	0.000896292499753494	0.000596578550733152	0.00106541657788195
NY.GDP.FRST.RT.ZS	0.000888134988092958	0.000814733632644986	0.000994388806023155
SP.POP.TOTL.FE.ZS_rank	0.000769808900908318	6.3502568398098e-05	0.00021308331557639
SH.DYN.NMRT	0.000738866648656023	0.000870460376341276	0.000710277718587968
TX.VAL.MRCH.WR.ZS_rank	0.000717150373343278	6.13426170920403e-05	0.00021308331557639
NE.IMP.GNFS.CN_delta1	0.000710049768718557	0.00110459909791794	0.000994388806023155
EN.GHG.CH4.WA.MT.CE.AR5_avg2	0.000705570996475332	1.90075714933083e-05	7.10277718587968e-05
FP.CPI.TOTL_lag1	0.000693796875507088	0.00030066522180324	0.000497194403011578
NY.ADJ.DMIN.CD	0.000671562242907479	6.52305294429442e-05	0.000142055543717594
BM.GSR.TRAN.ZS_avg2	0.000666058274298253	0.000253146293069969	0.000426166631152781
SP.ADO.TFRT_lag1	0.000652291732212145	0.00137502500143637	0.000852333262305561
BM.GSR.TRVL.ZS	0.00064745466721182	0.00093007503238847	0.00113644434974075
NE.CON.PRVT.ZS_min2	0.000644599487434027	0.00456700104152852	0.00241494424319909
SP.POP.2024.MA.5Y	0.000629416901454908	0.000866572463990372	0.000497194403011578
TG.VAL.TOTL.GD.ZS	0.000608406193099398	0.000426374387815801	0.000568222174870374
SP.POP.4549.FE.5Y_lag1	0.000606601250054002	0.00678267909128257	0.00312522196178706
SP.POP.6064.MA.5Y_delta1	0.000603148282773201	0.00977550762095619	0.00468783294268059
TX.VAL.MRCH.WR.ZS_lag1	0.000599631788913464	0.000137804893326485	0.00021308331557639
BM.GSR.MRCH.CD_ratioavg2	0.000586762115015952	7.51663054508099e-05	0.00021308331557639
DC.DAC.FRAL.CD_min2	0.000584050841036214	0.000211243237732449	0.000355138859293984
SP.POP.5054.FE.5Y	0.000576018619561921	0.000612130200136768	0.000568222174870374
SM.POP.RHCR.EO	0.000562841597137226	0.00067390480749002	0.000568222174870374
FM.AST.DOMS.CN_avg2	0.000551714608730286	0.00180399133081944	0.00120747212159955
SH.IMM.MEAS_lag1	0.000549002112929792	1.7279610448462e-05	7.10277718587968e-05
EG.ELC.PETR.ZS_lag1	0.000546621999606915	0.000174092075268255	0.000284111087435187
SP.POP.7579.FE.5Y_lag1	0.000526894778004046	0.000112317467915003	0.00021308331557639
EG.ELC.FOSL.ZS_max2	0.00052503922177527	3.58551916805588e-05	0.00021308331557639
DC.DAC.DEUL.CD_min2	0.000517949330285762	0.00118883719885419	0.000852333262305561
AG.LND.ARBL.HA.PC_ratioavg2	0.00051393507360132	2.9807328023597e-05	0.000142055543717594
SP.POP.6064.FE.5Y_delta1	0.000510894493043023	0.00845448140217127	0.00426166631152781
EN.GHG.N2O.BU.MT.CE.AR5_max2	0.00049779931451651	6.43665489205211e-05	0.000142055543717594
NE.CON.PRVT.KD.ZG	0.000479690365607122	0.000137804893326485	0.000284111087435187
SH.IMM.IDPT	0.000472465750888884	0.000839789067795256	0.000639249946729171
FM.AST.NFRG.CN	0.000465352219569981	0.00274054621712608	0.00255699978691668
NY.GNP.PCAP.CN_delta1	0.000464008665508141	0.0158203473460894	0.00724483272959727
EN.GHG.N2O.BU.MT.CE.AR5_min2	0.000459629856631331	0.000239322604711199	0.000284111087435187
SP.POP.TOTL.MA.ZS	0.000452388335022634	0.000756846937642638	0.000923361034164358
SP.DYN.AMRT.FE_lag1	0.000449698259301861	0.000381879390911011	0.000568222174870374
EN.URB.LCTY_delta1	0.000431837325084534	4.70869384720591e-05	0.000142055543717594
IT.CEL.SETS_rank	0.000429015240278984	3.28312598520779e-05	7.10277718587968e-05
BX.GSR.NFSV.CD_delta1	0.000422745334130985	0.000233706731315449	0.00021308331557639
SP.POP.5054.FE.5Y_delta1	0.000393094340610451	0.000733951453798426	0.000639249946729171
SM.POP.RHCR.EA_rank	0.000389576595424706	0.00032572065695351	0.000426166631152781
SG.LAW.INDX	0.000388018045966899	0.000100653730862291	0.000142055543717594
SE.TER.ENRR	0.000379862241648464	0.0010173370651532	0.000852333262305561
NY.ADJ.NNTY.PC.CD	0.000379118690285791	0.000980617892950221	0.000923361034164358
NV.IND.TOTL.ZS_rank	0.000376890557116033	0.000204331393553064	0.000355138859293984
IT.CEL.SETS.P2_max2	0.000362695057189088	0.000124845185490138	0.000355138859293984
year	0.000358207099365133	0.0055571227202254	0.00312522196178706
SP.POP.0509.MA.5Y_lag1	0.000355909848249418	0.0166998795179161	0.00710277718587968
NE.CON.TOTL.KD.ZG_avg2	0.000355859982791087	0.000277769737959027	0.000568222174870374
SP.DYN.AMRT.MA_lag1	0.000354233061841977	0.00628459432010565	0.00284111087435187
SP.DYN.AMRT.MA	0.000346251332830298	0.00729415556055704	0.00326727750550465
NY.GDP.PCAP.CN_delta1	0.000343636410718936	0.0056845598472828	0.00284111087435187
SP.POP.1014.FE.5Y_delta1	0.000336074984218698	0.000954266487016317	0.00120747212159955
demographic_pressure	0.000333769476358059	0.000841949019101313	0.000497194403011578
SP.POP.1519.MA.5Y_delta1	0.000328290204337352	4.83829092556937e-05	0.000142055543717594
BX.TRF.PWKR.DT.GD.ZS_ratiomax2	0.000326321441953041	5.61587339575017e-05	0.000142055543717594
SE.TER.ENRR_lag1	0.000298608032381146	0.00087434828869218	0.000852333262305561
FS.AST.CGOV.GD.ZS_min2	0.000288137149879147	0.000166316250566447	0.000426166631152781
SP.POP.1014.MA.5Y_delta1	0.000280242830377942	0.000351208082364991	0.000710277718587968
SP.URB.GROW	0.000276591672481229	0.00046784545289211	0.000852333262305561
NY.GDS.TOTL.ZS_lag1	0.000275523179445278	0.00128949092971648	0.000781305490446765
BG.GSR.NFSV.GD.ZS	0.00027025073840556	0.000107565575041676	0.000497194403011578
SP.POP.5559.FE.5Y	0.00026871457903251	0.00601546438737085	0.00291213864621067
TX.VAL.MRCH.HI.ZS_lag1	0.000259032714116542	0.000195691588328833	0.000568222174870374
NY.GDP.PCAP.CN	0.000255915521368689	0.0011594618610918	0.000852333262305561
SP.DYN.CDRT.IN_rank	0.000252385080414517	0.000279929689265085	0.000355138859293984
EN.URB.LCTY_tend2	0.000250672302355469	3.49912111581357e-05	0.000142055543717594
TM.VAL.MRCH.WR.ZS_lag1	0.000248923138548576	0.000424214436509743	0.000568222174870374
SP.POP.3539.FE.5Y	0.000247913815932159	0.00170204162917351	0.00142055543717594
DT.ODA.ALLD.KD	0.000243479832526277	0.00079918198324137	0.000710277718587968
SG.LAW.INDX_lag1	0.000238624605861065	8.29421301526178e-05	0.000142055543717594
SP.POP.5559.MA.5Y	0.000236703114474666	0.0175724998455635	0.00781305490446765
SP.POP.TOTL.FE.ZS_lag1	0.000227718542009259	0.000231978770270603	0.000284111087435187
SP.URB.TOTL_delta1	0.000227024192793218	4.27670358599436e-05	0.000142055543717594
PA.NUS.FCRF_lag1	0.000226313928741584	0.000115341399743484	0.000497194403011578
ER.FSH.AQUA.MT_lag1	0.00022622048198748	6.00466463084056e-05	7.10277718587968e-05
TM.VAL.MRCH.RS.ZS	0.000224725608683188	0.000212107218254872	0.000355138859293984
SP.POP.4549.MA.5Y	0.00021894808726531	0.0116697849163688	0.00511399957383337
SP.POP.DPND.YG	0.000215283885392445	0.00125406772829713	0.000639249946729171
SP.POP.4044.FE.5Y	0.000215018119666901	2.93753377623855e-05	0.000142055543717594
NY.GDP.FCST.CD	0.000210150864015532	6.86864515326367e-05	0.000142055543717594
NV.SRV.TOTL.KD	0.000209324064685481	0.000435878173562455	0.000639249946729171
EN.GHG.CO2.PC.CE.AR5	0.00020866942100884	0.000293321387362643	0.000355138859293984
FM.AST.DOMS.CN_max2	0.000205861881002799	0.00192019671108535	0.00113644434974075
SP.POP.3539.FE.5Y_lag1	0.000203115214995928	0.000130461058885888	0.000284111087435187
FI.RES.TOTL.MO	0.000201685935884367	0.00193142845787685	0.00156261098089353
IS.AIR.GOOD.MT.K1_avg2	0.00019906899137563	0.000513636420580534	0.000355138859293984
SP.POP.5559.FE.5Y_delta1	0.000195512011980552	0.000584482823419229	0.000497194403011578
EN.GHG.N2O.IP.MT.CE.AR5	0.000194196007928192	8.16461593689832e-05	0.000284111087435187
NY.ADJ.DKAP.GN.ZS	0.00018735665161495	0.000196123578590044	0.000639249946729171
SP.DYN.AMRT.FE	0.000185121288826631	0.000388359244829185	0.000497194403011578
NV.SRV.TOTL.KD.ZG_rank	0.000183812165053447	2.505543515027e-05	0.000142055543717594
BX.KLT.DINV.CD.WD_rank	0.000178743531035911	0.00040088696240432	0.000497194403011578
IT.CEL.SETS.P2	0.000176940020179917	0.000644961459988846	0.000994388806023155
EG.USE.PCAP.KG.OE	0.000174034618407449	0.000812141691077716	0.000781305490446765
EN.POP.DNST_max2	0.000172307548630925	0.000333928471916529	0.000284111087435187
BX.KLT.DINV.CD.WD	0.000172124046246793	0.000179275958402794	0.000568222174870374
BX.GSR.FCTY.CD	0.000169994257184317	0.000362439829156492	0.000426166631152781
DC.DAC.DEUL.CD_avg2	0.000164257354291257	0.00104887235422165	0.000994388806023155
SP.POP.80UP.MA.5Y_lag1	0.000159671365070444	0.000210811247471237	0.00021308331557639
SP.ADO.TFRT	0.000158596440291438	0.00154738911565978	0.00127849989345834
NY.GNP.PCAP.CD	0.000157979274422232	0.000118797321833177	0.00021308331557639
IT.CEL.SETS.P2_min2	0.00015791039625928	0.000288137504228105	0.000710277718587968
BM.GSR.TRAN.ZS_min2	0.000156236530285565	0.000187483773365813	0.000426166631152781
SP.POP.0509.FE.5Y	0.000153232606328009	0.00338637165763735	0.00163363875275233
SM.POP.RHCR.EO_lag1	0.000150179371118516	0.000458341667145456	0.000426166631152781
EN.GHG.CH4.BU.MT.CE.AR5_max2	0.000147971767339492	0.000200011490940948	0.000284111087435187
NY.GSR.NFCY.CN	0.000144850009671902	0.00220703824452982	0.00191774984018751
SP.POP.80UP.MA.5Y	0.000144636348191662	0.000543875738865343	0.000568222174870374
BX.GRT.EXTA.CD.WD	0.000143843288663416	0.000927915081082412	0.000852333262305561
TM.VAL.FUEL.ZS.UN_delta1	0.000142017319515224	0.00111539885444823	0.000994388806023155
AG.LND.ARBL.HA_min2	0.00014150398641726	6.60945099653674e-05	7.10277718587968e-05
SP.URB.TOTL.IN.ZS_delta1	0.000138949947389048	0.000251850322286334	0.000284111087435187
SP.POP.5559.FE.5Y_lag1	0.000137886263016016	0.0105867853315115	0.00497194403011578
BM.GSR.TRAN.ZS_tend2	0.000134769254314891	0.000315352890684432	0.000639249946729171
SP.POP.0014.TO	0.000134737986205131	6.17746073532518e-05	0.000142055543717594
SH.DTH.MORT	0.000131987279193549	0.00011145348739258	0.00021308331557639
SP.POP.1564.TO.ZS_delta1	0.000129332157459546	2.9807328023597e-05	0.000142055543717594
AG.PRD.CROP.XD_avg2	0.000127029526121005	0.0001308930491471	0.000426166631152781
SP.POP.5559.MA.5Y_delta1	0.000125167630694031	0.00168346604794142	0.00134952766531714
SP.POP.TOTL.MA.ZS_rank	0.000124229718106248	8.42381009362525e-05	7.10277718587968e-05
NV.AGR.TOTL.ZS_lag1	0.000123464275840482	0.000159836396648274	0.00021308331557639
SE.SEC.ENRL.GC_delta1	0.000123325291861184	0.000537827875208381	0.000497194403011578
PA.NUS.FCRF	0.000120086833461699	0.0111375729145562	0.00518502734569217
AG.PRD.LVSK.XD_min2	0.000120057265934144	0.000526164138155669	0.000710277718587968
IT.MLT.MAIN.P2_rank	0.000119557282474173	0.000223770955307584	0.000284111087435187
NY.GDP.FRST.RT.ZS_rank	0.000117351196798082	0.000520548264759919	0.000426166631152781
SP.POP.DPND.YG_lag1	0.000117250254179699	0.00251115938842275	0.00113644434974075
AG.LND.CREL.HA_avg2	0.000116851562184459	7.6030285973233e-05	0.000142055543717594
NE.CON.PRVT.PC.KD_tend2	0.00011440672409426	2.9807328023597e-05	0.000142055543717594
NY.ADJ.DFOR.GN.ZS	0.000114373303748609	2.24634935830007e-05	7.10277718587968e-05
SH.STA.MMRT	0.000113469762662183	0.000202171442247006	0.00021308331557639
SP.POP.2024.FE.5Y	0.000111380473458409	0.000292025416579009	0.000284111087435187
TG.VAL.TOTL.GD.ZS_rank	0.000110077070531542	0.000128301107579831	0.000284111087435187
SP.URB.TOTL.IN.ZS_lag1	0.00010955896558874	4.2335045598732e-05	0.000142055543717594
BG.GSR.NFSV.GD.ZS_min2	0.000108425238833672	1.2527717575135e-05	7.10277718587968e-05
MS.MIL.XPND.CD_avg2	0.000106727723206677	0.000203899403291852	0.00021308331557639
DC.DAC.DEUL.CD_lag1	0.000106510578259064	0.000461797589235148	0.000426166631152781
SP.POP.6569.FE.5Y_delta1	0.000103982121667996	0.00158151634629549	0.00106541657788195
NY.GNP.PCAP.CD_delta1	0.000103136702580717	0.000516660352409015	0.000355138859293984
SP.POP.2529.MA.5Y_lag1	0.000102584678551476	0.000219019062434256	0.000284111087435187
SP.RUR.TOTL.ZS_delta1	0.000100687077084188	0.000166748240827659	0.00021308331557639
SP.POP.3539.FE.5Y_delta1	9.97927427850777e-05	0.000454885745055764	0.000497194403011578
NE.EXP.GNFS.ZS_rank	9.8944771473817e-05	8.3806110675041e-05	0.00021308331557639
AG.LND.TOTL.K2_ratioavg2	9.8770401923265e-05	0.000844972950929794	0.000426166631152781
SP.DYN.TO65.FE.ZS	9.58088709469737e-05	0.000836333145705563	0.000781305490446765
AG.LND.CREL.HA	9.52242034049323e-05	3.54232014193472e-05	0.000142055543717594
NV.IND.MANF.KD_delta1	9.322744389199e-05	0.000123117224445292	0.000355138859293984
FP.CPI.TOTL	8.94353700440101e-05	0.00216556717945351	0.00269905533063428
SP.POP.1564.MA.ZS	8.84898250249914e-05	0.000786654265666235	0.000426166631152781
EN.GHG.CO2.BU.MT.CE.AR5	8.65762060503081e-05	0.000200011490940948	0.00021308331557639
BX.GRT.TECH.CD.WD_rank	8.57777247235582e-05	0.000285977552922047	0.000284111087435187
AG.LND.CREL.HA_max2	8.4790300444833e-05	6.13426170920403e-05	7.10277718587968e-05
NE.EXP.GNFS.ZS_lag1	8.39361888781238e-05	0.000560291368791382	0.000426166631152781
SM.POP.NETM_lag1	8.33878095667241e-05	0.000287273523705682	0.000355138859293984
EN.GHG.CH4.WA.MT.CE.AR5_min2	8.13694135182901e-05	0.000112317467915003	0.00021308331557639
NV.IND.TOTL.CD_rank	7.7613149650054e-05	5.09748508229631e-05	7.10277718587968e-05
SP.POP.65UP.FE.ZS	7.60201843514978e-05	2.41914546278469e-05	7.10277718587968e-05
DT.ODA.ALLD.KD_rank	7.38139332673238e-05	0.000156812464819793	0.00021308331557639
EG.USE.PCAP.KG.OE_avg2	7.26166997877368e-05	0.000763326791560811	0.000497194403011578
IT.CEL.SETS.P2_avg2	7.25497526089212e-05	6.99824223162713e-05	0.000284111087435187
SP.POP.7579.MA.5Y	7.20002288823848e-05	0.000257034205420873	0.00021308331557639
TM.VAL.MRCH.R5.ZS	7.19119013257629e-05	9.59018379889644e-05	0.00021308331557639
NY.ADJ.DNGY.GN.ZS_rank	7.12415666791928e-05	0.000489012975691476	0.000426166631152781
BX.GSR.TRVL.ZS	6.77692565477602e-05	0.000766782713650503	0.00113644434974075
YearsSinceFirst_lag1	6.71381755303733e-05	0.00156034882349612	0.00156261098089353
TM.VAL.MRCH.AL.ZS	6.70234639288391e-05	0.000867868434774007	0.00113644434974075
SH.DYN.MORT	6.47330173134538e-05	0.000473029336026649	0.000355138859293984
EG.ELC.HYRO.ZS_min2	6.43209444597241e-05	0.000332632501132894	0.000497194403011578
SP.POP.0509.MA.5Y	6.33361597499265e-05	0.013695819241451	0.00603736060799773
AG.LND.ARBL.HA.PC_min2	6.15570893996334e-05	0.00108256759459615	0.000710277718587968
AG.LND.AGRI.K2	6.15048971822408e-05	7.86222275405023e-05	0.000142055543717594
IT.MLT.MAIN	6.140445930394e-05	0.000387495264306761	0.000497194403011578
FM.AST.NFRG.CN_avg2	6.08596880711799e-05	0.00168044211611293	0.00120747212159955
AG.LND.ARBL.HA.PC_max2	6.03972577777171e-05	0.000800477954025005	0.000426166631152781
SP.POP.TOTL.MA.ZS_lag1	6.00688927982286e-05	0.000149036640117985	0.00021308331557639
SP.DYN.LE00.MA.IN	5.99280984635427e-05	0.000250986341763911	0.000355138859293984
BX.KLT.DINV.CD.WD_avg2	5.96049403384309e-05	0.000160700377170697	0.00021308331557639
SP.POP.3539.MA.5Y_delta1	5.95290571985379e-05	0.000605650346218595	0.000710277718587968
NV.IND.MANF.ZS	5.9441281777026e-05	0.00545949292119158	0.00312522196178706
TX.VAL.MRCH.WR.ZS	5.93523054884073e-05	0.000182731880492486	0.000355138859293984
AG.LND.AGRI.K2_max2	5.92307059381829e-05	0.00050413263483388	0.00021308331557639
AG.PRD.FOOD.XD_max2	5.79429968028144e-05	0.00024796240993543	0.000284111087435187
NY.GDP.FCST.CD_isNA_rank	5.59024637096844e-05	0.000238026633927565	0.000497194403011578
BX.GRT.TECH.CD.WD_lag1	5.58636688961467e-05	1.29597078363465e-05	7.10277718587968e-05
EN.GHG.CO2.RT.GDP.KD	5.38293786617516e-05	0.000162428338215543	0.000284111087435187
EN.GHG.CH4.TR.MT.CE.AR5_lag1	5.3712083190476e-05	4.57909676884244e-05	0.000142055543717594
NY.ADJ.DMIN.GN.ZS	5.36300845229889e-05	4.01750942926743e-05	0.00021308331557639
NY.GDP.MKTP.CN	5.26748219332424e-05	0.000727471599880252	0.000426166631152781
SP.POP.2529.MA.5Y_delta1	5.20033450457513e-05	0.000358983907066799	0.000426166631152781
SP.POP.1564.FE.ZS_rank	5.1663000122237e-05	0.0053104562810736	0.0022728886994815
PA.NUS.FCRF_rank	5.11177853755366e-05	0.000223338965046372	0.000284111087435187
BM.GSR.TRVL.ZS_min2	5.10570033544357e-05	0.000452725793749706	0.000568222174870374
IS.AIR.GOOD.MT.K1_max2	5.07777434929359e-05	0.00032312871538624	0.000355138859293984
SH.DYN.MORT.FE	5.01849849955633e-05	0.00117501351049542	0.000639249946729171
EN.GHG.CO2.TR.MT.CE.AR5_tend2	4.96600653167339e-05	0.00014471673750587	0.000355138859293984
AG.LND.ARBL.HA.PC	4.90834402967831e-05	0.00161737153797605	0.00106541657788195
TM.VAL.TRAN.ZS.WT_rank	4.9034629748209e-05	9.93577600786568e-06	7.10277718587968e-05
DC.DAC.CECL.CD_min2	4.84901239206219e-05	0.000410390748150974	0.000710277718587968
NE.RSB.GNFS.ZS_rank	4.84532588693774e-05	6.00466463084056e-05	0.00021308331557639
EN.GHG.N2O.IP.MT.CE.AR5_min2	4.82602603145068e-05	1.20957273139234e-05	7.10277718587968e-05
SP.POP.0004.MA.5Y_delta1	4.80691851128999e-05	0.000577570979239844	0.000710277718587968
SP.POP.0014.FE.IN	4.80483703470947e-05	2.80793669787508e-05	0.000142055543717594
EN.GHG.N2O.BU.MT.CE.AR5_ratioavg2	4.77209275938118e-05	0.000393543127963723	0.000639249946729171
SP.RUR.TOTL_delta1	4.77050169437977e-05	0.000156812464819793	0.000355138859293984
SP.POP.1519.FE.5Y	4.70209146835205e-05	0.000131757029669523	0.000497194403011578
BM.GSR.TRVL.ZS_lag1	4.63494881239818e-05	0.000519252293976285	0.000781305490446765
SP.RUR.TOTL.ZG_lag1	4.62922357737074e-05	0.000202171442247006	0.000284111087435187
NE.EXP.GNFS.CN_lag1	4.60717909533043e-05	0.00382138585067738	0.00191774984018751
BM.KLT.DINV.CD.WD_min2	4.50841994964373e-05	0.000202603432508218	0.000284111087435187
FM.AST.NFRG.CN_min2	4.48286979746191e-05	0.00273277039242427	0.00163363875275233
NE.CON.PRVT.KD.ZG_lag1	4.43196944953656e-05	0.000139964844632543	0.000497194403011578
NE.GDI.TOTL.ZS_lag1	4.41430939276993e-05	0.000209515276687602	0.000497194403011578
TX.VAL.MRCH.R2.ZS	4.38004850215867e-05	0.000997465513137472	0.00149158320903473
SE.PRM.ENRR.FE	4.36418910557908e-05	0.000305417114676567	0.000994388806023155
BX.GSR.CMCP.ZS_min2	4.27387112458915e-05	0.000187051783104602	0.000426166631152781
NY.ADJ.DKAP.CD_lag1	4.26662758660046e-05	2.93753377623855e-05	7.10277718587968e-05
NE.EXP.GNFS.ZS	4.26220384297128e-05	0.000374535556470415	0.000497194403011578
NV.SRV.TOTL.ZS	4.20929056443859e-05	0.000328312598520779	0.000568222174870374
SP.POP.1519.MA.5Y	4.05477824655579e-05	0.000118797321833177	0.000142055543717594
FP.CPI.TOTL.ZG_avg2	4.0350209613322e-05	0.000926187120037566	0.00120747212159955
IS.AIR.DPRT_max2	4.02699713417471e-05	1.03677662690772e-05	7.10277718587968e-05
SM.POP.RHCR.EA_lag1	3.93943496466773e-05	0.00116421375396513	0.000852333262305561
NY.ADJ.DMIN.CD_isNA_rank	3.93393937082172e-05	0.000416870602069147	0.000781305490446765
EN.POP.DNST_tend2	3.93171204172319e-05	0.000323560705647452	0.000426166631152781
SP.POP.4044.MA.5Y	3.76301714628752e-05	0.000532212001812631	0.000639249946729171
FM.AST.NFRG.CN_tend2	3.71969032137145e-05	0.000986665756607183	0.000994388806023155
EN.GHG.N2O.PI.MT.CE.AR5_avg2	3.66070664861628e-05	1.20957273139234e-05	7.10277718587968e-05
SP.ADO.TFRT_delta1	3.63719535549236e-05	0.000210811247471237	0.000497194403011578
BX.GSR.CMCP.ZS	3.6111665821529e-05	0.000168476201872505	0.000426166631152781
FP.CPI.TOTL.ZG_min2	3.59455576593412e-05	0.000666992963310635	0.00127849989345834
DC.DAC.TOTL.CD_delta1	3.54585326726726e-05	6.39345586593096e-05	0.00021308331557639
NE.RSB.GNFS.CN_delta1	3.46978781451541e-05	0.000342136286879549	0.000284111087435187
SP.POP.2024.FE.5Y_delta1	3.46954922487905e-05	0.000352504053148626	0.000568222174870374
BM.GSR.CMCP.ZS_lag1	3.44621493943812e-05	0.000492036907519957	0.000497194403011578
FM.AST.NFRG.CN_delta1	3.326811127436e-05	0.00115427797795727	0.000923361034164358
DC.DAC.FRAL.CD_ratioavg2	3.30247224288065e-05	0.000302393182848086	0.000852333262305561
SP.POP.0509.MA.5Y_delta1	3.29977986807359e-05	0.00028684153344447	0.000568222174870374
SP.POP.3034.MA.5Y_lag1	3.29891523438588e-05	3.15352890684432e-05	0.000142055543717594
SP.POP.0004.FE.5Y_delta1	3.21315213642048e-05	0.00029504934840749	0.000497194403011578
SP.DYN.TFRT.IN	3.19796658521242e-05	0.000434582202778821	0.000284111087435187
NE.EXP.GNFS.CN_delta1	3.08774206002752e-05	0.000908043529066681	0.000994388806023155
NY.GDP.COAL.RT.ZS_rank	3.07236781202839e-05	0.000444517978786686	0.000568222174870374
BM.GSR.FCTY.CD_max2	2.91773625232762e-05	7.90542178017139e-05	0.000284111087435187
AG.PRD.FOOD.XD	2.87626778591911e-05	0.000712351940737848	0.00142055543717594
NE.RSB.GNFS.CN_lag1	2.87402278451171e-05	0.00117587749101784	0.000923361034164358
BX.GSR.NFSV.CD	2.82093233472469e-05	2.54874254114815e-05	0.000142055543717594
IS.AIR.GOOD.MT.K1_min2	2.80701645570168e-05	0.001907237003249	0.000852333262305561
SH.MMR.RISK.ZS	2.77320471274527e-05	3.67191722029819e-05	7.10277718587968e-05
NV.IND.TOTL.ZS	2.76749242937525e-05	0.00030628109519899	0.000355138859293984
BM.GSR.TRAN.ZS	2.75041830409029e-05	0.000272153864563277	0.000639249946729171
SP.POP.5054.FE.5Y_lag1	2.7449911319207e-05	0.000271289884040854	0.00021308331557639
trade_balance_ratio_lag1	2.71978208390559e-05	0.000375399536992838	0.000497194403011578
BX.GSR.TRVL.ZS_ratioavg2	2.67865553767138e-05	0.000232842750793026	0.000426166631152781
SP.DYN.AMRT.MA_rank	2.59492848923165e-05	0.000148604649856774	0.000142055543717594
MS.MIL.MPRT.KD_max2	2.5928343328725e-05	0.000377127498037684	0.000568222174870374
AG.CON.FERT.ZS_tend2	2.59202701909551e-05	0.000699824223162713	0.00106541657788195
NY.GSR.NFCY.CD	2.57551179534032e-05	0.00161996347954332	0.00170466652461112
EG.ELC.PETR.ZS	2.49549502096158e-05	0.000143852756983447	0.000355138859293984
TM.VAL.INSF.ZS.WT	2.44378301268846e-05	0.00759698073366634	0.00518502734569217
SP.POP.1564.FE.ZS_delta1	2.4215339449238e-05	0.000337816384267433	0.000497194403011578
NY.GDP.PCAP.CD	2.37125018251441e-05	0.000419030553375205	0.000426166631152781
EN.GHG.CO2.IP.MT.CE.AR5_min2	2.21523975979699e-05	5.74547047411363e-05	0.00021308331557639
TX.VAL.MRCH.R3.ZS	2.1861930495823e-05	0.00278331325298602	0.00205980538390511
FM.AST.DOMS.CN	2.17971305054587e-05	0.00588932323109708	0.00305419418992826
SH.DTH.NMRT_delta1	2.16585966686043e-05	0.00044279001774184	0.000426166631152781
NE.RSB.GNFS.ZS_isNA_rank	2.14740236207166e-05	0.000222474984523949	0.000426166631152781
DC.DAC.CANL.CD	2.14340230081854e-05	0.000465253511324841	0.000568222174870374
AG.YLD.CREL.KG_lag1	2.10542134366862e-05	0.000933530954478162	0.000852333262305561
SP.POP.80UP.FE.5Y_lag1	2.08015060831904e-05	0.000240618575494834	0.00021308331557639
NE.CON.PRVT.KD.ZG_min2	2.07807324358381e-05	0.000600898453345268	0.000426166631152781
FM.AST.PRVT.GD.ZS	2.06404845819116e-05	4.27670358599436e-05	0.000142055543717594
SP.POP.3034.MA.5Y	2.01870387692117e-05	0.000278201728220239	0.000355138859293984
NV.IND.TOTL.CN	2.00077405601764e-05	0.00015033261090162	0.000142055543717594
TX.VAL.FOOD.ZS.UN_lag1	1.98375511452262e-05	0.00111021497131369	0.00106541657788195
NE.RSB.GNFS.ZS_lag1	1.9691002545103e-05	0.000174524065529467	0.000284111087435187
SH.IMM.IDPT_lag1	1.9215592093235e-05	0.00123722010810988	0.000852333262305561
AG.PRD.LVSK.XD_avg2	1.90465569664886e-05	8.68300425035218e-05	0.00021308331557639
SE.PRM.ENRR.MA_rank	1.90340965850399e-05	9.93577600786568e-06	7.10277718587968e-05
BM.TRF.PWKR.CD.DT_lag1	1.89146040986744e-05	9.67658185113875e-05	0.000284111087435187
BX.TRF.PWKR.DT.GD.ZS_min2	1.85454868939085e-05	0.000160700377170697	0.000426166631152781
IS.AIR.GOOD.MT.K1_lag1	1.82114590569213e-05	0.000201739451985794	0.000284111087435187
BX.TRF.PWKR.CD.DT	1.82060725171381e-05	0.000160268386909486	0.000497194403011578
NV.SRV.TOTL.KD.ZG	1.81539378150382e-05	8.94219840707911e-05	0.000426166631152781
SP.POP.1519.MA.5Y_rank	1.81477541711886e-05	0.000174956055790678	0.000142055543717594
IS.AIR.DPRT_isNA_rank	1.80783998978229e-05	0.00126573146534985	0.00113644434974075
SP.POP.6064.FE.5Y_lag1	1.77858053303907e-05	7.21423736223291e-05	0.000142055543717594
SE.PRM.ENRR	1.77664655479676e-05	0.000445381959309109	0.00106541657788195
AG.PRD.LVSK.XD	1.75885473152313e-05	0.000515364381625381	0.000923361034164358
TM.VAL.MMTL.ZS.UN_lag1	1.7117393939151e-05	0.000630705781368865	0.000639249946729171
IT.CEL.SETS	1.7108198448706e-05	0.000680816651669405	0.000710277718587968
SP.POP.TOTL_delta1	1.70384787977718e-05	3.58551916805588e-05	0.000142055543717594
DC.DAC.DEUL.CD_max2	1.68232699823657e-05	0.00141995198860237	0.000852333262305561
TM.VAL.TRVL.ZS.WT	1.6557703160824e-05	0.00014471673750587	0.000284111087435187
NY.ADJ.NNTY.PC.CD_rank	1.64543937736796e-05	8.33741204138294e-05	0.000142055543717594
NY.GDP.MKTP.KN	1.64100860368757e-05	0.000487717004907841	0.000426166631152781
SE.PRM.ENRR_lag1	1.62956637342926e-05	0.000629841800846442	0.00127849989345834
DT.ODA.ODAT.PC.ZS_ratiomax2	1.6150220205156e-05	1.33916980975581e-05	7.10277718587968e-05
NY.GSR.NFCY.CN_delta1	1.61034043105046e-05	0.00290599848717011	0.00191774984018751
NY.GNP.PCAP.CN	1.60113668710891e-05	0.000564179281142286	0.000426166631152781
NE.CON.GOVT.ZS	1.59612678456333e-05	0.000257898185943296	0.000426166631152781
FM.AST.DOMS.CN_min2	1.58467788415358e-05	0.000832013243093448	0.000639249946729171
BX.KLT.DINV.WD.GD.ZS_lag1	1.58056344759095e-05	0.000398727011098262	0.000852333262305561
SH.DYN.MORT.FE_delta1	1.5760813968814e-05	7.30063541447522e-05	0.00021308331557639
TX.VAL.FUEL.ZS.UN_isNA_rank	1.56012174851051e-05	0.00103029677298955	0.000639249946729171
SP.POP.5054.MA.5Y	1.5507894481348e-05	0.000192667656500352	0.00021308331557639
NY.GDP.PCAP.CN_lag1	1.54644921114037e-05	0.000839789067795256	0.000568222174870374
BX.GSR.FCTY.CD_min2	1.53137038239146e-05	0.000196123578590044	0.000497194403011578
FM.AST.DOMS.CN_ratioavg2	1.52891105261986e-05	0.00239106609580594	0.00191774984018751
IT.MLT.MAIN.P2	1.51767037882522e-05	0.00083546916518314	0.000994388806023155
NY.ADJ.DNGY.GN.ZS	1.50004339729363e-05	0.000755982957120215	0.000994388806023155
EG.ELC.NUCL.ZS_ratioavg2	1.47363861767057e-05	0.000826397369697698	0.000639249946729171
DC.DAC.FRAL.CD_avg2	1.46961348411949e-05	0.000213403189038506	0.000497194403011578
SP.POP.7579.MA.5Y_delta1	1.46474309742804e-05	0.000145580718028293	0.000355138859293984
TX.VAL.FOOD.ZS.UN	1.46228687235831e-05	0.00336434015431556	0.0022018609276227
BM.GSR.INSF.ZS_min2	1.39700316525715e-05	0.00043717414434609	0.000568222174870374
TM.VAL.MRCH.R5.ZS_delta1	1.39662974287924e-05	0.000246666439151796	0.000852333262305561
NY.ADJ.AEDU.GN.ZS	1.37530250876501e-05	0.000177547997357948	0.000426166631152781
NV.IND.TOTL.ZS_lag1	1.35897975915773e-05	0.000652305294429442	0.000710277718587968
NY.GDP.FCST.CN_delta1	1.34731090078765e-05	0.000437606134607301	0.000568222174870374
NY.GSR.NFCY.CN_lag1	1.33400785625682e-05	0.00133096199479279	0.00113644434974075
NY.ADJ.DNGY.GN.ZS_lag1	1.32860023763613e-05	0.000206491344859121	0.000355138859293984
BX.KLT.DINV.WD.GD.ZS_max2	1.3265979271613e-05	0.000478213219161187	0.000923361034164358
EN.GHG.CH4.MT.CE.AR5_min2	1.3249590777827e-05	4.88148995169053e-05	7.10277718587968e-05
SE.PRM.ENRR.MA	1.31234392179984e-05	0.000311464978333528	0.000781305490446765
FD.AST.PRVT.GD.ZS_max2	1.31053006116631e-05	6.22065976144634e-05	0.000142055543717594
NV.IND.TOTL.KD.ZG	1.28338932668833e-05	0.000413846670240666	0.000639249946729171
EN.GHG.CO2.RT.GDP.KD_avg2	1.28234437939833e-05	0.000495492829609649	0.000710277718587968
EG.ELC.HYRO.ZS	1.27191352039968e-05	3.3695240374501e-05	0.000142055543717594
SE.PRM.ENRL_delta1	1.26232451420474e-05	0.000482965112034514	0.00106541657788195
DT.ODA.ODAT.CD_max2	1.25920618691138e-05	0.000386199293523127	0.000284111087435187
TX.VAL.MRCH.HI.ZS_delta1	1.25738772356315e-05	0.000160268386909486	0.000497194403011578
YearsSinceFirst	1.25468954128005e-05	0.00156423673584703	0.00134952766531714
SP.POP.4549.MA.5Y_rank	1.22854251728862e-05	0.00285675159739199	0.00120747212159955
SE.SEC.ENRR.MA_lag1	1.20666400821883e-05	0.000184027851276121	0.000355138859293984
TM.VAL.MRCH.R4.ZS	1.20198474912852e-05	0.000368919683074665	0.000710277718587968
NE.CON.GOVT.CD_isNA_rank	1.17896758820957e-05	0.000312760949117163	0.000284111087435187
EN.GHG.ALL.MT.CE.AR5_ratioavg2	1.17341819973286e-05	9.76297990338106e-05	0.000426166631152781
EN.GHG.ALL.PC.CE.AR5_ratioavg2	1.16424635903943e-05	0.000701552184207559	0.000497194403011578
NE.CON.PRVT.KD_tend2	1.14429969053825e-05	0.000124413195228927	0.000355138859293984
FP.CPI.TOTL.ZG_max2	1.1416668091451e-05	0.000230682799486968	0.000497194403011578
TX.VAL.MRCH.WL.CD_delta1	1.14013363409248e-05	0.00198499525026708	0.00142055543717594
NE.CON.PRVT.CD_isNA_rank	1.09449833132368e-05	0.000246234448890584	0.000568222174870374
SE.SEC.ENRR_lag1	1.04452279088795e-05	0.000124413195228927	0.000284111087435187
SE.SEC.ENRL_rank	1.03831365558082e-05	2.67833961951162e-05	0.000142055543717594
BX.GSR.TRVL.ZS_avg2	1.02742273219564e-05	0.000579730930545902	0.000710277718587968
AG.PRD.CREL.MT_lag1	1.02108999805372e-05	0.00016718023108887	0.000284111087435187
EG.ELC.NGAS.ZS_ratioavg2	1.01887792819369e-05	0.000215563140344564	0.000497194403011578
AG.SRF.TOTL.K2_ratioavg2	1.0082314948008e-05	0.00486377835098086	0.0022018609276227
SP.POP.4549.MA.5Y_delta1	1.00402990683018e-05	0.000643665489205211	0.000710277718587968
BX.GSR.TRAN.ZS	9.94594292706138e-06	0.00024796240993543	0.000781305490446765
SP.POP.5054.MA.5Y_lag1	9.93129911727087e-06	0.000292889397101432	0.00021308331557639
SP.POP.4549.FE.5Y	9.61738117385161e-06	0.00356823955760741	0.00163363875275233
SP.DYN.AMRT.MA_delta1	9.61737610358126e-06	8.89899938095796e-05	0.000284111087435187
TX.VAL.FUEL.ZS.UN	9.54625778068209e-06	0.000969818136419932	0.00106541657788195
SP.DYN.LE00.IN	9.51242749512345e-06	0.000219019062434256	0.000284111087435187
SP.POP.0014.TO.ZS_delta1	9.24619098769e-06	0.00022549891635243	0.000426166631152781
SE.PRM.ENRR_delta1	9.2306454834699e-06	0.000184891831798544	0.000497194403011578
FM.LBL.BMNY.GD.ZS_ratiomax2	9.21804827451428e-06	0.000154652513513735	0.00021308331557639
DT.ODA.ALLD.CD	9.15465977137779e-06	0.00225023727065097	0.00127849989345834
ER.H2O.INTR.PC	9.10131136295841e-06	9.28779061604835e-05	0.000284111087435187
FS.AST.CGOV.GD.ZS_rank	9.09886765315709e-06	0.000229386828703334	0.000497194403011578
TX.VAL.MRCH.R6.ZS_rank	8.98683830991637e-06	0.000147740669334351	0.000284111087435187
NY.GDP.MKTP.KD.ZG_rank	8.81546121841456e-06	4.83829092556937e-05	0.000142055543717594
TX.VAL.TRAN.ZS.WT_rank	8.63772697114883e-06	4.6222957949636e-05	0.00021308331557639
TM.VAL.OTHR.ZS.WT_delta1	8.49512222344229e-06	8.89899938095796e-05	0.00021308331557639
IS.AIR.GOOD.MT.K1_ratioavg2	8.47799282107576e-06	0.000177979987619159	0.000497194403011578
AG.CON.FERT.ZS_avg2	8.46026467203773e-06	0.00043717414434609	0.000284111087435187
BX.TRF.CURR.CD_max2	8.38486554199884e-06	5.05428605617515e-05	0.000142055543717594
NY.ADJ.DNGY.GN.ZS_isNA_rank	8.22809795036917e-06	0.00135040155654731	0.00113644434974075
NE.CON.GOVT.ZS_lag1	8.15925024017256e-06	0.00268697942473585	0.00127849989345834
TM.VAL.MRCH.R4.ZS_delta1	8.03855400688192e-06	6.30705781368865e-05	0.000284111087435187
BX.GSR.TRAN.ZS_delta1	8.01548451913804e-06	9.28779061604835e-05	0.000284111087435187
NY.GDP.MINR.RT.ZS_rank	7.99907057030467e-06	6.86864515326367e-05	0.000284111087435187
BX.GRT.TECH.CD.WD_isNA_rank	7.93989910154927e-06	0.000354664004454684	0.000852333262305561
AG.PRD.CROP.XD	7.91375386945922e-06	0.000422486475464897	0.000852333262305561
AG.PRD.CREL.MT_min2	7.87234677894878e-06	1.03677662690772e-05	7.10277718587968e-05
BX.KLT.DINV.CD.WD_ratioavg2	7.80654368669871e-06	0.000196555568851256	0.000568222174870374
AG.LND.ARBL.ZS_lag1	7.66197930411514e-06	4.79509189944822e-05	0.00021308331557639
IT.CEL.SETS.P2_tend2	7.60690320709244e-06	0.000559427388268959	0.000852333262305561
SE.PRM.TCHR	7.21860534212085e-06	0.000130461058885888	0.000426166631152781
SE.SEC.ENRR_delta1	7.21032420848617e-06	0.00046784545289211	0.000994388806023155
NE.CON.PRVT.KD_ratioavg2	7.17675893336599e-06	6.22065976144634e-05	0.00021308331557639
TM.VAL.MRCH.R5.ZS_lag1	7.13527125936515e-06	0.000245370468368161	0.000568222174870374
NY.ADJ.DRES.GN.ZS_isNA_rank	7.11948986550928e-06	0.000264810030122681	0.000639249946729171
IS.AIR.GOOD.MT.K1	7.09642047046065e-06	0.00112922254280699	0.000781305490446765
TM.VAL.MRCH.R1.ZS_rank	7.09552004106742e-06	1.55516494036158e-05	7.10277718587968e-05
SP.POP.1564.FE.IN_delta1	7.0667125000798e-06	2.505543515027e-05	7.10277718587968e-05
DT.NFL.UNDP.CD_rank	6.9842940273415e-06	0.000376695507776473	0.000284111087435187
SP.DYN.IMRT.MA.IN	6.9574493321409e-06	0.00147913465438835	0.000781305490446765
EN.GHG.CO2.BU.MT.CE.AR5_ratioavg2	6.85796324270492e-06	0.00116939763709967	0.00120747212159955
NY.GDP.PCAP.KD.ZG	6.83187111114479e-06	4.6222957949636e-05	0.000142055543717594
NV.IND.TOTL.KD.ZG_delta1	6.6519458304798e-06	0.000814733632644986	0.00134952766531714
BM.GSR.CMCP.ZS_min2	6.6489306582947e-06	7.51663054508099e-05	0.00021308331557639
SE.SEC.ENRL_isNA_rank	6.62667073121322e-06	0.000121821253661657	0.000284111087435187
FP.CPI.TOTL.ZG	6.60540925394598e-06	0.000717103833611175	0.00134952766531714
TX.VAL.OTHR.ZS.WT	6.55890978412533e-06	0.000895947801752757	0.00149158320903473
TM.VAL.FUEL.ZS.UN_lag1	6.51407306776197e-06	0.000120093292616811	0.000355138859293984
EN.GHG.CH4.FE.MT.CE.AR5_delta1	6.40995373134716e-06	0.000290729445795374	0.000497194403011578
FI.RES.XGLD.CD_tend2	6.3353110267407e-06	0.000545171709648978	0.000497194403011578
NY.ADJ.DRES.GN.ZS	6.33368709545186e-06	0.000378423468821319	0.000852333262305561
BX.KLT.DINV.WD.GD.ZS	6.26862988565237e-06	0.0014173600470351	0.00177569429646992
TX.VAL.OTHR.ZS.WT_isNA_rank	6.2146568373516e-06	0.000160700377170697	0.000426166631152781
NY.GDP.PCAP.KN	6.18239273497802e-06	0.000573251076627729	0.000426166631152781
BM.TRF.PWKR.CD.DT_min2	6.08289353922867e-06	0.000168908192133717	0.000355138859293984
SP.POP.6064.FE.5Y	6.03606036915102e-06	0.00021167522799366	0.000284111087435187
FI.RES.XGLD.CD_lag1	5.99559059010219e-06	2.9807328023597e-05	7.10277718587968e-05
EN.GHG.N2O.PI.MT.CE.AR5_tend2	5.96839732300534e-06	0.000291593426317797	0.000284111087435187
IT.CEL.SETS.P2_ratioavg2	5.96839264103972e-06	0.000419462543636416	0.000710277718587968
SP.POP.65UP.MA.ZS_lag1	5.96235103576117e-06	0.00102424890933259	0.000568222174870374
TX.VAL.MRCH.R6.ZS	5.94652553078688e-06	0.000315784880945644	0.000426166631152781
DT.ODA.ALLD.CD_max2	5.93822179128196e-06	0.000898107753058815	0.000639249946729171
NE.EXP.GNFS.KD	5.89111639905715e-06	0.000122685234184081	0.00021308331557639
SP.POP.0014.MA.IN_delta1	5.83179360036692e-06	9.11499451156373e-05	0.00021308331557639
NY.GNP.ATLS.CD	5.81389593861997e-06	2.76473767175393e-05	7.10277718587968e-05
TM.VAL.MRCH.R2.ZS_delta1	5.7806641419823e-06	0.00154954906696583	0.0022018609276227
TM.VAL.FUEL.ZS.UN	5.70855901713424e-06	0.000572387096105305	0.000994388806023155
NY.GDP.MKTP.KD_isNA_rank	5.69727514843219e-06	0.000879532171826718	0.00177569429646992
IT.CEL.SETS_tend2	5.64938175684171e-06	0.000457909676884244	0.000923361034164358
NE.TRD.GNFS.ZS_rank	5.61420965441639e-06	8.8558003548368e-05	0.00021308331557639
BX.GSR.GNFS.CD_delta1	5.56689796751715e-06	0.000333064491394106	0.000355138859293984
BX.KLT.DINV.WD.GD.ZS_min2	5.50742475300396e-06	0.000738703346671753	0.000994388806023155
NE.IMP.GNFS.KD.ZG	5.45699191763942e-06	0.000644961459988846	0.00106541657788195
EN.GHG.N2O.PI.MT.CE.AR5	5.41327302003028e-06	7.94862080629254e-05	0.00021308331557639
DC.DAC.TOTL.CD_max2	5.28175012566622e-06	0.000282953621093566	0.000284111087435187
DT.ODA.ODAT.PC.ZS_lag1	5.03601650815392e-06	0.000658785148347616	0.000568222174870374
SP.POP.4549.FE.5Y_rank	4.99887458590724e-06	0.000259626146988142	0.00021308331557639
SP.POP.GROW_lag1	4.93221901048739e-06	7.43023249283868e-05	0.00021308331557639
ER.H2O.INTR.K3_rank	4.91163676884697e-06	0.000188779744149448	0.000142055543717594
covid_year_rank	4.89806842133912e-06	0.000134780961498004	0.000426166631152781
TM.VAL.TRAN.ZS.WT_delta1	4.869082594079e-06	0.00019223566623914	0.000355138859293984
AG.LND.PRCP.MM_max2	4.85332175818555e-06	0.000186187802582179	0.000142055543717594
FI.RES.TOTL.CD	4.80271446812651e-06	0.000619042044316153	0.000852333262305561
BM.GSR.INSF.ZS_lag1	4.77515965323629e-06	0.000639777576854307	0.000781305490446765
BM.GSR.GNFS.CD	4.73757989457774e-06	6.86864515326367e-05	0.000142055543717594
AG.PRD.FOOD.XD_min2	4.72520584346492e-06	0.000120957273139234	0.000355138859293984
TX.VAL.SERV.CD.WT_delta1	4.72219575406178e-06	0.00324856676431087	0.00156261098089353
FM.AST.DOMS.CN_lag1	4.62441589087453e-06	0.000206923335120333	0.00021308331557639
NY.GDP.MKTP.CD_isNA_rank	4.60539916117837e-06	0.000242778526800892	0.000852333262305561
FI.RES.XGLD.CD_delta1	4.59565573951209e-06	0.000237162653405142	0.000284111087435187
NE.GDI.TOTL.CD_delta1	4.54119813231936e-06	6.09106268308287e-05	0.00021308331557639
AG.LND.CROP.ZS_ratioavg2	4.53355243286406e-06	0.000663969031482154	0.000497194403011578
BM.GSR.CMCP.ZS	4.52755773083722e-06	0.00013650892254285	0.000355138859293984
SH.DYN.MORT_lag1	4.49326583977414e-06	0.00174696861633951	0.000852333262305561
FI.RES.TOTL.CD_delta1	4.47980215174114e-06	0.00095253852597147	0.000710277718587968
DC.DAC.USAL.CD_tend2	4.44596815543704e-06	0.000126573146534985	0.000497194403011578
DT.ODA.ODAT.PC.ZS	4.43060187078255e-06	0.000498084771176919	0.000355138859293984
SE.SEC.ENRR.FE_lag1	4.38129348573263e-06	9.93577600786568e-05	0.000426166631152781
DT.ODA.ODAT.CD_lag1	4.34649426177291e-06	0.000997897503398683	0.000497194403011578
BX.PEF.TOTL.CD.WD_ratioavg2	4.2404540431405e-06	0.000100653730862291	0.000284111087435187
NE.CON.PRVT.ZS_max2	4.20756327756232e-06	0.00350473698920932	0.00177569429646992
IT.CEL.SETS_delta1	4.19197926018676e-06	0.000301529202325663	0.000568222174870374
ER.FSH.PROD.MT_ratioavg2	4.18951546391149e-06	0.000131757029669523	0.000284111087435187
TG.VAL.TOTL.GD.ZS_lag1	4.158025512807e-06	0.000416438611807935	0.000426166631152781
post_crisis_rank	4.13964152953022e-06	0.00268265952212373	0.00205980538390511
FP.CPI.TOTL_tend2	4.12683549327072e-06	0.000872620327647334	0.00134952766531714
TM.VAL.SERV.CD.WT	4.07703669120327e-06	0.00047346132628786	0.00021308331557639
FS.AST.CGOV.GD.ZS_tend2	4.07220038352186e-06	0.000533075982335054	0.000852333262305561
FD.AST.PRVT.GD.ZS_isNA_rank	4.06531537896036e-06	7.47343151895984e-05	0.00021308331557639
NE.CON.GOVT.CD	4.06257967183412e-06	4.19030553375205e-05	0.000142055543717594
NV.IND.MANF.ZS_delta1	4.03285180714464e-06	0.00365593358063336	0.00241494424319909
TX.VAL.OTHR.ZS.WT_delta1	4.02046284778915e-06	0.00321184759210788	0.00298316641806947
AG.PRD.CROP.XD_lag1	4.00879904381343e-06	0.000360711868111645	0.000497194403011578
NY.ADJ.NNTY.PC.CD_isNA_rank	3.93795166760269e-06	0.00112749458176215	0.00156261098089353
EN.GHG.CH4.BU.MT.CE.AR5_ratioavg2	3.90758764000201e-06	0.000511908459535688	0.000852333262305561
NY.GDS.TOTL.ZS	3.90078786806973e-06	0.00296042926008276	0.00156261098089353
SE.PRM.ENRL_isNA_rank	3.87392763941956e-06	9.20139256380604e-05	0.00021308331557639
SP.POP.6064.MA.5Y_lag1	3.84990426827268e-06	0.000617746073532518	0.000355138859293984
TX.VAL.AGRI.ZS.UN	3.84549329406162e-06	0.000166316250566447	0.000284111087435187
AG.PRD.CROP.XD_max2	3.80249963677865e-06	0.000472165355504226	0.000923361034164358
TM.VAL.MRCH.CD.WT	3.78945518013153e-06	2.28954838442122e-05	7.10277718587968e-05
AG.CON.FERT.ZS	3.78366516087614e-06	0.00205627364336698	0.00142055543717594
EN.GHG.CH4.BU.MT.CE.AR5_tend2	3.77249278954433e-06	0.00103548065612409	0.00120747212159955
FS.AST.PRVT.GD.ZS_rank	3.75529839983776e-06	3.71511624641934e-05	7.10277718587968e-05
SP.POP.4044.FE.5Y_delta1	3.74595415608593e-06	0.00137372903065273	0.00120747212159955
BX.KLT.DINV.CD.WD_isNA_rank	3.74361621260628e-06	0.00128128311475346	0.00191774984018751
SP.POP.0509.FE.5Y_lag1	3.72981640547882e-06	0.00323344710516846	0.00149158320903473
SP.POP.2024.MA.5Y_delta1	3.71891763662661e-06	0.000485557053601784	0.000426166631152781
BX.TRF.PWKR.DT.GD.ZS	3.69781474821108e-06	0.00117458152023421	0.00120747212159955
NY.GDP.FCST.KD_isNA_rank	3.65895611642459e-06	0.000384903322739492	0.000639249946729171
SH.DYN.MORT.MA_lag1	3.65851989530188e-06	0.00243988099532284	0.00113644434974075
EG.USE.PCAP.KG.OE_max2	3.65027468616583e-06	0.00188088559731509	0.000994388806023155
DC.DAC.USAL.CD_max2	3.63951981978775e-06	0.000422486475464897	0.000355138859293984
FS.AST.CGOV.GD.ZS_lag1	3.6240885188414e-06	0.000475621277593918	0.000497194403011578
BM.GSR.GNFS.CD_min2	3.59576159307488e-06	0.000196987559112467	0.000142055543717594
EN.GHG.CO2.IC.MT.CE.AR5_ratioavg2	3.58238958664824e-06	0.000614722141704038	0.000994388806023155
DC.DAC.FRAL.CD_isNA_rank	3.57291700360115e-06	0.00190075714933083	0.00156261098089353
AG.CON.FERT.ZS_min2	3.49981550651465e-06	0.000603490394912537	0.000497194403011578
DT.ODA.ODAT.PC.ZS_min2	3.49748700699795e-06	2.07355325381545e-05	7.10277718587968e-05
TX.VAL.MRCH.R2.ZS_lag1	3.49160438017239e-06	0.000341272306357125	0.000568222174870374
BM.GSR.MRCH.CD_lag1	3.48279824638552e-06	2.505543515027e-05	7.10277718587968e-05
TX.VAL.FOOD.ZS.UN_delta1	3.45818401986413e-06	0.00119488506251115	0.00127849989345834
AG.LND.AGRI.ZS	3.45137113522768e-06	0.00068211262245304	0.000497194403011578
BX.PEF.TOTL.CD.WD	3.40477020491209e-06	0.00120957273139234	0.00149158320903473
DT.ODA.ODAT.GN.ZS_rank	3.31665628999943e-06	0.000603922385173749	0.000497194403011578
DT.ODA.ALLD.KD_isNA_rank	3.30655057606501e-06	0.000483829092556937	0.000426166631152781
FI.RES.TOTL.CD_lag1	3.26163482819127e-06	6.00466463084056e-05	0.000142055543717594
SE.SEC.ENRL.GC_isNA_rank	3.24646539044867e-06	0.000258762166465719	0.000426166631152781
SE.PRM.ENRR.FE_delta1	3.162546993812e-06	0.000172364114223409	0.000639249946729171
AG.PRD.FOOD.XD_avg2	3.15594375639164e-06	0.000614290151442826	0.000710277718587968
NV.IND.TOTL.KD.ZG_lag1	3.14518475487473e-06	0.000358983907066799	0.000710277718587968
TX.VAL.MMTL.ZS.UN_isNA_rank	3.13698099593145e-06	4.57909676884244e-05	0.00021308331557639
TX.VAL.MRCH.WR.ZS_delta1	3.11414640592294e-06	0.000173660085007044	0.000355138859293984
NV.SRV.TOTL.CD	3.10858895223888e-06	0.000202603432508218	0.000284111087435187
SP.POP.1564.FE.ZS_lag1	3.08699783268872e-06	0.000162860328476755	7.10277718587968e-05
EN.GHG.CO2.IC.MT.CE.AR5_tend2	3.08472228717878e-06	0.00151542183633012	0.00142055543717594
BM.GSR.MRCH.CD_min2	3.0827706894322e-06	0.000156812464819793	7.10277718587968e-05
NV.IND.TOTL.KD.ZG_isNA_rank	3.05439343933644e-06	0.000249258380719065	0.000497194403011578
NE.CON.PRVT.ZS_delta1	3.05118846462423e-06	0.000194395617545198	0.000284111087435187
EN.GHG.CO2.FE.MT.CE.AR5_tend2	3.04729050212151e-06	0.000508452537445996	0.000497194403011578
EN.GHG.CH4.AG.MT.CE.AR5_max2	3.02074420028561e-06	0.000120957273139234	0.000142055543717594
EG.ELC.COAL.ZS_avg2	2.98087074912753e-06	4.83829092556937e-05	7.10277718587968e-05
BM.KLT.DINV.CD.WD_tend2	2.97664971139296e-06	0.000366327741507395	0.000639249946729171
BM.GSR.TOTL.CD	2.96511106878838e-06	0.000440198076174571	0.00021308331557639
EN.GHG.CO2.IC.MT.CE.AR5_delta1	2.91536689112588e-06	0.000838493097011621	0.000639249946729171
NE.IMP.GNFS.KD	2.902080051465e-06	3.19672793296548e-05	0.000142055543717594
EN.GHG.CH4.WA.MT.CE.AR5_tend2	2.87948707630561e-06	0.000108429555564099	0.00021308331557639
NE.CON.PRVT.KD_isNA_rank	2.84205254639413e-06	0.0001421247959386	0.000284111087435187
BX.TRF.CURR.CD_isNA_rank	2.81944749704923e-06	0.000225066926091218	0.000355138859293984
FM.AST.PRVT.GD.ZS_isNA_rank	2.81369297876652e-06	0.000147740669334351	0.000497194403011578
FS.AST.CGOV.GD.ZS	2.76301497287404e-06	0.00282132839597264	0.00191774984018751
SE.PRM.ENRR_rank	2.71445926833956e-06	0.000135212951759216	0.00021308331557639
DT.ODA.ALLD.KD_min2	2.69507153163795e-06	0.00047605326785513	0.000284111087435187
EG.ELC.NGAS.ZS_max2	2.63441145649895e-06	3.62871819417703e-05	7.10277718587968e-05
AG.YLD.CREL.KG_min2	2.61354019530884e-06	0.00251807123260213	0.00156261098089353
DC.DAC.CECL.CD_avg2	2.60622751254597e-06	0.000273881825608124	0.000426166631152781
EN.URB.LCTY.UR.ZS_max2	2.59469027689602e-06	6.13426170920403e-05	0.000142055543717594
TM.VAL.MRCH.R4.ZS_rank	2.58993965221781e-06	3.88791235090396e-05	0.000142055543717594
SH.DTH.MORT_lag1	2.58713350999565e-06	0.000517092342670227	0.000355138859293984
DT.NFL.UNDP.CD_isNA_rank	2.57522796424204e-06	0.00141606407625147	0.00156261098089353
BM.KLT.DINV.CD.WD_avg2	2.53441279445054e-06	0.00128992291997769	0.000923361034164358
AG.LND.AGRI.ZS_max2	2.52316535826554e-06	0.00112231069862761	0.000639249946729171
AG.LND.CREL.HA_tend2	2.47082912807223e-06	0.000600898453345268	0.000923361034164358
NY.GDP.MKTP.CN_delta1	2.45410462550266e-06	0.000266969981428739	0.000284111087435187
FM.AST.PRVT.GD.ZS_avg2	2.43590596090304e-06	3.93111137702512e-05	7.10277718587968e-05
NY.GDP.FCST.CN_isNA_rank	2.37736976750932e-06	0.000134348971236792	0.000426166631152781
DC.DAC.FRAL.CD	2.36224791761707e-06	0.000419894533897628	0.000923361034164358
BG.GSR.NFSV.GD.ZS_tend2	2.35501526193744e-06	0.000432422251472763	0.000568222174870374
TM.VAL.MMTL.ZS.UN_isNA_rank	2.3360403435345e-06	0.000282521630832355	0.000497194403011578
FI.RES.XGLD.CD	2.33195682981818e-06	0.000347752160275299	0.000568222174870374
TM.VAL.AGRI.ZS.UN_delta1	2.31729012952094e-06	0.000356823955760741	0.000639249946729171
NY.GSR.NFCY.CN_isNA_rank	2.30847640301829e-06	0.000215131150083353	0.000568222174870374
AG.PRD.FOOD.XD_ratioavg2	2.2924845005908e-06	0.000295913328929913	0.000497194403011578
AG.CON.FERT.ZS_rank	2.28607955180775e-06	1.38236883587696e-05	7.10277718587968e-05
TX.VAL.MRCH.AL.ZS_delta1	2.27984505069223e-06	7.77582470180792e-05	0.000284111087435187
SE.SEC.ENRL.GC.FE.ZS_isNA_rank	2.2379091832744e-06	0.000254874254114815	0.000568222174870374
NV.AGR.TOTL.CN	2.22526285699697e-06	0.000904155616715777	0.000781305490446765
SP.POP.4044.MA.5Y_delta1	2.22306515332916e-06	0.00243642507323315	0.00163363875275233
SP.POP.DPND.OL	2.21715037296013e-06	0.000449269871660013	0.00021308331557639
MS.MIL.MPRT.KD_avg2	2.21396277118228e-06	0.00024234653653968	0.000426166631152781
FP.CPI.TOTL_delta1	2.19432743586551e-06	0.000425078417032166	0.000568222174870374
TX.VAL.MRCH.RS.ZS	2.17683607187569e-06	0.000214267169560929	0.000142055543717594
SP.RUR.TOTL.ZS_lag1	2.16471529606277e-06	0.000244506487845738	0.00021308331557639
BX.PEF.TOTL.CD.WD_min2	2.15528079881821e-06	0.00027560978665297	0.000497194403011578
EN.GHG.CO2.IP.MT.CE.AR5_ratioavg2	2.15417527486346e-06	0.00136768116699577	0.00149158320903473
MS.MIL.XPND.GD.ZS_rank	2.14988790225934e-06	1.29597078363465e-05	7.10277718587968e-05
year_cycle_lag1	2.14499465450738e-06	4.88148995169053e-05	0.00021308331557639
AG.PRD.LVSK.XD_max2	2.14422299790948e-06	0.000215131150083353	0.00021308331557639
SP.POP.3034.MA.5Y_rank	2.13057863443837e-06	6.52305294429442e-05	0.000142055543717594
BM.GSR.INSF.ZS	2.12584741709203e-06	0.0020307862179555	0.0021308331557639
SE.PRM.DURS_rank	2.08607079508372e-06	9.63338282501759e-05	0.000284111087435187
SP.POP.1564.FE.ZS	2.06903613670608e-06	0.0015819483365567	0.000852333262305561
BX.PEF.TOTL.CD.WD_avg2	2.03583938607653e-06	0.000992713620264145	0.00184672206832872
DC.DAC.FRAL.CD_lag1	2.0186795476571e-06	0.000189211734410659	0.000568222174870374
SP.POP.6569.MA.5Y	2.01437470678666e-06	0.000225930906613641	0.000142055543717594
NE.CON.GOVT.ZS_tend2	2.00801563802658e-06	0.000412550699457031	0.000852333262305561
EN.POP.DNST_ratioavg2	2.00487627091295e-06	2.24634935830007e-05	7.10277718587968e-05
IT.MLT.MAIN.P2_delta1	1.99730754059862e-06	0.00115384598769605	0.000781305490446765
TM.VAL.MMTL.ZS.UN	1.98451319100471e-06	0.000191803675977929	0.000142055543717594
TM.VAL.MRCH.R3.ZS	1.98036706368729e-06	0.00145321523871566	0.00113644434974075
TM.VAL.MRCH.R6.ZS_isNA_rank	1.95555717600024e-06	0.000744319220067503	0.000994388806023155
MS.MIL.XPND.CD_tend2	1.95090952965517e-06	0.000907611538805469	0.000781305490446765
SP.DYN.IMRT.IN	1.94887902154522e-06	0.00109855123426097	0.000497194403011578
NE.IMP.GNFS.KD.ZG_lag1	1.94555175852314e-06	0.000492036907519957	0.000710277718587968
BX.GSR.MRCH.CD	1.94435853515581e-06	2.76473767175393e-05	7.10277718587968e-05
TX.VAL.MRCH.RS.ZS_lag1	1.92915186311912e-06	6.99824223162713e-05	0.000142055543717594
NY.GDP.MKTP.KN_lag1	1.92798127114146e-06	0.00016156435769312	7.10277718587968e-05
IT.MLT.MAIN_ratiomax2	1.92256386100077e-06	6.60945099653674e-05	0.000142055543717594
NV.IND.MANF.KD_isNA_rank	1.91748417800154e-06	6.00466463084056e-05	0.00021308331557639
BM.KLT.DINV.CD.WD_ratioavg2	1.9164418470617e-06	0.000459205647667879	0.000923361034164358
BX.KLT.DINV.WD.GD.ZS_avg2	1.91529240453868e-06	0.000794862080629254	0.00134952766531714
EG.USE.ELEC.KH.PC_isNA_rank	1.91396521256132e-06	0.00133225796557642	0.00142055543717594
AG.LND.AGRI.ZS_min2	1.91233570745289e-06	0.00084929285354191	0.000568222174870374
BX.TRF.PWKR.DT.GD.ZS_isNA_rank	1.91233247155147e-06	9.2445915899272e-05	0.000355138859293984
FS.AST.PRVT.GD.ZS_tend2	1.90459495407164e-06	0.000130029068624677	0.000497194403011578
NE.CON.PRVT.KD.ZG_ratioavg2	1.89150076081988e-06	0.000196123578590044	0.000639249946729171
SP.POP.65UP.FE.ZS_delta1	1.87060241334572e-06	0.000256602215159661	0.00021308331557639
EN.GHG.ALL.PC.CE.AR5_lag1	1.86293676315823e-06	0.000625953888495538	0.000426166631152781
TX.VAL.FUEL.ZS.UN_lag1	1.85992927664313e-06	0.000387927254567973	0.000639249946729171
SE.PRM.ENRL	1.85483586499571e-06	0.00017538804605189	0.000355138859293984
TM.VAL.INSF.ZS.WT_lag1	1.84968925315823e-06	0.0045549053142146	0.00248597201505789
BX.GSR.TRAN.ZS_avg2	1.84756550848859e-06	1.90075714933083e-05	7.10277718587968e-05
EG.USE.ELEC.KH.PC_min2	1.84228768496394e-06	0.00288569494489316	0.00156261098089353
NV.SRV.TOTL.KD_lag1	1.82848353699712e-06	0.0011629177831815	0.000639249946729171
IT.MLT.MAIN.P2_tend2	1.81279356620758e-06	0.001862310016083	0.00142055543717594
DC.DAC.TOTL.CD_isNA_rank	1.80110291163344e-06	0.000362871819417703	0.000497194403011578
EG.ELC.PETR.ZS_min2	1.79882526260409e-06	5.52947534350786e-05	7.10277718587968e-05
DT.ODA.ODAT.GN.ZS_tend2	1.7949617129355e-06	2.41914546278469e-05	0.000142055543717594
crisis_impact_rich_rank	1.78853096510329e-06	0.0012566596698644	0.00113644434974075
NY.GDP.DEFL.KD.ZG_lag1	1.77696973461522e-06	0.000271289884040854	0.000994388806023155
BM.GSR.CMCP.ZS_tend2	1.7750364056195e-06	0.000306713085460201	0.000639249946729171
DT.ODA.ODAT.CD_delta1	1.75756915987897e-06	0.000104109652951984	0.000142055543717594
FI.RES.TOTL.CD_avg2	1.72669890833147e-06	2.07355325381545e-05	7.10277718587968e-05
FP.CPI.TOTL.ZG_ratioavg2	1.71933974684771e-06	0.00375399536992838	0.0021308331557639
FS.AST.CGOV.GD.ZS_max2	1.71357426400351e-06	0.000834173194399506	0.000710277718587968
SH.MMR.DTHS	1.6968331103418e-06	0.000189211734410659	0.000142055543717594
FS.AST.PRVT.GD.ZS_delta1	1.6915487155472e-06	8.81260132871565e-05	0.000355138859293984
DC.DAC.TOTL.CD_avg2	1.68879003070635e-06	0.000279065708742662	0.00021308331557639
NE.GDI.FTOT.ZS_delta1	1.68720507434607e-06	0.000617746073532518	0.000923361034164358
EG.ELC.NUCL.ZS	1.67933900180092e-06	0.00116118982213665	0.000639249946729171
SP.POP.DPND.YG_delta1	1.67036767362234e-06	0.000115341399743484	0.00021308331557639
EG.ELC.FOSL.ZS_min2	1.6617470606803e-06	5.31348021290208e-05	0.000284111087435187
TM.VAL.MANF.ZS.UN_delta1	1.64428973983131e-06	0.000749935093463253	0.000497194403011578
NY.ADJ.DMIN.GN.ZS_delta1	1.62743335237433e-06	0.000190507705194294	0.000568222174870374
EG.ELC.NUCL.ZS_tend2	1.62614452424343e-06	0.00175128851895163	0.000923361034164358
NV.SRV.TOTL.CD_delta1	1.60236448355739e-06	0.000225930906613641	0.000497194403011578
TM.VAL.AGRI.ZS.UN	1.5902542491649e-06	0.000644097479466423	0.000923361034164358
NY.GDP.MKTP.KD.ZG_isNA_rank	1.58963673973751e-06	0.00143679960878962	0.00184672206832872
SP.POP.3034.FE.5Y_lag1	1.58481921223006e-06	0.00132793806296431	0.000710277718587968
SP.POP.65UP.TO.ZS	1.58193904715486e-06	0.000187915763627025	0.00021308331557639
SE.SEC.ENRL	1.58184332301473e-06	0.000117501351049542	0.000355138859293984
TX.VAL.MRCH.R3.ZS_rank	1.58030782415468e-06	0.000339976335573491	0.000568222174870374
BX.GSR.NFSV.CD_ratioavg2	1.57544093140474e-06	0.000321400754341394	0.000710277718587968
FP.CPI.TOTL_avg2	1.56656030182183e-06	9.54698477277528e-05	0.000284111087435187
DC.DAC.GBRL.CD_rank	1.56069004373839e-06	0.00362267033052007	0.00191774984018751
BX.GSR.FCTY.CD_tend2	1.55095055775925e-06	0.000376263517515261	0.000355138859293984
NV.IND.TOTL.KD_lag1	1.5459581616942e-06	0.00135947335203275	0.000639249946729171
NV.AGR.TOTL.ZS_isNA_rank	1.54062250108715e-06	0.00175085652869042	0.00156261098089353
TM.VAL.MANF.ZS.UN	1.52469291548696e-06	0.00112879055254578	0.00113644434974075
NE.RSB.GNFS.CN_rank	1.52100338206244e-06	0.000515364381625381	0.000781305490446765
trade_balance_ratio_rank	1.50481143703499e-06	8.51020814586756e-05	0.00021308331557639
DT.ODA.ODAT.PC.ZS_max2	1.493290970959e-06	0.000291593426317797	0.000284111087435187
NY.GDP.DEFL.ZS_isNA_rank	1.49286453588112e-06	0.00104455245160953	0.00120747212159955
NE.CON.TOTL.KD_isNA_rank	1.48796341838524e-06	0.00018100391944764	0.000426166631152781
NY.GSR.NFCY.CN_rank	1.48756632053443e-06	0.000366759731768607	0.000355138859293984
NE.CON.GOVT.ZS_ratioavg2	1.48699700172257e-06	0.000352504053148626	0.000710277718587968
AG.LND.AGRI.ZS_lag1	1.46701762435118e-06	0.0010544882276174	0.000639249946729171
SH.DYN.NMRT_lag1	1.4453084631055e-06	0.000958154399367221	0.000497194403011578
SM.POP.RHCR.EA_delta1	1.44408763783628e-06	0.00175647240208617	0.00113644434974075
NE.CON.GOVT.ZS_min2	1.42106707747064e-06	0.000372375605164357	0.000497194403011578
EN.GHG.N2O.BU.MT.CE.AR5_lag1	1.41264063828946e-06	8.59660619810987e-05	7.10277718587968e-05
DC.DAC.CECL.CD_rank	1.40756824122888e-06	0.000360279877850434	0.000355138859293984
BX.TRF.CURR.CD_delta1	1.40154137826683e-06	6.60945099653674e-05	0.000284111087435187
FS.AST.CGOV.GD.ZS_isNA_rank	1.39073192218539e-06	0.000284681582138412	0.000426166631152781
MS.MIL.MPRT.KD_tend2	1.38685525178656e-06	0.000311032988072317	0.000568222174870374
TX.VAL.MRCH.HI.ZS	1.37952459961573e-06	8.76940230259449e-05	0.00021308331557639
NE.CON.TOTL.KD.ZG_rank	1.37331839625341e-06	3.41272306357125e-05	0.00021308331557639
NV.AGR.TOTL.ZS_delta1	1.35868518681056e-06	0.000910203480372738	0.00113644434974075
NE.EXP.GNFS.ZS_delta1	1.35670956449157e-06	0.00019223566623914	0.000284111087435187
BX.GSR.GNFS.CD_ratioavg2	1.35408688664162e-06	0.000255306244376027	0.000497194403011578
NY.GSR.NFCY.CD_rank	1.34867927193231e-06	3.93111137702512e-05	7.10277718587968e-05
SH.DYN.MORT.FE_rank	1.345199365713e-06	0.000327016627737144	0.00021308331557639
SP.DYN.TO65.MA.ZS	1.33530670699887e-06	0.00158670022943003	0.000994388806023155
ER.FSH.AQUA.MT_ratioavg2	1.32044169945738e-06	0.00013910086411012	0.000568222174870374
BM.GSR.GNFS.CD_tend2	1.28825096338421e-06	1.12317467915003e-05	7.10277718587968e-05
TX.VAL.MRCH.R2.ZS_delta1	1.28516678795928e-06	0.000411686718934608	0.000994388806023155
NY.ADJ.NNTY.CD	1.27232583525977e-06	9.15819353768489e-05	0.000284111087435187
NE.CON.GOVT.CD_ratioavg2	1.27222771053284e-06	4.66549482108475e-05	0.000142055543717594
TM.VAL.MRCH.R2.ZS	1.24962368933777e-06	0.000435014193040032	0.000710277718587968
TM.VAL.MRCH.WL.CD_delta1	1.24916126681223e-06	0.00055683544670169	0.000568222174870374
SH.MMR.RISK_lag1	1.23998360457094e-06	0.00100135342548838	0.000852333262305561
NV.AGR.TOTL.CN_lag1	1.23930007857059e-06	0.000129597078363465	0.00021308331557639
NV.IND.MANF.ZS_rank	1.23318637142142e-06	6.78224710102135e-05	0.000284111087435187
SP.POP.65UP.TO_delta1	1.22707701496097e-06	5.91826657859825e-05	0.000142055543717594
EN.GHG.CH4.BU.MT.CE.AR5_delta1	1.19295290554133e-06	0.000295481338668701	0.000639249946729171
EN.GHG.CO2.PC.CE.AR5_ratiomax2	1.17317233179034e-06	2.15995130605776e-05	7.10277718587968e-05
NE.EXP.GNFS.KD.ZG	1.15793325753561e-06	0.000310600997811105	0.000852333262305561
DC.DAC.JPNL.CD_lag1	1.13595921575182e-06	0.000364599780462549	0.000497194403011578
EN.GHG.N2O.AG.MT.CE.AR5_tend2	1.13027227041627e-06	0.000141260815416177	0.000284111087435187
NY.ADJ.DNGY.CD_isNA_rank	1.12860064350971e-06	0.000600466463084056	0.000852333262305561
EN.GHG.CO2.PI.MT.CE.AR5	1.12519295560526e-06	7.68942664956561e-05	0.000142055543717594
NV.AGR.TOTL.CN_delta1	1.117336301836e-06	0.00217204703337168	0.00184672206832872
BM.GSR.TRAN.ZS_max2	1.1146637863469e-06	6.99824223162713e-05	0.000284111087435187
EN.GHG.N2O.WA.MT.CE.AR5_ratioavg2	1.10699657292597e-06	0.000764622762344446	0.000923361034164358
FI.RES.TOTL.MO_isNA_rank	1.10613897790537e-06	0.00136292927412244	0.000852333262305561
NY.GDP.FCST.CN	1.09863346745e-06	0.00053178001155142	0.000426166631152781
SP.POP.5559.MA.5Y_lag1	1.08906531593544e-06	0.000919275275858181	0.000426166631152781
SP.DYN.IMRT.MA.IN_lag1	1.08670074257038e-06	0.000386199293523127	0.00021308331557639
EN.GHG.CO2.PC.CE.AR5_tend2	1.07492572645056e-06	5.44307729126555e-05	0.00021308331557639
TM.VAL.MMTL.ZS.UN_delta1	1.07489495115082e-06	0.000198715520157314	0.000639249946729171
AG.LND.ARBL.HA.PC_delta1	1.07056800772273e-06	1.20957273139234e-05	7.10277718587968e-05
DT.ODA.ODAT.GN.ZS_ratiomax2	1.06357492607675e-06	2.1167522799366e-05	0.000142055543717594
NY.ADJ.NNTY.PC.CD_delta1	1.06127279871814e-06	0.000863980522423102	0.000639249946729171
NE.RSB.GNFS.CN_isNA_rank	1.05815589023479e-06	0.000500676712744188	0.000852333262305561
NY.GDP.MKTP.CD	1.04989256309191e-06	0.000142556786199812	0.000142055543717594
IS.AIR.DPRT_tend2	1.04981996064497e-06	6.3502568398098e-05	0.000284111087435187
EN.GHG.N2O.BU.MT.CE.AR5_tend2	1.04340582543575e-06	0.000516228362147804	0.000710277718587968
EN.GHG.ALL.PC.CE.AR5_avg2	1.03487869621861e-06	0.000139532854371331	0.000142055543717594
NV.AGR.TOTL.KD.ZG	1.03445615138043e-06	0.00091063547063395	0.000781305490446765
NY.ADJ.DMIN.GN.ZS_isNA_rank	1.03001631202446e-06	9.02859645932142e-05	0.000284111087435187
EG.USE.PCAP.KG.OE_ratioavg2	1.02353033797164e-06	0.000272585854824489	0.000639249946729171
NE.CON.PRVT.CD_rank	1.02225177921605e-06	1.85755812320967e-05	7.10277718587968e-05
NY.ADJ.DFOR.CD	1.01918234340806e-06	4.27670358599436e-05	0.000142055543717594
NV.IND.MANF.KD	1.01192622498762e-06	0.000301097212064451	0.000284111087435187
NE.TRD.GNFS.ZS_isNA_rank	1.01023103590225e-06	0.00152535761233799	0.00142055543717594
TG.VAL.TOTL.GD.ZS_delta1	9.93840966511021e-07	0.00133484990714369	0.00113644434974075
TM.VAL.MRCH.AL.ZS_delta1	9.88038654040145e-07	0.000806525817681966	0.000852333262305561
BX.KLT.DINV.CD.WD_tend2	9.81981095007589e-07	0.000387495264306761	0.000497194403011578
NV.AGR.TOTL.KD_isNA_rank	9.71613003873877e-07	0.00015033261090162	0.000497194403011578
NE.IMP.GNFS.CN	9.67916953286016e-07	0.000558131417485324	0.000710277718587968
BM.GSR.TRAN.ZS_ratioavg2	9.59142729822245e-07	8.94219840707911e-05	0.000284111087435187
BM.GSR.NFSV.CD_avg2	9.56474126276941e-07	0.000158540425864639	7.10277718587968e-05
EG.USE.ELEC.KH.PC	9.42572125350205e-07	0.00180355934055823	0.00142055543717594
DC.DAC.DEUL.CD_rank	9.40735216615569e-07	0.000393543127963723	0.000284111087435187
EG.ELC.NUCL.ZS_min2	9.18987469735449e-07	0.000436310163823667	0.00021308331557639
BG.GSR.NFSV.GD.ZS_ratioavg2	9.06094582562786e-07	0.00022549891635243	0.000639249946729171
SP.POP.80UP.FE.5Y	9.05876068874445e-07	0.00045099783270486	0.000355138859293984
IS.AIR.PSGR_ratioavg2	9.03642480309477e-07	0.00170765750256926	0.00142055543717594
NY.GDP.PCAP.KD_lag1	8.99520927938112e-07	0.000332200510871683	0.00021308331557639
NY.GDP.MKTP.KN_delta1	8.98143978676228e-07	0.000280793669787508	0.000355138859293984
AG.LND.AGRI.K2_ratioavg2	8.96356322544461e-07	0.000288137504228105	0.000426166631152781
FI.RES.TOTL.CD_tend2	8.95167008170146e-07	0.00226362896874853	0.00149158320903473
AG.LND.AGRI.ZS_ratioavg2	8.92570527422114e-07	0.000682976602975463	0.000355138859293984
NY.GNP.MKTP.CD_rank	8.89291173612054e-07	3.93111137702512e-05	7.10277718587968e-05
NY.GDP.COAL.RT.ZS_delta1	8.86233564778981e-07	7.9918198324137e-05	0.000142055543717594
NY.ADJ.AEDU.GN.ZS_isNA_rank	8.83331120416819e-07	0.000190075714933083	0.000426166631152781
BM.GSR.GNFS.CD_max2	8.73854103768541e-07	0.000305417114676567	0.000142055543717594
AG.LND.AGRI.ZS_tend2	8.65657904010072e-07	0.000152060571946466	0.000142055543717594
EN.GHG.ALL.PC.CE.AR5_max2	8.61636811342935e-07	0.00173962478189892	0.000852333262305561
EN.GHG.CO2.MT.CE.AR5_tend2	8.50447442266728e-07	0.000325288666692298	0.000497194403011578
SE.TER.ENRR_isNA_rank	8.42003790671518e-07	0.000639345586593096	0.000923361034164358
NV.SRV.TOTL.CD_isNA_rank	8.38046760729285e-07	0.00122598836131838	0.00149158320903473
high_inflation_rank	8.37871079060034e-07	0.000260490127510565	0.000497194403011578
IT.MLT.MAIN_ratioavg2	8.33550678537852e-07	0.000607378307263441	0.000852333262305561
NV.SRV.TOTL.ZS_lag1	8.28788996678556e-07	0.000117933341310754	0.000355138859293984
NV.IND.TOTL.CN_isNA_rank	8.15733071615335e-07	8.12141691077716e-05	0.000426166631152781
AG.LND.CROP.ZS_lag1	8.12800532551787e-07	0.000304553134154144	0.00021308331557639
IS.AIR.GOOD.MT.K1_tend2	8.12367299802003e-07	0.000443222008003052	0.000568222174870374
ER.FSH.CAPT.MT_max2	7.96074184458364e-07	6.13426170920403e-05	7.10277718587968e-05
ER.FSH.AQUA.MT_min2	7.9095127657805e-07	2.28954838442122e-05	0.000142055543717594
SP.POP.80UP.MA.5Y_delta1	7.90293988531078e-07	0.000171500133700986	0.000426166631152781
EG.ELC.NUCL.ZS_lag1	7.84825134442313e-07	0.000533939962857477	0.000355138859293984
NY.GSR.NFCY.CD_lag1	7.83138590536314e-07	0.00156942061898157	0.00127849989345834
BM.GSR.FCTY.CD_lag1	7.8230532350473e-07	0.000137372903065273	0.000142055543717594
trade_balance_ratio_delta1	7.78157501485726e-07	0.000199147510418525	0.000497194403011578
BM.GSR.INSF.ZS_tend2	7.74575384088502e-07	0.000538691855730804	0.000994388806023155
BM.KLT.DINV.WD.GD.ZS_isNA_rank	7.72118708388603e-07	0.000169340182394928	0.000497194403011578
BX.KLT.DINV.WD.GD.ZS_rank	7.68509678316156e-07	0.000477349238638764	0.000497194403011578
IS.AIR.GOOD.MT.K1_delta1	7.6370624061286e-07	3.06713085460201e-05	0.000142055543717594
ER.FSH.CAPT.MT_tend2	7.62924190764561e-07	0.000508884527707207	0.000781305490446765
DC.DAC.JPNL.CD	7.60161806996065e-07	0.000326584637475933	0.000568222174870374
DC.DAC.USAL.CD_ratioavg2	7.55222813166097e-07	0.000326152647214721	0.000923361034164358
NY.GDP.MINR.RT.ZS_isNA_rank	7.53032046048682e-07	9.20139256380604e-05	0.000284111087435187
NY.ADJ.DNGY.CD_delta1	7.50248439667674e-07	0.000520980255021131	0.000710277718587968
NY.GSR.NFCY.CD_isNA_rank	7.42216325571228e-07	8.33741204138294e-05	0.00021308331557639
TM.VAL.MRCH.R6.ZS_lag1	7.36895659014071e-07	0.000329608569304414	0.000710277718587968
AG.LND.AGRI.ZS_avg2	7.36642996772331e-07	0.00171716128831592	0.000852333262305561
NY.ADJ.DMIN.CD_delta1	7.35778241152875e-07	0.000201307461724583	0.000497194403011578
EG.USE.ELEC.KH.PC_lag1	7.17887255545858e-07	0.00185971807451573	0.000994388806023155
NV.AGR.TOTL.KD.ZG_isNA_rank	7.09808967315408e-07	0.000123981204967715	0.000284111087435187
TX.VAL.MRCH.R4.ZS_delta1	7.09726328623714e-07	0.000174092075268255	0.000568222174870374
BX.KLT.DINV.WD.GD.ZS_ratiomax2	7.04803233852707e-07	0.000566339232448344	0.000497194403011578
TX.VAL.FOOD.ZS.UN_rank	6.98736917695231e-07	0.0014847505277841	0.000994388806023155
DC.DAC.CANL.CD_isNA_rank	6.97284860464871e-07	0.000663105050959731	0.000994388806023155
NV.AGR.TOTL.CN_isNA_rank	6.96768445177695e-07	0.00019482760780641	0.000355138859293984
NV.AGR.TOTL.KD.ZG_delta1	6.91233154036206e-07	0.00022290697478516	0.000568222174870374
NE.RSB.GNFS.ZS	6.90712151403833e-07	0.00159145212230335	0.00134952766531714
BM.GSR.CMCP.ZS_avg2	6.88666662910447e-07	7.6030285973233e-05	0.00021308331557639
DC.DAC.CANL.CD_avg2	6.8800109110297e-07	7.55982957120215e-05	0.00021308331557639
FI.RES.TOTL.CD_isNA_rank	6.84448312394637e-07	0.00113138249411305	0.00142055543717594
BG.GSR.NFSV.GD.ZS_delta1	6.74715545160072e-07	0.000159404406387062	0.000355138859293984
NE.GDI.TOTL.ZS	6.7278349137693e-07	5.83186852635594e-05	0.000284111087435187
NE.IMP.GNFS.ZS_lag1	6.72666744963739e-07	0.000185755812320967	0.000355138859293984
NY.ADJ.NNTY.CD_isNA_rank	6.70749585068086e-07	0.00120914074113113	0.00120747212159955
FS.AST.CGOV.GD.ZS_ratiomax2	6.68245307987149e-07	0.00107608774067797	0.000639249946729171
EN.URB.MCTY.TL.ZS	6.67878132582449e-07	0.000811277710555293	0.000781305490446765
SE.PRM.ENRL.FE.ZS_delta1	6.62020354109373e-07	0.000180571929186428	0.000497194403011578
TX.VAL.OTHR.ZS.WT_lag1	6.6097263732995e-07	0.000501972683527823	0.000568222174870374
SP.POP.5054.MA.5Y_delta1	6.59299101502665e-07	0.000404774874755223	0.000284111087435187
EG.ELC.HYRO.ZS_ratiomax2	6.56931787208589e-07	3.62871819417703e-05	0.000142055543717594
NY.GDP.MKTP.KD.ZG	6.4712896636499e-07	0.000184891831798544	0.000355138859293984
SE.PRM.AGES_rank	6.44750435872845e-07	0.00196598767877377	0.00120747212159955
BM.GSR.TRVL.ZS_tend2	6.43005772332615e-07	0.00225369319274066	0.00120747212159955
DT.ODA.ALLD.CD_tend2	6.42542340750529e-07	0.000305417114676567	0.000568222174870374
NE.RSB.GNFS.CD	6.40357707914148e-07	0.000655329226257923	0.00106541657788195
SP.DYN.LE00.IN_lag1	6.3696450529052e-07	9.02859645932142e-05	0.00021308331557639
TX.VAL.MRCH.RS.ZS_rank	6.36588516468401e-07	0.00024234653653968	0.000284111087435187
SP.POP.3034.FE.5Y_delta1	6.33233458025143e-07	0.000196987559112467	0.000426166631152781
AG.LND.CROP.ZS_min2	6.3229429243387e-07	0.000409526767628551	0.000284111087435187
DC.DAC.DEUL.CD_tend2	6.31579764354055e-07	0.000398727011098262	0.000639249946729171
IT.MLT.MAIN.P2_isNA_rank	6.29173782540057e-07	4.2335045598732e-05	0.00021308331557639
BX.GRT.EXTA.CD.WD_tend2	6.18125231687709e-07	0.000142988776461023	0.00021308331557639
NE.GDI.FTOT.CD_isNA_rank	6.16111986463635e-07	0.000439766085913359	0.000710277718587968
SE.SEC.ENRL_delta1	6.15678808010147e-07	0.000787086255927446	0.00120747212159955
NY.GDP.PCAP.KD_delta1	6.13268022746938e-07	0.00101431313332472	0.000852333262305561
NE.RSB.GNFS.CD_isNA_rank	6.13159651170409e-07	0.000625521898234326	0.000781305490446765
AG.LND.AGRI.ZS_delta1	6.03999776719936e-07	6.47985391817327e-05	7.10277718587968e-05
DC.DAC.JPNL.CD_avg2	6.02982230797917e-07	6.43665489205211e-05	0.00021308331557639
DT.ODA.ALLD.CD_isNA_rank	6.01591666511964e-07	0.000686000534803943	0.000923361034164358
EG.USE.ELEC.KH.PC_avg2	5.99656973284874e-07	0.000987961727390818	0.000710277718587968
FM.LBL.BMNY.GD.ZS_delta1	5.99315055689907e-07	0.000114909409482273	0.000355138859293984
DT.ODA.ALLD.CD_lag1	5.94836006544735e-07	0.000539123845992016	0.000355138859293984
IT.MLT.MAIN.P2_min2	5.92176266249917e-07	0.000222474984523949	0.000284111087435187
BX.KLT.DINV.WD.GD.ZS_ratioavg2	5.91812445820142e-07	0.000382743371433434	0.000639249946729171
NE.CON.GOVT.ZS_delta1	5.9010790953269e-07	0.000263082069077835	0.000497194403011578
TX.VAL.MRCH.RS.ZS_delta1	5.88123259211579e-07	0.00142902378408781	0.00156261098089353
MS.MIL.XPND.GD.ZS_isNA_rank	5.87958491862117e-07	7.17103833611175e-05	0.000355138859293984
EG.USE.PCAP.KG.OE_tend2	5.87290719586402e-07	0.00237076255352899	0.00156261098089353
SP.POP.0004.FE.5Y	5.86544989424701e-07	0.000246234448890584	0.000142055543717594
SP.POP.65UP.TO.ZS_lag1	5.81908471335712e-07	0.000212539208516083	0.000142055543717594
AG.PRD.CREL.MT_ratioavg2	5.7866963177443e-07	0.000237594643666353	0.000355138859293984
BM.KLT.DINV.WD.GD.ZS_ratioavg2	5.74336099281111e-07	0.000622497966405845	0.000710277718587968
EG.ELC.NGAS.ZS_delta1	5.73859953594647e-07	0.000176684016835524	0.000284111087435187
NY.GDP.PCAP.KN_delta1	5.7113876823236e-07	5.52947534350786e-05	0.00021308331557639
TX.VAL.MRCH.R1.ZS_rank	5.65289605799262e-07	0.000540419816775651	0.000497194403011578
DC.DAC.DEUL.CD	5.63373145618377e-07	0.000901131684887296	0.000568222174870374
SH.MMR.RISK.ZS_delta1	5.59589376575944e-07	7.86222275405023e-05	0.000142055543717594
NE.TRD.GNFS.ZS	5.59572505657819e-07	0.00016156435769312	0.000284111087435187
SE.SEC.ENRR	5.58968804983203e-07	0.000438038124868513	0.000923361034164358
EN.GHG.ALL.PC.CE.AR5_min2	5.52309786472848e-07	0.000305849104937778	0.00021308331557639
MS.MIL.MPRT.KD_rank	5.46303879109078e-07	0.000522708216065977	0.000781305490446765
SE.SEC.ENRR.MA	5.45674810765628e-07	0.00130331461807525	0.00156261098089353
FM.AST.DOMS.CN_delta1	5.45472965700939e-07	0.000483829092556937	0.000284111087435187
SP.DYN.CDRT.IN	5.44778034672869e-07	0.00018661979284339	0.000426166631152781
SE.PRM.ENRR.MA_lag1	5.39962991222982e-07	0.000147308679073139	0.000284111087435187
NV.IND.MANF.CD_delta1	5.39704232814333e-07	0.00044840589113759	0.000710277718587968
EN.GHG.N2O.PI.MT.CE.AR5_ratioavg2	5.38416337824803e-07	0.000635889664503403	0.00134952766531714
EN.GHG.N2O.MT.CE.AR5_avg2	5.36490010165331e-07	3.02393182848086e-05	7.10277718587968e-05
SP.ADO.TFRT_rank	5.35366153328682e-07	0.000805229846898332	0.000568222174870374
ER.FSH.CAPT.MT_delta1	5.3217435261159e-07	0.000365895751246184	0.000426166631152781
TX.VAL.MRCH.CD.WT	5.27469060283979e-07	0.000329176579043202	0.00021308331557639
SE.SEC.AGES_rank	5.24824644559821e-07	0.000229386828703334	0.000568222174870374
SP.POP.0014.FE.IN_delta1	5.22162651784286e-07	4.31990261211551e-05	0.00021308331557639
SE.SEC.ENRR.FE	5.19240764681212e-07	0.000216427120866987	0.000568222174870374
NY.GDP.PCAP.KN_isNA_rank	5.1662871042538e-07	1.68476201872505e-05	7.10277718587968e-05
IT.MLT.MAIN_isNA_rank	5.13281458870164e-07	0.000561587339575017	0.000852333262305561
DC.DAC.TOTL.CD	5.12278635523756e-07	0.000644097479466423	0.000497194403011578
EG.ELC.PETR.ZS_ratioavg2	5.09497089044904e-07	6.52305294429442e-05	0.00021308331557639
NY.GDP.MINR.RT.ZS	5.09311231841277e-07	3.58551916805588e-05	7.10277718587968e-05
BG.GSR.NFSV.GD.ZS_isNA_rank	5.07954723286791e-07	0.000173228094745832	0.00021308331557639
NY.GDP.TOTL.RT.ZS	5.03776415200724e-07	0.000420758514420051	0.000497194403011578
NE.CON.TOTL.KD_tend2	5.02981182818843e-07	5.14068410841746e-05	0.000142055543717594
FP.CPI.TOTL.ZG_lag1	5.02399763232153e-07	0.000606514326741018	0.000639249946729171
MS.MIL.XPND.CD_ratioavg2	4.99134660777463e-07	0.000201739451985794	0.000355138859293984
NY.GDP.DEFL.KD.ZG_isNA_rank	4.97578905281677e-07	0.000490740936736322	0.00120747212159955
FI.RES.TOTL.MO_tend2	4.8784059509486e-07	0.000625089907973115	0.000781305490446765
NY.GDP.PCAP.CD_delta1	4.87224982927961e-07	0.00118322132545844	0.000639249946729171
AG.LND.ARBL.HA_tend2	4.85214497592906e-07	0.000207787315642756	0.000284111087435187
EN.GHG.N2O.BU.MT.CE.AR5_delta1	4.81919436284357e-07	0.00056806719349319	0.000426166631152781
NE.GDI.TOTL.CD_isNA_rank	4.80601430394608e-07	0.000219451052695468	0.000568222174870374
TX.VAL.AGRI.ZS.UN_delta1	4.77951092192955e-07	0.000313624929639586	0.000710277718587968
SM.POP.RHCR.EA_isNA_rank	4.77889177181604e-07	0.000110157516608946	0.000355138859293984
EG.USE.ELEC.KH.PC_ratioavg2	4.77385717782626e-07	0.000509316517968419	0.000710277718587968
TX.VAL.MRCH.R4.ZS_lag1	4.72874765807987e-07	0.000213835179299718	0.000284111087435187
IT.MLT.MAIN_tend2	4.72415511211672e-07	0.000327016627737144	0.000568222174870374
IT.CEL.SETS.P2_rank	4.72329779756499e-07	0.000643665489205211	0.000355138859293984
DT.ODA.ALLD.KD_avg2	4.68205262120155e-07	0.000388791235090396	0.00021308331557639
EN.GHG.CH4.PI.MT.CE.AR5_tend2	4.60799675238523e-07	0.000138236883587696	0.000284111087435187
BX.GRT.EXTA.CD.WD_isNA_rank	4.5789373792929e-07	0.00046784545289211	0.000497194403011578
EN.GHG.N2O.MT.CE.AR5_tend2	4.57319970130829e-07	0.000390519196135242	0.000639249946729171
EN.GHG.CO2.FE.MT.CE.AR5_ratioavg2	4.56749198774747e-07	0.000123981204967715	0.00021308331557639
SP.POP.80UP.MA.5Y_rank	4.54541015189124e-07	0.000148172659595562	0.000142055543717594
AG.SRF.TOTL.K2_tend2	4.53284717573721e-07	0.000157244455081005	7.10277718587968e-05
NE.CON.PRVT.KD.ZG_isNA_rank	4.52159000483769e-07	3.02393182848086e-05	0.000142055543717594
NY.GDS.TOTL.CD_delta1	4.50286647765994e-07	5.83186852635594e-05	0.000142055543717594
SE.SEC.ENRR.FE_isNA_rank	4.48475698167173e-07	0.000344296238185606	0.000568222174870374
FP.CPI.TOTL_rank	4.46878756865929e-07	0.00044279001774184	0.000568222174870374
BM.KLT.DINV.CD.WD	4.42637636682511e-07	0.000755550966859003	0.00106541657788195
SP.POP.1564.TO.ZS_rank	4.3998980408016e-07	0.000221611004001526	0.000142055543717594
BX.TRF.PWKR.DT.GD.ZS_max2	4.37869724524437e-07	0.000224202945568795	0.000284111087435187
NY.ADJ.DFOR.CD_lag1	4.37502213553857e-07	5.18388313453862e-05	0.000142055543717594
NV.IND.TOTL.CD_isNA_rank	4.35345924285461e-07	0.000201307461724583	0.000710277718587968
NE.CON.GOVT.CD_tend2	4.35042332717743e-07	0.000663105050959731	0.000568222174870374
AG.YLD.CREL.KG_avg2	4.31756670869389e-07	0.00157374052159368	0.00127849989345834
NY.GDS.TOTL.ZS_rank	4.29194985453452e-07	7.73262567568677e-05	0.00021308331557639
NE.IMP.GNFS.ZS_delta1	4.27281986394841e-07	0.000238890614449988	0.000568222174870374
SP.POP.2529.FE.5Y_delta1	4.26710137742043e-07	0.000426374387815801	0.000568222174870374
SP.POP.1564.TO.ZS_lag1	4.25407913120264e-07	1.98715520157314e-05	7.10277718587968e-05
BX.GSR.TRAN.ZS_tend2	4.24709898168833e-07	0.00034256827714076	0.000639249946729171
BM.GSR.GNFS.CD_lag1	4.19975341526469e-07	0.000156812464819793	7.10277718587968e-05
DT.ODA.ODAT.GN.ZS_lag1	4.19624356478841e-07	5.31348021290208e-05	0.00021308331557639
BX.KLT.DINV.WD.GD.ZS_isNA_rank	4.1739173433544e-07	0.000886012025744892	0.000994388806023155
TX.VAL.MMTL.ZS.UN_delta1	4.14395485457578e-07	0.000279929689265085	0.000568222174870374
DT.ODA.ALLD.KD_ratioavg2	4.12062679709405e-07	0.000130461058885888	0.00021308331557639
NV.AGR.TOTL.CD_delta1	4.11910052248597e-07	6.86864515326367e-05	0.00021308331557639
EN.GHG.N2O.TR.MT.CE.AR5_max2	4.08557557102215e-07	6.17746073532518e-05	7.10277718587968e-05
BX.PEF.TOTL.CD.WD_rank	4.08324936170955e-07	0.000181867899970063	0.000639249946729171
AG.SRF.TOTL.K2_delta1	4.04329928957102e-07	0.000289865465272951	0.000142055543717594
DC.DAC.USAL.CD	4.03993497346915e-07	0.000174092075268255	0.000284111087435187
EN.GHG.N2O.FE.MT.CE.AR5_tend2	4.0084643275019e-07	0.0014398235406181	0.00120747212159955
YearsSinceFirst_rank	3.9654783414505e-07	6.00466463084056e-05	0.00021308331557639
BX.GSR.TOTL.CD_ratioavg2	3.95086212674674e-07	0.000421622494942474	0.000639249946729171
FM.AST.NFRG.CN_lag1	3.94658023876323e-07	0.00202473835429854	0.00113644434974075
AG.CON.FERT.ZS_lag1	3.94533088739749e-07	0.000396135069530993	0.00021308331557639
NV.IND.TOTL.CN_lag1	3.93846036636704e-07	0.000354664004454684	0.000284111087435187
IT.CEL.SETS_max2	3.93454464857951e-07	8.46700911974641e-05	0.000355138859293984
BX.TRF.PWKR.DT.GD.ZS_ratioavg2	3.93209201419533e-07	0.000769806645478984	0.000781305490446765
NE.TRD.GNFS.ZS_lag1	3.91261380036268e-07	9.37418866829066e-05	0.000284111087435187
EG.ELC.NUCL.ZS_max2	3.90930856068896e-07	0.000571091125321671	0.000355138859293984
NY.ADJ.DKAP.CD_isNA_rank	3.86382635350919e-07	0.00147265480047018	0.00177569429646992
EN.GHG.CH4.TR.MT.CE.AR5_tend2	3.85661906400066e-07	0.000169340182394928	0.000355138859293984
BX.KLT.DINV.WD.GD.ZS_delta1	3.85291529194539e-07	0.000120957273139234	0.000355138859293984
TX.VAL.MANF.ZS.UN_delta1	3.85267866933196e-07	0.000217723091650622	0.000426166631152781
DT.NFL.UNDP.CD	3.84981926288407e-07	0.00080479785663712	0.000852333262305561
SP.DYN.LE00.FE.IN_lag1	3.84872015996118e-07	2.54874254114815e-05	0.000142055543717594
BX.GSR.MRCH.CD_delta1	3.83784186408054e-07	0.000542147777820497	0.000568222174870374
AG.LND.AGRI.ZS_rank	3.80977883582586e-07	4.31990261211551e-05	0.000142055543717594
FM.AST.DOMS.CN_tend2	3.79415785493781e-07	0.000795294070890466	0.000568222174870374
FS.AST.CGOV.GD.ZS_delta1	3.73416574089005e-07	0.00042335045598732	0.000426166631152781
SP.POP.7074.MA.5Y_delta1	3.71421778458232e-07	0.000613858161181614	0.000497194403011578
clase_isNA_rank	3.66586463131654e-07	0.00016156435769312	0.000426166631152781
NE.CON.PRVT.ZS_tend2	3.61407843772883e-07	0.000258762166465719	0.000426166631152781
DT.ODA.ALLD.CD_ratioavg2	3.59399170984112e-07	0.000300233231542028	0.000426166631152781
FI.RES.TOTL.CD_ratioavg2	3.58463350701839e-07	0.00100308138653322	0.000923361034164358
AG.LND.CROP.ZS_tend2	3.58432442568105e-07	6.99824223162713e-05	0.000284111087435187
NE.CON.PRVT.PC.KD_max2	3.56581380827685e-07	1.29597078363465e-05	7.10277718587968e-05
year_cycle	3.56510487959405e-07	8.16461593689832e-05	0.000142055543717594
NE.CON.PRVT.KD.ZG_avg2	3.52178310437088e-07	0.000170204162917351	0.000284111087435187
NY.GNP.MKTP.CN_lag1	3.51037699243384e-07	0.00020605935459791	0.00021308331557639
BM.GSR.TRAN.ZS_isNA_rank	3.48757416357604e-07	0.000368055702552242	0.000639249946729171
BM.GSR.NFSV.CD_tend2	3.44587993415018e-07	0.000399590991620685	0.000568222174870374
TX.VAL.MRCH.R2.ZS_rank	3.40845626227413e-07	0.000157244455081005	0.000284111087435187
SP.POP.0014.MA.ZS_delta1	3.37466963155697e-07	0.000397431040314627	0.000284111087435187
SP.DYN.AMRT.FE_delta1	3.37387849825649e-07	0.000184891831798544	0.000497194403011578
EN.GHG.CO2.RT.GDP.KD_min2	3.35726916057186e-07	0.000112749458176215	0.000284111087435187
SH.IMM.MEAS	3.34547661942357e-07	4.19030553375205e-05	7.10277718587968e-05
BM.TRF.PWKR.CD.DT_tend2	3.34091280572358e-07	0.00110459909791794	0.000994388806023155
NY.ADJ.AEDU.GN.ZS_delta1	3.26465786633442e-07	0.000889899938095796	0.000994388806023155
NE.CON.PRVT.ZS_lag1	3.23949601026646e-07	0.00126184355299894	0.000852333262305561
NY.GDP.DEFL.ZS_rank	3.22872016675292e-07	0.000391383176657665	0.000639249946729171
EN.GHG.N2O.WA.MT.CE.AR5_delta1	3.21387694228758e-07	3.7583152725405e-05	0.000142055543717594
BM.GSR.FCTY.CD_avg2	3.20806204326807e-07	6.86864515326367e-05	0.000142055543717594
TM.VAL.MRCH.R6.ZS_delta1	3.20774945094932e-07	0.00119920496512327	0.00127849989345834
DT.ODA.ODAT.CD_tend2	3.20093030957431e-07	5.011087030054e-05	0.000142055543717594
FM.LBL.BMNY.GD.ZS_tend2	3.17976593118229e-07	0.000434150212517609	0.000852333262305561
NE.RSB.GNFS.CD_rank	3.17941155323372e-07	4.2335045598732e-05	7.10277718587968e-05
SP.DYN.IMRT.FE.IN	3.14935118212296e-07	0.000188347753888236	0.00021308331557639
EN.GHG.CH4.AG.MT.CE.AR5_tend2	3.13379542731002e-07	0.000349480121320145	0.000781305490446765
NY.GDP.MKTP.CN_lag1	3.1058442867589e-07	0.00120870875086992	0.000639249946729171
DC.DAC.TOTL.CD_rank	3.09746297038717e-07	1.2527717575135e-05	7.10277718587968e-05
BM.GSR.NFSV.CD_min2	3.08480620600273e-07	0.000306713085460201	0.000142055543717594
BM.GSR.INSF.ZS_max2	3.01500267168583e-07	0.00132491413113583	0.00106541657788195
NE.GDI.FTOT.ZS_lag1	3.00080977030133e-07	4.14710650763089e-05	0.00021308331557639
DC.DAC.DEUL.CD_ratioavg2	2.99401528679438e-07	0.000473893316549072	0.000710277718587968
SP.POP.DPND.OL_lag1	2.98883418101297e-07	0.000423782446248532	0.00021308331557639
SP.POP.7579.FE.5Y_delta1	2.98477675255201e-07	0.000879532171826718	0.000923361034164358
EN.GHG.N2O.FE.MT.CE.AR5_delta1	2.97955542583854e-07	0.0002505543515027	0.000355138859293984
EN.GHG.N2O.WA.MT.CE.AR5	2.95135073541533e-07	0.000136076932281639	0.000142055543717594
SP.POP.5559.MA.5Y_rank	2.9486877478485e-07	0.00134435369289035	0.000568222174870374
NE.EXP.GNFS.CD_isNA_rank	2.91199981670834e-07	0.000184027851276121	0.00021308331557639
DT.ODA.ODAT.KD_rank	2.87904341858162e-07	0.00152146969998708	0.000710277718587968
EN.GHG.CO2.BU.MT.CE.AR5_delta1	2.86350010832474e-07	0.000457909676884244	0.000355138859293984
SM.POP.NETM_rank	2.8591053084909e-07	3.93111137702512e-05	0.000142055543717594
year_cycle_rank	2.83350525084294e-07	0.000216859111128199	0.000497194403011578
SP.URB.GROW_delta1	2.75946669479347e-07	0.000413414679979455	0.000639249946729171
EN.GHG.CO2.PC.CE.AR5_lag1	2.73523834471354e-07	0.000241482556017257	0.000284111087435187
TX.VAL.MRCH.R3.ZS_delta1	2.7210569080727e-07	0.00268568345395221	0.00262802755877548
AG.CON.FERT.ZS_max2	2.67441671684273e-07	0.000524004186849612	0.000426166631152781
EN.URB.MCTY.TL.ZS_ratioavg2	2.66797655868861e-07	9.37418866829066e-05	0.000284111087435187
TX.VAL.MRCH.R5.ZS	2.65259813177939e-07	0.000646689421033692	0.00113644434974075
NE.EXP.GNFS.KD_delta1	2.64387947071849e-07	0.000266537991167527	0.00021308331557639
NY.GNP.ATLS.CD_isNA_rank	2.63228734504212e-07	0.000102381691907138	0.000426166631152781
IT.CEL.SETS.P2_delta1	2.62329168844898e-07	0.000274313815869335	0.000355138859293984
IT.MLT.MAIN.P2_lag1	2.61933618864412e-07	0.000655761216519135	0.000355138859293984
IS.AIR.PSGR_tend2	2.5828632518856e-07	0.000136076932281639	0.000355138859293984
EN.GHG.N2O.MT.CE.AR5_delta1	2.57360792355305e-07	0.000328312598520779	0.000355138859293984
BG.GSR.NFSV.GD.ZS_max2	2.56684875799118e-07	9.02859645932142e-05	0.000355138859293984
BX.GSR.GNFS.CD_avg2	2.55082575674311e-07	0.000152492562207678	7.10277718587968e-05
SP.POP.GROW_delta1	2.52312756971144e-07	0.000466549482108475	0.000994388806023155
AG.YLD.CREL.KG_max2	2.51846814782026e-07	0.00126529947508863	0.000923361034164358
SP.DYN.TFRT.IN_delta1	2.50981647052158e-07	0.000243210517062103	0.000142055543717594
SP.POP.65UP.MA.ZS_rank	2.48824221042294e-07	8.76940230259449e-05	7.10277718587968e-05
AG.LND.AGRI.K2_tend2	2.48805394318828e-07	0.000690320437416059	0.000568222174870374
TM.VAL.MRCH.OR.ZS	2.48663862456085e-07	0.000118365331571965	0.000426166631152781
BM.GSR.TOTL.CD_isNA_rank	2.48541598963093e-07	0.000430694290427917	0.000710277718587968
BM.GSR.TRVL.ZS_delta1	2.48393664544457e-07	0.000802205915069851	0.000639249946729171
EG.ELC.NUCL.ZS_rank	2.47050418475253e-07	0.000110589506870157	0.00021308331557639
BX.PEF.TOTL.CD.WD_ratiomax2	2.46851619881932e-07	0.000354232014193472	0.000426166631152781
EN.GHG.CO2.BU.MT.CE.AR5_tend2	2.45300188152538e-07	0.000498084771176919	0.000639249946729171
DC.DAC.TOTL.CD_ratioavg2	2.43583609061735e-07	0.000223338965046372	0.000497194403011578
SP.URB.TOTL	2.42442470522817e-07	0.000121821253661657	7.10277718587968e-05
MS.MIL.XPND.GD.ZS_delta1	2.4211800276274e-07	0.000151196591424043	0.000355138859293984
SM.POP.RHCR.EA	2.40639587480386e-07	0.000286409543183258	0.000568222174870374
EN.GHG.N2O.FE.MT.CE.AR5_avg2	2.39071689996457e-07	1.38236883587696e-05	7.10277718587968e-05
SP.DYN.CBRT.IN_lag1	2.37890378632709e-07	8.76940230259449e-05	7.10277718587968e-05
NV.AGR.TOTL.KD.ZG_rank	2.37066896761869e-07	0.000310600997811105	0.000497194403011578
NY.GDP.FCST.KD_delta1	2.35539227320801e-07	0.000737407375888118	0.000923361034164358
SP.POP.DPND.OL_delta1	2.32603768435979e-07	0.000177547997357948	0.000284111087435187
NE.CON.PRVT.KD.ZG_tend2	2.32264991318297e-07	3.19672793296548e-05	0.000142055543717594
NE.CON.PRVT.KD.ZG_max2	2.32228345297984e-07	3.06713085460201e-05	0.000142055543717594
BX.GSR.MRCH.CD_min2	2.30213150588236e-07	0.000341272306357125	0.00021308331557639
EN.GHG.N2O.FE.MT.CE.AR5_ratioavg2	2.30196579344174e-07	0.00194568413649683	0.00163363875275233
NY.GSR.NFCY.CD_delta1	2.28482860785635e-07	0.000717535823872387	0.000639249946729171
AG.YLD.CREL.KG	2.25546240121994e-07	0.00282003242518901	0.00184672206832872
SP.POP.1564.MA.ZS_delta1	2.25258162425309e-07	0.000395703079269781	0.000497194403011578
EG.USE.ELEC.KH.PC_max2	2.229065068928e-07	0.000546035690171401	0.000355138859293984
NY.GNP.ATLS.CD_delta1	2.19556538474613e-07	0.000143420766722235	0.000284111087435187
NV.SRV.TOTL.KD_isNA_rank	2.17394617609768e-07	0.000242778526800892	0.000284111087435187
BX.GSR.MRCH.CD_tend2	2.17286922086643e-07	0.000642369518421577	0.000639249946729171
EN.GHG.N2O.BU.MT.CE.AR5	2.17172177602738e-07	3.41272306357125e-05	7.10277718587968e-05
DC.DAC.FRAL.CD_delta1	2.15877712095087e-07	8.03501885853485e-05	0.000284111087435187
DT.ODA.ODAT.PC.ZS_isNA_rank	2.15495143175932e-07	0.00047907719968361	0.000355138859293984
NY.GDP.MINR.RT.ZS_delta1	2.15428759247893e-07	0.00016718023108887	0.000426166631152781
PA.NUS.ATLS_rank	2.13692932997808e-07	8.94219840707911e-05	0.00021308331557639
NE.CON.PRVT.KD.ZG_rank	2.13227180413622e-07	8.33741204138294e-05	0.000142055543717594
NE.EXP.GNFS.KD.ZG_lag1	2.12555655751641e-07	0.000828989311264967	0.00113644434974075
MS.MIL.MPRT.KD_lag1	2.116112673236e-07	8.68300425035218e-05	0.000142055543717594
BM.TRF.PWKR.CD.DT	2.10716851028438e-07	0.00120914074113113	0.00170466652461112
SP.POP.6569.MA.5Y_rank	2.10097050958559e-07	0.0001196613023556	7.10277718587968e-05
AG.LND.ARBL.ZS_delta1	2.07549989224771e-07	0.000106269604258042	0.000284111087435187
DT.ODA.ALLD.CD_rank	2.0727984418949e-07	0.00192710855526473	0.000923361034164358
DT.NFL.UNDP.CD_avg2	2.07243233139151e-07	7.43023249283868e-05	0.000284111087435187
FM.AST.NFRG.CN_max2	2.07057592493895e-07	0.00147654271282108	0.00113644434974075
BX.GSR.TOTL.CD_tend2	2.06859819630373e-07	0.000254442263853604	0.000284111087435187
SP.POP.7074.FE.5Y_delta1	2.03523705098407e-07	0.000490740936736322	0.000568222174870374
DC.DAC.JPNL.CD_max2	2.02871890247534e-07	0.000279929689265085	0.000355138859293984
SH.DYN.MORT_delta1	2.02869766345675e-07	0.000163292318737966	0.000284111087435187
NY.GNP.MKTP.CD_isNA_rank	2.01141922416014e-07	0.00101517711384715	0.00149158320903473
NY.GDP.FCST.KD	1.99282824284039e-07	0.000255738234637238	0.000355138859293984
TM.VAL.SERV.CD.WT_isNA_rank	1.99184777681456e-07	0.000291593426317797	0.000497194403011578
BX.PEF.TOTL.CD.WD_isNA_rank	1.99063531498856e-07	0.00147308679073139	0.00134952766531714
BX.TRF.CURR.CD_tend2	1.97112929192272e-07	0.000302393182848086	0.000355138859293984
NE.CON.TOTL.KD.ZG_min2	1.95717316968265e-07	0.00122166845870627	0.00113644434974075
FS.AST.CGOV.GD.ZS_avg2	1.9560445533854e-07	0.000233706731315449	0.000355138859293984
NE.IMP.GNFS.CD_delta1	1.94748373163904e-07	0.000369783663597088	0.000355138859293984
EN.URB.LCTY.UR.ZS_delta1	1.92682642238e-07	0.00019223566623914	0.000497194403011578
TX.VAL.MRCH.R5.ZS_delta1	1.92302777552293e-07	0.00154263722278645	0.00163363875275233
DT.ODA.ALLD.KD_max2	1.92261843812452e-07	0.000391383176657665	0.00021308331557639
EN.URB.MCTY.TL.ZS_max2	1.91888618796422e-07	0.000171500133700986	0.000142055543717594
TM.VAL.FUEL.ZS.UN_isNA_rank	1.90162036535191e-07	0.000391383176657665	0.000639249946729171
EG.ELC.HYRO.ZS_tend2	1.85857834666223e-07	0.000331768520610471	0.000639249946729171
SM.POP.NETM_delta1	1.85789942612476e-07	0.000392247157180089	0.000497194403011578
DT.ODA.ODAT.GN.ZS_isNA_rank	1.84881737153258e-07	0.000978457941644164	0.00106541657788195
FS.AST.PRVT.GD.ZS_max2	1.81573646275145e-07	1.12317467915003e-05	7.10277718587968e-05
EN.GHG.N2O.IP.MT.CE.AR5_ratioavg2	1.81562806208982e-07	0.000165884260305236	0.000497194403011578
NY.GNP.PCAP.CN_lag1	1.78746355123623e-07	0.00108127162381251	0.000710277718587968
TX.VAL.MRCH.R1.ZS_delta1	1.77813857820886e-07	0.000807821788465601	0.00134952766531714
NY.GNP.MKTP.CN_delta1	1.77569727172824e-07	0.000364167790201338	0.000284111087435187
SE.PRM.ENRL.FE.ZS_rank	1.77354381241338e-07	4.96788800393284e-05	0.00021308331557639
NE.CON.PRVT.ZS_rank	1.76479398744074e-07	0.000164156299260389	0.00021308331557639
FirstYear_rank	1.76179096055946e-07	0.000196123578590044	0.000710277718587968
FM.AST.NFRG.CN_ratioavg2	1.74586756875908e-07	0.00186922186026238	0.00205980538390511
TM.VAL.OTHR.ZS.WT_isNA_rank	1.74183246660747e-07	0.000106701594519253	0.000142055543717594
DC.DAC.USAL.CD_rank	1.72347557755361e-07	0.000292025416579009	0.000284111087435187
NE.GDI.FTOT.ZS	1.71997311508633e-07	4.53589774272129e-05	0.000284111087435187
SP.POP.BRTH.MF_delta1	1.69961154147554e-07	0.000436310163823667	0.000639249946729171
AG.LND.CREL.HA_delta1	1.65779099426375e-07	0.000355527984977107	0.000497194403011578
EN.URB.MCTY.TL.ZS_avg2	1.65751548561254e-07	0.000667856943833058	0.000426166631152781
TX.VAL.MANF.ZS.UN_isNA_rank	1.65684523769912e-07	8.98539743320027e-05	0.00021308331557639
DC.DAC.CANL.CD_tend2	1.64772042855377e-07	0.000131325039408312	0.000426166631152781
pre_covid_rank	1.62883248741744e-07	0.00178195982749765	0.00127849989345834
TM.VAL.TRAN.ZS.WT_isNA_rank	1.61699403986192e-07	0.000734815434320849	0.000639249946729171
EN.GHG.CH4.MT.CE.AR5_ratioavg2	1.61656369026231e-07	0.000255738234637238	0.000639249946729171
EN.URB.LCTY_ratioavg2	1.59559313575752e-07	9.28779061604835e-05	0.000426166631152781
DC.DAC.CECL.CD	1.58718398248691e-07	0.0014696308686417	0.00142055543717594
FM.LBL.BMNY.GD.ZS_isNA_rank	1.58574918493319e-07	9.54698477277528e-05	0.000355138859293984
BX.GSR.TRAN.ZS_lag1	1.57688029323194e-07	0.000235434692360295	0.000568222174870374
TM.VAL.MRCH.WR.ZS_rank	1.5760128249061e-07	0.000126573146534985	0.00021308331557639
SP.URB.GROW_lag1	1.56904922732831e-07	0.000277769737959027	0.000497194403011578
TX.VAL.FUEL.ZS.UN_rank	1.54896705584458e-07	0.000358983907066799	0.000639249946729171
MS.MIL.MPRT.KD_isNA_rank	1.54697440461916e-07	0.000572387096105305	0.000426166631152781
EN.GHG.ALL.PC.CE.AR5	1.54060357827428e-07	0.000145148727767081	0.000284111087435187
TM.VAL.MRCH.R2.ZS_lag1	1.53073868450965e-07	0.000106701594519253	0.000284111087435187
BX.GRT.EXTA.CD.WD_ratiomax2	1.52935607153807e-07	1.38236883587696e-05	7.10277718587968e-05
SP.POP.2529.FE.5Y_lag1	1.50052065205321e-07	0.00222258989393343	0.00134952766531714
BX.GSR.FCTY.CD_isNA_rank	1.49408927171762e-07	0.000267833961951162	0.000639249946729171
BX.GRT.EXTA.CD.WD_min2	1.49246071351341e-07	0.000241050565756046	0.000284111087435187
NE.EXP.GNFS.KD.ZG_delta1	1.4907915052832e-07	5.18388313453862e-05	0.000284111087435187
NV.IND.TOTL.KD_isNA_rank	1.47637528479838e-07	0.000524004186849612	0.000639249946729171
SE.SEC.ENRR.FE_delta1	1.47596211461023e-07	0.000707600047864521	0.000923361034164358
NE.CON.TOTL.CD_tend2	1.46282638016566e-07	0.000440198076174571	0.000355138859293984
DC.DAC.JPNL.CD_isNA_rank	1.45393154282549e-07	0.0001308930491471	0.000355138859293984
IS.AIR.DPRT	1.45262473544583e-07	0.000189643724671871	0.00021308331557639
FD.AST.PRVT.GD.ZS_tend2	1.45146006136356e-07	0.00101906502619805	0.000852333262305561
EG.ELC.PETR.ZS_tend2	1.43605378479987e-07	0.000665696992527001	0.000923361034164358
SP.POP.6569.FE.5Y_lag1	1.4263094715996e-07	9.50378574665413e-06	7.10277718587968e-05
TM.VAL.MANF.ZS.UN_isNA_rank	1.42612908713989e-07	6.09106268308287e-05	0.000284111087435187
SP.DYN.LE00.MA.IN_delta1	1.42581320838603e-07	1.12317467915003e-05	7.10277718587968e-05
BM.GSR.NFSV.CD_delta1	1.41906105960635e-07	2.41914546278469e-05	0.000142055543717594
NE.CON.PRVT.CD_tend2	1.39335803519889e-07	0.000584050833158017	0.000497194403011578
TM.VAL.FUEL.ZS.UN_rank	1.39267375913679e-07	0.000150764601162831	0.000355138859293984
FP.CPI.TOTL_isNA_rank	1.3825831110375e-07	5.18388313453862e-05	0.000142055543717594
DC.DAC.JPNL.CD_rank	1.37469047326317e-07	0.000206491344859121	0.000426166631152781
BX.GSR.GNFS.CD_tend2	1.36155950253842e-07	0.000371079634380723	0.000284111087435187
DC.DAC.USAL.CD_delta1	1.36039740979845e-07	0.000134780961498004	0.00021308331557639
NY.ADJ.DNGY.GN.ZS_delta1	1.35855905703952e-07	0.000204763383814275	0.00021308331557639
AG.PRD.FOOD.XD_tend2	1.35427731490341e-07	8.94219840707911e-05	0.000284111087435187
TM.VAL.MRCH.CD.WT_delta1	1.34683533037048e-07	0.000422054485203686	0.000497194403011578
SH.DTH.IMRT_lag1	1.31590393956584e-07	0.000771102616262619	0.000355138859293984
NE.IMP.GNFS.ZS_rank	1.30656499540528e-07	0.00015594848429737	0.000284111087435187
AG.LND.ARBL.HA.PC_avg2	1.29548912691859e-07	0.000502836664050246	0.000284111087435187
IS.AIR.PSGR_isNA_rank	1.29306626635212e-07	0.000328312598520779	0.000355138859293984
SE.PRM.ENRR.FE_isNA_rank	1.26255548721826e-07	0.00198715520157314	0.00163363875275233
EN.GHG.N2O.TR.MT.CE.AR5_delta1	1.26171033909514e-07	2.41914546278469e-05	7.10277718587968e-05
PA.NUS.FCRF_delta1	1.23893663016684e-07	0.000870028386080064	0.00106541657788195
DC.DAC.JPNL.CD_tend2	1.2326977437367e-07	0.000262218088555412	0.000568222174870374
TM.VAL.MRCH.WR.ZS_delta1	1.23265904569259e-07	0.000106701594519253	0.000355138859293984
BX.GRT.EXTA.CD.WD_rank	1.21861683612112e-07	0.00132361816035219	0.000781305490446765
SP.POP.1014.MA.5Y_lag1	1.21713213393841e-07	0.000142556786199812	0.000142055543717594
EN.GHG.N2O.IP.MT.CE.AR5_ratiomax2	1.20560294233056e-07	5.27028118678093e-05	0.000142055543717594
DC.DAC.DEUL.CD_isNA_rank	1.20127191022607e-07	0.000496788800393284	0.000426166631152781
BX.TRF.PWKR.CD.DT_delta1	1.20016357063028e-07	0.00165495469070145	0.00127849989345834
NE.EXP.GNFS.CN	1.18568133756955e-07	0.000463093560018783	0.000781305490446765
TX.VAL.SERV.CD.WT_isNA_rank	1.18504920242918e-07	0.000215995130605776	0.000639249946729171
TM.VAL.AGRI.ZS.UN_rank	1.17812938169731e-07	0.00013910086411012	0.000284111087435187
AG.LND.ARBL.HA.PC_lag1	1.15999461776974e-07	0.000161132367431909	0.000142055543717594
FD.AST.PRVT.GD.ZS_ratiomax2	1.15043822236644e-07	5.09748508229631e-05	7.10277718587968e-05
in_recession_rank	1.14887525118392e-07	0.000552515544089574	0.000781305490446765
BM.GSR.NFSV.CD_isNA_rank	1.14477570035092e-07	0.00101949701645926	0.000994388806023155
BM.GSR.GNFS.CD_isNA_rank	1.14112510137935e-07	0.000104973633474407	0.00021308331557639
SE.ENR.PRIM.FM.ZS_isNA_rank	1.123857887513e-07	0.0029543813964258	0.00205980538390511
NV.IND.MANF.ZS_lag1	1.12136560829674e-07	8.46700911974641e-05	0.000284111087435187
BM.GSR.INSF.ZS_isNA_rank	1.12113614890412e-07	0.00259842142118748	0.00177569429646992
NY.GDS.TOTL.CD	1.1082545692614e-07	0.000332632501132894	0.000284111087435187
EG.ELC.HYRO.ZS_delta1	1.10306470780936e-07	0.000122253243922869	0.00021308331557639
NE.EXP.GNFS.KD_isNA_rank	1.10278170061488e-07	0.000380583420127377	0.000568222174870374
NY.GDP.PETR.RT.ZS_isNA_rank	1.10253559625538e-07	0.000670880875661539	0.000994388806023155
FP.CPI.TOTL.ZG_delta1	1.09080712433246e-07	0.000496356810132072	0.000497194403011578
DC.DAC.CECL.CD_tend2	1.08798898967518e-07	7.21423736223291e-05	0.000142055543717594
SE.SEC.ENRR_rank	1.06091050950602e-07	8.16461593689832e-05	0.00021308331557639
SH.DYN.NMRT_rank	1.05975819663557e-07	0.000416870602069147	0.00021308331557639
ER.FSH.PROD.MT_delta1	1.05770120106507e-07	0.000199147510418525	0.000284111087435187
DC.DAC.DEUL.CD_ratiomax2	1.05671669162313e-07	0.000429398319644282	0.000426166631152781
NY.GDP.FRST.RT.ZS_isNA_rank	1.05184454813434e-07	6.91184417938482e-05	0.000355138859293984
AG.LND.CROP.ZS_avg2	1.04479247996984e-07	0.000110157516608946	7.10277718587968e-05
TM.VAL.MRCH.R3.ZS_delta1	1.04425590015269e-07	0.0024420409466289	0.00284111087435187
EN.GHG.CH4.FE.MT.CE.AR5_max2	1.04383560452801e-07	3.15352890684432e-05	0.000142055543717594
EG.ELC.COAL.ZS_tend2	1.02926203997765e-07	9.76297990338106e-05	0.00021308331557639
NY.GDP.DEFL.ZS_delta1	1.02166217111483e-07	0.000766350723389292	0.000710277718587968
DT.ODA.ODAT.PC.ZS_rank	1.01952719120273e-07	0.00100264939627201	0.000781305490446765
EN.GHG.CH4.AG.MT.CE.AR5	1.00907670021863e-07	3.23992695908663e-05	7.10277718587968e-05
NY.GNP.PCAP.CN_isNA_rank	1.0007321874047e-07	0.000603922385173749	0.000852333262305561
EG.ELC.HYRO.ZS_lag1	1.00069607833678e-07	0.000428534339121859	0.000355138859293984
NY.GDP.DEFL.KD.ZG_delta1	9.90725084183986e-08	0.00010022174060108	0.000355138859293984
SP.POP.2024.MA.5Y_lag1	9.90015110557687e-08	0.000213835179299718	0.000355138859293984
FI.RES.XGLD.CD_ratioavg2	9.77875689762083e-08	0.000360279877850434	0.000710277718587968
SH.MMR.RISK_delta1	9.74016968713252e-08	0.00016156435769312	0.000355138859293984
TM.VAL.TRVL.ZS.WT_lag1	9.68504690352216e-08	0.000254010273592392	0.000355138859293984
BX.TRF.PWKR.DT.GD.ZS_avg2	9.68000252227939e-08	4.79509189944822e-05	0.000142055543717594
NY.GDP.TOTL.RT.ZS_rank	9.61187119751523e-08	0.000128301107579831	0.000284111087435187
EN.GHG.CO2.IP.MT.CE.AR5_delta1	9.60778478986511e-08	0.000368487692813453	0.000426166631152781
IS.AIR.DPRT_ratioavg2	9.60263069241477e-08	0.00026740197168995	0.000781305490446765
AG.LND.TOTL.K2_tend2	9.4399882575528e-08	0.000148172659595562	0.000142055543717594
TM.VAL.MRCH.HI.ZS_delta1	9.38637387250055e-08	0.000215131150083353	0.000426166631152781
SP.POP.2529.FE.5Y	9.38487118309883e-08	0.000986665756607183	0.00113644434974075
NY.ADJ.DRES.GN.ZS_rank	9.36169680124343e-08	0.000124845185490138	0.00021308331557639
NE.CON.TOTL.KD.ZG	9.35187480518052e-08	0.000186187802582179	0.000355138859293984
NY.GNP.PCAP.CN_rank	9.16569307784684e-08	0.000171500133700986	0.000142055543717594
DT.ODA.ODAT.PC.ZS_ratioavg2	9.15653316523349e-08	0.000253146293069969	0.000426166631152781
SP.POP.BRTH.MF_rank	9.15283906452956e-08	0.000238026633927565	0.000426166631152781
BM.GSR.INSF.ZS_avg2	9.12199361019144e-08	0.000835901155444352	0.000781305490446765
SE.SEC.ENRL.GC.FE.ZS_lag1	9.10366025382036e-08	0.000253146293069969	0.000355138859293984
SP.POP.DPND	8.86980349352908e-08	0.000806525817681966	0.000426166631152781
SP.POP.0509.FE.5Y_delta1	8.8633324896934e-08	0.000134780961498004	0.000284111087435187
NE.RSB.GNFS.CD_delta1	8.77804179368811e-08	0.00047907719968361	0.000355138859293984
NY.ADJ.AEDU.GN.ZS_lag1	8.76104453914368e-08	0.000597442531255575	0.000497194403011578
NV.IND.MANF.CD	8.7602571120475e-08	0.000219451052695468	0.000284111087435187
EG.USE.PCAP.KG.OE_ratiomax2	8.58383308152717e-08	0.000324424686169875	0.000497194403011578
TX.VAL.MANF.ZS.UN_rank	8.52597794777345e-08	0.000126573146534985	0.000284111087435187
AG.PRD.LVSK.XD_ratioavg2	8.51420465786106e-08	8.42381009362525e-05	0.000284111087435187
TM.VAL.TRAN.ZS.WT_lag1	8.51152458820239e-08	0.000259194156726931	0.000426166631152781
NE.CON.TOTL.KD.ZG_tend2	8.50667133728471e-08	0.000185323822059755	0.000426166631152781
TM.VAL.MRCH.R6.ZS	8.48217264161499e-08	0.00023673066314393	0.000497194403011578
BX.GRT.TECH.CD.WD_min2	8.46298536799906e-08	9.20139256380604e-05	0.000142055543717594
NV.IND.TOTL.ZS_isNA_rank	8.44176344986431e-08	0.000908043529066681	0.000923361034164358
IT.CEL.SETS_ratioavg2	8.42707683387149e-08	0.000188347753888236	0.000355138859293984
NY.GDP.TOTL.RT.ZS_lag1	8.41202871404222e-08	0.000724879658312983	0.000568222174870374
NV.SRV.TOTL.KD.ZG_delta1	8.37748489830618e-08	0.000213835179299718	0.000781305490446765
NY.GDP.MKTP.KD_lag1	8.27344188634576e-08	0.000291161436056586	0.000142055543717594
FM.AST.PRVT.GD.ZS_max2	8.25177552439961e-08	1.46876688811927e-05	7.10277718587968e-05
BG.GSR.NFSV.GD.ZS_rank	8.20738439901358e-08	5.74547047411363e-05	7.10277718587968e-05
BX.GSR.TRVL.ZS_ratiomax2	8.1455355189552e-08	9.89257698174452e-05	0.00021308331557639
TX.VAL.MRCH.R6.ZS_delta1	8.11917971470202e-08	0.000443653998264263	0.000852333262305561
SE.TER.ENRR_delta1	8.1008437677687e-08	0.000266106000906316	0.000284111087435187
AG.LND.AGRI.K2_delta1	8.08929989404192e-08	0.000128301107579831	7.10277718587968e-05
NY.GNP.MKTP.CN_isNA_rank	8.07244018523794e-08	0.000394839098747358	0.000639249946729171
DC.DAC.FRAL.CD_tend2	8.07052477048405e-08	0.000102813682168349	0.00021308331557639
BM.GSR.MRCH.CD_isNA_rank	8.03083300207234e-08	0.000177547997357948	0.000497194403011578
SE.SEC.ENRL.GC.FE.ZS	8.01151891591078e-08	0.000292025416579009	0.000568222174870374
TX.VAL.MMTL.ZS.UN_rank	7.96948460871882e-08	0.000123981204967715	0.000142055543717594
BX.GSR.TRVL.ZS_tend2	7.96778582139412e-08	0.000374967546731626	0.000781305490446765
EN.URB.LCTY.UR.ZS	7.80842746095081e-08	0.00019785153963489	0.00021308331557639
NE.RSB.GNFS.CN	7.68504576995158e-08	0.000528324089461727	0.000710277718587968
NE.CON.PRVT.CD_ratioavg2	7.61578151428959e-08	0.000463093560018783	0.000781305490446765
NY.GDP.FRST.RT.ZS_delta1	7.53636911120029e-08	0.000355527984977107	0.000639249946729171
TM.VAL.INSF.ZS.WT_rank	7.44026857110771e-08	0.00104973633474407	0.000994388806023155
BX.GSR.CMCP.ZS_lag1	7.43715288634131e-08	0.000200875471463371	0.000568222174870374
DT.ODA.ODAT.CD_ratioavg2	7.42427107520842e-08	0.000259626146988142	0.000284111087435187
NY.GNP.MKTP.CN	7.3931366399325e-08	0.000658353158086404	0.000355138859293984
NV.AGR.TOTL.KD	7.37539544350114e-08	5.70227144799248e-05	7.10277718587968e-05
NE.IMP.GNFS.KD_isNA_rank	7.35946814717243e-08	0.00109768725373855	0.000781305490446765
NY.GDP.MKTP.CD_delta1	7.35526580384478e-08	0.000187915763627025	0.00021308331557639
NY.GDP.PCAP.KD.ZG_lag1	7.29754728929791e-08	4.92468897781169e-05	0.000142055543717594
SP.DYN.LE00.MA.IN_lag1	7.15751563107284e-08	0.000284681582138412	0.000142055543717594
EN.GHG.N2O.FE.MT.CE.AR5_lag1	7.12485145885335e-08	2.93753377623855e-05	0.000142055543717594
BX.GRT.TECH.CD.WD_tend2	7.12296902189583e-08	0.000216859111128199	0.000426166631152781
EN.GHG.CH4.WA.MT.CE.AR5_ratiomax2	7.11255491294997e-08	0.000306713085460201	0.000142055543717594
EN.GHG.N2O.TR.MT.CE.AR5_ratioavg2	7.10029985371262e-08	0.00141951999834116	0.00120747212159955
SP.POP.0014.TO_rank	7.08474322169793e-08	1.98715520157314e-05	7.10277718587968e-05
TX.VAL.MANF.ZS.UN_lag1	7.08239473945083e-08	0.000268697942473585	0.000142055543717594
BX.GRT.EXTA.CD.WD_ratioavg2	7.01431857333039e-08	7.94862080629254e-05	0.00021308331557639
NE.CON.PRVT.ZS	6.88751212698196e-08	0.000774558538352311	0.000710277718587968
SP.POP.3034.FE.5Y	6.88309053976687e-08	0.000349048131058933	0.000355138859293984
FI.RES.XGLD.CD_isNA_rank	6.87589426164409e-08	0.000141692805677389	0.00021308331557639
SP.POP.6064.MA.5Y	6.8676135231137e-08	0.00100178541574959	0.000639249946729171
NY.GDP.FCST.KD_lag1	6.8531604266665e-08	0.000223770955307584	0.000142055543717594
BX.KLT.DINV.WD.GD.ZS_tend2	6.84887627866657e-08	0.000156380474558582	0.000497194403011578
crisis_2008_rank	6.84087764494896e-08	0.000314920900423221	0.000426166631152781
SP.RUR.TOTL.ZG	6.82812141565396e-08	0.000120093292616811	7.10277718587968e-05
NY.GDP.MKTP.CN_isNA_rank	6.78009035870788e-08	0.000162860328476755	0.000426166631152781
TM.VAL.MRCH.OR.ZS_lag1	6.66157232139776e-08	0.000263082069077835	0.000355138859293984
NV.IND.MANF.ZS_isNA_rank	6.63002186845987e-08	0.000651441313907019	0.000710277718587968
AG.LND.AGRI.ZS_ratiomax2	6.60592509412801e-08	0.0003926791474413	0.00021308331557639
NY.GDP.PETR.RT.ZS_delta1	6.51592526884148e-08	9.11499451156373e-05	0.000284111087435187
EN.GHG.CO2.IP.MT.CE.AR5	6.48444442884556e-08	0.000184027851276121	0.00021308331557639
DC.DAC.CANL.CD_rank	6.45884048324969e-08	0.000294617358146278	0.00021308331557639
TM.VAL.MRCH.RS.ZS_lag1	6.39040885099341e-08	0.000641073547637942	0.000781305490446765
FS.AST.PRVT.GD.ZS_ratioavg2	6.3561426424989e-08	0.000265242020383892	0.000710277718587968
EN.GHG.CH4.MT.CE.AR5_tend2	6.33055415689616e-08	9.2445915899272e-05	0.000284111087435187
BM.TRF.PWKR.CD.DT_isNA_rank	6.32022548017236e-08	0.000365895751246184	0.000497194403011578
SE.PRM.ENRR_isNA_rank	6.30041782559715e-08	0.000422918465726109	0.000497194403011578
BX.GRT.TECH.CD.WD_ratiomax2	6.22045177788815e-08	0.000189211734410659	0.000284111087435187
SP.POP.3034.MA.5Y_delta1	6.1488082471749e-08	0.000104109652951984	0.000284111087435187
NE.CON.GOVT.ZS_isNA_rank	6.14858898873897e-08	0.000161132367431909	0.000497194403011578
FS.AST.CGOV.GD.ZS_ratioavg2	6.14529288344286e-08	0.000444949969047898	0.000568222174870374
TX.VAL.MRCH.OR.ZS_delta1	5.95645495987925e-08	0.000243210517062103	0.000710277718587968
BM.GSR.FCTY.CD_ratiomax2	5.89406708272885e-08	7.30063541447522e-05	0.000142055543717594
SP.DYN.TO65.FE.ZS_delta1	5.88929322375595e-08	0.000321832744602606	0.000639249946729171
DC.DAC.GBRL.CD_tend2	5.8769701040953e-08	0.00023673066314393	0.000568222174870374
SE.SEC.DURS_rank	5.84824737916085e-08	6.13426170920403e-05	0.00021308331557639
DC.DAC.GBRL.CD	5.77098664594909e-08	0.000647553401556115	0.00120747212159955
EN.GHG.CH4.WA.MT.CE.AR5_ratioavg2	5.75591749418706e-08	0.000689888447154847	0.000639249946729171
SP.POP.GROW_rank	5.64881388867815e-08	3.28312598520779e-05	7.10277718587968e-05
TM.VAL.MRCH.HI.ZS_lag1	5.61325028168522e-08	0.000614722141704038	0.000497194403011578
BX.GSR.TOTL.CD_delta1	5.59808502813759e-08	0.000322696725125029	0.000355138859293984
AG.LND.CREL.HA_ratioavg2	5.5680002254321e-08	0.000315352890684432	0.000497194403011578
BM.GSR.TRVL.ZS_ratioavg2	5.55049488530097e-08	0.000994441581308991	0.000781305490446765
BM.GSR.NFSV.CD_ratiomax2	5.45307397681032e-08	0.000113613438698638	7.10277718587968e-05
EG.USE.PCAP.KG.OE_lag1	5.41564923434556e-08	0.00188390952914358	0.00106541657788195
NY.ADJ.DRES.GN.ZS_delta1	5.27163770923086e-08	0.000362871819417703	0.000426166631152781
DC.DAC.GBRL.CD_isNA_rank	5.20066585052969e-08	0.000424214436509743	0.000710277718587968
BX.GSR.GNFS.CD_isNA_rank	5.04253774408346e-08	0.00156855663845914	0.00106541657788195
FM.LBL.BMNY.GD.ZS_lag1	5.0090744340202e-08	0.00016156435769312	0.00021308331557639
FI.RES.XGLD.CD_min2	5.00041211029e-08	1.38236883587696e-05	7.10277718587968e-05
NY.GNP.PCAP.CD_rank	4.97657164127304e-08	0.0001308930491471	7.10277718587968e-05
NE.IMP.GNFS.CN_lag1	4.96321416600928e-08	4.70869384720591e-05	0.000142055543717594
BX.GSR.GNFS.CD_ratiomax2	4.92660182380652e-08	0.000126573146534985	7.10277718587968e-05
NE.EXP.GNFS.CN_isNA_rank	4.90061251039072e-08	0.000553379524611997	0.000781305490446765
FI.RES.TOTL.MO_lag1	4.88349289164663e-08	0.000171932123962197	0.000426166631152781
BX.GRT.TECH.CD.WD	4.84806991855255e-08	0.00047605326785513	0.000426166631152781
NE.CON.PRVT.KD.ZG_delta1	4.82760340316818e-08	9.59018379889644e-05	0.000284111087435187
TM.VAL.MRCH.R3.ZS_rank	4.76036546930791e-08	0.000124413195228927	7.10277718587968e-05
EN.POP.DNST	4.72144517522729e-08	0.00013650892254285	0.000284111087435187
DC.DAC.CECL.CD_lag1	4.69330605044152e-08	0.000377559488298896	0.000426166631152781
BX.GSR.CMCP.ZS_ratioavg2	4.67247267491612e-08	0.000194395617545198	0.000497194403011578
BX.GSR.MRCH.CD_ratioavg2	4.65391824452233e-08	0.000551651563567151	0.00113644434974075
TM.VAL.MRCH.R1.ZS_lag1	4.64635009404872e-08	0.000746911161634772	0.00106541657788195
IS.AIR.PSGR	4.63115644918636e-08	0.00021167522799366	0.000355138859293984
EN.GHG.CH4.PI.MT.CE.AR5	4.61605112849696e-08	2.28954838442122e-05	7.10277718587968e-05
TM.VAL.MANF.ZS.UN_lag1	4.6148977067966e-08	0.000231978770270603	0.000426166631152781
BX.GSR.TOTL.CD_ratiomax2	4.60682410380866e-08	0.00013910086411012	0.000142055543717594
SP.POP.TOTL.FE.ZS	4.58548430427239e-08	0.00138928068005635	0.000994388806023155
EN.GHG.N2O.IP.MT.CE.AR5_max2	4.58529911382746e-08	9.02859645932142e-05	0.000142055543717594
BM.GSR.TOTL.CD_ratioavg2	4.58015998178693e-08	0.00020044348120216	0.000497194403011578
SE.PRM.ENRR.MA_delta1	4.49264527852757e-08	0.000459205647667879	0.000639249946729171
NV.IND.TOTL.KD.ZG_rank	4.45874435929697e-08	4.49269871660013e-05	7.10277718587968e-05
EN.GHG.N2O.AG.MT.CE.AR5_ratioavg2	4.45749952912056e-08	0.000602626414390114	0.000568222174870374
BM.GSR.TRAN.ZS_lag1	4.45448592683336e-08	0.000115341399743484	0.000355138859293984
NY.ADJ.DKAP.GN.ZS_delta1	4.3862015490032e-08	0.000451429822966071	0.000994388806023155
BM.KLT.DINV.WD.GD.ZS_max2	4.27796446924142e-08	0.000619042044316153	0.000426166631152781
DT.ODA.ODAT.KD_max2	4.27621977064097e-08	0.000221611004001526	0.000142055543717594
EN.GHG.N2O.PI.MT.CE.AR5_ratiomax2	4.11625923243382e-08	0.000208651296165179	0.000284111087435187
DC.DAC.CECL.CD_isNA_rank	4.09316478446753e-08	0.000458341667145456	0.000852333262305561
NE.CON.TOTL.KD_min2	4.06075748449144e-08	0.000123117224445292	7.10277718587968e-05
TM.VAL.OTHR.ZS.WT	4.05684566816504e-08	0.0002730178450857	0.000426166631152781
NV.AGR.TOTL.KD_lag1	4.04536616596537e-08	7.38703346671753e-05	7.10277718587968e-05
BX.GSR.TRAN.ZS_isNA_rank	4.02447659042422e-08	0.00011145348739258	0.000284111087435187
BX.GSR.TRAN.ZS_ratiomax2	3.96851773684477e-08	3.67191722029819e-05	0.000142055543717594
Country_Code	3.92733616349849e-08	0.000460501618451514	0.000284111087435187
EN.GHG.ALL.MT.CE.AR5_delta1	3.91481950318511e-08	7.51663054508099e-05	0.00021308331557639
TM.VAL.OTHR.ZS.WT_lag1	3.91144800091875e-08	1.33916980975581e-05	7.10277718587968e-05
MS.MIL.XPND.CD_ratiomax2	3.91060206786015e-08	5.70227144799248e-05	7.10277718587968e-05
TM.VAL.FOOD.ZS.UN	3.90563623424111e-08	0.000168044211611293	0.000639249946729171
NY.GDP.MKTP.KN_isNA_rank	3.90546313835135e-08	0.000303689153631721	0.000639249946729171
AG.PRD.CREL.MT_tend2	3.89637718485757e-08	0.000285977552922047	0.000497194403011578
NY.ADJ.DKAP.CD_delta1	3.8725976905018e-08	0.000118797321833177	0.000355138859293984
PA.NUS.ATLS_lag1	3.85240246453129e-08	1.29597078363465e-05	7.10277718587968e-05
NE.CON.PRVT.ZS_avg2	3.83305239020953e-08	0.00194222821440713	0.00120747212159955
NV.AGR.TOTL.CD_lag1	3.80405062539539e-08	2.46234448890584e-05	7.10277718587968e-05
SP.POP.3539.MA.5Y	3.80172903458255e-08	0.000240618575494834	0.000284111087435187
NY.GDP.TOTL.RT.ZS_delta1	3.67277037945242e-08	0.00066008111913125	0.000639249946729171
SP.DYN.IMRT.MA.IN_delta1	3.55308494075726e-08	0.000249690370980277	0.000284111087435187
BX.KLT.DINV.CD.WD_min2	3.53773763569281e-08	0.000451429822966071	0.000426166631152781
EN.GHG.CO2.RT.GDP.KD_ratiomax2	3.51749058552952e-08	0.000254874254114815	0.00021308331557639
NE.CON.TOTL.CD_min2	3.50162594465682e-08	0.000165020279782813	0.000142055543717594
BX.GSR.NFSV.CD_min2	3.48915565662616e-08	1.85755812320967e-05	7.10277718587968e-05
SE.SEC.ENRR.MA_delta1	3.48891408381114e-08	0.000409094777367339	0.000852333262305561
EN.GHG.CH4.IC.MT.CE.AR5_delta1	3.48178757336495e-08	0.000469573413936956	0.000497194403011578
DC.DAC.CECL.CD_delta1	3.47186092938995e-08	0.00019482760780641	0.00021308331557639
NE.CON.PRVT.PC.KD_ratioavg2	3.44057746158267e-08	0.000227226877397276	0.000284111087435187
DC.DAC.USAL.CD_isNA_rank	3.42560345527812e-08	0.000158540425864639	0.000355138859293984
FS.AST.PRVT.GD.ZS_isNA_rank	3.42228348997104e-08	0.000502404673789034	0.000710277718587968
SE.PRM.ENRR.MA_isNA_rank	3.36917746476836e-08	0.000248394400196642	0.000568222174870374
BX.TRF.PWKR.CD.DT_tend2	3.33248182457894e-08	0.00265976403827952	0.0021308331557639
MS.MIL.MPRT.KD_min2	3.33007285625725e-08	0.000106269604258042	0.00021308331557639
IS.AIR.DPRT_ratiomax2	3.32217271639323e-08	0.000201739451985794	0.00021308331557639
DC.DAC.DEUL.CD_delta1	3.2851827673541e-08	0.000184891831798544	0.00021308331557639
FP.CPI.TOTL_ratioavg2	3.26329642290321e-08	0.000156380474558582	0.00021308331557639
NE.GDI.FTOT.CD	3.25373418920627e-08	6.00466463084056e-05	0.00021308331557639
FP.CPI.TOTL.ZG_tend2	3.20738675005991e-08	0.000252282312547546	0.000710277718587968
BX.GSR.CMCP.ZS_rank	3.16863611234087e-08	0.000134348971236792	0.000355138859293984
SG.LAW.INDX_rank	3.14833953877038e-08	4.6222957949636e-05	7.10277718587968e-05
EN.GHG.CH4.TR.MT.CE.AR5_ratiomax2	3.13897066268032e-08	0.000168044211611293	0.00021308331557639
EN.GHG.CH4.PI.MT.CE.AR5_delta1	3.13518045237388e-08	2.07355325381545e-05	0.000142055543717594
AG.LND.ARBL.HA.PC_rank	3.12158526384159e-08	0.000202171442247006	0.000142055543717594
NY.GDP.FCST.CN_lag1	3.01892304227933e-08	0.000416870602069147	0.00021308331557639
EN.GHG.CO2.MT.CE.AR5_ratioavg2	3.00856855795512e-08	5.05428605617515e-05	0.000142055543717594
Country_Name	2.97143690759879e-08	0.000300233231542028	0.00021308331557639
EN.GHG.CO2.IP.MT.CE.AR5_tend2	2.97000632794853e-08	0.00033133653034926	0.000355138859293984
TM.VAL.MRCH.R2.ZS_rank	2.95951971366573e-08	0.000274313815869335	0.000355138859293984
NY.GNP.PCAP.CD_isNA_rank	2.93928003019333e-08	0.000266106000906316	0.000568222174870374
DC.DAC.FRAL.CD_rank	2.93429286051383e-08	1.81435909708852e-05	7.10277718587968e-05
DC.DAC.CANL.CD_min2	2.88759067332456e-08	4.96788800393284e-05	0.00021308331557639
SM.POP.NETM	2.87247797901929e-08	0.000147740669334351	0.000426166631152781
BX.GRT.EXTA.CD.WD_delta1	2.86888777475736e-08	4.01750942926743e-05	0.00021308331557639
SP.DYN.TO65.FE.ZS_rank	2.84685479790552e-08	0.000282521630832355	0.000142055543717594
SE.PRM.ENRL.FE.ZS_isNA_rank	2.82827053640275e-08	0.000768078684434138	0.000852333262305561
FI.RES.TOTL.MO_ratioavg2	2.82194051676847e-08	0.00019223566623914	0.00021308331557639
NV.IND.TOTL.CN_delta1	2.81063547827654e-08	0.000779310431225639	0.000710277718587968
IT.MLT.MAIN_delta1	2.80813572281246e-08	0.00014471673750587	0.000284111087435187
NV.AGR.TOTL.CD_isNA_rank	2.79829143120918e-08	0.000741727278500234	0.000568222174870374
BX.GSR.TRAN.ZS_ratioavg2	2.78578559179223e-08	0.00024796240993543	0.000355138859293984
TM.VAL.MRCH.R5.ZS_rank	2.77736940473102e-08	5.22708216065977e-05	0.00021308331557639
IS.AIR.DPRT_rank	2.77510014661063e-08	1.77116007096736e-05	7.10277718587968e-05
BX.GRT.TECH.CD.WD_delta1	2.70998377633789e-08	0.000323560705647452	0.000497194403011578
EN.GHG.ALL.PC.CE.AR5_tend2	2.70728429415336e-08	3.45592208969241e-05	0.000142055543717594
TM.VAL.MANF.ZS.UN_rank	2.68911867396136e-08	5.27028118678093e-05	0.000142055543717594
TM.VAL.MRCH.OR.ZS_delta1	2.66928652709015e-08	0.000128733097841042	0.000142055543717594
IS.AIR.DPRT_delta1	2.64080212073325e-08	0.000217723091650622	0.00021308331557639
NE.DAB.TOTL.CD	2.63976577477588e-08	0.000133916980975581	0.000355138859293984
EG.ELC.COAL.ZS_ratiomax2	2.63846262743527e-08	4.49269871660013e-05	0.00021308331557639
BX.PEF.TOTL.CD.WD_delta1	2.6359017919722e-08	0.000670016895139116	0.000781305490446765
EN.URB.MCTY.TL.ZS_isNA_rank	2.63507824219874e-08	0.000552947534350786	0.000923361034164358
ER.H2O.INTR.PC_tend2	2.62707003118468e-08	0.000280793669787508	0.000284111087435187
NE.IMP.GNFS.KD_delta1	2.62521711425278e-08	0.00176208827548192	0.00177569429646992
EN.GHG.N2O.IP.MT.CE.AR5_tend2	2.59835433857804e-08	0.000279929689265085	0.000568222174870374
BX.GSR.TRVL.ZS_delta1	2.54457071818469e-08	1.98715520157314e-05	0.000142055543717594
EN.GHG.CH4.FE.MT.CE.AR5_ratioavg2	2.54406711647721e-08	8.25101398914063e-05	0.000284111087435187
NY.ADJ.DFOR.CD_delta1	2.51249689174168e-08	0.00010022174060108	0.00021308331557639
EN.GHG.CO2.TR.MT.CE.AR5_ratioavg2	2.5097960672794e-08	0.000413846670240666	0.000355138859293984
SP.POP.7579.MA.5Y_lag1	2.5050058878576e-08	0.000174524065529467	0.000142055543717594
EN.GHG.N2O.PI.MT.CE.AR5_delta1	2.49017295773399e-08	0.000384039342217069	0.000284111087435187
DT.ODA.ODAT.PC.ZS_delta1	2.48318304665009e-08	0.000210379257210025	0.000497194403011578
SP.URB.GROW_rank	2.47954030796548e-08	8.07821788465601e-05	0.000142055543717594
BX.GSR.NFSV.CD_ratiomax2	2.47882877467407e-08	0.00013650892254285	0.000142055543717594
NE.CON.TOTL.CD_isNA_rank	2.45456150751172e-08	8.94219840707911e-05	0.000355138859293984
FD.AST.PRVT.GD.ZS_rank	2.44022736924839e-08	0.000208651296165179	0.000284111087435187
BM.GSR.TRVL.ZS_rank	2.42624733026249e-08	0.000198283529896102	0.000355138859293984
BX.TRF.PWKR.CD.DT_ratioavg2	2.38991270886184e-08	0.000832445233354659	0.000994388806023155
TX.VAL.MRCH.R4.ZS	2.37018569227839e-08	0.000188779744149448	0.000639249946729171
AG.PRD.CROP.XD_min2	2.35628447274657e-08	0.000321400754341394	0.000639249946729171
DC.DAC.USAL.CD_lag1	2.34584222109049e-08	0.000174956055790678	0.000142055543717594
NY.GDP.TOTL.RT.ZS_isNA_rank	2.33979818384948e-08	0.00084670091197464	0.000710277718587968
FM.AST.PRVT.GD.ZS_ratioavg2	2.33265474513995e-08	0.000233274741054238	0.000284111087435187
SH.IMM.MEAS_delta1	2.29863262331682e-08	0.000181867899970063	0.000284111087435187
SG.LAW.INDX_delta1	2.2916435445545e-08	0.000184459841537332	0.000142055543717594
NE.GDI.TOTL.ZS_isNA_rank	2.28722692003535e-08	0.000433286231995186	0.000568222174870374
NE.CON.TOTL.CD	2.26716299115848e-08	2.46234448890584e-05	7.10277718587968e-05
ER.FSH.PROD.MT	2.2418122557842e-08	4.44949969047898e-05	7.10277718587968e-05
NY.GDP.DEFL.KD.ZG_rank	2.2258005819443e-08	0.00103893657821378	0.000852333262305561
DC.DAC.GBRL.CD_ratioavg2	2.20958457694659e-08	6.95504320550598e-05	0.00021308331557639
SP.RUR.TOTL.ZG_delta1	2.20620258263057e-08	0.000822509457346794	0.000568222174870374
TX.VAL.TRAN.ZS.WT	2.1941749117047e-08	0.000384903322739492	0.000923361034164358
EN.GHG.CH4.IC.MT.CE.AR5_avg2	2.18294700559595e-08	9.93577600786568e-06	7.10277718587968e-05
TX.VAL.MRCH.WL.CD	2.17693894337799e-08	0.000146012708289504	7.10277718587968e-05
SP.POP.5054.FE.5Y_rank	2.14000019145555e-08	0.000168476201872505	0.000142055543717594
NE.IMP.GNFS.CN_isNA_rank	2.12495728783663e-08	0.00024234653653968	0.000639249946729171
NE.CON.PRVT.ZS_isNA_rank	2.11914778188795e-08	0.000336520413483798	0.000497194403011578
EG.ELC.NUCL.ZS_avg2	2.11017459622104e-08	0.000545171709648978	0.000284111087435187
SE.PRM.TCHR_rank	2.08513927959783e-08	3.3695240374501e-05	0.00021308331557639
MS.MIL.XPND.GD.ZS_ratioavg2	2.07674014148282e-08	0.000200875471463371	0.000639249946729171
IS.AIR.PSGR_delta1	2.04969466727769e-08	0.000165884260305236	0.000355138859293984
IT.CEL.SETS.P2_lag1	2.04764951976931e-08	0.000263082069077835	0.000142055543717594
EG.USE.PCAP.KG.OE_delta1	2.0432799795889e-08	0.000930939012910893	0.000497194403011578
NE.CON.PRVT.CD_min2	2.022513962049e-08	0.000133484990714369	7.10277718587968e-05
SP.DYN.LE00.IN_delta1	2.00422767535879e-08	0.000635457674242192	0.000994388806023155
EN.GHG.CH4.MT.CE.AR5_ratiomax2	1.98271904823321e-08	9.63338282501759e-05	0.000142055543717594
SE.PRM.ENRL_lag1	1.96990848201151e-08	0.000283817601615989	0.000497194403011578
SM.POP.RHCR.EO_delta1	1.96954496965526e-08	0.000625521898234326	0.00106541657788195
NE.RSB.GNFS.ZS_delta1	1.96351780324338e-08	0.000177116007096736	0.000355138859293984
BM.GSR.GNFS.CD_delta1	1.91096712283322e-08	8.42381009362525e-05	0.000142055543717594
NE.EXP.GNFS.CD_delta1	1.90847542912315e-08	0.00037323958568678	0.000284111087435187
TX.VAL.MRCH.AL.ZS_rank	1.86657046355985e-08	7.51663054508099e-05	0.000142055543717594
BX.GSR.TRAN.ZS_max2	1.86205970526721e-08	8.07821788465601e-05	0.000284111087435187
EN.GHG.CO2.RT.GDP.KD_ratioavg2	1.84315067583022e-08	0.000108861545825311	0.000284111087435187
NE.CON.GOVT.CD_delta1	1.8249122960314e-08	0.000173660085007044	0.000284111087435187
FM.AST.DOMS.CN_isNA_rank	1.81509332916431e-08	0.000344296238185606	0.000852333262305561
EN.GHG.N2O.IC.MT.CE.AR5_ratioavg2	1.79628198278251e-08	0.0011331104551579	0.00120747212159955
EN.GHG.CH4.AG.MT.CE.AR5_ratiomax2	1.7816425691738e-08	1.12317467915003e-05	7.10277718587968e-05
NY.GDP.PCAP.CD_lag1	1.76592715008172e-08	0.000280793669787508	0.00021308331557639
BM.GSR.TRAN.ZS_rank	1.75676979541883e-08	4.83829092556937e-05	0.00021308331557639
SP.POP.65UP.FE.IN_delta1	1.74620237444695e-08	1.59836396648274e-05	7.10277718587968e-05
SP.POP.2529.MA.5Y	1.71724038088041e-08	0.000196987559112467	0.00021308331557639
NE.CON.TOTL.KD_delta1	1.71581216363899e-08	0.000129597078363465	7.10277718587968e-05
EG.ELC.FOSL.ZS_tend2	1.71542080600824e-08	0.000329608569304414	0.000568222174870374
DC.DAC.JPNL.CD_delta1	1.70107292426886e-08	0.00036762371229103	0.000710277718587968
NV.IND.TOTL.CD_lag1	1.69975585503386e-08	0.000132621010191946	7.10277718587968e-05
TM.VAL.AGRI.ZS.UN_isNA_rank	1.69570550744568e-08	2.24634935830007e-05	0.000142055543717594
TX.VAL.FUEL.ZS.UN_delta1	1.68890758992047e-08	0.000209947266948814	0.000355138859293984
NV.SRV.TOTL.ZS_delta1	1.68762327555724e-08	0.000168044211611293	0.000568222174870374
SP.DYN.IMRT.IN_delta1	1.6820902114298e-08	7.38703346671753e-05	0.000142055543717594
BM.GSR.TOTL.CD_tend2	1.67785896319363e-08	9.97897503398683e-05	7.10277718587968e-05
BM.TRF.PWKR.CD.DT_ratioavg2	1.66015315881962e-08	0.000407798806583704	0.000639249946729171
BX.GSR.TRVL.ZS_isNA_rank	1.65215962640652e-08	0.000251850322286334	0.000568222174870374
SP.POP.0004.MA.5Y_lag1	1.64266707247841e-08	0.000892059889401853	0.000426166631152781
NE.IMP.GNFS.KD.ZG_rank	1.63456925841262e-08	0.000127869117318619	7.10277718587968e-05
TM.VAL.TRVL.ZS.WT_isNA_rank	1.61981868733954e-08	0.000264378039861469	0.000497194403011578
FM.AST.NFRG.CN_rank	1.61400454447326e-08	8.03501885853485e-05	0.000284111087435187
BX.GRT.EXTA.CD.WD_max2	1.59864633335384e-08	0.000277769737959027	0.000284111087435187
SP.POP.4044.MA.5Y_rank	1.59575600413169e-08	0.000267833961951162	0.000142055543717594
NE.CON.PRVT.ZS_ratioavg2	1.59201266522734e-08	0.000139964844632543	0.000568222174870374
BX.KLT.DINV.CD.WD_delta1	1.57324505026724e-08	0.000394839098747358	0.000568222174870374
BM.GSR.TRVL.ZS_avg2	1.55905906025297e-08	0.000131757029669523	7.10277718587968e-05
SP.DYN.TO65.MA.ZS_delta1	1.54469283643279e-08	0.000239322604711199	0.000426166631152781
TX.VAL.MRCH.AL.ZS	1.5324334146274e-08	0.000122685234184081	0.000284111087435187
EN.GHG.CH4.MT.CE.AR5_delta1	1.5235108880186e-08	4.44949969047898e-05	0.00021308331557639
BX.GSR.NFSV.CD_lag1	1.49607776776799e-08	0.000135644942020427	7.10277718587968e-05
EN.GHG.CO2.PC.CE.AR5_min2	1.46659426272306e-08	0.000602626414390114	0.000284111087435187
BG.GSR.NFSV.GD.ZS_lag1	1.45608195016628e-08	0.000134780961498004	0.000355138859293984
SP.POP.6569.MA.5Y_lag1	1.45587280872596e-08	0.000218155081911833	0.00021308331557639
IT.MLT.MAIN.P2_max2	1.44214239099279e-08	0.000625521898234326	0.000355138859293984
TM.VAL.MRCH.WL.CD	1.43556720076809e-08	0.000311032988072317	0.000142055543717594
TX.VAL.TRVL.ZS.WT	1.4009745884266e-08	0.00145710315106656	0.00149158320903473
NE.CON.TOTL.KD.ZG_ratiomax2	1.39455734709542e-08	0.000200875471463371	0.000355138859293984
MS.MIL.MPRT.KD	1.38591303954624e-08	0.000531348021290208	0.000781305490446765
DT.ODA.ODAT.KD	1.38121460609534e-08	0.00023111478974818	0.000142055543717594
SH.DTH.IMRT	1.37640269628533e-08	0.000129165088102254	0.00021308331557639
BX.GSR.CMCP.ZS_isNA_rank	1.37563044683174e-08	0.000132621010191946	0.000142055543717594
TM.VAL.MRCH.R1.ZS	1.35860154004746e-08	0.000258330176204508	0.000426166631152781
BM.TRF.PWKR.CD.DT_delta1	1.34996281280601e-08	0.000495492829609649	0.000497194403011578
SE.PRM.ENRL.FE.ZS	1.34068451290213e-08	0.000154652513513735	0.000497194403011578
SP.POP.3539.MA.5Y_lag1	1.34039447743385e-08	0.000201739451985794	0.00021308331557639
DT.ODA.ALLD.KD_ratiomax2	1.33863569748919e-08	0.00016156435769312	0.000142055543717594
EN.GHG.CO2.FE.MT.CE.AR5_ratiomax2	1.3282396902518e-08	9.50378574665413e-06	7.10277718587968e-05
TX.VAL.FUEL.ZS.UN_isNA_lag1	1.31559010119242e-08	1.16637370527119e-05	7.10277718587968e-05
FM.AST.NFRG.CN_isNA_rank	1.31480337161975e-08	0.00143550363800598	0.00142055543717594
NV.AGR.TOTL.KD_delta1	1.30732129302211e-08	0.000962906292240548	0.000781305490446765
SP.DYN.LE00.FE.IN_rank	1.30339927319004e-08	7.6030285973233e-05	7.10277718587968e-05
BM.KLT.DINV.WD.GD.ZS_rank	1.29563547296828e-08	1.64156299260389e-05	7.10277718587968e-05
BM.GSR.CMCP.ZS_ratioavg2	1.2949811191708e-08	0.000354232014193472	0.000710277718587968
AG.PRD.CREL.MT_avg2	1.28899220155412e-08	4.06070845538858e-05	0.000142055543717594
TM.VAL.FOOD.ZS.UN_isNA_rank	1.25709001958209e-08	7.73262567568677e-05	0.000284111087435187
NY.GDS.TOTL.CD_isNA_rank	1.25213990351315e-08	0.000484261082818149	0.000710277718587968
SP.POP.5559.FE.5Y_rank	1.24542412453724e-08	0.000110589506870157	7.10277718587968e-05
IS.AIR.PSGR_max2	1.23935153365235e-08	0.000291593426317797	0.00021308331557639
SH.MMR.DTHS_delta1	1.23728939355652e-08	0.000359415897328011	0.000426166631152781
BM.KLT.DINV.CD.WD_ratiomax2	1.22392002196627e-08	8.42381009362525e-05	0.00021308331557639
FD.AST.PRVT.GD.ZS	1.22158398198628e-08	2.28954838442122e-05	0.000142055543717594
SE.SEC.ENRL.GC_rank	1.21807817263317e-08	3.41272306357125e-05	7.10277718587968e-05
DC.DAC.JPNL.CD_ratiomax2	1.20589094537761e-08	0.000343864247924395	0.000426166631152781
BX.TRF.PWKR.DT.GD.ZS_rank	1.20504521195073e-08	0.000243210517062103	0.000355138859293984
FM.LBL.BMNY.GD.ZS	1.20017573150092e-08	0.00042335045598732	0.000781305490446765
NE.EXP.GNFS.KD.ZG_rank	1.19995130231999e-08	0.000142556786199812	0.000284111087435187
FD.AST.PRVT.GD.ZS_lag1	1.19538715128249e-08	1.46876688811927e-05	7.10277718587968e-05
MS.MIL.XPND.CD_isNA_rank	1.180072296674e-08	0.000184891831798544	0.000355138859293984
BM.KLT.DINV.CD.WD_max2	1.1704161949077e-08	0.00013910086411012	0.000284111087435187
NY.ADJ.DRES.GN.ZS_lag1	1.16294009139559e-08	0.000153356542730101	0.000284111087435187
EN.GHG.CO2.RT.GDP.KD_max2	1.14879100268773e-08	0.000341272306357125	0.000497194403011578
FD.AST.PRVT.GD.ZS_min2	1.14624054638019e-08	0.000565043261664709	0.000355138859293984
BX.GSR.CMCP.ZS_max2	1.13675325276545e-08	0.000259626146988142	0.000710277718587968
IS.AIR.GOOD.MT.K1_ratiomax2	1.13501693002829e-08	0.000157676445342216	0.000284111087435187
NY.GDP.FCST.CD_lag1	1.13385332053625e-08	6.30705781368865e-05	7.10277718587968e-05
TM.VAL.SERV.CD.WT_delta1	1.12027323795143e-08	0.000107997565302888	7.10277718587968e-05
EN.GHG.CH4.IC.MT.CE.AR5_max2	1.11254826986639e-08	9.93577600786568e-06	7.10277718587968e-05
NE.GDI.FTOT.ZS_isNA_rank	1.10602612495521e-08	9.37418866829066e-05	0.000284111087435187
EN.GHG.N2O.WA.MT.CE.AR5_tend2	1.10548696126041e-08	7.6030285973233e-05	0.000355138859293984
ER.FSH.AQUA.MT_tend2	1.09110031596011e-08	0.00048728501464663	0.000781305490446765
NV.IND.TOTL.ZS_delta1	1.0831160142137e-08	0.000606082336479807	0.000568222174870374
EN.URB.MCTY.TL.ZS_tend2	1.05607387315545e-08	0.000280361679526297	0.000497194403011578
NY.GDP.DEFL.KD.ZG	1.04324237988781e-08	0.000651441313907019	0.000994388806023155
EN.GHG.CH4.TR.MT.CE.AR5_ratioavg2	1.0384337595615e-08	0.000155516494036158	0.000355138859293984
AG.LND.CROP.ZS_max2	1.02606910140147e-08	0.000114477419221061	7.10277718587968e-05
NY.GDP.COAL.RT.ZS_lag1	1.0069580596012e-08	0.00016977217265614	0.000284111087435187
NE.CON.TOTL.KD.ZG_ratioavg2	9.99386841409088e-09	0.000146444698550716	0.000284111087435187
EN.GHG.CO2.FE.MT.CE.AR5_avg2	9.85780817183986e-09	5.18388313453862e-05	0.000142055543717594
DC.DAC.GBRL.CD_ratiomax2	9.67402363066452e-09	1.16637370527119e-05	7.10277718587968e-05
NE.GDI.TOTL.ZS_delta1	9.67096537380927e-09	0.000137804893326485	0.000355138859293984
DT.ODA.ODAT.CD_isNA_rank	9.66598225352682e-09	0.000447973900876379	0.000426166631152781
TX.VAL.TRAN.ZS.WT_delta1	9.622066480758e-09	0.000733951453798426	0.000639249946729171
EN.GHG.CH4.BU.MT.CE.AR5	9.39574490902268e-09	0.000253578283331181	0.000284111087435187
SE.SEC.ENRL.GC.FE.ZS_delta1	9.36170415919918e-09	0.000263946049600258	0.000426166631152781
AG.PRD.LVSK.XD_lag1	9.34722220951145e-09	9.41738769441182e-05	0.00021308331557639
EG.USE.ELEC.KH.PC_tend2	9.31268720769601e-09	0.000574547047411363	0.000568222174870374
EN.GHG.CO2.PI.MT.CE.AR5_tend2	9.28360597386558e-09	0.000149468630379197	0.000284111087435187
crisis_impact_poor_rank	9.10799617453675e-09	0.000311032988072317	0.000426166631152781
TX.VAL.TRVL.ZS.WT_isNA_rank	9.03586602957534e-09	6.95504320550598e-05	0.00021308331557639
BX.PEF.TOTL.CD.WD_lag1	9.03196522516283e-09	0.000653601265213077	0.000923361034164358
NE.CON.TOTL.KD.ZG_lag1	8.9824422899848e-09	0.000575843018194998	0.000639249946729171
EN.GHG.N2O.IP.MT.CE.AR5_lag1	8.84069993333661e-09	0.000276041776914181	0.000142055543717594
IS.AIR.DPRT_min2	8.79069914457289e-09	0.000208219305903968	0.00021308331557639
AG.LND.CREL.HA_ratiomax2	8.75512309894069e-09	1.12317467915003e-05	7.10277718587968e-05
BX.GRT.TECH.CD.WD_avg2	8.64218561718093e-09	1.64156299260389e-05	7.10277718587968e-05
EN.GHG.CH4.AG.MT.CE.AR5_delta1	8.58808120585823e-09	0.000265674010645104	0.000781305490446765
TX.VAL.TRVL.ZS.WT_lag1	8.50284677744106e-09	0.00105751215944588	0.000923361034164358
NY.GDP.PCAP.KN_lag1	8.46794672281243e-09	0.000143852756983447	7.10277718587968e-05
TM.VAL.INSF.ZS.WT_delta1	8.41129639173337e-09	0.000396999050053416	0.000710277718587968
MS.MIL.XPND.GD.ZS_tend2	8.34583401430036e-09	0.000127869117318619	0.000497194403011578
AG.LND.AGRI.K2_ratiomax2	8.31119624654772e-09	0.000126141156273773	7.10277718587968e-05
BM.GSR.FCTY.CD_isNA_rank	8.25643648783947e-09	0.000158540425864639	0.000355138859293984
TM.VAL.MRCH.HI.ZS_rank	8.23423416953205e-09	2.505543515027e-05	0.000142055543717594
NE.IMP.GNFS.CD_isNA_rank	8.23253369869166e-09	0.000203899403291852	0.000355138859293984
AG.PRD.CROP.XD_ratioavg2	8.20177254674228e-09	0.000282089640571143	0.000497194403011578
NY.GDP.MKTP.KD_delta1	8.18142398020402e-09	0.00044840589113759	0.000426166631152781
NY.GDP.MINR.RT.ZS_lag1	8.04316427669231e-09	0.000417302592330359	0.000355138859293984
DT.ODA.ODAT.GN.ZS_min2	8.01507493288074e-09	9.89257698174452e-05	0.000142055543717594
EN.GHG.CH4.FE.MT.CE.AR5_min2	7.98047223617123e-09	0.000258762166465719	0.00021308331557639
EG.ELC.NUCL.ZS_delta1	7.92811762833923e-09	0.0001421247959386	7.10277718587968e-05
SP.POP.65UP.MA.IN_delta1	7.84385230215478e-09	0.000135212951759216	0.00021308331557639
BX.PEF.TOTL.CD.WD_max2	7.82211410486059e-09	2.1167522799366e-05	7.10277718587968e-05
EG.USE.PCAP.KG.OE_isNA_rank	7.77788852331257e-09	9.2445915899272e-05	0.000426166631152781
SP.POP.GROW	7.7101698776706e-09	2.9807328023597e-05	0.000142055543717594
SP.POP.0014.MA.ZS	7.56625486182271e-09	0.000138668873848908	0.000142055543717594
BM.KLT.DINV.CD.WD_lag1	7.49834803578691e-09	0.000165884260305236	0.00021308331557639
SP.POP.0014.FE.ZS	7.49780254818175e-09	0.000101085721123503	0.000142055543717594
BX.TRF.PWKR.DT.GD.ZS_tend2	7.48215125823825e-09	9.80617892950221e-05	0.000426166631152781
EN.URB.MCTY.TL.ZS_delta1	7.31817907495369e-09	0.000148604649856774	0.00021308331557639
SP.POP.1519.FE.5Y_delta1	7.22007384378363e-09	0.000162428338215543	0.00021308331557639
NE.CON.TOTL.KD.ZG_isNA_rank	7.21807159801271e-09	1.33916980975581e-05	7.10277718587968e-05
BX.GSR.TOTL.CD	7.20147683408717e-09	0.00015033261090162	0.000142055543717594
ER.FSH.PROD.MT_tend2	7.14270628661897e-09	0.000250122361241488	0.000284111087435187
SP.DYN.CDRT.IN_delta1	7.10793285348217e-09	0.000430694290427917	0.000497194403011578
EN.GHG.ALL.PC.CE.AR5_delta1	6.98065664957581e-09	0.000166748240827659	0.00021308331557639
SP.POP.65UP.MA.ZS_delta1	6.96683706337108e-09	0.000297209299713547	0.000142055543717594
AG.LND.PRCP.MM_min2	6.93634321468027e-09	1.07997565302888e-05	7.10277718587968e-05
NV.IND.TOTL.KD_delta1	6.91873047011341e-09	0.000156380474558582	0.00021308331557639
SE.SEC.ENRL.GC	6.90265326062893e-09	8.55340717198872e-05	0.000284111087435187
EN.GHG.CH4.IC.MT.CE.AR5_ratioavg2	6.86540773061634e-09	0.000358119926544376	0.000639249946729171
EN.GHG.N2O.BU.MT.CE.AR5_ratiomax2	6.85919020368396e-09	2.505543515027e-05	0.000142055543717594
BM.GSR.TRVL.ZS_ratiomax2	6.85469597906633e-09	1.94395617545198e-05	7.10277718587968e-05
SE.PRM.ENRR.FE_rank	6.82084044133081e-09	3.93111137702512e-05	0.000142055543717594
EN.GHG.N2O.MT.CE.AR5_ratioavg2	6.46693468855508e-09	0.000558131417485324	0.000639249946729171
BM.KLT.DINV.WD.GD.ZS_min2	6.43980882267586e-09	2.54874254114815e-05	0.000142055543717594
BM.GSR.INSF.ZS_rank	6.43425116231766e-09	0.000333928471916529	0.000497194403011578
TM.VAL.INSF.ZS.WT_isNA_rank	6.43142575777509e-09	0.00123765209837109	0.000923361034164358
BX.KLT.DINV.CD.WD_lag1	6.41259822540391e-09	0.000128301107579831	0.000355138859293984
TM.VAL.TRVL.ZS.WT_delta1	6.36451013856743e-09	0.000230250809225757	0.000426166631152781
NY.ADJ.NNTY.PC.CD_lag1	6.36023895268382e-09	4.44949969047898e-05	0.00021308331557639
MS.MIL.MPRT.KD_delta1	6.31498538084805e-09	0.00019223566623914	0.000142055543717594
TM.VAL.FOOD.ZS.UN_delta1	6.29956182810552e-09	0.000344728228446818	0.000568222174870374
EN.GHG.N2O.MT.CE.AR5_ratiomax2	6.28608471831337e-09	7.73262567568677e-05	7.10277718587968e-05
EG.ELC.PETR.ZS_delta1	6.22834953307517e-09	4.49269871660013e-05	0.000142055543717594
BX.GSR.TRVL.ZS_rank	6.21988903516484e-09	0.000279497699003874	0.000284111087435187
NE.DAB.TOTL.CD_isNA_rank	6.19578292672745e-09	0.000268697942473585	0.000497194403011578
MS.MIL.MPRT.KD_ratioavg2	6.10300906434714e-09	0.000208651296165179	0.000355138859293984
SH.MMR.RISK.ZS_lag1	6.02190393807564e-09	0.00100826526966776	0.000568222174870374
SP.POP.80UP.FE.5Y_delta1	5.86807626473932e-09	0.0011218787083664	0.000639249946729171
TM.VAL.MRCH.AL.ZS_lag1	5.86314594103249e-09	9.02859645932142e-05	0.000284111087435187
SP.POP.0014.TO.ZS_lag1	5.85338183118684e-09	7.90542178017139e-05	0.000142055543717594
NV.AGR.TOTL.CD	5.83589341308306e-09	1.38236883587696e-05	7.10277718587968e-05
AG.YLD.CREL.KG_tend2	5.73045883177438e-09	0.000246666439151796	0.000568222174870374
SP.POP.1519.FE.5Y_lag1	5.64478730480035e-09	5.91826657859825e-05	0.000142055543717594
FI.RES.TOTL.MO_min2	5.63171385491771e-09	0.000686864515326367	0.000852333262305561
SP.POP.4044.FE.5Y_rank	5.54090915035373e-09	2.89433475011739e-05	7.10277718587968e-05
DC.DAC.CANL.CD_lag1	5.38990057608027e-09	0.000108861545825311	7.10277718587968e-05
NE.GDI.TOTL.ZS_rank	5.38839039182049e-09	1.2527717575135e-05	7.10277718587968e-05
BM.KLT.DINV.CD.WD_delta1	5.37353850416451e-09	0.000321832744602606	0.000426166631152781
BM.GSR.FCTY.CD_rank	5.36035408169731e-09	3.45592208969241e-05	7.10277718587968e-05
BM.GSR.INSF.ZS_ratioavg2	5.33866082398753e-09	0.000328744588781991	0.000497194403011578
DC.DAC.TOTL.CD_ratiomax2	5.24416153507371e-09	0.000134348971236792	0.000142055543717594
BX.GSR.TRVL.ZS_min2	5.24002036310888e-09	0.00109120739982038	0.00120747212159955
SE.ENR.PRIM.FM.ZS_rank	5.19830275564192e-09	0.000129165088102254	0.000142055543717594
NE.CON.PRVT.CD_delta1	5.07335483101294e-09	0.000198715520157314	0.000142055543717594
EG.ELC.FOSL.ZS_delta1	5.04892039404634e-09	0.000177116007096736	0.000426166631152781
DT.ODA.ODAT.GN.ZS_ratioavg2	5.03826766661436e-09	9.7197808772599e-05	0.00021308331557639
NE.EXP.GNFS.KD.ZG_isNA_rank	4.98583364304128e-09	0.000159836396648274	0.000284111087435187
AG.CON.FERT.ZS_delta1	4.94021160597839e-09	0.000193531637022775	0.000284111087435187
BM.GSR.FCTY.CD	4.90963020074155e-09	3.32632501132894e-05	0.000142055543717594
NY.ADJ.DFOR.CD_isNA_rank	4.87766015438892e-09	0.000176684016835524	0.000284111087435187
TX.VAL.MRCH.R4.ZS_rank	4.87514335216024e-09	0.00010583761399683	0.00021308331557639
SP.DYN.TO65.MA.ZS_lag1	4.83298363776803e-09	8.12141691077716e-05	0.00021308331557639
BX.GSR.MRCH.CD_isNA_rank	4.81350446734858e-09	0.000136076932281639	0.00021308331557639
NY.GNP.PCAP.CD_lag1	4.79313560572103e-09	0.000253146293069969	0.000142055543717594
NE.TRD.GNFS.ZS_delta1	4.77912578869091e-09	0.000117501351049542	0.00021308331557639
BX.GSR.FCTY.CD_lag1	4.73287888431675e-09	1.51196591424043e-05	7.10277718587968e-05
BM.TRF.PWKR.CD.DT_avg2	4.5927609592948e-09	0.000106269604258042	7.10277718587968e-05
IT.MLT.MAIN.P2_avg2	4.51179184936642e-09	0.000284249591877201	0.000142055543717594
NE.CON.PRVT.PC.KD_min2	4.49932218219841e-09	3.54232014193472e-05	0.000142055543717594
FI.RES.TOTL.CD_rank	4.47587845980871e-09	0.000147740669334351	0.00021308331557639
NE.RSB.GNFS.CD_lag1	4.46915885066986e-09	0.000390087205874031	0.000426166631152781
DT.ODA.ALLD.KD_tend2	4.41534733539222e-09	0.000355095994715895	0.000426166631152781
TX.VAL.MMTL.ZS.UN_lag1	4.25785603344963e-09	0.000339976335573491	0.000497194403011578
NE.CON.PRVT.KD_lag1	4.2148762419939e-09	0.000116205380265907	7.10277718587968e-05
BM.GSR.NFSV.CD	4.16319625065863e-09	1.64156299260389e-05	7.10277718587968e-05
NE.GDI.FTOT.CD_delta1	4.12994673387807e-09	0.000159836396648274	0.00021308331557639
AG.LND.ARBL.HA_ratioavg2	4.122894243264e-09	0.000141692805677389	0.000284111087435187
AG.LND.ARBL.ZS_rank	4.10413404847043e-09	1.55516494036158e-05	7.10277718587968e-05
FP.CPI.TOTL.ZG_isNA_rank	4.043814682644e-09	0.000644961459988846	0.000852333262305561
EN.GHG.CH4.PI.MT.CE.AR5_ratioavg2	4.00257010824434e-09	0.000187915763627025	0.000284111087435187
SP.POP.65UP.TO.ZS_delta1	3.98558889419833e-09	0.000120525282878023	7.10277718587968e-05
BM.KLT.DINV.WD.GD.ZS_delta1	3.95836623804837e-09	0.000205195374075487	0.000284111087435187
DC.DAC.USAL.CD_ratiomax2	3.94314980203572e-09	1.7279610448462e-05	7.10277718587968e-05
NV.SRV.TOTL.KD.ZG_lag1	3.93795239695014e-09	0.000203467413030641	0.000355138859293984
EN.GHG.CH4.TR.MT.CE.AR5_delta1	3.92415370027987e-09	0.000103245672429561	0.000355138859293984
AG.PRD.CROP.XD_rank	3.86912505889746e-09	4.66549482108475e-05	0.00021308331557639
DT.ODA.ALLD.CD_delta1	3.84554063022238e-09	0.000247530419674219	0.000284111087435187
BX.GSR.CMCP.ZS_delta1	3.82471895335599e-09	0.000405206865016435	0.000426166631152781
DC.DAC.GBRL.CD_max2	3.78780695144198e-09	0.000111021497131369	0.000284111087435187
SP.POP.1564.MA.ZS_lag1	3.7845207672809e-09	0.000116205380265907	0.000142055543717594
SP.POP.TOTL.FE.IN_delta1	3.7675226282336e-09	6.69584904877905e-05	0.000142055543717594
SP.POP.0004.MA.5Y	3.72363869431812e-09	0.0011931571014663	0.000568222174870374
BM.GSR.CMCP.ZS_ratiomax2	3.71028465564618e-09	0.000452725793749706	0.000355138859293984
IT.MLT.MAIN.P2_ratioavg2	3.63807907214462e-09	0.000416438611807935	0.000639249946729171
BM.GSR.FCTY.CD_ratioavg2	3.49954974265131e-09	0.00032312871538624	0.000497194403011578
SE.PRM.ENRR.FE_lag1	3.47342265543178e-09	0.000427670358599436	0.000923361034164358
BX.PEF.TOTL.CD.WD_tend2	3.41694695269649e-09	0.00063761762554825	0.000710277718587968
BX.GRT.TECH.CD.WD_ratioavg2	3.33012487980114e-09	0.000120525282878023	0.000497194403011578
demographic_pressure_lag1	3.30895558799759e-09	0.000174092075268255	0.000142055543717594
NY.ADJ.DMIN.GN.ZS_rank	3.29647732624329e-09	2.54874254114815e-05	7.10277718587968e-05
NE.IMP.GNFS.KD.ZG_delta1	3.24218264801065e-09	0.00162946726528997	0.00142055543717594
BM.GSR.TRAN.ZS_delta1	3.23562992726499e-09	0.000161996347954332	0.000142055543717594
TX.VAL.MRCH.CD.WT_delta1	3.20173340349482e-09	0.000103245672429561	0.00021308331557639
NE.CON.PRVT.KD.ZG_ratiomax2	3.19188957485271e-09	9.93577600786568e-06	7.10277718587968e-05
NE.EXP.GNFS.ZS_isNA_rank	3.17906501540987e-09	3.54232014193472e-05	0.000142055543717594
TX.VAL.MRCH.R1.ZS	3.13563189600654e-09	0.000784062324098966	0.000710277718587968
SE.SEC.ENRR_isNA_rank	3.12505115935875e-09	0.000493764868564803	0.000781305490446765
MS.MIL.XPND.GD.ZS_min2	3.08390795602982e-09	0.000120957273139234	0.00021308331557639
SP.POP.0014.FE.ZS_delta1	3.05494024289439e-09	0.000103677662690772	0.00021308331557639
AG.PRD.CREL.MT	3.05134658981419e-09	2.07355325381545e-05	7.10277718587968e-05
NY.GDP.MKTP.KD.ZG_delta1	3.02881163588824e-09	0.000130029068624677	0.000284111087435187
AG.LND.TOTL.K2_delta1	3.0177785987147e-09	0.000278201728220239	0.00021308331557639
EN.GHG.N2O.IP.MT.CE.AR5_delta1	2.99591366334217e-09	8.51020814586756e-05	0.00021308331557639
SP.RUR.TOTL	2.94785023543203e-09	3.80151429866165e-05	0.000142055543717594
SE.SEC.ENRL_lag1	2.85550921148958e-09	0.000130461058885888	0.000284111087435187
MS.MIL.XPND.CD_min2	2.85462466821419e-09	1.33916980975581e-05	7.10277718587968e-05
AG.CON.FERT.ZS_ratiomax2	2.82145992997205e-09	1.07997565302888e-05	7.10277718587968e-05
BM.KLT.DINV.WD.GD.ZS_lag1	2.80698560762263e-09	0.000101085721123503	0.000355138859293984
EN.GHG.CO2.PC.CE.AR5_ratioavg2	2.76126637396655e-09	0.000130029068624677	0.00021308331557639
SE.SEC.ENRR.MA_isNA_rank	2.7310321571445e-09	1.07997565302888e-05	7.10277718587968e-05
BM.GSR.NFSV.CD_lag1	2.72272409127718e-09	8.68300425035218e-05	7.10277718587968e-05
FP.CPI.TOTL.ZG_rank	2.7082545504681e-09	0.000562883310358651	0.000568222174870374
NY.GDS.TOTL.ZS_delta1	2.67830496758321e-09	0.000203035422769429	0.000284111087435187
FS.AST.PRVT.GD.ZS_lag1	2.65833827406719e-09	9.93577600786568e-06	7.10277718587968e-05
EG.ELC.HYRO.ZS_ratioavg2	2.63062835297895e-09	2.59194156726931e-05	0.000142055543717594
MS.MIL.XPND.GD.ZS	2.61887167609318e-09	0.000151196591424043	0.000497194403011578
NY.GDP.MKTP.CN_rank	2.59878861773153e-09	7.68942664956561e-05	7.10277718587968e-05
ER.FSH.CAPT.MT_min2	2.48902379542919e-09	2.9807328023597e-05	7.10277718587968e-05
SE.PRM.TCHR_delta1	2.46665154495876e-09	0.000115341399743484	0.000284111087435187
BM.TRF.PWKR.CD.DT_max2	2.37688910019117e-09	0.000288569494489316	0.000639249946729171
BM.TRF.PWKR.CD.DT_rank	2.3395822567598e-09	0.000157244455081005	0.000426166631152781
FD.AST.PRVT.GD.ZS_ratioavg2	2.33197592891607e-09	0.000466549482108475	0.000923361034164358
NY.GDP.COAL.RT.ZS_isNA_rank	2.32991400711732e-09	0.00209083286426391	0.00177569429646992
DT.ODA.ODAT.PC.ZS_avg2	2.3286335247009e-09	4.83829092556937e-05	7.10277718587968e-05
AG.YLD.CREL.KG_ratioavg2	2.32777832233941e-09	0.000233706731315449	0.000497194403011578
DT.ODA.ALLD.CD_min2	2.31354071283254e-09	0.000128733097841042	7.10277718587968e-05
DC.DAC.CANL.CD_max2	2.31287572275348e-09	2.85113572399624e-05	7.10277718587968e-05
NE.CON.PRVT.ZS_ratiomax2	2.27699319353301e-09	0.000175820036313101	0.000355138859293984
FP.CPI.TOTL.ZG_ratiomax2	2.2610106014641e-09	4.27670358599436e-05	0.000142055543717594
NY.GDP.MKTP.KD.ZG_lag1	2.25424884277444e-09	3.15352890684432e-05	7.10277718587968e-05
TX.VAL.TRVL.ZS.WT_delta1	2.24019226381898e-09	0.000323560705647452	0.000426166631152781
FM.AST.PRVT.GD.ZS_min2	2.21773465956611e-09	0.000694640340028174	0.000355138859293984
TX.VAL.MRCH.R6.ZS_lag1	2.19031244666327e-09	0.000167612221350082	0.000497194403011578
EN.GHG.CO2.IP.MT.CE.AR5_ratiomax2	2.17477637101164e-09	3.02393182848086e-05	7.10277718587968e-05
FS.AST.PRVT.GD.ZS	2.16999354788324e-09	3.67191722029819e-05	0.000142055543717594
TX.VAL.TRVL.ZS.WT_rank	2.14064625949462e-09	0.000195691588328833	0.000355138859293984
DT.NFL.UNDP.CD_ratioavg2	2.13283884351128e-09	6.3502568398098e-05	0.00021308331557639
BM.GSR.CMCP.ZS_delta1	2.12582715834132e-09	0.000105405623735619	0.00021308331557639
SH.DYN.MORT_rank	2.05868736991116e-09	0.000154652513513735	7.10277718587968e-05
SE.ENR.PRIM.FM.ZS_lag1	2.04844609376611e-09	0.000284249591877201	0.000355138859293984
NE.IMP.GNFS.KD.ZG_isNA_rank	2.04813512608071e-09	0.000330040559565625	0.000355138859293984
EN.POP.DNST_delta1	2.03467630220478e-09	4.6222957949636e-05	7.10277718587968e-05
EN.URB.MCTY.TL.ZS_min2	2.00667847530376e-09	5.05428605617515e-05	0.00021308331557639
DC.DAC.USAL.CD_avg2	1.98801506982262e-09	9.41738769441182e-05	0.00021308331557639
SP.POP.7074.MA.5Y_lag1	1.95731291626061e-09	7.68942664956561e-05	7.10277718587968e-05
BX.GSR.FCTY.CD_ratioavg2	1.94941020700012e-09	1.90075714933083e-05	7.10277718587968e-05
AG.LND.ARBL.HA_delta1	1.93805863136897e-09	0.000101085721123503	0.00021308331557639
DT.ODA.ODAT.PC.ZS_tend2	1.91552869125751e-09	0.000390087205874031	0.000568222174870374
IS.AIR.PSGR_min2	1.89970548249227e-09	1.03677662690772e-05	7.10277718587968e-05
BM.GSR.FCTY.CD_tend2	1.88803074400297e-09	0.000117933341310754	0.000284111087435187
SP.POP.3539.FE.5Y_rank	1.88563560598009e-09	0.000139532854371331	7.10277718587968e-05
TX.VAL.MANF.ZS.UN	1.86778026318068e-09	0.000263514059339046	0.00021308331557639
NE.CON.TOTL.KD_max2	1.82083601716536e-09	0.000133484990714369	7.10277718587968e-05
SP.POP.7074.MA.5Y	1.8148712203513e-09	0.000133053000453158	7.10277718587968e-05
NY.GDP.PCAP.KD.ZG_rank	1.81269645650017e-09	1.12317467915003e-05	7.10277718587968e-05
AG.YLD.CREL.KG_rank	1.79864739941117e-09	8.25101398914063e-05	0.000142055543717594
BX.GSR.TRAN.ZS_min2	1.7915840220539e-09	4.19030553375205e-05	0.000142055543717594
IT.MLT.MAIN_avg2	1.7725357820962e-09	2.07355325381545e-05	0.000142055543717594
AG.LND.ARBL.ZS	1.76432040302562e-09	7.81902372792908e-05	0.000284111087435187
AG.LND.ARBL.ZS_ratioavg2	1.75344794641048e-09	0.000212107218254872	0.000426166631152781
NY.GNP.MKTP.CN_rank	1.74326389822416e-09	0.000123549214706504	7.10277718587968e-05
EN.GHG.CH4.BU.MT.CE.AR5_ratiomax2	1.7233326677991e-09	0.000141692805677389	7.10277718587968e-05
SP.DYN.CBRT.IN_delta1	1.71336159463344e-09	0.000107133584780465	0.00021308331557639
AG.LND.CROP.ZS	1.70757021018353e-09	0.000277337747697816	0.000355138859293984
NY.GDS.TOTL.ZS_isNA_rank	1.66790447175691e-09	0.000646689421033692	0.000710277718587968
IS.AIR.PSGR_avg2	1.64536730163831e-09	0.000138668873848908	7.10277718587968e-05
AG.CON.FERT.ZS_ratioavg2	1.63613595111514e-09	0.000103677662690772	0.00021308331557639
NY.ADJ.NNTY.CD_delta1	1.62034186750656e-09	5.8750675524771e-05	0.00021308331557639
NY.ADJ.DFOR.CD_rank	1.61593717490704e-09	0.000319672793296548	0.000355138859293984
MS.MIL.XPND.CD_rank	1.60934669782364e-09	2.9807328023597e-05	7.10277718587968e-05
BX.GRT.TECH.CD.WD_max2	1.5991013865524e-09	0.000134348971236792	0.000142055543717594
ER.FSH.AQUA.MT	1.57279928274951e-09	5.78866950023479e-05	0.00021308331557639
EN.GHG.CH4.PI.MT.CE.AR5_min2	1.5417175627534e-09	8.98539743320027e-05	0.000142055543717594
SP.POP.1014.MA.5Y	1.53973475642137e-09	7.90542178017139e-05	0.000142055543717594
PA.NUS.ATLS_delta1	1.52103420380742e-09	0.000265242020383892	0.000497194403011578
NY.ADJ.DNGY.CD_lag1	1.51774946316804e-09	5.83186852635594e-05	0.000142055543717594
NV.IND.MANF.KD_rank	1.48365023203161e-09	1.98715520157314e-05	7.10277718587968e-05
SE.SEC.ENRR.FE_rank	1.47906631585085e-09	3.23992695908663e-05	7.10277718587968e-05
ER.H2O.INTR.PC_avg2	1.47199553688718e-09	7.38703346671753e-05	0.000142055543717594
IS.AIR.GOOD.MT.K1_isNA_rank	1.46890930807221e-09	0.000269129932734796	0.000639249946729171
SP.POP.7074.FE.5Y	1.44709994835395e-09	7.25743638835406e-05	0.000142055543717594
DT.ODA.ODAT.KD_ratioavg2	1.43983374838118e-09	5.74547047411363e-05	7.10277718587968e-05
TX.VAL.AGRI.ZS.UN_isNA_rank	1.42331932780272e-09	0.000196123578590044	0.000284111087435187
DC.DAC.GBRL.CD_delta1	1.40036182489043e-09	0.000123549214706504	0.00021308331557639
TX.VAL.FOOD.ZS.UN_isNA_rank	1.37287940699084e-09	1.68476201872505e-05	7.10277718587968e-05
AG.PRD.FOOD.XD_lag1	1.36767264517079e-09	0.000520548264759919	0.000568222174870374
DC.DAC.CECL.CD_max2	1.36365019098369e-09	0.000220315033217891	0.000355138859293984
BX.TRF.CURR.CD	1.35813430706944e-09	0.000151196591424043	0.00021308331557639
TX.VAL.MMTL.ZS.UN	1.35107405006009e-09	8.59660619810987e-05	0.000142055543717594
TM.VAL.MRCH.AL.ZS_rank	1.32975059286507e-09	1.07997565302888e-05	7.10277718587968e-05
BX.TRF.CURR.CD_ratioavg2	1.29991456354625e-09	4.70869384720591e-05	0.00021308331557639
SP.POP.1014.FE.5Y_lag1	1.27399214964447e-09	4.01750942926743e-05	0.000142055543717594
EN.GHG.N2O.FE.MT.CE.AR5_max2	1.26209329128313e-09	6.69584904877905e-05	7.10277718587968e-05
EN.URB.LCTY.UR.ZS_tend2	1.25713245428958e-09	0.00022290697478516	0.000426166631152781
NY.GDP.COAL.RT.ZS	1.25511387790276e-09	3.54232014193472e-05	0.00021308331557639
EN.GHG.CH4.IC.MT.CE.AR5_ratiomax2	1.24864602199466e-09	1.46876688811927e-05	7.10277718587968e-05
NE.CON.GOVT.CD_lag1	1.23827494755337e-09	0.000135644942020427	7.10277718587968e-05
SP.POP.4044.MA.5Y_lag1	1.21133771825529e-09	5.27028118678093e-05	7.10277718587968e-05
DC.DAC.CANL.CD_delta1	1.20981036892193e-09	3.88791235090396e-05	0.000142055543717594
EN.GHG.CO2.FE.MT.CE.AR5_max2	1.19285253338641e-09	1.42556786199812e-05	7.10277718587968e-05
NY.GDP.PETR.RT.ZS	1.18434556698531e-09	0.0001308930491471	0.000355138859293984
SP.DYN.LE00.FE.IN_delta1	1.17691816640701e-09	0.000313192939378375	0.000710277718587968
SE.PRM.ENRL.FE.ZS_lag1	1.12575462592624e-09	0.000719263784917233	0.000923361034164358
BM.KLT.DINV.CD.WD_isNA_rank	1.10674699724274e-09	7.9918198324137e-05	0.000142055543717594
TM.VAL.MRCH.RS.ZS_rank	1.1006374457885e-09	3.06713085460201e-05	0.000142055543717594
NE.IMP.GNFS.CD_lag1	1.09303427710162e-09	4.66549482108475e-05	0.000142055543717594
IT.MLT.MAIN_max2	1.09286511768471e-09	0.000132189019930735	7.10277718587968e-05
NE.CON.PRVT.KD_delta1	1.08499165567307e-09	1.7279610448462e-05	7.10277718587968e-05
BM.GSR.TOTL.CD_ratiomax2	1.07995435582422e-09	0.000148172659595562	7.10277718587968e-05
NE.GDI.TOTL.CD	1.07579991240285e-09	0.000130461058885888	7.10277718587968e-05
FM.AST.PRVT.GD.ZS_tend2	1.0714320282036e-09	9.07179548544258e-05	0.000142055543717594
SH.IMM.IDPT_delta1	1.06766953720175e-09	0.000439766085913359	0.000639249946729171
EN.GHG.CH4.BU.MT.CE.AR5_min2	1.05753367141262e-09	2.80793669787508e-05	0.000142055543717594
IT.CEL.SETS_lag1	1.04847527937206e-09	0.000226794887136064	0.000284111087435187
IT.MLT.MAIN.P2_ratiomax2	1.04489888556603e-09	4.27670358599436e-05	0.000142055543717594
BX.KLT.DINV.CD.WD_max2	1.02782010131888e-09	0.000140396834893754	0.000284111087435187
DT.NFL.UNDP.CD_lag1	1.01591946070331e-09	6.13426170920403e-05	0.00021308331557639
NY.ADJ.DKAP.GN.ZS_isNA_rank	1.01135147657653e-09	3.88791235090396e-05	0.000142055543717594
EG.ELC.COAL.ZS_ratioavg2	1.00195042451409e-09	0.000114477419221061	0.00021308331557639
EN.GHG.CH4.WA.MT.CE.AR5_delta1	1.00144590160446e-09	2.41914546278469e-05	0.000142055543717594
EN.GHG.CO2.PI.MT.CE.AR5_ratioavg2	9.93308086989317e-10	0.00049290088804238	0.000568222174870374
BM.KLT.DINV.WD.GD.ZS_ratiomax2	9.90217734050322e-10	0.000294617358146278	0.000355138859293984
EN.GHG.CH4.AG.MT.CE.AR5_lag1	9.47612142222677e-10	0.00037583152725405	0.00021308331557639
SH.MMR.RISK	9.34315884304921e-10	1.7279610448462e-05	7.10277718587968e-05
TX.VAL.AGRI.ZS.UN_rank	9.28196744114492e-10	2.46234448890584e-05	7.10277718587968e-05
SE.SEC.ENRR.MA_rank	9.17879789911314e-10	5.65907242187132e-05	0.000142055543717594
FI.RES.TOTL.MO_avg2	9.11193108439799e-10	0.000338680364789856	0.000284111087435187
NY.ADJ.DFOR.GN.ZS_delta1	8.90732557669868e-10	3.93111137702512e-05	7.10277718587968e-05
BX.GSR.TRAN.ZS_rank	8.89325869827002e-10	0.000385335313000704	0.000568222174870374
SP.POP.TOTL.FE.ZS_delta1	8.84825985970952e-10	7.47343151895984e-05	0.000142055543717594
AG.PRD.LVSK.XD_tend2	8.75507199562686e-10	0.000298937260758394	0.000639249946729171
BX.TRF.PWKR.DT.GD.ZS_delta1	8.42751182403258e-10	8.33741204138294e-05	0.00021308331557639
NE.CON.PRVT.PC.KD_delta1	8.2323960510207e-10	2.76473767175393e-05	7.10277718587968e-05
EN.GHG.CH4.AG.MT.CE.AR5_avg2	8.17974850168596e-10	0.00016977217265614	0.000142055543717594
SP.POP.2024.FE.5Y_lag1	8.09337491987822e-10	2.93753377623855e-05	0.000142055543717594
AG.YLD.CREL.KG_ratiomax2	8.0696002197302e-10	3.84471332478281e-05	7.10277718587968e-05
SP.POP.6569.MA.5Y_delta1	8.00923551861361e-10	0.000426806378077013	0.000355138859293984
EG.ELC.COAL.ZS_delta1	8.00029976152815e-10	0.000149036640117985	0.000142055543717594
EN.GHG.CO2.PC.CE.AR5_max2	7.95315300397004e-10	0.000634593693719769	0.000355138859293984
EN.GHG.CO2.BU.MT.CE.AR5_lag1	7.93397713505743e-10	1.12317467915003e-05	7.10277718587968e-05
FI.RES.XGLD.CD_rank	7.68270529734579e-10	1.38236883587696e-05	7.10277718587968e-05
BX.GSR.NFSV.CD_isNA_rank	7.62636324644021e-10	0.000244506487845738	0.000284111087435187
DT.ODA.ODAT.KD_isNA_rank	7.59571565527251e-10	0.000397431040314627	0.000284111087435187
BM.GSR.FCTY.CD_delta1	7.45852571217885e-10	7.30063541447522e-05	0.00021308331557639
EG.USE.ELEC.KH.PC_delta1	7.11901075567888e-10	0.000157244455081005	7.10277718587968e-05
NY.ADJ.DFOR.GN.ZS_isNA_rank	7.11268138971946e-10	0.000376695507776473	0.000497194403011578
BX.GSR.TRVL.ZS_max2	7.10381937795622e-10	0.000574115057150152	0.000639249946729171
FI.RES.TOTL.MO_max2	7.07883220626919e-10	0.000378423468821319	0.000781305490446765
BG.GSR.NFSV.GD.ZS_ratiomax2	7.03496750334183e-10	9.93577600786568e-06	7.10277718587968e-05
NY.GDP.PCAP.KD.ZG_delta1	7.01414379889068e-10	0.000118365331571965	0.00021308331557639
EN.GHG.N2O.AG.MT.CE.AR5_delta1	6.99232624919237e-10	4.40630066435782e-05	0.000142055543717594
DC.DAC.JPNL.CD_ratioavg2	6.88127051682322e-10	0.000104541643213195	0.000284111087435187
EN.GHG.CH4.TR.MT.CE.AR5	6.86445616282159e-10	0.000118797321833177	0.000142055543717594
TX.VAL.AGRI.ZS.UN_lag1	6.7505824023055e-10	0.000259194156726931	0.000497194403011578
BX.TRF.PWKR.CD.DT_min2	6.71997801055901e-10	0.000153356542730101	0.000355138859293984
SP.POP.1519.MA.5Y_lag1	6.62242325682788e-10	1.03677662690772e-05	7.10277718587968e-05
BM.GSR.MRCH.CD_avg2	6.54496730590666e-10	4.01750942926743e-05	7.10277718587968e-05
EN.URB.MCTY.TL.ZS_lag1	6.36906151558038e-10	6.39345586593096e-05	0.00021308331557639
BM.GSR.TRVL.ZS_isNA_rank	6.31183886432622e-10	0.000399590991620685	0.000497194403011578
EN.GHG.CH4.FE.MT.CE.AR5_tend2	6.23553304863818e-10	8.20781496301947e-05	0.00021308331557639
DC.DAC.CANL.CD_ratiomax2	6.21262209439004e-10	1.12317467915003e-05	7.10277718587968e-05
NE.CON.PRVT.PC.KD_isNA_rank	6.18631008917478e-10	4.2335045598732e-05	0.000142055543717594
SH.DYN.MORT.FE_lag1	6.04274222345889e-10	0.000940874788918759	0.000426166631152781
FM.LBL.BMNY.GD.ZS_avg2	6.01818073984665e-10	1.12317467915003e-05	7.10277718587968e-05
TM.VAL.MRCH.HI.ZS	5.9639241909584e-10	4.6222957949636e-05	0.000142055543717594
TM.VAL.MRCH.R1.ZS_delta1	5.94868463655091e-10	0.000178411977880371	0.000284111087435187
NV.SRV.TOTL.KD.ZG_isNA_rank	5.9367685854092e-10	9.07179548544258e-05	0.00021308331557639
DT.NFL.UNDP.CD_min2	5.85783346770526e-10	1.2527717575135e-05	7.10277718587968e-05
NV.AGR.TOTL.KD.ZG_lag1	5.84598615991248e-10	0.000182731880492486	0.000355138859293984
FI.RES.TOTL.MO_delta1	5.81342987439664e-10	0.000123981204967715	0.00021308331557639
EN.URB.MCTY.TL.ZS_rank	5.76015432698015e-10	2.24634935830007e-05	7.10277718587968e-05
EN.GHG.CH4.AG.MT.CE.AR5_ratioavg2	5.70807098427448e-10	0.000251418332025123	0.000355138859293984
EN.GHG.CO2.IC.MT.CE.AR5_ratiomax2	5.59871150164235e-10	0.000213835179299718	0.00021308331557639
SP.DYN.CBRT.IN	5.48727995655672e-10	0.000463525550279995	0.000284111087435187
BM.GSR.INSF.ZS_delta1	5.4868573195801e-10	0.000189643724671871	0.000355138859293984
AG.LND.ARBL.ZS_tend2	5.42240786695489e-10	9.50378574665413e-05	0.000142055543717594
EN.GHG.ALL.PC.CE.AR5_ratiomax2	5.35577108911388e-10	0.000157244455081005	7.10277718587968e-05
NE.EXP.GNFS.KD_lag1	5.35545860534988e-10	1.07997565302888e-05	7.10277718587968e-05
EG.ELC.PETR.ZS_ratiomax2	5.33868459459282e-10	7.55982957120215e-05	0.00021308331557639
SP.POP.1564.TO.ZS	5.32476797911639e-10	4.10390748150974e-05	7.10277718587968e-05
SE.SEC.ENRL.GC_lag1	5.22106131552855e-10	0.000241050565756046	0.000355138859293984
NY.GNP.MKTP.CD_delta1	5.20995200300521e-10	0.000124413195228927	0.000142055543717594
NE.CON.PRVT.KD_min2	5.16908666938541e-10	6.65265002265789e-05	0.000142055543717594
SP.POP.1564.FE.IN	5.06507498617521e-10	1.20957273139234e-05	7.10277718587968e-05
DT.NFL.UNDP.CD_delta1	5.03253953189561e-10	0.000290297455534162	0.000355138859293984
FD.AST.PRVT.GD.ZS_delta1	5.03227958424396e-10	2.33274741054238e-05	7.10277718587968e-05
BX.GSR.CMCP.ZS_tend2	5.02333159370295e-10	0.00016156435769312	0.00021308331557639
EG.ELC.COAL.ZS_rank	4.96925227608746e-10	0.000111021497131369	0.000142055543717594
BX.GSR.MRCH.CD_avg2	4.91800391257202e-10	1.90075714933083e-05	7.10277718587968e-05
BM.KLT.DINV.WD.GD.ZS_tend2	4.69717320554548e-10	0.00029245740684022	0.000497194403011578
ER.H2O.INTR.PC_max2	4.62058042928881e-10	1.29597078363465e-05	7.10277718587968e-05
EG.ELC.NUCL.ZS_ratiomax2	4.55782225915868e-10	0.000123117224445292	0.00021308331557639
EN.URB.LCTY.UR.ZS_ratioavg2	4.48870098044251e-10	0.000118365331571965	0.00021308331557639
NY.GDP.FCST.CD_delta1	4.35666169995114e-10	0.000136940912804062	0.000284111087435187
BX.GSR.TRVL.ZS_lag1	4.10714356171485e-10	0.00080479785663712	0.000923361034164358
DT.ODA.ALLD.KD_lag1	4.06176556019277e-10	1.51196591424043e-05	7.10277718587968e-05
SP.POP.4549.MA.5Y_lag1	4.05773739305107e-10	1.46876688811927e-05	7.10277718587968e-05
TM.VAL.TRAN.ZS.WT	3.96647417512574e-10	2.59194156726931e-05	0.000142055543717594
BM.GSR.NFSV.CD_ratioavg2	3.94514847307609e-10	0.000173660085007044	0.000355138859293984
SP.POP.7579.FE.5Y	3.87892638402329e-10	0.000210379257210025	0.000142055543717594
EG.ELC.FOSL.ZS	3.72477503692396e-10	9.50378574665413e-05	0.000284111087435187
BX.GRT.EXTA.CD.WD_avg2	3.71574135907926e-10	0.000179707948664005	0.00021308331557639
EN.GHG.CO2.MT.CE.AR5_delta1	3.6233680284718e-10	3.54232014193472e-05	7.10277718587968e-05
TM.VAL.FOOD.ZS.UN_lag1	3.61328491115425e-10	2.20315033217891e-05	7.10277718587968e-05
ER.H2O.INTR.PC_min2	3.56049593597804e-10	2.28954838442122e-05	7.10277718587968e-05
AG.LND.AGRI.K2_min2	3.55508853015386e-10	2.28954838442122e-05	7.10277718587968e-05
BX.GSR.TOTL.CD_avg2	3.55479580111057e-10	3.7583152725405e-05	7.10277718587968e-05
BX.GSR.MRCH.CD_ratiomax2	3.48004470759811e-10	2.37594643666353e-05	7.10277718587968e-05
DC.DAC.FRAL.CD_ratiomax2	3.45528026507562e-10	0.00013910086411012	0.000284111087435187
FI.RES.XGLD.CD_avg2	3.35096120514569e-10	1.42556786199812e-05	7.10277718587968e-05
SE.TER.ENRR_rank	3.34489403444851e-10	0.000105405623735619	0.000284111087435187
NE.CON.GOVT.ZS_avg2	3.28786225505942e-10	4.92468897781169e-05	0.000142055543717594
NV.SRV.TOTL.ZS_isNA_rank	3.28361377046865e-10	3.54232014193472e-05	7.10277718587968e-05
EN.GHG.CO2.PI.MT.CE.AR5_delta1	3.28212992957791e-10	0.000133484990714369	0.00021308331557639
EG.ELC.NGAS.ZS_tend2	3.23868140165277e-10	5.83186852635594e-05	0.000142055543717594
NE.CON.PRVT.PC.KD_rank	3.23521213917436e-10	1.68476201872505e-05	7.10277718587968e-05
FD.AST.PRVT.GD.ZS_avg2	3.2072153384926e-10	2.76473767175393e-05	7.10277718587968e-05
TX.VAL.MRCH.R1.ZS_lag1	3.19766418758282e-10	4.49269871660013e-05	0.000142055543717594
EN.GHG.N2O.PI.MT.CE.AR5_lag1	3.16876865383944e-10	6.47985391817327e-05	0.00021308331557639
ER.H2O.INTR.PC_rank	3.15706810824079e-10	1.20957273139234e-05	7.10277718587968e-05
AG.LND.ARBL.ZS_ratiomax2	3.13928821821231e-10	6.60945099653674e-05	0.000142055543717594
BM.KLT.DINV.CD.WD_rank	3.09011891077448e-10	0.00022290697478516	0.000355138859293984
AG.PRD.CROP.XD_tend2	3.08816237719784e-10	0.00028684153344447	0.000355138859293984
DC.DAC.GBRL.CD_lag1	3.08126360066019e-10	6.00466463084056e-05	0.000142055543717594
DC.DAC.TOTL.CD_tend2	3.03490029736671e-10	2.54874254114815e-05	7.10277718587968e-05
SP.POP.2529.FE.5Y_rank	3.03314699374741e-10	0.000120957273139234	0.00021308331557639
TX.VAL.MRCH.R5.ZS_rank	3.01249613508516e-10	5.57267436962901e-05	7.10277718587968e-05
NE.IMP.GNFS.ZS_isNA_rank	3.00269061007685e-10	6.95504320550598e-05	7.10277718587968e-05
EN.GHG.CH4.PI.MT.CE.AR5_rank	2.95650125094757e-10	1.42556786199812e-05	7.10277718587968e-05
BX.TRF.PWKR.DT.GD.ZS_lag1	2.86943159784587e-10	0.000124845185490138	0.00021308331557639
NE.DAB.TOTL.CD_lag1	2.86667602275724e-10	3.28312598520779e-05	7.10277718587968e-05
EG.ELC.FOSL.ZS_ratioavg2	2.83851300662506e-10	0.000195691588328833	0.000355138859293984
NV.AGR.TOTL.ZS_rank	2.74656186903413e-10	3.19672793296548e-05	0.000142055543717594
DT.ODA.ALLD.CD_avg2	2.73786985605924e-10	9.7197808772599e-05	7.10277718587968e-05
BM.GSR.MRCH.CD_tend2	2.71871021423865e-10	0.000249690370980277	0.000284111087435187
EN.GHG.N2O.IC.MT.CE.AR5_delta1	2.69116777213328e-10	8.46700911974641e-05	0.000142055543717594
EN.GHG.N2O.TR.MT.CE.AR5	2.57296001309766e-10	3.84471332478281e-05	7.10277718587968e-05
MS.MIL.XPND.CD	2.53823057269767e-10	4.57909676884244e-05	0.000142055543717594
DC.DAC.USAL.CD_min2	2.52959327003697e-10	1.38236883587696e-05	7.10277718587968e-05
DT.ODA.ALLD.KD_delta1	2.45015010966172e-10	0.000101517711384715	0.000142055543717594
EN.GHG.CH4.IC.MT.CE.AR5_tend2	2.4251191347477e-10	0.000221179013740314	0.000284111087435187
FM.LBL.BMNY.GD.ZS_ratioavg2	2.42306564809043e-10	0.00109379934138765	0.000781305490446765
TM.VAL.MRCH.WR.ZS	2.37085009083825e-10	0.000193531637022775	0.000355138859293984
AG.PRD.LVSK.XD_rank	2.36284238972688e-10	4.79509189944822e-05	7.10277718587968e-05
FI.RES.TOTL.MO_rank	2.35805777071478e-10	0.000129597078363465	0.000142055543717594
BM.TRF.PWKR.CD.DT_ratiomax2	2.2033571168488e-10	0.000402614923449166	0.000355138859293984
EN.GHG.N2O.IC.MT.CE.AR5_tend2	2.18515605286695e-10	6.91184417938482e-05	0.000142055543717594
NE.CON.GOVT.ZS_ratiomax2	2.18440419092252e-10	0.000149468630379197	0.000284111087435187
BX.GSR.FCTY.CD_ratiomax2	2.08212062486443e-10	9.50378574665413e-06	7.10277718587968e-05
SE.PRM.TCHR_isNA_rank	2.0743139184155e-10	1.46876688811927e-05	7.10277718587968e-05
SP.POP.0004.FE.5Y_rank	2.04001431957246e-10	0.000258330176204508	0.000142055543717594
DC.DAC.CECL.CD_ratioavg2	2.03202206079351e-10	0.000290297455534162	0.000497194403011578
EN.GHG.N2O.FE.MT.CE.AR5_ratiomax2	1.99740956034536e-10	1.55516494036158e-05	7.10277718587968e-05
NE.EXP.GNFS.CD_lag1	1.98576184349188e-10	0.000107997565302888	7.10277718587968e-05
BG.GSR.NFSV.GD.ZS_avg2	1.95654877456051e-10	0.000203035422769429	0.000355138859293984
BX.TRF.PWKR.CD.DT_max2	1.92192805527615e-10	0.000108429555564099	7.10277718587968e-05
NY.ADJ.DMIN.GN.ZS_lag1	1.90445526611891e-10	0.000241482556017257	0.00021308331557639
SP.DYN.CDRT.IN_lag1	1.87595647911499e-10	4.53589774272129e-05	0.000142055543717594
EN.GHG.ALL.MT.CE.AR5_avg2	1.86527716047801e-10	2.9807328023597e-05	7.10277718587968e-05
TX.VAL.TRAN.ZS.WT_isNA_rank	1.83792812637851e-10	0.00196166777616165	0.000994388806023155
DT.NFL.UNDP.CD_tend2	1.83388913808546e-10	0.000181867899970063	0.000355138859293984
NE.EXP.GNFS.CD	1.82927130375477e-10	0.0001421247959386	0.00021308331557639
DC.DAC.GBRL.CD_min2	1.76953250719255e-10	7.9918198324137e-05	0.000284111087435187
NE.GDI.FTOT.CD_rank	1.73356807605451e-10	3.93111137702512e-05	7.10277718587968e-05
DC.DAC.CECL.CD_ratiomax2	1.69349738927893e-10	3.80151429866165e-05	0.00021308331557639
DC.DAC.FRAL.CD_max2	1.69051598143906e-10	9.76297990338106e-05	0.00021308331557639
BX.TRF.PWKR.CD.DT_avg2	1.63971273250936e-10	0.000115341399743484	0.00021308331557639
BX.GSR.CMCP.ZS_ratiomax2	1.62792983532068e-10	2.76473767175393e-05	7.10277718587968e-05
FP.CPI.TOTL_isNA_lag1	1.6117726544936e-10	4.40630066435782e-05	7.10277718587968e-05
SP.POP.1564.MA.IN_delta1	1.56044963352716e-10	1.03677662690772e-05	7.10277718587968e-05
EN.GHG.CO2.PI.MT.CE.AR5_ratiomax2	1.54971544422924e-10	4.19030553375205e-05	0.000142055543717594
AG.LND.AGRI.K2_lag1	1.52635362696406e-10	2.37594643666353e-05	7.10277718587968e-05
SP.POP.1014.FE.5Y	1.45296830300632e-10	0.000111885477653792	0.000142055543717594
MS.MIL.XPND.GD.ZS_lag1	1.4481406469241e-10	6.04786365696172e-05	0.000142055543717594
NY.GDP.PCAP.KD.ZG_isNA_rank	1.41885939878567e-10	0.00220574227374618	0.00149158320903473
MS.MIL.XPND.GD.ZS_ratiomax2	1.39313008644268e-10	5.011087030054e-05	0.000142055543717594
IS.AIR.PSGR_lag1	1.37886270140702e-10	4.2335045598732e-05	7.10277718587968e-05
NV.SRV.TOTL.CD_rank	1.37630792856472e-10	2.9807328023597e-05	7.10277718587968e-05
EN.GHG.CH4.BU.MT.CE.AR5_rank	1.31044562556983e-10	6.43665489205211e-05	0.000142055543717594
DC.DAC.CANL.CD_ratioavg2	1.27781388375043e-10	6.78224710102135e-05	0.00021308331557639
BX.GSR.GNFS.CD	1.2526730089842e-10	2.41914546278469e-05	7.10277718587968e-05
BX.TRF.CURR.CD_avg2	1.20770061761727e-10	2.59194156726931e-05	7.10277718587968e-05
TM.VAL.AGRI.ZS.UN_lag1	1.18211532395728e-10	9.89257698174452e-05	0.00021308331557639
BX.GRT.EXTA.CD.WD_lag1	1.16219524965799e-10	5.65907242187132e-05	0.000142055543717594
NY.GDP.PETR.RT.ZS_rank	1.1485692626823e-10	0.000252282312547546	0.000284111087435187
EN.POP.DNST_min2	1.13862989723639e-10	0.000140828825154966	0.000355138859293984
EN.GHG.CH4.FE.MT.CE.AR5_rank	1.13846881989744e-10	0.00014471673750587	0.000142055543717594
DC.DAC.TOTL.CD_min2	1.12877896904109e-10	4.36310163823667e-05	7.10277718587968e-05
SP.POP.0014.TO_delta1	1.11952304858404e-10	3.80151429866165e-05	0.000142055543717594
NV.SRV.TOTL.KD_delta1	1.11564565549987e-10	0.000176252026574313	0.000142055543717594
NE.IMP.GNFS.KD_rank	1.1077907327805e-10	3.80151429866165e-05	7.10277718587968e-05
AG.PRD.CROP.XD_delta1	1.08096969876135e-10	9.11499451156373e-05	0.00021308331557639
EN.GHG.N2O.TR.MT.CE.AR5_tend2	1.06518322961949e-10	0.000394839098747358	0.000284111087435187
NE.IMP.GNFS.CD_rank	1.01674949890837e-10	9.76297990338106e-05	7.10277718587968e-05
SP.DYN.IMRT.FE.IN_delta1	9.92766562437399e-11	5.09748508229631e-05	0.000142055543717594
EN.GHG.N2O.FE.MT.CE.AR5	9.88813219106475e-11	0.000206923335120333	0.000355138859293984
BX.GSR.TOTL.CD_max2	9.79391141324709e-11	3.80151429866165e-05	0.000142055543717594
BX.GSR.NFSV.CD_tend2	9.7820135534452e-11	0.000282089640571143	0.000426166631152781
AG.SRF.TOTL.K2_avg2	9.55456982337834e-11	0.000309305027027471	0.000142055543717594
SE.PRM.TCHR_lag1	9.21195916825314e-11	7.68942664956561e-05	0.000142055543717594
TX.VAL.MRCH.R3.ZS_lag1	8.9203749807809e-11	1.2527717575135e-05	7.10277718587968e-05
EN.GHG.CO2.TR.MT.CE.AR5	8.88543862892306e-11	1.20957273139234e-05	7.10277718587968e-05
EG.ELC.PETR.ZS_rank	8.36745381715983e-11	2.24634935830007e-05	7.10277718587968e-05
AG.LND.CREL.HA_lag1	8.3110463928806e-11	1.98715520157314e-05	7.10277718587968e-05
NV.IND.MANF.CD_lag1	8.12341567071903e-11	2.20315033217891e-05	7.10277718587968e-05
AG.PRD.FOOD.XD_rank	8.09934417473304e-11	0.000131757029669523	0.000142055543717594
NY.ADJ.DMIN.CD_lag1	7.87072777870902e-11	0.000123981204967715	7.10277718587968e-05
DC.DAC.GBRL.CD_avg2	7.77075927109715e-11	1.12317467915003e-05	7.10277718587968e-05
ER.FSH.AQUA.MT_delta1	7.59540309333946e-11	0.000212539208516083	0.00021308331557639
DT.ODA.ODAT.KD_tend2	7.58046166163937e-11	2.28954838442122e-05	7.10277718587968e-05
SP.POP.65UP.FE.ZS_lag1	7.55479527661467e-11	1.29597078363465e-05	7.10277718587968e-05
BX.TRF.PWKR.CD.DT_lag1	7.47144959681811e-11	0.000193531637022775	0.000284111087435187
BX.GSR.CMCP.ZS_avg2	7.39480753397638e-11	6.17746073532518e-05	0.00021308331557639
TM.VAL.MRCH.RS.ZS_delta1	7.33193813530817e-11	0.000140828825154966	0.00021308331557639
EN.GHG.N2O.AG.MT.CE.AR5_max2	7.24534976300371e-11	4.49269871660013e-05	7.10277718587968e-05
BM.GSR.GNFS.CD_ratioavg2	7.20734148793634e-11	4.14710650763089e-05	0.000142055543717594
EN.GHG.CO2.FE.MT.CE.AR5	7.13669430937453e-11	3.67191722029819e-05	7.10277718587968e-05
TX.VAL.MRCH.WL.CD_lag1	6.90024056463594e-11	0.00016156435769312	7.10277718587968e-05
SP.POP.TOTL.MA.IN_delta1	6.61400460300779e-11	0.000145580718028293	0.000142055543717594
AG.YLD.CREL.KG_delta1	6.57057275916293e-11	3.3695240374501e-05	7.10277718587968e-05
BX.GSR.FCTY.CD_max2	6.49825444667849e-11	3.11032988072317e-05	7.10277718587968e-05
TM.VAL.MRCH.R3.ZS_lag1	6.38410102337564e-11	9.15819353768489e-05	0.000142055543717594
ER.FSH.CAPT.MT_avg2	6.38210374414514e-11	2.28954838442122e-05	7.10277718587968e-05
ER.H2O.INTR.PC_delta1	6.35025342601162e-11	0.000115773390004696	0.000142055543717594
BX.TRF.PWKR.CD.DT_ratiomax2	6.33097365239916e-11	2.89433475011739e-05	7.10277718587968e-05
FM.LBL.BMNY.GD.ZS_max2	6.30292643869636e-11	2.93753377623855e-05	7.10277718587968e-05
NE.CON.TOTL.KD.ZG_delta1	6.18767239523951e-11	1.68476201872505e-05	7.10277718587968e-05
EN.URB.LCTY.UR.ZS_rank	6.14369376894636e-11	3.41272306357125e-05	7.10277718587968e-05
NY.ADJ.DFOR.GN.ZS_rank	6.12529766632292e-11	3.97431040314627e-05	0.000142055543717594
SP.POP.7074.FE.5Y_lag1	6.09026815299808e-11	2.59194156726931e-05	7.10277718587968e-05
TM.VAL.MRCH.R6.ZS_rank	6.06361788025997e-11	2.28954838442122e-05	7.10277718587968e-05
SH.DYN.MORT.MA_delta1	6.05594272229215e-11	6.56625197041558e-05	0.000142055543717594
EN.GHG.CO2.BU.MT.CE.AR5_min2	6.05381363802573e-11	4.57909676884244e-05	7.10277718587968e-05
EN.GHG.CH4.MT.CE.AR5_max2	6.03544431331105e-11	3.3695240374501e-05	7.10277718587968e-05
BM.GSR.TRVL.ZS_max2	5.94935991087022e-11	3.67191722029819e-05	7.10277718587968e-05
SP.POP.0004.MA.5Y_rank	5.73169110964572e-11	0.000101517711384715	7.10277718587968e-05
FM.LBL.BMNY.GD.ZS_min2	5.31142321630402e-11	1.42556786199812e-05	7.10277718587968e-05
BM.GSR.MRCH.CD_ratiomax2	5.23659323218612e-11	1.81435909708852e-05	7.10277718587968e-05
EN.POP.DNST_lag1	5.12160215741408e-11	1.38236883587696e-05	7.10277718587968e-05
NV.IND.TOTL.CD_delta1	4.55879401263111e-11	2.54874254114815e-05	7.10277718587968e-05
SP.POP.TOTL.MA.ZS_delta1	4.54388809773813e-11	0.000130461058885888	0.000142055543717594
AG.LND.CREL.HA_min2	4.42232096185807e-11	1.68476201872505e-05	7.10277718587968e-05
NE.CON.GOVT.ZS_rank	4.37703326462417e-11	1.42556786199812e-05	7.10277718587968e-05
DT.ODA.ODAT.GN.ZS_delta1	4.3625539522836e-11	5.8750675524771e-05	0.000142055543717594
DT.ODA.ALLD.CD_ratiomax2	4.22481768974291e-11	1.77116007096736e-05	7.10277718587968e-05
EN.GHG.N2O.PI.MT.CE.AR5_rank	3.96662092447961e-11	3.06713085460201e-05	7.10277718587968e-05
IS.AIR.DPRT_lag1	3.91605781887357e-11	3.11032988072317e-05	7.10277718587968e-05
ER.H2O.INTR.PC_ratiomax2	3.88044704854724e-11	4.2335045598732e-05	7.10277718587968e-05
ER.H2O.INTR.PC_lag1	3.87447252830572e-11	5.011087030054e-05	7.10277718587968e-05
BM.KLT.DINV.WD.GD.ZS	3.80617378837669e-11	2.80793669787508e-05	7.10277718587968e-05
EN.URB.LCTY.UR.ZS_avg2	3.6110115789434e-11	1.46876688811927e-05	7.10277718587968e-05
NY.ADJ.DNGY.CD	3.58771804033471e-11	0.000126573146534985	0.00021308331557639
NE.GDI.TOTL.CD_rank	3.05671335735576e-11	3.06713085460201e-05	7.10277718587968e-05
EN.GHG.N2O.PI.MT.CE.AR5_min2	2.97574305444749e-11	3.3695240374501e-05	7.10277718587968e-05
TM.VAL.MRCH.CD.WT_lag1	2.87516106013557e-11	0.00016156435769312	7.10277718587968e-05
AG.LND.CROP.ZS_delta1	2.86245935196562e-11	3.23992695908663e-05	7.10277718587968e-05
MS.MIL.MPRT.KD_ratiomax2	2.82363908091052e-11	7.17103833611175e-05	7.10277718587968e-05
EG.ELC.NGAS.ZS_ratiomax2	2.80881614546534e-11	4.40630066435782e-05	0.000142055543717594
demographic_pressure_delta1	2.80571455309456e-11	5.31348021290208e-05	0.000142055543717594
NE.IMP.GNFS.CD	2.68975675272315e-11	1.33916980975581e-05	7.10277718587968e-05
BM.KLT.DINV.WD.GD.ZS_avg2	2.66174625842817e-11	2.1167522799366e-05	7.10277718587968e-05
EN.GHG.CO2.RT.GDP.KD_lag1	2.65860747062013e-11	7.77582470180792e-05	7.10277718587968e-05
BX.TRF.CURR.CD_min2	2.63837186997708e-11	2.33274741054238e-05	7.10277718587968e-05
SP.POP.0004.FE.5Y_lag1	2.52138604143599e-11	0.000104541643213195	0.000142055543717594
NY.ADJ.DFOR.GN.ZS_lag1	2.47808139265774e-11	2.37594643666353e-05	7.10277718587968e-05
ER.FSH.CAPT.MT_ratioavg2	2.46724802112256e-11	0.000182299890231275	0.000284111087435187
SP.POP.65UP.FE.IN_lag1	2.43734802442062e-11	0.000110157516608946	7.10277718587968e-05
AG.PRD.FOOD.XD_delta1	2.40678290059325e-11	5.05428605617515e-05	0.000142055543717594
DT.ODA.ODAT.KD_avg2	2.32458785410699e-11	1.46876688811927e-05	7.10277718587968e-05
NV.IND.MANF.CD_isNA_rank	2.29870468026409e-11	0.000106269604258042	0.000142055543717594
EN.GHG.CH4.IC.MT.CE.AR5	2.23690078580964e-11	1.20957273139234e-05	7.10277718587968e-05
NY.GDP.FCST.CN_rank	2.17261360109807e-11	1.7279610448462e-05	7.10277718587968e-05
BX.GSR.TOTL.CD_isNA_rank	1.99694795409546e-11	4.6222957949636e-05	0.000142055543717594
EN.GHG.CH4.FE.MT.CE.AR5_lag1	1.99308006957409e-11	2.1167522799366e-05	7.10277718587968e-05
EN.GHG.CH4.TR.MT.CE.AR5_rank	1.98535760931236e-11	2.505543515027e-05	7.10277718587968e-05
NE.CON.TOTL.KD_ratioavg2	1.89012718808312e-11	6.30705781368865e-05	0.000142055543717594
NE.CON.TOTL.CD_ratioavg2	1.83241261702427e-11	1.51196591424043e-05	7.10277718587968e-05
NY.GDP.PETR.RT.ZS_lag1	1.61175190562299e-11	3.23992695908663e-05	7.10277718587968e-05
ER.FSH.CAPT.MT	1.57617054639985e-11	9.33098964216951e-05	0.000142055543717594
AG.PRD.CREL.MT_delta1	1.54637548537732e-11	4.6222957949636e-05	7.10277718587968e-05
ER.FSH.PROD.MT_lag1	1.52613298982363e-11	9.93577600786568e-06	7.10277718587968e-05
SH.DYN.MORT.MA	1.48943065893519e-11	8.98539743320027e-05	0.000142055543717594
SP.POP.2529.MA.5Y_rank	1.4392497398293e-11	2.89433475011739e-05	7.10277718587968e-05
IT.CEL.SETS_avg2	1.38678925102364e-11	8.81260132871565e-05	7.10277718587968e-05
EN.GHG.CO2.PI.MT.CE.AR5_min2	1.27519496199493e-11	1.46876688811927e-05	7.10277718587968e-05
SP.POP.0014.TO.ZS	1.24473012003283e-11	7.21423736223291e-05	7.10277718587968e-05
EN.GHG.CH4.MT.CE.AR5_avg2	1.20954458931146e-11	7.90542178017139e-05	7.10277718587968e-05
SP.DYN.IMRT.FE.IN_lag1	1.17240715749239e-11	9.2445915899272e-05	7.10277718587968e-05
AG.PRD.CROP.XD_ratiomax2	1.15420687834842e-11	0.000229818818964545	0.00021308331557639
AG.LND.ARBL.HA	1.0265659274963e-11	1.98715520157314e-05	7.10277718587968e-05
SH.DTH.IMRT_delta1	9.55105630519443e-12	8.29421301526178e-05	7.10277718587968e-05
SP.POP.6569.FE.5Y_rank	9.45138556151409e-12	4.27670358599436e-05	7.10277718587968e-05
BX.KLT.DINV.CD.WD_ratiomax2	9.37252622368847e-12	5.18388313453862e-05	7.10277718587968e-05
EN.GHG.N2O.MT.CE.AR5_lag1	9.16195234564088e-12	8.3806110675041e-05	0.000142055543717594
AG.PRD.LVSK.XD_delta1	9.01320717570868e-12	7.21423736223291e-05	0.000142055543717594
SP.POP.7074.FE.5Y_rank	7.79781361766803e-12	1.98715520157314e-05	7.10277718587968e-05
SH.MMR.DTHS_lag1	6.98873273401039e-12	2.93753377623855e-05	7.10277718587968e-05
EN.GHG.N2O.AG.MT.CE.AR5	6.75985777883743e-12	4.83829092556937e-05	7.10277718587968e-05
SP.POP.6569.FE.5Y	6.67086051717203e-12	3.23992695908663e-05	7.10277718587968e-05
TX.VAL.MRCH.AL.ZS_lag1	6.24230859602169e-12	0.000587074764986498	0.000497194403011578
SP.POP.1519.FE.5Y_rank	5.38122240103069e-12	4.14710650763089e-05	7.10277718587968e-05
EN.GHG.N2O.IC.MT.CE.AR5_min2	5.17786142128796e-12	4.53589774272129e-05	7.10277718587968e-05
EN.URB.LCTY.UR.ZS_ratiomax2	4.11828602893711e-12	6.95504320550598e-05	7.10277718587968e-05
SP.RUR.TOTL_rank	4.04376286834261e-12	2.1167522799366e-05	7.10277718587968e-05
SP.DYN.LE00.FE.IN	3.90148358125165e-12	4.92468897781169e-05	7.10277718587968e-05
SP.POP.0014.TO_lag1	3.71460785180499e-12	5.18388313453862e-05	7.10277718587968e-05
SE.ENR.PRIM.FM.ZS_delta1	3.4420504308028e-12	2.20315033217891e-05	7.10277718587968e-05
NE.CON.TOTL.CD_delta1	3.34155269871274e-12	4.96788800393284e-05	7.10277718587968e-05
EN.GHG.N2O.IC.MT.CE.AR5	2.56668159566108e-12	9.93577600786568e-06	7.10277718587968e-05
EN.GHG.CO2.RT.GDP.KD_tend2	2.52308531621483e-12	3.49912111581357e-05	7.10277718587968e-05
EN.GHG.CH4.AG.MT.CE.AR5_min2	2.50703360346851e-12	1.98715520157314e-05	7.10277718587968e-05
IS.AIR.DPRT_avg2	2.49393728192459e-12	0.00010022174060108	7.10277718587968e-05
BM.GSR.TRAN.ZS_ratiomax2	2.06834110586696e-12	3.62871819417703e-05	7.10277718587968e-05
EN.GHG.CH4.MT.CE.AR5	2.0035748451261e-12	9.50378574665413e-05	7.10277718587968e-05
EN.GHG.CO2.FE.MT.CE.AR5_lag1	1.74085169128878e-12	3.32632501132894e-05	7.10277718587968e-05
SP.POP.65UP.TO	1.56655526530488e-12	0.000103677662690772	7.10277718587968e-05
AG.PRD.CREL.MT_ratiomax2	1.52179336513719e-12	2.76473767175393e-05	7.10277718587968e-05
SH.DYN.MORT.MA_rank	1.39955732270848e-12	2.46234448890584e-05	7.10277718587968e-05
EG.ELC.FOSL.ZS_lag1	8.35649740328857e-13	1.29597078363465e-05	7.10277718587968e-05
SP.DYN.TO65.FE.ZS_lag1	7.48656863259718e-13	3.02393182848086e-05	7.10277718587968e-05
SP.DYN.AMRT.FE_rank	6.01784092497758e-13	3.41272306357125e-05	7.10277718587968e-05
EN.GHG.CO2.FE.MT.CE.AR5_delta1	5.59712961271713e-13	0.000143420766722235	7.10277718587968e-05
NE.CON.TOTL.KD_rank	4.36002580502064e-13	2.72153864563277e-05	7.10277718587968e-05
EG.ELC.FOSL.ZS_avg2	3.71687044479165e-13	5.09748508229631e-05	7.10277718587968e-05
ER.FSH.AQUA.MT_max2	1.39230080507431e-13	4.44949969047898e-05	7.10277718587968e-05
