Feature	Gain	Cover	Frequency
NE.CON.PRVT.PC.KD	0.421740520826404	0.00145691998490717	0.000985329537989928
NY.GDP.PCAP.KD	0.31419896611659	0.00523012713397966	0.00284650755419312
EN.URB.LCTY_max2	0.0871442734569826	0.00107651910089864	0.0013137727173199
NY.GDP.DEFL.ZS	0.0207645925661565	0.000257194119957186	0.000766367418436611
NY.GDP.DEFL.ZS_lag1	0.0203348091896057	0.000432763758730354	0.000985329537989928
SH.IMM.IDPT_rank	0.00779404647816921	0.0014271450169281	0.00109481059776659
SG.LAW.INDX_lag1	0.00648656388622203	0.000178649807874452	0.000218962119553317
FP.CPI.TOTL_max2	0.00587193043321873	0.00013450071742272	0.000328443179329976
EG.ELC.PETR.ZS_lag1	0.00572094617990914	0.000935858045273352	0.000875848478213269
EG.ELC.PETR.ZS_avg2	0.00563134817251857	0.000413769382605772	0.000547405298883293
PA.NUS.ATLS	0.00470192175394128	0.00035319272361386	0.000656886358659952
MS.MIL.XPND.GD.ZS_max2	0.00399901423029761	0.000150414924446019	0.000328443179329976
SE.ENR.PRIM.FM.ZS	0.00369907837033386	0.000350112554512576	0.000766367418436611
trade_balance_ratio	0.00368578751727239	0.00102877647982874	0.00197065907597986
SH.DYN.MORT.FE	0.00285164383709954	0.0021181296186494	0.0013137727173199
SP.POP.BRTH.MF_lag1	0.00271248879528428	0.000777229336557244	0.000656886358659952
EN.GHG.CH4.MT.CE.AR5_min2	0.00242278624366909	6.72503587113599e-05	0.000109481059776659
EN.GHG.CH4.WA.MT.CE.AR5_max2	0.00230124582359906	5.23628747218222e-05	0.000218962119553317
NY.ADJ.DMIN.CD_lag1	0.0021657169666447	0.00011807314888254	0.000328443179329976
SM.POP.RHCR.EO_lag1	0.0020983473153052	0.00088349517055153	0.000875848478213269
EG.ELC.PETR.ZS_max2	0.00206610505224683	0.0004209564438421	0.000547405298883293
EN.URB.LCTY_tend2	0.00188117433667796	0.0001006188573086	0.000328443179329976
BG.GSR.NFSV.GD.ZS_max2	0.00187954783418943	0.000459971919125027	0.000656886358659952
SH.IMM.MEAS_rank	0.00177414303055641	0.000170436023604363	0.000218962119553317
BG.GSR.NFSV.GD.ZS	0.0017715222392611	0.000530815808454551	0.000766367418436611
FP.CPI.TOTL_min2	0.00171826139353679	0.000444571073618608	0.000766367418436611
SM.POP.RHCR.EO	0.0017159109587032	0.00299238428189708	0.00251806437486315
FP.CPI.TOTL_rank	0.001708950086282	0.000114479618264376	0.000218962119553317
AG.CON.FERT.ZS_min2	0.00170698459382529	0.00039580172951495	0.000437924239106635
FS.AST.CGOV.GD.ZS_lag1	0.00162928998165153	0.000912756777013725	0.000875848478213269
PA.NUS.ATLS_lag1	0.00152628697272415	0.000421983166875862	0.000656886358659952
ER.FSH.AQUA.MT_min2	0.00149548216054188	0.000122180041017585	0.000218962119553317
IT.CEL.SETS.P2_min2	0.00140298187586283	0.000568804560703716	0.00109481059776659
SP.DYN.AMRT.MA	0.00139931532139826	0.00705718077255775	0.00394131815195971
SP.DYN.CDRT.IN_rank	0.00139723650705175	0.000291075980071306	0.000656886358659952
SH.DYN.MORT.FE_lag1	0.00138275772272946	0.000167355854503079	0.000218962119553317
TM.VAL.MRCH.RS.ZS_lag1	0.00121553282675154	0.000669423418012316	0.000656886358659952
SP.POP.6064.MA.5Y_delta1	0.00115502419455573	0.00224030965966698	0.00175169695642654
SH.DYN.NMRT	0.00114715113634427	0.00130753178349491	0.000766367418436611
NE.TRD.GNFS.ZS	0.00111911281408082	0.00742782778774555	0.00426976133128969
SP.DYN.AMRT.MA_lag1	0.00106633731143633	0.00502632261177805	0.00284650755419312
EN.GHG.CH4.WA.MT.CE.AR5_lag1	0.000988061391961507	3.64486676985233e-05	0.000109481059776659
EG.USE.ELEC.KH.PC_max2	0.000926335539385736	0.0107549237786488	0.00536457192905627
EN.POP.DNST_tend2	0.000921367358493623	0.000149388201412258	0.000437924239106635
EN.GHG.CH4.WA.MT.CE.AR5_avg2	0.000889015170976559	2.72081603946723e-05	0.000109481059776659
TM.VAL.MRCH.R4.ZS_lag1	0.000878588612280447	0.00016786921601996	0.000328443179329976
SP.POP.4549.FE.5Y_lag1	0.000854545590836296	0.0113755778525574	0.00602145828771623
demographic_pressure_lag1	0.000813302553044336	0.000401448706200637	0.000328443179329976
SP.POP.3539.FE.5Y_delta1	0.000788638952842501	0.000804437496951916	0.00109481059776659
SP.POP.6064.FE.5Y_delta1	0.000771878958587272	0.00184656137621955	0.00164221589664988
BX.GSR.CMCP.ZS_lag1	0.0007049958117866	0.000117046425848779	0.000437924239106635
AG.LND.ARBL.HA.PC_min2	0.000703765131669459	0.00796583065743643	0.00394131815195971
IT.MLT.MAIN	0.000659843189825144	0.00016838257753684	0.000218962119553317
SP.DYN.LE00.FE.IN	0.0006590016300477	0.000199184268549677	0.000328443179329976
SP.POP.3034.FE.5Y_delta1	0.000639735118376497	0.00389179365947191	0.00262754543463981
demographic_pressure	0.000628086729839598	0.00163864996188291	0.000985329537989928
SP.POP.2024.FE.5Y_rank	0.000613413697738343	0.000428143505078429	0.000328443179329976
NV.SRV.TOTL.ZS_rank	0.000612775587121592	0.000446624519686131	0.000218962119553317
SP.POP.1519.MA.5Y_delta1	0.000608525924851261	0.000388101306761741	0.000547405298883293
SH.DYN.NMRT_lag1	0.000601137433407622	0.002321934140851	0.0013137727173199
PA.NUS.FCRF	0.000599703623024119	0.00665675878939087	0.00394131815195971
SH.DTH.MORT	0.000599241541303292	0.000370647015187801	0.000437924239106635
MS.MIL.XPND.GD.ZS_lag1	0.000557334318481104	0.000275161773048007	0.000656886358659952
SP.DYN.TO65.FE.ZS	0.000538526458342667	0.000807004304536319	0.000875848478213269
year	0.000526766893838848	0.00160887499390383	0.00109481059776659
FP.CPI.TOTL	0.000502248908369403	0.000608846759020404	0.0013137727173199
NY.GDS.TOTL.ZS	0.000499126599041255	0.00115352332843073	0.000985329537989928
NY.GNP.PCAP.CD	0.000492624905230832	0.00117251770455531	0.000985329537989928
SP.DYN.AMRT.FE	0.000458255329461882	0.00190713803521147	0.0013137727173199
ER.FSH.AQUA.MT_max2	0.000454253039022996	8.26512042177782e-05	0.000109481059776659
SE.SEC.ENRL_delta1	0.000442941146492015	0.00033676515507368	0.000547405298883293
AG.LND.AGRI.K2	0.000423389230772144	0.000446624519686131	0.000218962119553317
BX.GRT.EXTA.CD.WD_max2	0.000419890388555907	0.000152468370513541	0.000218962119553317
DT.ODA.ODAT.GN.ZS	0.000415163431171242	0.000618087266324255	0.000437924239106635
TX.VAL.MRCH.HI.ZS_lag1	0.000411325019221277	0.000139120971074645	0.000328443179329976
EG.USE.PCAP.KG.OE	0.00040850900859967	0.00374137873502589	0.00240858331508649
TM.VAL.MRCH.WR.ZS_lag1	0.000391133200446936	0.00034497893934377	0.000328443179329976
NY.ADJ.DRES.GN.ZS	0.000371316129026288	0.000314177248330933	0.000437924239106635
SP.POP.5054.MA.5Y_lag1	0.000368367210808581	0.00300316487375157	0.00229910225530983
AG.LND.AGRI.ZS	0.000365100604084701	0.000498474032891072	0.000656886358659952
SP.DYN.IMRT.IN	0.000356765887276587	0.000618087266324255	0.000328443179329976
SH.DTH.IMRT	0.000339046725169274	0.000157088624165467	0.000437924239106635
SP.POP.3539.FE.5Y	0.000316764872365927	0.000397855175582473	0.000766367418436611
TM.VAL.MRCH.R1.ZS	0.00031080531325734	0.00122744738686154	0.00142325377709656
SP.DYN.TO65.MA.ZS_lag1	0.000309898253430591	0.000335225070523038	0.000328443179329976
EN.GHG.CH4.MT.CE.AR5_tend2	0.000301093989133068	0.000415822828673294	0.000547405298883293
BM.TRF.PWKR.CD.DT	0.000296961253276513	0.000444057712101728	0.000656886358659952
BM.GSR.CMCP.ZS_min2	0.000290522083170163	0.00063092130424627	0.000766367418436611
TX.VAL.MRCH.OR.ZS_lag1	0.000286661995881522	0.000139634332591526	0.000328443179329976
IT.CEL.SETS.P2	0.000286193115882521	0.000559564053399865	0.000656886358659952
SP.POP.2529.FE.5Y	0.00027657983640552	0.000741807391892482	0.000875848478213269
NY.GNP.ATLS.CD_delta1	0.000261452392071301	0.000291075980071306	0.000437924239106635
NY.GDP.FCST.KD	0.000261001855524119	0.000253600589339021	0.000328443179329976
SP.POP.4044.FE.5Y_delta1	0.000258360956242269	0.00271054880912962	0.0018611780162032
SH.DTH.IMRT_lag1	0.000255649407948347	0.000192510568830229	0.000218962119553317
SP.POP.1564.FE.ZS_rank	0.000252692563172938	2.87482449453142e-05	0.000109481059776659
SP.POP.5559.FE.5Y_lag1	0.000230397397052187	0.00521729309605764	0.00295598861396978
EN.GHG.CO2.BU.MT.CE.AR5	0.000227845723039161	0.000444057712101728	0.000437924239106635
SP.POP.TOTL_delta1	0.000211713623752398	5.18495132049416e-05	0.000218962119553317
NE.EXP.GNFS.ZS	0.000207234532589613	0.00112888197562046	0.000766367418436611
EG.USE.PCAP.KG.OE_min2	0.000206934819298768	0.00151646992086532	0.000875848478213269
SP.POP.80UP.FE.5Y_delta1	0.000202943253595022	0.00363819307013288	0.00197065907597986
EN.GHG.N2O.BU.MT.CE.AR5_ratioavg2	0.000197693011647176	0.000643241980651404	0.000985329537989928
SP.POP.0509.FE.5Y_lag1	0.000194794600879476	0.0033358231366902	0.00175169695642654
TX.VAL.MRCH.R1.ZS_rank	0.000191446405752561	0.00024384672051829	0.000218962119553317
NY.GSR.NFCY.CN	0.000185840634325599	0.00448934646512094	0.00295598861396978
SP.POP.4549.MA.5Y_delta1	0.000184333602022158	0.00130188480680923	0.00109481059776659
NY.ADJ.NNTY.PC.CD	0.000179320087888847	0.00110218717674267	0.0013137727173199
SE.SEC.ENRL.GC.FE.ZS_lag1	0.000166047188345549	2.77215219115529e-05	0.000109481059776659
SE.SEC.ENRR	0.000162400365387508	0.000444571073618608	0.000766367418436611
SP.POP.4549.MA.5Y	0.000156806271661573	0.0014800212531668	0.000875848478213269
NE.IMP.GNFS.CN_delta1	0.000153006012989267	0.000757721598915781	0.000875848478213269
NY.ADJ.NNTY.PC.CD_lag1	0.000150897180828013	0.000498987394407953	0.000547405298883293
ER.H2O.INTR.PC_min2	0.000147344389347362	7.13572508464048e-05	0.000109481059776659
FM.AST.DOMS.CN_tend2	0.000146818896729457	0.00347853763838301	0.00229910225530983
IS.AIR.GOOD.MT.K1_max2	0.000145776457168557	0.0067116884716971	0.00339391285307642
EN.GHG.CO2.IC.MT.CE.AR5_avg2	0.000145044377021897	4.72292595530161e-05	0.000109481059776659
TX.VAL.MRCH.WR.ZS	0.000142228533181178	6.9817166295763e-05	0.000218962119553317
SP.POP.0509.MA.5Y_lag1	0.00014071112975873	0.00177828429447443	0.00120429165754325
EN.GHG.N2O.WA.MT.CE.AR5	0.000139452837608297	0.000101645580342361	0.000218962119553317
SE.ENR.PRIM.FM.ZS_lag1	0.000139262145468266	2.31012682596275e-05	0.000109481059776659
NV.IND.TOTL.ZS_rank	0.000137396658002459	0.000606793312952881	0.000875848478213269
FM.AST.DOMS.CN_lag1	0.000136002754707631	0.000401448706200637	0.000328443179329976
NY.ADJ.DKAP.GN.ZS_lag1	0.000135568870912458	0.00016786921601996	0.000547405298883293
NV.SRV.TOTL.KD_lag1	0.00012566455558626	0.000123206764051346	0.000218962119553317
TX.VAL.MMTL.ZS.UN_lag1	0.000124928735107502	0.000264894542710395	0.000437924239106635
NE.IMP.GNFS.KD.ZG_delta1	0.000122939435207993	0.000306476825577724	0.000985329537989928
SP.POP.4549.FE.5Y	0.000122328483471876	0.00127364992338079	0.000875848478213269
FI.RES.TOTL.MO_avg2	0.00011723321833177	0.000132447271355197	0.000109481059776659
AG.YLD.CREL.KG_min2	0.00011624349291671	0.00227675832736551	0.0018611780162032
NV.AGR.TOTL.ZS_rank	0.000110999332763645	3.64486676985233e-05	0.000109481059776659
NV.IND.TOTL.CN_delta1	0.000108374621838634	0.00221053469168791	0.00164221589664988
EG.USE.ELEC.KH.PC_avg2	0.000106991796093696	0.00441644912972389	0.00229910225530983
SP.POP.0509.MA.5Y	0.000106966190047262	0.00312893844538732	0.00175169695642654
NY.ADJ.DKAP.CD_delta1	0.000106439934036023	0.000245900166585812	0.000328443179329976
AG.PRD.CROP.XD_avg2	0.000104432081891257	0.00016786921601996	0.000328443179329976
SE.PRM.ENRR.FE_delta1	0.000104408977741057	0.000262327735125992	0.000437924239106635
NY.GNP.MKTP.CN_delta1	0.0001037784009916	0.000433277120247235	0.000547405298883293
EN.GHG.CH4.AG.MT.CE.AR5_tend2	9.58294340889545e-05	0.000469725787945758	0.000766367418436611
DC.DAC.JPNL.CD_avg2	9.41259151948301e-05	0.000332658262938635	0.000766367418436611
SP.RUR.TOTL_delta1	9.37691877683592e-05	8.1624481184017e-05	0.000218962119553317
NE.CON.GOVT.ZS_tend2	9.01582442412768e-05	0.000237686382315723	0.000437924239106635
NY.GDP.PCAP.CD	8.79305050769777e-05	0.000675070394698002	0.000547405298883293
DT.ODA.ODAT.KD	8.70502076613537e-05	0.000617573904807374	0.000437924239106635
NE.GDI.TOTL.ZS_delta1	8.18201727282099e-05	0.000346519023894412	0.000766367418436611
NV.AGR.TOTL.ZS	8.14648752569107e-05	0.00038707458372798	0.000437924239106635
NV.AGR.TOTL.CD	7.63595440508413e-05	0.000127827017703272	0.000218962119553317
ER.H2O.INTR.PC_lag1	7.56013945363326e-05	7.64908660152109e-05	0.000109481059776659
SP.POP.2024.MA.5Y_delta1	7.39221553584837e-05	0.000694578132339465	0.000985329537989928
NY.GSR.NFCY.CD	7.32675934877338e-05	0.00109140658488818	0.0013137727173199
BM.GSR.NFSV.CD	7.27622338797978e-05	0.000246413528102693	0.000218962119553317
EN.GHG.ALL.PC.CE.AR5_max2	6.82750505225384e-05	5.39029592724641e-05	0.000109481059776659
NE.CON.GOVT.ZS_avg2	6.73808408167825e-05	0.00024436008203517	0.000437924239106635
TM.VAL.MRCH.R4.ZS	6.61601808602782e-05	0.000216125198606737	0.000437924239106635
SP.POP.3034.MA.5Y_lag1	6.50746161836841e-05	0.000271054880912962	0.000328443179329976
BM.GSR.TRAN.ZS_max2	6.40907814642961e-05	0.000498987394407953	0.000766367418436611
SE.SEC.ENRR_lag1	6.39835795011925e-05	0.000478452933732729	0.000656886358659952
BX.KLT.DINV.WD.GD.ZS_min2	6.36508652269044e-05	0.000112939533713734	0.000328443179329976
BX.TRF.PWKR.CD.DT_max2	6.29212812307583e-05	6.46835511269569e-05	0.000218962119553317
SP.ADO.TFRT	6.23292808882901e-05	0.00261352348243919	0.00175169695642654
EN.GHG.N2O.IP.MT.CE.AR5_ratioavg2	6.20024547353077e-05	0.000279268665183052	0.000547405298883293
SP.POP.TOTL.FE.IN_delta1	6.15444615822985e-05	5.90365744412702e-05	0.000218962119553317
NY.GDS.TOTL.ZS_lag1	6.1172157898147e-05	0.00141328425597232	0.000985329537989928
SE.PRM.ENRR_lag1	6.04752389721354e-05	9.85654112410771e-05	0.000328443179329976
DC.DAC.GBRL.CD_min2	6.01455569022888e-05	0.000383481053109816	0.000437924239106635
SH.DYN.MORT	5.81963924519143e-05	0.000301343210408918	0.000218962119553317
SP.DYN.TO65.MA.ZS	5.79587088458087e-05	0.000323931117151665	0.000328443179329976
TX.VAL.FOOD.ZS.UN_lag1	5.73650096613168e-05	0.00553968412865866	0.00295598861396978
SP.POP.0004.FE.5Y_delta1	5.62919918142029e-05	0.000323931117151665	0.000766367418436611
NE.CON.PRVT.KD.ZG_lag1	5.59545774000066e-05	0.000105239110960525	0.000218962119553317
DC.DAC.DEUL.CD_max2	5.58933026048376e-05	0.00044611115816925	0.000656886358659952
DT.ODA.ODAT.PC.ZS_lag1	5.58876388345149e-05	9.85654112410771e-05	0.000218962119553317
BX.TRF.PWKR.DT.GD.ZS_avg2	5.53780386445197e-05	0.000200210991583438	0.000218962119553317
SP.POP.3539.FE.5Y_lag1	5.22292425857778e-05	0.000212531667988573	0.000218962119553317
trade_balance_ratio_lag1	5.12327464249309e-05	0.000962039482634263	0.0013137727173199
SE.SEC.ENRR.FE	5.06195112460529e-05	0.000169922662087482	0.000328443179329976
NV.SRV.TOTL.CD_delta1	5.02801436052795e-05	0.000246413528102693	0.000328443179329976
BX.PEF.TOTL.CD.WD_avg2	4.97093644069594e-05	0.0023881577765286	0.0018611780162032
IS.AIR.GOOD.MT.K1_tend2	4.92320481736226e-05	0.000952798975330412	0.00142325377709656
DC.DAC.CECL.CD	4.84423193766039e-05	0.00266023938047532	0.00240858331508649
SP.DYN.IMRT.MA.IN_delta1	4.76017212265398e-05	0.000196104099448393	0.000218962119553317
AG.LND.AGRI.K2_delta1	4.72402587051086e-05	6.00632974750314e-05	0.000109481059776659
BM.GSR.TRAN.ZS_rank	4.71002243212255e-05	0.000490260248620983	0.000656886358659952
EN.GHG.CH4.TR.MT.CE.AR5_max2	4.65691722889294e-05	2.46413528102693e-05	0.000109481059776659
NY.GNP.PCAP.CN_lag1	4.65444172234798e-05	0.000425063335977145	0.000328443179329976
DC.DAC.GBRL.CD_rank	4.64070684506228e-05	0.000779796144141647	0.000547405298883293
SH.IMM.MEAS_lag1	4.61402613810744e-05	0.000180703253941975	0.000547405298883293
TX.VAL.FOOD.ZS.UN	4.58870829265532e-05	0.00116943753545403	0.00109481059776659
SP.POP.1014.FE.5Y_delta1	4.42823844711959e-05	0.00174902268801224	0.00142325377709656
BX.KLT.DINV.CD.WD	4.42595077366584e-05	0.00355194833529694	0.00240858331508649
EN.GHG.CH4.BU.MT.CE.AR5_min2	4.12438657264712e-05	0.000181216615458855	0.000328443179329976
TX.VAL.MRCH.R4.ZS	4.09056996603307e-05	0.000914296861564367	0.00120429165754325
NY.ADJ.DKAP.CD	3.92612011005408e-05	0.000223312259843065	0.000656886358659952
TX.VAL.MRCH.RS.ZS	3.88469525421902e-05	3.54219446647621e-05	0.000109481059776659
SP.POP.5559.FE.5Y	3.79325723500173e-05	0.00307503548611485	0.00197065907597986
SP.POP.7074.FE.5Y_delta1	3.78636023663724e-05	0.00271260225519714	0.00197065907597986
FP.CPI.TOTL_avg2	3.65040804353495e-05	0.000186863592144542	0.000328443179329976
DT.ODA.ODAT.GN.ZS_min2	3.64747203237284e-05	0.000165815769952437	0.000437924239106635
NE.IMP.GNFS.CD_isNA_rank	3.64510555220527e-05	0.000339331962658083	0.000547405298883293
EN.GHG.CO2.IP.MT.CE.AR5_ratioavg2	3.62739291464646e-05	0.000401448706200637	0.000985329537989928
SP.POP.DPND_delta1	3.59064493232209e-05	0.0012603025239419	0.000985329537989928
NY.ADJ.AEDU.GN.ZS_rank	3.57468193955132e-05	3.18284140465978e-05	0.000109481059776659
FM.AST.NFRG.CN_lag1	3.4753880390564e-05	0.000426090059010906	0.000437924239106635
SP.POP.5054.FE.5Y	3.44812690062338e-05	0.00143279199361378	0.000985329537989928
BX.KLT.DINV.CD.WD_isNA_rank	3.36865772911636e-05	0.000801870689367513	0.000875848478213269
SP.POP.1519.FE.5Y_delta1	3.36423262578691e-05	0.000298776402824515	0.000437924239106635
EN.GHG.CO2.IC.MT.CE.AR5_lag1	3.3405852477165e-05	0.000112426172196854	0.000109481059776659
DT.ODA.ODAT.GN.ZS_rank	3.29519545792623e-05	0.00143638552423195	0.000985329537989928
NE.TRD.GNFS.ZS_delta1	3.16405416710484e-05	0.000207911414336647	0.000437924239106635
EN.URB.MCTY.TL.ZS_tend2	3.12294806412864e-05	0.000186350230627661	0.000437924239106635
SM.POP.RHCR.EA_lag1	3.04625980049186e-05	0.000217665283157379	0.000547405298883293
TM.VAL.MRCH.R6.ZS_rank	3.02554766010243e-05	8.47046502853007e-05	0.000218962119553317
BM.KLT.DINV.WD.GD.ZS_avg2	3.01705622418032e-05	0.000298263041307634	0.000328443179329976
IT.CEL.SETS	2.98535606191608e-05	0.000540056315758402	0.000766367418436611
NE.RSB.GNFS.CD_delta1	2.97188218524238e-05	0.00162889609306218	0.00164221589664988
SE.PRM.TCHR	2.9271571828342e-05	0.000158628708716109	0.000547405298883293
SM.POP.RHCR.EA_delta1	2.92496896489971e-05	0.000779282782624766	0.00109481059776659
BX.GSR.FCTY.CD	2.78060299404518e-05	0.000474346041597684	0.000875848478213269
FM.AST.PRVT.GD.ZS_rank	2.76326080880919e-05	5.54430438231059e-05	0.000109481059776659
SP.POP.DPND.OL_delta1	2.72200240371912e-05	0.00090864988487868	0.000766367418436611
TG.VAL.TOTL.GD.ZS_lag1	2.69950431053647e-05	0.000453811580922459	0.000766367418436611
NV.IND.MANF.CD	2.66239645177049e-05	0.000186350230627661	0.000109481059776659
SP.POP.0014.FE.IN_delta1	2.64421579374172e-05	0.000178649807874452	0.000328443179329976
TX.VAL.MRCH.R5.ZS_lag1	2.58646346546719e-05	0.000194564014897751	0.000547405298883293
NY.GDS.TOTL.ZS_delta1	2.56265778524e-05	0.000566237753119313	0.000875848478213269
DC.DAC.CECL.CD_avg2	2.51765658208827e-05	0.000356786254232024	0.000766367418436611
NE.CON.TOTL.CD_ratioavg2	2.50147162842233e-05	0.000300829848892038	0.000437924239106635
NY.GNP.PCAP.CD_lag1	2.49682316928237e-05	0.00191483845796468	0.00109481059776659
IS.AIR.GOOD.MT.K1_avg2	2.45142529083431e-05	0.000627327773628106	0.000547405298883293
SE.PRM.ENRR.FE_isNA_rank	2.43730555122748e-05	0.000292616064621948	0.000328443179329976
TX.VAL.MRCH.R3.ZS_rank	2.42639396362637e-05	0.000304936741027082	0.000218962119553317
IT.MLT.MAIN.P2_rank	2.41628589007168e-05	2.25879067427468e-05	0.000109481059776659
TM.VAL.TRAN.ZS.WT	2.37605352356047e-05	0.000183270061526378	0.000328443179329976
NV.IND.TOTL.ZS_lag1	2.35642776452793e-05	0.000509254624745565	0.000656886358659952
DC.DAC.DEUL.CD_min2	2.30317844937323e-05	0.000182756700009497	0.000437924239106635
BX.KLT.DINV.WD.GD.ZS	2.19703055653281e-05	0.000139634332591526	0.000437924239106635
DT.NFL.UNDP.CD_isNA_rank	2.17647946707305e-05	0.00325676546309059	0.00251806437486315
NE.RSB.GNFS.CD_lag1	2.15601567270457e-05	0.00114941643629569	0.00120429165754325
BX.GSR.GNFS.CD_ratioavg2	2.15083971617225e-05	7.49507814645691e-05	0.000328443179329976
AG.LND.ARBL.ZS_min2	2.14223858648218e-05	7.54641429814497e-05	0.000218962119553317
BX.PEF.TOTL.CD.WD_tend2	2.13017126628564e-05	0.0032644658858438	0.00251806437486315
BM.GSR.INSF.ZS	2.1261982030138e-05	0.000447651242719892	0.000766367418436611
MS.MIL.XPND.GD.ZS_avg2	2.04980094456116e-05	0.00029466951068947	0.000328443179329976
TX.VAL.MRCH.R1.ZS	2.04259603062392e-05	0.000187376953661423	0.000656886358659952
EN.GHG.N2O.BU.MT.CE.AR5_tend2	2.0376690901279e-05	0.000674557033181122	0.000985329537989928
BG.GSR.NFSV.GD.ZS_rank	1.99995787169315e-05	0.000125773571635749	0.000109481059776659
EN.URB.LCTY	1.96969473827057e-05	4.31223674179712e-05	0.000109481059776659
NY.ADJ.DNGY.CD_rank	1.93314152290384e-05	0.000138094248040884	0.000109481059776659
SP.POP.0004.MA.5Y_lag1	1.88963424317381e-05	0.00174542915739407	0.000985329537989928
TX.VAL.MRCH.R6.ZS	1.88705706022325e-05	6.10900205087926e-05	0.000109481059776659
NY.ADJ.AEDU.GN.ZS_lag1	1.86601959263841e-05	0.000829078849762185	0.000547405298883293
EN.GHG.CH4.BU.MT.CE.AR5_max2	1.84847989112714e-05	0.00018481014607702	0.000218962119553317
DC.DAC.USAL.CD_ratioavg2	1.82384564634927e-05	0.000920457199766934	0.00142325377709656
NY.GDP.MKTP.CN_isNA_rank	1.81560265809409e-05	0.00167047837592951	0.00175169695642654
FM.AST.NFRG.CN	1.79902214630125e-05	0.000638108365482598	0.000766367418436611
IS.AIR.GOOD.MT.K1	1.75627541061135e-05	0.00329834774595792	0.00197065907597986
SP.POP.0014.MA.IN_delta1	1.66481222664627e-05	2.25879067427468e-05	0.000109481059776659
SP.POP.5054.FE.5Y_lag1	1.6407232576264e-05	0.00126594950062758	0.000875848478213269
TX.VAL.MRCH.R2.ZS_rank	1.58639096685138e-05	5.1336151688061e-05	0.000218962119553317
SP.DYN.IMRT.FE.IN_rank	1.53225341590639e-05	2.66947988777917e-05	0.000109481059776659
TX.VAL.MRCH.R6.ZS_delta1	1.51401437070577e-05	0.000345492300860651	0.000875848478213269
FM.AST.NFRG.CN_tend2	1.48928718814923e-05	0.00152879059727046	0.00142325377709656
SE.PRM.ENRL_delta1	1.47668693784614e-05	0.000610900205087926	0.000875848478213269
BX.GSR.MRCH.CD_ratioavg2	1.44617817670811e-05	0.000267461350294798	0.000766367418436611
SP.POP.7579.FE.5Y_delta1	1.44441110811632e-05	0.00287071760239637	0.00218962119553317
SP.POP.3539.MA.5Y_delta1	1.42282446461517e-05	0.000885548616619052	0.000875848478213269
SH.DTH.NMRT_lag1	1.39687382906317e-05	0.000847559864369887	0.000656886358659952
SE.PRM.ENRR.MA_lag1	1.39572946737299e-05	0.000467158980361355	0.000547405298883293
SM.POP.RHCR.EA	1.3775258465242e-05	0.000155548539614825	0.000328443179329976
FI.RES.TOTL.MO_min2	1.35240578597508e-05	0.000693038047788824	0.000656886358659952
TX.VAL.MRCH.WL.CD	1.33544347124959e-05	6.46835511269569e-05	0.000109481059776659
TX.VAL.MRCH.R2.ZS	1.33493080674885e-05	0.000220232090741782	0.000437924239106635
NE.EXP.GNFS.ZS_lag1	1.32612059777188e-05	0.00176955714868746	0.0013137727173199
TM.VAL.TRVL.ZS.WT_isNA_rank	1.32192408835756e-05	0.000577531706490686	0.00120429165754325
SE.SEC.ENRL.GC	1.31434704876624e-05	0.000566237753119313	0.000656886358659952
BM.GSR.NFSV.CD_min2	1.3134882855248e-05	0.000186350230627661	0.000109481059776659
SP.POP.0014.MA.ZS_delta1	1.26970708550807e-05	0.00131523220624812	0.000766367418436611
SP.URB.GROW_lag1	1.26498638539174e-05	0.00146975402282919	0.00120429165754325
BM.GSR.TRVL.ZS	1.26080904915527e-05	0.000662749718292868	0.000766367418436611
NE.CON.PRVT.ZS_tend2	1.25852040559095e-05	0.000205344606752244	0.000437924239106635
pre_covid_rank	1.25492707208719e-05	0.000309043633162127	0.000766367418436611
IT.CEL.SETS_max2	1.25009312537036e-05	3.9528836799807e-05	0.000109481059776659
NE.IMP.GNFS.KD.ZG_rank	1.24208735609636e-05	0.000110372726129331	0.000437924239106635
NY.GDP.PCAP.CN	1.22268664788025e-05	0.000219718729224901	0.000218962119553317
EG.USE.ELEC.KH.PC_tend2	1.2208842656718e-05	0.00364794693895362	0.00284650755419312
NY.ADJ.DRES.GN.ZS_delta1	1.2004681204367e-05	0.000751561260713213	0.00120429165754325
MS.MIL.MPRT.KD_min2	1.18478571155847e-05	0.000418902997774578	0.000656886358659952
TM.VAL.AGRI.ZS.UN_delta1	1.18351394594933e-05	0.000947665360161606	0.000985329537989928
SH.IMM.IDPT_lag1	1.18258892388805e-05	0.000400935344683757	0.000547405298883293
DC.DAC.DEUL.CD_tend2	1.18230435641344e-05	0.00279936035154997	0.0031749507335231
SE.PRM.ENRL	1.17160998111989e-05	0.000138094248040884	0.000109481059776659
SE.SEC.ENRR.FE_lag1	1.16961623191832e-05	0.000330604816871113	0.000437924239106635
BX.GSR.FCTY.CD_tend2	1.16871882952156e-05	0.00270438847092705	0.00240858331508649
SH.DYN.MORT.MA	1.15471262665868e-05	0.000254113950855902	0.000218962119553317
FS.AST.CGOV.GD.ZS	1.14403137012475e-05	0.000982060581792607	0.000656886358659952
FI.RES.XGLD.CD_min2	1.14191768781658e-05	0.000144254586243451	0.000218962119553317
DT.ODA.ODAT.KD_rank	1.11332449007501e-05	0.0019353729186399	0.00109481059776659
NY.ADJ.DRES.GN.ZS_lag1	1.10729240000095e-05	0.000310583717712769	0.000547405298883293
DT.NFL.UNDP.CD	1.09932901195277e-05	0.000161195516300512	0.000328443179329976
DC.DAC.CECL.CD_lag1	1.09854604660536e-05	0.000936884768307113	0.0013137727173199
BM.GSR.TRVL.ZS_ratioavg2	1.09391468653875e-05	0.000522602024184461	0.000656886358659952
IT.CEL.SETS.P2_max2	1.06617104902241e-05	0.000164275685401795	0.000218962119553317
TM.VAL.FOOD.ZS.UN	1.0637828838512e-05	0.000897355931507306	0.000766367418436611
NV.SRV.TOTL.KD_isNA_rank	1.06204264451566e-05	0.000599092890199672	0.000766367418436611
FM.AST.PRVT.GD.ZS	1.05168399788996e-05	0.000237173020798842	0.000218962119553317
SP.URB.GROW	1.04126978986754e-05	0.000772609082905318	0.000766367418436611
SP.POP.65UP.TO.ZS	1.01147457388511e-05	5.74964898906283e-05	0.000109481059776659
TM.VAL.MRCH.R5.ZS	9.83340822402993e-06	0.000279268665183052	0.000875848478213269
DC.DAC.CANL.CD_min2	9.74294403199444e-06	0.000293642787655709	0.000437924239106635
TX.VAL.MRCH.R4.ZS_lag1	9.64565468964483e-06	0.000123720125568227	0.000218962119553317
SP.DYN.AMRT.FE_delta1	9.63775438961223e-06	0.000266947988777917	0.000547405298883293
PA.NUS.FCRF_lag1	9.57698149869644e-06	0.00297544335184002	0.0018611780162032
SP.DYN.LE00.FE.IN_delta1	9.54328224827709e-06	0.000444571073618608	0.000766367418436611
FP.CPI.TOTL_isNA_rank	9.53751939957681e-06	0.00038707458372798	0.000766367418436611
TM.VAL.FOOD.ZS.UN_lag1	9.5334343212828e-06	0.000424549974460265	0.000547405298883293
FP.CPI.TOTL.ZG_lag1	9.51339891119784e-06	0.000408635767436966	0.000656886358659952
SP.POP.0509.FE.5Y	9.50260426747448e-06	0.000481019741317132	0.000437924239106635
SE.SEC.ENRR.MA	9.44720344640572e-06	0.000724353100318541	0.000985329537989928
NY.ADJ.DRES.GN.ZS_rank	9.37554619383478e-06	0.000110372726129331	0.000328443179329976
NV.IND.MANF.ZS_rank	9.3652057231784e-06	0.000138094248040884	0.000218962119553317
TM.VAL.MRCH.R1.ZS_delta1	9.36500796560129e-06	0.000219205367708021	0.000656886358659952
DT.ODA.ODAT.KD_isNA_rank	9.31135218470054e-06	0.000220745452258662	0.000328443179329976
SP.POP.4044.MA.5Y_lag1	9.28785960881105e-06	0.00189584408184009	0.00120429165754325
SP.POP.3034.MA.5Y_delta1	9.16913188332608e-06	0.00123976806326667	0.00109481059776659
NY.ADJ.DKAP.CD_isNA_rank	9.03277081952012e-06	0.00058882565986206	0.00109481059776659
TX.VAL.MRCH.OR.ZS_delta1	8.96531612116277e-06	0.000642215257617643	0.00120429165754325
BM.GSR.MRCH.CD_ratioavg2	8.8472366974876e-06	0.000348572469961934	0.000766367418436611
BX.GSR.FCTY.CD_isNA_rank	8.8322635936314e-06	0.000299289764341396	0.000766367418436611
BM.KLT.DINV.CD.WD_max2	8.7081599942811e-06	5.80098514075089e-05	0.000218962119553317
DT.NFL.UNDP.CD_tend2	8.62999815004719e-06	0.000475886126148326	0.000656886358659952
NY.GDP.COAL.RT.ZS	8.62614923964112e-06	0.000415309467156414	0.000547405298883293
NV.AGR.TOTL.KD.ZG	8.62426927328115e-06	0.000946125275610964	0.00175169695642654
BX.GSR.NFSV.CD_tend2	8.54387053437714e-06	0.000764395298635228	0.000985329537989928
BX.GSR.CMCP.ZS	8.52174943891943e-06	0.000281322111250574	0.000437924239106635
SE.SEC.ENRL.GC_isNA_rank	8.46958789994649e-06	0.000331118178387993	0.000437924239106635
DC.DAC.CECL.CD_min2	8.46366637983912e-06	0.00198722243184484	0.00175169695642654
TX.VAL.MMTL.ZS.UN_isNA_rank	8.38911028629818e-06	0.000185836869110781	0.000109481059776659
SP.POP.4549.FE.5Y_delta1	8.16871425245244e-06	0.0015118496672134	0.0013137727173199
SE.SEC.ENRL.GC.FE.ZS_isNA_rank	8.16003450693741e-06	0.00037886079945789	0.000875848478213269
MS.MIL.MPRT.KD_lag1	8.13367921635833e-06	0.000281322111250574	0.000437924239106635
EN.GHG.ALL.PC.CE.AR5_lag1	8.06425442983544e-06	0.000738213861274317	0.000547405298883293
SH.MMR.RISK_delta1	7.99975522213621e-06	0.00457713128450752	0.00350339391285308
IS.AIR.GOOD.MT.K1_ratioavg2	7.68807000475256e-06	0.000615520458739852	0.00142325377709656
NE.EXP.GNFS.CN	7.47763686597885e-06	0.00204112539111731	0.00120429165754325
SP.POP.5559.MA.5Y	7.29666201835092e-06	0.00175620974924857	0.00120429165754325
FI.RES.TOTL.MO_isNA_rank	7.29028429571552e-06	0.00239021122259612	0.00229910225530983
TX.VAL.MRCH.WR.ZS_rank	7.27793791359843e-06	6.77637202282405e-05	0.000109481059776659
NY.ADJ.DKAP.GN.ZS_delta1	7.25390143490325e-06	0.00037886079945789	0.000875848478213269
AG.PRD.FOOD.XD_tend2	7.2273190527295e-06	0.00027772858063241	0.000766367418436611
SP.POP.3539.MA.5Y	7.1970499160398e-06	0.000872714578697037	0.000766367418436611
EG.ELC.NGAS.ZS_tend2	7.10401335097146e-06	0.00072332637728478	0.000656886358659952
NY.GDP.FRST.RT.ZS_isNA_rank	7.0537074976851e-06	0.0002356329362482	0.000656886358659952
TM.VAL.FUEL.ZS.UN	6.97369041103974e-06	0.00134141364360903	0.00120429165754325
TX.VAL.MRCH.R4.ZS_delta1	6.92076311876827e-06	0.000590365744412702	0.0013137727173199
SP.POP.1519.MA.5Y	6.81792475270458e-06	0.00072332637728478	0.000656886358659952
SP.DYN.LE00.IN_delta1	6.81163332038599e-06	0.000890682231787859	0.000985329537989928
AG.PRD.LVSK.XD_max2	6.64036069170038e-06	0.0001006188573086	0.000218962119553317
NE.RSB.GNFS.CN_isNA_rank	6.62445495274144e-06	0.000485126633452177	0.000656886358659952
NY.ADJ.DMIN.GN.ZS_isNA_rank	6.49456516020199e-06	0.000670450141046077	0.00109481059776659
DC.DAC.JPNL.CD_tend2	6.488343549736e-06	0.00051336151688061	0.00109481059776659
SG.LAW.INDX_rank	6.48018606227184e-06	0.000270541519396082	0.000328443179329976
in_recession_rank	6.44875470937337e-06	0.000118586510399421	0.000328443179329976
AG.LND.CROP.ZS	6.4307576366722e-06	0.000145281309277213	0.000328443179329976
BM.GSR.TRAN.ZS_ratioavg2	6.33803885373217e-06	0.000685337625035615	0.0013137727173199
DC.DAC.TOTL.CD	6.32246599817005e-06	0.00047075251097952	0.000437924239106635
SE.TER.ENRR_lag1	6.31998248673803e-06	0.00202931807622905	0.00142325377709656
DC.DAC.CANL.CD_isNA_rank	6.30461109318236e-06	0.00149080184502129	0.00142325377709656
SP.DYN.TO65.FE.ZS_delta1	6.20336661851314e-06	6.93038047788824e-05	0.000218962119553317
TM.VAL.TRAN.ZS.WT_lag1	6.16595968412936e-06	0.000127827017703272	0.000328443179329976
EN.GHG.CO2.PI.MT.CE.AR5_tend2	6.10889122489943e-06	0.000206371329786005	0.000218962119553317
SE.SEC.ENRR.MA_rank	5.99669838204261e-06	7.9057673599614e-05	0.000328443179329976
NV.SRV.TOTL.ZS_lag1	5.96889669168186e-06	0.000385021137660458	0.000437924239106635
SP.URB.GROW_delta1	5.88897318941098e-06	0.000818811619424573	0.000985329537989928
NE.EXP.GNFS.KD_delta1	5.88084179937763e-06	0.000637595003965718	0.000437924239106635
SP.POP.4044.MA.5Y_delta1	5.85414679817205e-06	0.00349701865299072	0.00240858331508649
AG.YLD.CREL.KG	5.81130490988845e-06	0.00284658961110298	0.00229910225530983
SP.DYN.CDRT.IN_delta1	5.79010849998924e-06	0.00219513384618149	0.00164221589664988
TG.VAL.TOTL.GD.ZS_delta1	5.78526807825874e-06	0.000306476825577724	0.000547405298883293
SH.MMR.DTHS	5.78346920047816e-06	0.000184296784560139	0.000218962119553317
DC.DAC.TOTL.CD_max2	5.78065855215008e-06	0.000220232090741782	0.000328443179329976
SP.POP.4044.FE.5Y	5.7538970901915e-06	0.000214585114056095	0.000218962119553317
TM.VAL.MRCH.HI.ZS_delta1	5.72561138117256e-06	0.00029415614917259	0.000766367418436611
NY.GDP.PCAP.CD_delta1	5.71390432397961e-06	0.00102364286465994	0.00120429165754325
NE.GDI.FTOT.ZS_isNA_rank	5.71215704985955e-06	0.00021047822192105	0.000766367418436611
year_cycle_lag1	5.63737059517733e-06	0.000231012682596275	0.000437924239106635
MS.MIL.MPRT.KD_tend2	5.58168723956834e-06	0.00290049257037545	0.00175169695642654
EN.GHG.CO2.PC.CE.AR5	5.51009393085331e-06	0.000216125198606737	0.000218962119553317
NE.CON.PRVT.PC.KD_tend2	5.48978206642981e-06	0.000811624558188245	0.000985329537989928
MS.MIL.MPRT.KD_isNA_rank	5.47936923988922e-06	0.00037834743794101	0.000656886358659952
NY.ADJ.DNGY.GN.ZS_isNA_rank	5.45093250619842e-06	0.000742834114926243	0.00109481059776659
NY.GDP.PETR.RT.ZS_delta1	5.40742396079792e-06	0.000117046425848779	0.000437924239106635
AG.PRD.CREL.MT_ratiomax2	5.35110056466207e-06	0.00031982422501662	0.000218962119553317
NV.IND.MANF.ZS	5.33952095041907e-06	0.00157345304923907	0.00142325377709656
NY.GDP.PETR.RT.ZS_isNA_rank	5.33029737338485e-06	0.000438924096932922	0.000766367418436611
IT.CEL.SETS.P2_lag1	5.32717250150154e-06	9.03516269709874e-05	0.000218962119553317
SP.POP.TOTL.FE.IN	5.29963201581647e-06	6.51969126438375e-05	0.000109481059776659
EG.USE.ELEC.KH.PC	5.29737291251783e-06	0.00136246146580114	0.000985329537989928
EN.GHG.CO2.RT.GDP.KD_tend2	5.26422847729753e-06	0.000147334755344735	0.000328443179329976
BX.PEF.TOTL.CD.WD_ratioavg2	5.21023114004647e-06	0.00383019027744623	0.00284650755419312
AG.YLD.CREL.KG_rank	5.14710102378173e-06	0.000763881937118348	0.000766367418436611
EG.USE.ELEC.KH.PC_min2	5.14532859896915e-06	0.000621167435425538	0.000328443179329976
BM.GSR.TOTL.CD_isNA_rank	5.0579931739735e-06	0.000221772175292424	0.000328443179329976
NV.AGR.TOTL.CN_lag1	4.99978917862349e-06	0.000251547143271499	0.000218962119553317
BM.GSR.CMCP.ZS_tend2	4.99033073661138e-06	0.000133987355905839	0.000437924239106635
TM.VAL.MRCH.WL.CD_delta1	4.98350764560557e-06	0.000308016910128366	0.000437924239106635
SP.POP.1564.MA.ZS_delta1	4.96575867082244e-06	0.00121050645680448	0.000985329537989928
EN.GHG.CO2.PI.MT.CE.AR5_ratioavg2	4.9321338569319e-06	9.54852421397935e-05	0.000328443179329976
NE.EXP.GNFS.CD_isNA_rank	4.92588858463657e-06	0.00154419144277688	0.00164221589664988
BM.KLT.DINV.CD.WD	4.92120272343699e-06	0.00194718023352815	0.00142325377709656
SP.POP.0014.TO.ZS_delta1	4.88750835097847e-06	0.000931237791621427	0.000656886358659952
EN.GHG.CH4.TR.MT.CE.AR5_ratioavg2	4.76259524612298e-06	0.000310583717712769	0.000766367418436611
FM.AST.DOMS.CN	4.72314162816608e-06	0.000581125237108851	0.000437924239106635
NY.GSR.NFCY.CN_delta1	4.67667258277468e-06	0.00949513461622376	0.00700678782570615
AG.PRD.LVSK.XD	4.58961766132317e-06	0.000729486715487347	0.000985329537989928
FS.AST.PRVT.GD.ZS	4.54438712311705e-06	0.000170949385121243	0.000218962119553317
DC.DAC.USAL.CD_tend2	4.52965926058154e-06	0.000314177248330933	0.000766367418436611
AG.PRD.FOOD.XD	4.49760962996598e-06	6.10900205087926e-05	0.000218962119553317
NY.ADJ.NNTY.CD_isNA_rank	4.45020638618306e-06	0.00113452895230615	0.00142325377709656
SP.POP.1014.MA.5Y_delta1	4.38877735186696e-06	0.00628970530482124	0.00426976133128969
BM.GSR.NFSV.CD_isNA_rank	4.35287575228337e-06	0.000133987355905839	0.000547405298883293
BM.GSR.INSF.ZS_ratioavg2	4.31912656295835e-06	0.000343952216310009	0.000547405298883293
IT.CEL.SETS.P2_tend2	4.3031151681361e-06	0.000195590737931512	0.000218962119553317
SP.POP.0004.MA.5Y_delta1	4.23550755217209e-06	0.00104109715623388	0.00120429165754325
BX.TRF.PWKR.CD.DT_tend2	4.23095609456692e-06	0.00046253872670943	0.000985329537989928
NV.AGR.TOTL.CD_delta1	4.19014116626182e-06	0.00128648396130281	0.00142325377709656
NE.CON.PRVT.KD.ZG	4.09918536317134e-06	0.000186863592144542	0.000328443179329976
NY.GDP.TOTL.RT.ZS_lag1	4.09065580683799e-06	0.000195077376414632	0.000328443179329976
FP.CPI.TOTL.ZG_tend2	4.03353256854254e-06	0.000216125198606737	0.000547405298883293
TX.VAL.TRAN.ZS.WT_isNA_rank	4.02005971128909e-06	0.000725379823352302	0.00120429165754325
DT.ODA.ALLD.KD_isNA_rank	3.96589536709484e-06	0.00383481053109816	0.00229910225530983
EN.GHG.N2O.AG.MT.CE.AR5_ratioavg2	3.92756960480998e-06	0.00405966287549186	0.00394131815195971
post_crisis_rank	3.87997084430584e-06	0.000234092851697558	0.000656886358659952
BM.GSR.FCTY.CD_tend2	3.8588235186934e-06	0.0013290929672039	0.00109481059776659
SP.POP.6569.MA.5Y_delta1	3.81141475367742e-06	0.00184861482228708	0.00120429165754325
TX.VAL.MRCH.RS.ZS_delta1	3.77780522909117e-06	0.000779796144141647	0.000985329537989928
AG.LND.TOTL.K2_ratioavg2	3.68057050100109e-06	0.00124900857057052	0.000656886358659952
SP.DYN.LE00.MA.IN_delta1	3.66023949597305e-06	0.000511308070813088	0.000656886358659952
SP.POP.1014.MA.5Y_rank	3.6536036703227e-06	0.000139634332591526	0.000218962119553317
SP.POP.4549.MA.5Y_lag1	3.6509592544518e-06	0.00257194119957186	0.00153273483687322
TM.VAL.MRCH.CD.WT_delta1	3.64356877881169e-06	0.000476399487665206	0.000437924239106635
TM.VAL.OTHR.ZS.WT_delta1	3.64339518291853e-06	0.00105495791718965	0.00142325377709656
SP.POP.5559.MA.5Y_lag1	3.58337866411481e-06	0.00121769351804081	0.000766367418436611
TG.VAL.TOTL.GD.ZS	3.5214653906642e-06	0.00116841081242027	0.000985329537989928
SP.POP.80UP.MA.5Y	3.50589333570331e-06	0.0016016879326675	0.000875848478213269
SE.SEC.ENRL.GC.FE.ZS_delta1	3.46982481566369e-06	0.000342412131759367	0.000656886358659952
SH.DTH.NMRT	3.45490188511962e-06	0.0013290929672039	0.000766367418436611
NY.GDP.PCAP.CN_lag1	3.44745408244166e-06	0.000480506379800251	0.000547405298883293
EN.GHG.CO2.FE.MT.CE.AR5_tend2	3.44099362335168e-06	0.0224261978649295	0.0139040945916356
NE.EXP.GNFS.KD.ZG_lag1	3.40364761755491e-06	0.000112939533713734	0.000328443179329976
crisis_impact_rich_rank	3.3745056333413e-06	0.00192613241133605	0.0018611780162032
TX.VAL.AGRI.ZS.UN_rank	3.34662223318835e-06	6.00632974750314e-05	0.000109481059776659
TM.VAL.MRCH.OR.ZS_lag1	3.33037230284878e-06	0.000746941007061288	0.000766367418436611
EN.GHG.CH4.PI.MT.CE.AR5_ratioavg2	3.31882346811084e-06	0.000390668114346144	0.000547405298883293
DC.DAC.TOTL.CD_ratioavg2	3.30842951885545e-06	0.000571884729805	0.000766367418436611
FI.RES.TOTL.MO_lag1	3.30771054703151e-06	0.0010641984244935	0.000656886358659952
BM.GSR.GNFS.CD_isNA_rank	3.29729734374652e-06	0.000261814373609111	0.000437924239106635
NY.GDP.PCAP.KD_delta1	3.26542986444422e-06	0.00335071062067974	0.00229910225530983
NE.RSB.GNFS.ZS_delta1	3.25544185103966e-06	0.00021869200619114	0.000547405298883293
IT.MLT.MAIN.P2_isNA_rank	3.23473946256838e-06	0.000399908621649995	0.000985329537989928
TX.VAL.SERV.CD.WT_isNA_rank	3.19748142077979e-06	0.000763881937118348	0.000985329537989928
BM.GSR.TRVL.ZS_tend2	3.19573929282518e-06	0.000705358724193958	0.000766367418436611
SP.POP.7579.MA.5Y_delta1	3.17617460361033e-06	0.00109294666943882	0.000766367418436611
BX.GSR.TRAN.ZS_isNA_rank	3.14716788414128e-06	0.000293642787655709	0.000437924239106635
EN.GHG.ALL.PC.CE.AR5_rank	3.11374594790522e-06	0.00011755978736566	0.000109481059776659
BM.KLT.DINV.WD.GD.ZS_lag1	3.11196428638871e-06	0.000687391071103137	0.000656886358659952
SP.RUR.TOTL.ZG_delta1	3.09738757557803e-06	0.000411715936538249	0.000656886358659952
NY.GDP.PETR.RT.ZS	3.0969263801929e-06	0.000115506341298137	0.000218962119553317
NE.CON.PRVT.KD.ZG_tend2	3.06957840317724e-06	0.000833699103414111	0.000875848478213269
NY.GDP.MKTP.KD_delta1	3.06737922479673e-06	4.62025365192549e-05	0.000109481059776659
SE.SEC.ENRR_delta1	3.0652331262866e-06	0.00010113221882548	0.000328443179329976
IT.CEL.SETS_avg2	3.02559847537867e-06	2.41279912933887e-05	0.000109481059776659
DC.DAC.CECL.CD_max2	3.01403517818993e-06	0.000725379823352302	0.000875848478213269
NE.EXP.GNFS.ZS_isNA_rank	2.97042613651831e-06	0.00221618166837359	0.00218962119553317
NY.GDP.TOTL.RT.ZS_isNA_rank	2.88912329226995e-06	0.000291075980071306	0.000656886358659952
MS.MIL.XPND.CD_tend2	2.88301637873914e-06	0.000968713182353711	0.00109481059776659
EN.GHG.CO2.IP.MT.CE.AR5_tend2	2.85233678342696e-06	0.00131523220624812	0.00164221589664988
NY.GDP.TOTL.RT.ZS	2.83710202531288e-06	0.0001006188573086	0.000218962119553317
NE.CON.PRVT.ZS_lag1	2.83556294030513e-06	0.00211350936499747	0.0013137727173199
SE.SEC.AGES_rank	2.81830882257695e-06	0.000161708877817392	0.000547405298883293
DC.DAC.FRAL.CD_avg2	2.80509109381389e-06	0.000122693402534466	0.000437924239106635
NE.RSB.GNFS.CD	2.80155120278386e-06	0.00147796780709928	0.00142325377709656
SP.POP.GROW_delta1	2.78789588953667e-06	0.000170949385121243	0.000656886358659952
BX.TRF.PWKR.CD.DT_ratioavg2	2.72980438038312e-06	0.000204831245235363	0.000656886358659952
TM.VAL.MRCH.HI.ZS_lag1	2.70258521154887e-06	0.000116019702815018	0.000328443179329976
NE.CON.GOVT.ZS_ratioavg2	2.63318974448292e-06	0.000299803125858276	0.000437924239106635
SE.SEC.ENRR.MA_isNA_rank	2.62138021507363e-06	0.000322391032601023	0.000547405298883293
BX.GSR.CMCP.ZS_avg2	2.59528932667825e-06	9.80520497241965e-05	0.000218962119553317
BX.KLT.DINV.WD.GD.ZS_ratioavg2	2.58566774129647e-06	0.000247440251136454	0.000547405298883293
SP.POP.3539.MA.5Y_rank	2.57774728519244e-06	0.000186863592144542	0.000218962119553317
TM.VAL.MRCH.OR.ZS_delta1	2.50718645142198e-06	0.000173516192705646	0.000547405298883293
EN.GHG.CH4.WA.MT.CE.AR5_ratioavg2	2.4781755758712e-06	0.000909676607912441	0.000985329537989928
EN.GHG.CH4.BU.MT.CE.AR5_ratioavg2	2.47487385100742e-06	0.000165302408435556	0.000437924239106635
SP.ADO.TFRT_lag1	2.47231201598028e-06	0.00630356606577701	0.00361287497262973
NE.IMP.GNFS.CD_delta1	2.46055426461537e-06	0.000406582321369443	0.000656886358659952
TM.VAL.FUEL.ZS.UN_delta1	2.43401467813541e-06	0.000204317883718483	0.000437924239106635
SP.POP.3034.FE.5Y_lag1	2.43237982976923e-06	0.000315717332881575	0.000218962119553317
BX.PEF.TOTL.CD.WD_lag1	2.38486296773656e-06	0.00208270767398464	0.00164221589664988
IT.MLT.MAIN_tend2	2.34790953161726e-06	0.00072383973880166	0.000875848478213269
NV.IND.TOTL.CN_lag1	2.34614363712324e-06	4.77426210698967e-05	0.000109481059776659
TX.VAL.OTHR.ZS.WT_isNA_rank	2.29587501006691e-06	3.79887522491651e-05	0.000109481059776659
DC.DAC.CANL.CD_lag1	2.25071101600626e-06	0.000119099871916302	0.000218962119553317
EN.GHG.CO2.IP.MT.CE.AR5_delta1	2.24395958519063e-06	0.000181216615458855	0.000218962119553317
TM.VAL.MANF.ZS.UN_delta1	2.22344818444149e-06	0.000367053484569636	0.000437924239106635
SM.POP.NETM_delta1	2.21699408631745e-06	0.000893762400889142	0.00142325377709656
NY.GDP.TOTL.RT.ZS_delta1	2.18646556843446e-06	0.000450731411821176	0.000766367418436611
TM.VAL.AGRI.ZS.UN	2.1635517438372e-06	0.000211504944954811	0.000218962119553317
SP.DYN.AMRT.FE_lag1	2.12930257980146e-06	0.0015328974894055	0.00120429165754325
BX.GSR.GNFS.CD_tend2	2.08021283826563e-06	0.000342412131759367	0.000328443179329976
SE.PRM.ENRL_lag1	2.06196774689855e-06	7.13572508464048e-05	0.000218962119553317
IS.AIR.GOOD.MT.K1_min2	2.05597608335007e-06	0.00148618159136937	0.000766367418436611
DC.DAC.FRAL.CD_ratioavg2	2.00790686821285e-06	0.00010934600309557	0.000328443179329976
DT.ODA.ALLD.CD_isNA_rank	1.997456499338e-06	0.00054673001547785	0.000656886358659952
NV.IND.TOTL.KD.ZG	1.97453207282763e-06	0.0002356329362482	0.000437924239106635
BM.GSR.TRVL.ZS_max2	1.97150369677746e-06	2.56680758440305e-05	0.000109481059776659
SE.SEC.ENRL.GC_delta1	1.96800434207862e-06	0.000304423379510202	0.000875848478213269
NY.GSR.NFCY.CD_rank	1.95460900134844e-06	0.000408122405920085	0.000328443179329976
NV.SRV.TOTL.ZS	1.94743818335305e-06	0.00208527448156904	0.00153273483687322
FD.AST.PRVT.GD.ZS_isNA_rank	1.90657073465416e-06	0.000322391032601023	0.000656886358659952
BG.GSR.NFSV.GD.ZS_lag1	1.90098991836582e-06	6.36568280931957e-05	0.000218962119553317
TX.VAL.TRAN.ZS.WT	1.8845375678208e-06	0.000261814373609111	0.000766367418436611
BX.PEF.TOTL.CD.WD	1.87969710709793e-06	0.00621783469245795	0.00459820451061966
NV.AGR.TOTL.KD.ZG_isNA_rank	1.87649324375798e-06	7.95710351164946e-05	0.000328443179329976
SP.POP.5559.MA.5Y_rank	1.86966423764283e-06	0.00145743334642405	0.000985329537989928
EN.GHG.N2O.IP.MT.CE.AR5_tend2	1.86778602003305e-06	0.000735647053689914	0.000766367418436611
SP.POP.6569.FE.5Y_delta1	1.81372310850715e-06	0.00214379769449343	0.00197065907597986
DC.DAC.DEUL.CD_isNA_rank	1.81003091302131e-06	0.000995407981231503	0.00120429165754325
NV.AGR.TOTL.KD_delta1	1.8015516210547e-06	0.000528762362387028	0.000547405298883293
BX.KLT.DINV.CD.WD_tend2	1.79723362842938e-06	0.00204574564476923	0.0018611780162032
trade_balance_ratio_delta1	1.78438066514382e-06	0.000434303843280996	0.000875848478213269
TX.VAL.TRVL.ZS.WT	1.78232345359233e-06	0.000251033781754618	0.000766367418436611
IT.MLT.MAIN.P2_max2	1.76085161737066e-06	0.00496471922975238	0.00262754543463981
NY.GDP.MKTP.KD.ZG_isNA_rank	1.73905952004351e-06	0.000637595003965718	0.000985329537989928
NY.GSR.NFCY.CD_delta1	1.71265370665118e-06	0.00429580917325695	0.00306546967374644
BX.KLT.DINV.CD.WD_lag1	1.70968471969109e-06	0.000292102703105067	0.000218962119553317
NE.EXP.GNFS.KD.ZG	1.66098015232689e-06	0.000193023930347109	0.000328443179329976
DC.DAC.DEUL.CD_rank	1.66063122383983e-06	0.00139839677198278	0.000875848478213269
BM.GSR.GNFS.CD_lag1	1.65609610022587e-06	3.85021137660458e-05	0.000109481059776659
SE.PRM.TCHR_delta1	1.65269384710968e-06	0.000314177248330933	0.000985329537989928
NE.CON.PRVT.ZS_isNA_rank	1.65048443174064e-06	0.000199697630066557	0.000437924239106635
EN.GHG.CO2.PC.CE.AR5_tend2	1.64128822225385e-06	0.000870147771112634	0.00109481059776659
TX.VAL.MRCH.WL.CD_delta1	1.6389794140288e-06	0.000752587983746974	0.00120429165754325
DC.DAC.CANL.CD_rank	1.60860543062226e-06	0.000460485280641907	0.000328443179329976
SP.RUR.TOTL.ZG_rank	1.60470152051325e-06	0.000115506341298137	0.000218962119553317
SP.POP.2529.MA.5Y_delta1	1.59937855607455e-06	0.0023722435695053	0.00251806437486315
NY.GDP.FCST.CN_lag1	1.59779343361617e-06	0.000111912810679973	0.000218962119553317
year_cycle	1.58796449522549e-06	0.000129880463770794	0.000218962119553317
SP.DYN.TO65.MA.ZS_delta1	1.57219772307036e-06	0.000261301012092231	0.000328443179329976
NV.SRV.TOTL.KD.ZG_rank	1.5717065267985e-06	0.000195590737931512	0.000547405298883293
BM.GSR.NFSV.CD_tend2	1.57015439133358e-06	0.00024384672051829	0.000328443179329976
SP.DYN.CDRT.IN	1.55947250650296e-06	0.000756694875882019	0.000766367418436611
NV.IND.MANF.ZS_lag1	1.55489434171085e-06	0.000423009889909623	0.000328443179329976
AG.PRD.CROP.XD	1.55074209973668e-06	0.00276599185295273	0.00175169695642654
AG.LND.AGRI.K2_ratioavg2	1.53755503484905e-06	0.00571422704439807	0.00339391285307642
SP.POP.1519.MA.5Y_lag1	1.53601113571845e-06	0.00116943753545403	0.000875848478213269
SP.POP.1564.TO.ZS_delta1	1.51406418325174e-06	0.000332144901421755	0.000328443179329976
NE.CON.GOVT.CD_isNA_rank	1.47106922293082e-06	0.000629894581212509	0.000656886358659952
IT.MLT.MAIN.P2_tend2	1.4679096207859e-06	0.00730616110824484	0.004488723450843
AG.LND.CROP.ZS_tend2	1.45916747741788e-06	0.000200210991583438	0.000437924239106635
DC.DAC.USAL.CD_rank	1.45013294657651e-06	0.000676097117731763	0.000437924239106635
BM.KLT.DINV.WD.GD.ZS_tend2	1.44548863932329e-06	0.000455865026989982	0.000547405298883293
SP.DYN.IMRT.FE.IN	1.42395641304207e-06	0.00022690579046123	0.000218962119553317
NV.IND.TOTL.ZS_isNA_rank	1.42026165828919e-06	0.000194564014897751	0.000547405298883293
BX.PEF.TOTL.CD.WD_rank	1.37576859029753e-06	0.000158628708716109	0.000437924239106635
NY.GDP.DEFL.ZS_delta1	1.34377135156674e-06	0.000324444478668546	0.000547405298883293
NY.GNP.MKTP.CN_isNA_rank	1.33844614791065e-06	0.000794170266614304	0.00120429165754325
BM.GSR.MRCH.CD_ratiomax2	1.33642601657939e-06	0.000149388201412258	0.000109481059776659
IS.AIR.GOOD.MT.K1_lag1	1.33497844404858e-06	0.000701251832058913	0.000437924239106635
EN.GHG.N2O.TR.MT.CE.AR5_ratioavg2	1.30517072079549e-06	8.62447348359425e-05	0.000218962119553317
SP.DYN.TO65.MA.ZS_rank	1.28070351474139e-06	0.000216638560123617	0.000328443179329976
NE.CON.PRVT.KD.ZG_max2	1.27860094848672e-06	0.000228959236528752	0.000547405298883293
SP.POP.65UP.MA.ZS	1.27635806712929e-06	0.000405555598335682	0.000218962119553317
NV.AGR.TOTL.CN	1.27138535341344e-06	0.00139942349501654	0.000875848478213269
SH.STA.MMRT	1.26551301048685e-06	0.000351139277546337	0.000437924239106635
FD.AST.PRVT.GD.ZS_rank	1.26178552773794e-06	7.49507814645691e-05	0.000218962119553317
EN.GHG.N2O.TR.MT.CE.AR5_tend2	1.24856805877687e-06	0.000655562657056539	0.000656886358659952
EN.GHG.CH4.FE.MT.CE.AR5_tend2	1.24682929170381e-06	0.000259247566024708	0.000766367418436611
NE.RSB.GNFS.ZS	1.23352827519948e-06	0.000485639994969057	0.000766367418436611
covid_year_rank	1.23292023994404e-06	0.000317770778949098	0.000985329537989928
DC.DAC.CECL.CD_rank	1.22921536851508e-06	0.000343438854793128	0.000547405298883293
TM.VAL.FUEL.ZS.UN_lag1	1.22819119337614e-06	0.00084961331043741	0.000875848478213269
DC.DAC.GBRL.CD	1.22001282644308e-06	0.000283888918834977	0.000766367418436611
DC.DAC.FRAL.CD_rank	1.21487899096846e-06	0.0033147753144981	0.00197065907597986
IT.MLT.MAIN.P2_lag1	1.19134232866565e-06	0.00160374137873503	0.00109481059776659
BX.TRF.CURR.CD_tend2	1.18974335085056e-06	0.001715654189415	0.0018611780162032
NE.IMP.GNFS.KD.ZG	1.16196654774998e-06	0.00026951479636232	0.000656886358659952
SE.PRM.ENRR.MA	1.16056687391499e-06	0.000624760966043702	0.000766367418436611
NE.CON.PRVT.CD_lag1	1.15060422603304e-06	0.00038707458372798	0.000218962119553317
SP.RUR.TOTL.ZS	1.14822754623952e-06	0.00051336151688061	0.000547405298883293
AG.PRD.CROP.XD_ratioavg2	1.14393456451234e-06	0.000158115347199228	0.000328443179329976
EN.URB.LCTY_ratioavg2	1.13456394263153e-06	0.000366026761535875	0.000547405298883293
NV.AGR.TOTL.ZS_isNA_rank	1.12698083390482e-06	0.000402475429234398	0.000656886358659952
BX.GSR.FCTY.CD_lag1	1.11529841181056e-06	0.000188403676695184	0.000437924239106635
TM.VAL.MRCH.CD.WT_lag1	1.11260977111124e-06	0.000459458557608146	0.000328443179329976
SP.POP.80UP.MA.5Y_delta1	1.10642612725775e-06	0.000266434627261037	0.000218962119553317
SP.POP.6064.FE.5Y	1.10589983529283e-06	0.000562644222501149	0.000437924239106635
EN.GHG.CO2.TR.MT.CE.AR5_tend2	1.10427512679826e-06	0.000690471240204421	0.00109481059776659
AG.PRD.LVSK.XD_ratioavg2	1.10173614956512e-06	0.000224852344393707	0.000547405298883293
NV.AGR.TOTL.KD_isNA_rank	1.10160867467214e-06	0.000776202613523483	0.0013137727173199
NV.SRV.TOTL.KD.ZG	1.10106345862647e-06	0.000372700461255323	0.000875848478213269
BM.TRF.PWKR.CD.DT_tend2	1.09278859166475e-06	0.0010246695876937	0.00153273483687322
DC.DAC.JPNL.CD	1.08942233495843e-06	0.000204831245235363	0.000547405298883293
NV.IND.MANF.ZS_delta1	1.08876417416966e-06	0.000520548578116939	0.000985329537989928
BX.TRF.CURR.CD_lag1	1.08741809755064e-06	4.00421983166876e-05	0.000109481059776659
TM.VAL.TRAN.ZS.WT_rank	1.08316914253114e-06	0.000190457122762706	0.000109481059776659
DC.DAC.JPNL.CD_rank	1.04443089187995e-06	0.000144767947760332	0.000218962119553317
AG.YLD.CREL.KG_tend2	1.04427749853026e-06	0.000440977543000444	0.000766367418436611
EN.GHG.CH4.BU.MT.CE.AR5_lag1	1.02744014806753e-06	4.46624519686131e-05	0.000218962119553317
BX.TRF.PWKR.DT.GD.ZS_lag1	1.01376382233273e-06	0.000552890353680417	0.000547405298883293
TM.VAL.TRAN.ZS.WT_delta1	1.0019751726046e-06	0.000452784857888698	0.00109481059776659
FD.AST.PRVT.GD.ZS_tend2	9.942512347889e-07	0.00127416328489767	0.000985329537989928
DT.ODA.ODAT.PC.ZS_isNA_rank	9.85518384686925e-07	0.00109705356157386	0.000985329537989928
SP.POP.DPND.YG_delta1	9.8455209944182e-07	0.0021710058548881	0.00153273483687322
DC.DAC.DEUL.CD_ratiomax2	9.80442697159261e-07	0.000631948027280031	0.000875848478213269
FM.LBL.BMNY.GD.ZS_ratioavg2	9.72394757179798e-07	0.00043738401238228	0.000985329537989928
SP.POP.80UP.FE.5Y_lag1	9.66641772767416e-07	0.000394261644964309	0.000218962119553317
SP.DYN.TFRT.IN_delta1	9.52847092199751e-07	0.00327678656224893	0.00240858331508649
AG.LND.ARBL.HA.PC_ratioavg2	9.44730543088231e-07	0.000374753907322845	0.000656886358659952
NV.SRV.TOTL.ZS_delta1	9.43782100025285e-07	0.00043789737389916	0.000985329537989928
DT.ODA.ALLD.KD	9.43533470541239e-07	0.000598579528682791	0.000437924239106635
FirstYear_rank	9.42551018480561e-07	0.000213558391022334	0.000437924239106635
DC.DAC.JPNL.CD_ratiomax2	9.40407952822453e-07	0.00139120971074645	0.00120429165754325
crisis_2008_rank	9.35489758928601e-07	0.000687391071103137	0.000985329537989928
BX.GSR.FCTY.CD_min2	9.23810763689244e-07	0.00011755978736566	0.000328443179329976
NE.EXP.GNFS.KD.ZG_isNA_rank	9.1759757144603e-07	0.00158731381019485	0.0018611780162032
TX.VAL.AGRI.ZS.UN_lag1	9.12830359877215e-07	0.000338305239624322	0.000328443179329976
NV.AGR.TOTL.ZS_delta1	9.0092237766999e-07	0.000334711709006158	0.000656886358659952
DC.DAC.JPNL.CD_ratioavg2	8.95659471929089e-07	0.000919943838250053	0.00153273483687322
BM.GSR.TRVL.ZS_min2	8.93897738467052e-07	0.00019353729186399	0.000328443179329976
BX.GSR.GNFS.CD_max2	8.87158765630303e-07	0.000399395260133115	0.000218962119553317
FI.RES.TOTL.MO_max2	8.81834309105672e-07	0.000756694875882019	0.000656886358659952
BM.GSR.TRAN.ZS_min2	8.76795726298075e-07	0.000137580886524004	0.000328443179329976
SP.POP.2529.FE.5Y_delta1	8.64929019501766e-07	0.00122231377169273	0.00142325377709656
SM.POP.RHCR.EO_delta1	8.62828070025213e-07	0.000905569715777396	0.000985329537989928
SP.POP.1519.FE.5Y_lag1	8.62781544630136e-07	0.000208938137370408	0.000328443179329976
NE.GDI.TOTL.ZS_rank	8.562661019785e-07	7.49507814645691e-05	0.000109481059776659
NE.CON.PRVT.KD_tend2	8.53541864635238e-07	0.000196104099448393	0.000328443179329976
SP.POP.1564.MA.ZS_rank	8.38146985485329e-07	8.77848193865843e-05	0.000218962119553317
AG.PRD.CREL.MT_tend2	8.35652087433267e-07	0.000501554201992356	0.000875848478213269
NY.GNP.PCAP.CD_isNA_rank	8.22756603868077e-07	4.56891750023743e-05	0.000218962119553317
BX.TRF.PWKR.CD.DT_rank	8.18202940308879e-07	2.82348834284336e-05	0.000109481059776659
NY.GDP.DEFL.KD.ZG_lag1	8.13876963186513e-07	0.000662749718292868	0.000766367418436611
NE.TRD.GNFS.ZS_lag1	8.09917824288714e-07	0.00870199107264322	0.0050361287497263
FP.CPI.TOTL.ZG_avg2	8.04290981907207e-07	0.000647348872786449	0.000875848478213269
DT.ODA.ODAT.PC.ZS_max2	7.90302769008874e-07	0.00026951479636232	0.000218962119553317
NY.GNP.PCAP.CN_delta1	7.72457079711894e-07	0.000257707481474066	0.000328443179329976
BX.KLT.DINV.CD.WD_avg2	7.68880625283903e-07	0.00020175107613408	0.000109481059776659
DC.DAC.CECL.CD_isNA_rank	7.62515956993238e-07	0.000613467012672329	0.000985329537989928
DC.DAC.TOTL.CD_min2	7.51230832665494e-07	5.03094286542998e-05	0.000109481059776659
TX.VAL.FUEL.ZS.UN_delta1	7.51209205775008e-07	0.000251547143271499	0.000328443179329976
NY.ADJ.DNGY.GN.ZS_delta1	7.51067806153681e-07	5.18495132049416e-05	0.000109481059776659
BX.TRF.PWKR.DT.GD.ZS_min2	7.45393056538007e-07	0.000700738470542033	0.000766367418436611
NE.CON.TOTL.KD.ZG_max2	7.45110110837436e-07	0.000253600589339021	0.000547405298883293
EG.ELC.NUCL.ZS_tend2	7.26733732908981e-07	0.0104833555362189	0.00624042040726954
AG.CON.FERT.ZS	7.20925985128688e-07	0.00138710281861141	0.000875848478213269
FI.RES.XGLD.CD_ratioavg2	7.20649029496156e-07	0.00010934600309557	0.000218962119553317
EG.ELC.PETR.ZS_ratioavg2	7.20572691165583e-07	0.000534409339072715	0.000875848478213269
EG.ELC.HYRO.ZS_ratioavg2	7.14612878743567e-07	0.000192510568830229	0.000328443179329976
ER.FSH.PROD.MT_ratioavg2	6.97548481617599e-07	0.000397341814065592	0.000656886358659952
AG.PRD.LVSK.XD_tend2	6.97093173225397e-07	0.000601146336267194	0.000875848478213269
NV.AGR.TOTL.CN_delta1	6.83650861792002e-07	0.000599092890199672	0.000656886358659952
SE.SEC.ENRL.GC.FE.ZS	6.80788945633008e-07	0.000256680758440305	0.000656886358659952
SP.POP.5054.MA.5Y_delta1	6.68656371076999e-07	0.002493910249006	0.00208014013575651
AG.YLD.CREL.KG_max2	6.68056371732455e-07	0.000851153394988052	0.00109481059776659
SE.TER.ENRR	6.67102092634067e-07	0.000937398129823994	0.000656886358659952
TM.VAL.MRCH.CD.WT	6.55205709107673e-07	2.05344606752244e-05	0.000109481059776659
FS.AST.PRVT.GD.ZS_tend2	6.49253384452936e-07	0.00113247550623863	0.0013137727173199
FI.RES.TOTL.MO	6.42567705213476e-07	0.000920970561283814	0.000766367418436611
NY.ADJ.AEDU.GN.ZS_isNA_rank	6.39229411247641e-07	0.000687904432620018	0.000766367418436611
DT.NFL.UNDP.CD_rank	6.35066023672601e-07	0.00151287639024716	0.00109481059776659
FS.AST.CGOV.GD.ZS_ratioavg2	6.28973875869964e-07	0.0106655988747116	0.00755419312458945
SE.SEC.ENRL_isNA_rank	6.27396778360625e-07	0.00734877011414593	0.00547405298883293
NY.GDP.MKTP.CN_delta1	6.24544254390876e-07	0.000290562618554425	0.000218962119553317
SE.PRM.ENRL.FE.ZS_isNA_rank	6.24494250575979e-07	0.000131420548321436	0.000328443179329976
IS.AIR.DPRT_ratioavg2	6.23274642043767e-07	0.000217665283157379	0.000547405298883293
NY.GDP.FCST.CN_isNA_rank	6.21634182836198e-07	0.0002859423649025	0.000328443179329976
SP.POP.2529.FE.5Y_rank	6.20565654022733e-07	6.72503587113599e-05	0.000218962119553317
TM.VAL.TRAN.ZS.WT_isNA_rank	6.00221683727822e-07	0.00040350215226816	0.000985329537989928
BM.GSR.CMCP.ZS_isNA_rank	5.98576519279855e-07	0.000220232090741782	0.000547405298883293
TM.VAL.MRCH.R6.ZS_delta1	5.91884886223487e-07	0.000204317883718483	0.000656886358659952
BX.GSR.NFSV.CD	5.89405640233569e-07	0.00048820680255346	0.000328443179329976
BM.KLT.DINV.CD.WD_tend2	5.79467570021986e-07	0.00156780607255338	0.0013137727173199
SP.URB.TOTL_delta1	5.74940861980344e-07	0.000236659659281961	0.000328443179329976
FM.AST.NFRG.CN_max2	5.62498624443632e-07	0.000374753907322845	0.000328443179329976
EG.ELC.COAL.ZS_ratioavg2	5.55911131143186e-07	0.000248980335687096	0.000218962119553317
BX.KLT.DINV.WD.GD.ZS_lag1	5.55242454012295e-07	0.000240766551417006	0.000437924239106635
EN.GHG.CO2.MT.CE.AR5_lag1	5.44793073005032e-07	4.72292595530161e-05	0.000109481059776659
MS.MIL.XPND.GD.ZS	5.43885583139932e-07	0.000214071752539214	0.000656886358659952
FI.RES.XGLD.CD	5.33250562657053e-07	2.20745452258662e-05	0.000109481059776659
TX.VAL.MRCH.R3.ZS_delta1	5.31864723915392e-07	0.000197130822482154	0.000656886358659952
NY.GSR.NFCY.CN_lag1	5.27894694273804e-07	0.00559050691882984	0.0031749507335231
NY.GNP.PCAP.CD_delta1	5.21996332855238e-07	0.00300316487375157	0.0018611780162032
BM.GSR.CMCP.ZS_lag1	5.15612344370491e-07	0.000291075980071306	0.000656886358659952
SP.POP.2024.FE.5Y	5.07951937580279e-07	0.000142201140175929	0.000218962119553317
DC.DAC.GBRL.CD_ratioavg2	5.07908946335429e-07	0.000272594965463604	0.000766367418436611
NV.SRV.TOTL.KD.ZG_delta1	5.04965920544673e-07	0.000102672303376122	0.000328443179329976
NY.GDP.COAL.RT.ZS_delta1	5.04607892282681e-07	0.000648888957337091	0.000766367418436611
TX.VAL.MRCH.HI.ZS	5.03301734296935e-07	0.000549296823062253	0.000656886358659952
AG.LND.CREL.HA_lag1	5.02463107975082e-07	4.51758134854937e-05	0.000109481059776659
TM.VAL.MMTL.ZS.UN_lag1	5.02352182841471e-07	0.000137580886524004	0.000328443179329976
ER.FSH.PROD.MT_tend2	4.95397206996677e-07	0.000773122444422199	0.000985329537989928
TX.VAL.MMTL.ZS.UN_delta1	4.90432409165855e-07	0.000267974711811678	0.000437924239106635
SP.POP.4044.MA.5Y	4.82164060262768e-07	0.00173875545767463	0.00109481059776659
ER.FSH.CAPT.MT_tend2	4.77362599348355e-07	0.00180857262397039	0.00164221589664988
DC.DAC.JPNL.CD_isNA_rank	4.74952345511274e-07	0.00165251072283868	0.0013137727173199
EN.POP.DNST_rank	4.74366213747326e-07	0.000377834076424129	0.000328443179329976
SP.POP.1014.MA.5Y_lag1	4.73504813711918e-07	0.00031161044074653	0.000328443179329976
EN.GHG.N2O.FE.MT.CE.AR5_tend2	4.72699356095762e-07	0.000516441685981894	0.000547405298883293
NE.RSB.GNFS.CN_lag1	4.7139576325115e-07	0.00382762346986183	0.00229910225530983
BM.GSR.INSF.ZS_lag1	4.6982080337752e-07	0.000523628747218222	0.000656886358659952
TM.VAL.INSF.ZS.WT_lag1	4.63124839959692e-07	0.000729486715487347	0.000656886358659952
EG.USE.ELEC.KH.PC_isNA_rank	4.55720008355318e-07	0.00107959926999992	0.000985329537989928
EN.GHG.CH4.BU.MT.CE.AR5_ratiomax2	4.49550736901078e-07	0.000794683628131184	0.000656886358659952
FM.AST.DOMS.CN_isNA_rank	4.27028307221587e-07	0.000199697630066557	0.000328443179329976
DT.ODA.ALLD.KD_lag1	4.21432778009573e-07	0.000170436023604363	0.000109481059776659
NE.EXP.GNFS.CN_isNA_rank	4.167990118869e-07	0.000195590737931512	0.000218962119553317
SE.PRM.TCHR_rank	4.11849268887261e-07	7.13572508464048e-05	0.000109481059776659
NE.IMP.GNFS.CN_rank	4.0583601120969e-07	9.49718806229129e-05	0.000109481059776659
FM.AST.NFRG.CN_ratioavg2	3.96681686351477e-07	0.000584718767727015	0.00109481059776659
NY.GDP.MKTP.KD.ZG_rank	3.95495573819342e-07	0.00211710289561564	0.00153273483687322
TX.VAL.TRVL.ZS.WT_delta1	3.94792510724031e-07	9.59986036566741e-05	0.000218962119553317
TM.VAL.MMTL.ZS.UN_delta1	3.8898933484991e-07	0.00198876251639548	0.00175169695642654
EN.GHG.N2O.PI.MT.CE.AR5_tend2	3.8453867158531e-07	0.000466132257327594	0.000437924239106635
DT.ODA.ODAT.GN.ZS_ratioavg2	3.8148119514073e-07	0.000414796105639533	0.000656886358659952
EN.GHG.CH4.TR.MT.CE.AR5_delta1	3.79679996824934e-07	3.2855137080359e-05	0.000109481059776659
NY.GDS.TOTL.CD_delta1	3.77579045549219e-07	0.000836265910998514	0.0013137727173199
EN.URB.MCTY.TL.ZS_isNA_rank	3.76198269617917e-07	0.000491286971654744	0.000656886358659952
AG.PRD.CROP.XD_min2	3.73362092467149e-07	0.000149901562929138	0.000109481059776659
TX.VAL.FUEL.ZS.UN	3.71438207605991e-07	0.000176083000290049	0.000218962119553317
BM.GSR.INSF.ZS_max2	3.65731135064252e-07	0.000453298219405579	0.000547405298883293
BX.GSR.TOTL.CD_max2	3.61497495393507e-07	0.000161708877817392	0.000109481059776659
NY.GDP.PCAP.KN_delta1	3.53893220695951e-07	0.000990787727579577	0.000766367418436611
SP.POP.6569.MA.5Y_rank	3.53171186069266e-07	0.000173002831188766	0.000109481059776659
NY.GDP.MKTP.KD_isNA_rank	3.49097697555066e-07	0.000120639956466943	0.000437924239106635
AG.CON.FERT.ZS_lag1	3.44571865167243e-07	0.00131266539866372	0.00120429165754325
EN.URB.MCTY.TL.ZS	3.42791484472426e-07	0.00035319272361386	0.000437924239106635
SP.POP.7074.MA.5Y_delta1	3.39479006819591e-07	0.00130599169894427	0.00120429165754325
AG.YLD.CREL.KG_avg2	3.35870289235268e-07	0.00139634332591526	0.00109481059776659
FD.AST.PRVT.GD.ZS	3.35161909448856e-07	0.00124233487085108	0.000875848478213269
SM.POP.RHCR.EO_rank	3.32531386322338e-07	0.000241279912933887	0.000328443179329976
SP.POP.7074.FE.5Y	3.30658766376407e-07	0.000495393863789789	0.000328443179329976
BM.KLT.DINV.CD.WD_lag1	3.2575107199074e-07	0.000732566884588631	0.000656886358659952
NE.CON.PRVT.ZS	3.22260497608359e-07	0.0023193673332666	0.00153273483687322
BM.GSR.TRAN.ZS	3.20984484897972e-07	0.000143741224726571	0.000218962119553317
NV.AGR.TOTL.KD.ZG_lag1	3.18314603375745e-07	0.000258220842990947	0.000656886358659952
TM.VAL.INSF.ZS.WT_isNA_rank	3.17576728217257e-07	0.000324957840185426	0.000656886358659952
SP.POP.7074.FE.5Y_rank	3.15074223375103e-07	0.000183270061526378	0.000109481059776659
NE.EXP.GNFS.KD.ZG_delta1	3.14703903518215e-07	0.000381427607042293	0.000547405298883293
NE.RSB.GNFS.CN	3.13134705888801e-07	0.00423728596033256	0.0031749507335231
NY.GDP.PCAP.CD_rank	3.10998429341987e-07	0.00053030244693767	0.000328443179329976
IT.MLT.MAIN_min2	3.09809021158711e-07	4.36357289348519e-05	0.000109481059776659
SE.PRM.ENRR.FE_lag1	3.07598973004012e-07	0.000306476825577724	0.000766367418436611
NV.IND.TOTL.KD_isNA_rank	3.04192942292701e-07	0.00048769344103658	0.000656886358659952
NE.CON.PRVT.KD.ZG_isNA_rank	3.03822402390707e-07	0.000280808749733694	0.000656886358659952
SP.POP.1564.MA.ZS	3.03381863012599e-07	0.000115506341298137	0.000218962119553317
IT.CEL.SETS_ratioavg2	3.02773341671063e-07	0.000865014155943828	0.000766367418436611
TX.VAL.MRCH.R2.ZS_delta1	2.94915348709625e-07	0.000374240545805965	0.000766367418436611
NE.CON.TOTL.KD_tend2	2.92382711932076e-07	0.000131420548321436	0.000109481059776659
DC.DAC.CANL.CD	2.92306486245147e-07	0.000373213822772204	0.000547405298883293
EN.GHG.N2O.FE.MT.CE.AR5_ratioavg2	2.86076011965884e-07	0.000608333397503523	0.000656886358659952
BX.GSR.MRCH.CD_max2	2.68296288492628e-07	2.05344606752244e-05	0.000109481059776659
PA.NUS.ATLS_delta1	2.66151140176713e-07	0.0122036299792859	0.00875848478213269
BM.TRF.PWKR.CD.DT_ratioavg2	2.65688124358835e-07	0.000117046425848779	0.000218962119553317
BX.GSR.NFSV.CD_isNA_rank	2.64687188529224e-07	0.00015144164747978	0.000547405298883293
FP.CPI.TOTL.ZG_max2	2.63842863898149e-07	0.000354219446647621	0.000656886358659952
DT.ODA.ALLD.CD	2.63299383731287e-07	0.000175569638773169	0.000218962119553317
NY.GDP.PCAP.KD_rank	2.51549110075614e-07	0.000805977581502558	0.000547405298883293
BM.GSR.FCTY.CD	2.49087651460613e-07	0.000217151921640498	0.000218962119553317
EG.ELC.NGAS.ZS_max2	2.48898663560074e-07	0.000826512042177782	0.000547405298883293
BM.GSR.FCTY.CD_isNA_rank	2.48341865099006e-07	8.93249039372262e-05	0.000218962119553317
AG.LND.ARBL.HA.PC_lag1	2.48177533720903e-07	0.000531329169971431	0.000328443179329976
BX.GSR.CMCP.ZS_isNA_rank	2.4639770501589e-07	0.00087528138628144	0.000766367418436611
NV.SRV.TOTL.CD_isNA_rank	2.44560424017893e-07	0.00152006345148349	0.00197065907597986
SP.POP.80UP.FE.5Y	2.44386954273437e-07	0.000859367179258141	0.000547405298883293
MS.MIL.MPRT.KD_ratioavg2	2.43993863172781e-07	0.0060099232781213	0.00437924239106635
BX.GRT.EXTA.CD.WD_min2	2.41290914638665e-07	0.0001006188573086	0.000328443179329976
TX.VAL.MRCH.WR.ZS_lag1	2.39755517237232e-07	0.000663263079809748	0.000547405298883293
SP.POP.1564.FE.ZS_lag1	2.3836955592294e-07	0.000836265910998514	0.000547405298883293
NY.GDP.PCAP.CD_lag1	2.38356032907876e-07	0.000886575339652814	0.000766367418436611
SP.POP.1014.MA.5Y	2.3661380568385e-07	0.000205857968269125	0.000218962119553317
EN.GHG.N2O.MT.CE.AR5_ratiomax2	2.3646530970885e-07	0.00108370616213497	0.000766367418436611
BM.GSR.TRAN.ZS_tend2	2.36091664735597e-07	0.000132960632872078	0.000437924239106635
TM.VAL.TRVL.ZS.WT	2.32773330948374e-07	0.000414796105639533	0.000437924239106635
FM.AST.DOMS.CN_ratioavg2	2.32489656566328e-07	0.00058061187559197	0.000875848478213269
NE.IMP.GNFS.ZS_lag1	2.30929272992214e-07	0.00498166015980944	0.00295598861396978
NV.AGR.TOTL.KD.ZG_rank	2.13542889633764e-07	0.000256680758440305	0.000437924239106635
FP.CPI.TOTL.ZG	2.11286597751835e-07	0.000764395298635228	0.00109481059776659
SP.POP.1564.FE.ZS_delta1	2.11132957156453e-07	0.000573938175872522	0.000437924239106635
BX.GSR.TRAN.ZS_lag1	2.10972424629211e-07	0.000309043633162127	0.000437924239106635
NY.ADJ.NNTY.PC.CD_delta1	2.09632769533543e-07	0.000919430476733173	0.000766367418436611
EN.GHG.N2O.IC.MT.CE.AR5_tend2	2.09416216118136e-07	0.000241279912933887	0.000218962119553317
EN.GHG.CH4.WA.MT.CE.AR5_tend2	2.08083575637321e-07	0.000207398052819766	0.000328443179329976
SP.POP.2024.FE.5Y_lag1	2.07932236988341e-07	0.000443544350584847	0.000437924239106635
EN.GHG.N2O.WA.MT.CE.AR5_tend2	2.06911011608894e-07	0.000305963464060844	0.000328443179329976
AG.LND.ARBL.HA_tend2	2.06401818520634e-07	0.000913270138530605	0.000766367418436611
BM.GSR.FCTY.CD_ratioavg2	2.06321506231534e-07	0.00024436008203517	0.000875848478213269
TM.VAL.SERV.CD.WT_delta1	2.0427513136776e-07	0.000219205367708021	0.000218962119553317
SH.DYN.MORT.FE_delta1	2.0424331821995e-07	0.000725379823352302	0.000656886358659952
AG.YLD.CREL.KG_lag1	2.02610558672246e-07	0.000749507814645691	0.000875848478213269
DT.ODA.ALLD.CD_avg2	2.02365771523552e-07	5.74964898906283e-05	0.000109481059776659
BM.GSR.INSF.ZS_isNA_rank	1.99470916460293e-07	0.000783903036276692	0.000875848478213269
NV.SRV.TOTL.KD.ZG_isNA_rank	1.99101781371301e-07	9.13783500047486e-05	0.000218962119553317
FI.RES.TOTL.MO_ratioavg2	1.97813103318731e-07	0.000496933948340431	0.000985329537989928
BX.TRF.PWKR.DT.GD.ZS_tend2	1.96685965044588e-07	0.000153495093547302	0.000437924239106635
FM.LBL.BMNY.GD.ZS_tend2	1.9648197158222e-07	0.000919943838250053	0.00109481059776659
AG.PRD.FOOD.XD_lag1	1.94322872507292e-07	0.000316744055915336	0.000547405298883293
TM.VAL.MRCH.R2.ZS_delta1	1.92729776950262e-07	0.000300316487375157	0.000656886358659952
MS.MIL.XPND.GD.ZS_isNA_rank	1.9136531560522e-07	0.000122693402534466	0.000437924239106635
TM.VAL.TRVL.ZS.WT_lag1	1.90837201546351e-07	0.000136554163490242	0.000109481059776659
TM.VAL.MRCH.R2.ZS_lag1	1.89206286661559e-07	9.85654112410771e-05	0.000218962119553317
TM.VAL.MRCH.R4.ZS_delta1	1.88624817783166e-07	0.000220745452258662	0.000547405298883293
BX.GRT.EXTA.CD.WD_isNA_rank	1.88023417655155e-07	0.00108216607758433	0.000875848478213269
EN.GHG.CH4.PI.MT.CE.AR5_delta1	1.87828078050144e-07	0.000450218050304295	0.000437924239106635
NE.CON.PRVT.PC.KD_max2	1.86087188067532e-07	0.000360379784850188	0.000218962119553317
AG.LND.AGRI.K2_tend2	1.84903660601702e-07	0.000273108326980485	0.000437924239106635
SE.TER.ENRR_delta1	1.82030667265167e-07	0.00280808749733694	0.00164221589664988
FS.AST.CGOV.GD.ZS_tend2	1.8111836380945e-07	0.000551863630646656	0.000656886358659952
BM.KLT.DINV.WD.GD.ZS	1.80451214244865e-07	0.00100054159640031	0.000656886358659952
ER.FSH.AQUA.MT_ratioavg2	1.7666492108006e-07	0.000142201140175929	0.000437924239106635
NV.AGR.TOTL.CN_isNA_rank	1.74289615858673e-07	0.000132960632872078	0.000328443179329976
DC.DAC.FRAL.CD_isNA_rank	1.73205958211199e-07	0.000213045029505453	0.000437924239106635
BM.GSR.CMCP.ZS_ratioavg2	1.7047506612106e-07	0.000610386843571045	0.000985329537989928
NY.GDP.MINR.RT.ZS	1.69733360342241e-07	0.000105239110960525	0.000328443179329976
NV.IND.TOTL.CD_delta1	1.67157959726249e-07	0.000894789123922903	0.000656886358659952
NE.RSB.GNFS.ZS_lag1	1.66631135143559e-07	0.000259760927541589	0.000547405298883293
DC.DAC.FRAL.CD_ratiomax2	1.61988522975839e-07	0.000195590737931512	0.000328443179329976
NY.ADJ.NNTY.PC.CD_isNA_rank	1.6019179005966e-07	0.000560077414916746	0.000766367418436611
IS.AIR.PSGR_ratioavg2	1.58347149408236e-07	0.000241793274450767	0.000437924239106635
NE.CON.GOVT.ZS_isNA_rank	1.57606630775429e-07	0.000197644183999035	0.000437924239106635
SH.MMR.RISK	1.53929847081971e-07	0.000331118178387993	0.000328443179329976
EG.USE.PCAP.KG.OE_ratioavg2	1.5183912223522e-07	0.000727946630936705	0.0013137727173199
NY.ADJ.DRES.GN.ZS_isNA_rank	1.51710764055224e-07	0.00026900143484544	0.000547405298883293
SE.SEC.ENRR.MA_lag1	1.51521918732144e-07	0.000190457122762706	0.000328443179329976
DC.DAC.TOTL.CD_rank	1.50540205151987e-07	0.00247080898074638	0.00153273483687322
BM.GSR.INSF.ZS_avg2	1.49509617363141e-07	0.00037834743794101	0.000437924239106635
BX.GRT.TECH.CD.WD_tend2	1.47087037547725e-07	0.000136554163490242	0.000218962119553317
BX.GRT.TECH.CD.WD_ratioavg2	1.46036206004232e-07	0.000916350307631889	0.0013137727173199
BM.GSR.TRVL.ZS_isNA_rank	1.45945717537429e-07	0.000640675173067001	0.000547405298883293
EG.ELC.FOSL.ZS_ratioavg2	1.45468748277594e-07	0.000179163169391333	0.000218962119553317
NV.IND.TOTL.ZS	1.44625948523205e-07	0.00031982422501662	0.000328443179329976
NE.IMP.GNFS.KD.ZG_lag1	1.43023572616891e-07	0.00014271450169281	0.000437924239106635
DC.DAC.GBRL.CD_isNA_rank	1.42514296704884e-07	0.00102672303376122	0.00120429165754325
DC.DAC.TOTL.CD_isNA_rank	1.42312442983996e-07	0.000298776402824515	0.000218962119553317
NE.CON.PRVT.ZS_max2	1.40332949494171e-07	0.001922025519201	0.00120429165754325
EN.GHG.ALL.PC.CE.AR5_ratioavg2	1.37038739787832e-07	0.000241279912933887	0.000437924239106635
NY.GSR.NFCY.CD_isNA_rank	1.36477808994597e-07	0.000539029592724641	0.0013137727173199
TM.VAL.MRCH.AL.ZS_lag1	1.36053072155406e-07	0.000522602024184461	0.000547405298883293
BX.KLT.DINV.WD.GD.ZS_max2	1.34304248989461e-07	4.82559825867774e-05	0.000218962119553317
SP.POP.1564.MA.ZS_lag1	1.34157900272993e-07	0.00116533064331899	0.000656886358659952
NY.GDP.PCAP.KD.ZG_lag1	1.33913115098349e-07	0.000243333359001409	0.000547405298883293
TX.VAL.OTHR.ZS.WT_lag1	1.33402602682863e-07	5.74964898906283e-05	0.000218962119553317
TM.VAL.INSF.ZS.WT_delta1	1.30411789564647e-07	0.00028645572641938	0.000437924239106635
EN.GHG.CH4.BU.MT.CE.AR5_tend2	1.29256340359576e-07	0.000659669549191584	0.000875848478213269
NE.CON.PRVT.ZS_min2	1.2857233609482e-07	0.00314947290606254	0.00229910225530983
NV.AGR.TOTL.KD.ZG_delta1	1.26794073453638e-07	0.000539029592724641	0.000985329537989928
SE.PRM.ENRL.FE.ZS_delta1	1.26445283621749e-07	0.000853206841055574	0.00153273483687322
SP.POP.5054.FE.5Y_rank	1.26406568657591e-07	0.00248723654928656	0.00175169695642654
TX.VAL.FOOD.ZS.UN_isNA_rank	1.25946185991658e-07	0.000573424814355641	0.000875848478213269
FS.AST.CGOV.GD.ZS_min2	1.24074082808806e-07	3.43952216310009e-05	0.000109481059776659
NE.EXP.GNFS.ZS_delta1	1.2389099851997e-07	0.000759261683466422	0.00120429165754325
TM.VAL.MRCH.R1.ZS_lag1	1.21540306583728e-07	0.000389128029795502	0.000766367418436611
MS.MIL.XPND.CD_isNA_rank	1.20672883821243e-07	0.000750021176162571	0.000985329537989928
NV.IND.TOTL.KD.ZG_isNA_rank	1.20427533462347e-07	0.000175569638773169	0.000656886358659952
SH.MMR.RISK_lag1	1.20251348373664e-07	0.000558537330366104	0.000547405298883293
BX.GSR.TOTL.CD_tend2	1.19707093969998e-07	0.000132447271355197	0.000109481059776659
NY.GDP.FCST.KD_isNA_rank	1.19629488356617e-07	0.000271054880912962	0.000766367418436611
NV.IND.TOTL.ZS_delta1	1.17168571528309e-07	0.000107292557028048	0.000218962119553317
NV.AGR.TOTL.CD_isNA_rank	1.16318868481931e-07	0.000301343210408918	0.000656886358659952
NY.GDP.PCAP.KD.ZG_rank	1.13734376924834e-07	7.54641429814497e-05	0.000218962119553317
IT.CEL.SETS_tend2	1.1296921120907e-07	0.000466645618844475	0.000656886358659952
YearsSinceFirst_lag1	1.11816306627323e-07	0.000109859364612451	0.000218962119553317
BX.GSR.NFSV.CD_min2	1.11433141237051e-07	3.69620292154039e-05	0.000109481059776659
BX.GSR.TOTL.CD_isNA_rank	1.08807012825293e-07	0.000316744055915336	0.000656886358659952
NE.RSB.GNFS.ZS_rank	1.0643832534403e-07	4.15822828673294e-05	0.000109481059776659
BX.GSR.CMCP.ZS_ratioavg2	1.05293049516568e-07	0.000130393825287675	0.000109481059776659
ER.FSH.CAPT.MT_min2	1.02780694587125e-07	0.000214585114056095	0.000218962119553317
BX.TRF.CURR.CD_ratioavg2	9.987322486349e-08	0.000197644183999035	0.000547405298883293
EN.GHG.CO2.BU.MT.CE.AR5_tend2	9.97364236898669e-08	0.00331015506084617	0.00251806437486315
DC.DAC.JPNL.CD_min2	9.94529856348315e-08	0.00010934600309557	0.000218962119553317
TM.VAL.MRCH.AL.ZS	9.92429307778695e-08	0.00246105511192564	0.00164221589664988
BX.TRF.CURR.CD_isNA_rank	9.84823749589408e-08	0.000225879067427468	0.000328443179329976
FM.AST.NFRG.CN_isNA_rank	9.76802022069642e-08	0.00162119567030897	0.00142325377709656
NE.GDI.TOTL.ZS_isNA_rank	9.65399590348769e-08	0.000897869293024187	0.000656886358659952
DC.DAC.JPNL.CD_lag1	9.46676706687392e-08	0.000605253228402239	0.000875848478213269
SE.PRM.ENRL_rank	9.20090864697322e-08	3.85021137660458e-05	0.000109481059776659
TX.VAL.MRCH.R4.ZS_rank	9.1755782933355e-08	2.15611837089856e-05	0.000109481059776659
SE.PRM.ENRL_isNA_rank	8.99764600727378e-08	0.000630407942729389	0.000766367418436611
BX.TRF.CURR.CD_min2	8.92834386868035e-08	0.000174029554222527	0.000437924239106635
SP.POP.6064.MA.5Y	8.86421889789866e-08	0.000712545785430287	0.000547405298883293
NY.ADJ.DFOR.GN.ZS_isNA_rank	8.84288838326372e-08	0.000325984563219187	0.000328443179329976
FP.CPI.TOTL.ZG_min2	8.81261287190365e-08	0.000181729976975736	0.000437924239106635
BX.GSR.MRCH.CD_rank	8.79210071203191e-08	2.15611837089856e-05	0.000109481059776659
BX.GSR.TRVL.ZS_avg2	8.78769258014274e-08	2.05344606752244e-05	0.000109481059776659
TX.VAL.MRCH.HI.ZS_delta1	8.63637620806275e-08	0.000386047860694219	0.000875848478213269
SP.DYN.CBRT.IN_delta1	8.51051650782771e-08	0.00105187774808837	0.000766367418436611
TM.VAL.FUEL.ZS.UN_rank	8.47713270999184e-08	0.000240766551417006	0.000328443179329976
EN.GHG.CH4.PI.MT.CE.AR5_tend2	8.43919627000985e-08	0.00111142768404652	0.000766367418436611
IT.CEL.SETS.P2_ratioavg2	8.3051596236385e-08	0.000129880463770794	0.000109481059776659
SP.POP.0004.MA.5Y	8.18221348916635e-08	0.000987707558478294	0.000547405298883293
NE.RSB.GNFS.CN_delta1	8.11890367266004e-08	0.000490773610137863	0.000656886358659952
SP.RUR.TOTL.ZS_rank	8.11007742613659e-08	0.0015672927110365	0.000985329537989928
BX.TRF.PWKR.DT.GD.ZS	8.10156308601786e-08	0.00259709591389901	0.00218962119553317
SH.DTH.MORT_rank	8.08423974356125e-08	2.66947988777917e-05	0.000109481059776659
SP.POP.GROW_lag1	8.00007688319165e-08	0.000995921342748384	0.000985329537989928
NY.GDP.DEFL.KD.ZG_isNA_rank	7.81892814640406e-08	8.00843966333752e-05	0.000218962119553317
FP.CPI.TOTL.ZG_rank	7.81542715522421e-08	0.000481533102834012	0.000547405298883293
SP.POP.5559.MA.5Y_delta1	7.6782829676742e-08	0.00325676546309059	0.00229910225530983
BX.GSR.MRCH.CD	7.666769425292e-08	7.80309505658527e-05	0.000218962119553317
TM.VAL.FOOD.ZS.UN_delta1	7.60669235698998e-08	0.000213558391022334	0.000328443179329976
TX.VAL.MRCH.WR.ZS_delta1	7.45180046673148e-08	0.000296209595240112	0.000547405298883293
BX.GSR.CMCP.ZS_max2	7.32568589632663e-08	0.000102672303376122	0.000218962119553317
TM.VAL.MRCH.RS.ZS_delta1	7.26026588433431e-08	0.0007068988087446	0.000766367418436611
DC.DAC.CECL.CD_ratioavg2	7.24763350819887e-08	0.000389641391312383	0.000875848478213269
FP.CPI.TOTL_lag1	7.21427223797898e-08	0.000431737035696593	0.000437924239106635
SP.POP.2024.FE.5Y_delta1	7.0806740516726e-08	0.00144870620063708	0.00142325377709656
NE.IMP.GNFS.CN_lag1	7.07521496342803e-08	0.00052978908542079	0.000547405298883293
EG.ELC.NGAS.ZS	7.03688772982303e-08	2.36146297765081e-05	0.000109481059776659
BM.GSR.GNFS.CD	6.97757553511839e-08	0.000166329131469318	0.000109481059776659
SP.POP.DPND.YG	6.91531267720576e-08	0.000352679362096979	0.000328443179329976
EG.ELC.HYRO.ZS_tend2	6.89346139721378e-08	0.000606793312952881	0.000985329537989928
IT.MLT.MAIN.P2	6.8294131168083e-08	0.000356786254232024	0.000328443179329976
EN.GHG.N2O.IC.MT.CE.AR5_ratioavg2	6.76774103583569e-08	0.000556997245815462	0.000766367418436611
AG.CON.FERT.ZS_tend2	6.68318440105506e-08	0.000751561260713213	0.000985329537989928
BM.KLT.DINV.WD.GD.ZS_rank	6.5758879799372e-08	2.41279912933887e-05	0.000109481059776659
TX.VAL.MRCH.R5.ZS_delta1	6.53349557234355e-08	0.000113452895230615	0.000437924239106635
EG.USE.PCAP.KG.OE_tend2	6.42397329886819e-08	0.00232296086388476	0.00208014013575651
EN.GHG.CO2.FE.MT.CE.AR5_ratioavg2	6.41832678913223e-08	0.000860393902291903	0.000875848478213269
TM.VAL.MRCH.R3.ZS_delta1	6.41573407307265e-08	0.000583692044693254	0.00142325377709656
SM.POP.NETM_lag1	6.413767008946e-08	4.92827056205386e-05	0.000109481059776659
SP.DYN.IMRT.MA.IN	6.39890943176479e-08	0.000227932513494991	0.000218962119553317
TX.VAL.MMTL.ZS.UN	6.37463642922798e-08	0.000324957840185426	0.000437924239106635
AG.CON.FERT.ZS_max2	6.32157974528952e-08	0.000103185664893003	0.000109481059776659
MS.MIL.MPRT.KD_max2	6.31689257572055e-08	0.000481019741317132	0.000547405298883293
SP.DYN.TO65.FE.ZS_lag1	6.31015353532823e-08	0.00039580172951495	0.000218962119553317
IT.CEL.SETS_min2	6.21817602430868e-08	3.38818601141203e-05	0.000109481059776659
IS.AIR.DPRT_lag1	6.17846025337408e-08	0.000584205406210134	0.000437924239106635
NY.GDP.MKTP.CD_isNA_rank	6.17136487221835e-08	0.000522602024184461	0.000766367418436611
TM.VAL.TRVL.ZS.WT_delta1	6.15842497864523e-08	0.00018481014607702	0.000437924239106635
TX.VAL.MRCH.R1.ZS_delta1	6.13898385471881e-08	0.000191997207313348	0.000437924239106635
NY.GDP.PCAP.KD_lag1	6.13283209849834e-08	0.000625274327560583	0.000437924239106635
SP.POP.6064.FE.5Y_lag1	6.0851504358868e-08	0.000809571112120722	0.000547405298883293
BM.GSR.TRAN.ZS_isNA_rank	5.98441714657033e-08	0.000368593569120278	0.000656886358659952
FI.RES.XGLD.CD_tend2	5.82560443313425e-08	0.000465105534293833	0.000656886358659952
FI.RES.TOTL.CD_ratioavg2	5.71896858188535e-08	0.000333684985972397	0.000437924239106635
NY.GDP.PCAP.KN	5.63304215002852e-08	0.000215611837089856	0.000437924239106635
SP.URB.TOTL.IN.ZS_rank	5.47792374399972e-08	0.000165302408435556	0.000109481059776659
TM.VAL.MRCH.AL.ZS_delta1	5.45765657652976e-08	0.000309043633162127	0.000656886358659952
SP.POP.5054.MA.5Y	5.37610755610676e-08	0.000755668152848258	0.000547405298883293
EN.GHG.N2O.MT.CE.AR5_ratioavg2	5.34577833627148e-08	0.00081624481184017	0.000875848478213269
EN.GHG.ALL.MT.CE.AR5_ratioavg2	5.33907232400548e-08	0.000337791878107441	0.000437924239106635
NE.CON.TOTL.KD.ZG_ratiomax2	5.27366349756673e-08	0.0011119410455634	0.0013137727173199
SP.POP.7074.MA.5Y_lag1	5.24858616660923e-08	0.000287995810970022	0.000218962119553317
EN.GHG.N2O.IC.MT.CE.AR5_delta1	5.13255324528289e-08	0.000126800294669511	0.000109481059776659
AG.PRD.CROP.XD_ratiomax2	5.08328985603021e-08	2.20745452258662e-05	0.000109481059776659
EN.GHG.ALL.PC.CE.AR5_avg2	5.03365750856266e-08	0.000636568280931957	0.000328443179329976
DC.DAC.TOTL.CD_tend2	5.00878907182426e-08	0.000338305239624322	0.000656886358659952
SP.RUR.TOTL.ZS_delta1	4.96567365659156e-08	0.000980520497241965	0.000875848478213269
BM.KLT.DINV.WD.GD.ZS_min2	4.94654971631468e-08	0.000317257417432217	0.000547405298883293
FS.AST.PRVT.GD.ZS_isNA_rank	4.94283790697399e-08	0.00151903672844973	0.0013137727173199
FI.RES.XGLD.CD_isNA_rank	4.86504960234465e-08	9.24050730385098e-05	0.000218962119553317
FS.AST.CGOV.GD.ZS_isNA_rank	4.85766089950778e-08	0.000722299654251019	0.00109481059776659
NE.EXP.GNFS.CD	4.82078217526515e-08	2.36146297765081e-05	0.000109481059776659
TM.VAL.OTHR.ZS.WT	4.8102271533922e-08	0.000862447348359425	0.000766367418436611
ER.H2O.INTR.PC_rank	4.80322000575135e-08	2.51547143271499e-05	0.000109481059776659
SP.POP.2024.MA.5Y	4.7944364878761e-08	0.000518495132049416	0.000656886358659952
NY.GDP.FRST.RT.ZS_lag1	4.72863516174786e-08	0.000211504944954811	0.000328443179329976
NE.CON.PRVT.KD_isNA_rank	4.7177792618029e-08	0.000530815808454551	0.000766367418436611
SP.POP.65UP.FE.IN_delta1	4.71235423383306e-08	2.51547143271499e-05	0.000109481059776659
NY.GSR.NFCY.CD_lag1	4.70692307936772e-08	0.00141020408687104	0.00120429165754325
TX.VAL.MANF.ZS.UN	4.69746898791859e-08	0.000958445952016099	0.00120429165754325
TM.VAL.MRCH.HI.ZS	4.69482988632418e-08	0.000916863669148769	0.000766367418436611
NY.GDP.MKTP.KD	4.5821389948194e-08	0.000159142070232989	0.000109481059776659
AG.LND.TOTL.K2_tend2	4.55255726555386e-08	0.00010934600309557	0.000109481059776659
NY.GDP.PCAP.KD.ZG_isNA_rank	4.39929829007207e-08	0.000575478260423164	0.000875848478213269
DT.ODA.ALLD.KD_tend2	4.38639861468667e-08	0.00025257386630526	0.000437924239106635
EN.GHG.N2O.AG.MT.CE.AR5_delta1	4.33567138140957e-08	0.000426603420527787	0.000437924239106635
EG.USE.PCAP.KG.OE_max2	4.2951709405789e-08	0.000970253266904353	0.000547405298883293
SE.TER.ENRR_isNA_rank	4.29018613601287e-08	0.00111502121466469	0.00120429165754325
NE.CON.GOVT.CD	4.19086807548019e-08	0.000177109723323811	0.000109481059776659
DC.DAC.DEUL.CD_ratioavg2	4.14494923087062e-08	0.000237686382315723	0.000547405298883293
FS.AST.CGOV.GD.ZS_max2	4.00026972240831e-08	0.00026951479636232	0.000437924239106635
SH.IMM.IDPT	3.93596562523712e-08	4.72292595530161e-05	0.000109481059776659
SP.POP.1564.TO.ZS_lag1	3.87181276072679e-08	0.000571884729805	0.000437924239106635
FD.AST.PRVT.GD.ZS_lag1	3.83163190480154e-08	0.00028645572641938	0.000328443179329976
IT.MLT.MAIN_ratioavg2	3.82036146674691e-08	0.000213558391022334	0.000547405298883293
NE.CON.PRVT.CD_isNA_rank	3.80598341965011e-08	0.000572911452838761	0.000656886358659952
PA.NUS.ATLS_rank	3.77334923155014e-08	0.000208938137370408	0.000218962119553317
IT.MLT.MAIN.P2_delta1	3.70924445908613e-08	0.000674043671664241	0.000547405298883293
DC.DAC.GBRL.CD_lag1	3.69821450168889e-08	0.000101645580342361	0.000218962119553317
MS.MIL.XPND.GD.ZS_tend2	3.64875546459646e-08	9.49718806229129e-05	0.000328443179329976
BM.GSR.TRAN.ZS_lag1	3.62904203042272e-08	0.000188403676695184	0.000218962119553317
NV.IND.TOTL.KD_delta1	3.56948398841403e-08	0.000776202613523483	0.000547405298883293
IS.AIR.PSGR_lag1	3.56148293693994e-08	0.000164789046918676	0.000109481059776659
SM.POP.RHCR.EA_rank	3.55343729673436e-08	0.000531329169971431	0.000547405298883293
EN.GHG.CO2.BU.MT.CE.AR5_ratiomax2	3.53603556293037e-08	0.000131933909838317	0.000109481059776659
NE.GDI.TOTL.CD_isNA_rank	3.51944431675056e-08	7.9057673599614e-05	0.000328443179329976
IT.MLT.MAIN.P2_avg2	3.48880909370173e-08	0.000446624519686131	0.000218962119553317
NE.CON.GOVT.CD_ratioavg2	3.37003119115053e-08	0.000212531667988573	0.000656886358659952
NE.CON.GOVT.CD_tend2	3.28391408097668e-08	0.000435843927831638	0.000437924239106635
BX.GRT.TECH.CD.WD_isNA_rank	3.24434512093888e-08	0.000555970522781701	0.000547405298883293
EG.ELC.NGAS.ZS_avg2	3.19531799105504e-08	0.000193023930347109	0.000218962119553317
IS.AIR.PSGR	3.16181279838748e-08	0.000173516192705646	0.000109481059776659
SP.POP.6569.FE.5Y_rank	3.1592888410169e-08	0.000855773648639977	0.000547405298883293
ER.FSH.CAPT.MT_lag1	3.13780794653185e-08	0.000138607609557765	0.000109481059776659
PA.NUS.FCRF_rank	3.09342477357954e-08	7.85443120827333e-05	0.000218962119553317
EG.ELC.NUCL.ZS_lag1	3.05032112076252e-08	0.000357299615748905	0.000218962119553317
EN.GHG.CO2.TR.MT.CE.AR5_delta1	3.04078766860803e-08	0.000177109723323811	0.000109481059776659
SE.SEC.ENRL.GC_rank	3.03156511447321e-08	3.74753907322845e-05	0.000109481059776659
FD.AST.PRVT.GD.ZS_max2	2.93625726199868e-08	0.000212018306471692	0.000218962119553317
DT.ODA.ODAT.PC.ZS_rank	2.89199137286215e-08	0.000485639994969057	0.000328443179329976
IS.AIR.DPRT_tend2	2.82822523479209e-08	0.000338818601141203	0.000766367418436611
TM.VAL.AGRI.ZS.UN_lag1	2.80085216037968e-08	0.000281322111250574	0.000218962119553317
SH.DTH.MORT_delta1	2.77221779615227e-08	0.000173002831188766	0.000437924239106635
DT.ODA.ODAT.GN.ZS_isNA_rank	2.75956543499083e-08	0.0002859423649025	0.000437924239106635
NY.GDP.FCST.CN_delta1	2.75775435495e-08	0.000586258852277657	0.000547405298883293
EG.ELC.COAL.ZS_tend2	2.74437249617256e-08	0.00105444455567277	0.00109481059776659
DC.DAC.DEUL.CD_lag1	2.72483813819156e-08	0.000298263041307634	0.000547405298883293
TM.VAL.MRCH.R5.ZS_delta1	2.69517502628847e-08	0.000325471201702307	0.000656886358659952
EN.GHG.N2O.WA.MT.CE.AR5_ratioavg2	2.60301873687463e-08	0.000414796105639533	0.000875848478213269
BM.KLT.DINV.CD.WD_isNA_rank	2.59833204132675e-08	0.000785956482344214	0.000547405298883293
SP.POP.4044.FE.5Y_lag1	2.51495984954281e-08	0.00198157545515916	0.00120429165754325
BX.GRT.EXTA.CD.WD_rank	2.50170070419626e-08	0.000517468409015655	0.000328443179329976
NY.ADJ.DNGY.CD_isNA_rank	2.44058096640812e-08	0.000903002908192993	0.00109481059776659
DT.ODA.ALLD.CD_tend2	2.4119730610744e-08	0.000245386805068932	0.000437924239106635
BM.GSR.INSF.ZS_min2	2.39559593954383e-08	0.00020996486040417	0.000328443179329976
EG.ELC.PETR.ZS	2.3912127700355e-08	0.000158115347199228	0.000328443179329976
TX.VAL.FOOD.ZS.UN_rank	2.38767493461934e-08	0.000369106930637159	0.000437924239106635
EN.GHG.CO2.IC.MT.CE.AR5_ratioavg2	2.37312629048645e-08	9.90787727579577e-05	0.000437924239106635
SP.DYN.TFRT.IN	2.35946768065137e-08	0.000121153317983824	0.000218962119553317
SP.POP.2529.MA.5Y_lag1	2.30619662152494e-08	0.000661722995259106	0.000766367418436611
TX.VAL.MRCH.R3.ZS_lag1	2.26454141657037e-08	9.03516269709874e-05	0.000109481059776659
SP.POP.6569.FE.5Y	2.24314199959829e-08	0.000162222239334273	0.000109481059776659
DC.DAC.USAL.CD	2.23573605097383e-08	0.00141431097900608	0.0013137727173199
NY.ADJ.DKAP.CD_lag1	2.23490192900214e-08	0.000444571073618608	0.000328443179329976
NY.GDP.MKTP.KN_delta1	2.22033265142406e-08	0.00126902966972887	0.000985329537989928
EN.GHG.ALL.PC.CE.AR5_tend2	2.2147978160171e-08	0.00050514773261052	0.000875848478213269
NY.GDP.PCAP.KN_isNA_rank	2.18621568693689e-08	0.000619113989358016	0.00109481059776659
TM.VAL.OTHR.ZS.WT_isNA_rank	2.07920152180914e-08	0.000208424775853528	0.000437924239106635
FM.AST.DOMS.CN_avg2	2.07325578366307e-08	0.000482559825867774	0.000328443179329976
TX.VAL.MRCH.AL.ZS_lag1	2.05089206647992e-08	0.000258220842990947	0.000437924239106635
SP.DYN.CBRT.IN_lag1	2.04886312524705e-08	0.000671476864079838	0.000437924239106635
EN.GHG.CH4.FE.MT.CE.AR5_rank	2.03078246958898e-08	2.46413528102693e-05	0.000109481059776659
IS.AIR.GOOD.MT.K1_ratiomax2	2.01518394566077e-08	7.44374199476885e-05	0.000109481059776659
FM.AST.PRVT.GD.ZS_tend2	1.98639098889657e-08	0.000624247604526822	0.000437924239106635
SP.POP.80UP.MA.5Y_lag1	1.95903664819598e-08	0.00141225753293856	0.000875848478213269
BX.GSR.TOTL.CD_ratioavg2	1.9422618442505e-08	0.000172489469671885	0.000218962119553317
SP.POP.2529.FE.5Y_lag1	1.94173992336694e-08	0.000141174417142168	0.000218962119553317
FS.AST.PRVT.GD.ZS_ratioavg2	1.93217392734236e-08	0.000207398052819766	0.000218962119553317
NE.CON.GOVT.ZS_min2	1.91924001919765e-08	0.000214071752539214	0.000328443179329976
SH.MMR.RISK.ZS_delta1	1.85382036249864e-08	0.000157601985682347	0.000437924239106635
BM.TRF.PWKR.CD.DT_isNA_rank	1.82852456580757e-08	0.000128853740737033	0.000328443179329976
SP.URB.TOTL.IN.ZS_delta1	1.82103912867185e-08	3.90154752829264e-05	0.000109481059776659
SP.RUR.TOTL	1.81760830827609e-08	0.000226392428944349	0.000218962119553317
NE.IMP.GNFS.CN	1.8129163162591e-08	0.00143176527058002	0.000985329537989928
EN.GHG.CH4.AG.MT.CE.AR5_max2	1.81082044317851e-08	0.000147334755344735	0.000109481059776659
SP.POP.65UP.MA.ZS_delta1	1.75879878738354e-08	0.000814191365772648	0.000656886358659952
NY.GSR.NFCY.CN_rank	1.72251091617706e-08	0.00116841081242027	0.000766367418436611
SP.POP.3539.MA.5Y_lag1	1.69339081651457e-08	0.000423009889909623	0.000437924239106635
NE.EXP.GNFS.KD.ZG_rank	1.6896539023909e-08	0.000219205367708021	0.000328443179329976
BM.GSR.MRCH.CD_isNA_rank	1.66370190228058e-08	0.000290049257037545	0.000875848478213269
NE.CON.PRVT.CD_tend2	1.6578675261801e-08	2.97749679790754e-05	0.000109481059776659
BX.KLT.DINV.WD.GD.ZS_tend2	1.63853160511801e-08	0.000568291199186835	0.000985329537989928
SE.SEC.ENRR.FE_delta1	1.63510599712961e-08	0.00037013365367092	0.000437924239106635
DC.DAC.CANL.CD_tend2	1.6233218387294e-08	0.000371160376704681	0.000547405298883293
NY.GDP.DEFL.ZS_isNA_rank	1.61851626864497e-08	0.000477426210698967	0.00109481059776659
SP.POP.4044.MA.5Y_rank	1.60859064859795e-08	0.000129880463770794	0.000109481059776659
DT.ODA.ALLD.CD_min2	1.60357189638837e-08	3.90154752829264e-05	0.000109481059776659
NY.ADJ.DMIN.GN.ZS_delta1	1.59549557684605e-08	5.39029592724641e-05	0.000218962119553317
EN.GHG.N2O.BU.MT.CE.AR5_ratiomax2	1.57705730387851e-08	0.000166329131469318	0.000109481059776659
SP.DYN.LE00.FE.IN_lag1	1.56871093294262e-08	0.000275161773048007	0.000218962119553317
year_cycle_rank	1.55799777760173e-08	0.000194564014897751	0.000547405298883293
EG.ELC.NGAS.ZS_ratioavg2	1.55186314363501e-08	0.000155548539614825	0.000328443179329976
IS.AIR.DPRT_isNA_rank	1.54536158691382e-08	0.000362433230917711	0.000547405298883293
SP.POP.65UP.TO.ZS_delta1	1.51230091743779e-08	0.00033676515507368	0.000328443179329976
SP.POP.1564.FE.IN_delta1	1.49845698031262e-08	0.000183783423043258	0.000109481059776659
EN.GHG.N2O.MT.CE.AR5_avg2	1.4980070351601e-08	3.74753907322845e-05	0.000109481059776659
NY.GDS.TOTL.CD	1.48669669353746e-08	4.97960671374192e-05	0.000218962119553317
DC.DAC.DEUL.CD_avg2	1.48441595971174e-08	0.000206884691302886	0.000218962119553317
IS.AIR.DPRT_min2	1.46970487444658e-08	0.000139120971074645	0.000109481059776659
NE.DAB.TOTL.CD_isNA_rank	1.45511307125506e-08	0.00033676515507368	0.000656886358659952
NE.EXP.GNFS.KD_rank	1.45188764741516e-08	0.000455865026989982	0.000437924239106635
SE.PRM.ENRL.FE.ZS_lag1	1.42626814234259e-08	9.80520497241965e-05	0.000328443179329976
DT.ODA.ODAT.PC.ZS_avg2	1.34474107271795e-08	0.000224338982876827	0.000218962119553317
TX.VAL.MANF.ZS.UN_delta1	1.32104653218522e-08	3.2855137080359e-05	0.000109481059776659
ER.FSH.AQUA.MT_tend2	1.30714975639483e-08	0.000673530310147361	0.000437924239106635
NE.GDI.FTOT.CD_delta1	1.29895025135858e-08	0.000123206764051346	0.000218962119553317
NY.ADJ.DFOR.CD_rank	1.26458628753416e-08	0.00125978916242502	0.000766367418436611
BM.GSR.INSF.ZS_tend2	1.25322037437149e-08	0.000217665283157379	0.000437924239106635
TX.VAL.FUEL.ZS.UN_isNA_rank	1.23917197947647e-08	0.000568804560703716	0.000437924239106635
BM.GSR.GNFS.CD_ratioavg2	1.22937619679374e-08	5.74964898906283e-05	0.000218962119553317
SP.URB.TOTL.IN.ZS	1.22174167415423e-08	0.00143535880119819	0.000875848478213269
DC.DAC.TOTL.CD_ratiomax2	1.20700307110206e-08	4.51758134854937e-05	0.000109481059776659
NE.GDI.FTOT.CD_lag1	1.19377831088509e-08	2.31012682596275e-05	0.000109481059776659
NY.GNP.MKTP.CD_isNA_rank	1.1795789971479e-08	0.000181729976975736	0.000328443179329976
BX.GSR.NFSV.CD_ratioavg2	1.1518456464223e-08	2.36146297765081e-05	0.000109481059776659
NE.CON.TOTL.KD.ZG_ratioavg2	1.12890059369365e-08	0.00103185664893003	0.0013137727173199
EG.ELC.FOSL.ZS_max2	1.12377208669123e-08	0.00100824201915352	0.000547405298883293
BX.GRT.TECH.CD.WD_ratiomax2	1.09089361112451e-08	0.00016016879326675	0.000218962119553317
NE.CON.TOTL.KD_isNA_rank	1.08177432167208e-08	6.10900205087926e-05	0.000109481059776659
SM.POP.RHCR.EA_isNA_rank	1.05797048750691e-08	0.000315717332881575	0.000547405298883293
FI.RES.TOTL.CD_tend2	1.05610024196337e-08	0.000322904394117904	0.000328443179329976
SP.POP.3034.FE.5Y	1.03209535744425e-08	0.000273621688497365	0.000328443179329976
IT.MLT.MAIN.P2_min2	1.02887117962297e-08	0.000149388201412258	0.000109481059776659
NE.EXP.GNFS.CN_delta1	1.02358333305111e-08	0.000374240545805965	0.000547405298883293
AG.PRD.CROP.XD_lag1	1.00625280044411e-08	4.62025365192549e-05	0.000109481059776659
BX.GRT.TECH.CD.WD_lag1	1.00215015173372e-08	0.00015965543174987	0.000218962119553317
BX.GSR.FCTY.CD_max2	9.6585580051846e-09	0.000139634332591526	0.000109481059776659
SE.SEC.ENRR.MA_delta1	9.64118073771255e-09	0.000324957840185426	0.000656886358659952
NV.IND.TOTL.CD_isNA_rank	9.57511757857349e-09	0.000339331962658083	0.000875848478213269
SP.POP.4549.FE.5Y_rank	9.49434579630205e-09	0.00018481014607702	0.000109481059776659
SP.POP.2024.MA.5Y_lag1	9.45554330289643e-09	0.000612440289638568	0.000437924239106635
EN.GHG.CH4.FE.MT.CE.AR5_ratioavg2	9.45134110157109e-09	0.000247953612653335	0.000547405298883293
AG.PRD.FOOD.XD_delta1	9.39508991890664e-09	8.77848193865843e-05	0.000109481059776659
AG.PRD.LVSK.XD_min2	9.32973674829219e-09	0.000105239110960525	0.000328443179329976
BX.TRF.PWKR.DT.GD.ZS_max2	9.23872190270729e-09	0.000157088624165467	0.000109481059776659
MS.MIL.XPND.CD_avg2	9.15454014486344e-09	0.000156061901131705	0.000109481059776659
NE.IMP.GNFS.ZS_rank	9.13370067583891e-09	0.000185836869110781	0.000109481059776659
NY.GDP.FRST.RT.ZS_delta1	9.0563636827105e-09	0.000606793312952881	0.000766367418436611
MS.MIL.XPND.GD.ZS_ratioavg2	9.04609077013121e-09	0.000137580886524004	0.000437924239106635
clase_isNA_rank	8.99565662357175e-09	0.000324444478668546	0.000437924239106635
SP.POP.5559.FE.5Y_delta1	8.73611901400056e-09	0.000684310902001853	0.000547405298883293
SP.POP.5054.FE.5Y_delta1	8.54564670523432e-09	0.000432763758730354	0.000547405298883293
SH.MMR.RISK.ZS	8.5085630851573e-09	0.000104212387926764	0.000109481059776659
BM.KLT.DINV.CD.WD_avg2	8.4802019215465e-09	0.000313150525297172	0.000328443179329976
BX.KLT.DINV.WD.GD.ZS_avg2	8.3463321936083e-09	0.000203804522201602	0.000328443179329976
NY.GDP.FRST.RT.ZS	8.33091176098411e-09	8.67580963528231e-05	0.000109481059776659
NV.IND.MANF.ZS_isNA_rank	8.32231801690539e-09	0.000254627312372783	0.000437924239106635
NE.RSB.GNFS.CN_rank	8.31980485076799e-09	0.000125773571635749	0.000218962119553317
DC.DAC.USAL.CD_ratiomax2	7.88951620432836e-09	0.000105239110960525	0.000109481059776659
AG.LND.ARBL.HA.PC_tend2	7.85000360135633e-09	3.49085831478815e-05	0.000109481059776659
NY.GDP.FCST.CN	7.79956049592306e-09	0.000550836907612895	0.000437924239106635
NE.CON.TOTL.KD.ZG_min2	7.73290245901873e-09	0.000144767947760332	0.000328443179329976
NE.CON.PRVT.ZS_avg2	7.69601614999381e-09	0.00027721521911553	0.000328443179329976
TM.VAL.INSF.ZS.WT	7.57552428485135e-09	0.000323931117151665	0.000437924239106635
IT.MLT.MAIN_rank	7.52488291293671e-09	0.000137067525007123	0.000109481059776659
MS.MIL.MPRT.KD	7.36935834587037e-09	0.000556997245815462	0.000985329537989928
DT.ODA.ALLD.KD_rank	7.36710010312558e-09	0.000490260248620983	0.000328443179329976
EG.USE.ELEC.KH.PC_ratioavg2	7.36166087944371e-09	0.000264894542710395	0.000547405298883293
TM.VAL.MRCH.R3.ZS	7.26101443459838e-09	0.000145281309277213	0.000218962119553317
SP.DYN.IMRT.FE.IN_delta1	7.18881890586441e-09	9.65119651735547e-05	0.000109481059776659
DC.DAC.CANL.CD_avg2	7.12279417749937e-09	0.000192510568830229	0.000328443179329976
SP.POP.0004.FE.5Y_lag1	6.93915676275614e-09	0.000156575262648586	0.000109481059776659
SP.POP.1014.FE.5Y_rank	6.86859974849552e-09	0.000144254586243451	0.000218962119553317
TM.VAL.MRCH.R2.ZS_rank	6.74368945151805e-09	0.000105752472477406	0.000109481059776659
TM.VAL.MRCH.R3.ZS_lag1	6.67640797187179e-09	0.000293129426138828	0.000547405298883293
NE.RSB.GNFS.CD_isNA_rank	6.64817345270259e-09	0.000408635767436966	0.000328443179329976
NV.IND.MANF.KD_delta1	6.56792617929537e-09	0.00034497893934377	0.000547405298883293
TM.VAL.MRCH.WR.ZS	6.56044411611104e-09	0.000177109723323811	0.000109481059776659
SP.POP.DPND.OL	6.52876066815761e-09	0.000153495093547302	0.000109481059776659
FM.LBL.BMNY.GD.ZS_isNA_rank	6.52102336963101e-09	0.000237173020798842	0.000437924239106635
TM.VAL.MMTL.ZS.UN	6.44750450238127e-09	0.000969226543870592	0.000656886358659952
SP.POP.BRTH.MF	6.44651233247192e-09	0.000151955008996661	0.000218962119553317
BX.TRF.PWKR.DT.GD.ZS_ratioavg2	6.4367690534534e-09	9.29184345553904e-05	0.000218962119553317
NY.ADJ.DMIN.CD_isNA_rank	6.33742878410749e-09	0.000535436062106476	0.000547405298883293
PA.NUS.FCRF_delta1	6.30713379783253e-09	0.000408635767436966	0.000547405298883293
EN.GHG.CO2.IC.MT.CE.AR5_tend2	6.29133565246672e-09	0.000305963464060844	0.000328443179329976
SP.DYN.LE00.MA.IN_lag1	6.26875762435456e-09	0.000188917038212065	0.000109481059776659
SP.POP.1564.FE.ZS	6.22212101410623e-09	0.000434303843280996	0.000437924239106635
EN.GHG.N2O.MT.CE.AR5_tend2	6.21253234908707e-09	0.000630407942729389	0.000985329537989928
SE.PRM.TCHR_lag1	6.21167613048833e-09	4.209564438421e-05	0.000218962119553317
SE.SEC.ENRR_isNA_rank	6.20253530480573e-09	0.000256167396923424	0.000547405298883293
SP.POP.DPND_lag1	6.04222659921956e-09	0.000115506341298137	0.000109481059776659
AG.PRD.CROP.XD_delta1	6.03880302424403e-09	9.39451575891516e-05	0.000109481059776659
SE.PRM.ENRL.FE.ZS	5.99999454638902e-09	0.000600119613233433	0.000656886358659952
TM.VAL.MANF.ZS.UN_isNA_rank	5.98714380464651e-09	0.000181216615458855	0.000328443179329976
TX.VAL.MANF.ZS.UN_rank	5.97172809087281e-09	0.000145281309277213	0.000218962119553317
NY.GDP.MKTP.KN_lag1	5.8940937549832e-09	0.000303396656476441	0.000218962119553317
DT.ODA.ALLD.KD_ratioavg2	5.72064295179024e-09	0.000118586510399421	0.000109481059776659
EN.GHG.N2O.PI.MT.CE.AR5_ratioavg2	5.5926631413656e-09	0.000241279912933887	0.000437924239106635
FM.AST.PRVT.GD.ZS_isNA_rank	5.48503186507274e-09	0.00034497893934377	0.000656886358659952
SH.DYN.MORT.MA_delta1	5.47362515921878e-09	2.56680758440305e-05	0.000109481059776659
NE.GDI.TOTL.CD_delta1	5.45534517974355e-09	0.000173002831188766	0.000437924239106635
EN.GHG.CH4.MT.CE.AR5_ratioavg2	5.44547883947695e-09	0.000299803125858276	0.000547405298883293
TM.VAL.AGRI.ZS.UN_isNA_rank	5.43643084151335e-09	0.00122642066382778	0.000875848478213269
FI.RES.TOTL.MO_tend2	5.40143021077348e-09	0.000207911414336647	0.000547405298883293
TM.VAL.MMTL.ZS.UN_rank	5.30466742793568e-09	8.05977581502558e-05	0.000109481059776659
NY.ADJ.DKAP.GN.ZS	5.25313987334475e-09	7.59775044983303e-05	0.000218962119553317
SE.PRM.ENRR.MA_delta1	5.20055026945074e-09	0.000119613233433182	0.000328443179329976
DT.ODA.ODAT.CD_tend2	5.15633772699901e-09	0.000133987355905839	0.000109481059776659
DC.DAC.CANL.CD_ratioavg2	5.1313310021311e-09	3.13150525297172e-05	0.000109481059776659
TX.VAL.MRCH.CD.WT_delta1	5.03636461856486e-09	0.000411715936538249	0.000547405298883293
TX.VAL.SERV.CD.WT_lag1	4.81555690579497e-09	0.000133473994388959	0.000109481059776659
SP.POP.BRTH.MF_delta1	4.76053095815099e-09	0.00167099173744639	0.00120429165754325
EN.GHG.CO2.MT.CE.AR5_tend2	4.73957021947515e-09	0.00014271450169281	0.000109481059776659
NE.CON.PRVT.PC.KD_isNA_rank	4.73592292274804e-09	0.000779796144141647	0.00109481059776659
NE.TRD.GNFS.ZS_isNA_rank	4.69752589892863e-09	0.000217151921640498	0.000328443179329976
EN.GHG.CH4.IC.MT.CE.AR5_tend2	4.68526986406883e-09	0.000331118178387993	0.000328443179329976
EN.GHG.CH4.WA.MT.CE.AR5_delta1	4.65754343301859e-09	0.000424036612943384	0.000328443179329976
YearsSinceFirst_rank	4.63782959406681e-09	0.000213558391022334	0.000328443179329976
SH.DTH.IMRT_delta1	4.62376411768065e-09	4.92827056205386e-05	0.000218962119553317
IS.AIR.GOOD.MT.K1_isNA_rank	4.47893242620129e-09	0.000608846759020404	0.00109481059776659
TM.VAL.MANF.ZS.UN_lag1	4.45073085888426e-09	3.49085831478815e-05	0.000109481059776659
EN.GHG.ALL.PC.CE.AR5_min2	4.38840520732973e-09	0.000303396656476441	0.000218962119553317
DC.DAC.GBRL.CD_tend2	4.37069690720078e-09	0.000360379784850188	0.000656886358659952
AG.LND.AGRI.ZS_min2	4.32964846636152e-09	0.000345492300860651	0.000328443179329976
EN.POP.DNST_avg2	4.32271613145809e-09	4.209564438421e-05	0.000109481059776659
SP.POP.4044.FE.5Y_rank	4.29597050573745e-09	0.000112939533713734	0.000109481059776659
NE.CON.TOTL.KD.ZG_lag1	4.26621588324603e-09	0.000263867819676634	0.000547405298883293
NV.IND.MANF.KD	4.24263646624432e-09	2.97749679790754e-05	0.000109481059776659
EG.ELC.NUCL.ZS_avg2	4.21873270281057e-09	0.000436357289348519	0.000328443179329976
SP.POP.DPND.YG_lag1	4.21044800338783e-09	0.000273108326980485	0.000218962119553317
SP.POP.6569.MA.5Y_lag1	4.1878437732843e-09	0.00010934600309557	0.000109481059776659
FM.AST.NFRG.CN_min2	4.17447584481694e-09	0.000708438893295242	0.000547405298883293
EG.ELC.NUCL.ZS_rank	4.15949687836662e-09	0.000273621688497365	0.000547405298883293
TM.VAL.OTHR.ZS.WT_lag1	4.06621123150436e-09	0.000208424775853528	0.000547405298883293
BX.TRF.PWKR.CD.DT_lag1	4.06234864501162e-09	0.000217151921640498	0.000328443179329976
IT.CEL.SETS.P2_avg2	3.88504627013044e-09	0.000138607609557765	0.000109481059776659
SP.POP.3539.FE.5Y_rank	3.88403692385454e-09	0.000122693402534466	0.000109481059776659
EN.GHG.CO2.RT.GDP.KD_ratioavg2	3.83495542483863e-09	0.000119613233433182	0.000218962119553317
FP.CPI.TOTL_ratioavg2	3.78538437579064e-09	0.000138607609557765	0.000109481059776659
AG.CON.FERT.ZS_avg2	3.76683797261603e-09	0.000222798898326185	0.000328443179329976
MS.MIL.XPND.CD_lag1	3.75361216147137e-09	0.00037886079945789	0.000328443179329976
EN.GHG.CH4.TR.MT.CE.AR5_min2	3.62906466239276e-09	0.000146821393827854	0.000109481059776659
TM.VAL.MRCH.OR.ZS	3.49627251804966e-09	0.000548270100028492	0.000437924239106635
NY.GDP.MINR.RT.ZS_delta1	3.46174535302162e-09	0.00022741915197811	0.000547405298883293
SE.ENR.PRIM.FM.ZS_delta1	3.43664261974971e-09	0.000376293991873487	0.000766367418436611
BX.PEF.TOTL.CD.WD_isNA_rank	3.41161305269062e-09	0.000703818639643316	0.000766367418436611
NY.ADJ.DKAP.GN.ZS_isNA_rank	3.3208676159097e-09	9.85654112410771e-05	0.000328443179329976
AG.LND.AGRI.ZS_ratioavg2	3.31339343023303e-09	0.000949718806229129	0.000766367418436611
SP.POP.1519.FE.5Y	3.28429863222445e-09	0.000168895939053721	0.000109481059776659
ER.FSH.AQUA.MT	3.2709164777846e-09	3.43952216310009e-05	0.000109481059776659
NE.GDI.FTOT.ZS_lag1	3.17400448599817e-09	0.000358326338782666	0.000656886358659952
SP.POP.GROW	3.16751840732016e-09	2.82348834284336e-05	0.000109481059776659
BM.KLT.DINV.WD.GD.ZS_ratiomax2	3.14603938186303e-09	0.000133473994388959	0.000109481059776659
NE.CON.PRVT.KD_rank	3.09867529521889e-09	2.36146297765081e-05	0.000109481059776659
NY.GDP.FCST.CD_lag1	3.02459449760599e-09	0.000131420548321436	0.000328443179329976
FS.AST.PRVT.GD.ZS_lag1	2.91582263901706e-09	0.000221772175292424	0.000437924239106635
SP.POP.7579.MA.5Y_lag1	2.88968052597065e-09	0.000704332001160197	0.000547405298883293
NY.ADJ.AEDU.GN.ZS	2.88230881998465e-09	0.000764908660152109	0.000437924239106635
BX.GSR.TRVL.ZS	2.8667720750832e-09	9.80520497241965e-05	0.000218962119553317
BX.TRF.PWKR.DT.GD.ZS_isNA_rank	2.85924585210928e-09	0.000103185664893003	0.000437924239106635
BM.TRF.PWKR.CD.DT_max2	2.83284082735595e-09	5.59564053399865e-05	0.000109481059776659
AG.LND.CROP.ZS_max2	2.80613712482148e-09	0.000147334755344735	0.000109481059776659
NE.CON.TOTL.KD.ZG	2.71062947789077e-09	0.000209451498887289	0.000218962119553317
EN.GHG.CO2.RT.GDP.KD_min2	2.68782416886387e-09	0.000218178644674259	0.000328443179329976
NY.ADJ.DFOR.CD_delta1	2.65587804594704e-09	2.51547143271499e-05	0.000109481059776659
EN.URB.LCTY.UR.ZS	2.64326190102854e-09	0.000295696233723231	0.000218962119553317
NV.IND.TOTL.CN_isNA_rank	2.6400316939012e-09	0.00116943753545403	0.000766367418436611
NV.AGR.TOTL.ZS_lag1	2.54514606658115e-09	0.000241279912933887	0.000328443179329976
BM.GSR.CMCP.ZS_max2	2.44726156527903e-09	0.000177109723323811	0.000437924239106635
EG.ELC.NUCL.ZS_max2	2.43061588072412e-09	0.000319310863499739	0.000218962119553317
FI.RES.TOTL.CD	2.39818506457777e-09	0.000247440251136454	0.000328443179329976
EG.USE.ELEC.KH.PC_lag1	2.39151140224796e-09	0.000310070356195889	0.000218962119553317
DT.ODA.ODAT.PC.ZS	2.3821833438013e-09	0.000270541519396082	0.000218962119553317
NE.GDI.TOTL.CD_lag1	2.3765236353462e-09	0.000330604816871113	0.000218962119553317
SP.RUR.TOTL.ZG_lag1	2.35415187671494e-09	0.000409149128953846	0.000437924239106635
DC.DAC.TOTL.CD_avg2	2.33803034679896e-09	0.000140147694108407	0.000109481059776659
NV.IND.TOTL.KD.ZG_delta1	2.33781288807093e-09	0.00022690579046123	0.000437924239106635
AG.LND.ARBL.HA.PC_max2	2.30545734123883e-09	0.00052208866266758	0.000328443179329976
IT.MLT.MAIN_isNA_rank	2.29168540369706e-09	0.000105239110960525	0.000109481059776659
EN.GHG.CO2.PI.MT.CE.AR5	2.28290602776568e-09	0.000246413528102693	0.000218962119553317
NE.CON.PRVT.KD.ZG_ratiomax2	2.28249275187287e-09	0.000352166000580099	0.000766367418436611
IS.AIR.PSGR_rank	2.26104493740191e-09	0.000603713143851598	0.000328443179329976
EN.GHG.CH4.IC.MT.CE.AR5_ratioavg2	2.25900890205108e-09	0.000710492339362764	0.000766367418436611
NY.ADJ.DNGY.GN.ZS_lag1	2.22802185567931e-09	4.51758134854937e-05	0.000109481059776659
SP.POP.65UP.FE.ZS_delta1	2.20536275803626e-09	0.000586258852277657	0.000656886358659952
EN.GHG.CH4.AG.MT.CE.AR5_ratioavg2	2.16471487546736e-09	0.000183783423043258	0.000328443179329976
EN.GHG.CH4.IC.MT.CE.AR5	2.15826668643528e-09	2.20745452258662e-05	0.000109481059776659
NY.GDS.TOTL.CD_isNA_rank	2.15545027496852e-09	0.000315203971364695	0.000437924239106635
NV.IND.MANF.CD_isNA_rank	2.14243383233105e-09	0.000604739866885359	0.000656886358659952
TM.VAL.MANF.ZS.UN	2.13064422673798e-09	4.41490904517325e-05	0.000218962119553317
NE.CON.PRVT.KD.ZG_ratioavg2	2.11099504725197e-09	0.000235119574731319	0.000218962119553317
EN.GHG.CH4.PI.MT.CE.AR5_min2	2.10459179321106e-09	6.10900205087926e-05	0.000109481059776659
NY.GDP.PCAP.KD.ZG	2.09642087308776e-09	2.20745452258662e-05	0.000109481059776659
NY.GDP.MINR.RT.ZS_isNA_rank	2.07726095704954e-09	0.00022690579046123	0.000547405298883293
DC.DAC.USAL.CD_isNA_rank	2.03836006555421e-09	0.000927644261003262	0.000547405298883293
SP.RUR.TOTL.ZG	2.03353785960831e-09	0.000161708877817392	0.000218962119553317
NY.GDP.PCAP.KD.ZG_delta1	2.02210269224173e-09	6.87904432620018e-05	0.000328443179329976
SP.POP.0014.TO	2.0025666786135e-09	0.000608333397503523	0.000328443179329976
SP.POP.0014.FE.ZS_lag1	1.96380758225607e-09	3.08016910128366e-05	0.000109481059776659
NE.RSB.GNFS.ZS_isNA_rank	1.96335191503009e-09	6.62236356775987e-05	0.000218962119553317
EN.GHG.ALL.PC.CE.AR5	1.92851494527472e-09	0.000231526044113155	0.000218962119553317
AG.LND.CREL.HA	1.90739526446486e-09	0.000212018306471692	0.000218962119553317
TM.VAL.MRCH.R6.ZS_isNA_rank	1.89541084208195e-09	0.000331631539904874	0.000437924239106635
TX.VAL.OTHR.ZS.WT	1.85862413800476e-09	0.000123206764051346	0.000218962119553317
IS.AIR.DPRT_rank	1.81158927795806e-09	0.000200724353100319	0.000109481059776659
AG.YLD.CREL.KG_ratioavg2	1.8017168749209e-09	0.000221772175292424	0.000437924239106635
AG.PRD.CREL.MT_ratioavg2	1.78702728739284e-09	0.000506687817161162	0.000656886358659952
EG.ELC.NUCL.ZS	1.77851917505313e-09	0.000422496528392742	0.000437924239106635
EG.ELC.FOSL.ZS	1.749552417917e-09	2.1047822192105e-05	0.000109481059776659
SP.POP.7579.MA.5Y	1.74721690911315e-09	0.000188917038212065	0.000109481059776659
NY.ADJ.NNTY.CD	1.7464730004019e-09	0.000157601985682347	0.000109481059776659
NY.ADJ.DFOR.GN.ZS_rank	1.72838247627644e-09	0.000187890315178303	0.000218962119553317
SE.PRM.DURS_rank	1.69689082974781e-09	0.000119613233433182	0.000328443179329976
IT.MLT.MAIN_lag1	1.69609625435979e-09	5.39029592724641e-05	0.000109481059776659
IS.AIR.PSGR_isNA_rank	1.66602061186102e-09	0.000545703292444089	0.000656886358659952
SE.ENR.PRIM.FM.ZS_isNA_rank	1.62886550458125e-09	0.000551863630646656	0.000328443179329976
BX.KLT.DINV.CD.WD_rank	1.62741775911729e-09	0.000139634332591526	0.000109481059776659
DT.NFL.UNDP.CD_lag1	1.62063759512674e-09	5.1336151688061e-05	0.000109481059776659
ER.FSH.CAPT.MT_ratioavg2	1.60032402427718e-09	0.000223312259843065	0.000437924239106635
BX.GSR.MRCH.CD_avg2	1.59277997967708e-09	0.000148361478378496	0.000109481059776659
FS.AST.PRVT.GD.ZS_min2	1.56459860409165e-09	0.000385534499177338	0.000328443179329976
AG.LND.CREL.HA_ratioavg2	1.56298416002783e-09	0.000272594965463604	0.000547405298883293
EN.GHG.CO2.RT.GDP.KD_max2	1.56072491913313e-09	0.0001006188573086	0.000437924239106635
EN.GHG.CH4.PI.MT.CE.AR5_max2	1.55607588841382e-09	0.000117046425848779	0.000109481059776659
SE.PRM.ENRR_isNA_rank	1.53872712272748e-09	0.00043789737389916	0.000547405298883293
NE.EXP.GNFS.KD_isNA_rank	1.5224556291316e-09	0.000164789046918676	0.000328443179329976
AG.PRD.CROP.XD_tend2	1.51811856142186e-09	0.000206371329786005	0.000547405298883293
NE.IMP.GNFS.KD_lag1	1.47035425092986e-09	2.20745452258662e-05	0.000109481059776659
NY.GDP.DEFL.KD.ZG_delta1	1.45614508189748e-09	0.000122693402534466	0.000218962119553317
AG.PRD.FOOD.XD_ratioavg2	1.44679562753124e-09	0.000281322111250574	0.000328443179329976
SE.PRM.TCHR_isNA_rank	1.44401927734284e-09	0.000170436023604363	0.000437924239106635
DC.DAC.CECL.CD_tend2	1.44166104115952e-09	7.2383973880166e-05	0.000328443179329976
FM.LBL.BMNY.GD.ZS	1.39788276823417e-09	9.70253266904353e-05	0.000218962119553317
AG.LND.CROP.ZS_ratioavg2	1.39518110796137e-09	0.000222798898326185	0.000218962119553317
EN.GHG.CO2.FE.MT.CE.AR5_lag1	1.37790724579381e-09	0.000139120971074645	0.000109481059776659
SE.PRM.ENRR.MA_isNA_rank	1.37087927362192e-09	7.13572508464048e-05	0.000218962119553317
SP.POP.65UP.MA.IN	1.36529588558677e-09	0.000115506341298137	0.000109481059776659
BX.GRT.EXTA.CD.WD_ratioavg2	1.36138372958114e-09	0.00015965543174987	0.000437924239106635
BM.GSR.TRAN.ZS_avg2	1.34169153686517e-09	0.000213558391022334	0.000328443179329976
BX.GSR.MRCH.CD_isNA_rank	1.33059954727691e-09	7.18706123632854e-05	0.000328443179329976
high_inflation_rank	1.3064924563012e-09	0.000728973353970466	0.000656886358659952
NY.GDP.FCST.KD_delta1	1.30367600033377e-09	0.00029415614917259	0.000328443179329976
AG.LND.CREL.HA_tend2	1.28266185018016e-09	0.000346519023894412	0.000766367418436611
IT.MLT.MAIN.P2_ratioavg2	1.28135806614645e-09	0.000139634332591526	0.000437924239106635
TX.VAL.MMTL.ZS.UN_rank	1.26367533543191e-09	2.66947988777917e-05	0.000109481059776659
SP.DYN.TFRT.IN_lag1	1.26296415072944e-09	0.000414796105639533	0.000328443179329976
AG.LND.CROP.ZS_min2	1.24324176943007e-09	0.000114479618264376	0.000109481059776659
FM.LBL.BMNY.GD.ZS_max2	1.24195692487925e-09	0.000264381181193514	0.000328443179329976
TX.VAL.TRAN.ZS.WT_delta1	1.1870092111838e-09	0.00103339673348067	0.00109481059776659
TX.VAL.MRCH.R2.ZS_lag1	1.18307818088876e-09	0.000156575262648586	0.000218962119553317
DT.ODA.ALLD.KD_min2	1.16218180797429e-09	2.56680758440305e-05	0.000109481059776659
EN.POP.DNST_min2	1.15901205054985e-09	0.000128853740737033	0.000109481059776659
NV.SRV.TOTL.KD.ZG_lag1	1.15314277600462e-09	0.000127827017703272	0.000218962119553317
SH.DYN.NMRT_delta1	1.13509176846938e-09	0.000147848116861616	0.000218962119553317
MS.MIL.MPRT.KD_avg2	1.13284706950189e-09	0.000272594965463604	0.000328443179329976
TX.VAL.TRVL.ZS.WT_isNA_rank	1.13252247809369e-09	0.000186350230627661	0.000328443179329976
EN.GHG.N2O.PI.MT.CE.AR5_lag1	1.11765061228307e-09	8.26512042177782e-05	0.000109481059776659
BM.GSR.MRCH.CD_tend2	1.10528243930834e-09	0.000178649807874452	0.000328443179329976
BM.GSR.NFSV.CD_ratioavg2	1.09682985133797e-09	0.000445084435135489	0.000656886358659952
AG.PRD.LVSK.XD_lag1	1.09541993855909e-09	0.000167355854503079	0.000328443179329976
DC.DAC.FRAL.CD	1.08547161204792e-09	0.000570858006771239	0.000656886358659952
NV.IND.TOTL.KD.ZG_lag1	1.08210039121436e-09	0.000114479618264376	0.000328443179329976
NY.GDS.TOTL.ZS_isNA_rank	1.05934567232308e-09	0.000103185664893003	0.000328443179329976
TX.VAL.OTHR.ZS.WT_delta1	1.05526511890472e-09	0.000510794709296207	0.000875848478213269
EN.GHG.CO2.RT.GDP.KD_rank	1.03018167222088e-09	5.23628747218222e-05	0.000218962119553317
NE.CON.GOVT.ZS_max2	1.02999796101691e-09	0.000630407942729389	0.000656886358659952
EG.ELC.NUCL.ZS_ratioavg2	1.02876802316619e-09	0.000659669549191584	0.000766367418436611
BM.KLT.DINV.WD.GD.ZS_ratioavg2	1.02767513846254e-09	6.3143466576315e-05	0.000109481059776659
DT.ODA.ALLD.CD_ratioavg2	1.02692230825804e-09	0.000337278516590561	0.000437924239106635
NE.EXP.GNFS.CD_delta1	1.02554987215893e-09	0.000117046425848779	0.000328443179329976
NY.GDP.MKTP.KD_lag1	1.00226775097022e-09	0.000113452895230615	0.000109481059776659
TM.VAL.MRCH.WL.CD_lag1	9.9765189994649e-10	0.000251547143271499	0.000328443179329976
SE.PRM.ENRR_delta1	9.70603687506317e-10	4.72292595530161e-05	0.000218962119553317
SP.ADO.TFRT_delta1	9.63512855475534e-10	0.000247953612653335	0.000547405298883293
BX.GSR.TRAN.ZS_max2	9.51469893358258e-10	3.69620292154039e-05	0.000109481059776659
AG.LND.AGRI.ZS_tend2	9.44158245469303e-10	0.000282348834284336	0.000437924239106635
BX.PEF.TOTL.CD.WD_ratiomax2	9.34391791394631e-10	0.000231012682596275	0.000218962119553317
SH.STA.MMRT_lag1	9.20993274950391e-10	8.77848193865843e-05	0.000109481059776659
SE.SEC.ENRR.FE_isNA_rank	9.1545377525077e-10	7.70042275320915e-05	0.000109481059776659
NE.CON.TOTL.KD.ZG_tend2	9.13903645327567e-10	0.000697144939923869	0.000985329537989928
EN.URB.LCTY.UR.ZS_max2	9.0617895383927e-10	0.000125260210118869	0.000109481059776659
trade_balance_ratio_rank	8.94511370848769e-10	0.000207911414336647	0.000328443179329976
AG.LND.ARBL.ZS_ratioavg2	8.88374700709632e-10	4.51758134854937e-05	0.000109481059776659
EN.GHG.CO2.TR.MT.CE.AR5_ratioavg2	8.76994232447562e-10	0.000112939533713734	0.000328443179329976
BX.GSR.TRVL.ZS_rank	8.42643154769615e-10	0.000165302408435556	0.000218962119553317
MS.MIL.XPND.CD_min2	8.17052182455216e-10	0.000171462746638124	0.000218962119553317
EN.GHG.CO2.RT.GDP.KD	8.14578235198601e-10	0.000195077376414632	0.000437924239106635
EN.GHG.CO2.FE.MT.CE.AR5	8.11722312926694e-10	8.67580963528231e-05	0.000109481059776659
BM.GSR.INSF.ZS_rank	8.00343492969244e-10	5.95499359581508e-05	0.000218962119553317
EN.GHG.CO2.PI.MT.CE.AR5_avg2	7.98378664021972e-10	3.49085831478815e-05	0.000109481059776659
DT.ODA.ODAT.PC.ZS_tend2	7.98215015497669e-10	2.46413528102693e-05	0.000109481059776659
SP.POP.0509.FE.5Y_delta1	7.8166045139376e-10	0.000272081603946723	0.000328443179329976
BG.GSR.NFSV.GD.ZS_tend2	7.72279448281298e-10	0.000138094248040884	0.000218962119553317
EN.GHG.CH4.FE.MT.CE.AR5	7.64261710682226e-10	0.000125773571635749	0.000218962119553317
MS.MIL.XPND.GD.ZS_min2	7.58913146313223e-10	0.000181729976975736	0.000437924239106635
TM.VAL.MRCH.OR.ZS_rank	7.55626982270096e-10	0.00017659636180693	0.000218962119553317
FP.CPI.TOTL.ZG_ratioavg2	7.52113636993723e-10	2.15611837089856e-05	0.000109481059776659
EG.USE.PCAP.KG.OE_lag1	7.48181686424936e-10	0.000116533064331899	0.000109481059776659
EN.GHG.N2O.AG.MT.CE.AR5_tend2	7.46556935117165e-10	0.000531329169971431	0.000547405298883293
EN.GHG.CO2.FE.MT.CE.AR5_max2	7.28081911008692e-10	0.000109859364612451	0.000109481059776659
NY.GNP.PCAP.CN_isNA_rank	7.25239556544437e-10	0.000368593569120278	0.000547405298883293
BM.KLT.DINV.WD.GD.ZS_isNA_rank	7.20950355529651e-10	2.77215219115529e-05	0.000109481059776659
SP.POP.1014.FE.5Y	7.08848624054579e-10	0.000180189892425094	0.000109481059776659
TM.VAL.SERV.CD.WT_isNA_rank	7.08312159641786e-10	0.000325984563219187	0.000547405298883293
NE.EXP.GNFS.CN_lag1	6.96738291491037e-10	2.36146297765081e-05	0.000109481059776659
EN.GHG.N2O.BU.MT.CE.AR5_delta1	6.9627313494332e-10	0.000166842492986198	0.000328443179329976
SP.POP.7579.MA.5Y_rank	6.94821160136191e-10	2.61814373609111e-05	0.000109481059776659
SP.DYN.LE00.IN_lag1	6.84461747164908e-10	4.00421983166876e-05	0.000109481059776659
TX.VAL.MRCH.AL.ZS_delta1	6.7145251541514e-10	5.08227901711804e-05	0.000109481059776659
TX.VAL.MRCH.R3.ZS	6.67502793060909e-10	6.67369971944793e-05	0.000109481059776659
TM.VAL.MRCH.RS.ZS	6.62938918813521e-10	0.00016786921601996	0.000328443179329976
BX.KLT.DINV.CD.WD_max2	6.62765672385861e-10	0.000198670907032796	0.000218962119553317
AG.SRF.TOTL.K2_ratioavg2	6.53440013415035e-10	0.000213045029505453	0.000109481059776659
BX.GSR.GNFS.CD_isNA_rank	6.38708826665634e-10	0.000391694837379906	0.000547405298883293
SM.POP.NETM	6.37354653639302e-10	0.000166329131469318	0.000328443179329976
SP.POP.65UP.FE.ZS_lag1	6.34900053936668e-10	0.000164275685401795	0.000109481059776659
FS.AST.PRVT.GD.ZS_max2	6.27614077591151e-10	0.000167355854503079	0.000109481059776659
EN.GHG.N2O.BU.MT.CE.AR5_min2	6.20636145526675e-10	4.36357289348519e-05	0.000109481059776659
SP.POP.TOTL.FE.ZS_delta1	6.16159136576734e-10	7.28973353970466e-05	0.000218962119553317
SM.POP.NETM_rank	6.08797060534569e-10	4.41490904517325e-05	0.000109481059776659
AG.PRD.CREL.MT_rank	6.06638699976652e-10	0.000124746848601988	0.000109481059776659
AG.CON.FERT.ZS_ratioavg2	5.92397823330668e-10	0.000191997207313348	0.000547405298883293
DC.DAC.GBRL.CD_max2	5.87576366775955e-10	5.85232129243896e-05	0.000218962119553317
NY.GDP.PCAP.CN_rank	5.83880333810903e-10	9.3431796072271e-05	0.000109481059776659
BX.GSR.TRVL.ZS_isNA_rank	5.8123764937898e-10	0.000250007058720857	0.000437924239106635
BG.GSR.NFSV.GD.ZS_ratioavg2	5.80422622375493e-10	0.000196617460965274	0.000218962119553317
EN.GHG.N2O.WA.MT.CE.AR5_delta1	5.74389744696632e-10	2.77215219115529e-05	0.000109481059776659
BM.GSR.GNFS.CD_tend2	5.71909676373592e-10	0.000340872047208725	0.000437924239106635
SP.URB.GROW_rank	5.60472300661535e-10	0.000358839700299546	0.000328443179329976
FM.LBL.BMNY.GD.ZS_rank	5.47948688645129e-10	0.00014322786320969	0.000109481059776659
SH.IMM.MEAS	5.42832692871089e-10	0.000180189892425094	0.000109481059776659
BX.GSR.TRAN.ZS	5.411670935132e-10	0.000356786254232024	0.000437924239106635
BX.GSR.TRVL.ZS_max2	5.39437455918817e-10	0.000178136446357572	0.000218962119553317
EN.GHG.CO2.IC.MT.CE.AR5	5.36899536731698e-10	0.000103185664893003	0.000109481059776659
NY.GDP.PETR.RT.ZS_lag1	5.34503631625745e-10	9.39451575891516e-05	0.000218962119553317
SE.PRM.ENRR.MA_rank	5.21761222301317e-10	0.000186350230627661	0.000109481059776659
SP.DYN.IMRT.IN_rank	5.03109847398815e-10	0.000127313656186391	0.000109481059776659
EG.ELC.COAL.ZS_min2	5.02009456323046e-10	0.000139634332591526	0.000218962119553317
NE.IMP.GNFS.ZS_delta1	4.82581751305046e-10	0.000430196951145951	0.000547405298883293
BX.KLT.DINV.WD.GD.ZS_isNA_rank	4.81320954913415e-10	4.209564438421e-05	0.000109481059776659
SH.MMR.RISK_rank	4.79795657251114e-10	8.72714578697037e-05	0.000109481059776659
BX.KLT.DINV.WD.GD.ZS_rank	4.78727522037128e-10	0.000157601985682347	0.000437924239106635
TM.VAL.MRCH.R6.ZS_lag1	4.78451210290053e-10	2.82348834284336e-05	0.000109481059776659
NY.ADJ.DFOR.CD_lag1	4.74472665745324e-10	0.000137067525007123	0.000109481059776659
DT.ODA.ODAT.CD_isNA_rank	4.73945857086753e-10	0.000356786254232024	0.000656886358659952
MS.MIL.XPND.CD	4.73756486288254e-10	0.000177623084840691	0.000328443179329976
SP.POP.BRTH.MF_rank	4.72169140459183e-10	7.13572508464048e-05	0.000109481059776659
NE.IMP.GNFS.KD.ZG_isNA_rank	4.65256072563538e-10	6.62236356775987e-05	0.000218962119553317
NY.GNP.MKTP.CN	4.63905658953358e-10	0.000102158941859241	0.000109481059776659
EG.ELC.NUCL.ZS_min2	4.62651615982598e-10	0.000309556994679008	0.000328443179329976
SP.POP.TOTL.FE.ZS	4.62416066844365e-10	0.000266434627261037	0.000328443179329976
AG.LND.ARBL.ZS_tend2	4.54528315130552e-10	0.000174542915739407	0.000218962119553317
NY.GDP.MKTP.KN_isNA_rank	4.53662709561609e-10	0.000342925493276248	0.000547405298883293
BM.TRF.PWKR.CD.DT_rank	4.51826327332856e-10	0.000133473994388959	0.000218962119553317
NY.ADJ.NNTY.CD_lag1	4.50898905000599e-10	2.72081603946723e-05	0.000109481059776659
TX.VAL.MRCH.R6.ZS_lag1	4.48981944528305e-10	0.000106265833994286	0.000109481059776659
TX.VAL.SERV.CD.WT_delta1	4.4851213499109e-10	0.000302369933442679	0.000547405298883293
AG.LND.AGRI.ZS_max2	4.48133697778639e-10	0.000219205367708021	0.000218962119553317
BG.GSR.NFSV.GD.ZS_isNA_rank	4.44641983385351e-10	0.000261814373609111	0.000328443179329976
EN.GHG.CH4.TR.MT.CE.AR5_tend2	4.42488389293627e-10	0.000418389636257697	0.000656886358659952
FM.AST.NFRG.CN_ratiomax2	4.41231082199113e-10	0.00011807314888254	0.000109481059776659
TM.VAL.MRCH.R5.ZS_lag1	4.3963461551381e-10	0.00020175107613408	0.000437924239106635
FI.RES.TOTL.MO_rank	4.32529970476712e-10	0.00010113221882548	0.000109481059776659
DC.DAC.GBRL.CD_avg2	4.29721572689644e-10	5.44163207893447e-05	0.000109481059776659
FM.LBL.BMNY.GD.ZS_lag1	4.22886484198723e-10	0.000239226466866364	0.000328443179329976
SP.POP.0014.FE.IN_lag1	4.20165022910165e-10	0.000180703253941975	0.000109481059776659
EN.URB.LCTY.UR.ZS_ratioavg2	4.12617178843313e-10	0.000279782026699932	0.000437924239106635
NY.GNP.ATLS.CD_isNA_rank	4.08983180694833e-10	7.08438893295242e-05	0.000218962119553317
NV.IND.MANF.KD_rank	3.9437246614484e-10	6.26301050594344e-05	0.000109481059776659
DC.DAC.DEUL.CD	3.93935327215603e-10	0.000136554163490242	0.000328443179329976
TX.VAL.MANF.ZS.UN_isNA_rank	3.86618819854065e-10	0.000281322111250574	0.000547405298883293
EN.URB.LCTY.UR.ZS_tend2	3.77908188549477e-10	7.64908660152109e-05	0.000328443179329976
EG.ELC.FOSL.ZS_lag1	3.71542393388061e-10	0.000228445875011872	0.000218962119553317
NV.AGR.TOTL.KD	3.65604018210717e-10	5.08227901711804e-05	0.000109481059776659
NY.GDP.MINR.RT.ZS_lag1	3.64309938881962e-10	0.000181729976975736	0.000437924239106635
BM.GSR.CMCP.ZS	3.52717081407583e-10	0.00020175107613408	0.000218962119553317
NY.ADJ.DNGY.GN.ZS	3.43766020576868e-10	0.00011755978736566	0.000218962119553317
SH.DTH.MORT_lag1	3.39098553677189e-10	0.000381940968559174	0.000218962119553317
SP.DYN.AMRT.MA_delta1	3.35554959519009e-10	0.000136554163490242	0.000328443179329976
NY.ADJ.DFOR.GN.ZS_delta1	3.35526236119988e-10	0.000579585152558209	0.000547405298883293
NE.GDI.TOTL.ZS	3.27777912998722e-10	0.000119099871916302	0.000328443179329976
EG.ELC.NGAS.ZS_lag1	3.24122876716009e-10	6.93038047788824e-05	0.000109481059776659
BM.GSR.CMCP.ZS_avg2	3.20515759639032e-10	8.36779272515394e-05	0.000218962119553317
BX.GRT.EXTA.CD.WD	3.19066255508806e-10	0.000128340379220153	0.000218962119553317
TM.VAL.MRCH.HI.ZS_rank	3.16638163962106e-10	0.000173516192705646	0.000109481059776659
SP.POP.0509.MA.5Y_delta1	3.12175907872517e-10	3.9528836799807e-05	0.000109481059776659
DT.NFL.UNDP.CD_ratiomax2	3.07789950842554e-10	0.000139120971074645	0.000109481059776659
BM.TRF.PWKR.CD.DT_lag1	3.05501634103573e-10	7.18706123632854e-05	0.000109481059776659
BX.GSR.TRAN.ZS_min2	3.01654748335339e-10	0.000318284140465978	0.000437924239106635
BX.TRF.PWKR.CD.DT	2.97429982502976e-10	0.000356786254232024	0.000328443179329976
EG.USE.PCAP.KG.OE_avg2	2.93684934725824e-10	8.11111196671364e-05	0.000109481059776659
NE.IMP.GNFS.CN_isNA_rank	2.90744743770255e-10	5.03094286542998e-05	0.000218962119553317
TM.VAL.MRCH.WR.ZS_delta1	2.87460050029089e-10	0.000110372726129331	0.000437924239106635
TX.VAL.FOOD.ZS.UN_delta1	2.8613291738664e-10	0.000243333359001409	0.000547405298883293
EN.GHG.CH4.IC.MT.CE.AR5_max2	2.83702688028009e-10	0.000268488073328559	0.000218962119553317
SP.POP.TOTL.MA.ZS_lag1	2.82644811107244e-10	0.000148874839895377	0.000109481059776659
NY.GNP.MKTP.CD_delta1	2.82588676188796e-10	8.00843966333752e-05	0.000218962119553317
EN.GHG.N2O.PI.MT.CE.AR5_rank	2.80523418141485e-10	0.000120126594950063	0.000109481059776659
NY.GDP.TOTL.RT.ZS_rank	2.79750203072514e-10	2.61814373609111e-05	0.000109481059776659
SH.STA.MMRT_delta1	2.76246391618541e-10	0.000127827017703272	0.000218962119553317
EN.GHG.N2O.AG.MT.CE.AR5_ratiomax2	2.76097702437675e-10	0.000105239110960525	0.000109481059776659
BX.PEF.TOTL.CD.WD_min2	2.66775773067556e-10	0.000110372726129331	0.000328443179329976
BX.GSR.TRAN.ZS_tend2	2.65347698232404e-10	0.00015144164747978	0.000437924239106635
BX.PEF.TOTL.CD.WD_max2	2.64473181850366e-10	7.18706123632854e-05	0.000218962119553317
EN.GHG.N2O.BU.MT.CE.AR5_rank	2.62475144727088e-10	0.000124746848601988	0.000109481059776659
SE.SEC.ENRL_lag1	2.59600739994121e-10	5.90365744412702e-05	0.000218962119553317
TM.VAL.FOOD.ZS.UN_isNA_rank	2.57709543626647e-10	3.13150525297172e-05	0.000109481059776659
BX.GSR.TRAN.ZS_rank	2.54028306242587e-10	4.82559825867774e-05	0.000109481059776659
NY.GDP.MKTP.KD.ZG_lag1	2.53065155216676e-10	2.05344606752244e-05	0.000109481059776659
NE.CON.PRVT.ZS_ratioavg2	2.50613115192275e-10	0.000368080207603397	0.000437924239106635
NV.IND.MANF.CD_lag1	2.50516555870036e-10	0.000154521816581064	0.000109481059776659
TM.VAL.MRCH.R3.ZS_rank	2.48723020661259e-10	7.39240584308079e-05	0.000218962119553317
NE.CON.GOVT.ZS	2.47225276030498e-10	0.00031109707922965	0.000328443179329976
BX.TRF.PWKR.CD.DT_ratiomax2	2.42280444053012e-10	7.75175890489721e-05	0.000109481059776659
NY.ADJ.DMIN.GN.ZS_lag1	2.37292651133849e-10	0.000372700461255323	0.000547405298883293
SP.POP.2024.MA.5Y_rank	2.33982444271611e-10	6.62236356775987e-05	0.000109481059776659
SP.POP.GROW_rank	2.33337433837543e-10	0.000157601985682347	0.000109481059776659
EN.GHG.N2O.BU.MT.CE.AR5_lag1	2.30984438052495e-10	0.000104725749443644	0.000109481059776659
TM.VAL.FUEL.ZS.UN_isNA_rank	2.27942910183328e-10	8.31645657346588e-05	0.000218962119553317
EN.GHG.CO2.PC.CE.AR5_max2	2.25586215503033e-10	2.25879067427468e-05	0.000109481059776659
BX.GSR.TRVL.ZS_ratiomax2	2.23055644265665e-10	4.56891750023743e-05	0.000109481059776659
NE.DAB.TOTL.CD_tend2	2.20677024997898e-10	8.57313733190619e-05	0.000218962119553317
BM.GSR.MRCH.CD_lag1	2.14523079700735e-10	0.000125260210118869	0.000109481059776659
BM.GSR.TOTL.CD_ratioavg2	2.12929389856908e-10	0.000327011286252949	0.000437924239106635
IS.AIR.GOOD.MT.K1_rank	2.10806914634984e-10	0.000253600589339021	0.000218962119553317
SP.DYN.LE00.IN_rank	2.0679290840059e-10	6.87904432620018e-05	0.000109481059776659
DT.NFL.UNDP.CD_max2	2.05578659704209e-10	4.92827056205386e-05	0.000218962119553317
NY.GDP.FCST.CD	1.9865003615622e-10	0.000175056277256288	0.000328443179329976
TM.VAL.MRCH.RS.ZS_rank	1.98074249176094e-10	6.10900205087926e-05	0.000218962119553317
SE.PRM.ENRR	1.96991049597101e-10	5.08227901711804e-05	0.000218962119553317
NV.AGR.TOTL.CD_lag1	1.96670452568569e-10	2.1047822192105e-05	0.000109481059776659
NE.IMP.GNFS.ZS	1.95374638603904e-10	0.000113452895230615	0.000218962119553317
IS.AIR.PSGR_tend2	1.94850784789468e-10	0.000106265833994286	0.000218962119553317
TX.VAL.MRCH.R5.ZS	1.93496480041168e-10	5.69831283737477e-05	0.000218962119553317
BX.GSR.TRVL.ZS_min2	1.91835273788895e-10	0.000112939533713734	0.000218962119553317
NY.GDP.MKTP.CD_delta1	1.91657822938437e-10	0.000169409300570601	0.000218962119553317
SP.POP.65UP.MA.ZS_lag1	1.90594581017538e-10	7.49507814645691e-05	0.000109481059776659
SP.POP.0014.MA.ZS	1.84131902569044e-10	8.62447348359425e-05	0.000109481059776659
FS.AST.CGOV.GD.ZS_rank	1.80284236259152e-10	0.000193023930347109	0.000218962119553317
TX.VAL.OTHR.ZS.WT_rank	1.79313626921841e-10	8.05977581502558e-05	0.000109481059776659
AG.PRD.LVSK.XD_rank	1.77793021409624e-10	0.000214585114056095	0.000218962119553317
EN.GHG.CH4.PI.MT.CE.AR5_rank	1.76864438500032e-10	0.000149388201412258	0.000109481059776659
EN.GHG.ALL.PC.CE.AR5_ratiomax2	1.76167522490687e-10	0.000129367102253914	0.000109481059776659
SP.DYN.LE00.MA.IN_rank	1.71455991477853e-10	0.000190457122762706	0.000109481059776659
TM.VAL.MRCH.R6.ZS	1.66204237526089e-10	8.26512042177782e-05	0.000328443179329976
FP.CPI.TOTL.ZG_isNA_rank	1.65816539725319e-10	0.0001853235075939	0.000328443179329976
BX.KLT.DINV.CD.WD_ratioavg2	1.6561003750594e-10	0.000141174417142168	0.000437924239106635
NE.CON.TOTL.KD.ZG_avg2	1.64382493345974e-10	2.25879067427468e-05	0.000109481059776659
NV.IND.MANF.CD_delta1	1.62898289822468e-10	0.000100105495791719	0.000328443179329976
SH.MMR.DTHS_lag1	1.61993133397781e-10	0.00028645572641938	0.000218962119553317
BX.GRT.TECH.CD.WD_min2	1.61472306518556e-10	5.95499359581508e-05	0.000109481059776659
BX.GSR.CMCP.ZS_tend2	1.60074145475205e-10	2.97749679790754e-05	0.000109481059776659
BX.GSR.TRVL.ZS_ratioavg2	1.58615149353204e-10	6.57102741607181e-05	0.000218962119553317
DC.DAC.USAL.CD_max2	1.58467472117452e-10	8.82981809034649e-05	0.000218962119553317
SE.PRM.ENRL.FE.ZS_rank	1.58416910462248e-10	7.80309505658527e-05	0.000218962119553317
SP.POP.65UP.TO.ZS_lag1	1.56824215653283e-10	4.31223674179712e-05	0.000109481059776659
MS.MIL.XPND.CD_ratioavg2	1.56136345739053e-10	6.67369971944793e-05	0.000328443179329976
EG.ELC.NGAS.ZS_rank	1.55282363743723e-10	0.000102672303376122	0.000218962119553317
DT.ODA.ODAT.GN.ZS_tend2	1.5500206651712e-10	8.82981809034649e-05	0.000109481059776659
SP.RUR.TOTL_rank	1.54292704561878e-10	0.000117046425848779	0.000109481059776659
EG.USE.PCAP.KG.OE_isNA_rank	1.53216744351015e-10	4.8769344103658e-05	0.000218962119553317
EN.URB.LCTY.UR.ZS_min2	1.50666747683504e-10	0.000120639956466943	0.000109481059776659
FS.AST.CGOV.GD.ZS_ratiomax2	1.49105657246592e-10	0.000233579490180678	0.000218962119553317
EG.ELC.PETR.ZS_tend2	1.46603128548076e-10	6.21167435425538e-05	0.000218962119553317
AG.PRD.FOOD.XD_rank	1.43987972227321e-10	0.000130907186804556	0.000437924239106635
BX.GSR.TRVL.ZS_lag1	1.42568424164528e-10	0.000113452895230615	0.000218962119553317
DC.DAC.FRAL.CD_lag1	1.40904797076097e-10	3.13150525297172e-05	0.000109481059776659
BX.GSR.FCTY.CD_rank	1.34970060273097e-10	3.2855137080359e-05	0.000109481059776659
DT.NFL.UNDP.CD_ratioavg2	1.34850996964732e-10	9.80520497241965e-05	0.000218962119553317
BM.TRF.PWKR.CD.DT_avg2	1.31964036814234e-10	2.1047822192105e-05	0.000109481059776659
NE.DAB.TOTL.CD	1.31780924144208e-10	6.41701896100763e-05	0.000218962119553317
TX.VAL.MRCH.R1.ZS_lag1	1.31541266259606e-10	0.00020175107613408	0.000328443179329976
SE.ENR.PRIM.FM.ZS_rank	1.31303120062584e-10	6.41701896100763e-05	0.000109481059776659
NY.ADJ.DMIN.CD_delta1	1.28420146281627e-10	7.2383973880166e-05	0.000218962119553317
DT.ODA.ALLD.CD_lag1	1.26745041581763e-10	8.00843966333752e-05	0.000109481059776659
EN.GHG.CO2.RT.GDP.KD_lag1	1.23790676274482e-10	7.18706123632854e-05	0.000218962119553317
NY.GNP.PCAP.CN	1.21413748031972e-10	6.51969126438375e-05	0.000109481059776659
NY.GDP.DEFL.KD.ZG	1.18199711556164e-10	0.000199184268549677	0.000437924239106635
AG.PRD.CROP.XD_max2	1.17675850621621e-10	6.77637202282405e-05	0.000328443179329976
SE.SEC.ENRL_rank	1.16156411026818e-10	3.23417755634784e-05	0.000109481059776659
SP.DYN.IMRT.IN_delta1	1.14917120916411e-10	3.90154752829264e-05	0.000109481059776659
NY.GDP.PETR.RT.ZS_rank	1.13281696569225e-10	2.51547143271499e-05	0.000109481059776659
SH.IMM.IDPT_delta1	1.11273983221419e-10	7.34106969139272e-05	0.000218962119553317
TM.VAL.MRCH.R4.ZS_rank	1.11036442233436e-10	6.72503587113599e-05	0.000109481059776659
NV.IND.TOTL.CN	1.09907983698442e-10	3.49085831478815e-05	0.000109481059776659
TG.VAL.TOTL.GD.ZS_rank	1.09390490809014e-10	7.54641429814497e-05	0.000218962119553317
TX.VAL.FUEL.ZS.UN_lag1	1.09106105751354e-10	0.000164275685401795	0.000218962119553317
NY.GDP.COAL.RT.ZS_rank	1.08464553018931e-10	4.8769344103658e-05	0.000109481059776659
NE.IMP.GNFS.ZS_isNA_rank	1.08126177084847e-10	6.77637202282405e-05	0.000218962119553317
BX.TRF.PWKR.DT.GD.ZS_ratiomax2	1.0785074289088e-10	3.54219446647621e-05	0.000109481059776659
SH.MMR.DTHS_delta1	1.06228668743096e-10	4.8769344103658e-05	0.000218962119553317
NY.GDP.PCAP.CN_delta1	1.05219564550815e-10	2.1047822192105e-05	0.000109481059776659
AG.LND.ARBL.ZS_lag1	1.05172842412959e-10	8.00843966333752e-05	0.000109481059776659
MS.MIL.XPND.GD.ZS_rank	1.04464625237316e-10	5.59564053399865e-05	0.000218962119553317
SE.PRM.AGES_rank	1.03169144805134e-10	9.85654112410771e-05	0.000218962119553317
EN.GHG.N2O.BU.MT.CE.AR5_avg2	1.00732452169965e-10	0.00010934600309557	0.000109481059776659
NY.GDP.DEFL.ZS_rank	9.60964227648468e-11	3.23417755634784e-05	0.000109481059776659
SP.POP.6569.MA.5Y	9.60155454768395e-11	0.000151955008996661	0.000109481059776659
DC.DAC.CANL.CD_max2	9.50851469401293e-11	6.00632974750314e-05	0.000109481059776659
SE.SEC.DURS_rank	9.40423575247154e-11	2.61814373609111e-05	0.000109481059776659
EG.ELC.FOSL.ZS_tend2	9.29593074679566e-11	0.000131933909838317	0.000218962119553317
EN.GHG.CO2.BU.MT.CE.AR5_ratioavg2	8.86678662897105e-11	5.90365744412702e-05	0.000218962119553317
BX.GSR.TRAN.ZS_avg2	8.64934356517657e-11	2.77215219115529e-05	0.000109481059776659
SP.POP.0014.FE.ZS_delta1	8.50783999563702e-11	4.56891750023743e-05	0.000109481059776659
BX.GSR.TRAN.ZS_ratioavg2	8.35717854531264e-11	8.05977581502558e-05	0.000109481059776659
SE.SEC.ENRR.FE_rank	8.23662375267028e-11	5.85232129243896e-05	0.000109481059776659
BM.GSR.CMCP.ZS_ratiomax2	8.10405805262943e-11	3.38818601141203e-05	0.000109481059776659
NY.GDP.MKTP.KD.ZG_delta1	8.08333142305031e-11	0.000105239110960525	0.000328443179329976
TX.VAL.TRVL.ZS.WT_lag1	7.97426510000316e-11	0.000152468370513541	0.000218962119553317
SP.POP.1564.TO_delta1	7.94100192117439e-11	8.11111196671364e-05	0.000109481059776659
SP.POP.7074.FE.5Y_lag1	7.9054683184339e-11	2.97749679790754e-05	0.000109481059776659
EN.GHG.N2O.TR.MT.CE.AR5_lag1	7.89124733002497e-11	6.10900205087926e-05	0.000109481059776659
FP.CPI.TOTL.ZG_ratiomax2	7.81251319402842e-11	0.000108832641578689	0.000218962119553317
NY.GNP.PCAP.CN_rank	7.55982061973672e-11	2.61814373609111e-05	0.000109481059776659
BX.GSR.TRVL.ZS_tend2	7.36354990417875e-11	2.77215219115529e-05	0.000109481059776659
EN.GHG.CH4.AG.MT.CE.AR5_avg2	7.30150529746199e-11	0.000141687778659048	0.000109481059776659
NY.ADJ.DNGY.CD_delta1	7.28538893674321e-11	0.000136040801973362	0.000109481059776659
BX.GRT.EXTA.CD.WD_tend2	7.02975566952845e-11	0.000124233487085108	0.000328443179329976
SE.PRM.ENRR.FE	6.91207214877227e-11	7.03305278126436e-05	0.000328443179329976
FM.AST.NFRG.CN_avg2	6.76771163656058e-11	0.000137580886524004	0.000109481059776659
NE.CON.TOTL.CD_isNA_rank	6.65584194964155e-11	0.000239226466866364	0.000218962119553317
EG.ELC.HYRO.ZS_rank	6.51692653875952e-11	4.00421983166876e-05	0.000109481059776659
NY.GDP.MKTP.KD.ZG	6.49205458326457e-11	0.000167355854503079	0.000109481059776659
DT.NFL.UNDP.CD_min2	6.25834528051268e-11	0.000169922662087482	0.000218962119553317
FM.AST.DOMS.CN_rank	6.13385912115026e-11	8.00843966333752e-05	0.000109481059776659
AG.LND.CREL.HA_ratiomax2	6.12234733320676e-11	0.000112939533713734	0.000109481059776659
DT.ODA.ODAT.KD_ratioavg2	6.09836752703722e-11	7.18706123632854e-05	0.000109481059776659
EN.GHG.CO2.PC.CE.AR5_rank	6.06122050819826e-11	4.56891750023743e-05	0.000109481059776659
SP.DYN.LE00.IN	6.03786655937671e-11	0.000130393825287675	0.000109481059776659
BM.GSR.FCTY.CD_avg2	5.97389881193534e-11	4.72292595530161e-05	0.000109481059776659
MS.MIL.XPND.CD_rank	5.95673401555682e-11	0.000112939533713734	0.000109481059776659
NE.DAB.TOTL.CD_max2	5.68071526085833e-11	2.05344606752244e-05	0.000109481059776659
BX.GSR.CMCP.ZS_rank	5.61799424403851e-11	4.10689213504488e-05	0.000109481059776659
DC.DAC.FRAL.CD_min2	5.57664280240104e-11	6.87904432620018e-05	0.000218962119553317
FS.AST.PRVT.GD.ZS_rank	5.53470573201644e-11	7.13572508464048e-05	0.000109481059776659
NE.CON.GOVT.ZS_lag1	5.38991480937601e-11	2.82348834284336e-05	0.000109481059776659
EN.GHG.N2O.TR.MT.CE.AR5_delta1	5.32952340235194e-11	0.000106265833994286	0.000218962119553317
NE.CON.TOTL.KD_ratioavg2	5.29024542468434e-11	0.000137067525007123	0.000109481059776659
NY.ADJ.DMIN.CD	5.27031072893378e-11	6.26301050594344e-05	0.000218962119553317
crisis_impact_poor_rank	5.18885867034152e-11	4.92827056205386e-05	0.000109481059776659
SP.POP.0509.MA.5Y_rank	4.31628892537943e-11	2.51547143271499e-05	0.000109481059776659
EG.ELC.FOSL.ZS_rank	4.29459235931304e-11	9.0864988487868e-05	0.000218962119553317
BX.KLT.DINV.CD.WD_ratiomax2	4.23335819870134e-11	5.54430438231059e-05	0.000218962119553317
Country_Name	4.16633307759413e-11	2.66947988777917e-05	0.000109481059776659
TX.VAL.AGRI.ZS.UN_isNA_rank	4.01632649905111e-11	0.000111912810679973	0.000218962119553317
MS.MIL.XPND.CD_max2	3.9801839492152e-11	7.18706123632854e-05	0.000109481059776659
DC.DAC.USAL.CD_min2	3.90724308774873e-11	2.72081603946723e-05	0.000109481059776659
BM.KLT.DINV.CD.WD_min2	3.85675868569864e-11	2.31012682596275e-05	0.000109481059776659
EN.GHG.N2O.IP.MT.CE.AR5_ratiomax2	3.80302715914852e-11	0.000141687778659048	0.000109481059776659
SH.DYN.MORT.MA_lag1	3.77720894151992e-11	2.66947988777917e-05	0.000109481059776659
DT.ODA.ALLD.KD_max2	3.7650524279466e-11	2.46413528102693e-05	0.000109481059776659
BX.GRT.TECH.CD.WD_avg2	3.68418012401374e-11	6.51969126438375e-05	0.000109481059776659
EN.GHG.N2O.PI.MT.CE.AR5_delta1	3.68002340592776e-11	0.000124233487085108	0.000109481059776659
EN.URB.MCTY.TL.ZS_max2	3.61163656448149e-11	4.46624519686131e-05	0.000109481059776659
AG.LND.CREL.HA_min2	3.45389310037803e-11	0.000128853740737033	0.000109481059776659
EN.URB.MCTY.TL.ZS_lag1	3.42005087890051e-11	0.000132960632872078	0.000109481059776659
SE.SEC.ENRL.GC_lag1	3.34444852168115e-11	3.64486676985233e-05	0.000109481059776659
SE.TER.ENRR_rank	3.11447914378989e-11	8.05977581502558e-05	0.000218962119553317
AG.PRD.LVSK.XD_ratiomax2	3.09730820631965e-11	0.000105752472477406	0.000109481059776659
NV.IND.MANF.KD_isNA_rank	2.96220062831254e-11	9.3431796072271e-05	0.000109481059776659
BX.TRF.PWKR.CD.DT_min2	2.8860964815983e-11	2.31012682596275e-05	0.000109481059776659
NE.GDI.FTOT.CD_isNA_rank	2.84604218983544e-11	0.000112426172196854	0.000218962119553317
ER.FSH.CAPT.MT	2.78659085935263e-11	3.08016910128366e-05	0.000109481059776659
NY.GDP.MKTP.KN_rank	2.75367638773226e-11	2.05344606752244e-05	0.000109481059776659
TM.VAL.MRCH.R2.ZS	2.71826542882361e-11	2.25879067427468e-05	0.000109481059776659
EN.GHG.CO2.RT.GDP.KD_avg2	2.58552030210279e-11	2.1047822192105e-05	0.000109481059776659
Country_Code	2.48800973365584e-11	4.82559825867774e-05	0.000109481059776659
NE.RSB.GNFS.CD_rank	2.43272655792983e-11	2.20745452258662e-05	0.000109481059776659
NE.GDI.FTOT.ZS	2.41063304593454e-11	3.79887522491651e-05	0.000109481059776659
DC.DAC.TOTL.CD_lag1	2.40252965289984e-11	5.08227901711804e-05	0.000109481059776659
NY.GDP.COAL.RT.ZS_lag1	2.38375237493681e-11	0.00015144164747978	0.000218962119553317
NE.GDI.TOTL.ZS_lag1	2.16609263740602e-11	4.26090059010906e-05	0.000109481059776659
NY.GDP.MKTP.CN	2.10390064448786e-11	2.20745452258662e-05	0.000109481059776659
FD.AST.PRVT.GD.ZS_ratioavg2	2.05293990732308e-11	4.26090059010906e-05	0.000109481059776659
BX.GSR.CMCP.ZS_min2	2.04844640820684e-11	0.000112426172196854	0.000218962119553317
TX.VAL.FUEL.ZS.UN_rank	2.04406896682407e-11	9.44585191060323e-05	0.000109481059776659
SP.POP.0014.FE.IN_rank	1.9704522292625e-11	2.51547143271499e-05	0.000109481059776659
BX.TRF.CURR.CD	1.84885807909599e-11	5.54430438231059e-05	0.000109481059776659
BX.GSR.FCTY.CD_ratioavg2	1.70754150134942e-11	4.72292595530161e-05	0.000218962119553317
TX.VAL.MRCH.AL.ZS	1.53492600411284e-11	6.77637202282405e-05	0.000109481059776659
FI.RES.TOTL.CD_isNA_rank	1.42717022564038e-11	8.82981809034649e-05	0.000109481059776659
FM.AST.PRVT.GD.ZS_ratioavg2	1.42013831960973e-11	4.8769344103658e-05	0.000109481059776659
TX.VAL.MANF.ZS.UN_lag1	1.41075838050816e-11	3.54219446647621e-05	0.000109481059776659
AG.LND.ARBL.ZS_avg2	1.29888522253729e-11	5.90365744412702e-05	0.000109481059776659
EN.GHG.CO2.MT.CE.AR5_ratioavg2	1.24143344042033e-11	6.87904432620018e-05	0.000218962119553317
EN.GHG.CH4.FE.MT.CE.AR5_avg2	1.22858414049935e-11	7.03305278126436e-05	0.000109481059776659
EN.GHG.CO2.PC.CE.AR5_ratioavg2	1.22361608629501e-11	6.36568280931957e-05	0.000109481059776659
EN.GHG.CH4.BU.MT.CE.AR5_delta1	1.07445199433562e-11	5.90365744412702e-05	0.000109481059776659
DT.ODA.ODAT.CD_rank	1.0392079129195e-11	2.77215219115529e-05	0.000109481059776659
EN.GHG.CH4.MT.CE.AR5_rank	9.38449952968543e-12	2.25879067427468e-05	0.000109481059776659
NY.GDP.COAL.RT.ZS_isNA_rank	9.25486019335362e-12	4.00421983166876e-05	0.000109481059776659
NY.GDP.DEFL.KD.ZG_rank	8.90480105476586e-12	7.2383973880166e-05	0.000109481059776659
NY.ADJ.DMIN.GN.ZS	7.59565291093852e-12	8.47046502853007e-05	0.000109481059776659
EG.ELC.PETR.ZS_rank	7.55291269255786e-12	2.46413528102693e-05	0.000109481059776659
NE.CON.TOTL.KD_delta1	6.75874493063118e-12	4.82559825867774e-05	0.000109481059776659
NE.IMP.GNFS.KD_isNA_rank	5.86825859506154e-12	3.49085831478815e-05	0.000109481059776659
SE.SEC.ENRL	5.20401719875383e-12	2.97749679790754e-05	0.000109481059776659
TM.VAL.TRVL.ZS.WT_rank	4.66163597758605e-12	4.26090059010906e-05	0.000109481059776659
NE.GDI.FTOT.ZS_delta1	3.89914690382171e-12	2.61814373609111e-05	0.000109481059776659
DT.ODA.ALLD.KD_avg2	3.85880260122717e-12	3.23417755634784e-05	0.000109481059776659
BM.GSR.TOTL.CD_tend2	3.74231677136005e-12	7.18706123632854e-05	0.000109481059776659
NY.ADJ.DFOR.CD_isNA_rank	3.20738451645226e-12	2.15611837089856e-05	0.000109481059776659
FP.CPI.TOTL_tend2	1.38369409976799e-12	2.25879067427468e-05	0.000109481059776659
