Feature	Gain	Cover	Frequency
NE.CON.PRVT.PC.KD	0.329235092014534	0.00171037603491011	0.000933358222885944
NY.GDP.PCAP.KD	0.316275121995086	0.00479809606539602	0.00280007466865783
EN.URB.LCTY_lag2	0.101806698676862	0.00106518080465932	0.00130670151204032
SP.URB.TOTL.IN.ZS	0.0923114168732912	0.000538242382109484	0.000466679111442972
NY.GDP.DEFL.ZS	0.0188191312164977	0.000441723958177089	0.00102669404517454
NY.GDP.DEFL.ZS_lag1	0.0103791801128294	0.0004912874731694	0.000746686578308755
SH.IMM.IDPT_rank	0.00755669762122369	0.000676063735202139	0.000560014933731566
EG.ELC.PETR.ZS_lag1	0.00624412848432961	0.000116952504674839	0.000280007466865783
EG.ELC.PETR.ZS_lag2	0.00543291191947785	0.00024173082750636	0.000466679111442972
NY.GDP.DEFL.ZS_lag2	0.00535095059086557	0.000108691918842788	0.000186671644577189
FP.CPI.TOTL_rank	0.00485876315192299	0.000457810362165821	0.000840022400597349
EG.ELC.PETR.ZS_avg2	0.00381915770981739	0.000127821696559118	0.000280007466865783
SP.POP.BRTH.MF_lag2	0.00351876376859112	0.000820841371100732	0.000746686578308755
SE.ENR.PRIM.FM.ZS	0.0033450863034015	0.000172167999446976	0.000560014933731566
SH.DTH.MORT	0.00315905706580797	0.000583458220348084	0.000560014933731566
EN.GHG.CH4.WA.MT.CE.AR5_min2	0.00269929185360517	3.95638584587747e-05	9.33358222885944e-05
FP.CPI.TOTL_max2	0.00265234714665929	9.47793532309108e-05	0.000186671644577189
PA.NUS.ATLS	0.00265197555971164	0.000233905009349679	0.000373343289154377
NE.TRD.GNFS.ZS	0.00256514358843417	0.003655961382196	0.00214672391263767
SM.POP.RHCR.EO_lag2	0.00232713396095743	0.000465201412647131	0.000560014933731566
SE.SEC.ENRL_delta2	0.00231857846213809	0.000806928805488855	0.000840022400597349
EN.GHG.CH4.WA.MT.CE.AR5_lag2	0.00204350855975116	9.17359795033127e-05	0.000280007466865783
EN.URB.LCTY_tend2	0.0019992715432039	9.17359795033127e-05	0.000280007466865783
AG.LND.ARBL.HA.PC_lag2	0.00182346008310261	0.000411290220901108	0.000373343289154377
SP.ADO.TFRT_lag2	0.00178801760363023	0.00078605995707104	0.00121336568975173
PA.NUS.ATLS_lag1	0.00176294268019632	0.000146516706600078	0.000373343289154377
FP.CPI.TOTL_min2	0.00174654816268222	0.000216949070010204	0.000466679111442972
TM.VAL.MRCH.RS.ZS_lag1	0.00167575655218289	0.000788668563123267	0.000560014933731566
NY.ADJ.DMIN.CD_lag1	0.00163496094176157	0.000148255777301562	0.000373343289154377
SH.MMR.RISK_lag2	0.00154090135684592	0.000496939452949225	0.000466679111442972
ER.FSH.AQUA.MT_min2	0.00151374075980994	4.26072321863727e-05	9.33358222885944e-05
SP.POP.0014.FE.IN	0.00143450773782617	9.73879592831377e-05	0.000373343289154377
TM.VAL.MRCH.WR.ZS	0.00141665285311396	0.000211297090230379	0.000280007466865783
SG.LAW.INDX	0.00139760229502938	7.69538785406936e-05	9.33358222885944e-05
SM.POP.RHCR.EA_delta2	0.00133627513302467	0.000112604827921128	0.000186671644577189
TM.VAL.MRCH.RS.ZS_lag2	0.00124549029046964	0.000167385555017893	0.000373343289154377
ER.FSH.AQUA.MT_lag1	0.0011263361688508	0.000140864726820253	0.000186671644577189
SP.POP.5054.MA.5Y_delta2	0.00111943584458217	0.00197297571083428	0.00149337315661751
IT.CEL.SETS.P2_min2	0.00106188016551133	0.000536938079083371	0.000653350756020161
TM.VAL.MRCH.R4.ZS_lag2	0.00100555651759708	0.000167385555017893	0.000373343289154377
AG.PRD.CROP.XD_rank	0.000996520404153127	5.56502624475072e-05	0.000186671644577189
SE.ENR.PRIM.FM.ZS_lag1	0.000970483212182116	0.000269121191054742	0.000653350756020161
BM.GSR.TRAN.ZS_tend2	0.000939978593721624	0.000101300868361478	0.000466679111442972
NE.CON.PRVT.KD.ZG_lag2	0.000931820897408072	0.000152168686379903	0.000560014933731566
SM.POP.RHCR.EO	0.000895860367706199	0.00215166522541182	0.00186671644577189
NE.EXP.GNFS.ZS	0.000893877267424759	0.00201993061977436	0.0016800448011947
AG.CON.FERT.ZS_lag2	0.000893854192725211	0.00477505337860134	0.00298674631323502
SP.DYN.AMRT.MA	0.000892142988612807	0.00278686079912907	0.00149337315661751
SP.POP.7074.MA.5Y_delta2	0.000872718688113032	0.00039302997853552	0.000373343289154377
SH.DYN.MORT	0.00075931792928872	0.000723453411817594	0.000466679111442972
TM.VAL.MRCH.R4.ZS_lag1	0.000742589720364701	0.000243035130532473	0.000373343289154377
SH.DTH.NMRT_lag2	0.000729107385620029	0.00684802565477099	0.00354676124696659
IT.MLT.MAIN	0.000659807943941098	1.7390707014846e-05	9.33358222885944e-05
SP.DYN.AMRT.MA_lag2	0.000653917980288401	0.00102605171387591	0.000746686578308755
BG.GSR.NFSV.GD.ZS_rank	0.000647417958574464	0.000312597958591857	0.000373343289154377
FS.AST.CGOV.GD.ZS_lag2	0.000633474000108382	0.000787799027772524	0.000746686578308755
DC.DAC.JPNL.CD_avg2	0.00060800027049728	9.2605514854055e-05	9.33358222885944e-05
NV.SRV.TOTL.ZS_rank	0.000595859973901827	0.000452593150061368	0.000280007466865783
NY.GDP.PCAP.KD_lag1	0.000578219938454777	0.000632152199989653	0.000466679111442972
SP.DYN.AMRT.FE	0.000561194365992469	0.000446506402606171	0.000280007466865783
TX.VAL.MRCH.R1.ZS_lag2	0.000541773174628007	0.00122039286476682	0.000933358222885944
SP.DYN.CDRT.IN_rank	0.000527412684125907	0.000185645797383481	0.000373343289154377
NY.GNP.PCAP.CD	0.000519190051581211	0.000334771110035786	0.000373343289154377
SP.DYN.TO65.MA.ZS_lag2	0.000503580079486988	0.000625630684859085	0.000560014933731566
TX.VAL.MRCH.HI.ZS_lag2	0.000498376805470249	0.000119995878402437	0.000186671644577189
NE.EXP.GNFS.CN	0.00049472430876765	0.00233035473998937	0.0015867089789061
FI.RES.TOTL.MO_min2	0.000481433757290099	0.000579545311269743	0.000653350756020161
SP.POP.6064.MA.5Y_delta1	0.000477356894258555	0.000904751532447364	0.000746686578308755
AG.LND.ARBL.HA.PC_min2	0.000476615065235245	0.0060024025261741	0.00308008213552361
SP.POP.4549.FE.5Y_lag1	0.000455800643059283	0.00462418899524756	0.00252006720179205
PA.NUS.FCRF	0.000437771092672951	0.00422289843087998	0.00270673884636924
SP.POP.1519.FE.5Y_delta2	0.00042333180356346	0.000174776605499202	0.000373343289154377
FP.CPI.TOTL	0.000408849260515771	0.00083910161346632	0.00102669404517454
trade_balance_ratio	0.000403024985533233	0.000306945978812032	0.000560014933731566
EN.GHG.CH4.WA.MT.CE.AR5	0.000395486089588661	3.26075756528363e-05	9.33358222885944e-05
SP.POP.6064.FE.5Y_delta2	0.000394553503486585	0.00128039080396804	0.00149337315661751
SP.POP.5054.FE.5Y_delta2	0.000384505422260801	0.000869100583066929	0.000746686578308755
AG.LND.AGRI.K2	0.000379717992759492	0.000378247877572901	0.000186671644577189
NY.GDS.TOTL.ZS	0.000360593048366686	0.000771277856108421	0.000466679111442972
SP.DYN.TO65.FE.ZS	0.00035293047822305	0.000455201756113594	0.000466679111442972
SP.DYN.LE00.MA.IN	0.000345074895797034	7.91277169175494e-05	0.000186671644577189
NY.ADJ.DRES.GN.ZS	0.000338295885439276	0.000447810705632285	0.000466679111442972
SP.POP.0509.FE.5Y_lag2	0.000329944530862148	0.00189167415553987	0.00112002986746313
BM.GSR.CMCP.ZS_min2	0.000298950192473604	0.000201297433696843	0.000280007466865783
BG.GSR.NFSV.GD.ZS	0.000290662546837923	0.000134343211689685	0.000373343289154377
FP.CPI.TOTL_lag2	0.000290145908871664	0.000447810705632285	0.000653350756020161
SM.POP.NETM_lag2	0.000264813419915184	0.000454766988438223	0.000466679111442972
BM.GSR.TRAN.ZS_lag2	0.000264252123636526	9.825749463388e-05	0.000186671644577189
EN.GHG.CH4.WA.MT.CE.AR5_delta2	0.000261919753461234	9.78227269585088e-05	9.33358222885944e-05
SP.POP.3034.FE.5Y_delta1	0.000259579908446115	0.00295424635414697	0.00186671644577189
SP.POP.0509.MA.5Y	0.000256900042733195	0.00612109410155043	0.00354676124696659
DT.NFL.UNDP.CD_lag1	0.000240422998270812	0.00015129915102916	0.000280007466865783
NY.GDP.FRST.RT.ZS	0.000236022505167733	0.000223470585140771	0.000373343289154377
SP.POP.0509.MA.5Y_lag2	0.000231756513626938	0.00195254163009184	0.00121336568975173
SP.POP.4549.FE.5Y_lag2	0.000227092035267086	0.00158342387370173	0.00102669404517454
SH.DYN.MORT.FE	0.000222579401923677	0.000433463372345037	0.000373343289154377
SP.POP.5559.FE.5Y_lag1	0.000220502420547588	0.00303380883873989	0.0016800448011947
NE.RSB.GNFS.CN	0.000212303970949747	8.17363229697763e-05	0.000186671644577189
IT.CEL.SETS.P2	0.000210183255546422	0.000346075069595436	0.000466679111442972
SH.DYN.MORT.MA	0.000208510616803437	0.00121691472336385	0.000653350756020161
SP.POP.4549.MA.5Y	0.0002033525497266	0.00135517084413188	0.000840022400597349
TX.VAL.MRCH.OR.ZS_lag2	0.000198930208537447	3.04337372759805e-05	9.33358222885944e-05
NY.ADJ.NNTY.PC.CD	0.000187510364164163	0.000583892988023455	0.000466679111442972
NY.GNP.MKTP.CN_delta1	0.000179932040016663	0.000360857170558055	0.000373343289154377
EG.USE.PCAP.KG.OE_lag2	0.000177655457544162	0.000527373190225205	0.000373343289154377
SP.POP.TOTL.FE.IN_delta2	0.000172693832448641	0.000165211716641037	0.000280007466865783
SP.RUR.TOTL.ZG_lag2	0.000166245695212919	0.000277381776886794	0.000280007466865783
SP.POP.3539.FE.5Y	0.000165836505654389	0.000163037878264181	0.000280007466865783
SP.POP.6064.FE.5Y_delta1	0.000164328865196412	0.00110083175403975	0.00102669404517454
AG.YLD.CREL.KG_min2	0.000163983291096266	0.0019003695090473	0.00140003733432892
SE.PRM.ENRR	0.000159757186405382	6.91280603840129e-05	0.000280007466865783
ER.H2O.INTR.PC_lag2	0.000159557599347241	2.26079191192998e-05	9.33358222885944e-05
SP.POP.4549.FE.5Y	0.000153768537632651	0.00135604037948262	0.000840022400597349
SP.POP.1564.FE.IN_delta2	0.000150566360211916	0.000360857170558055	0.000280007466865783
BM.TRF.PWKR.CD.DT_min2	0.000143200975234183	0.000176080908525316	0.000560014933731566
EN.GHG.N2O.PI.MT.CE.AR5	0.000142341074653035	2.39122221454133e-05	9.33358222885944e-05
NY.GSR.NFCY.CN	0.000141431815923606	0.00105387684509967	0.000840022400597349
EN.GHG.N2O.WA.MT.CE.AR5	0.000140539058492457	8.60839997234878e-05	0.000186671644577189
EN.GHG.CO2.PC.CE.AR5	0.000137453414846978	0.000199993130670729	0.000186671644577189
NV.SRV.TOTL.KD_delta1	0.000135871243166678	7.30409694623533e-05	0.000280007466865783
NY.GSR.NFCY.CD	0.000135864252344098	0.00134212781387074	0.00112002986746313
SP.POP.5559.MA.5Y_delta2	0.000134174300307289	0.00171037603491011	0.00130670151204032
SP.POP.4549.MA.5Y_lag2	0.000132309904911546	0.00178863421647691	0.00102669404517454
SE.PRM.ENRR.MA_lag1	0.00013170228013401	0.000169124625719377	0.000280007466865783
BX.KLT.DINV.WD.GD.ZS	0.000126920945628276	0.00035520519077823	0.000653350756020161
NE.IMP.GNFS.CN	0.000122400568544414	0.00172863627727569	0.00121336568975173
EG.USE.ELEC.KH.PC_lag2	0.000121420018189079	0.00308728526281054	0.0016800448011947
AG.PRD.LVSK.XD_max2	0.000120905314319664	3.4781414029692e-05	9.33358222885944e-05
FM.AST.DOMS.CN_lag1	0.000120567552420529	0.000331727736308188	0.000373343289154377
trade_balance_ratio_lag1	0.000119789199816881	0.000828667189257413	0.00112002986746313
NY.ADJ.DKAP.GN.ZS_lag1	0.000119314069932132	7.47800401638378e-05	0.000186671644577189
FM.AST.NFRG.CN	0.000118859367506187	0.00171472371166382	0.00140003733432892
SP.POP.5559.FE.5Y_delta2	0.00011797439071109	0.000236948383077277	0.000373343289154377
EN.GHG.N2O.BU.MT.CE.AR5_delta2	0.000117265671040379	0.00116995981442377	0.00149337315661751
SP.POP.4044.FE.5Y_delta1	0.000115452596283633	0.00385682404821747	0.00214672391263767
SP.POP.5559.FE.5Y_lag2	0.000114756397457642	0.00290729144520688	0.0015867089789061
SP.POP.6569.FE.5Y_delta2	0.000114054900554545	0.000789103330798638	0.000653350756020161
NY.GDS.TOTL.ZS_lag1	0.000113969106056525	0.00129169476352769	0.000840022400597349
NY.ADJ.DKAP.CD	0.000113445875164723	0.000148690544976933	0.000373343289154377
SP.POP.TOTL_delta2	0.00011254277941283	2.26079191192998e-05	9.33358222885944e-05
SE.SEC.ENRL.GC.FE.ZS_lag2	0.000112025235169972	0.000111300524895014	0.000280007466865783
SP.DYN.TFRT.IN_lag2	0.000109798638692229	0.00295642019252382	0.0015867089789061
DT.ODA.ODAT.KD	0.000104850389890451	8.86926057757147e-05	9.33358222885944e-05
SP.POP.0509.FE.5Y	0.000103163245916581	0.0013443016522476	0.000840022400597349
EN.GHG.N2O.BU.MT.CE.AR5_ratioavg2	0.0001022453383392	0.000286511898069588	0.000746686578308755
DC.DAC.CECL.CD	0.00010121735413556	0.00109213640053233	0.000933358222885944
TX.VAL.FUEL.ZS.UN_rank	9.75571012111122e-05	4.78244442908265e-05	9.33358222885944e-05
SP.POP.5054.FE.5Y_lag1	9.72305720066722e-05	0.000626065452534456	0.000466679111442972
SP.POP.0004.MA.5Y_lag1	9.6462441488354e-05	0.0035098794432713	0.00177338062348329
EN.GHG.CH4.BU.MT.CE.AR5_rank	9.31488384338431e-05	0.000112170060245757	0.000186671644577189
TM.VAL.MRCH.R1.ZS	9.29924511610338e-05	0.000405638241121283	0.000466679111442972
NY.GDP.PCAP.KD_delta1	9.25603426117917e-05	0.00127778219791581	0.000933358222885944
SE.SEC.ENRR_lag1	9.24285107131859e-05	0.000180863352954399	0.000560014933731566
AG.PRD.CROP.XD	9.21196691649712e-05	0.0013773439955758	0.00112002986746313
SP.POP.6064.FE.5Y	9.1454849300074e-05	0.000383465089677355	0.000466679111442972
SP.POP.DPND.OL_delta1	9.11336233661932e-05	0.000187819635760337	0.000280007466865783
NY.ADJ.DKAP.GN.ZS_isNA_rank	8.51996089679291e-05	0.000204775575099812	0.000280007466865783
DC.DAC.FRAL.CD_min2	8.30363358046924e-05	0.000201297433696843	0.000373343289154377
EN.URB.LCTY.UR.ZS	8.23285719125997e-05	0.00016260311058881	0.000186671644577189
EN.GHG.N2O.BU.MT.CE.AR5_tend2	8.12220133056378e-05	0.000282164221315877	0.000466679111442972
SP.POP.5559.FE.5Y	8.07269540315258e-05	0.00457288640955376	0.00261340302408064
NV.IND.MANF.ZS	8.06192154811625e-05	0.00247730621426481	0.00177338062348329
SE.ENR.PRIM.FM.ZS_lag2	7.74806842379735e-05	0.000414768362304077	0.000560014933731566
BX.KLT.DINV.CD.WD_lag2	7.73165172729609e-05	0.000143908100547851	0.000280007466865783
BX.PEF.TOTL.CD.WD_lag1	7.58005822822449e-05	0.000949967370685963	0.000933358222885944
NV.AGR.TOTL.ZS_rank	7.42225881558184e-05	2.82598988991248e-05	9.33358222885944e-05
NY.ADJ.DKAP.GN.ZS_lag2	7.27024509817478e-05	4.13029291602593e-05	0.000186671644577189
NE.GDI.FTOT.ZS_isNA_rank	7.26494667682681e-05	0.000759973896548771	0.000746686578308755
FS.AST.PRVT.GD.ZS_min2	7.21562735538934e-05	0.000773451694485276	0.000840022400597349
SE.SEC.ENRR.FE	7.15685296772983e-05	0.00043476767537115	0.000466679111442972
NE.CON.PRVT.ZS_tend2	7.05361925783091e-05	0.000123039252130036	0.000373343289154377
SE.TER.ENRR_delta1	6.96883355541362e-05	0.00632065246454578	0.00392010453612096
TX.VAL.MRCH.R1.ZS	6.86889822052378e-05	0.000651716745381354	0.000933358222885944
NE.CON.PRVT.PC.KD_max2	6.78709410150987e-05	0.000509112947859617	0.000373343289154377
ER.FSH.PROD.MT	6.7434879970514e-05	3.65204847311766e-05	9.33358222885944e-05
SE.PRM.ENRL.FE.ZS_delta2	6.66251985348849e-05	0.000358683332181199	0.000466679111442972
IT.CEL.SETS.P2_tend2	6.17647017000634e-05	6.60846866564148e-05	0.000186671644577189
SH.IMM.MEAS_lag2	6.16442578573601e-05	0.000489113634792544	0.000373343289154377
TX.VAL.MRCH.WR.ZS	6.11525328457696e-05	0.00032129331209928	0.000373343289154377
FM.AST.NFRG.CN_rank	5.96986894740451e-05	0.000186950100409595	0.000186671644577189
SP.URB.TOTL.IN.ZS_delta1	5.79201845920413e-05	0.000492591776195513	0.000373343289154377
BX.KLT.DINV.WD.GD.ZS_lag2	5.63028880025736e-05	0.000300424463681465	0.000653350756020161
SE.PRM.ENRL.FE.ZS_delta1	5.46520603906922e-05	0.000295642019252382	0.000746686578308755
SP.URB.GROW	5.29821383246177e-05	0.00105735498650264	0.00112002986746313
SM.POP.RHCR.EO_delta2	5.15323802417322e-05	9.21707471786839e-05	0.000373343289154377
TX.VAL.MRCH.R3.ZS_delta2	5.06217770311205e-05	0.000252600019390638	0.000746686578308755
SE.PRM.ENRL_delta2	5.05270577419623e-05	0.000282164221315877	0.000560014933731566
NV.IND.TOTL.KD.ZG	5.03868701147027e-05	0.000127386928883747	0.000466679111442972
BX.KLT.DINV.WD.GD.ZS_min2	5.0197812646497e-05	0.000311293655565744	0.000466679111442972
NY.ADJ.DMIN.CD	4.98999298286324e-05	9.04316764771993e-05	0.000186671644577189
FM.AST.NFRG.CN_lag2	4.98583123275084e-05	0.000716931896687027	0.000560014933731566
FP.CPI.TOTL.ZG_lag2	4.9533897793556e-05	0.000747800401638379	0.00102669404517454
SE.PRM.ENRR.FE_delta1	4.94730408968362e-05	8.0866787619034e-05	0.000373343289154377
SE.TER.ENRR_lag1	4.88224766658134e-05	0.000786929492421782	0.000653350756020161
SH.IMM.MEAS	4.79990327786805e-05	0.000125213090506891	0.000280007466865783
SP.POP.4044.FE.5Y	4.70578747273417e-05	0.00093344619902186	0.000653350756020161
year	4.68219191175072e-05	0.00051780830136704	0.000560014933731566
SE.PRM.ENRR_lag1	4.67004186220442e-05	0.00053302517000503	0.000746686578308755
NY.GSR.NFCY.CN_lag1	4.62744587884533e-05	0.00810450423659361	0.00429344782527534
EN.GHG.CH4.TR.MT.CE.AR5	4.59807085573969e-05	2.34774544700421e-05	9.33358222885944e-05
EG.USE.PCAP.KG.OE	4.59133420177729e-05	0.000780842744966586	0.000560014933731566
BM.KLT.DINV.CD.WD	4.5670901193133e-05	0.0045120189350018	0.00289341049094643
SP.RUR.TOTL_lag1	4.54794695243819e-05	2.69555958730113e-05	9.33358222885944e-05
SH.DTH.NMRT	4.51494326282979e-05	0.000180428585279027	9.33358222885944e-05
NV.IND.TOTL.ZS_rank	4.31089686512103e-05	0.000376508806871416	0.000560014933731566
SH.IMM.MEAS_rank	4.30857391603935e-05	0.000164342181290295	0.000280007466865783
AG.PRD.FOOD.XD	4.25404221324546e-05	7.73886462160648e-05	0.000186671644577189
FM.AST.NFRG.CN_min2	4.24429997716567e-05	0.000710845149231831	0.000466679111442972
NV.IND.MANF.ZS_rank	4.23284236780892e-05	5.65197977982495e-05	0.000186671644577189
DC.DAC.DEUL.CD_delta2	4.22631247870268e-05	0.000586501594075682	0.000933358222885944
TX.VAL.MRCH.OR.ZS	4.21341821443548e-05	7.39105048130956e-05	0.000280007466865783
SP.POP.0509.MA.5Y_lag1	4.1544245181739e-05	0.000861274764910249	0.000560014933731566
TX.VAL.MRCH.CD.WT_delta2	3.96988579842024e-05	0.000650412442355241	0.000840022400597349
SP.POP.80UP.FE.5Y_delta2	3.87768665292542e-05	0.00270077679940559	0.00140003733432892
SP.POP.5054.MA.5Y_lag1	3.86413787509751e-05	0.000479548745934379	0.000373343289154377
SP.URB.TOTL_delta1	3.84619774757749e-05	2.3042686794671e-05	9.33358222885944e-05
SH.DYN.MORT_lag2	3.79864198963187e-05	0.0010051828654581	0.000653350756020161
TX.VAL.AGRI.ZS.UN_lag1	3.79496013953762e-05	9.95617976599934e-05	0.000186671644577189
SP.RUR.TOTL.ZS_lag2	3.77530372828097e-05	8.86926057757147e-05	0.000186671644577189
TX.VAL.FOOD.ZS.UN	3.72032778723021e-05	0.000996487511950676	0.00112002986746313
TM.VAL.MRCH.R3.ZS_delta1	3.69318247268677e-05	0.000239556989129504	0.000653350756020161
BX.KLT.DINV.CD.WD_avg2	3.54997587029471e-05	0.00134473641992297	0.000746686578308755
NE.CON.PRVT.ZS_lag2	3.53923487225593e-05	0.0010473553299691	0.000746686578308755
BM.KLT.DINV.CD.WD_isNA_rank	3.49444114716484e-05	0.000250426181013783	0.000373343289154377
DT.ODA.ODAT.GN.ZS_max2	3.46446278767433e-05	0.000299120160655351	0.000373343289154377
SP.POP.7074.MA.5Y_rank	3.16955436346723e-05	0.000297381089953867	0.000280007466865783
NE.RSB.GNFS.ZS_lag1	3.10570901369539e-05	0.000369987291740849	0.000466679111442972
NY.GDP.PCAP.KD.ZG_rank	3.00397876095141e-05	2.47817574961556e-05	9.33358222885944e-05
TM.VAL.MRCH.R3.ZS_delta2	2.98460712511046e-05	0.000214775231633348	0.000653350756020161
NV.AGR.TOTL.KD	2.94772847007361e-05	0.000155646827782872	9.33358222885944e-05
BX.GRT.TECH.CD.WD_isNA_rank	2.93998692935933e-05	0.0014573412478441	0.000933358222885944
SP.POP.80UP.FE.5Y_delta1	2.93569416730839e-05	0.00214688278098274	0.00121336568975173
TX.VAL.MANF.ZS.UN	2.88948798210461e-05	0.000780407977291215	0.00112002986746313
IT.MLT.MAIN_ratioavg2	2.83143784417764e-05	8.73883027496012e-05	0.000373343289154377
BX.KLT.DINV.WD.GD.ZS_delta2	2.76648186640184e-05	0.000347379372621549	0.000560014933731566
SE.SEC.ENRL.GC.FE.ZS	2.76193414949528e-05	0.000335205877711157	0.000280007466865783
SP.POP.2024.MA.5Y_lag2	2.63196233136308e-05	0.000498243755975338	0.000466679111442972
NE.CON.PRVT.KD.ZG_min2	2.61719023416599e-05	1.7390707014846e-05	9.33358222885944e-05
BX.KLT.DINV.CD.WD_isNA_rank	2.5376998584531e-05	0.00038911706945718	0.000560014933731566
DC.DAC.CANL.CD	2.52877382712271e-05	0.000621717775780745	0.000840022400597349
NE.RSB.GNFS.CD_delta2	2.49052572797271e-05	0.000484765958038833	0.000466679111442972
BX.GSR.CMCP.ZS_tend2	2.48911564686329e-05	0.000437811049098748	0.000840022400597349
NE.RSB.GNFS.CN_lag2	2.44368246687395e-05	0.000633891270691137	0.000560014933731566
TM.VAL.FOOD.ZS.UN_lag1	2.42622341952265e-05	6.47803836303014e-05	0.000186671644577189
TX.VAL.MRCH.R6.ZS_delta2	2.39231027177397e-05	9.86922623092511e-05	0.000280007466865783
SP.DYN.TO65.MA.ZS	2.35076844897456e-05	0.000783886118694184	0.000560014933731566
SP.POP.GROW_lag1	2.33487978454865e-05	0.001030834158305	0.00102669404517454
SH.DTH.IMRT_lag2	2.31476911891974e-05	0.000219557676062431	0.000186671644577189
BM.TRF.PWKR.CD.DT_lag2	2.29682095144781e-05	0.00060867474551961	0.000373343289154377
TX.VAL.MRCH.R6.ZS	2.28447224483546e-05	0.000167820322693264	0.000280007466865783
MS.MIL.MPRT.KD_lag2	2.27324621878114e-05	0.000439550119800233	0.000560014933731566
TX.VAL.OTHR.ZS.WT_delta2	2.24394179051601e-05	9.91270299846223e-05	0.000280007466865783
DC.DAC.DEUL.CD_min2	2.15701834412977e-05	0.000660846866564148	0.000653350756020161
BX.GRT.EXTA.CD.WD_max2	2.15396884894305e-05	3.08685049513517e-05	9.33358222885944e-05
EG.ELC.PETR.ZS_delta2	2.12592114767967e-05	8.52144643727455e-05	0.000280007466865783
SE.TER.ENRR	2.10948225503401e-05	0.000769104017731565	0.000840022400597349
SP.POP.0014.FE.ZS_delta2	2.07446900495033e-05	0.00112474397618517	0.000840022400597349
TX.VAL.MRCH.R2.ZS	2.07354515316191e-05	0.00025303478706601	0.000746686578308755
IS.AIR.GOOD.MT.K1_ratioavg2	2.05122312888947e-05	0.000484331190363461	0.000746686578308755
BX.GSR.TRVL.ZS_lag2	2.02927349082128e-05	0.000316076099994826	0.000560014933731566
TX.VAL.FUEL.ZS.UN	2.02501542869481e-05	0.000138256120768026	0.000280007466865783
SP.POP.1564.FE.ZS_delta1	1.99153707284941e-05	0.00200601805416249	0.00140003733432892
DC.DAC.CECL.CD_max2	1.97079861432606e-05	0.000342596928192466	0.000560014933731566
BM.KLT.DINV.CD.WD_delta2	1.95971227605654e-05	0.000732148765325017	0.000746686578308755
MS.MIL.MPRT.KD_tend2	1.94722208678512e-05	0.00868970152764318	0.00578682098189285
EN.POP.DNST_delta2	1.90608826985417e-05	6.0867474551961e-05	0.000186671644577189
TX.VAL.MMTL.ZS.UN_delta1	1.89809301507236e-05	0.000140429959144882	0.000186671644577189
DC.DAC.TOTL.CD_rank	1.88091591428356e-05	0.00410029394642532	0.00214672391263767
NE.IMP.GNFS.ZS_lag1	1.87743871245121e-05	0.00254643427464883	0.0015867089789061
NE.EXP.GNFS.CD_delta2	1.86755346371653e-05	5.26068887199092e-05	0.000186671644577189
AG.PRD.CROP.XD_avg2	1.82374096903649e-05	0.000241296059830988	0.000466679111442972
FI.RES.XGLD.CD_tend2	1.80670207087992e-05	6.6519454331786e-05	0.000280007466865783
IS.AIR.GOOD.MT.K1_tend2	1.78513015700321e-05	0.00113083072364036	0.000933358222885944
SP.DYN.IMRT.MA.IN_lag2	1.74151381685059e-05	0.00246991516378351	0.00130670151204032
TX.VAL.FUEL.ZS.UN_delta1	1.73124771462536e-05	9.08664441525704e-05	0.000280007466865783
SE.SEC.ENRL_rank	1.71067656162963e-05	1.95645453917018e-05	9.33358222885944e-05
TX.VAL.SERV.CD.WT_delta2	1.68673905780912e-05	0.000968227613051552	0.000560014933731566
NE.IMP.GNFS.KD.ZG_rank	1.68438834896836e-05	0.000515634462990184	0.000560014933731566
FP.CPI.TOTL.ZG_max2	1.65001672257596e-05	0.000644325694900045	0.000746686578308755
IT.CEL.SETS.P2_lag2	1.64820861170355e-05	4.78244442908265e-05	9.33358222885944e-05
NE.CON.PRVT.ZS_min2	1.64384202886522e-05	0.000369987291740849	0.000280007466865783
EN.URB.MCTY.TL.ZS_rank	1.62326779540109e-05	1.7390707014846e-05	9.33358222885944e-05
SP.DYN.AMRT.MA_lag1	1.61521500903678e-05	0.00418724748149955	0.00214672391263767
FI.RES.TOTL.MO_lag2	1.61182582019482e-05	0.00166776880272373	0.00121336568975173
DC.DAC.DEUL.CD	1.59826079096026e-05	0.000277381776886794	0.000466679111442972
IT.CEL.SETS	1.58646610899476e-05	8.9562141126457e-05	0.000186671644577189
NY.ADJ.DRES.GN.ZS_rank	1.58493144074815e-05	7.43452724884667e-05	0.000186671644577189
SP.POP.1519.FE.5Y	1.58449765320823e-05	0.000667368381694716	0.000746686578308755
BX.KLT.DINV.CD.WD	1.57215484045726e-05	0.00263469211274917	0.0015867089789061
FS.AST.PRVT.GD.ZS_tend2	1.56155746358717e-05	6.47803836303014e-05	0.000186671644577189
NY.GNP.PCAP.CN	1.54601638677876e-05	9.13012118279416e-05	9.33358222885944e-05
BM.KLT.DINV.CD.WD_lag1	1.53751896248947e-05	0.00114648235995372	0.000746686578308755
DC.DAC.TOTL.CD_max2	1.53479480194277e-05	0.000141299494495624	0.000186671644577189
DC.DAC.CECL.CD_rank	1.53397142649267e-05	0.000629978361612797	0.000466679111442972
NV.AGR.TOTL.CN_isNA_rank	1.51023132185713e-05	9.60836562570242e-05	0.000280007466865783
SH.DYN.NMRT	1.50876040702392e-05	3.65204847311766e-05	0.000186671644577189
SE.ENR.PRIM.FM.ZS_delta2	1.49659978335964e-05	0.000519547372068525	0.000746686578308755
SP.POP.5054.FE.5Y_lag2	1.48509519307252e-05	0.000447810705632285	0.000466679111442972
BX.GSR.TRVL.ZS_delta2	1.48066882239439e-05	0.000588240664777166	0.000840022400597349
BX.KLT.DINV.CD.WD_tend2	1.47682016295141e-05	0.00295598542484845	0.00252006720179205
NV.AGR.TOTL.CD_lag2	1.47484656991826e-05	0.00016999416107012	9.33358222885944e-05
NE.EXP.GNFS.KD_delta1	1.46644882393005e-05	0.00169907207535046	0.00102669404517454
TX.VAL.MRCH.R2.ZS_delta2	1.45965751719958e-05	8.69535350742301e-05	0.000280007466865783
TX.VAL.OTHR.ZS.WT_lag1	1.43668832467709e-05	7.30409694623533e-05	0.000186671644577189
SP.URB.GROW_lag1	1.42911990128686e-05	0.000766060644003967	0.000746686578308755
TX.VAL.MRCH.WR.ZS_lag2	1.42632674047425e-05	0.000229557332595967	0.000280007466865783
DT.ODA.ODAT.PC.ZS_isNA_rank	1.42182334175145e-05	0.00441767434944626	0.00280007466865783
NE.RSB.GNFS.CD_lag1	1.3438670984237e-05	0.000571284725437692	0.000466679111442972
BX.GRT.EXTA.CD.WD	1.33238280217702e-05	0.000366943918013251	0.000466679111442972
NY.ADJ.DNGY.GN.ZS_lag2	1.32259542826623e-05	0.000114343898622613	0.000186671644577189
SE.SEC.ENRL.GC_isNA_rank	1.31911280339141e-05	0.000160429272211954	0.000280007466865783
DT.NFL.UNDP.CD_isNA_rank	1.31871102633889e-05	0.00182211132748049	0.0016800448011947
BG.GSR.NFSV.GD.ZS_tend2	1.29329084820312e-05	0.000320423776748538	0.000653350756020161
IS.AIR.GOOD.MT.K1_max2	1.2898565281876e-05	0.00372465467490464	0.00186671644577189
PA.NUS.FCRF_delta2	1.28271499865277e-05	0.00135386654110576	0.000933358222885944
DC.DAC.GBRL.CD_min2	1.26806675721457e-05	4.17376968356304e-05	9.33358222885944e-05
BX.KLT.DINV.CD.WD_lag1	1.26170601348864e-05	0.000362596241259539	0.000373343289154377
BX.GSR.TRAN.ZS_ratioavg2	1.255587308514e-05	0.000240426524480246	0.000560014933731566
SM.POP.RHCR.EO_delta1	1.25393311112446e-05	0.000249121877987669	0.000653350756020161
ER.FSH.PROD.MT_ratioavg2	1.19927370737327e-05	0.000118256807700953	0.000280007466865783
TM.VAL.FOOD.ZS.UN	1.19389735380063e-05	0.000193471615540162	0.000280007466865783
FI.RES.TOTL.MO_isNA_rank	1.18016738744108e-05	0.000353031352401374	0.000560014933731566
TX.VAL.MANF.ZS.UN_isNA_rank	1.1686409275047e-05	0.00271599366804358	0.00252006720179205
FI.RES.TOTL.MO	1.16444495331829e-05	0.00113387409736796	0.00102669404517454
NV.IND.TOTL.KD.ZG_isNA_rank	1.14907185778484e-05	7.08671310854975e-05	0.000280007466865783
SP.POP.2529.FE.5Y_delta2	1.14525153216679e-05	0.000716497129011656	0.000653350756020161
TX.VAL.MMTL.ZS.UN_lag1	1.14388532689401e-05	0.000115648201648726	0.000186671644577189
DC.DAC.USAL.CD_tend2	1.13521055352547e-05	0.000717366664362398	0.00102669404517454
DC.DAC.JPNL.CD_tend2	1.13200312055019e-05	0.000530416563952803	0.000746686578308755
SM.POP.RHCR.EA_delta1	1.13002431649917e-05	0.000819102300399247	0.000933358222885944
IT.CEL.SETS.P2_ratioavg2	1.1245196896444e-05	1.78254746902172e-05	9.33358222885944e-05
BM.KLT.DINV.WD.GD.ZS_min2	1.11675499835553e-05	0.00119169819819232	0.000746686578308755
SP.POP.0014.MA.ZS_delta2	1.11384425369699e-05	0.00111344001662552	0.000840022400597349
NE.IMP.GNFS.CN_isNA_rank	1.10959733384879e-05	0.000243469898207844	0.000280007466865783
NY.ADJ.NNTY.PC.CD_delta1	1.08870885661924e-05	0.00140212575307196	0.000840022400597349
TM.VAL.MRCH.AL.ZS_delta1	1.07737369691059e-05	0.000275642706185309	0.000653350756020161
DC.DAC.JPNL.CD	1.07099920703192e-05	0.00176689583270835	0.00177338062348329
FM.AST.DOMS.CN_delta2	1.06971763831272e-05	0.0012221319354683	0.000933358222885944
SE.SEC.DURS_rank	1.06466696719624e-05	0.000174341837823831	0.000466679111442972
DC.DAC.JPNL.CD_lag1	1.05699279447993e-05	0.000156951130808985	0.000373343289154377
SE.PRM.ENRL	1.04149811349541e-05	0.000106952848141303	9.33358222885944e-05
BX.GSR.CMCP.ZS	1.03287967146716e-05	0.000126952161208376	0.000280007466865783
NY.GDP.PETR.RT.ZS_delta2	1.02718020244904e-05	0.000945619693932252	0.00149337315661751
TM.VAL.TRAN.ZS.WT_rank	1.01871320695749e-05	0.000233035473998937	0.000373343289154377
BX.PEF.TOTL.CD.WD_min2	1.01657910804503e-05	0.000579110543594372	0.000466679111442972
NE.CON.TOTL.CD_tend2	1.01502994656879e-05	2.73903635483825e-05	9.33358222885944e-05
BM.GSR.CMCP.ZS_delta2	1.01055998949208e-05	0.000367813453363993	0.000653350756020161
DC.DAC.DEUL.CD_tend2	1.00871733182531e-05	0.00209210205388598	0.00214672391263767
BX.PEF.TOTL.CD.WD	1.00578992369167e-05	0.00494591707502221	0.00364009706925518
EG.ELC.FOSL.ZS_max2	1.00334411844306e-05	3.82595554326612e-05	9.33358222885944e-05
BX.GSR.NFSV.CD_lag2	1.00080344916577e-05	6.60846866564148e-05	9.33358222885944e-05
BX.TRF.PWKR.CD.DT_lag2	9.89772106554356e-06	8.86926057757147e-05	9.33358222885944e-05
TM.VAL.MRCH.R4.ZS	9.83350382319852e-06	0.000221731514439287	0.000280007466865783
SP.POP.3034.MA.5Y_delta1	9.63592266079191e-06	0.000459984200542677	0.000466679111442972
SP.POP.7579.FE.5Y_delta1	9.5397469383682e-06	0.00262599675924175	0.00186671644577189
post_crisis_rank	9.47995580765791e-06	0.0013895174904862	0.0015867089789061
NY.ADJ.DNGY.GN.ZS_lag1	9.43375681639734e-06	8.30406259958897e-05	9.33358222885944e-05
EN.GHG.N2O.IP.MT.CE.AR5_tend2	9.3815658044905e-06	0.000640847553497076	0.000746686578308755
NY.ADJ.DNGY.CD_isNA_rank	9.36189999866008e-06	0.000652586280732097	0.00112002986746313
SH.MMR.RISK_delta2	9.32911806585447e-06	0.00351814002910335	0.00233339555721486
AG.YLD.CREL.KG	9.29931378505995e-06	0.00138169167232952	0.00112002986746313
BX.PEF.TOTL.CD.WD_max2	9.27762930658633e-06	0.000352161817050632	0.000373343289154377
NY.GDP.PCAP.CN	9.27102600560248e-06	0.000318249938371682	0.000466679111442972
BX.PEF.TOTL.CD.WD_delta2	9.12140571739335e-06	0.000823015209477588	0.000933358222885944
SE.SEC.ENRL_isNA_rank	9.02087844039029e-06	0.00041563789765482	0.000560014933731566
NE.IMP.GNFS.CD_isNA_rank	8.93378134806048e-06	5.30416563952803e-05	0.000280007466865783
EN.URB.MCTY.TL.ZS_lag1	8.77664048123039e-06	0.000160429272211954	9.33358222885944e-05
EN.GHG.CO2.IP.MT.CE.AR5_delta2	8.71003500490011e-06	0.000152603454055274	0.000466679111442972
NE.IMP.GNFS.ZS	8.66431191806463e-06	0.000459984200542677	0.000466679111442972
NE.EXP.GNFS.CN_delta1	8.58379475970591e-06	0.000265208281976402	0.000280007466865783
TM.VAL.MRCH.WR.ZS_lag2	8.56678586782866e-06	0.00186428379199149	0.00102669404517454
SP.POP.GROW_lag2	8.55999132383546e-06	0.00032520622117762	0.000560014933731566
TX.VAL.TRAN.ZS.WT_lag1	8.33535180547671e-06	3.69552524065478e-05	0.000186671644577189
IT.CEL.SETS.P2_rank	8.22579927033274e-06	0.000364335311961024	0.000280007466865783
SP.POP.1519.MA.5Y	8.0916783174418e-06	0.000872143956794528	0.000840022400597349
FS.AST.PRVT.GD.ZS_avg2	7.88901701700633e-06	5.26068887199092e-05	9.33358222885944e-05
FM.AST.DOMS.CN_tend2	7.6915863683474e-06	0.00359074623089033	0.00224005973492626
SP.POP.2024.FE.5Y_lag2	7.68698747509786e-06	0.000837797310440207	0.000560014933731566
NE.TRD.GNFS.ZS_delta1	7.66045663938635e-06	5.08678180184246e-05	9.33358222885944e-05
SP.POP.TOTL.MA.ZS_lag2	7.64682611296499e-06	7.99972522682917e-05	9.33358222885944e-05
DT.ODA.ALLD.KD_max2	7.56911844030737e-06	4.30419998617439e-05	9.33358222885944e-05
TM.VAL.MMTL.ZS.UN_delta2	7.47135355802184e-06	0.00124647892528909	0.00112002986746313
SP.POP.65UP.MA.ZS	7.34600726203338e-06	0.000680846179631221	0.000373343289154377
AG.LND.ARBL.HA.PC_ratioavg2	7.3323571158181e-06	0.000123908787480778	0.000466679111442972
NY.GDS.TOTL.ZS_lag2	7.2736782552183e-06	0.000622152543456116	0.000466679111442972
NY.ADJ.DFOR.CD_rank	7.2734717887276e-06	0.00036303100893491	0.000280007466865783
DC.DAC.JPNL.CD_delta2	7.05780259546709e-06	0.000304337372759805	0.000840022400597349
SP.POP.2529.MA.5Y_delta2	7.05626451906305e-06	0.000356074726128972	0.000466679111442972
NE.IMP.GNFS.ZS_delta1	7.00596221847733e-06	0.000177385211551429	0.000466679111442972
BX.PEF.TOTL.CD.WD_lag2	6.98151410920125e-06	0.00166168205526854	0.00102669404517454
SH.DYN.MORT.FE_lag2	6.9750879026955e-06	0.000463027574270275	0.000280007466865783
BX.PEF.TOTL.CD.WD_avg2	6.90407812939905e-06	0.000731279229974275	0.000466679111442972
TM.VAL.MMTL.ZS.UN_isNA_rank	6.84822439238469e-06	0.000121734949103922	0.000280007466865783
FM.LBL.BMNY.GD.ZS	6.78159128780054e-06	0.000400855796692201	0.000466679111442972
FM.LBL.BMNY.GD.ZS_rank	6.77433083835198e-06	8.13015552944051e-05	0.000186671644577189
demographic_pressure	6.60097925359704e-06	0.00169950684302583	0.00102669404517454
BX.GSR.CMCP.ZS_min2	6.56450868403067e-06	0.000179559049928285	0.000466679111442972
NY.ADJ.NNTY.PC.CD_isNA_rank	6.55528140648522e-06	0.000106518080465932	0.000373343289154377
TM.VAL.MRCH.R1.ZS_rank	6.42054401366374e-06	0.000104779009764447	0.000186671644577189
NV.IND.MANF.ZS_lag2	6.24178213496949e-06	0.00086170953258562	0.000560014933731566
SP.POP.5559.MA.5Y	6.23073707522376e-06	0.00187297914549892	0.00112002986746313
TM.VAL.TRVL.ZS.WT	6.22240856889957e-06	0.000203471272073698	0.000280007466865783
NY.ADJ.DFOR.GN.ZS_lag2	6.05213384758743e-06	2.99989696006094e-05	9.33358222885944e-05
NY.GNP.PCAP.CD_lag1	5.98287844504878e-06	0.00061997870507926	0.000373343289154377
BX.GSR.GNFS.CD_rank	5.950010589552e-06	8.34753936712609e-05	9.33358222885944e-05
FD.AST.PRVT.GD.ZS_delta2	5.92958025680907e-06	0.000195210686241646	0.000186671644577189
SP.URB.TOTL_lag1	5.83592218282271e-06	1.82602423655883e-05	9.33358222885944e-05
EN.GHG.CH4.MT.CE.AR5_delta2	5.82549924995301e-06	0.000145212403573964	0.000466679111442972
SE.PRM.ENRR.FE	5.81466674611575e-06	0.00015129915102916	0.000280007466865783
SP.POP.2529.MA.5Y_delta1	5.78626987027303e-06	0.000247817574961556	0.000560014933731566
TX.VAL.FOOD.ZS.UN_lag1	5.69686012992299e-06	0.00192819464027105	0.00149337315661751
EG.ELC.HYRO.ZS	5.63337956782576e-06	0.000202166969047585	0.000280007466865783
NV.AGR.TOTL.ZS_lag1	5.59991501529159e-06	0.000192167312514048	0.000280007466865783
NE.CON.TOTL.KD.ZG_tend2	5.5045753836286e-06	0.000565632745657867	0.000933358222885944
BX.GSR.FCTY.CD	5.47371206018257e-06	0.000412594523927222	0.000466679111442972
NY.GDP.PCAP.CD	5.42983412597028e-06	0.000160429272211954	9.33358222885944e-05
AG.CON.FERT.ZS_avg2	5.42417804833042e-06	0.000227818261894483	0.000280007466865783
SM.POP.NETM_delta2	5.36672775682627e-06	0.000709106078530346	0.00130670151204032
SP.POP.TOTL.FE.ZS	5.26314576691489e-06	8.47796966973743e-05	0.000186671644577189
BX.TRF.CURR.CD_lag2	5.26293541086737e-06	0.000116952504674839	0.000373343289154377
BM.GSR.CMCP.ZS_tend2	5.25076935454688e-06	0.000241296059830988	0.000653350756020161
DC.DAC.CECL.CD_min2	5.24590630069537e-06	0.00116691644069617	0.00102669404517454
EG.USE.PCAP.KG.OE_min2	5.2087931512379e-06	0.000913881653630158	0.000560014933731566
FM.AST.NFRG.CN_ratiomax2	5.19429454309048e-06	0.000209558019528894	0.000186671644577189
DC.DAC.JPNL.CD_rank	5.18206138219476e-06	0.00290337853612854	0.00205338809034908
SH.IMM.MEAS_delta2	5.11961791959166e-06	0.000159559736861212	0.000373343289154377
AG.PRD.LVSK.XD	5.06663440263336e-06	0.000817363229697763	0.000933358222885944
AG.LND.TOTL.K2_delta2	5.05955828478442e-06	0.0050876513371932	0.00270673884636924
SE.SEC.ENRL.GC.FE.ZS_isNA_rank	5.05867042605479e-06	0.000536938079083371	0.000933358222885944
SP.DYN.TFRT.IN_delta1	4.97016293514725e-06	0.00680150551350628	0.00429344782527534
NE.EXP.GNFS.ZS_lag2	4.90837013772024e-06	0.00265947387024533	0.00186671644577189
SP.POP.2024.FE.5Y_rank	4.81266298876671e-06	0.000365639614987137	0.000373343289154377
NV.SRV.TOTL.KD.ZG	4.81064079358552e-06	0.000482157351986606	0.000746686578308755
SP.POP.DPND_delta1	4.59647184684078e-06	0.00168776811579081	0.00112002986746313
SP.POP.0004.FE.5Y_lag2	4.5819547164593e-06	0.000286511898069588	0.000280007466865783
SP.POP.5559.FE.5Y_rank	4.57026253496887e-06	0.000322162847450022	0.000186671644577189
SP.POP.3539.FE.5Y_delta1	4.56455732065054e-06	0.00134169304619537	0.00140003733432892
TM.VAL.MRCH.R6.ZS_delta2	4.55386403605111e-06	9.825749463388e-05	0.000373343289154377
FP.CPI.TOTL.ZG_avg2	4.51696602490894e-06	0.000340857857490982	0.000466679111442972
SP.POP.3539.MA.5Y_delta2	4.50108098971499e-06	0.00038563892805421	0.000653350756020161
NY.GSR.NFCY.CD_lag1	4.47984628600112e-06	0.000947793532309108	0.000840022400597349
TX.VAL.MRCH.R4.ZS_delta2	4.45893888038661e-06	0.000165646484316408	0.000466679111442972
TM.VAL.MANF.ZS.UN_delta2	4.40014401254475e-06	0.00114952573368132	0.000840022400597349
SP.POP.4044.FE.5Y_delta2	4.36117060150514e-06	0.000821710906451474	0.000653350756020161
SP.POP.5559.MA.5Y_rank	4.35983158403941e-06	0.00265643049651773	0.0016800448011947
TX.VAL.AGRI.ZS.UN	4.34690348296464e-06	0.000117387272350211	0.000280007466865783
NY.GDP.PCAP.CD_lag2	4.31319867984803e-06	0.000653455816082839	0.000373343289154377
TM.VAL.MRCH.WR.ZS_delta2	4.27716629586861e-06	0.000216514302334833	0.000560014933731566
SH.DTH.IMRT	4.22175867008935e-06	1.99993130670729e-05	9.33358222885944e-05
SP.POP.1519.MA.5Y_lag2	4.13990649397527e-06	0.000331292968632817	0.000466679111442972
NV.IND.TOTL.ZS	4.0966682797299e-06	0.000720410038089996	0.000746686578308755
DC.DAC.CANL.CD_avg2	4.06973798204395e-06	0.000177385211551429	0.000280007466865783
BX.GSR.FCTY.CD_ratiomax2	4.06923894860678e-06	0.000183906726681997	0.000280007466865783
NV.IND.TOTL.CN_isNA_rank	4.05162580418344e-06	0.0010412685825139	0.00149337315661751
NY.GDP.PETR.RT.ZS	4.05035775173166e-06	2.26079191192998e-05	9.33358222885944e-05
EG.USE.ELEC.KH.PC_avg2	4.03385997813976e-06	0.000563458907281011	0.000373343289154377
SP.POP.4044.MA.5Y_delta1	4.02569901238666e-06	0.00199993130670729	0.00140003733432892
FM.AST.DOMS.CN	3.98104643834245e-06	0.000251730484039896	0.000280007466865783
PA.NUS.FCRF_lag1	3.95498496397e-06	0.00137386585417283	0.000746686578308755
SP.POP.1564.TO.ZS_delta1	3.94621979733405e-06	0.00200993096324083	0.00140003733432892
BX.GSR.TRVL.ZS_avg2	3.93362378177591e-06	9.78227269585088e-05	0.000186671644577189
MS.MIL.XPND.GD.ZS	3.91795546208761e-06	0.000110865757219643	0.000280007466865783
DC.DAC.JPNL.CD_isNA_rank	3.886393626228e-06	0.0006691074523962	0.000840022400597349
SP.POP.1519.MA.5Y_lag1	3.86468460232175e-06	0.00126995637975913	0.00121336568975173
SH.MMR.RISK_delta1	3.8485652333716e-06	0.00514025822591311	0.00280007466865783
EG.USE.ELEC.KH.PC_max2	3.83879271947194e-06	0.000567371816359351	0.000280007466865783
TM.VAL.MRCH.OR.ZS	3.83682343206878e-06	0.00101909543106998	0.000746686578308755
ER.H2O.INTR.PC_tend2	3.78672554641667e-06	0.000247382807286185	0.000373343289154377
SP.POP.0014.FE.ZS_delta1	3.75974570881501e-06	0.000532590402329659	0.000466679111442972
DT.ODA.ODAT.GN.ZS	3.74166754829692e-06	0.00044215872585246	0.000373343289154377
NY.GDP.FRST.RT.ZS_delta1	3.73258435938744e-06	0.000103909474413705	0.000280007466865783
NY.GDP.FCST.KD_delta1	3.69737455023711e-06	0.000127821696559118	0.000373343289154377
NE.CON.PRVT.ZS	3.66254840297797e-06	0.000435202443046521	0.000466679111442972
SP.POP.3539.FE.5Y_delta2	3.65897972009068e-06	0.00193558569075236	0.00121336568975173
NV.IND.TOTL.KD.ZG_lag1	3.64966978274013e-06	0.000297381089953867	0.000373343289154377
TM.VAL.MRCH.AL.ZS_lag1	3.64914917229487e-06	2.6086060522269e-05	9.33358222885944e-05
IT.CEL.SETS_delta2	3.63617798426772e-06	2.08688484178152e-05	9.33358222885944e-05
BM.GSR.TRAN.ZS_rank	3.51584149466615e-06	0.000159994504536583	9.33358222885944e-05
SP.POP.6569.MA.5Y_rank	3.49875585774235e-06	6.17370099027033e-05	9.33358222885944e-05
DC.DAC.DEUL.CD_lag1	3.46180136499083e-06	0.000590414503154022	0.000746686578308755
NY.GDP.DEFL.KD.ZG_delta2	3.44517686225104e-06	0.000215644766984091	0.000466679111442972
DC.DAC.CANL.CD_delta2	3.43171144858351e-06	0.000350857514024518	0.000560014933731566
SP.POP.2529.MA.5Y_lag1	3.42573074889027e-06	0.000326510524203734	0.000373343289154377
SP.DYN.LE00.FE.IN_lag2	3.39767759523103e-06	0.000212601393256493	0.000186671644577189
SH.MMR.RISK.ZS_delta1	3.38455202522998e-06	0.000303033069733692	0.000933358222885944
FP.CPI.TOTL.ZG_min2	3.34204507064885e-06	0.000295642019252382	0.000373343289154377
NE.CON.PRVT.KD_tend2	3.3347488151989e-06	0.000104344242089076	9.33358222885944e-05
SP.POP.1564.FE.ZS	3.30032369840263e-06	0.000294337716226269	0.000186671644577189
EN.GHG.N2O.FE.MT.CE.AR5_delta2	3.28369885175787e-06	2.21731514439287e-05	9.33358222885944e-05
TM.VAL.MRCH.RS.ZS	3.2718345234834e-06	4.99982826676823e-05	0.000186671644577189
DC.DAC.DEUL.CD_rank	3.26073251328261e-06	0.0004912874731694	0.000466679111442972
SP.POP.4549.MA.5Y_lag1	3.25384039229857e-06	0.00137821353092655	0.000933358222885944
SP.DYN.TO65.MA.ZS_delta1	3.21402032333072e-06	0.000143038565197108	0.000280007466865783
SP.POP.0014.TO.ZS_delta1	3.14860541539694e-06	0.000937793875775571	0.000560014933731566
SE.PRM.TCHR_isNA_rank	3.14823021196172e-06	0.000286077130394217	0.000373343289154377
TX.VAL.MRCH.AL.ZS	3.13905173577336e-06	0.000106952848141303	0.000280007466865783
SE.SEC.ENRR.MA	3.11146268101145e-06	0.000485635493389575	0.000560014933731566
BG.GSR.NFSV.GD.ZS_lag1	3.09105655143825e-06	4.86939796415688e-05	9.33358222885944e-05
FS.AST.CGOV.GD.ZS_ratioavg2	3.06542761209508e-06	0.00253513031508918	0.00224005973492626
SP.POP.0014.FE.ZS	3.05807325708566e-06	0.000111300524895014	0.000186671644577189
EN.GHG.CO2.PC.CE.AR5_ratiomax2	3.05036048723941e-06	2.13036160931864e-05	9.33358222885944e-05
EN.URB.MCTY.TL.ZS_ratioavg2	3.01697445729201e-06	0.000116952504674839	0.000280007466865783
EG.ELC.COAL.ZS_lag1	2.98649090748878e-06	8.91273734510858e-05	0.000186671644577189
SE.SEC.ENRL.GC.FE.ZS_rank	2.97323210731693e-06	0.000204340807424441	0.000373343289154377
NE.EXP.GNFS.CN_lag1	2.96213864408779e-06	0.000138690888443397	0.000280007466865783
NV.IND.TOTL.CD_isNA_rank	2.9434251642396e-06	3.73900200819189e-05	0.000186671644577189
EG.USE.ELEC.KH.PC_delta2	2.93465199635058e-06	0.000439550119800233	0.000560014933731566
NY.GDP.PCAP.KD.ZG_isNA_rank	2.87461574902963e-06	0.000293902948550898	0.000466679111442972
FS.AST.PRVT.GD.ZS_lag1	2.86363187421632e-06	0.000389986604807922	0.000466679111442972
BM.GSR.FCTY.CD_delta2	2.82585789432343e-06	0.000198688827644616	0.000653350756020161
SP.DYN.AMRT.MA_rank	2.79905240574975e-06	0.000212166625581121	0.000186671644577189
SP.RUR.TOTL.ZG_delta1	2.7735274635062e-06	0.00035911809985657	0.000466679111442972
PA.NUS.ATLS_lag2	2.74136407141117e-06	0.000427376624889841	0.000373343289154377
SP.POP.7074.FE.5Y	2.72526848158346e-06	0.00112822211758814	0.000933358222885944
NY.GDP.FRST.RT.ZS_delta2	2.71708364105413e-06	0.000310424120215001	0.000653350756020161
NY.GSR.NFCY.CN_delta2	2.71572853819278e-06	0.000693889209892356	0.000933358222885944
SP.POP.3539.FE.5Y_lag2	2.69729636695802e-06	0.000268686423379371	0.000466679111442972
BX.GSR.CMCP.ZS_max2	2.68780066329331e-06	7.34757371377244e-05	9.33358222885944e-05
DT.NFL.UNDP.CD_lag2	2.67055222045917e-06	0.000188254403435708	0.000280007466865783
SH.MMR.RISK	2.66057697311966e-06	0.000692584906866243	0.000653350756020161
BM.GSR.INSF.ZS	2.62332841156121e-06	0.000206079878125925	0.000280007466865783
SP.POP.4549.MA.5Y_delta2	2.59742659726417e-06	0.00038911706945718	0.000560014933731566
NE.RSB.GNFS.CN_lag1	2.56399260076696e-06	0.000366074382662509	0.000560014933731566
NY.GDP.FCST.CD_isNA_rank	2.54461546434569e-06	0.00103605137040945	0.00121336568975173
NY.ADJ.DRES.GN.ZS_delta2	2.530491950239e-06	0.000356509493804343	0.000466679111442972
SP.DYN.LE00.IN	2.50255422017018e-06	0.00123691403643092	0.000746686578308755
TX.VAL.FOOD.ZS.UN_rank	2.48755590664834e-06	3.26075756528363e-05	9.33358222885944e-05
DT.ODA.ALLD.CD_isNA_rank	2.48579990557375e-06	0.00113691747109556	0.000933358222885944
PA.NUS.ATLS_rank	2.46506377812314e-06	0.000655194886784324	0.000466679111442972
NY.GDP.PCAP.KN	2.45819668318313e-06	3.34771110035786e-05	9.33358222885944e-05
EN.GHG.CO2.FE.MT.CE.AR5_tend2	2.43976968248904e-06	0.0118761138204383	0.00784020907224193
TM.VAL.MRCH.OR.ZS_lag1	2.36287389756781e-06	0.000273468867808454	0.000280007466865783
AG.LND.ARBL.HA.PC_tend2	2.33884708397233e-06	0.000282164221315877	0.000373343289154377
NV.IND.TOTL.KD_delta2	2.33761623044104e-06	0.000221731514439287	0.000280007466865783
BX.KLT.DINV.CD.WD_rank	2.32137379061741e-06	0.00023042686794671	0.000280007466865783
NV.IND.TOTL.KD.ZG_lag2	2.29534652931112e-06	0.000270425494080856	0.000466679111442972
TM.VAL.TRAN.ZS.WT_delta1	2.26100615394078e-06	0.000152168686379903	0.000280007466865783
NY.ADJ.DKAP.CD_delta1	2.24980366975565e-06	0.000695193512918469	0.000746686578308755
SP.DYN.LE00.FE.IN	2.23889182609036e-06	0.000425637554188356	0.000373343289154377
BX.TRF.CURR.CD_tend2	2.23700549395476e-06	0.000235209312375792	0.000466679111442972
SP.POP.0014.MA.ZS_delta1	2.17928436193971e-06	0.00126778254138227	0.000840022400597349
BX.GRT.TECH.CD.WD_delta2	2.14249890290217e-06	0.000293033413200155	0.000653350756020161
TM.VAL.MRCH.R2.ZS_delta2	2.13078491547343e-06	0.000957793188842644	0.00102669404517454
DT.ODA.ODAT.CD_isNA_rank	2.11467549181434e-06	0.002046451447972	0.00140003733432892
DC.DAC.FRAL.CD_lag2	2.10258441008732e-06	3.30423433282074e-05	9.33358222885944e-05
NE.CON.TOTL.CD_isNA_rank	2.09805057229799e-06	0.00325901849458214	0.00233339555721486
EN.GHG.CO2.BU.MT.CE.AR5_delta2	2.0955730682339e-06	0.000590414503154022	0.000653350756020161
SP.DYN.AMRT.MA_delta1	2.08470518829047e-06	0.00014738624195082	0.000560014933731566
TX.VAL.FOOD.ZS.UN_lag2	2.0830852544431e-06	0.000660846866564148	0.000466679111442972
TM.VAL.MRCH.R3.ZS	2.07256938474109e-06	0.000109126686518159	0.000373343289154377
AG.CON.FERT.ZS_tend2	2.05625259695158e-06	0.000400421029016829	0.000933358222885944
FS.AST.CGOV.GD.ZS	2.0532513540501e-06	0.000337814483763384	0.000373343289154377
EN.GHG.N2O.BU.MT.CE.AR5_delta1	2.04180651485655e-06	0.000349987978673776	0.000466679111442972
EG.ELC.HYRO.ZS_delta2	2.03781853595027e-06	5.82588684997341e-05	0.000186671644577189
SP.POP.2529.FE.5Y	2.03014668001343e-06	0.000322597615125394	0.000560014933731566
AG.YLD.CREL.KG_lag2	2.0274823501238e-06	0.00116691644069617	0.000933358222885944
EN.GHG.CO2.FE.MT.CE.AR5_lag2	2.0071129422304e-06	8.43449290220032e-05	0.000280007466865783
NY.GNP.MKTP.CD_isNA_rank	1.98090758596528e-06	0.000846057896272258	0.00130670151204032
BM.GSR.TRAN.ZS_avg2	1.97799955962616e-06	5.56502624475072e-05	0.000186671644577189
TX.VAL.TRAN.ZS.WT_delta2	1.97704168868852e-06	0.000726931553220563	0.000840022400597349
NV.SRV.TOTL.ZS_delta2	1.95352546462878e-06	0.000332162503983559	0.000933358222885944
DT.NFL.UNDP.CD	1.95258622511082e-06	0.00248643633544761	0.00205338809034908
AG.LND.ARBL.HA_tend2	1.91264842378987e-06	0.000156516363133614	0.000186671644577189
IT.MLT.MAIN_tend2	1.910839721763e-06	0.00033651018073727	0.000560014933731566
NY.ADJ.DNGY.CD_delta2	1.88293589770934e-06	0.000258686766845834	0.000373343289154377
NE.CON.TOTL.KD_delta2	1.87198488652112e-06	0.000258686766845834	0.000280007466865783
NY.GSR.NFCY.CN_delta1	1.86407762111827e-06	0.00651847175683966	0.00550681351502707
SP.POP.2024.FE.5Y_lag1	1.85266346516534e-06	0.000967358077700809	0.000746686578308755
NV.SRV.TOTL.KD.ZG_rank	1.85190707695539e-06	0.00068780246243716	0.000746686578308755
TM.VAL.MRCH.R2.ZS	1.83949464113981e-06	0.00127778219791581	0.00102669404517454
SP.POP.7074.FE.5Y_delta1	1.82995105870704e-06	0.00131951989475144	0.00140003733432892
SP.DYN.IMRT.MA.IN	1.82641383455342e-06	0.00018912393878645	0.000186671644577189
DC.DAC.GBRL.CD_isNA_rank	1.81832687169367e-06	0.000101300868361478	0.000186671644577189
EN.GHG.CH4.MT.CE.AR5_ratiomax2	1.81772105984523e-06	7.56495755145802e-05	9.33358222885944e-05
IS.AIR.GOOD.MT.K1_lag2	1.80374327913415e-06	0.00187037053944669	0.00112002986746313
SE.PRM.ENRR_isNA_rank	1.79334382372955e-06	8.99969088018281e-05	0.000280007466865783
TG.VAL.TOTL.GD.ZS_lag1	1.79068465180448e-06	0.000634326038366508	0.000373343289154377
DT.ODA.ALLD.KD_isNA_rank	1.77097594414602e-06	0.00155951165155632	0.00140003733432892
DC.DAC.JPNL.CD_ratiomax2	1.77076644291904e-06	0.000480418281285121	0.000373343289154377
TM.VAL.FUEL.ZS.UN_rank	1.76933751794378e-06	9.21707471786839e-05	0.000186671644577189
EN.GHG.CH4.TR.MT.CE.AR5_ratioavg2	1.76039746591899e-06	2.04340807424441e-05	9.33358222885944e-05
AG.LND.CREL.HA_avg2	1.75752435103733e-06	6.0867474551961e-05	9.33358222885944e-05
SP.POP.1519.MA.5Y_rank	1.75593906749374e-06	0.000481287816635863	0.000373343289154377
EN.GHG.CH4.FE.MT.CE.AR5_tend2	1.72177450145191e-06	0.000213036160931864	0.000373343289154377
FI.RES.TOTL.MO_rank	1.70559072016245e-06	1.99993130670729e-05	9.33358222885944e-05
BX.TRF.CURR.CD_delta2	1.69546901511043e-06	0.000155212060107501	0.000373343289154377
NV.IND.MANF.CD_isNA_rank	1.69307350586051e-06	0.000617804866702405	0.000560014933731566
BX.GSR.FCTY.CD_lag1	1.67906148703236e-06	5.65197977982495e-05	0.000186671644577189
FM.AST.DOMS.CN_ratioavg2	1.67523942358831e-06	0.000436941513748006	0.000653350756020161
NE.EXP.GNFS.KD.ZG_lag2	1.67179764673534e-06	0.000463897109621017	0.000933358222885944
NY.GNP.PCAP.CD_delta2	1.66392326170027e-06	0.000217383837685575	0.000560014933731566
NY.GSR.NFCY.CD_lag2	1.65721650876787e-06	0.00154125140919073	0.00112002986746313
NY.GDP.PCAP.CD_delta1	1.64180600290309e-06	0.0028964222533226	0.00205338809034908
BX.KLT.DINV.WD.GD.ZS_rank	1.61399498175283e-06	0.000193906383215533	0.000373343289154377
DT.ODA.ODAT.PC.ZS_delta2	1.6117830351551e-06	3.39118786789497e-05	9.33358222885944e-05
NY.ADJ.NNTY.CD_isNA_rank	1.59653194512828e-06	0.000325640988852992	0.000653350756020161
NY.GNP.PCAP.CD_rank	1.55765859439687e-06	0.000386943231080324	0.000280007466865783
TM.VAL.MRCH.RS.ZS_delta2	1.55318610010689e-06	0.000394334281561633	0.000466679111442972
NY.GNP.PCAP.CN_lag2	1.52993023313414e-06	2.95642019252382e-05	9.33358222885944e-05
NV.IND.TOTL.CN_delta1	1.52498600452854e-06	0.0021686211647513	0.00149337315661751
BX.TRF.PWKR.CD.DT_delta2	1.52181160480356e-06	0.00055172018004599	0.000746686578308755
BX.GRT.EXTA.CD.WD_ratiomax2	1.50789664185956e-06	3.04337372759805e-05	9.33358222885944e-05
EN.GHG.ALL.PC.CE.AR5_max2	1.50172918532791e-06	0.000162168342913439	0.000186671644577189
DT.NFL.UNDP.CD_tend2	1.49805518850365e-06	0.000159994504536583	0.000466679111442972
EN.GHG.CH4.PI.MT.CE.AR5_delta1	1.48732007456417e-06	0.000855622785130424	0.000560014933731566
EN.GHG.N2O.AG.MT.CE.AR5_ratioavg2	1.48383432990086e-06	0.000934750502047973	0.00121336568975173
BM.KLT.DINV.WD.GD.ZS_delta2	1.4826039013753e-06	0.000171733231771604	0.000466679111442972
AG.PRD.CROP.XD_tend2	1.46643075245075e-06	0.000228253029569854	0.000466679111442972
EN.GHG.N2O.TR.MT.CE.AR5_ratioavg2	1.46265300424314e-06	8.47796966973743e-05	0.000280007466865783
NE.DAB.TOTL.CD_tend2	1.45410388894375e-06	8.13015552944051e-05	0.000186671644577189
TX.VAL.MRCH.R4.ZS	1.45326985563012e-06	0.000369117756390107	0.000560014933731566
EN.GHG.N2O.IP.MT.CE.AR5_ratioavg2	1.44606895672417e-06	0.000136517050066541	0.000373343289154377
IS.AIR.PSGR_isNA_rank	1.44592196747151e-06	0.00016260311058881	0.000373343289154377
TX.VAL.AGRI.ZS.UN_delta1	1.44489939329401e-06	0.000216514302334833	0.000466679111442972
BX.GRT.TECH.CD.WD	1.44407445287586e-06	0.000302598302058321	0.000466679111442972
TG.VAL.TOTL.GD.ZS	1.43894500296326e-06	0.00067649850287751	0.000373343289154377
NV.AGR.TOTL.KD_delta1	1.41899808750304e-06	0.000384769392703468	0.000373343289154377
NV.SRV.TOTL.ZS_delta1	1.38806395170245e-06	0.000292163877849413	0.000933358222885944
AG.PRD.CREL.MT	1.37999654230299e-06	6.56499189810437e-05	9.33358222885944e-05
DC.DAC.CANL.CD_ratioavg2	1.37505588809198e-06	0.00032868436258059	0.000653350756020161
BX.KLT.DINV.WD.GD.ZS_tend2	1.37434337192933e-06	0.000122169716779293	0.000373343289154377
EG.ELC.NUCL.ZS_delta2	1.37209722985956e-06	0.00439115352124862	0.00280007466865783
SE.SEC.ENRL.GC.FE.ZS_lag1	1.3697437651301e-06	0.000199993130670729	0.000560014933731566
NE.IMP.GNFS.CN_lag1	1.35818013607004e-06	0.000806059270138113	0.000560014933731566
TX.VAL.MMTL.ZS.UN_rank	1.35096379576343e-06	0.000279990382939021	0.000560014933731566
NY.GNP.PCAP.CD_lag2	1.3418938524569e-06	2.17383837685575e-05	9.33358222885944e-05
SE.PRM.ENRL.FE.ZS	1.34144555426856e-06	9.13012118279416e-05	0.000280007466865783
SH.DYN.MORT.FE_lag1	1.33679086259199e-06	0.000170863696420862	9.33358222885944e-05
SP.POP.65UP.MA.ZS_lag1	1.3317960026548e-06	0.000190428241812564	0.000186671644577189
NE.CON.TOTL.KD.ZG_avg2	1.32887379158738e-06	0.000259991069871948	0.000466679111442972
DC.DAC.JPNL.CD_max2	1.31894101829644e-06	0.000237817918428019	0.000280007466865783
SP.POP.0004.MA.5Y_delta2	1.31147377637891e-06	0.000431289533968181	0.000560014933731566
NY.GSR.NFCY.CD_delta1	1.30741082076977e-06	0.00149864417700436	0.0015867089789061
AG.PRD.FOOD.XD_tend2	1.30131849383979e-06	0.000286077130394217	0.000373343289154377
NE.RSB.GNFS.CN_rank	1.29768388324912e-06	6.21717775780745e-05	0.000186671644577189
NE.GDI.TOTL.ZS	1.29515638218697e-06	0.000541285755837082	0.000466679111442972
BM.KLT.DINV.WD.GD.ZS_max2	1.27932021404653e-06	8.13015552944051e-05	0.000186671644577189
SH.MMR.DTHS_lag1	1.24554683136028e-06	0.00111865722872997	0.000746686578308755
SP.DYN.IMRT.MA.IN_rank	1.23987033510213e-06	4.95635149923111e-05	9.33358222885944e-05
NY.ADJ.DNGY.GN.ZS_isNA_rank	1.23716179492982e-06	0.000761712967250255	0.00130670151204032
EN.GHG.CO2.IC.MT.CE.AR5_tend2	1.22661655744089e-06	0.00140864726820253	0.00130670151204032
crisis_impact_rich_rank	1.21114077490341e-06	0.00195036779171498	0.0015867089789061
TM.VAL.MRCH.OR.ZS_lag2	1.19643358393394e-06	8.17363229697763e-05	0.000186671644577189
EN.GHG.CH4.TR.MT.CE.AR5_delta2	1.19344853455807e-06	0.00061215288692258	0.000746686578308755
FI.RES.TOTL.MO_avg2	1.19215607178539e-06	0.000492157008520142	0.000373343289154377
NE.IMP.GNFS.ZS_isNA_rank	1.17891186661196e-06	0.000170863696420862	0.000466679111442972
NV.IND.MANF.KD_delta2	1.16755817446266e-06	0.000613022422273322	0.000653350756020161
NV.IND.TOTL.ZS_delta1	1.14306877212945e-06	5.04330503430534e-05	0.000186671644577189
SP.POP.6569.FE.5Y_delta1	1.13361440300982e-06	0.000575632402191403	0.000653350756020161
NV.IND.MANF.ZS_delta2	1.12204894041611e-06	0.000310424120215001	0.000466679111442972
BM.GSR.TOTL.CD_max2	1.11097597844473e-06	0.000171298464096233	9.33358222885944e-05
DC.DAC.GBRL.CD_lag2	1.09321968586124e-06	0.00014347333287248	0.000466679111442972
BX.GRT.EXTA.CD.WD_rank	1.08476251215206e-06	0.00061997870507926	0.000466679111442972
FD.AST.PRVT.GD.ZS_lag2	1.08203380089662e-06	0.000333032039334301	0.000373343289154377
FP.CPI.TOTL.ZG_tend2	1.07976214167805e-06	0.000243469898207844	0.000746686578308755
NE.CON.TOTL.CD_ratioavg2	1.07580379811758e-06	3.69552524065478e-05	9.33358222885944e-05
FS.AST.CGOV.GD.ZS_isNA_rank	1.07060863834901e-06	0.000109126686518159	0.000280007466865783
AG.LND.TOTL.K2_ratioavg2	1.06879967651137e-06	0.000567371816359351	0.000280007466865783
SE.SEC.ENRR.MA_isNA_rank	1.06147878624611e-06	0.000179559049928285	0.000373343289154377
SH.MMR.RISK.ZS	1.05637489680514e-06	4.56506059139708e-05	9.33358222885944e-05
FM.LBL.BMNY.GD.ZS_isNA_rank	1.01936572294291e-06	0.000304772140435176	0.000560014933731566
NY.ADJ.DKAP.GN.ZS_delta2	1.0192749700446e-06	0.000134343211689685	0.000373343289154377
NE.CON.GOVT.CD_isNA_rank	1.01094669142419e-06	1.78254746902172e-05	9.33358222885944e-05
EN.GHG.CO2.IP.MT.CE.AR5_ratioavg2	9.97468144722751e-07	7.69538785406936e-05	0.000280007466865783
SH.DYN.NMRT_lag1	9.91001921802795e-07	0.000505200038781277	0.000280007466865783
EN.GHG.CO2.RT.GDP.KD_delta2	9.87441633470554e-07	0.000101735636036849	0.000186671644577189
BX.TRF.PWKR.DT.GD.ZS	9.79767744085713e-07	0.00248643633544761	0.0015867089789061
NY.ADJ.DRES.GN.ZS_delta1	9.75408184319754e-07	0.000208688484178152	0.000466679111442972
IT.MLT.MAIN.P2_ratioavg2	9.65094991725014e-07	8.56492320481166e-05	0.000373343289154377
EN.GHG.N2O.PI.MT.CE.AR5_delta2	9.62880418359214e-07	0.0024112215276084	0.0015867089789061
BM.KLT.DINV.WD.GD.ZS_ratioavg2	9.60379281387335e-07	0.000163907413614924	0.000280007466865783
NV.AGR.TOTL.KD.ZG_rank	9.5273197327638e-07	0.00031738040302094	0.000466679111442972
EN.GHG.N2O.AG.MT.CE.AR5_tend2	9.49848052865071e-07	0.000475201069180667	0.000746686578308755
DT.ODA.ODAT.KD_rank	9.33015621378154e-07	0.0019168906807114	0.00102669404517454
SP.POP.4044.MA.5Y_rank	9.16327706570223e-07	0.000443897796553944	0.000466679111442972
SP.POP.3539.MA.5Y_delta1	9.07867181646858e-07	0.00016999416107012	0.000373343289154377
TM.VAL.SERV.CD.WT_isNA_rank	9.03462574763732e-07	0.000262599675924175	0.000653350756020161
SE.PRM.TCHR_delta1	9.02668590993484e-07	0.000182167655980512	0.000373343289154377
SE.PRM.ENRL_delta1	9.00856638379788e-07	0.000381291251300499	0.000653350756020161
EN.GHG.ALL.PC.CE.AR5_lag2	8.95345142743133e-07	0.000162168342913439	9.33358222885944e-05
BX.GSR.TRVL.ZS	8.94916187526667e-07	0.00023825268610339	0.000373343289154377
EG.USE.PCAP.KG.OE_delta2	8.8744039686636e-07	0.000357813796830457	0.000466679111442972
FD.AST.PRVT.GD.ZS	8.86124259391451e-07	0.000969966683753036	0.000560014933731566
SP.POP.4044.MA.5Y	8.78744536973053e-07	0.00152646930822811	0.000933358222885944
SP.POP.5054.MA.5Y_delta1	8.75268351005683e-07	0.00213210068002012	0.00186671644577189
NE.CON.PRVT.PC.KD_delta2	8.53133418468437e-07	0.000498243755975338	0.000560014933731566
ER.FSH.PROD.MT_delta2	8.48623536255719e-07	0.00112735258223739	0.00102669404517454
EN.GHG.N2O.WA.MT.CE.AR5_tend2	8.47321561913278e-07	0.000296511554603125	0.000280007466865783
EG.ELC.COAL.ZS_tend2	8.44663428377465e-07	0.00128560801607249	0.00112002986746313
NY.GDS.TOTL.CD_isNA_rank	8.39740780523573e-07	0.000538677149784855	0.000653350756020161
SP.POP.1014.MA.5Y_delta2	8.30381262110914e-07	0.000296511554603125	0.000466679111442972
EN.GHG.CH4.BU.MT.CE.AR5_tend2	8.27139236067096e-07	0.000201732201372214	0.000560014933731566
TX.VAL.MRCH.RS.ZS_delta1	8.16551953510788e-07	0.0009825749463388	0.000840022400597349
NY.GDP.MKTP.KN_isNA_rank	8.12703107973234e-07	0.000396073352263118	0.000466679111442972
EN.GHG.CH4.BU.MT.CE.AR5_delta2	8.08542505873662e-07	0.000161298807562697	0.000373343289154377
EG.USE.PCAP.KG.OE_tend2	7.91392079123544e-07	0.00162342249983588	0.0016800448011947
SM.POP.NETM_delta1	7.90382508596785e-07	0.000227818261894483	0.000373343289154377
DC.DAC.CANL.CD_min2	7.84785134205501e-07	0.000141734262170995	0.000280007466865783
FM.AST.NFRG.CN_tend2	7.83416143499227e-07	0.00118343761236027	0.00130670151204032
NE.RSB.GNFS.ZS_delta2	7.82286334858487e-07	0.00015129915102916	0.000373343289154377
NE.CON.TOTL.KD.ZG_isNA_rank	7.70447868947011e-07	0.000217383837685575	0.000373343289154377
SE.PRM.ENRR.MA_lag2	7.68919429263808e-07	0.000242600362857102	0.000373343289154377
DT.ODA.ODAT.GN.ZS_lag2	7.67981718041942e-07	2.99989696006094e-05	9.33358222885944e-05
EN.GHG.CO2.PI.MT.CE.AR5_delta2	7.62361202183506e-07	8.21710906451474e-05	0.000280007466865783
NY.GDP.MKTP.KD.ZG_rank	7.52777841248727e-07	0.000316076099994826	0.000280007466865783
EN.GHG.CO2.PC.CE.AR5_delta2	7.51936345145981e-07	0.000559980765878042	0.000653350756020161
SP.POP.5054.FE.5Y_rank	7.44150510425733e-07	0.000849970805350599	0.000560014933731566
IS.AIR.GOOD.MT.K1	7.43590762220786e-07	0.00127299975348673	0.000840022400597349
DT.ODA.ODAT.PC.ZS	7.41759828582501e-07	0.000316945635345569	0.000373343289154377
SP.POP.5559.FE.5Y_delta1	7.41633346198553e-07	0.000950402138361335	0.000933358222885944
NY.GDP.FRST.RT.ZS_lag1	7.39213748948007e-07	0.000119995878402437	0.000280007466865783
SH.MMR.RISK_lag1	7.3692007912209e-07	0.000423898483486872	0.000466679111442972
DT.ODA.ODAT.KD_ratioavg2	7.2647746240425e-07	0.00039694288761386	0.000560014933731566
NE.CON.PRVT.ZS_delta2	7.21990874614737e-07	0.000142169029846366	0.000373343289154377
BX.TRF.PWKR.DT.GD.ZS_avg2	7.18536305701365e-07	0.000225644423517627	0.000280007466865783
SH.DYN.MORT.MA_lag2	7.134397517122e-07	0.000536503311408	0.000280007466865783
covid_year_rank	6.97789623725195e-07	0.00052519935184835	0.000840022400597349
IT.MLT.MAIN_isNA_rank	6.7737293868041e-07	0.00060476183644127	0.000933358222885944
DC.DAC.FRAL.CD_delta2	6.7358343144415e-07	0.000139560423794139	0.000373343289154377
SE.PRM.TCHR	6.69270057907924e-07	1.86950100409595e-05	9.33358222885944e-05
AG.CON.FERT.ZS_delta2	6.66898555651987e-07	0.000724757714843708	0.000840022400597349
NV.SRV.TOTL.ZS_lag1	6.66125368401055e-07	7.04323634101264e-05	9.33358222885944e-05
BX.TRF.CURR.CD_isNA_rank	6.60105215254332e-07	0.000142169029846366	0.000280007466865783
TX.VAL.MRCH.OR.ZS_delta1	6.57005522632304e-07	0.000508678180184246	0.000933358222885944
MS.MIL.MPRT.KD_delta2	6.55262720470486e-07	0.000783451351018813	0.00102669404517454
BM.GSR.TRVL.ZS_ratioavg2	6.55208430389551e-07	0.000251295716364525	0.000373343289154377
TM.VAL.MRCH.R6.ZS	6.45827848248678e-07	1.86950100409595e-05	9.33358222885944e-05
NV.SRV.TOTL.ZS_isNA_rank	6.3797088823356e-07	0.000429115695591325	0.000746686578308755
SP.POP.3034.FE.5Y_delta2	6.34200631043993e-07	0.000746496098612265	0.000746686578308755
TX.VAL.SERV.CD.WT_delta1	6.33675444048422e-07	0.000196949756943131	0.000186671644577189
NV.IND.MANF.CD_delta1	6.3071422070067e-07	0.000143908100547851	0.000186671644577189
SM.POP.RHCR.EA_lag2	6.25337275561395e-07	0.000137386585417284	0.000280007466865783
EN.GHG.N2O.FE.MT.CE.AR5_ratioavg2	6.24270845356938e-07	0.000932576663671117	0.00121336568975173
DC.DAC.USAL.CD_ratioavg2	6.20023248298604e-07	0.000449115008658398	0.000840022400597349
DC.DAC.USAL.CD_min2	6.16693733918947e-07	0.000132604140988201	0.000280007466865783
NV.AGR.TOTL.KD_delta2	6.11335999706127e-07	0.000169124625719377	0.000373343289154377
NE.CON.PRVT.ZS_isNA_rank	6.10721388864175e-07	6.43456159549302e-05	0.000280007466865783
DC.DAC.FRAL.CD_tend2	6.10308199645629e-07	0.000696497815944583	0.000840022400597349
NE.EXP.GNFS.CN_delta2	6.08273044282492e-07	0.000121734949103922	0.000186671644577189
SP.POP.1564.MA.ZS_lag1	5.97657299100708e-07	0.000100866100686107	9.33358222885944e-05
NV.AGR.TOTL.KD_isNA_rank	5.96757232132404e-07	0.00100126995637976	0.000933358222885944
BX.TRF.CURR.CD_ratioavg2	5.76604981234092e-07	0.000323901918151507	0.000373343289154377
NV.AGR.TOTL.CD	5.73063486070061e-07	6.95628280593841e-05	0.000186671644577189
SE.SEC.ENRR.FE_lag1	5.7242085877643e-07	0.000172602767122347	0.000373343289154377
SE.SEC.ENRL.GC_rank	5.71958596111718e-07	0.000600414159687559	0.000466679111442972
clase_isNA_rank	5.65448540054373e-07	0.000883882684029549	0.000933358222885944
DC.DAC.CANL.CD_lag2	5.59329852268306e-07	0.000143908100547851	0.000280007466865783
BM.KLT.DINV.CD.WD_ratiomax2	5.50809590805218e-07	8.91273734510858e-05	0.000186671644577189
AG.YLD.CREL.KG_rank	5.50399031167743e-07	0.00059345787688162	0.000653350756020161
FM.AST.NFRG.CN_delta2	5.50229951257642e-07	0.00183819773146922	0.00121336568975173
AG.PRD.CROP.XD_lag1	5.50142145156337e-07	0.000195210686241646	0.000373343289154377
TX.VAL.MRCH.OR.ZS_delta2	5.40728668803196e-07	0.000153472989406016	0.000466679111442972
NY.ADJ.NNTY.CD_delta1	5.3978165007789e-07	0.000100431333010736	0.000186671644577189
EN.GHG.N2O.MT.CE.AR5_delta2	5.37298769114073e-07	0.000673455129149912	0.000746686578308755
NY.ADJ.DKAP.CD_delta2	5.23071096737065e-07	0.000289990039472557	0.000373343289154377
TX.VAL.TRVL.ZS.WT_delta1	5.15179385935157e-07	0.00020781894882741	0.000373343289154377
NE.EXP.GNFS.CN_lag2	5.07708936827932e-07	1.99993130670729e-05	9.33358222885944e-05
SP.DYN.LE00.MA.IN_delta1	5.07609565709102e-07	0.00121474088498699	0.000933358222885944
BM.GSR.INSF.ZS_ratioavg2	5.03815821985049e-07	0.000299120160655351	0.000373343289154377
TX.VAL.OTHR.ZS.WT_isNA_rank	4.95713894307931e-07	0.000101300868361478	0.000280007466865783
BX.GSR.FCTY.CD_delta2	4.94843405500559e-07	0.00140995157122864	0.00149337315661751
AG.PRD.FOOD.XD_ratioavg2	4.94645940712279e-07	6.82585250332706e-05	9.33358222885944e-05
NV.IND.TOTL.CN_rank	4.90235244495713e-07	6.21717775780745e-05	9.33358222885944e-05
NE.RSB.GNFS.CD_delta1	4.88988088529159e-07	0.00191906451908826	0.00112002986746313
SH.DYN.MORT_lag1	4.85196705119236e-07	0.000286077130394217	0.000186671644577189
SP.POP.1014.FE.5Y	4.74408906594591e-07	0.000228687797245225	0.000373343289154377
BX.TRF.PWKR.DT.GD.ZS_isNA_rank	4.70730594864905e-07	0.00023433977702505	0.000653350756020161
BX.TRF.PWKR.DT.GD.ZS_rank	4.60237978240333e-07	0.000443897796553944	0.000466679111442972
SE.SEC.ENRR.FE_isNA_rank	4.57832778294877e-07	0.000126952161208376	0.000186671644577189
NY.ADJ.DMIN.GN.ZS_isNA_rank	4.39277194999319e-07	0.000266077817327144	0.000560014933731566
NY.GDP.MKTP.KD_lag1	4.3520189389173e-07	0.000172167999446976	0.000186671644577189
SE.SEC.ENRR	4.35138166408308e-07	0.000305641675785919	0.000280007466865783
NY.ADJ.NNTY.PC.CD_lag2	4.33983266706032e-07	0.000394334281561633	0.000373343289154377
DT.ODA.ALLD.KD	4.32267547885484e-07	0.000549546341669134	0.000373343289154377
NV.AGR.TOTL.CN_delta1	4.28648481348229e-07	0.00020781894882741	0.000373343289154377
SP.POP.7579.MA.5Y	4.26052451880601e-07	0.000251295716364525	0.000186671644577189
NY.GDP.FCST.CN_isNA_rank	4.25783532840183e-07	0.00015129915102916	0.000280007466865783
BX.GSR.MRCH.CD_isNA_rank	4.24195813788945e-07	0.000197384524618502	0.000466679111442972
TM.VAL.TRAN.ZS.WT_delta2	4.21164032773558e-07	0.000133038908663572	0.000466679111442972
SP.DYN.LE00.IN_lag1	4.20975396456701e-07	0.000945619693932252	0.000653350756020161
TM.VAL.MRCH.R3.ZS_lag2	4.18800322001786e-07	0.000294337716226269	0.000373343289154377
SP.RUR.TOTL.ZS	4.11772906550788e-07	0.000226948726543741	0.000280007466865783
NV.AGR.TOTL.ZS	4.10642798931167e-07	0.000603892301090528	0.000466679111442972
SH.IMM.IDPT_lag2	4.03783766351631e-07	0.000157385898484356	0.000186671644577189
SP.POP.1564.MA.ZS_delta1	4.03446390058042e-07	0.000826928118555928	0.000933358222885944
TM.VAL.TRVL.ZS.WT_delta2	4.03234478329989e-07	7.91277169175494e-05	0.000186671644577189
BM.GSR.NFSV.CD_max2	3.99510975553702e-07	0.000171298464096233	9.33358222885944e-05
DC.DAC.USAL.CD_delta2	3.97071196074172e-07	0.00071041038155646	0.00102669404517454
BM.GSR.TOTL.CD_ratioavg2	3.9328574890969e-07	0.000120430646077809	0.000280007466865783
BX.GSR.TRAN.ZS_delta2	3.89044148109586e-07	0.00114648235995372	0.00112002986746313
TM.VAL.FUEL.ZS.UN_lag2	3.85766119503578e-07	7.60843431899513e-05	0.000280007466865783
TM.VAL.MANF.ZS.UN_delta1	3.8559637413753e-07	3.65204847311766e-05	0.000186671644577189
BX.KLT.DINV.CD.WD_min2	3.82426064742447e-07	0.000484765958038833	0.000373343289154377
AG.YLD.CREL.KG_tend2	3.82069918377038e-07	0.000969531916077665	0.00112002986746313
NY.GDP.DEFL.KD.ZG_lag2	3.80295618865022e-07	0.000413898826953335	0.000653350756020161
NV.IND.TOTL.KD.ZG_rank	3.7975211713567e-07	0.000156516363133614	0.000186671644577189
SP.POP.2529.FE.5Y_delta1	3.77774505421562e-07	0.000655194886784324	0.000933358222885944
AG.CON.FERT.ZS_ratioavg2	3.74694270159985e-07	0.000948228299984479	0.000933358222885944
SP.POP.3034.MA.5Y_lag1	3.74020093856139e-07	0.000401725332042943	0.000373343289154377
NE.CON.PRVT.PC.KD_min2	3.73804899835162e-07	0.000498243755975338	0.000373343289154377
SP.DYN.TO65.FE.ZS_lag1	3.71470528358997e-07	0.000152168686379903	0.000186671644577189
SP.DYN.IMRT.IN	3.71074761679719e-07	5.73893331489918e-05	9.33358222885944e-05
TM.VAL.MANF.ZS.UN	3.6783699703265e-07	0.000149125312652305	0.000373343289154377
NY.ADJ.NNTY.PC.CD_delta2	3.67587552396763e-07	0.00266251724397292	0.00177338062348329
EN.GHG.CO2.PI.MT.CE.AR5_tend2	3.67117758059358e-07	0.000955619350465788	0.00121336568975173
DC.DAC.CANL.CD_lag1	3.66717541651461e-07	0.000336944948412642	0.000466679111442972
SE.TER.ENRR_delta2	3.66660899214779e-07	0.00250382704246245	0.00186671644577189
AG.YLD.CREL.KG_avg2	3.59959406234411e-07	0.000726931553220563	0.000653350756020161
BX.KLT.DINV.WD.GD.ZS_avg2	3.55907376870219e-07	0.0004912874731694	0.000466679111442972
BX.GSR.TRVL.ZS_ratioavg2	3.55656551940963e-07	9.99965653353646e-05	0.000373343289154377
AG.YLD.CREL.KG_lag1	3.53133192207482e-07	0.00141777738938532	0.00102669404517454
NY.GDP.FCST.CD_lag1	3.44978050045891e-07	5.52154947721361e-05	9.33358222885944e-05
NE.CON.PRVT.PC.KD_avg2	3.44222119722635e-07	0.000473461998479183	0.000280007466865783
IT.MLT.MAIN.P2_isNA_rank	3.42203836238792e-07	0.000129560767260603	0.000186671644577189
SP.POP.5054.MA.5Y_lag2	3.41828186673488e-07	0.000689976300814016	0.000373343289154377
ER.FSH.CAPT.MT_tend2	3.40568268792816e-07	0.00230948589157155	0.00186671644577189
DT.ODA.ALLD.CD_rank	3.40331972709547e-07	0.000329988665606703	0.000186671644577189
BM.KLT.DINV.CD.WD_min2	3.34022868904848e-07	0.000409116382524252	0.000373343289154377
SP.POP.65UP.MA.ZS_lag2	3.33405535499288e-07	0.00016999416107012	9.33358222885944e-05
TX.VAL.FOOD.ZS.UN_delta2	3.32944628564479e-07	0.000120430646077809	9.33358222885944e-05
SP.POP.3034.FE.5Y	3.32713496579744e-07	0.000666498846343973	0.000560014933731566
SP.POP.3539.MA.5Y_lag1	3.31290510619422e-07	0.000524329816497607	0.000560014933731566
SP.POP.DPND.OL	3.30366068753624e-07	0.000291729110174042	0.000280007466865783
SP.POP.2529.FE.5Y_lag2	3.29976497207675e-07	0.00116300353161783	0.00112002986746313
NE.CON.TOTL.KD.ZG_lag1	3.29894056467962e-07	0.000509112947859617	0.000746686578308755
high_inflation_rank	3.29221501437704e-07	2.86946665744959e-05	9.33358222885944e-05
SP.POP.1564.MA.ZS	3.23748171801126e-07	0.000350857514024518	0.000373343289154377
SP.DYN.TO65.MA.ZS_rank	3.21494719228832e-07	3.34771110035786e-05	9.33358222885944e-05
EG.ELC.NUCL.ZS_max2	3.1976552715138e-07	0.000286946665744959	0.000186671644577189
SP.POP.6064.MA.5Y_delta2	3.18116526093678e-07	0.000413898826953335	0.000653350756020161
SP.POP.2024.FE.5Y_delta1	3.16126886891612e-07	0.000713018987608687	0.000933358222885944
SP.POP.1014.FE.5Y_lag2	3.1368582202746e-07	0.000218253373036317	0.000280007466865783
SH.MMR.RISK.ZS_delta2	3.13413173176845e-07	0.000109126686518159	0.000280007466865783
EN.GHG.CO2.IC.MT.CE.AR5_delta2	3.09844437677167e-07	0.000396073352263118	0.000653350756020161
NY.GDS.TOTL.ZS_delta1	3.0825223741113e-07	9.56488885816531e-05	0.000280007466865783
DC.DAC.USAL.CD_max2	3.06463591544814e-07	4.0433393809517e-05	0.000186671644577189
FM.AST.PRVT.GD.ZS_isNA_rank	3.02815701482086e-07	0.000411724988576479	0.000840022400597349
TM.VAL.OTHR.ZS.WT_isNA_rank	2.97016748427296e-07	9.86922623092511e-05	0.000186671644577189
SP.POP.0004.MA.5Y_delta1	2.96821793251469e-07	0.000675194199851396	0.000373343289154377
SP.DYN.LE00.FE.IN_delta2	2.9305994395741e-07	0.000168689858044006	0.000186671644577189
DT.NFL.UNDP.CD_ratioavg2	2.91000021084067e-07	0.000640847553497076	0.000933358222885944
AG.LND.AGRI.ZS_min2	2.90270928314237e-07	2.91294342498671e-05	9.33358222885944e-05
DC.DAC.GBRL.CD_delta2	2.88373575197888e-07	0.000280425150614392	0.000560014933731566
TM.VAL.INSF.ZS.WT_lag2	2.81507714002063e-07	0.00099040076449548	0.000653350756020161
SP.POP.6064.MA.5Y	2.81304970222042e-07	8.47796966973743e-05	9.33358222885944e-05
EN.GHG.CO2.RT.GDP.KD	2.80700589074092e-07	0.000230861635622081	0.000560014933731566
BX.GSR.FCTY.CD_tend2	2.7659032590195e-07	0.00117778563258045	0.0016800448011947
EN.GHG.CO2.PC.CE.AR5_lag2	2.76527821416641e-07	0.000199123595319987	0.000186671644577189
FI.RES.TOTL.MO_tend2	2.75428078993691e-07	0.000153472989406016	0.000280007466865783
NY.GDP.DEFL.ZS_isNA_rank	2.69360503891271e-07	0.000273468867808454	0.000653350756020161
SE.SEC.ENRR.MA_lag1	2.63212418950584e-07	0.00041563789765482	0.000653350756020161
SP.POP.1519.MA.5Y_delta1	2.61190528301319e-07	0.000728235856246677	0.000560014933731566
SH.IMM.MEAS_delta1	2.59386369297083e-07	9.91270299846223e-05	0.000280007466865783
SP.DYN.TO65.MA.ZS_delta2	2.57305471719509e-07	0.000123474019805407	0.000373343289154377
NV.IND.TOTL.KD_lag2	2.54989149894136e-07	4.47810705632285e-05	9.33358222885944e-05
SM.POP.RHCR.EA_isNA_rank	2.54980818348381e-07	0.000322162847450022	0.000373343289154377
IT.MLT.MAIN.P2_tend2	2.5432907428702e-07	0.011856984042722	0.00690685084935598
BX.GSR.FCTY.CD_isNA_rank	2.53466824718386e-07	0.000146951474275449	0.000280007466865783
DC.DAC.DEUL.CD_lag2	2.46303316930319e-07	0.00027216456478234	0.000373343289154377
NV.IND.TOTL.KD_lag1	2.40748732541735e-07	0.000167385555017893	9.33358222885944e-05
IT.MLT.MAIN.P2_lag1	2.37150599676781e-07	0.00220992409391156	0.00112002986746313
IS.AIR.PSGR_delta2	2.36833466181e-07	0.000386508463404953	0.000373343289154377
EG.ELC.FOSL.ZS_ratioavg2	2.36188553582189e-07	0.000787364260097153	0.000746686578308755
BM.GSR.INSF.ZS_lag2	2.35598181735659e-07	0.000781712280317328	0.000560014933731566
NV.AGR.TOTL.CD_delta1	2.32740246130856e-07	0.000613022422273322	0.000746686578308755
FM.AST.NFRG.CN_lag1	2.31519281653826e-07	0.00023433977702505	0.000186671644577189
SP.DYN.AMRT.FE_lag2	2.28820184331274e-07	0.00123082728897573	0.000746686578308755
TM.VAL.MRCH.CD.WT_delta2	2.2869727771924e-07	0.000163907413614924	0.000280007466865783
NY.ADJ.DMIN.GN.ZS_delta1	2.25936639092207e-07	0.000217383837685575	0.000560014933731566
BX.GSR.CMCP.ZS_ratioavg2	2.25476859708695e-07	7.78234138914359e-05	0.000186671644577189
EN.GHG.CO2.PC.CE.AR5_tend2	2.24295523156256e-07	0.000515199695314813	0.000653350756020161
SH.IMM.IDPT_lag1	2.2413247359555e-07	0.000308685049513517	0.000466679111442972
SP.POP.0509.FE.5Y_rank	2.24127075703096e-07	0.00060476183644127	0.000373343289154377
NY.ADJ.NNTY.PC.CD_lag1	2.22986691647027e-07	0.000225644423517627	0.000373343289154377
SP.POP.5054.FE.5Y_delta1	2.22850196036672e-07	0.00109996221868901	0.00112002986746313
TM.VAL.FOOD.ZS.UN_delta2	2.22392495587413e-07	6.69542220071572e-05	9.33358222885944e-05
NY.GSR.NFCY.CD_delta2	2.21685561594045e-07	0.000230861635622081	0.000280007466865783
SE.PRM.ENRR.FE_isNA_rank	2.19955311053658e-07	0.00271208075896524	0.00186671644577189
TX.VAL.OTHR.ZS.WT_delta1	2.1963127258416e-07	0.000411290220901108	0.000840022400597349
BM.GSR.NFSV.CD_isNA_rank	2.16607612647732e-07	0.000186515332734223	0.000466679111442972
IS.AIR.PSGR_lag2	2.1614423090598e-07	0.000882578381003435	0.000560014933731566
SP.POP.6569.MA.5Y_lag2	2.11279531852329e-07	0.000168689858044006	9.33358222885944e-05
NV.SRV.TOTL.KD.ZG_delta1	2.09454690862587e-07	0.00035911809985657	0.000840022400597349
BX.GSR.MRCH.CD_lag2	2.08169150452977e-07	0.000334336342360415	0.000280007466865783
BX.GSR.GNFS.CD	2.07314803681416e-07	0.000209992787204266	0.000186671644577189
NV.SRV.TOTL.KD.ZG_delta2	2.030353147148e-07	0.000171298464096233	0.000280007466865783
TM.VAL.TRAN.ZS.WT	2.02634232132305e-07	0.000272599332457711	0.000373343289154377
SP.DYN.IMRT.FE.IN_delta2	2.00562847999305e-07	0.00163472645939553	0.000933358222885944
AG.PRD.LVSK.XD_ratioavg2	2.00184191628762e-07	0.000251730484039896	0.000373343289154377
SM.POP.RHCR.EA	1.9749422670379e-07	0.000274773170834567	0.000466679111442972
NY.GDP.COAL.RT.ZS_isNA_rank	1.9731750567464e-07	0.000449984544009141	0.000840022400597349
NV.SRV.TOTL.KD.ZG_lag2	1.9211505839269e-07	0.000590414503154022	0.000653350756020161
FP.CPI.TOTL_delta2	1.91702681447059e-07	0.000359552867531941	0.000280007466865783
BM.GSR.TOTL.CD_isNA_rank	1.89634855773528e-07	0.000496504685273854	0.000653350756020161
NE.CON.GOVT.ZS_tend2	1.8948112267641e-07	0.000138690888443397	0.000373343289154377
NY.ADJ.AEDU.GN.ZS_lag2	1.89214932375733e-07	0.000363900544285653	0.000280007466865783
DT.ODA.ODAT.KD_isNA_rank	1.87950920363436e-07	0.000512591089262586	0.000466679111442972
NE.DAB.TOTL.CD_isNA_rank	1.87607864924204e-07	0.000493896079221627	0.000746686578308755
AG.SRF.TOTL.K2_delta2	1.8626404180116e-07	0.000481722584311235	0.000280007466865783
BM.GSR.TRVL.ZS_delta2	1.85332519801992e-07	0.000246513271935442	0.000466679111442972
NV.AGR.TOTL.ZS_isNA_rank	1.83250525862065e-07	0.000582588684997341	0.000746686578308755
SH.MMR.RISK.ZS_lag2	1.8320633477574e-07	0.000420855109759273	0.000280007466865783
NE.CON.PRVT.KD_isNA_rank	1.82770258658866e-07	0.000137821353092655	0.000186671644577189
SH.IMM.IDPT	1.81914169771886e-07	7.13018987608687e-05	0.000186671644577189
NE.CON.PRVT.KD.ZG_tend2	1.807985273756e-07	9.91270299846223e-05	0.000466679111442972
NY.GDP.PETR.RT.ZS_lag2	1.80765576013492e-07	4.78244442908265e-05	0.000186671644577189
NE.EXP.GNFS.ZS_lag1	1.78833153002135e-07	0.00217296884150501	0.00140003733432892
TX.VAL.TRVL.ZS.WT	1.7701598921707e-07	9.17359795033127e-05	0.000186671644577189
NV.IND.MANF.CD_delta2	1.71983577114237e-07	0.000599979392012187	0.000560014933731566
TM.VAL.MRCH.R3.ZS_rank	1.6964428734545e-07	7.5214807839209e-05	0.000186671644577189
EN.GHG.N2O.PI.MT.CE.AR5_tend2	1.69507134418676e-07	0.000864318138637847	0.000933358222885944
AG.YLD.CREL.KG_delta2	1.67008565419342e-07	0.000521286442770009	0.00112002986746313
NY.ADJ.AEDU.GN.ZS_delta2	1.66852916046473e-07	0.00123517496572944	0.00102669404517454
NE.EXP.GNFS.KD.ZG_rank	1.60654894776511e-07	0.000229557332595967	0.000373343289154377
NY.GDS.TOTL.CD_delta2	1.58445391367243e-07	0.000119995878402437	9.33358222885944e-05
NY.ADJ.DMIN.CD_rank	1.58154482740362e-07	8.47796966973743e-05	0.000186671644577189
DT.ODA.ODAT.GN.ZS_isNA_rank	1.57145748906692e-07	0.000732583533000388	0.000746686578308755
AG.LND.CROP.ZS_tend2	1.55685768100044e-07	0.000229122564920596	0.000373343289154377
SP.POP.DPND.YG_delta1	1.54448116363316e-07	0.000964314703973211	0.000653350756020161
BX.KLT.DINV.CD.WD_delta2	1.53644075068719e-07	0.00107822383492045	0.00140003733432892
FirstYear_rank	1.52582117366947e-07	0.000167820322693264	0.000373343289154377
FP.CPI.TOTL_tend2	1.51490045132981e-07	0.000142603797521737	0.000280007466865783
AG.LND.ARBL.HA.PC_delta2	1.51427157029874e-07	0.000129560767260603	0.000186671644577189
TM.VAL.MRCH.OR.ZS_delta2	1.4996410540715e-07	0.000284772827368103	0.000466679111442972
BX.TRF.PWKR.DT.GD.ZS_ratioavg2	1.47299854069612e-07	0.000378247877572901	0.000653350756020161
MS.MIL.XPND.CD_tend2	1.469553640435e-07	0.00110604896614421	0.00121336568975173
SP.DYN.CBRT.IN_delta1	1.46009883897654e-07	0.00086562244166396	0.000840022400597349
EG.USE.ELEC.KH.PC_lag1	1.45384699202985e-07	0.000536068543732628	0.000280007466865783
IT.MLT.MAIN.P2_delta2	1.45144705759472e-07	0.00300772277821762	0.00205338809034908
TX.VAL.MRCH.HI.ZS	1.4466829927838e-07	0.000133038908663572	0.000280007466865783
SP.ADO.TFRT_lag1	1.43446395967379e-07	0.000592153573855507	0.000933358222885944
BM.GSR.FCTY.CD_tend2	1.41487398553035e-07	0.000878665471925095	0.00102669404517454
SP.POP.5559.MA.5Y_lag2	1.41093575147437e-07	0.000146081938924707	9.33358222885944e-05
SP.POP.0004.MA.5Y	1.39236553184441e-07	0.000547807270967649	0.000280007466865783
DT.ODA.ODAT.GN.ZS_rank	1.38911042611628e-07	0.000611283351571837	0.000373343289154377
DC.DAC.GBRL.CD_tend2	1.38108825029051e-07	0.000262599675924175	0.000653350756020161
SP.POP.TOTL.FE.ZS_delta1	1.37731840168984e-07	0.000202166969047585	0.000186671644577189
SP.POP.DPND.YG	1.37163568416696e-07	0.000223905352816142	0.000186671644577189
DC.DAC.USAL.CD_ratiomax2	1.36170503297199e-07	0.000170428928745491	0.000280007466865783
EN.GHG.N2O.AG.MT.CE.AR5_delta2	1.34168731501661e-07	0.000464331877296389	0.000560014933731566
NV.IND.MANF.ZS_delta1	1.33906032008683e-07	0.000408681614848881	0.000653350756020161
SP.POP.65UP.MA.IN_delta1	1.32682985997254e-07	2.3042686794671e-05	9.33358222885944e-05
TX.VAL.MRCH.WR.ZS_lag1	1.31944290573855e-07	0.000301728766707578	0.000280007466865783
EG.ELC.FOSL.ZS_delta2	1.31661497007111e-07	0.000113909130947241	0.000280007466865783
EN.URB.LCTY_ratioavg2	1.31330887331625e-07	8.30406259958897e-05	9.33358222885944e-05
SP.ADO.TFRT	1.31154101663621e-07	0.00072562725019445	0.000840022400597349
NY.GDP.PCAP.KD_delta2	1.30509893180024e-07	0.000206514645801296	0.000186671644577189
TX.VAL.MRCH.R2.ZS_lag1	1.30351937110904e-07	0.000283033756666619	0.000560014933731566
DT.ODA.ODAT.PC.ZS_tend2	1.29605548450971e-07	0.00014347333287248	0.000466679111442972
SE.SEC.ENRL.GC_delta1	1.2932329453107e-07	0.000318684706047053	0.000746686578308755
NV.SRV.TOTL.ZS	1.29186114707886e-07	0.00294815960669177	0.00205338809034908
BX.GSR.GNFS.CD_isNA_rank	1.28298886547696e-07	0.000489548402467915	0.000560014933731566
NE.TRD.GNFS.ZS_lag2	1.27212213497509e-07	0.00525764549826332	0.00298674631323502
TM.VAL.FOOD.ZS.UN_lag2	1.26369237530787e-07	0.000128256464234489	0.000186671644577189
NY.ADJ.DNGY.GN.ZS	1.25087695553556e-07	0.000248252342636927	0.000373343289154377
DC.DAC.CANL.CD_max2	1.25064490803375e-07	0.000240861292155617	0.000466679111442972
NE.CON.PRVT.ZS_lag1	1.23952006017888e-07	0.000486505028740317	0.000373343289154377
DC.DAC.CECL.CD_delta2	1.20143676248277e-07	0.00111300524895014	0.00140003733432892
SP.DYN.CDRT.IN_delta1	1.20092943375563e-07	4.17376968356304e-05	0.000186671644577189
BX.GSR.TRAN.ZS_lag2	1.20051003776155e-07	1.82602423655883e-05	9.33358222885944e-05
SP.DYN.TFRT.IN_delta2	1.20022609318211e-07	0.00164603041895518	0.00140003733432892
FS.AST.PRVT.GD.ZS_isNA_rank	1.1974170255383e-07	0.000286946665744959	0.000653350756020161
SP.POP.7579.MA.5Y_delta1	1.18669032870095e-07	0.000931272360645004	0.000840022400597349
TM.VAL.TRVL.ZS.WT_isNA_rank	1.18239250630308e-07	0.00116604690534543	0.000840022400597349
DC.DAC.DEUL.CD_ratioavg2	1.17825240251845e-07	0.000371291594766962	0.00112002986746313
BM.GSR.INSF.ZS_max2	1.17745081992134e-07	0.00019260208018942	0.000186671644577189
SE.TER.ENRR_isNA_delta2	1.17458358521944e-07	9.17359795033127e-05	9.33358222885944e-05
DT.NFL.UNDP.CD_rank	1.15788905133596e-07	0.000138690888443397	9.33358222885944e-05
SP.POP.1014.MA.5Y_lag1	1.14468710225296e-07	0.000547807270967649	0.000466679111442972
NV.AGR.TOTL.KD.ZG	1.1432663754034e-07	0.00139299563188917	0.00130670151204032
BG.GSR.NFSV.GD.ZS_lag2	1.13851854466502e-07	3.99986261341458e-05	0.000186671644577189
SP.POP.1564.FE.ZS_delta2	1.13686798931154e-07	0.000601283695038301	0.000466679111442972
trade_balance_ratio_delta1	1.13483150196838e-07	0.00029477248390164	0.000933358222885944
DC.DAC.CECL.CD_isNA_rank	1.12882675317041e-07	0.00200775712486397	0.0015867089789061
DC.DAC.CECL.CD_tend2	1.10841679734511e-07	0.000195645453917018	0.000373343289154377
EN.GHG.CO2.BU.MT.CE.AR5_lag1	1.10118982396575e-07	9.43445855555396e-05	0.000186671644577189
EG.USE.PCAP.KG.OE_max2	1.09892276257157e-07	0.000793451007552349	0.000466679111442972
IT.CEL.SETS_tend2	1.08522355201296e-07	0.000221731514439287	0.000466679111442972
DC.DAC.DEUL.CD_avg2	1.08402925456578e-07	0.000248687110312298	0.000186671644577189
NE.EXP.GNFS.KD	1.08076843424302e-07	3.65204847311766e-05	9.33358222885944e-05
NY.GDP.DEFL.KD.ZG	1.07528988093756e-07	0.000191297777163306	0.000466679111442972
NV.IND.TOTL.KD.ZG_delta1	1.06569909734674e-07	0.000716062361336285	0.00130670151204032
FM.LBL.BMNY.GD.ZS_isNA_lag2	1.0633040452082e-07	8.43449290220032e-05	9.33358222885944e-05
TX.VAL.MMTL.ZS.UN_delta2	1.00872736609811e-07	6.82585250332706e-05	0.000280007466865783
NE.TRD.GNFS.ZS_lag1	1.00696492269552e-07	0.00150516569213492	0.000933358222885944
EG.USE.ELEC.KH.PC_isNA_rank	1.00614431891357e-07	0.000267382120353257	0.000280007466865783
ER.FSH.CAPT.MT_min2	9.97478652168409e-08	0.000222601049790029	0.000280007466865783
NE.CON.GOVT.CD_delta2	9.94416293514757e-08	0.000247382807286185	0.000186671644577189
AG.LND.AGRI.ZS_tend2	9.84469584551833e-08	0.00023825268610339	0.000280007466865783
TM.VAL.TRAN.ZS.WT_lag1	9.63556913032886e-08	0.00019651498926776	0.000280007466865783
DC.DAC.TOTL.CD	9.45330106075748e-08	0.000823015209477588	0.000653350756020161
PA.NUS.FCRF_rank	9.36594979829249e-08	0.000273903635483825	0.000280007466865783
SP.POP.3539.FE.5Y_rank	9.22630241255792e-08	0.000142169029846366	9.33358222885944e-05
EN.GHG.N2O.WA.MT.CE.AR5_ratioavg2	9.19409970613578e-08	0.000763017270276369	0.000933358222885944
BM.KLT.DINV.CD.WD_tend2	9.10050062443812e-08	0.00113387409736796	0.000933358222885944
SP.POP.6064.FE.5Y_lag1	9.03173242208576e-08	0.000235644080051163	0.000280007466865783
NY.GDP.PETR.RT.ZS_lag1	9.02555825257508e-08	5.13025856937957e-05	9.33358222885944e-05
NY.GNP.PCAP.CD_delta1	8.94088651529935e-08	0.00095605411814116	0.000746686578308755
AG.PRD.CREL.MT_avg2	8.88715639259185e-08	7.26062017869821e-05	9.33358222885944e-05
NV.AGR.TOTL.CD_isNA_rank	8.87393841198293e-08	0.00145864555087021	0.00102669404517454
IT.MLT.MAIN.P2_min2	8.71197151112497e-08	0.000160864039887326	9.33358222885944e-05
FS.AST.CGOV.GD.ZS_delta2	8.63415627562023e-08	7.78234138914359e-05	0.000186671644577189
FI.RES.TOTL.MO_ratioavg2	8.5494423905168e-08	5.47807270967649e-05	0.000186671644577189
EG.ELC.NUCL.ZS	8.46922583959096e-08	0.00040824684717351	0.000280007466865783
AG.CON.FERT.ZS_lag1	8.46063834749555e-08	0.00132821524825886	0.00102669404517454
SP.POP.65UP.TO.ZS_delta1	8.32320587617971e-08	0.000263469211274917	0.000186671644577189
NE.GDI.FTOT.ZS	8.31587436005526e-08	0.000225644423517627	0.000373343289154377
SP.POP.1564.FE.ZS_lag2	8.26979949247173e-08	9.825749463388e-05	9.33358222885944e-05
SP.DYN.CBRT.IN_delta2	8.25773726385165e-08	0.000239122221454133	0.000466679111442972
SE.SEC.AGES_rank	8.07489905730933e-08	1.91297777163306e-05	9.33358222885944e-05
DT.ODA.ALLD.KD_ratioavg2	7.9478848906325e-08	0.000305641675785919	0.000280007466865783
TM.VAL.MRCH.R2.ZS_lag1	7.9398029301191e-08	2.99989696006094e-05	9.33358222885944e-05
DC.DAC.CECL.CD_lag1	7.90693331475615e-08	0.000504330503430534	0.000466679111442972
SP.POP.1564.TO.ZS_lag1	7.86767061084151e-08	0.000493026543870885	0.000373343289154377
SP.POP.1564.TO.ZS_lag2	7.75996421265361e-08	8.86926057757147e-05	9.33358222885944e-05
EN.GHG.CO2.TR.MT.CE.AR5_delta1	7.75817464028034e-08	0.000252165251715267	0.000186671644577189
DC.DAC.FRAL.CD_ratioavg2	7.72508684149148e-08	0.000580414846620486	0.00102669404517454
TG.VAL.TOTL.GD.ZS_delta2	7.72242279375952e-08	0.000106083312790561	0.000280007466865783
DT.ODA.ODAT.CD_rank	7.67328824878846e-08	0.00016999416107012	9.33358222885944e-05
IT.MLT.MAIN.P2_lag2	7.47242291034937e-08	0.000903012461745879	0.000560014933731566
BM.GSR.FCTY.CD_lag1	7.43098503896446e-08	0.000259121534521206	0.000186671644577189
DC.DAC.DEUL.CD_isNA_rank	7.40615545392038e-08	0.000264773514301031	0.000373343289154377
TM.VAL.MMTL.ZS.UN_lag1	7.31646163141315e-08	0.000713888522959429	0.000746686578308755
SE.TER.ENRR_lag2	7.00163325982028e-08	0.000297815857629238	0.000186671644577189
NY.ADJ.DKAP.CD_isNA_rank	6.94956854909174e-08	0.000282164221315877	0.000653350756020161
TX.VAL.MANF.ZS.UN_rank	6.94344456728996e-08	6.6519454331786e-05	9.33358222885944e-05
BX.GSR.MRCH.CD_delta2	6.8935528727065e-08	8.69535350742301e-05	0.000186671644577189
EG.ELC.NUCL.ZS_tend2	6.88246756418734e-08	0.0116539475383237	0.00681351502706739
DT.NFL.UNDP.CD_delta2	6.84339909274027e-08	0.000307815514162774	0.000653350756020161
NV.IND.MANF.KD_delta1	6.78590780227941e-08	0.000659107795862664	0.000466679111442972
AG.PRD.CROP.XD_ratioavg2	6.77831404159339e-08	0.000209123251853523	0.000280007466865783
SH.DTH.NMRT_delta2	6.6933695999021e-08	1.78254746902172e-05	9.33358222885944e-05
NE.RSB.GNFS.CN_delta1	6.68741041262181e-08	0.000269990726405484	0.000560014933731566
NY.GDP.PCAP.KN_delta1	6.66693143866146e-08	0.000197819292293873	0.000186671644577189
SP.POP.5054.MA.5Y_rank	6.65698539532136e-08	0.000137821353092655	9.33358222885944e-05
SP.DYN.AMRT.FE_lag1	6.63647925957e-08	0.00157603282322042	0.00102669404517454
TM.VAL.MRCH.HI.ZS_lag1	6.6307483246565e-08	0.000576936705217517	0.000466679111442972
TM.VAL.TRAN.ZS.WT_lag2	6.59885801399761e-08	3.95638584587747e-05	9.33358222885944e-05
EN.GHG.CO2.BU.MT.CE.AR5_tend2	6.51704028110213e-08	0.00255208625442865	0.00177338062348329
BX.GSR.TRAN.ZS_lag1	6.49070353616047e-08	2.34774544700421e-05	9.33358222885944e-05
NY.GSR.NFCY.CN_rank	6.48220927326916e-08	0.00120952367288254	0.000746686578308755
SP.POP.1014.MA.5Y_delta1	6.47637477691985e-08	0.00279686045566261	0.00205338809034908
EN.GHG.CH4.TR.MT.CE.AR5_lag2	6.43255428188043e-08	2.17383837685575e-05	9.33358222885944e-05
NV.IND.TOTL.KD_isNA_rank	6.38598822645156e-08	0.000127386928883747	0.000280007466865783
NY.ADJ.DFOR.GN.ZS_rank	6.35935891930519e-08	0.000570415190086949	0.000373343289154377
NE.GDI.TOTL.CD_delta1	6.35678998562433e-08	0.000118691575376324	0.000186671644577189
MS.MIL.MPRT.KD_ratioavg2	6.19665547336702e-08	0.00735279092587689	0.00541347769273847
TX.VAL.MRCH.CD.WT_rank	6.11666331562316e-08	0.000420855109759273	0.000280007466865783
NE.IMP.GNFS.CN_delta1	6.0761072996059e-08	9.69531916077665e-05	0.000186671644577189
BM.GSR.TRAN.ZS_max2	6.00424042150459e-08	0.000106952848141303	0.000186671644577189
SP.DYN.AMRT.MA_delta2	6.00231131785876e-08	0.000109996221868901	0.000280007466865783
DC.DAC.CANL.CD_isNA_rank	5.96527872168632e-08	0.00117169888512525	0.00121336568975173
NV.AGR.TOTL.CN	5.93289862783377e-08	0.000967358077700809	0.000653350756020161
SH.DTH.NMRT_delta1	5.9326706046898e-08	0.000109996221868901	0.000280007466865783
NY.GDP.PCAP.KD.ZG_lag2	5.89685208952995e-08	0.000265643049651773	0.000560014933731566
SP.POP.7074.MA.5Y_lag2	5.89557351270569e-08	0.000444767331904687	0.000373343289154377
ER.FSH.AQUA.MT_ratioavg2	5.8761290171133e-08	0.000156951130808985	0.000373343289154377
SP.POP.4044.MA.5Y_delta2	5.84025285718827e-08	0.00101518252199164	0.000840022400597349
TM.VAL.FUEL.ZS.UN	5.77499576530768e-08	0.000418246503707047	0.000373343289154377
DT.ODA.ALLD.CD_ratioavg2	5.75652161010682e-08	5.52154947721361e-05	0.000280007466865783
BX.TRF.PWKR.CD.DT_tend2	5.7192988808633e-08	0.000167820322693264	0.000280007466865783
SP.POP.5559.MA.5Y_delta1	5.71217300058254e-08	0.000889099896134002	0.000746686578308755
EN.GHG.ALL.PC.CE.AR5_ratiomax2	5.68843302816779e-08	6.91280603840129e-05	9.33358222885944e-05
BM.TRF.PWKR.CD.DT_isNA_rank	5.68767075564131e-08	3.26075756528363e-05	9.33358222885944e-05
AG.PRD.CROP.XD_delta2	5.62662523471157e-08	0.000380856483625128	0.000933358222885944
NV.IND.TOTL.KD_delta1	5.51788310243377e-08	0.000613022422273322	0.000560014933731566
NE.CON.PRVT.PC.KD_isNA_rank	5.43581417891432e-08	0.000256512928468979	0.000466679111442972
EN.GHG.ALL.MT.CE.AR5_ratioavg2	5.3754641977327e-08	5.86936361751053e-05	9.33358222885944e-05
SP.DYN.IMRT.MA.IN_delta2	5.35340085857362e-08	0.00116387306696857	0.000653350756020161
SP.POP.7074.MA.5Y_delta1	5.33093551760059e-08	0.000946489229282994	0.000560014933731566
BX.KLT.DINV.WD.GD.ZS_lag1	5.33005100198446e-08	0.000103909474413705	0.000186671644577189
SP.POP.65UP.FE.ZS	5.29949996738355e-08	0.000266512585002515	0.000186671644577189
NV.IND.MANF.ZS_isNA_rank	5.2972526469176e-08	0.00160603179282103	0.00140003733432892
NE.CON.PRVT.PC.KD_ratioavg2	5.27292815326628e-08	3.08685049513517e-05	9.33358222885944e-05
FS.AST.CGOV.GD.ZS_tend2	5.24940867417513e-08	0.000489113634792544	0.000560014933731566
EN.GHG.CH4.PI.MT.CE.AR5_delta2	5.19299963186536e-08	2.47817574961556e-05	9.33358222885944e-05
SP.POP.4044.MA.5Y_lag1	5.09748529471605e-08	0.00299989696006094	0.0016800448011947
NE.DAB.TOTL.CD_rank	5.04679204288304e-08	2.43469898207844e-05	9.33358222885944e-05
BX.GSR.NFSV.CD	5.04217843697916e-08	0.000275642706185309	0.000280007466865783
TX.VAL.MRCH.R1.ZS_delta1	5.02432544623535e-08	7.39105048130956e-05	0.000280007466865783
NY.ADJ.DKAP.GN.ZS_delta1	5.00193744555616e-08	0.000448245473307656	0.000933358222885944
BX.GSR.MRCH.CD_ratioavg2	4.98291570958126e-08	9.56488885816531e-05	0.000280007466865783
DT.ODA.ALLD.KD_delta2	4.94288201221274e-08	6.73889896825283e-05	0.000186671644577189
TM.VAL.MRCH.R1.ZS_delta1	4.93394751314423e-08	0.00034390123121858	0.000746686578308755
BM.KLT.DINV.WD.GD.ZS_lag2	4.89033578696068e-08	6.52151513056726e-05	0.000186671644577189
TX.VAL.MRCH.R4.ZS_delta1	4.83323323531975e-08	0.000114778666297984	0.000280007466865783
SP.URB.TOTL.IN.ZS_delta2	4.82536627363548e-08	0.000180428585279027	9.33358222885944e-05
TM.VAL.MRCH.R5.ZS_delta2	4.75510064616831e-08	6.91280603840129e-05	0.000280007466865783
BM.GSR.FCTY.CD	4.73818130215406e-08	5.52154947721361e-05	0.000186671644577189
AG.CON.FERT.ZS_max2	4.73174546387564e-08	0.000130865070286716	0.000186671644577189
SP.URB.TOTL_delta2	4.73127464849164e-08	2.6086060522269e-05	9.33358222885944e-05
trade_balance_ratio_delta2	4.70840894183755e-08	0.000286077130394217	0.000840022400597349
NY.GDP.MINR.RT.ZS_isNA_rank	4.6827958911526e-08	0.000327380059554476	0.000653350756020161
SP.DYN.CBRT.IN_lag1	4.68178553556551e-08	0.000312163190916486	0.000186671644577189
EG.ELC.PETR.ZS_ratioavg2	4.68045402522583e-08	0.000280425150614392	0.000280007466865783
DT.ODA.ALLD.CD_tend2	4.58750947723776e-08	0.00027607747386068	0.000373343289154377
NY.GDP.FRST.RT.ZS_lag2	4.54790552196032e-08	0.000208253716502781	0.000280007466865783
TM.VAL.INSF.ZS.WT	4.53590984181641e-08	0.000282598988991248	0.000466679111442972
EN.GHG.CH4.BU.MT.CE.AR5_ratioavg2	4.45909322851978e-08	0.000152168686379903	0.000373343289154377
AG.PRD.CREL.MT_tend2	4.42204022361241e-08	0.000413029291602593	0.000560014933731566
ER.FSH.PROD.MT_tend2	4.39327788576786e-08	0.000516503998340927	0.000560014933731566
BX.GSR.CMCP.ZS_lag1	4.39070506362077e-08	6.43456159549302e-05	9.33358222885944e-05
BM.KLT.DINV.WD.GD.ZS	4.38067753982496e-08	0.00035911809985657	0.000373343289154377
SP.DYN.LE00.IN_delta1	4.33656307163787e-08	0.00040824684717351	0.000280007466865783
IT.MLT.MAIN_lag2	4.28830718332821e-08	2.04340807424441e-05	9.33358222885944e-05
FP.CPI.TOTL.ZG_rank	4.26171805312056e-08	0.00016999416107012	9.33358222885944e-05
PA.NUS.ATLS_delta1	4.2086870368349e-08	0.008342756922697	0.0050401344035841
SP.RUR.TOTL.ZS_delta2	4.19532358362245e-08	0.000713453755284058	0.000653350756020161
SP.POP.7579.MA.5Y_lag2	4.18359937502602e-08	0.000145647171249335	0.000186671644577189
SE.PRM.ENRR_rank	4.17418886168571e-08	0.000554763553773588	0.000560014933731566
SP.POP.6569.MA.5Y_delta2	4.16730061938576e-08	0.000552589715396732	0.000373343289154377
NE.RSB.GNFS.CD_lag2	4.15904275083247e-08	8.26058583205186e-05	9.33358222885944e-05
NE.EXP.GNFS.ZS_delta1	4.13848641154666e-08	3.99986261341458e-05	0.000186671644577189
SP.URB.GROW_delta1	4.08742386805318e-08	0.000383899857352726	0.000373343289154377
NE.EXP.GNFS.KD.ZG_lag1	4.04342307162004e-08	0.000110430989544272	0.000373343289154377
SP.POP.BRTH.MF_delta1	3.97567277126832e-08	0.000366074382662509	0.000280007466865783
NY.GDP.MKTP.CN_delta1	3.96840118674148e-08	0.000172167999446976	0.000186671644577189
AG.LND.CREL.HA_delta2	3.93471528134823e-08	0.000338249251438755	0.000746686578308755
SP.POP.2024.MA.5Y_lag1	3.9335907792799e-08	0.000618239634377776	0.000560014933731566
AG.PRD.FOOD.XD_max2	3.90344117261264e-08	0.000275207938509938	0.000280007466865783
NE.IMP.GNFS.CN_lag2	3.85327668490158e-08	0.000180428585279027	9.33358222885944e-05
AG.LND.CROP.ZS_delta2	3.84343011278184e-08	0.000162168342913439	0.000280007466865783
TX.VAL.MRCH.WL.CD_delta2	3.84141560300596e-08	0.000131299837962087	0.000186671644577189
TX.VAL.MRCH.R3.ZS_lag2	3.81608574987149e-08	0.000306945978812032	0.000373343289154377
NV.SRV.TOTL.KD.ZG_isNA_rank	3.81046187779066e-08	0.000293033413200155	0.000653350756020161
AG.SRF.TOTL.K2_ratioavg2	3.8026400050456e-08	0.00197819292293873	0.00102669404517454
TM.VAL.FUEL.ZS.UN_lag1	3.79227535661246e-08	0.000759104361198028	0.000560014933731566
EN.GHG.CH4.TR.MT.CE.AR5_tend2	3.77961967011433e-08	0.000246078504260071	0.000560014933731566
DC.DAC.USAL.CD	3.73172926830412e-08	0.000868665815391558	0.000653350756020161
NV.AGR.TOTL.CN_lag2	3.66658334748607e-08	5.13025856937957e-05	9.33358222885944e-05
NY.GDP.PCAP.CD_rank	3.62848940682249e-08	0.000153907757081387	9.33358222885944e-05
PA.NUS.ATLS_delta2	3.6140941097358e-08	0.0089696919105822	0.00588015680418144
EN.GHG.CH4.IC.MT.CE.AR5_ratioavg2	3.5672731603394e-08	0.000263469211274917	0.000466679111442972
EN.GHG.CH4.PI.MT.CE.AR5_tend2	3.54414628230127e-08	0.00231122496227304	0.0015867089789061
BX.TRF.PWKR.CD.DT_ratioavg2	3.50618948314227e-08	0.000153472989406016	0.000280007466865783
TX.VAL.MRCH.R2.ZS_delta1	3.50507295830378e-08	0.000314771796968713	0.000653350756020161
TM.VAL.AGRI.ZS.UN	3.49472706473359e-08	0.000376508806871416	0.000560014933731566
SP.POP.0004.FE.5Y_delta2	3.47493114886127e-08	0.000505634806456648	0.000280007466865783
NY.GNP.PCAP.CD_isNA_rank	3.41710623010076e-08	0.000311728423241115	0.000466679111442972
BX.PEF.TOTL.CD.WD_tend2	3.41527023165798e-08	0.00117952470328193	0.00121336568975173
NY.GDP.TOTL.RT.ZS	3.38590507539746e-08	0.000296076786927753	0.000280007466865783
SP.POP.6569.FE.5Y_rank	3.36627316137337e-08	0.000856927088156537	0.000560014933731566
SP.POP.3539.MA.5Y	3.35853623045811e-08	0.000178689514577543	0.000186671644577189
SP.POP.4549.MA.5Y_rank	3.33835461271228e-08	0.000259991069871948	0.000280007466865783
NE.EXP.GNFS.KD.ZG_delta2	3.3344146092829e-08	0.000640412785821704	0.00102669404517454
TM.VAL.MRCH.R6.ZS_isNA_rank	3.31923150569556e-08	0.000267382120353257	0.000186671644577189
SP.POP.3034.FE.5Y_lag2	3.30932138988322e-08	0.000758234825847286	0.000840022400597349
SH.DYN.NMRT_delta2	3.2761525360203e-08	4.86939796415688e-05	9.33358222885944e-05
SP.RUR.TOTL.ZS_lag1	3.26094415559465e-08	0.000271729797106969	0.000186671644577189
SP.DYN.LE00.MA.IN_lag2	3.22401146385077e-08	0.000298250625304609	0.000186671644577189
DC.DAC.FRAL.CD_ratiomax2	3.21835534519911e-08	0.000121300181428551	0.000186671644577189
EN.URB.MCTY.TL.ZS_isNA_rank	3.19782563514286e-08	0.00021912290838706	0.000466679111442972
SP.POP.BRTH.MF_delta2	3.19148268750764e-08	0.000519982139743896	0.000373343289154377
NV.AGR.TOTL.KD.ZG_delta2	3.12992052579686e-08	0.00031738040302094	0.000373343289154377
TX.VAL.MRCH.R4.ZS_lag2	3.12067017027242e-08	0.000268251655704	0.000373343289154377
NE.GDI.TOTL.ZS_rank	3.07729127302421e-08	0.000141734262170995	0.000186671644577189
MS.MIL.XPND.CD_ratioavg2	3.06322651178732e-08	0.000321728079774651	0.000746686578308755
AG.LND.ARBL.HA.PC_max2	3.05381054053208e-08	0.000590414503154022	0.000373343289154377
SP.POP.80UP.MA.5Y_lag2	3.05053445015171e-08	1.86950100409595e-05	9.33358222885944e-05
BX.GSR.FCTY.CD_ratioavg2	3.03859972787926e-08	0.000240426524480246	0.000373343289154377
SP.POP.80UP.FE.5Y_lag1	3.01718677385727e-08	0.000372161130117705	0.000373343289154377
SP.POP.1519.MA.5Y_delta2	2.98662947579078e-08	0.00115300387508429	0.000746686578308755
IS.AIR.GOOD.MT.K1_delta2	2.95544888675949e-08	0.000747800401638379	0.000560014933731566
NY.GDP.MKTP.CN_isNA_rank	2.88390652472794e-08	0.00430115661244679	0.00308008213552361
TX.VAL.MRCH.WR.ZS_delta1	2.86617330956594e-08	0.000138256120768026	0.000373343289154377
EN.GHG.CO2.FE.MT.CE.AR5_ratioavg2	2.8432866480845e-08	0.000293033413200155	0.000373343289154377
SP.POP.2529.MA.5Y_lag2	2.83203986072561e-08	0.000458679897516564	0.000466679111442972
SP.DYN.TO65.FE.ZS_lag2	2.81657383648191e-08	0.000342162160517095	0.000186671644577189
NE.IMP.GNFS.KD.ZG_isNA_rank	2.79908048080344e-08	6.52151513056726e-05	0.000186671644577189
NV.AGR.TOTL.KD.ZG_lag2	2.7878142852899e-08	0.000424333251162243	0.000560014933731566
NE.GDI.TOTL.ZS_delta1	2.76498815721887e-08	0.000283033756666619	0.000560014933731566
NV.IND.TOTL.ZS_delta2	2.74547630864543e-08	0.000180863352954399	0.000466679111442972
BX.KLT.DINV.WD.GD.ZS_isNA_rank	2.73462471730558e-08	0.00051780830136704	0.000560014933731566
TX.VAL.MRCH.R2.ZS_rank	2.70540409836189e-08	7.5214807839209e-05	0.000186671644577189
AG.CON.FERT.ZS	2.67045315583229e-08	0.00027955561526365	0.000373343289154377
NY.GDP.PCAP.CD_lag1	2.65419000495662e-08	0.000683889553358819	0.000560014933731566
TX.VAL.MRCH.R5.ZS_delta1	2.6472183555901e-08	0.000206514645801296	0.000653350756020161
DT.ODA.ODAT.GN.ZS_delta2	2.63952842227168e-08	0.000106952848141303	0.000373343289154377
TX.VAL.MRCH.HI.ZS_delta2	2.63357403972587e-08	9.2605514854055e-05	0.000186671644577189
FI.RES.TOTL.MO_lag1	2.60079857444386e-08	0.000361726705908797	0.000466679111442972
AG.LND.ARBL.ZS_delta2	2.536418658043e-08	0.00254556473929809	0.0016800448011947
NY.GSR.NFCY.CN_lag2	2.52379252431097e-08	0.00281033825359912	0.0015867089789061
EG.ELC.NGAS.ZS_max2	2.52220810346419e-08	0.000363900544285653	0.000280007466865783
SE.TER.ENRR_isNA_rank	2.50328539850928e-08	0.000118691575376324	0.000186671644577189
EN.GHG.CO2.BU.MT.CE.AR5_lag2	2.47065391005294e-08	0.000119561110727066	0.000186671644577189
SP.POP.4549.FE.5Y_rank	2.39938073390458e-08	0.000118256807700953	9.33358222885944e-05
NY.GDP.PCAP.CD_delta2	2.38893353036969e-08	0.00135995328856096	0.00102669404517454
SE.SEC.ENRL_delta1	2.38217436340992e-08	0.000233905009349679	0.000653350756020161
EN.GHG.N2O.PI.MT.CE.AR5_ratioavg2	2.34403800646851e-08	0.000166516019667151	0.000466679111442972
trade_balance_ratio_rank	2.34239711334839e-08	0.00020390603974907	0.000466679111442972
DT.ODA.ODAT.KD_tend2	2.32874388598554e-08	0.000268251655704	0.000280007466865783
NE.CON.PRVT.KD_min2	2.30283277577008e-08	0.000145212403573964	9.33358222885944e-05
SP.POP.1014.MA.5Y	2.28180928368122e-08	0.000259991069871948	0.000466679111442972
SP.POP.2024.FE.5Y	2.2753182001902e-08	0.000268251655704	0.000373343289154377
TM.VAL.MRCH.R1.ZS_lag1	2.25510069919476e-08	3.65204847311766e-05	9.33358222885944e-05
NY.GSR.NFCY.CN_isNA_rank	2.2372019815978e-08	7.99972522682917e-05	0.000280007466865783
NY.ADJ.DMIN.GN.ZS	2.20759332348999e-08	0.000216514302334833	0.000373343289154377
SP.POP.TOTL.FE.ZS_lag2	2.1948424373104e-08	0.000157385898484356	0.000186671644577189
SP.POP.2529.MA.5Y	2.1947648783849e-08	4.13029291602593e-05	9.33358222885944e-05
NV.SRV.TOTL.CD_isNA_rank	2.17398618123191e-08	0.000201297433696843	0.000373343289154377
BX.GSR.TRAN.ZS_rank	2.13917520116942e-08	8.34753936712609e-05	0.000280007466865783
EN.GHG.CO2.PC.CE.AR5_lag1	2.13839243725363e-08	6.60846866564148e-05	9.33358222885944e-05
BX.KLT.DINV.CD.WD_ratioavg2	2.12515535695741e-08	0.000103039939062963	0.000373343289154377
EN.GHG.CO2.RT.GDP.KD_rank	2.12444824534818e-08	4.26072321863727e-05	9.33358222885944e-05
TM.VAL.FUEL.ZS.UN_delta2	2.09179884093277e-08	0.000314337029293342	0.000373343289154377
AG.PRD.FOOD.XD_rank	2.05236955183801e-08	6.21717775780745e-05	0.000280007466865783
DC.DAC.USAL.CD_rank	2.04777145787943e-08	0.000269121191054742	0.000186671644577189
TX.VAL.FOOD.ZS.UN_isNA_rank	1.98431709578837e-08	0.00012086541375318	0.000186671644577189
DC.DAC.FRAL.CD_isNA_rank	1.97617584739029e-08	0.000465636180322502	0.000746686578308755
SP.POP.2024.MA.5Y_delta1	1.97419565910283e-08	0.000657368725161179	0.000933358222885944
AG.YLD.CREL.KG_max2	1.97174389688452e-08	0.000197819292293873	0.000280007466865783
NV.AGR.TOTL.ZS_delta2	1.96599176155296e-08	6.78237573578995e-05	0.000186671644577189
DC.DAC.GBRL.CD_lag1	1.95928245378166e-08	3.43466463543209e-05	9.33358222885944e-05
NY.GDP.MKTP.CD_isNA_rank	1.94746039218628e-08	0.000535199008381886	0.000560014933731566
ER.FSH.AQUA.MT_tend2	1.92135549081334e-08	0.000124343555156149	0.000373343289154377
EN.GHG.CH4.WA.MT.CE.AR5_tend2	1.90918690713499e-08	0.000171298464096233	0.000280007466865783
SE.SEC.ENRL.GC_delta2	1.89713221782505e-08	0.000462592806594904	0.000840022400597349
BM.TRF.PWKR.CD.DT_tend2	1.89269691383979e-08	0.0010473553299691	0.00149337315661751
TX.VAL.MRCH.RS.ZS_delta2	1.87083860822488e-08	7.39105048130956e-05	9.33358222885944e-05
NY.GDP.TOTL.RT.ZS_isNA_rank	1.8695186128439e-08	0.000833884401361866	0.000840022400597349
BM.GSR.NFSV.CD_tend2	1.8501326581762e-08	0.000498243755975338	0.000466679111442972
NE.CON.GOVT.ZS_ratioavg2	1.83174288616352e-08	7.47800401638378e-05	9.33358222885944e-05
SP.POP.0014.TO.ZS	1.79595891195813e-08	9.99965653353646e-05	9.33358222885944e-05
SP.POP.1564.TO.ZS_delta2	1.77031729318952e-08	0.000888665128458631	0.000560014933731566
DC.DAC.TOTL.CD_avg2	1.74276734549441e-08	0.000113039595596499	9.33358222885944e-05
FS.AST.CGOV.GD.ZS_min2	1.72502478728046e-08	0.000306511211136661	0.000373343289154377
NY.ADJ.DNGY.GN.ZS_rank	1.72395077030215e-08	0.000177385211551429	0.000186671644577189
EN.GHG.N2O.IC.MT.CE.AR5_tend2	1.70083087323571e-08	2.65208281976402e-05	9.33358222885944e-05
SP.POP.0004.FE.5Y_delta1	1.69038222200589e-08	0.000226513958868369	0.000373343289154377
AG.PRD.CROP.XD_max2	1.67955745765645e-08	0.000172602767122347	0.000186671644577189
ER.FSH.CAPT.MT_lag2	1.65905839688439e-08	0.000414333594628706	0.000466679111442972
SP.POP.7074.FE.5Y_lag1	1.65716771335305e-08	0.000133038908663572	9.33358222885944e-05
NY.ADJ.DNGY.GN.ZS_delta2	1.63648168152538e-08	0.000823015209477588	0.000840022400597349
DC.DAC.CANL.CD_tend2	1.62002488262855e-08	0.000467810018699358	0.000840022400597349
SP.POP.7074.FE.5Y_lag2	1.61238538720721e-08	0.000170863696420862	9.33358222885944e-05
NV.AGR.TOTL.ZS_lag2	1.60421109889475e-08	0.000161298807562697	9.33358222885944e-05
NE.CON.TOTL.KD.ZG_delta2	1.58770140003598e-08	5.13025856937957e-05	0.000186671644577189
TM.VAL.FUEL.ZS.UN_delta1	1.58617584045734e-08	0.00137343108649746	0.00130670151204032
EN.GHG.CH4.TR.MT.CE.AR5_min2	1.57902126828101e-08	0.000686063391735675	0.000466679111442972
SP.POP.3539.MA.5Y_rank	1.57655772636411e-08	0.000232165938648194	0.000280007466865783
BM.GSR.CMCP.ZS_lag1	1.56376680613738e-08	0.000340423089815611	0.000466679111442972
NE.CON.TOTL.KD.ZG_min2	1.56134418261779e-08	7.13018987608687e-05	0.000186671644577189
SH.STA.MMRT_rank	1.55952869876584e-08	0.00129647720795677	0.000746686578308755
NY.GDP.DEFL.KD.ZG_isNA_rank	1.55757438811432e-08	0.0010443119562415	0.00112002986746313
SE.SEC.ENRR_lag2	1.53829661476124e-08	0.000169559393394749	0.000186671644577189
EG.ELC.FOSL.ZS_tend2	1.51810399618934e-08	0.000253469554741381	0.000560014933731566
SP.POP.65UP.FE.ZS_delta1	1.50481884635366e-08	0.000449984544009141	0.000373343289154377
EN.POP.DNST_min2	1.47853634106581e-08	0.000178689514577543	0.000186671644577189
FM.AST.DOMS.CN_isNA_rank	1.47559420843448e-08	0.000251295716364525	0.000186671644577189
AG.LND.ARBL.ZS_lag2	1.47364608774459e-08	0.000106083312790561	0.000186671644577189
BM.KLT.DINV.CD.WD_max2	1.46867621387206e-08	0.000402594867393685	0.000280007466865783
TX.VAL.MRCH.R5.ZS	1.4675309632007e-08	0.000319554241397795	0.000373343289154377
SP.POP.1564.MA.ZS_delta2	1.45376166994929e-08	0.000799537755007545	0.000746686578308755
SH.DYN.NMRT_lag2	1.41747705727465e-08	0.000202601736722956	0.000186671644577189
SP.ADO.TFRT_delta2	1.40401068867004e-08	0.00010564854511519	0.000373343289154377
EG.ELC.COAL.ZS_delta2	1.39864981131759e-08	0.00120517599612883	0.00102669404517454
FS.AST.PRVT.GD.ZS_rank	1.39643679347178e-08	0.000316076099994826	0.000373343289154377
TX.VAL.MRCH.R2.ZS_lag2	1.38003087166001e-08	0.000158255433835099	0.000560014933731566
DT.NFL.UNDP.CD_ratiomax2	1.36575084359998e-08	0.000309554584864259	0.000373343289154377
NY.ADJ.NNTY.CD_delta2	1.36487584133142e-08	0.000323032382800765	0.000280007466865783
SP.POP.7074.FE.5Y_rank	1.34961699646405e-08	0.000140864726820253	9.33358222885944e-05
NY.GDS.TOTL.ZS_delta2	1.34538551077713e-08	0.000271729797106969	0.000373343289154377
BX.PEF.TOTL.CD.WD_ratioavg2	1.33324956384846e-08	0.000198688827644616	0.000373343289154377
NY.GDP.COAL.RT.ZS_lag1	1.3300563648167e-08	0.000129995534935974	0.000186671644577189
SP.POP.3539.MA.5Y_lag2	1.32409887178717e-08	0.000305206908110548	0.000280007466865783
SP.POP.1014.MA.5Y_lag2	1.30906244149191e-08	0.000422159412785387	0.000373343289154377
SP.POP.2024.FE.5Y_delta2	1.30026430782562e-08	0.000954315047439675	0.00121336568975173
ER.H2O.INTR.PC_delta2	1.29990257606797e-08	0.00011347436327187	0.000186671644577189
SP.POP.0509.MA.5Y_delta1	1.29969894503946e-08	0.000159124969185841	0.000280007466865783
SP.POP.3034.MA.5Y	1.28982863752251e-08	0.000110430989544272	9.33358222885944e-05
SP.DYN.LE00.IN_delta2	1.27506878873913e-08	9.99965653353646e-05	0.000373343289154377
AG.LND.ARBL.HA.PC_lag1	1.26721610190453e-08	0.00013216937331283	9.33358222885944e-05
BX.GRT.TECH.CD.WD_tend2	1.26525594333445e-08	0.000547372503292278	0.00102669404517454
DC.DAC.FRAL.CD_rank	1.26467758370148e-08	0.00110822280452106	0.000653350756020161
NY.GDP.MKTP.KD_isNA_rank	1.26203978919089e-08	0.000333466807009672	0.000560014933731566
SP.POP.7579.FE.5Y_delta2	1.26008341630167e-08	0.000248252342636927	0.000186671644577189
DC.DAC.USAL.CD_isNA_rank	1.25721985057992e-08	7.39105048130956e-05	0.000280007466865783
NE.CON.TOTL.KD_isNA_rank	1.24352550295373e-08	2.95642019252382e-05	9.33358222885944e-05
MS.MIL.XPND.CD_isNA_rank	1.24000450234745e-08	0.000285207595043475	0.000653350756020161
BX.TRF.PWKR.DT.GD.ZS_lag2	1.2373713718603e-08	0.00014738624195082	0.000280007466865783
BM.TRF.PWKR.CD.DT	1.21769940961561e-08	0.000228687797245225	0.000466679111442972
MS.MIL.MPRT.KD_lag1	1.21673669537723e-08	0.000324336685826878	0.000560014933731566
IT.CEL.SETS.P2_ratiomax2	1.21500590207941e-08	0.000111300524895014	9.33358222885944e-05
TM.VAL.SERV.CD.WT_lag2	1.19855971738706e-08	0.000136951817741912	9.33358222885944e-05
NV.IND.TOTL.CN_delta2	1.19544749341721e-08	0.000397812422964603	0.000466679111442972
SP.POP.2529.FE.5Y_rank	1.15746675446953e-08	0.000277381776886794	0.000280007466865783
SH.DYN.MORT.FE_delta1	1.15162172453421e-08	0.000630413129288168	0.000560014933731566
NE.CON.PRVT.PC.KD_lag1	1.14297242424906e-08	0.000149560080327676	9.33358222885944e-05
FM.LBL.BMNY.GD.ZS_avg2	1.11683278329303e-08	0.000218688140711689	0.000186671644577189
BX.TRF.CURR.CD_min2	1.11270001614259e-08	0.000135212747040428	0.000186671644577189
NY.ADJ.DMIN.GN.ZS_lag1	1.07209040270481e-08	3.99986261341458e-05	0.000186671644577189
BM.GSR.TRVL.ZS_tend2	1.06340139654251e-08	0.000226079191192998	0.000373343289154377
BX.KLT.DINV.CD.WD_max2	1.03889515660051e-08	0.000120430646077809	9.33358222885944e-05
SP.RUR.TOTL.ZG_lag1	1.03453331117359e-08	0.000803015896410515	0.000653350756020161
NE.CON.PRVT.PC.KD_tend2	1.02530588456121e-08	0.000268686423379371	0.000466679111442972
TX.VAL.AGRI.ZS.UN_isNA_rank	1.01044535636501e-08	0.000423028948136129	0.000653350756020161
NE.CON.TOTL.KD.ZG_max2	1.00970202246688e-08	0.000132604140988201	0.000186671644577189
NY.GDP.TOTL.RT.ZS_lag1	1.00900298499877e-08	0.000146081938924707	0.000186671644577189
BX.TRF.PWKR.DT.GD.ZS_min2	1.00151372402795e-08	0.000320858544423909	0.000560014933731566
EG.ELC.NUCL.ZS_min2	9.84649131369286e-09	0.000112604827921128	9.33358222885944e-05
NE.RSB.GNFS.CN_delta2	9.79779527770665e-09	0.000920837936436096	0.000560014933731566
DC.DAC.GBRL.CD_ratioavg2	9.7544068890942e-09	0.000297815857629238	0.000560014933731566
NV.IND.MANF.ZS_lag1	9.70310882216254e-09	0.000804320199436628	0.000466679111442972
DC.DAC.USAL.CD_lag1	9.63568796338981e-09	2.13036160931864e-05	9.33358222885944e-05
NE.CON.PRVT.KD.ZG_rank	9.62036576349032e-09	0.000229557332595967	0.000186671644577189
EN.GHG.N2O.IP.MT.CE.AR5_delta2	9.54743194884132e-09	0.000649542907004499	0.00102669404517454
TM.VAL.MMTL.ZS.UN_lag2	9.53129045949863e-09	0.000497374220624596	0.000373343289154377
TX.VAL.TRVL.ZS.WT_isNA_rank	9.52561018643171e-09	0.000528677493251319	0.000746686578308755
SP.POP.5054.FE.5Y	9.46634220466483e-09	0.000170863696420862	0.000186671644577189
EN.GHG.CH4.BU.MT.CE.AR5	9.45675168764566e-09	2.3042686794671e-05	9.33358222885944e-05
MS.MIL.XPND.GD.ZS_tend2	9.34759183258073e-09	0.000316076099994826	0.000653350756020161
EN.GHG.CH4.AG.MT.CE.AR5_tend2	9.15859134637653e-09	8.21710906451474e-05	0.000280007466865783
FM.AST.PRVT.GD.ZS	9.0235695722187e-09	9.08664441525704e-05	0.000186671644577189
TM.VAL.OTHR.ZS.WT_delta2	9.0051583672721e-09	0.000230861635622081	0.000466679111442972
AG.SRF.TOTL.K2_tend2	8.96082888394638e-09	0.00011347436327187	9.33358222885944e-05
SH.STA.MMRT_lag1	8.9102340019428e-09	2.91294342498671e-05	9.33358222885944e-05
SP.POP.4044.FE.5Y_lag1	8.88543325932329e-09	0.00108039767329731	0.000560014933731566
EN.GHG.CO2.FE.MT.CE.AR5_delta2	8.7522735003365e-09	0.00137995260162803	0.00112002986746313
NE.EXP.GNFS.CN_isNA_rank	8.71315162282168e-09	0.000119126343051695	0.000280007466865783
TX.VAL.MRCH.CD.WT_delta1	8.63392072258913e-09	0.00043085476629281	0.000466679111442972
NV.AGR.TOTL.KD.ZG_isNA_rank	8.55613336193145e-09	0.000410420685550366	0.000560014933731566
TG.VAL.TOTL.GD.ZS_rank	8.51281038926491e-09	9.47793532309108e-05	0.000186671644577189
NV.SRV.TOTL.KD_isNA_rank	8.47724682853784e-09	0.000268686423379371	0.000560014933731566
NE.IMP.GNFS.KD.ZG_delta1	8.47645396963995e-09	0.000279120847588279	0.000373343289154377
DC.DAC.TOTL.CD_isNA_rank	8.43515510640584e-09	0.00117908993560656	0.000933358222885944
EN.URB.LCTY_min2	8.43505314041266e-09	4.39115352124862e-05	9.33358222885944e-05
SP.POP.0014.TO.ZS_delta2	8.33878388019614e-09	0.000143038565197108	9.33358222885944e-05
TX.VAL.MRCH.CD.WT_lag1	8.31039550548935e-09	0.000184776262032739	0.000186671644577189
TX.VAL.MRCH.R1.ZS_lag1	8.3085059832468e-09	0.000100866100686107	0.000280007466865783
TX.VAL.MRCH.R6.ZS_lag1	8.25638856245726e-09	0.000111735292570386	0.000280007466865783
NY.GDP.PETR.RT.ZS_delta1	8.19010984829998e-09	0.000378682645248272	0.000466679111442972
NY.ADJ.DRES.GN.ZS_isNA_rank	8.15244404307626e-09	0.00016260311058881	0.000373343289154377
SE.SEC.ENRR.FE_delta1	8.14730764096497e-09	0.000180428585279027	0.000373343289154377
SP.POP.1014.FE.5Y_delta2	8.14134666395781e-09	0.000553024483072103	0.000653350756020161
NE.EXP.GNFS.KD_lag1	8.07941163046528e-09	1.91297777163306e-05	9.33358222885944e-05
TM.VAL.MRCH.HI.ZS_lag2	7.96142070191276e-09	0.000129560767260603	9.33358222885944e-05
AG.CON.FERT.ZS_rank	7.92831324845795e-09	0.000153472989406016	9.33358222885944e-05
TM.VAL.MRCH.HI.ZS	7.86094909997025e-09	0.000166516019667151	9.33358222885944e-05
SE.PRM.ENRR_lag2	7.78611989377758e-09	3.65204847311766e-05	9.33358222885944e-05
SP.POP.1564.TO.ZS_rank	7.76814852607104e-09	0.000232165938648194	0.000186671644577189
EN.GHG.ALL.MT.CE.AR5_tend2	7.76138271943727e-09	0.00037042205941622	0.000280007466865783
SH.DTH.MORT_lag1	7.746089649659e-09	0.000179993817603656	9.33358222885944e-05
IT.MLT.MAIN.P2_avg2	7.672545479648e-09	0.000180428585279027	9.33358222885944e-05
SP.POP.0014.MA.ZS_lag2	7.65168688171202e-09	4.17376968356304e-05	9.33358222885944e-05
SM.POP.NETM	7.61435527543082e-09	0.00025694769614435	0.000280007466865783
AG.LND.CREL.HA_ratioavg2	7.60460503002696e-09	0.000156951130808985	0.000280007466865783
NY.ADJ.DMIN.GN.ZS_rank	7.58023659157858e-09	3.30423433282074e-05	9.33358222885944e-05
NY.GDP.FCST.CN	7.5457240605663e-09	0.000231731170972823	0.000280007466865783
SP.POP.80UP.MA.5Y	7.53610076231498e-09	0.000701715028049037	0.000466679111442972
FS.AST.PRVT.GD.ZS_max2	7.42408806116594e-09	0.000367813453363993	0.000466679111442972
NE.GDI.TOTL.CD_delta2	7.41249901312794e-09	0.000106083312790561	0.000186671644577189
SP.POP.1564.FE.ZS_lag1	7.38663332382927e-09	0.000203036504398327	0.000186671644577189
TX.VAL.TRVL.ZS.WT_lag1	7.37141593362533e-09	2.52165251715267e-05	9.33358222885944e-05
SP.POP.DPND.OL_lag1	7.36918808189052e-09	0.000115213433973355	9.33358222885944e-05
IT.CEL.SETS_avg2	7.33827840485562e-09	4.65201412647131e-05	9.33358222885944e-05
BX.GSR.NFSV.CD_tend2	7.25475390108868e-09	0.000276512241536052	0.000280007466865783
FD.AST.PRVT.GD.ZS_tend2	7.16914247089222e-09	0.000303033069733692	0.000466679111442972
NY.GDP.MKTP.CN_lag1	7.16572980710249e-09	9.60836562570242e-05	0.000186671644577189
NY.GDP.MKTP.KN_delta1	7.08792548546956e-09	0.00075214807839209	0.000653350756020161
SM.POP.NETM_lag1	7.07831740805146e-09	0.000360857170558055	0.000186671644577189
year_cycle_rank	6.91197807897956e-09	0.000289120504121815	0.000373343289154377
EN.GHG.ALL.PC.CE.AR5_min2	6.80979151123859e-09	0.000198254059969245	0.000186671644577189
PA.NUS.FCRF_lag2	6.69205446241717e-09	0.00105170300672281	0.000653350756020161
BX.GSR.TRVL.ZS_isNA_rank	6.66583962596481e-09	0.000361291938233426	0.000466679111442972
DC.DAC.CECL.CD_ratioavg2	6.61030423846637e-09	0.000437376281423377	0.000653350756020161
TX.VAL.MMTL.ZS.UN	6.56169752105672e-09	0.000353031352401374	0.000466679111442972
BM.TRF.PWKR.CD.DT_delta2	6.54998098112268e-09	0.000506939109482761	0.000560014933731566
SP.POP.65UP.MA.ZS_delta2	6.52198218885677e-09	0.000897360481966054	0.000653350756020161
EN.GHG.N2O.WA.MT.CE.AR5_delta2	6.44946911433044e-09	0.000112170060245757	0.000373343289154377
IS.AIR.DPRT_tend2	6.439064749963e-09	0.000416942200680933	0.000653350756020161
EN.GHG.N2O.TR.MT.CE.AR5_tend2	6.38115410190322e-09	0.000356074726128972	0.000466679111442972
EN.POP.DNST_ratioavg2	6.3741428711056e-09	0.000215644766984091	0.000280007466865783
NE.CON.PRVT.KD.ZG_max2	6.21103612751698e-09	0.000116952504674839	0.000186671644577189
EN.GHG.CH4.MT.CE.AR5_ratioavg2	6.1703373026157e-09	0.000147821009626191	0.000560014933731566
FD.AST.PRVT.GD.ZS_lag1	6.1306999061727e-09	9.60836562570242e-05	0.000186671644577189
MS.MIL.XPND.GD.ZS_isNA_rank	6.1218625741146e-09	9.13012118279416e-05	0.000280007466865783
EN.GHG.N2O.FE.MT.CE.AR5_lag2	5.97981744306756e-09	1.78254746902172e-05	9.33358222885944e-05
NE.CON.GOVT.CD_tend2	5.95533950589082e-09	0.00048389642268809	0.000653350756020161
DT.ODA.ALLD.KD_ratiomax2	5.91313135622465e-09	5.2172121044538e-05	9.33358222885944e-05
TM.VAL.MRCH.CD.WT_rank	5.90604406270217e-09	0.000108257151167416	9.33358222885944e-05
NV.IND.MANF.CD	5.88954467660053e-09	5.86936361751053e-05	0.000186671644577189
NV.AGR.TOTL.CD_lag1	5.88927616327782e-09	2.65208281976402e-05	9.33358222885944e-05
NY.ADJ.DFOR.CD_isNA_rank	5.77559942475799e-09	0.00014738624195082	0.000466679111442972
FS.AST.PRVT.GD.ZS	5.76025817418865e-09	0.000340857857490982	0.000373343289154377
MS.MIL.MPRT.KD	5.74341407319742e-09	0.000407812079498139	0.000653350756020161
IS.AIR.DPRT_ratioavg2	5.73214054629187e-09	6.56499189810437e-05	0.000186671644577189
ER.FSH.PROD.MT_lag2	5.66852061786571e-09	0.000123039252130036	9.33358222885944e-05
FM.LBL.BMNY.GD.ZS_ratioavg2	5.63982932883628e-09	0.000118256807700953	0.000280007466865783
BX.GRT.TECH.CD.WD_ratioavg2	5.55971675103839e-09	0.000120430646077809	0.000373343289154377
NY.GDP.COAL.RT.ZS_delta2	5.50515366299443e-09	0.00023042686794671	0.000280007466865783
TM.VAL.INSF.ZS.WT_lag1	5.3212862186023e-09	0.00096387993629784	0.000653350756020161
TX.VAL.AGRI.ZS.UN_delta2	5.28367366891178e-09	0.000112604827921128	0.000280007466865783
SP.RUR.TOTL.ZS_delta1	5.26717630558689e-09	0.000445636867255429	0.000466679111442972
SP.POP.1014.FE.5Y_lag1	5.25525488007332e-09	0.000284338059692732	0.000373343289154377
NE.RSB.GNFS.ZS_isNA_rank	5.2526873807372e-09	0.000152168686379903	0.000373343289154377
EN.GHG.N2O.FE.MT.CE.AR5_tend2	5.22528301421608e-09	5.86936361751053e-05	0.000186671644577189
NE.IMP.GNFS.ZS_lag2	5.12901930500983e-09	0.00113735223877093	0.000746686578308755
NY.GDP.FCST.KD_isNA_rank	5.0507358556287e-09	0.000178254746902172	0.000373343289154377
EN.GHG.ALL.PC.CE.AR5_tend2	4.98423182514583e-09	0.000417811736031675	0.000746686578308755
BM.KLT.DINV.CD.WD_ratioavg2	4.96008689245873e-09	0.000275207938509938	0.000466679111442972
EN.GHG.N2O.TR.MT.CE.AR5_delta2	4.95076738953155e-09	0.000229557332595967	0.000280007466865783
BX.GSR.NFSV.CD_delta2	4.94730226326571e-09	0.000164776948965666	0.000186671644577189
BX.GSR.TRAN.ZS	4.94311369893894e-09	0.000181732888305141	0.000373343289154377
YearsSinceFirst_rank	4.94169091830236e-09	0.00104648579461836	0.000933358222885944
TM.VAL.MRCH.WL.CD_rank	4.88669047865741e-09	0.000101300868361478	9.33358222885944e-05
EN.GHG.CH4.PI.MT.CE.AR5_lag2	4.82651660886137e-09	2.39122221454133e-05	9.33358222885944e-05
SP.RUR.TOTL.ZG	4.76251679446204e-09	9.65184239323954e-05	9.33358222885944e-05
TX.VAL.MRCH.R1.ZS_rank	4.74614135422267e-09	4.08681614848881e-05	0.000186671644577189
SP.POP.4549.FE.5Y_delta2	4.70723414925826e-09	0.000722583876466852	0.000560014933731566
SP.POP.80UP.MA.5Y_rank	4.69737024476089e-09	0.000183037191331254	0.000186671644577189
SP.POP.4044.FE.5Y_lag2	4.62866889732726e-09	0.000844318825570774	0.000560014933731566
FP.CPI.TOTL.ZG	4.60944390989209e-09	0.000133038908663572	0.000280007466865783
AG.LND.AGRI.K2_tend2	4.56231725395792e-09	0.0002004278983461	0.000373343289154377
TX.VAL.TRVL.ZS.WT_delta2	4.55830195800411e-09	0.000134343211689685	0.000186671644577189
NV.AGR.TOTL.KD.ZG_lag1	4.51396691232046e-09	0.000205645110450554	0.000373343289154377
TM.VAL.MMTL.ZS.UN	4.51128675270777e-09	0.000541285755837082	0.000280007466865783
TM.VAL.MMTL.ZS.UN_delta1	4.47821017023935e-09	0.000145647171249335	0.000280007466865783
NY.GDP.TOTL.RT.ZS_lag2	4.39793152382761e-09	2.86946665744959e-05	9.33358222885944e-05
NY.GNP.MKTP.CD_delta1	4.38884852574467e-09	0.000250860948689154	0.000373343289154377
IT.MLT.MAIN.P2	4.34661792439135e-09	0.000159994504536583	0.000186671644577189
IT.MLT.MAIN_max2	4.28458632005241e-09	1.7390707014846e-05	9.33358222885944e-05
AG.LND.ARBL.ZS_tend2	4.21584397595596e-09	9.60836562570242e-05	0.000186671644577189
SE.SEC.ENRR_isNA_rank	4.1770775269719e-09	0.000133038908663572	0.000280007466865783
BM.GSR.GNFS.CD_delta2	4.13314161623725e-09	0.000141299494495624	9.33358222885944e-05
TM.VAL.FOOD.ZS.UN_delta1	4.08117929609922e-09	0.000310858887890372	0.000466679111442972
SM.POP.RHCR.EO_lag1	3.9493569143947e-09	0.000369987291740849	0.000466679111442972
BM.GSR.FCTY.CD_isNA_rank	3.9459552202361e-09	0.00029477248390164	0.000186671644577189
SP.ADO.TFRT_rank	3.93745566853232e-09	8.0866787619034e-05	9.33358222885944e-05
SP.DYN.LE00.FE.IN_delta1	3.82645471059499e-09	0.000145212403573964	0.000186671644577189
FD.AST.PRVT.GD.ZS_min2	3.80719460603327e-09	0.000398681958315345	0.000466679111442972
EN.GHG.CO2.BU.MT.CE.AR5_avg2	3.75345101869932e-09	0.000114343898622613	9.33358222885944e-05
DT.ODA.ODAT.CD_tend2	3.73282914282634e-09	5.99979392012187e-05	0.000186671644577189
BX.GSR.TRVL.ZS_rank	3.70383495148943e-09	2.21731514439287e-05	9.33358222885944e-05
SP.POP.7074.FE.5Y_delta2	3.68112242136803e-09	0.00063867371512022	0.000653350756020161
IS.AIR.PSGR_tend2	3.65241651009466e-09	0.000245208968909329	0.000373343289154377
EN.GHG.CH4.WA.MT.CE.AR5_ratioavg2	3.65059900035091e-09	0.000219992443737802	0.000280007466865783
TX.VAL.TRAN.ZS.WT_lag2	3.59273263710648e-09	6.99975957347552e-05	9.33358222885944e-05
TX.VAL.MRCH.AL.ZS_delta1	3.5918530898982e-09	0.000150864383353789	0.000373343289154377
SE.PRM.ENRR.MA	3.54086885218453e-09	8.65187673988589e-05	0.000280007466865783
FS.AST.PRVT.GD.ZS_delta2	3.47207280916159e-09	0.000142169029846366	0.000280007466865783
BX.GRT.EXTA.CD.WD_ratioavg2	3.46213557928519e-09	0.000194341150890904	0.000466679111442972
SE.PRM.TCHR_lag1	3.45980140783674e-09	0.000181732888305141	0.000280007466865783
SP.POP.DPND.YG_lag2	3.44900992970163e-09	0.000265208281976402	0.000280007466865783
NY.GDP.DEFL.ZS_delta2	3.42206586253958e-09	0.000216079534659462	0.000280007466865783
IS.AIR.GOOD.MT.K1_avg2	3.41977177960707e-09	0.000179124282252914	9.33358222885944e-05
BX.GSR.GNFS.CD_tend2	3.3725542289948e-09	0.000365639614987137	0.000466679111442972
NY.GDP.COAL.RT.ZS	3.31257597334735e-09	0.000201732201372214	0.000280007466865783
EN.GHG.ALL.PC.CE.AR5_lag1	3.25569926347334e-09	0.00024955664566304	0.000280007466865783
SM.POP.RHCR.EA_lag1	3.25169717108296e-09	7.39105048130956e-05	0.000186671644577189
TM.VAL.MRCH.R5.ZS_rank	3.22094109424913e-09	0.00155951165155632	0.00112002986746313
NY.GNP.MKTP.CN_lag1	3.20922543654035e-09	0.000180428585279027	9.33358222885944e-05
NY.GDP.PCAP.KD.ZG_delta2	3.10290370034971e-09	0.000181732888305141	0.000280007466865783
EN.POP.DNST_rank	3.0953147257079e-09	5.34764240706515e-05	9.33358222885944e-05
SE.PRM.ENRL.FE.ZS_isNA_rank	3.02809534092849e-09	0.000157820666159728	0.000186671644577189
NY.GDP.COAL.RT.ZS_delta1	3.00507003603186e-09	0.000708236543179604	0.000746686578308755
BM.KLT.DINV.WD.GD.ZS_avg2	2.97493160810425e-09	9.30402825294262e-05	0.000186671644577189
BX.KLT.DINV.WD.GD.ZS_max2	2.92963742380893e-09	0.000149994848003047	0.000373343289154377
EN.GHG.CO2.RT.GDP.KD_tend2	2.89143583439775e-09	0.000166516019667151	0.000280007466865783
SE.SEC.ENRR_delta1	2.86121075303712e-09	0.000256512928468979	0.000373343289154377
NY.GDP.PETR.RT.ZS_isNA_rank	2.81998947876089e-09	0.00038172601897587	0.000653350756020161
NE.CON.TOTL.KD.ZG	2.81584642627129e-09	0.000197384524618502	0.000373343289154377
SP.RUR.TOTL.ZG_delta2	2.79488823511644e-09	0.00015477729243213	0.000466679111442972
BM.GSR.INSF.ZS_delta2	2.74250541026415e-09	7.56495755145802e-05	0.000280007466865783
TM.VAL.SERV.CD.WT_delta1	2.73715373172871e-09	0.000682585250332706	0.000373343289154377
NY.GDP.DEFL.ZS_rank	2.73687205934322e-09	0.000146951474275449	0.000186671644577189
TM.VAL.TRAN.ZS.WT_isNA_rank	2.71233043039799e-09	0.000185645797383481	0.000653350756020161
TM.VAL.AGRI.ZS.UN_delta2	2.70862227588296e-09	2.56512928468979e-05	9.33358222885944e-05
TX.VAL.MRCH.R6.ZS_delta1	2.69854744606748e-09	0.000226948726543741	0.000746686578308755
TM.VAL.MRCH.OR.ZS_delta1	2.68747397519787e-09	7.86929492421782e-05	0.000186671644577189
TX.VAL.MRCH.R3.ZS	2.67200001920398e-09	0.000190863009487935	0.000280007466865783
DT.ODA.ODAT.PC.ZS_rank	2.67167657428696e-09	0.000153472989406016	9.33358222885944e-05
EN.GHG.CH4.TR.MT.CE.AR5_delta1	2.66601603547539e-09	6.26065452534456e-05	9.33358222885944e-05
SP.POP.0014.FE.IN_lag1	2.6645753823235e-09	1.95645453917018e-05	9.33358222885944e-05
AG.LND.CREL.HA_tend2	2.65565671821934e-09	8.65187673988589e-05	0.000186671644577189
SP.DYN.IMRT.FE.IN	2.64840526894316e-09	0.000231731170972823	0.000186671644577189
TM.VAL.MRCH.R2.ZS_delta1	2.60870992598725e-09	0.000523460281146865	0.00102669404517454
BM.GSR.TRAN.ZS_isNA_rank	2.60198805661881e-09	0.000228253029569854	0.000280007466865783
SP.DYN.TO65.FE.ZS_delta2	2.5779183567752e-09	0.00016999416107012	0.000280007466865783
EN.GHG.CO2.MT.CE.AR5_delta2	2.57376481812615e-09	0.000145212403573964	0.000373343289154377
BX.GSR.TOTL.CD_tend2	2.52013754334783e-09	2.08688484178152e-05	9.33358222885944e-05
TM.VAL.INSF.ZS.WT_isNA_rank	2.51807986407622e-09	0.000388682301781808	0.000560014933731566
NY.ADJ.DRES.GN.ZS_lag2	2.45113382605691e-09	0.000233905009349679	0.000280007466865783
AG.LND.AGRI.ZS	2.39806930953109e-09	0.000251295716364525	0.000466679111442972
NV.IND.TOTL.ZS_lag1	2.35569825291053e-09	0.000103039939062963	9.33358222885944e-05
SP.POP.GROW_delta2	2.3437137054036e-09	0.000193471615540162	0.000280007466865783
NY.GDP.MKTP.KD.ZG_isNA_rank	2.3204194128074e-09	0.000181732888305141	0.000280007466865783
TX.VAL.MRCH.R5.ZS_lag2	2.27331542917232e-09	4.86939796415688e-05	0.000186671644577189
TM.VAL.AGRI.ZS.UN_isNA_rank	2.26301606985826e-09	9.65184239323954e-05	0.000280007466865783
TX.VAL.MRCH.OR.ZS_rank	2.24406551933771e-09	1.78254746902172e-05	9.33358222885944e-05
TX.VAL.MRCH.AL.ZS_lag2	2.24217936935392e-09	0.000122169716779293	0.000280007466865783
EN.GHG.N2O.PI.MT.CE.AR5_max2	2.21950925257332e-09	4.3476767537115e-05	9.33358222885944e-05
FP.CPI.TOTL_avg2	2.19316783359558e-09	6.69542220071572e-05	9.33358222885944e-05
SE.PRM.ENRL_isNA_rank	2.15204631710716e-09	7.26062017869821e-05	0.000280007466865783
TM.VAL.MRCH.CD.WT_delta1	2.14806887673825e-09	0.000289555271797186	0.000280007466865783
TM.VAL.MRCH.AL.ZS	2.13456014136276e-09	0.00160124934839195	0.00112002986746313
NY.GDP.MKTP.KN_delta2	2.13419087224187e-09	0.000362596241259539	0.000280007466865783
BX.GSR.TRAN.ZS_tend2	2.12082795804903e-09	0.000187384868084966	0.000373343289154377
MS.MIL.MPRT.KD_avg2	2.06919461856901e-09	0.000206079878125925	0.000186671644577189
SP.DYN.TFRT.IN	2.06275648352337e-09	0.000180428585279027	9.33358222885944e-05
AG.PRD.FOOD.XD_avg2	2.02655765224714e-09	4.56506059139708e-05	9.33358222885944e-05
AG.CON.FERT.ZS_min2	2.01967092490484e-09	0.000318684706047053	0.000466679111442972
DC.DAC.JPNL.CD_min2	2.00819052073784e-09	8.0866787619034e-05	9.33358222885944e-05
NE.GDI.FTOT.ZS_rank	2.00040631153793e-09	0.000119561110727066	0.000186671644577189
AG.LND.ARBL.ZS_min2	1.95155984201645e-09	1.91297777163306e-05	9.33358222885944e-05
TX.VAL.AGRI.ZS.UN_rank	1.94955145566262e-09	0.000107387615816674	0.000186671644577189
SP.POP.1014.FE.5Y_delta1	1.91793799672352e-09	0.00142473367219126	0.00112002986746313
demographic_pressure_lag1	1.91387186256709e-09	0.000403029635069056	0.000280007466865783
SP.POP.5559.MA.5Y_lag1	1.91163644216284e-09	0.000397812422964603	0.000280007466865783
SE.PRM.ENRR.MA_isNA_rank	1.89567034576509e-09	0.000866926744690074	0.000746686578308755
NY.GDP.DEFL.KD.ZG_delta1	1.88626395794592e-09	0.000144342868223222	0.000466679111442972
NY.ADJ.DMIN.GN.ZS_delta2	1.88323454671429e-09	0.000199123595319987	0.000280007466865783
SP.POP.80UP.MA.5Y_lag1	1.82875355701747e-09	0.000981270643312686	0.000746686578308755
TX.VAL.MRCH.R3.ZS_rank	1.82405318956626e-09	0.0002004278983461	0.000280007466865783
TG.VAL.TOTL.GD.ZS_delta1	1.82338716623555e-09	3.39118786789497e-05	9.33358222885944e-05
EG.ELC.COAL.ZS_min2	1.78604638169663e-09	6.91280603840129e-05	0.000186671644577189
TM.VAL.MRCH.R1.ZS_delta2	1.78546166504661e-09	0.000372161130117705	0.000560014933731566
MS.MIL.MPRT.KD_isNA_rank	1.77693420832432e-09	0.0020916672862106	0.00130670151204032
NE.RSB.GNFS.ZS_delta1	1.7756977988858e-09	5.86936361751053e-05	0.000186671644577189
TM.VAL.TRVL.ZS.WT_lag2	1.76999271036879e-09	8.60839997234878e-05	0.000186671644577189
SP.POP.1564.MA.ZS_lag2	1.7636816283316e-09	0.000180428585279027	9.33358222885944e-05
BM.GSR.GNFS.CD_ratioavg2	1.71969802892737e-09	0.000122169716779293	0.000280007466865783
TM.VAL.MRCH.AL.ZS_delta2	1.70639297077206e-09	0.000364770079636395	0.000746686578308755
SP.POP.6569.MA.5Y	1.67994920865819e-09	0.000353031352401374	0.000280007466865783
IS.AIR.PSGR_ratioavg2	1.67644163623233e-09	0.000601718462713672	0.000746686578308755
NY.ADJ.DMIN.GN.ZS_lag2	1.66420524946004e-09	3.69552524065478e-05	0.000186671644577189
NY.GDS.TOTL.CD_delta1	1.66352379508619e-09	0.00013999519146951	0.000280007466865783
TM.VAL.OTHR.ZS.WT_lag2	1.65045767623845e-09	0.000295642019252382	0.000373343289154377
NY.ADJ.DFOR.CD_lag2	1.62891676250742e-09	1.7390707014846e-05	9.33358222885944e-05
FI.RES.TOTL.CD_ratioavg2	1.62791721397391e-09	2.69555958730113e-05	9.33358222885944e-05
NE.EXP.GNFS.KD_isNA_rank	1.61152174666494e-09	0.000216079534659462	0.000373343289154377
AG.PRD.FOOD.XD_lag1	1.59622762934153e-09	6.04327068765899e-05	9.33358222885944e-05
TM.VAL.AGRI.ZS.UN_rank	1.59471917767927e-09	0.00138125690465414	0.00112002986746313
NY.GDP.FCST.CD_delta1	1.56773035711008e-09	1.86950100409595e-05	9.33358222885944e-05
EN.GHG.ALL.PC.CE.AR5_delta2	1.56443308504642e-09	0.000818667532723876	0.000840022400597349
SE.PRM.ENRL.FE.ZS_lag1	1.56126871815958e-09	0.000177385211551429	0.000373343289154377
NY.GDP.MINR.RT.ZS	1.54986536563299e-09	0.000183906726681997	0.000280007466865783
EG.USE.ELEC.KH.PC	1.51311620546773e-09	0.000127386928883747	9.33358222885944e-05
AG.LND.AGRI.ZS_lag2	1.50192919226317e-09	6.43456159549302e-05	0.000186671644577189
AG.PRD.FOOD.XD_lag2	1.48439510923978e-09	0.000361726705908797	0.000373343289154377
NY.ADJ.AEDU.GN.ZS	1.48297745758049e-09	0.00102952985527888	0.000560014933731566
SH.MMR.RISK.ZS_lag1	1.47735773831918e-09	0.000118691575376324	0.000186671644577189
BM.GSR.NFSV.CD_delta2	1.46945517876792e-09	5.30416563952803e-05	0.000186671644577189
SP.POP.3034.MA.5Y_lag2	1.44817083783568e-09	0.000158255433835099	0.000280007466865783
AG.LND.CROP.ZS	1.43487444428942e-09	0.000108691918842788	0.000280007466865783
EN.GHG.N2O.MT.CE.AR5_ratioavg2	1.42486906201127e-09	0.00027955561526365	0.000466679111442972
IS.AIR.DPRT_isNA_rank	1.39519495399243e-09	0.000137386585417284	0.000373343289154377
SE.SEC.ENRR.FE_delta2	1.38906410415046e-09	0.000336944948412642	0.000373343289154377
AG.LND.ARBL.HA_delta2	1.36164572509984e-09	0.000343466463543209	0.000466679111442972
BX.GSR.CMCP.ZS_delta2	1.35776386810807e-09	0.00015869020151047	0.000373343289154377
NE.EXP.GNFS.CD_lag2	1.35652292672402e-09	8.73883027496012e-05	9.33358222885944e-05
BM.GSR.TRAN.ZS_delta2	1.34550350116278e-09	0.00021912290838706	0.000373343289154377
SP.POP.2024.MA.5Y	1.33731943376716e-09	0.000211297090230379	0.000280007466865783
NY.GDP.PCAP.KD.ZG	1.33363429398367e-09	0.000220427211413173	0.000280007466865783
FI.RES.XGLD.CD	1.33154898136998e-09	0.000148255777301562	0.000280007466865783
NE.IMP.GNFS.KD.ZG	1.33014293102845e-09	0.000377378342222158	0.000280007466865783
DT.ODA.ODAT.GN.ZS_lag1	1.32623742639473e-09	4.47810705632285e-05	9.33358222885944e-05
SP.POP.0014.FE.ZS_lag2	1.30536008834777e-09	0.000218688140711689	0.000186671644577189
SE.PRM.ENRR_delta2	1.30290185767168e-09	0.000127386928883747	0.000373343289154377
SP.POP.65UP.FE.ZS_delta2	1.29954444521339e-09	6.6519454331786e-05	9.33358222885944e-05
EN.GHG.CH4.BU.MT.CE.AR5_lag2	1.29612030226017e-09	2.47817574961556e-05	9.33358222885944e-05
FI.RES.TOTL.MO_max2	1.28735491973247e-09	0.000197819292293873	0.000280007466865783
NY.GDP.MKTP.CN_lag2	1.26312684209871e-09	0.000256512928468979	0.000186671644577189
DT.ODA.ODAT.GN.ZS_ratioavg2	1.25769194602494e-09	0.00047607060453141	0.000653350756020161
FI.RES.TOTL.MO_delta2	1.24919051016391e-09	0.000204340807424441	0.000373343289154377
NY.GDP.DEFL.ZS_delta1	1.24279148584382e-09	0.000140864726820253	0.000186671644577189
BM.KLT.DINV.WD.GD.ZS_lag1	1.23960078992876e-09	0.00011347436327187	0.000280007466865783
SH.DYN.MORT_delta1	1.23910983724706e-09	0.000193036847864791	0.000280007466865783
SE.PRM.ENRL.FE.ZS_rank	1.22268276291106e-09	2.08688484178152e-05	9.33358222885944e-05
NV.AGR.TOTL.CN_delta2	1.17383481418819e-09	0.00033998832214024	0.000373343289154377
TX.VAL.MRCH.AL.ZS_lag1	1.16628047929227e-09	0.000114343898622613	0.000186671644577189
SP.POP.1564.MA.IN_delta1	1.16385892871657e-09	0.000417811736031675	0.000280007466865783
IT.MLT.MAIN.P2_delta1	1.1605727555584e-09	0.00127908650094192	0.000746686578308755
EN.GHG.N2O.MT.CE.AR5_tend2	1.15921832952336e-09	0.000323032382800765	0.000466679111442972
AG.PRD.FOOD.XD_min2	1.14989241244031e-09	4.912874731694e-05	9.33358222885944e-05
TM.VAL.MRCH.R2.ZS_lag2	1.11914199074825e-09	0.000121734949103922	0.000186671644577189
ER.H2O.INTR.PC_ratioavg2	1.104024025662e-09	9.99965653353646e-05	9.33358222885944e-05
SP.DYN.LE00.FE.IN_lag1	1.09197478222956e-09	0.000851275108376712	0.000466679111442972
EN.GHG.CH4.FE.MT.CE.AR5_ratioavg2	1.08073921170286e-09	0.00018129812062977	0.000373343289154377
NV.IND.TOTL.KD.ZG_delta2	1.07908943044697e-09	0.000799972522682917	0.000933358222885944
FM.AST.DOMS.CN_max2	1.07816592995312e-09	0.000209558019528894	0.000186671644577189
TM.VAL.OTHR.ZS.WT_lag1	1.07216794454207e-09	0.000115213433973355	0.000186671644577189
TX.VAL.MRCH.WL.CD_delta1	1.07028222693766e-09	0.000446506402606171	0.000560014933731566
FM.LBL.BMNY.GD.ZS_tend2	1.06624414170369e-09	0.000221731514439287	0.000560014933731566
FD.AST.PRVT.GD.ZS_isNA_rank	1.04809590185082e-09	0.000810406946891824	0.00130670151204032
NY.GDP.MINR.RT.ZS_lag2	1.04583991135788e-09	4.95635149923111e-05	0.000186671644577189
TX.VAL.MRCH.R3.ZS_delta1	1.0406557470397e-09	0.00115952539021486	0.00140003733432892
SP.DYN.IMRT.FE.IN_delta1	9.95781486391488e-10	8.73883027496012e-05	9.33358222885944e-05
BM.GSR.TRVL.ZS	9.84296620589969e-10	0.000346509837270807	0.000466679111442972
FI.RES.TOTL.CD	9.73961835648655e-10	0.000211297090230379	0.000280007466865783
SP.POP.4044.MA.5Y_lag2	9.66071176459476e-10	0.000180428585279027	9.33358222885944e-05
FP.CPI.TOTL.ZG_ratioavg2	9.58727339397362e-10	0.000135212747040428	0.000280007466865783
IS.AIR.GOOD.MT.K1_ratiomax2	9.557493056049e-10	0.000193471615540162	0.000186671644577189
BX.GSR.GNFS.CD_ratioavg2	9.54344963198065e-10	7.43452724884667e-05	0.000186671644577189
NY.ADJ.DMIN.CD_delta2	9.53212806752047e-10	0.000518243069042411	0.000560014933731566
SH.DYN.MORT_delta2	9.47852376275055e-10	0.000199993130670729	0.000186671644577189
TM.VAL.MRCH.WR.ZS_delta1	9.2916937391388e-10	0.000147821009626191	0.000466679111442972
BM.GSR.CMCP.ZS_ratioavg2	9.2825297655712e-10	0.000113039595596499	0.000280007466865783
TM.VAL.MRCH.R5.ZS_lag1	9.26806884536585e-10	7.5214807839209e-05	0.000186671644577189
NV.AGR.TOTL.ZS_delta1	9.22718765282252e-10	0.00010217040371222	0.000373343289154377
BX.GSR.NFSV.CD_ratioavg2	9.19719334690392e-10	0.000175211373174574	0.000280007466865783
SH.DTH.NMRT_lag1	9.19157387684621e-10	0.000297381089953867	0.000186671644577189
BM.GSR.TRAN.ZS_ratioavg2	9.16487719321132e-10	0.000135647514715799	0.000186671644577189
EN.GHG.CO2.RT.GDP.KD_lag2	9.06997334089865e-10	0.000235209312375792	0.000186671644577189
NY.GDP.FCST.CD_delta2	8.95033386820812e-10	0.000119126343051695	0.000280007466865783
SP.POP.DPND.YG_delta2	8.91326414687879e-10	0.000333901574685043	0.000280007466865783
SH.STA.MMRT_delta1	8.88628379834211e-10	4.912874731694e-05	9.33358222885944e-05
TM.VAL.TRVL.ZS.WT_rank	8.79007580127146e-10	0.000684759088709562	0.000466679111442972
BM.GSR.INSF.ZS_isNA_rank	8.73590981939216e-10	7.47800401638378e-05	0.000280007466865783
NY.GNP.MKTP.CN_isNA_rank	8.72078335535052e-10	0.00014347333287248	0.000373343289154377
SP.POP.1519.FE.5Y_delta1	8.7194031500927e-10	0.00128734708677398	0.000840022400597349
TG.VAL.TOTL.GD.ZS_lag2	8.62950465784519e-10	0.000587371129426424	0.000560014933731566
SP.POP.2529.FE.5Y_lag1	8.53751866878116e-10	6.99975957347552e-05	0.000186671644577189
NE.RSB.GNFS.ZS_lag2	8.2767842193091e-10	0.000276512241536052	0.000280007466865783
EN.GHG.CH4.BU.MT.CE.AR5_delta1	8.25412289407563e-10	0.000126952161208376	9.33358222885944e-05
NY.GDP.DEFL.KD.ZG_lag1	8.15482569876945e-10	0.000526503654874463	0.000653350756020161
PA.NUS.FCRF_delta1	8.10944345999398e-10	0.000141734262170995	0.000373343289154377
EG.ELC.HYRO.ZS_lag2	8.0969731080848e-10	5.04330503430534e-05	9.33358222885944e-05
DT.ODA.ALLD.CD_delta2	7.86837813529433e-10	0.000136517050066541	0.000280007466865783
EN.GHG.CO2.IP.MT.CE.AR5_tend2	7.7968297960031e-10	0.000173472302473089	0.000280007466865783
DC.DAC.TOTL.CD_lag2	7.77984827924984e-10	7.2171434111611e-05	9.33358222885944e-05
year_cycle_lag2	7.77570752774944e-10	0.00015477729243213	0.000373343289154377
SP.POP.1564.TO.ZS	7.7601210371933e-10	9.60836562570242e-05	9.33358222885944e-05
NE.CON.GOVT.ZS_delta2	7.5415545603152e-10	0.000274773170834567	0.000373343289154377
NE.EXP.GNFS.KD.ZG_delta1	7.49356316620814e-10	0.000402160099718314	0.000560014933731566
SP.DYN.CDRT.IN	7.40853086048833e-10	0.00015129915102916	0.000280007466865783
NE.CON.PRVT.KD.ZG_avg2	7.3750875143965e-10	5.7824100824363e-05	9.33358222885944e-05
NY.GDP.FCST.CN_delta2	7.21620270171713e-10	0.000118256807700953	9.33358222885944e-05
BM.GSR.CMCP.ZS	7.19065616168836e-10	0.000189993474137193	0.000373343289154377
NE.IMP.GNFS.CD_delta1	7.15159475398418e-10	0.000546937735616907	0.000466679111442972
BX.TRF.CURR.CD	7.04646592206798e-10	8.60839997234878e-05	0.000186671644577189
BX.GSR.TOTL.CD_ratioavg2	7.01532005519777e-10	0.000141299494495624	0.000186671644577189
TM.VAL.MRCH.RS.ZS_delta1	7.01029006402644e-10	0.000902577694070508	0.00112002986746313
NY.GDP.MKTP.KD.ZG	6.8163190916876e-10	0.000713888522959429	0.000560014933731566
SE.SEC.ENRR_delta2	6.76976306138595e-10	0.000383899857352726	0.000560014933731566
AG.LND.CROP.ZS_min2	6.75310800135326e-10	0.000296076786927753	0.000186671644577189
EN.GHG.CH4.FE.MT.CE.AR5_min2	6.73387382642648e-10	2.17383837685575e-05	9.33358222885944e-05
NY.GDS.TOTL.ZS_isNA_rank	6.71615027799186e-10	7.30409694623533e-05	0.000280007466865783
SP.POP.6569.MA.5Y_delta1	6.54236087049314e-10	0.000573458563814547	0.000560014933731566
AG.YLD.CREL.KG_delta1	6.54013205131435e-10	0.000419985574408531	0.000280007466865783
NY.GDP.MKTP.CD_delta1	6.50855617472618e-10	0.000103909474413705	9.33358222885944e-05
FM.AST.NFRG.CN_max2	6.49320198420411e-10	0.000362596241259539	0.000280007466865783
SP.POP.0014.MA.IN	6.43081205534378e-10	1.7390707014846e-05	9.33358222885944e-05
DT.ODA.ODAT.PC.ZS_lag1	6.32275338561203e-10	0.000107387615816674	9.33358222885944e-05
SP.POP.TOTL.FE.ZS_delta2	6.16540989722026e-10	0.000128256464234489	0.000186671644577189
FM.LBL.BMNY.GD.ZS_min2	6.13526191778578e-10	0.000299989696006094	0.000466679111442972
EG.ELC.PETR.ZS_tend2	6.11334309858272e-10	0.000143038565197108	0.000186671644577189
NE.CON.PRVT.KD.ZG_isNA_rank	6.06454151686032e-10	0.000244774201233958	0.000373343289154377
DC.DAC.JPNL.CD_ratioavg2	6.02198561936321e-10	0.000214775231633348	0.000373343289154377
trade_balance_ratio_lag2	5.96116281070099e-10	0.000329119130255961	0.000653350756020161
EN.GHG.CO2.PC.CE.AR5_rank	5.92869157226587e-10	2.52165251715267e-05	9.33358222885944e-05
EN.GHG.CH4.PI.MT.CE.AR5_ratioavg2	5.86518605454909e-10	0.000261730140573432	0.000466679111442972
BX.KLT.DINV.CD.WD_ratiomax2	5.76250779964331e-10	2.82598988991248e-05	9.33358222885944e-05
AG.LND.AGRI.ZS_ratioavg2	5.73676976667054e-10	0.000246948039610813	0.000186671644577189
EG.ELC.COAL.ZS_lag2	5.65249594326842e-10	0.000122169716779293	9.33358222885944e-05
BX.GSR.FCTY.CD_max2	5.64935056658617e-10	6.47803836303014e-05	9.33358222885944e-05
SP.POP.1564.FE.IN_delta1	5.60260107418705e-10	6.0867474551961e-05	0.000186671644577189
SE.SEC.ENRR_rank	5.50605934899068e-10	8.56492320481166e-05	9.33358222885944e-05
TX.VAL.MRCH.HI.ZS_delta1	5.49996564447552e-10	0.000193906383215533	0.000280007466865783
NY.ADJ.DMIN.CD_delta1	5.48425185092857e-10	0.000559111230527299	0.000560014933731566
EN.GHG.CO2.IC.MT.CE.AR5_rank	5.47678490328127e-10	3.95638584587747e-05	9.33358222885944e-05
BX.GSR.NFSV.CD_isNA_rank	5.47386825990652e-10	0.000172602767122347	0.000186671644577189
TX.VAL.MRCH.OR.ZS_lag1	5.45929045431099e-10	0.000168255090368635	0.000280007466865783
SP.DYN.AMRT.FE_delta1	5.40458687239549e-10	5.43459594213938e-05	0.000186671644577189
ER.FSH.AQUA.MT_lag2	5.36958007629612e-10	5.26068887199092e-05	9.33358222885944e-05
SP.URB.GROW_rank	5.29413874061204e-10	0.00033259727165893	0.000280007466865783
MS.MIL.XPND.GD.ZS_lag1	5.29178577131303e-10	0.000147821009626191	0.000280007466865783
NE.IMP.GNFS.KD.ZG_lag1	5.27248157684877e-10	0.0001778199792268	0.000186671644577189
NY.GDP.TOTL.RT.ZS_delta2	5.24176739292071e-10	2.56512928468979e-05	9.33358222885944e-05
SE.PRM.ENRL_lag2	5.23052141725355e-10	4.3476767537115e-05	0.000186671644577189
SE.PRM.ENRR.FE_lag1	5.11751867708039e-10	8.13015552944051e-05	0.000280007466865783
EN.GHG.CO2.IC.MT.CE.AR5_lag1	5.05955370530508e-10	9.86922623092511e-05	9.33358222885944e-05
BM.GSR.GNFS.CD_isNA_rank	5.04110040764482e-10	0.000488244099441802	0.000746686578308755
TM.VAL.MRCH.R4.ZS_delta2	4.83250056967213e-10	0.000205210342775183	0.000560014933731566
AG.LND.AGRI.ZS_delta2	4.82474181461779e-10	0.0002230358174654	0.000466679111442972
NY.GDP.MKTP.KD.ZG_lag2	4.81495189555525e-10	0.000334336342360415	0.000560014933731566
TX.VAL.SERV.CD.WT_isNA_rank	4.7961293949688e-10	0.00016999416107012	0.000466679111442972
DC.DAC.TOTL.CD_delta2	4.79382571569503e-10	7.78234138914359e-05	0.000186671644577189
pre_covid_rank	4.76185693180041e-10	0.000160864039887326	0.000186671644577189
MS.MIL.XPND.CD_min2	4.64426572582789e-10	7.26062017869821e-05	9.33358222885944e-05
BX.PEF.TOTL.CD.WD_rank	4.61353250007448e-10	7.26062017869821e-05	0.000280007466865783
SP.POP.4549.MA.5Y_delta1	4.60839053527151e-10	0.000863013835611733	0.000653350756020161
DC.DAC.JPNL.CD_lag2	4.59860649919404e-10	6.60846866564148e-05	9.33358222885944e-05
SP.POP.2024.MA.5Y_delta2	4.59608425612233e-10	0.000195645453917018	0.000373343289154377
NY.GDP.PCAP.KN_delta2	4.57080493578256e-10	9.2605514854055e-05	0.000280007466865783
BX.GSR.MRCH.CD_tend2	4.45081765496272e-10	7.99972522682917e-05	9.33358222885944e-05
SE.SEC.ENRL	4.39577578026799e-10	0.000208253716502781	0.000280007466865783
BM.GSR.GNFS.CD_lag2	4.36422780447077e-10	0.000172167999446976	0.000186671644577189
EG.ELC.COAL.ZS_ratioavg2	4.19646080575471e-10	3.30423433282074e-05	9.33358222885944e-05
NY.GNP.ATLS.CD_isNA_rank	4.13023126903604e-10	0.000112604827921128	0.000186671644577189
NV.IND.TOTL.CN_lag1	4.12342677688037e-10	0.000261295372898061	0.000280007466865783
NE.GDI.TOTL.ZS_isNA_rank	3.99275335183855e-10	0.000296076786927753	0.000746686578308755
SE.SEC.ENRR.MA_delta2	3.97408793073598e-10	0.000208253716502781	0.000373343289154377
NE.RSB.GNFS.CN_isNA_rank	3.94061627333476e-10	0.000111735292570386	0.000373343289154377
EG.USE.ELEC.KH.PC_tend2	3.88719472937006e-10	0.00162646587356347	0.00130670151204032
EN.GHG.N2O.IC.MT.CE.AR5_ratioavg2	3.87549453897244e-10	6.43456159549302e-05	9.33358222885944e-05
NE.GDI.FTOT.CD_isNA_rank	3.81833356866677e-10	8.56492320481166e-05	0.000186671644577189
FS.AST.CGOV.GD.ZS_max2	3.80596351175161e-10	0.000135647514715799	0.000186671644577189
TM.VAL.TRVL.ZS.WT_delta1	3.78387732618468e-10	4.43463028878573e-05	0.000186671644577189
SP.POP.0014.TO.ZS_lag1	3.78330259147399e-10	0.000140864726820253	9.33358222885944e-05
DT.ODA.ODAT.CD_lag1	3.75932835040572e-10	9.2605514854055e-05	9.33358222885944e-05
TM.VAL.MRCH.R4.ZS_delta1	3.70564135009001e-10	0.00015869020151047	0.000186671644577189
SP.RUR.TOTL_rank	3.67861372406969e-10	0.000110865757219643	9.33358222885944e-05
EN.GHG.N2O.IP.MT.CE.AR5_ratiomax2	3.66987621852509e-10	1.7390707014846e-05	9.33358222885944e-05
NY.GDP.PCAP.KD.ZG_lag1	3.66229400308601e-10	9.08664441525704e-05	0.000186671644577189
SP.POP.65UP.TO.ZS	3.64324276140446e-10	0.000171733231771604	9.33358222885944e-05
SP.DYN.IMRT.IN_lag1	3.58671729644447e-10	0.000138256120768026	0.000186671644577189
TX.VAL.MRCH.R3.ZS_lag1	3.51569719981665e-10	0.000253469554741381	0.000560014933731566
NE.DAB.TOTL.CD_delta2	3.49257143026729e-10	0.000156081595458243	0.000186671644577189
EG.ELC.NGAS.ZS_tend2	3.41379178313613e-10	0.000139125656118768	0.000280007466865783
BM.GSR.MRCH.CD	3.39769590038916e-10	0.000414333594628706	0.000373343289154377
SP.POP.DPND_delta2	3.38992772566111e-10	3.60857170558055e-05	9.33358222885944e-05
SH.DYN.MORT.MA_lag1	3.36050888426374e-10	5.30416563952803e-05	9.33358222885944e-05
BM.GSR.NFSV.CD_ratioavg2	3.31122110519841e-10	0.000182167655980512	0.000466679111442972
BX.GSR.GNFS.CD_delta2	3.28747242454175e-10	0.000171733231771604	0.000280007466865783
DT.NFL.UNDP.CD_min2	3.28422901405443e-10	8.26058583205186e-05	0.000186671644577189
SH.DYN.MORT.MA_delta1	3.2785519423638e-10	5.47807270967649e-05	9.33358222885944e-05
NE.IMP.GNFS.KD_delta2	3.26301552170667e-10	0.000193036847864791	0.000280007466865783
SE.SEC.ENRL.GC_lag1	3.18262421924591e-10	0.000148690544976933	0.000186671644577189
EG.USE.PCAP.KG.OE_ratioavg2	3.16095945699777e-10	0.000430419998617439	0.000560014933731566
EN.URB.LCTY.UR.ZS_ratioavg2	3.15464271303246e-10	0.000146516706600078	0.000186671644577189
SH.MMR.DTHS_lag2	3.15170018808345e-10	2.73903635483825e-05	9.33358222885944e-05
FM.AST.NFRG.CN_ratioavg2	3.08229497030058e-10	0.000438680584449491	0.000653350756020161
BM.GSR.INSF.ZS_rank	3.08098083347937e-10	0.000201297433696843	0.000186671644577189
MS.MIL.XPND.CD_rank	3.04584106055715e-10	0.000116952504674839	0.000186671644577189
EN.URB.MCTY.TL.ZS_delta2	3.00127850778124e-10	4.43463028878573e-05	0.000186671644577189
DC.DAC.GBRL.CD_rank	2.96388347784794e-10	3.60857170558055e-05	0.000186671644577189
SE.SEC.ENRL.GC.FE.ZS_delta1	2.95282444493398e-10	5.26068887199092e-05	0.000186671644577189
NY.ADJ.DNGY.GN.ZS_delta1	2.93535195480622e-10	0.000166950787342522	0.000280007466865783
EN.GHG.CH4.FE.MT.CE.AR5_delta2	2.90893009602032e-10	0.000219557676062431	0.000186671644577189
BX.PEF.TOTL.CD.WD_isNA_rank	2.87531057188094e-10	0.000242165595181731	0.000186671644577189
NE.CON.PRVT.KD.ZG_lag1	2.81453542118286e-10	0.000188689171111079	0.000280007466865783
TM.VAL.MRCH.WL.CD_delta2	2.7718620998378e-10	0.000215644766984091	0.000280007466865783
NY.GDP.MKTP.KD_delta1	2.75995098417769e-10	7.34757371377244e-05	9.33358222885944e-05
SE.ENR.PRIM.FM.ZS_isNA_rank	2.74894515623308e-10	0.000559980765878042	0.000373343289154377
DT.ODA.ODAT.CD	2.74829295480222e-10	0.000877361168898981	0.000560014933731566
BM.KLT.DINV.WD.GD.ZS_tend2	2.67096796250541e-10	0.000206514645801296	0.000466679111442972
TX.VAL.MMTL.ZS.UN_lag2	2.64586756812792e-10	4.08681614848881e-05	9.33358222885944e-05
NY.ADJ.DFOR.GN.ZS_delta2	2.61322616368219e-10	0.000346944604946178	0.000560014933731566
NE.EXP.GNFS.KD.ZG	2.58983219320465e-10	0.000171298464096233	0.000466679111442972
MS.MIL.XPND.CD_lag1	2.56590846036672e-10	0.000658673028187293	0.000746686578308755
AG.PRD.LVSK.XD_rank	2.55004785252183e-10	0.000108691918842788	0.000186671644577189
EG.USE.ELEC.KH.PC_ratioavg2	2.51347195928327e-10	7.86929492421782e-05	0.000186671644577189
FP.CPI.TOTL_isNA_rank	2.49240639096824e-10	0.000307380746487403	0.000560014933731566
EN.URB.MCTY.TL.ZS_tend2	2.48808452018011e-10	9.95617976599934e-05	0.000280007466865783
TX.VAL.FOOD.ZS.UN_delta1	2.48729322753799e-10	0.000105213777439818	0.000186671644577189
FS.AST.PRVT.GD.ZS_lag2	2.41217781456677e-10	1.99993130670729e-05	9.33358222885944e-05
SH.MMR.RISK_rank	2.40628265412256e-10	0.000108691918842788	9.33358222885944e-05
TM.VAL.OTHR.ZS.WT_delta1	2.37844803563311e-10	2.91294342498671e-05	9.33358222885944e-05
FP.CPI.TOTL.ZG_delta2	2.33165551111173e-10	0.000196949756943131	0.000653350756020161
EN.GHG.ALL.MT.CE.AR5_delta2	2.31254706830305e-10	9.86922623092511e-05	9.33358222885944e-05
DT.ODA.ALLD.KD_lag1	2.27152153347253e-10	0.000145647171249335	0.000186671644577189
BM.GSR.INSF.ZS_avg2	2.26402588068516e-10	0.000277816544562165	0.000186671644577189
AG.PRD.FOOD.XD_delta2	2.25189300858407e-10	0.000188689171111079	0.000373343289154377
SP.POP.7579.MA.5Y_lag1	2.23423086644832e-10	0.000330423433282074	0.000280007466865783
MS.MIL.XPND.CD	2.21200131760835e-10	0.000276512241536052	0.000186671644577189
SM.POP.RHCR.EA_rank	2.19198046920625e-10	0.000319119473722424	0.000373343289154377
TM.VAL.MANF.ZS.UN_lag1	2.17040353120305e-10	8.26058583205186e-05	0.000280007466865783
EN.GHG.N2O.BU.MT.CE.AR5_max2	2.15040651734561e-10	0.000140429959144882	9.33358222885944e-05
SE.SEC.ENRL.GC.FE.ZS_delta2	2.11657899719861e-10	9.39098178801685e-05	0.000280007466865783
NE.CON.GOVT.ZS_min2	2.11582779073614e-10	0.000112170060245757	0.000186671644577189
DT.ODA.ODAT.GN.ZS_tend2	2.09213111798151e-10	0.000101735636036849	0.000280007466865783
DT.ODA.ODAT.GN.ZS_ratiomax2	2.09173669097808e-10	0.000131299837962087	0.000186671644577189
DC.DAC.GBRL.CD_avg2	2.0665100594002e-10	3.04337372759805e-05	9.33358222885944e-05
NY.GDP.PCAP.KD.ZG_delta1	2.06412438880333e-10	0.000156951130808985	0.000373343289154377
AG.LND.ARBL.ZS_ratioavg2	2.05187570461197e-10	0.000345640301920065	0.000373343289154377
IT.CEL.SETS_lag2	2.04031573462944e-10	7.47800401638378e-05	0.000186671644577189
EN.GHG.CO2.RT.GDP.KD_max2	2.03438500927097e-10	0.000141299494495624	0.000186671644577189
DT.ODA.ODAT.PC.ZS_ratioavg2	2.02476312686325e-10	0.000117822040025582	0.000186671644577189
SE.PRM.ENRR_delta1	2.0211585708475e-10	4.82592119661977e-05	0.000186671644577189
NY.GDP.TOTL.RT.ZS_delta1	2.0154542986948e-10	0.000263034443599546	0.000373343289154377
DT.ODA.ALLD.KD_tend2	2.00026336879598e-10	0.000106952848141303	0.000186671644577189
TM.VAL.MRCH.R5.ZS	1.95605213302512e-10	0.000284338059692732	0.000466679111442972
EG.ELC.NUCL.ZS_lag2	1.95204730206514e-10	0.000259121534521206	0.000186671644577189
AG.LND.CROP.ZS_lag2	1.94967401154729e-10	9.21707471786839e-05	0.000186671644577189
EG.ELC.NGAS.ZS_ratioavg2	1.94211193932448e-10	9.65184239323954e-05	0.000186671644577189
DC.DAC.TOTL.CD_min2	1.93564876154173e-10	5.34764240706515e-05	0.000186671644577189
NY.GNP.MKTP.CD_delta2	1.93045742327482e-10	8.82578381003435e-05	9.33358222885944e-05
DC.DAC.FRAL.CD_lag1	1.90937757303452e-10	0.000300859231356836	0.000653350756020161
TM.VAL.MANF.ZS.UN_isNA_rank	1.87472717368866e-10	0.000212601393256493	0.000373343289154377
EN.GHG.CO2.TR.MT.CE.AR5_tend2	1.87237233536263e-10	6.26065452534456e-05	9.33358222885944e-05
SP.POP.0014.MA.ZS_lag1	1.86849359252588e-10	0.000143038565197108	0.000186671644577189
NE.CON.TOTL.KD.ZG_lag2	1.85796793987462e-10	3.13032726267228e-05	9.33358222885944e-05
BM.GSR.GNFS.CD_tend2	1.85244194341853e-10	0.000679976644280479	0.000466679111442972
BM.GSR.CMCP.ZS_avg2	1.84570205840959e-10	0.000292598645524784	0.000560014933731566
NE.GDI.FTOT.CD_delta1	1.84320545660865e-10	0.000358683332181199	0.000373343289154377
NY.GSR.NFCY.CD_rank	1.83541782619927e-10	0.000241296059830988	0.000186671644577189
BG.GSR.NFSV.GD.ZS_isNA_rank	1.83269734221723e-10	0.000478679210583637	0.000466679111442972
IT.CEL.SETS.P2_delta2	1.80314677613387e-10	0.000155212060107501	0.000280007466865783
NE.CON.PRVT.KD.ZG_ratioavg2	1.7854530888826e-10	0.000140429959144882	0.000280007466865783
DC.DAC.GBRL.CD_ratiomax2	1.76315089496718e-10	7.91277169175494e-05	0.000186671644577189
NE.CON.PRVT.CD_tend2	1.68223724840331e-10	2.08688484178152e-05	9.33358222885944e-05
TM.VAL.MRCH.R3.ZS_lag1	1.68076357288142e-10	0.000140864726820253	0.000280007466865783
TM.VAL.MMTL.ZS.UN_rank	1.67761644398634e-10	5.60850301228784e-05	9.33358222885944e-05
demographic_pressure_lag2	1.67033756273348e-10	0.000139560423794139	9.33358222885944e-05
BX.GSR.CMCP.ZS_rank	1.6378832078425e-10	0.000157385898484356	0.000186671644577189
BM.GSR.FCTY.CD_ratioavg2	1.61736922110961e-10	0.000119995878402437	0.000373343289154377
SP.POP.0509.FE.5Y_delta2	1.59326171966594e-10	0.00061215288692258	0.000466679111442972
NE.GDI.FTOT.ZS_lag2	1.57095356363774e-10	9.56488885816531e-05	0.000280007466865783
EG.USE.PCAP.KG.OE_avg2	1.56681781623471e-10	1.82602423655883e-05	9.33358222885944e-05
EN.GHG.CO2.TR.MT.CE.AR5_delta2	1.55263979997015e-10	7.47800401638378e-05	0.000186671644577189
NE.CON.GOVT.ZS_max2	1.55096803984644e-10	0.000350422746349147	0.000280007466865783
MS.MIL.XPND.CD_delta2	1.54056476618978e-10	0.000223905352816142	0.000560014933731566
FM.AST.PRVT.GD.ZS_max2	1.51002349229325e-10	0.000122169716779293	0.000186671644577189
EN.GHG.N2O.PI.MT.CE.AR5_delta1	1.45411678263673e-10	0.000375204503845303	0.000373343289154377
post_crisis_lag2	1.45172106713211e-10	2.69555958730113e-05	9.33358222885944e-05
NY.GDP.MKTP.KD.ZG_delta2	1.44736445413535e-10	7.82581815668071e-05	0.000186671644577189
EN.URB.LCTY.UR.ZS_tend2	1.44444139599284e-10	5.47807270967649e-05	0.000186671644577189
TM.VAL.MRCH.WL.CD_delta1	1.42213896511149e-10	0.000299120160655351	0.000373343289154377
EN.GHG.CH4.IC.MT.CE.AR5_delta2	1.41746002505387e-10	0.000279120847588279	0.000280007466865783
NE.IMP.GNFS.KD_isNA_rank	1.41360395195743e-10	0.000180428585279027	0.000186671644577189
BX.KLT.DINV.WD.GD.ZS_ratiomax2	1.41304253183928e-10	0.00010564854511519	0.000186671644577189
crisis_impact_poor_rank	1.40343065762628e-10	0.000128691231909861	0.000280007466865783
IS.AIR.DPRT_delta2	1.3963473411263e-10	0.000215209999308719	0.000280007466865783
NY.GDP.FCST.KD_delta2	1.39351194702641e-10	3.69552524065478e-05	0.000186671644577189
NY.GDP.FRST.RT.ZS_isNA_rank	1.39206243646644e-10	2.69555958730113e-05	9.33358222885944e-05
BM.GSR.FCTY.CD_ratiomax2	1.37551759562752e-10	0.000248252342636927	0.000186671644577189
ER.FSH.AQUA.MT_delta2	1.37262359418017e-10	7.47800401638378e-05	0.000186671644577189
SP.POP.65UP.TO.ZS_delta2	1.34691120247818e-10	0.00056693704868398	0.000373343289154377
EN.GHG.CO2.RT.GDP.KD_avg2	1.34551681041523e-10	6.99975957347552e-05	0.000186671644577189
MS.MIL.MPRT.KD_max2	1.3427227618632e-10	0.000220861979088544	0.000280007466865783
NY.GDP.FCST.KD_rank	1.34074002234272e-10	1.7390707014846e-05	9.33358222885944e-05
TX.VAL.MRCH.R5.ZS_delta2	1.32152889429921e-10	4.912874731694e-05	0.000186671644577189
NE.CON.PRVT.ZS_max2	1.31025307650053e-10	0.000116952504674839	0.000186671644577189
EG.ELC.PETR.ZS	1.27139698364021e-10	9.04316764771993e-05	0.000186671644577189
DC.DAC.TOTL.CD_tend2	1.26264421103735e-10	7.39105048130956e-05	0.000280007466865783
DT.ODA.ALLD.CD	1.24806771709829e-10	0.000247382807286185	0.000186671644577189
SP.DYN.CDRT.IN_lag1	1.22032205984521e-10	4.86939796415688e-05	0.000186671644577189
NE.CON.TOTL.KD.ZG_ratioavg2	1.21331944303716e-10	0.000716062361336285	0.000933358222885944
FP.CPI.TOTL.ZG_ratiomax2	1.20958516263934e-10	3.43466463543209e-05	9.33358222885944e-05
EG.ELC.NUCL.ZS_rank	1.20473179785954e-10	0.00024173082750636	0.000186671644577189
EG.ELC.PETR.ZS_min2	1.20283558984031e-10	2.56512928468979e-05	9.33358222885944e-05
NE.EXP.GNFS.KD.ZG_isNA_rank	1.20252054753479e-10	0.000169559393394749	0.000373343289154377
NY.GDP.DEFL.KD.ZG_rank	1.19072032970327e-10	0.000301728766707578	0.000466679111442972
crisis_2008_rank	1.17948663621371e-10	0.000107822383492045	0.000186671644577189
TX.VAL.SERV.CD.WT	1.17688929274354e-10	0.000187384868084966	0.000186671644577189
demographic_pressure_delta1	1.16927370293437e-10	3.69552524065478e-05	0.000186671644577189
FI.RES.XGLD.CD_ratioavg2	1.1646798214067e-10	8.26058583205186e-05	0.000186671644577189
NY.GSR.NFCY.CD_isNA_rank	1.16402847438821e-10	0.000260425837547319	0.000373343289154377
AG.PRD.CREL.MT_ratioavg2	1.16152517969049e-10	0.000139560423794139	0.000373343289154377
FP.CPI.TOTL.ZG_isNA_rank	1.14919764369643e-10	7.17366664362398e-05	0.000186671644577189
TM.VAL.MRCH.HI.ZS_delta1	1.14870994223175e-10	0.00024955664566304	0.000653350756020161
NV.AGR.TOTL.CN_lag1	1.13717275435365e-10	0.000239556989129504	0.000186671644577189
AG.YLD.CREL.KG_ratioavg2	1.12402767645666e-10	9.13012118279416e-05	0.000280007466865783
NE.RSB.GNFS.ZS	1.11388427265148e-10	7.13018987608687e-05	0.000186671644577189
NV.AGR.TOTL.CD_delta2	1.10714126369736e-10	2.26079191192998e-05	9.33358222885944e-05
FP.CPI.TOTL_lag1	1.0988524670411e-10	4.99982826676823e-05	9.33358222885944e-05
NE.CON.GOVT.ZS_avg2	1.09391563685438e-10	6.95628280593841e-05	0.000186671644577189
SP.DYN.LE00.MA.IN_lag1	1.05144838797663e-10	0.000139125656118768	9.33358222885944e-05
TM.VAL.MRCH.CD.WT	1.04784618548867e-10	8.99969088018281e-05	9.33358222885944e-05
BX.GRT.TECH.CD.WD_lag1	1.04608153917183e-10	9.52141209062819e-05	9.33358222885944e-05
DT.ODA.ALLD.KD_rank	1.03733734073044e-10	4.13029291602593e-05	9.33358222885944e-05
TM.VAL.MRCH.OR.ZS_rank	1.02988458656339e-10	3.08685049513517e-05	9.33358222885944e-05
NE.CON.PRVT.PC.KD_lag2	1.02849702089914e-10	0.000171733231771604	9.33358222885944e-05
SH.MMR.DTHS_rank	1.0087712028632e-10	0.000117822040025582	9.33358222885944e-05
FS.AST.CGOV.GD.ZS_ratiomax2	1.0068038666842e-10	0.00016999416107012	0.000186671644577189
BX.GSR.TRAN.ZS_isNA_rank	9.9062196586216e-11	0.000263903978950288	0.000280007466865783
AG.LND.AGRI.K2_ratioavg2	9.83626160990102e-11	0.000737365977429471	0.000466679111442972
EG.ELC.FOSL.ZS	9.82778555008693e-11	2.21731514439287e-05	9.33358222885944e-05
BX.GSR.FCTY.CD_lag2	9.73678849826671e-11	6.60846866564148e-05	0.000186671644577189
EN.GHG.CO2.BU.MT.CE.AR5_ratiomax2	9.6736338970492e-11	3.13032726267228e-05	9.33358222885944e-05
SP.POP.1564.TO_delta2	9.66706987413322e-11	0.000160864039887326	9.33358222885944e-05
SP.POP.DPND.OL_lag2	9.53470716016423e-11	0.000137386585417284	9.33358222885944e-05
NE.RSB.GNFS.CD_rank	9.44179978472067e-11	1.78254746902172e-05	9.33358222885944e-05
AG.LND.ARBL.ZS	9.30076407333987e-11	3.1738040302094e-05	9.33358222885944e-05
NE.RSB.GNFS.CD_isNA_rank	9.232206070489e-11	0.000482592119661977	0.000466679111442972
TX.VAL.MRCH.R6.ZS_rank	9.17817726073072e-11	0.000103474706738334	9.33358222885944e-05
BM.GSR.GNFS.CD	9.07684235342478e-11	0.000235209312375792	0.000186671644577189
NE.RSB.GNFS.CD	9.05747798741544e-11	5.52154947721361e-05	9.33358222885944e-05
BM.GSR.INSF.ZS_lag1	8.97247321424376e-11	3.04337372759805e-05	9.33358222885944e-05
NE.IMP.GNFS.CD_delta2	8.83534359134512e-11	3.99986261341458e-05	9.33358222885944e-05
NE.CON.GOVT.ZS	8.83037447149149e-11	0.000432593836994295	0.000373343289154377
NY.GNP.ATLS.CD_delta1	8.81440212253082e-11	0.000161298807562697	0.000186671644577189
NY.GNP.PCAP.CN_delta2	8.7740368348475e-11	0.000143038565197108	0.000186671644577189
NV.IND.TOTL.CN	8.76752674671142e-11	0.00055563308912433	0.000466679111442972
FI.RES.TOTL.CD_tend2	8.59185433773288e-11	9.99965653353646e-05	0.000373343289154377
SP.POP.65UP.FE.ZS_lag2	8.12360884363837e-11	0.000171298464096233	9.33358222885944e-05
EG.ELC.NUCL.ZS_ratioavg2	8.10808575092396e-11	0.00046476664497176	0.000466679111442972
SP.POP.3034.FE.5Y_rank	8.05556486772035e-11	5.13025856937957e-05	9.33358222885944e-05
NE.IMP.GNFS.KD_delta1	7.96798882511803e-11	0.000617804866702405	0.000560014933731566
FM.AST.DOMS.CN_lag2	7.96248393976721e-11	0.00028346852434199	0.000280007466865783
BX.GRT.EXTA.CD.WD_delta2	7.88011271467672e-11	2.73903635483825e-05	9.33358222885944e-05
TX.VAL.TRVL.ZS.WT_lag2	7.84701509408409e-11	0.000169559393394749	0.000186671644577189
NE.CON.GOVT.CD_ratioavg2	7.80283703576798e-11	0.000127386928883747	0.000280007466865783
NY.ADJ.DNGY.CD_delta1	7.72117709505643e-11	0.000462158038919533	0.000653350756020161
BX.GRT.EXTA.CD.WD_tend2	7.49842324168498e-11	9.99965653353646e-05	0.000373343289154377
FM.LBL.BMNY.GD.ZS_delta2	7.26166236020897e-11	0.000575632402191403	0.000466679111442972
NE.EXP.GNFS.CD_isNA_rank	7.17652981734598e-11	0.00012086541375318	0.000280007466865783
TM.VAL.MRCH.WR.ZS_rank	7.15438198058757e-11	0.000126082625857634	9.33358222885944e-05
EG.ELC.COAL.ZS_max2	7.13692028409089e-11	0.000255208625442865	0.000280007466865783
TM.VAL.MRCH.R6.ZS_delta1	7.03537120631304e-11	0.000178254746902172	0.000466679111442972
SP.RUR.TOTL	6.89373940325023e-11	0.000340857857490982	0.000280007466865783
FM.LBL.BMNY.GD.ZS_lag1	6.86460447039569e-11	0.000105213777439818	0.000186671644577189
SH.MMR.RISK.ZS_rank	6.82548306469894e-11	0.000115648201648726	9.33358222885944e-05
SP.POP.6569.FE.5Y_lag1	6.79575877088472e-11	0.000171298464096233	9.33358222885944e-05
AG.PRD.LVSK.XD_lag2	6.70911308098533e-11	8.04320199436628e-05	0.000186671644577189
BX.GSR.TRVL.ZS_lag1	6.61734394300072e-11	2.82598988991248e-05	9.33358222885944e-05
SP.DYN.IMRT.FE.IN_lag1	6.61345921482743e-11	0.000110430989544272	9.33358222885944e-05
SP.DYN.LE00.IN_lag2	6.50063904744427e-11	0.000162168342913439	9.33358222885944e-05
SP.URB.GROW_delta2	6.47538925995656e-11	0.000135647514715799	0.000373343289154377
SP.DYN.TFRT.IN_lag1	6.42904926025371e-11	4.21724645110016e-05	9.33358222885944e-05
TX.VAL.SERV.CD.WT_rank	6.3445436062993e-11	0.00012477832283152	9.33358222885944e-05
EN.POP.DNST_tend2	6.33518921503451e-11	1.78254746902172e-05	9.33358222885944e-05
SE.PRM.DURS_rank	6.06792773992521e-11	8.56492320481166e-05	0.000280007466865783
TX.VAL.MRCH.AL.ZS_delta2	6.05609806711777e-11	9.69531916077665e-05	0.000280007466865783
SP.ADO.TFRT_delta1	5.95840622724071e-11	0.000123039252130036	0.000280007466865783
NE.CON.PRVT.CD_isNA_rank	5.83716266655502e-11	0.000333032039334301	0.000373343289154377
EN.GHG.CH4.MT.CE.AR5_lag2	5.82101845610923e-11	5.2172121044538e-05	9.33358222885944e-05
TX.VAL.OTHR.ZS.WT_lag2	5.70837130722793e-11	6.47803836303014e-05	0.000186671644577189
BX.GRT.TECH.CD.WD_lag2	5.63647998367714e-11	0.000109126686518159	9.33358222885944e-05
SP.RUR.TOTL.ZS_rank	5.55279990566059e-11	0.000152603454055274	9.33358222885944e-05
SP.POP.65UP.FE.IN_delta1	5.44967945453564e-11	1.99993130670729e-05	9.33358222885944e-05
SP.POP.GROW_rank	5.43423274717576e-11	8.3910161346632e-05	9.33358222885944e-05
EN.URB.LCTY.UR.ZS_delta2	5.42212501209754e-11	0.000179559049928285	0.000280007466865783
NE.EXP.GNFS.ZS_delta2	5.40324405657833e-11	0.000218253373036317	0.000373343289154377
BM.TRF.PWKR.CD.DT_ratioavg2	5.35750869268103e-11	0.00028346852434199	0.000560014933731566
SE.PRM.ENRR.FE_rank	5.30237200046524e-11	7.26062017869821e-05	9.33358222885944e-05
NE.IMP.GNFS.CD	5.18895908451092e-11	9.17359795033127e-05	9.33358222885944e-05
EG.ELC.NUCL.ZS_lag1	5.12821677417521e-11	0.000121300181428551	9.33358222885944e-05
SP.POP.7579.MA.5Y_delta2	5.11845360834327e-11	0.000159559736861212	0.000186671644577189
SH.DYN.MORT.FE_delta2	5.08062760803438e-11	0.00021173185790575	0.000186671644577189
AG.PRD.LVSK.XD_delta2	4.98726343348549e-11	5.99979392012187e-05	0.000186671644577189
AG.PRD.CROP.XD_lag2	4.80269877242471e-11	5.60850301228784e-05	0.000186671644577189
TM.VAL.AGRI.ZS.UN_delta1	4.79184388621271e-11	0.00028346852434199	0.000280007466865783
BX.GSR.NFSV.CD_rank	4.74967258441436e-11	0.000135647514715799	9.33358222885944e-05
SE.PRM.ENRR.MA_delta2	4.74689296297095e-11	7.82581815668071e-05	0.000186671644577189
SP.POP.1564.FE.ZS_rank	4.63635863789115e-11	2.65208281976402e-05	9.33358222885944e-05
FM.AST.PRVT.GD.ZS_rank	4.57150019603605e-11	9.99965653353646e-05	9.33358222885944e-05
SP.POP.GROW_delta1	4.53610135816774e-11	5.52154947721361e-05	0.000186671644577189
NY.GDP.MKTP.CD_delta2	4.45175145646552e-11	2.82598988991248e-05	9.33358222885944e-05
EG.ELC.NGAS.ZS_delta2	4.44668728323742e-11	0.000157385898484356	0.000373343289154377
EN.GHG.CH4.FE.MT.CE.AR5_rank	4.43693096216071e-11	1.78254746902172e-05	9.33358222885944e-05
EN.GHG.CH4.IC.MT.CE.AR5_tend2	4.42603239856714e-11	0.000210862322555008	0.000186671644577189
BX.GSR.TRVL.ZS_ratiomax2	4.40054759205604e-11	6.73889896825283e-05	9.33358222885944e-05
NE.GDI.FTOT.ZS_delta2	4.36528741819282e-11	2.21731514439287e-05	9.33358222885944e-05
FI.RES.TOTL.CD_isNA_rank	4.1927104461619e-11	0.000243904665883215	0.000373343289154377
SP.POP.0509.FE.5Y_lag1	4.15439815672749e-11	4.86939796415688e-05	9.33358222885944e-05
TX.VAL.MMTL.ZS.UN_isNA_rank	4.14207361451423e-11	2.6086060522269e-05	9.33358222885944e-05
FS.AST.CGOV.GD.ZS_avg2	4.13668013652437e-11	5.47807270967649e-05	9.33358222885944e-05
NY.GDP.MKTP.CN_delta2	4.01877472485842e-11	0.000140864726820253	0.000280007466865783
SP.POP.6064.FE.5Y_lag2	3.92262358625994e-11	0.000315641332319455	0.000186671644577189
TM.VAL.MRCH.R5.ZS_delta1	3.87561756767644e-11	0.000100866100686107	0.000373343289154377
NE.CON.PRVT.ZS_avg2	3.81542803320889e-11	0.000312163190916486	0.000186671644577189
EN.GHG.CH4.FE.MT.CE.AR5	3.80947331310345e-11	2.65208281976402e-05	9.33358222885944e-05
DC.DAC.DEUL.CD_max2	3.80652559047929e-11	1.78254746902172e-05	9.33358222885944e-05
EN.URB.LCTY_delta2	3.7491496648216e-11	1.78254746902172e-05	9.33358222885944e-05
FI.RES.XGLD.CD_lag1	3.6790372989946e-11	3.86943231080324e-05	9.33358222885944e-05
NE.EXP.GNFS.KD_delta2	3.57799444941183e-11	0.00026086060522269	0.000186671644577189
NE.GDI.TOTL.ZS_lag2	3.57652775270335e-11	1.82602423655883e-05	9.33358222885944e-05
BM.GSR.TOTL.CD_delta2	3.57281185997142e-11	3.56509493804343e-05	0.000186671644577189
NE.TRD.GNFS.ZS_isNA_rank	3.5387432464632e-11	0.000141299494495624	0.000280007466865783
EG.USE.PCAP.KG.OE_lag1	3.50704658400347e-11	0.000161298807562697	9.33358222885944e-05
SP.POP.0509.FE.5Y_delta1	3.47388639550611e-11	0.000269990726405484	0.000186671644577189
NY.ADJ.AEDU.GN.ZS_isNA_rank	3.41652996113027e-11	4.912874731694e-05	0.000186671644577189
IS.AIR.GOOD.MT.K1_isNA_rank	3.41447705744522e-11	0.000112170060245757	0.000280007466865783
TX.VAL.MRCH.WR.ZS_delta2	3.38373563467328e-11	0.000210862322555008	0.000373343289154377
TM.VAL.FUEL.ZS.UN_isNA_rank	3.33324402531303e-11	5.43459594213938e-05	0.000186671644577189
NV.SRV.TOTL.KD.ZG_lag1	3.32525317826513e-11	8.21710906451474e-05	0.000280007466865783
NY.GDP.PCAP.KN_isNA_rank	3.32497108312352e-11	6.6519454331786e-05	0.000280007466865783
SE.ENR.PRIM.FM.ZS_delta1	3.31553094468133e-11	6.82585250332706e-05	0.000186671644577189
MS.MIL.XPND.GD.ZS_delta2	3.3086328109341e-11	6.73889896825283e-05	0.000186671644577189
NY.ADJ.DNGY.CD	3.21943394111564e-11	1.95645453917018e-05	9.33358222885944e-05
BM.GSR.CMCP.ZS_lag2	3.17890417905402e-11	8.13015552944051e-05	9.33358222885944e-05
MS.MIL.XPND.GD.ZS_min2	3.11654311331105e-11	5.34764240706515e-05	9.33358222885944e-05
NY.GDS.TOTL.ZS_rank	3.05917644378721e-11	4.65201412647131e-05	9.33358222885944e-05
SE.PRM.AGES_rank	3.05827029943434e-11	6.99975957347552e-05	0.000186671644577189
EG.ELC.PETR.ZS_max2	3.00222452026061e-11	8.82578381003435e-05	9.33358222885944e-05
TX.VAL.OTHR.ZS.WT	2.95017803616682e-11	0.000259121534521206	0.000466679111442972
TX.VAL.TRAN.ZS.WT_isNA_rank	2.94907863108189e-11	0.000270860261756227	0.000466679111442972
EN.GHG.CO2.PC.CE.AR5_min2	2.92348027561637e-11	0.00010956145419353	9.33358222885944e-05
SP.POP.DPND.OL_delta2	2.89925368029904e-11	0.000284772827368103	0.000186671644577189
SP.POP.BRTH.MF	2.85583858551541e-11	3.65204847311766e-05	9.33358222885944e-05
SP.POP.7579.FE.5Y_lag1	2.82616787047594e-11	2.08688484178152e-05	9.33358222885944e-05
AG.PRD.CREL.MT_delta2	2.78460231143666e-11	2.17383837685575e-05	9.33358222885944e-05
TX.VAL.FUEL.ZS.UN_delta2	2.77174400625516e-11	0.000240426524480246	0.000280007466865783
NY.ADJ.DFOR.GN.ZS_delta1	2.75397981663442e-11	8.30406259958897e-05	9.33358222885944e-05
EN.GHG.N2O.MT.CE.AR5_ratiomax2	2.6959986822254e-11	3.52161817050632e-05	9.33358222885944e-05
BM.KLT.DINV.WD.GD.ZS_rank	2.64968348050614e-11	2.6086060522269e-05	9.33358222885944e-05
TM.VAL.OTHR.ZS.WT	2.64693111570685e-11	6.6519454331786e-05	0.000186671644577189
TM.VAL.MRCH.R5.ZS_lag2	2.63655730370121e-11	0.000203036504398327	0.000280007466865783
TX.VAL.MRCH.R1.ZS_delta2	2.5652633289756e-11	0.0001778199792268	0.000373343289154377
SP.URB.TOTL.IN.ZS_rank	2.54336806118184e-11	0.000186950100409595	0.000186671644577189
region	2.5326877287439e-11	2.39122221454133e-05	9.33358222885944e-05
SP.POP.0509.MA.5Y_delta2	2.50246916071996e-11	6.52151513056726e-05	0.000186671644577189
NY.GDP.MKTP.KD.ZG_delta1	2.49418770778239e-11	4.73896766154554e-05	0.000186671644577189
NE.GDI.FTOT.ZS_delta1	2.48211310343323e-11	5.82588684997341e-05	0.000186671644577189
NY.GDP.PCAP.KN_lag2	2.45780507193834e-11	7.5214807839209e-05	9.33358222885944e-05
DT.ODA.ALLD.CD_max2	2.40117319703965e-11	7.65191108653225e-05	9.33358222885944e-05
SE.PRM.ENRR.FE_delta2	2.38950477231386e-11	5.52154947721361e-05	9.33358222885944e-05
DC.DAC.TOTL.CD_ratioavg2	2.25663457300662e-11	3.04337372759805e-05	9.33358222885944e-05
year_cycle_lag1	2.18289929854224e-11	6.21717775780745e-05	0.000186671644577189
NY.GDP.PCAP.CN_delta2	2.10375866441619e-11	2.82598988991248e-05	9.33358222885944e-05
ER.FSH.CAPT.MT_lag1	2.08972921354989e-11	0.000128691231909861	9.33358222885944e-05
SE.PRM.TCHR_delta2	2.08851676570536e-11	4.39115352124862e-05	0.000186671644577189
EG.ELC.HYRO.ZS_max2	2.04909852402885e-11	2.95642019252382e-05	9.33358222885944e-05
SP.POP.80UP.MA.5Y_delta1	2.04576769536496e-11	7.91277169175494e-05	0.000186671644577189
NE.CON.TOTL.KD.ZG_ratiomax2	2.04262314639469e-11	5.69545654736207e-05	9.33358222885944e-05
BM.GSR.TOTL.CD_tend2	2.02219183295725e-11	6.13022422273322e-05	9.33358222885944e-05
FS.AST.CGOV.GD.ZS_lag1	2.01986943337528e-11	5.69545654736207e-05	9.33358222885944e-05
EN.GHG.CO2.PC.CE.AR5_ratioavg2	2.0188542846962e-11	5.69545654736207e-05	9.33358222885944e-05
SG.LAW.INDX_lag2	1.93247782368987e-11	0.000150429615678418	9.33358222885944e-05
TM.VAL.MRCH.HI.ZS_delta2	1.9265888755355e-11	5.99979392012187e-05	0.000186671644577189
BM.GSR.NFSV.CD	1.86740791477695e-11	3.69552524065478e-05	9.33358222885944e-05
TM.VAL.AGRI.ZS.UN_lag1	1.85702484663746e-11	2.04340807424441e-05	9.33358222885944e-05
NE.GDI.FTOT.CD_delta2	1.82650861937186e-11	0.000142169029846366	9.33358222885944e-05
TM.VAL.MRCH.R1.ZS_lag2	1.82617219450714e-11	7.99972522682917e-05	0.000186671644577189
EN.URB.LCTY_avg2	1.81785110818397e-11	3.91290907834035e-05	9.33358222885944e-05
FM.AST.PRVT.GD.ZS_tend2	1.80171430709532e-11	0.000273468867808454	0.000280007466865783
BM.GSR.MRCH.CD_isNA_rank	1.80118186802124e-11	0.000231731170972823	0.000280007466865783
BX.TRF.PWKR.DT.GD.ZS_delta2	1.79373293868449e-11	7.95624845929205e-05	0.000280007466865783
BM.GSR.TRVL.ZS_rank	1.77125234836445e-11	3.39118786789497e-05	9.33358222885944e-05
SE.PRM.ENRL.FE.ZS_lag2	1.75927722520379e-11	1.95645453917018e-05	9.33358222885944e-05
EN.GHG.CO2.TR.MT.CE.AR5_ratioavg2	1.75206082285439e-11	1.86950100409595e-05	9.33358222885944e-05
EN.GHG.ALL.MT.CE.AR5_ratiomax2	1.73020103876122e-11	0.000225209655842256	0.000186671644577189
TX.VAL.TRAN.ZS.WT_delta1	1.70059800920049e-11	0.000131734605637459	0.000280007466865783
EN.GHG.CH4.BU.MT.CE.AR5_ratiomax2	1.65686504632047e-11	9.34750502047973e-05	9.33358222885944e-05
NY.ADJ.AEDU.GN.ZS_delta1	1.60852398618223e-11	0.000112604827921128	0.000186671644577189
ER.FSH.CAPT.MT_ratioavg2	1.60821017876957e-11	2.17383837685575e-05	9.33358222885944e-05
TM.VAL.MRCH.R2.ZS_rank	1.56899857026848e-11	5.39111917460226e-05	0.000186671644577189
BM.GSR.TRAN.ZS	1.55227286991433e-11	3.43466463543209e-05	9.33358222885944e-05
FM.AST.PRVT.GD.ZS_lag1	1.50742031534498e-11	0.000133908444014314	9.33358222885944e-05
TM.VAL.MRCH.R6.ZS_lag1	1.4913431451186e-11	0.000170428928745491	0.000373343289154377
AG.LND.CROP.ZS_ratioavg2	1.48644386902491e-11	5.69545654736207e-05	0.000186671644577189
SP.POP.7074.MA.5Y	1.47735256556438e-11	0.000162168342913439	9.33358222885944e-05
DT.ODA.ALLD.CD_lag2	1.47441445507921e-11	0.000161298807562697	9.33358222885944e-05
FD.AST.PRVT.GD.ZS_ratioavg2	1.46435997969118e-11	3.52161817050632e-05	9.33358222885944e-05
SP.DYN.TO65.FE.ZS_delta1	1.45544245124344e-11	7.95624845929205e-05	0.000186671644577189
SE.SEC.ENRR.FE_lag2	1.40874690252434e-11	2.17383837685575e-05	9.33358222885944e-05
BM.KLT.DINV.CD.WD_rank	1.38898069570437e-11	5.56502624475072e-05	0.000186671644577189
SP.DYN.LE00.FE.IN_rank	1.38210837233036e-11	1.86950100409595e-05	9.33358222885944e-05
EN.URB.MCTY.TL.ZS_max2	1.34518627743571e-11	1.86950100409595e-05	9.33358222885944e-05
SE.PRM.TCHR_lag2	1.33123316742331e-11	8.13015552944051e-05	0.000186671644577189
NY.GDP.PCAP.CN_lag2	1.3164933305348e-11	0.00012477832283152	9.33358222885944e-05
SE.SEC.ENRL_lag2	1.29645335575614e-11	0.000161298807562697	9.33358222885944e-05
NY.GDP.MKTP.KN_lag1	1.27783927059588e-11	0.000121300181428551	9.33358222885944e-05
BM.KLT.DINV.WD.GD.ZS_isNA_rank	1.23669081608794e-11	7.69538785406936e-05	0.000186671644577189
SP.POP.1564.MA.IN_delta2	1.20230254333244e-11	0.000121300181428551	9.33358222885944e-05
BX.GRT.EXTA.CD.WD_avg2	1.18739705279858e-11	1.95645453917018e-05	9.33358222885944e-05
FI.RES.XGLD.CD_rank	1.15936383906243e-11	7.43452724884667e-05	0.000186671644577189
SP.DYN.AMRT.FE_delta2	1.15225907770236e-11	0.000151733918704531	0.000280007466865783
EN.GHG.N2O.IP.MT.CE.AR5	1.14642860339352e-11	1.82602423655883e-05	9.33358222885944e-05
NY.GDP.MKTP.KD.ZG_lag1	1.11301796527465e-11	6.26065452534456e-05	0.000280007466865783
NE.GDI.TOTL.ZS_delta2	1.09214213490948e-11	7.56495755145802e-05	0.000186671644577189
NY.GDP.MKTP.KN_lag2	1.08562119417898e-11	0.000146951474275449	0.000280007466865783
AG.PRD.LVSK.XD_tend2	1.08353664497383e-11	1.7390707014846e-05	9.33358222885944e-05
FM.LBL.BMNY.GD.ZS_max2	1.06430546939043e-11	4.0433393809517e-05	0.000186671644577189
BM.GSR.INSF.ZS_min2	1.05859234327845e-11	2.21731514439287e-05	9.33358222885944e-05
EN.GHG.N2O.IP.MT.CE.AR5_avg2	1.0467945996827e-11	5.86936361751053e-05	9.33358222885944e-05
SP.POP.4549.FE.5Y_delta1	1.04294956886469e-11	0.00012477832283152	0.000186671644577189
SE.PRM.ENRR.FE_lag2	1.02827743692395e-11	2.13036160931864e-05	9.33358222885944e-05
AG.LND.ARBL.HA.PC	9.96420004764484e-12	0.000233470241674308	0.000186671644577189
BM.GSR.TOTL.CD_min2	9.91206709880077e-12	0.000139125656118768	9.33358222885944e-05
BX.TRF.PWKR.CD.DT_min2	9.80394833540006e-12	2.78251312237536e-05	9.33358222885944e-05
FI.RES.XGLD.CD_delta2	9.47025314015708e-12	3.1738040302094e-05	9.33358222885944e-05
NY.ADJ.DNGY.CD_lag2	9.45706937951949e-12	0.000119995878402437	9.33358222885944e-05
NE.GDI.FTOT.CD_lag2	9.35607783917865e-12	0.000127386928883747	9.33358222885944e-05
IS.AIR.GOOD.MT.K1_min2	9.32994617131392e-12	0.000116952504674839	9.33358222885944e-05
NY.ADJ.DFOR.GN.ZS_isNA_rank	9.17476864494203e-12	0.000171733231771604	0.000373343289154377
FM.AST.DOMS.CN_min2	9.01084273706826e-12	0.000125647858182262	9.33358222885944e-05
EN.GHG.N2O.IC.MT.CE.AR5_delta2	8.90790473858158e-12	0.000123908787480778	0.000186671644577189
NY.ADJ.DFOR.CD_delta1	8.72717616649076e-12	0.000102605171387591	0.000280007466865783
SE.SEC.DURS_lag1	8.72429330355448e-12	0.000139560423794139	9.33358222885944e-05
BM.KLT.DINV.CD.WD_lag2	8.67088975008742e-12	4.99982826676823e-05	0.000186671644577189
BX.GSR.TRAN.ZS_min2	8.62893821471691e-12	1.7390707014846e-05	9.33358222885944e-05
SH.MMR.DTHS_delta2	8.34868117219129e-12	8.0866787619034e-05	9.33358222885944e-05
BM.TRF.PWKR.CD.DT_ratiomax2	8.01050743218842e-12	0.000143908100547851	9.33358222885944e-05
BX.GSR.NFSV.CD_min2	7.5753463197451e-12	0.000110865757219643	9.33358222885944e-05
MS.MIL.XPND.CD_max2	7.46448854173816e-12	2.08688484178152e-05	9.33358222885944e-05
FM.AST.PRVT.GD.ZS_ratioavg2	7.46407824580526e-12	6.17370099027033e-05	9.33358222885944e-05
EN.GHG.CO2.MT.CE.AR5	7.41877570072904e-12	9.47793532309108e-05	9.33358222885944e-05
TX.VAL.FUEL.ZS.UN_lag1	7.41236449302278e-12	6.6519454331786e-05	9.33358222885944e-05
TM.VAL.MRCH.AL.ZS_lag2	7.33654741170541e-12	8.43449290220032e-05	9.33358222885944e-05
NE.IMP.GNFS.CN_delta2	7.07990018557848e-12	0.000163037878264181	0.000186671644577189
SP.POP.65UP.TO_lag2	7.03474493763218e-12	1.86950100409595e-05	9.33358222885944e-05
NE.EXP.GNFS.ZS_rank	6.87052287797605e-12	5.04330503430534e-05	0.000186671644577189
MS.MIL.XPND.GD.ZS_lag2	6.65268705493823e-12	5.34764240706515e-05	0.000186671644577189
NE.GDI.FTOT.ZS_lag1	6.60121432876599e-12	2.17383837685575e-05	9.33358222885944e-05
NE.DAB.TOTL.CD_lag1	6.50070784543909e-12	0.000102605171387591	9.33358222885944e-05
EN.URB.LCTY_max2	6.03039967976828e-12	3.91290907834035e-05	9.33358222885944e-05
NV.SRV.TOTL.KD_lag1	5.98006366690796e-12	8.56492320481166e-05	9.33358222885944e-05
TM.VAL.INSF.ZS.WT_delta2	5.90321506067471e-12	2.6086060522269e-05	9.33358222885944e-05
FM.AST.DOMS.CN_rank	5.87449034031435e-12	6.43456159549302e-05	9.33358222885944e-05
FI.RES.XGLD.CD_isNA_rank	5.85842560801782e-12	0.000142169029846366	0.000280007466865783
NY.GDP.MINR.RT.ZS_delta1	5.80817325636724e-12	9.04316764771993e-05	9.33358222885944e-05
EN.GHG.N2O.MT.CE.AR5_lag1	5.63248471590544e-12	4.73896766154554e-05	9.33358222885944e-05
EN.GHG.CH4.PI.MT.CE.AR5_min2	5.62199324419843e-12	8.56492320481166e-05	9.33358222885944e-05
EN.GHG.CO2.BU.MT.CE.AR5	5.57596756366565e-12	4.26072321863727e-05	9.33358222885944e-05
DT.ODA.ODAT.PC.ZS_lag2	5.4563097834104e-12	8.13015552944051e-05	0.000186671644577189
FM.AST.NFRG.CN_isNA_rank	5.43344435152554e-12	0.00017390707014846	0.000186671644577189
EG.ELC.HYRO.ZS_ratioavg2	5.42582862265186e-12	3.26075756528363e-05	9.33358222885944e-05
NY.GDP.MKTP.CN	5.28779341165838e-12	8.52144643727455e-05	9.33358222885944e-05
TX.VAL.MRCH.RS.ZS_rank	5.25056962465126e-12	0.000102605171387591	0.000186671644577189
AG.PRD.CROP.XD_ratiomax2	5.18868647356895e-12	0.000143038565197108	9.33358222885944e-05
EN.GHG.CO2.BU.MT.CE.AR5_ratioavg2	5.15110924020098e-12	3.99986261341458e-05	0.000186671644577189
SP.DYN.IMRT.MA.IN_delta1	5.01263636537888e-12	0.000156951130808985	0.000186671644577189
SE.SEC.ENRR.MA_lag2	4.99793802534042e-12	8.60839997234878e-05	9.33358222885944e-05
DC.DAC.FRAL.CD_max2	4.99470238355294e-12	2.91294342498671e-05	9.33358222885944e-05
NE.IMP.GNFS.KD.ZG_delta2	4.89653752408599e-12	1.95645453917018e-05	9.33358222885944e-05
AG.LND.ARBL.HA.PC_rank	4.88728717532566e-12	8.73883027496012e-05	9.33358222885944e-05
BX.GSR.MRCH.CD	4.78535266634947e-12	6.82585250332706e-05	9.33358222885944e-05
EG.ELC.NGAS.ZS_lag2	4.77146713056419e-12	4.08681614848881e-05	9.33358222885944e-05
EN.GHG.CH4.FE.MT.CE.AR5_lag2	4.57012307912289e-12	6.69542220071572e-05	9.33358222885944e-05
TX.VAL.MRCH.CD.WT	4.49916858311866e-12	0.000134777979365057	9.33358222885944e-05
TX.VAL.MRCH.R4.ZS_lag1	4.43704657483247e-12	2.3042686794671e-05	9.33358222885944e-05
BX.GRT.TECH.CD.WD_rank	4.3716799133785e-12	4.56506059139708e-05	0.000186671644577189
EG.ELC.NGAS.ZS_rank	4.2693770503259e-12	0.000126952161208376	9.33358222885944e-05
EN.GHG.CO2.IC.MT.CE.AR5	4.23741579816519e-12	9.86922623092511e-05	9.33358222885944e-05
EN.GHG.CO2.RT.GDP.KD_ratioavg2	4.18960130301609e-12	6.60846866564148e-05	0.000186671644577189
EN.GHG.CO2.FE.MT.CE.AR5_avg2	4.11691829076746e-12	8.43449290220032e-05	9.33358222885944e-05
SP.POP.1564.MA.IN_lag2	4.10811116841619e-12	2.04340807424441e-05	9.33358222885944e-05
EN.GHG.CO2.FE.MT.CE.AR5	3.98705517794278e-12	0.000119126343051695	9.33358222885944e-05
SP.POP.4044.FE.5Y_rank	3.93256859006501e-12	3.04337372759805e-05	9.33358222885944e-05
IS.AIR.GOOD.MT.K1_rank	3.811827219141e-12	0.000118691575376324	9.33358222885944e-05
DT.ODA.ODAT.PC.ZS_max2	3.80013645509219e-12	2.43469898207844e-05	9.33358222885944e-05
NY.GNP.ATLS.CD_lag2	3.66456301969607e-12	7.2171434111611e-05	9.33358222885944e-05
BX.GSR.CMCP.ZS_isNA_rank	3.65970966826645e-12	7.65191108653225e-05	0.000186671644577189
AG.LND.ARBL.ZS_rank	3.63069157741395e-12	3.26075756528363e-05	9.33358222885944e-05
DC.DAC.CECL.CD_avg2	3.62890443157176e-12	9.69531916077665e-05	0.000186671644577189
NY.GNP.MKTP.CN_delta2	3.6151201347504e-12	0.000120430646077809	9.33358222885944e-05
FP.CPI.TOTL_ratioavg2	3.60848175125917e-12	7.86929492421782e-05	9.33358222885944e-05
NE.IMP.GNFS.ZS_delta2	3.57503484511586e-12	0.000101300868361478	9.33358222885944e-05
BX.GSR.TRVL.ZS_tend2	3.51720114133869e-12	1.91297777163306e-05	9.33358222885944e-05
TM.VAL.FOOD.ZS.UN_isNA_rank	3.34209155424857e-12	4.3476767537115e-05	9.33358222885944e-05
NY.ADJ.DFOR.CD_delta2	3.33460042717664e-12	0.000112604827921128	0.000186671644577189
BX.GSR.FCTY.CD_rank	3.31734808395722e-12	1.95645453917018e-05	9.33358222885944e-05
FM.AST.PRVT.GD.ZS_min2	3.29122442620831e-12	6.56499189810437e-05	0.000186671644577189
TX.VAL.MANF.ZS.UN_lag1	3.23261307368631e-12	5.56502624475072e-05	9.33358222885944e-05
BG.GSR.NFSV.GD.ZS_delta2	3.22297067425692e-12	3.1738040302094e-05	9.33358222885944e-05
SP.DYN.LE00.MA.IN_delta2	3.21519668996986e-12	5.17373533691669e-05	0.000186671644577189
SP.POP.65UP.TO_lag1	3.12583511467368e-12	4.52158382385996e-05	9.33358222885944e-05
FI.RES.TOTL.CD_delta2	3.0621354473245e-12	7.2171434111611e-05	0.000186671644577189
IT.MLT.MAIN_avg2	3.03173961654983e-12	5.17373533691669e-05	9.33358222885944e-05
BX.GSR.TOTL.CD_isNA_rank	2.98840488992833e-12	5.13025856937957e-05	9.33358222885944e-05
ER.FSH.CAPT.MT_delta2	2.91882835634947e-12	9.73879592831377e-05	9.33358222885944e-05
SP.URB.GROW_lag2	2.86175761610478e-12	8.47796966973743e-05	0.000186671644577189
EN.GHG.CO2.MT.CE.AR5_tend2	2.77385927759205e-12	0.000110865757219643	9.33358222885944e-05
SP.POP.7579.FE.5Y_lag2	2.64220100880936e-12	1.95645453917018e-05	9.33358222885944e-05
SP.POP.TOTL.FE.ZS_lag1	2.6207214382141e-12	0.000103474706738334	9.33358222885944e-05
SH.DTH.IMRT_delta2	2.58635492627326e-12	2.56512928468979e-05	9.33358222885944e-05
NY.GNP.MKTP.CN	2.48099119771044e-12	8.56492320481166e-05	9.33358222885944e-05
AG.LND.CROP.ZS_delta1	2.42919712126647e-12	0.000116952504674839	9.33358222885944e-05
FP.CPI.TOTL.ZG_lag1	2.41527064488919e-12	0.000101300868361478	9.33358222885944e-05
BX.TRF.PWKR.CD.DT	2.39201149356113e-12	9.52141209062819e-05	0.000186671644577189
BX.GSR.TRVL.ZS_max2	2.3697805296007e-12	4.0433393809517e-05	9.33358222885944e-05
SP.POP.80UP.MA.5Y_delta2	2.28409120303035e-12	1.82602423655883e-05	9.33358222885944e-05
NY.GDP.MKTP.KD_lag2	2.25171876492388e-12	5.56502624475072e-05	9.33358222885944e-05
NY.GDP.PCAP.CN_rank	2.22041189472556e-12	4.60853735893419e-05	9.33358222885944e-05
NE.CON.PRVT.KD_rank	2.10734821982128e-12	6.73889896825283e-05	9.33358222885944e-05
IS.AIR.DPRT_min2	2.08505695748892e-12	4.13029291602593e-05	9.33358222885944e-05
SP.DYN.CBRT.IN_lag2	2.0808912522527e-12	3.08685049513517e-05	9.33358222885944e-05
NY.ADJ.DMIN.CD_isNA_rank	2.0546437714633e-12	6.95628280593841e-05	0.000186671644577189
FI.RES.TOTL.CD_lag2	1.97140298154887e-12	4.56506059139708e-05	9.33358222885944e-05
NE.EXP.GNFS.ZS_isNA_rank	1.92101512543889e-12	2.65208281976402e-05	9.33358222885944e-05
IS.AIR.PSGR	1.8676839967691e-12	1.95645453917018e-05	9.33358222885944e-05
SP.POP.3034.MA.5Y_delta2	1.7695566847201e-12	5.08678180184246e-05	0.000186671644577189
DT.ODA.ALLD.KD_lag2	1.73613620083385e-12	2.21731514439287e-05	9.33358222885944e-05
NY.GNP.ATLS.CD_delta2	1.65952556179161e-12	1.86950100409595e-05	9.33358222885944e-05
EN.POP.DNST_max2	1.59622984903362e-12	3.99986261341458e-05	9.33358222885944e-05
SE.SEC.ENRR.FE_rank	1.57927821891252e-12	1.95645453917018e-05	9.33358222885944e-05
EN.GHG.CO2.PC.CE.AR5_avg2	1.35825653918211e-12	3.99986261341458e-05	9.33358222885944e-05
IS.AIR.DPRT	1.352320375845e-12	5.52154947721361e-05	9.33358222885944e-05
IT.CEL.SETS_min2	1.32798230641575e-12	4.78244442908265e-05	9.33358222885944e-05
NY.GDP.COAL.RT.ZS_lag2	1.25992613732142e-12	4.43463028878573e-05	0.000186671644577189
EN.GHG.N2O.FE.MT.CE.AR5_lag1	1.25346008257206e-12	1.86950100409595e-05	9.33358222885944e-05
BM.GSR.TRVL.ZS_max2	1.22322211783014e-12	4.39115352124862e-05	9.33358222885944e-05
EN.URB.MCTY.TL.ZS_lag2	1.21474430024064e-12	2.34774544700421e-05	9.33358222885944e-05
BX.GRT.EXTA.CD.WD_isNA_rank	1.20594418674072e-12	2.99989696006094e-05	9.33358222885944e-05
NE.CON.PRVT.KD.ZG_ratiomax2	1.13078004111482e-12	8.13015552944051e-05	9.33358222885944e-05
NE.TRD.GNFS.ZS_delta2	1.09264343465829e-12	1.95645453917018e-05	9.33358222885944e-05
DC.DAC.CECL.CD_lag2	1.01861650297654e-12	1.86950100409595e-05	9.33358222885944e-05
TX.VAL.MANF.ZS.UN_delta2	1.00141199794886e-12	4.912874731694e-05	9.33358222885944e-05
NV.AGR.TOTL.KD.ZG_delta1	9.93991293145238e-13	2.65208281976402e-05	9.33358222885944e-05
NE.CON.PRVT.ZS_ratioavg2	9.43450466073295e-13	3.1738040302094e-05	9.33358222885944e-05
TM.VAL.TRVL.ZS.WT_lag1	9.41833312689207e-13	4.56506059139708e-05	9.33358222885944e-05
NY.ADJ.DNGY.CD_rank	8.91127165726733e-13	2.82598988991248e-05	9.33358222885944e-05
FM.AST.PRVT.GD.ZS_delta2	5.84893540078913e-13	2.65208281976402e-05	9.33358222885944e-05
EG.USE.PCAP.KG.OE_rank	5.74483170794647e-13	2.17383837685575e-05	9.33358222885944e-05
SE.PRM.ENRR.MA_delta1	5.20537988870626e-13	2.82598988991248e-05	9.33358222885944e-05
SH.DYN.NMRT_delta1	5.1898274700678e-13	2.65208281976402e-05	9.33358222885944e-05
NY.GDP.PCAP.CN_delta1	5.06757085223328e-13	1.7390707014846e-05	9.33358222885944e-05
MS.MIL.XPND.GD.ZS_max2	4.93302315666938e-13	2.13036160931864e-05	9.33358222885944e-05
TM.VAL.SERV.CD.WT_delta2	4.70731478041919e-13	1.99993130670729e-05	9.33358222885944e-05
TX.VAL.MRCH.AL.ZS_rank	3.67894496015938e-13	2.21731514439287e-05	9.33358222885944e-05
TX.VAL.MRCH.CD.WT_lag2	3.4525476583223e-13	2.21731514439287e-05	9.33358222885944e-05
EN.GHG.CO2.RT.GDP.KD_lag1	2.70663593804046e-13	2.39122221454133e-05	9.33358222885944e-05
BM.GSR.TRVL.ZS_isNA_rank	2.39559646539994e-13	2.04340807424441e-05	9.33358222885944e-05
FM.LBL.BMNY.GD.ZS_lag2	2.22274164247628e-13	1.78254746902172e-05	9.33358222885944e-05
