Feature	Gain	Cover	Frequency
SP.RUR.TOTL.ZS_rank	0.178096224774756	0.000521728867941908	0.000296261183859691
NY.GDP.PCAP.KD	0.174916707262174	0.00210154786760416	0.00148130591929845
NE.CON.PRVT.PC.KD	0.155575043110424	0.000502538840615309	0.000474017894175505
SP.URB.TOTL.IN.ZS	0.154260611990333	0.00065701856059443	0.000711026841263258
SP.RUR.TOTL.ZS	0.0708828443323732	0.000885140010439375	0.000888783551579072
SP.URB.TOTL.IN.ZS_rank	0.0313441022201493	0.000104345773588382	5.92522367719382e-05
EN.URB.LCTY_min2	0.0265643242905866	0.000387878427338881	0.000592522367719381
NY.GDP.PCAP.CD	0.0238065577307725	0.000382601169824066	0.000237008947087753
NY.GNP.PCAP.CD	0.0203288153286869	0.00116795303816513	0.000770279078035196
SP.POP.2024.FE.5Y_rank	0.0131214503308612	0.0018928563204274	0.00118504473543876
SH.DTH.MORT_lag1	0.0127485742149031	0.00138408072093095	0.00112579249866682
NY.GDP.DEFL.ZS_lag1	0.0100926546597799	0.000383800546531978	0.000711026841263258
SH.DTH.NMRT_delta1	0.0100800336297413	0.000592492093708741	0.000829531314807134
TX.VAL.MRCH.R2.ZS	0.00984232554744674	0.00103650135097792	0.00171831486638621
EN.URB.LCTY_avg2	0.0051902622965862	4.07788080690227e-05	5.92522367719382e-05
MS.MIL.XPND.GD.ZS_max2	0.00502448263140523	0.000194778777364979	0.000533270130947443
SH.IMM.IDPT_rank	0.00492092051307167	0.000604006110104701	0.000592522367719381
FP.CPI.TOTL_rank	0.00431366232414612	0.000696358116613958	0.00136280144575458
SP.RUR.TOTL_rank	0.00397111223874573	0.000250909607295281	0.000414765657403567
NY.GDP.DEFL.ZS	0.00356083045671494	0.000337744480948141	0.000592522367719381
BG.GSR.NFSV.GD.ZS_max2	0.00351143280134155	0.000189261644508582	0.000296261183859691
DT.ODA.ODAT.GN.ZS	0.0029704257566966	0.0012888502103227	0.00112579249866682
TX.VAL.MRCH.RS.ZS_rank	0.00187584625865734	0.000562987426694096	0.000474017894175505
year	0.00171361730955244	0.00156062897233566	0.00148130591929845
SP.POP.80UP.MA.5Y_lag1	0.00158256190037253	0.000383800546531978	0.000355513420631629
BG.GSR.NFSV.GD.ZS	0.00157915266187341	0.000385479673923056	0.00065177460449132
DT.ODA.ODAT.GN.ZS_rank	0.00150654366403926	0.000896174276152169	0.000592522367719381
EN.GHG.CH4.WA.MT.CE.AR5_lag1	0.00139908461548506	5.08535724154871e-05	0.000118504473543876
FP.CPI.TOTL_max2	0.00139278737765053	0.000257146366176425	0.000414765657403567
SP.POP.4044.MA.5Y	0.00137593213642032	0.000939111962295434	0.000533270130947443
SP.POP.6064.FE.5Y_delta1	0.00137126682396996	0.000529165003530965	0.000829531314807134
SP.DYN.LE00.FE.IN_lag1	0.00122675019633878	0.00210946375387639	0.00130354920898264
MS.MIL.XPND.GD.ZS_lag1	0.00121717009139811	8.51557462617827e-05	0.000177756710315814
MS.MIL.XPND.GD.ZS_min2	0.00114952162198462	0.000139607448801007	0.000237008947087753
SP.POP.1564.MA.ZS_lag1	0.00110127650119682	0.000126654180355553	0.000118504473543876
NE.EXP.GNFS.ZS	0.00107026486478865	0.00208763509779238	0.00171831486638621
AG.PRD.CROP.XD_max2	0.00102867580668972	0.000308479689275078	0.000414765657403567
SP.POP.80UP.FE.5Y_lag1	0.00101465392597128	4.79750683164973e-05	0.000118504473543876
FP.CPI.TOTL_min2	0.00100385754715878	0.000187102766434339	0.000355513420631629
EN.GHG.CH4.WA.MT.CE.AR5	0.000963437000274512	4.96541957075747e-05	0.000118504473543876
BX.TRF.PWKR.DT.GD.ZS_max2	0.000961011629418281	0.000107464153028954	0.000237008947087753
EG.ELC.PETR.ZS_max2	0.000922407875912424	3.64610519205379e-05	0.000118504473543876
DT.ODA.ODAT.GN.ZS_max2	0.000884921718372257	0.000387398676655716	0.000296261183859691
EG.ELC.PETR.ZS_min2	0.000843022020068709	0.000340622985047131	0.000592522367719381
AG.LND.AGRI.ZS	0.000814163653699421	0.000771918849212441	0.000770279078035196
SH.IMM.MEAS	0.000776464023431454	0.000139367573459425	0.000118504473543876
SP.POP.0004.FE.5Y_rank	0.000762470357775916	0.00333906475482821	0.00189607157670202
AG.CON.FERT.ZS_avg2	0.000736938552679911	4.79750683164973e-05	0.000118504473543876
SP.DYN.LE00.MA.IN_lag1	0.000698436693824615	0.00197873169271393	0.00159981039284233
FM.AST.NFRG.CN	0.000677452258418163	0.00249638267984894	0.00231083723410559
SP.POP.4044.FE.5Y	0.000648032030932843	0.000913205425404526	0.000592522367719381
NY.ADJ.NNTY.PC.CD	0.000630596632305764	0.00119601845313028	0.00118504473543876
EN.GHG.CH4.PI.MT.CE.AR5_delta1	0.000625064563638126	0.0023311085694986	0.00148130591929845
SH.DYN.MORT.FE	0.000615510984473138	0.000807420399766649	0.00065177460449132
FM.AST.PRVT.GD.ZS_max2	0.000589487444959625	0.007341384829132	0.00462167446821118
TX.VAL.MANF.ZS.UN_lag1	0.000566534771818657	0.00639483673124751	0.0037328909166321
NV.IND.TOTL.CN_lag1	0.000555278149809675	0.000129772559796125	0.000177756710315814
SP.DYN.AMRT.FE_lag1	0.000548683722478564	0.00402534810709571	0.00266635065473722
SM.POP.RHCR.EO	0.000548533091297139	0.00047855130645706	0.000474017894175505
SE.TER.ENRR_lag1	0.000546709758444712	0.00215671919616814	0.00183681933993008
SP.POP.7579.MA.5Y	0.000530315369519901	2.39875341582486e-05	5.92522367719382e-05
SP.DYN.LE00.FE.IN	0.000526478241010877	0.000349018622002518	0.000414765657403567
SH.MMR.DTHS_lag1	0.000524596699942565	0.0112580694064908	0.00663625051845707
NE.TRD.GNFS.ZS_lag1	0.000501270593336961	0.000115380039301176	0.000355513420631629
BX.GSR.TRVL.ZS_max2	0.000501221946824351	0.000112021784519021	0.000118504473543876
IT.CEL.SETS.P2_min2	0.000469940964573955	0.000662535693450828	0.00094803578835101
SP.POP.1564.FE.ZS_rank	0.00046780991775488	2.39875341582486e-05	5.92522367719382e-05
DC.DAC.DEUL.CD_min2	0.000464931160408783	0.000185903389726427	0.000296261183859691
SP.POP.2529.MA.5Y_delta1	0.000459031924276902	0.00066661357425773	0.00094803578835101
AG.LND.AGRI.K2_min2	0.000448904034568389	0.0117750007676011	0.00669550275522901
DC.DAC.DEUL.CD	0.000446048162270943	0.000385719549264638	0.000414765657403567
AG.CON.FERT.ZS_lag1	0.000428543656659662	0.000236756962141914	0.000237008947087753
SP.POP.6064.MA.5Y_delta1	0.00039810977331118	0.00127301843777826	0.00100728802512295
NY.GDP.MKTP.KN_delta1	0.000391626871708049	0.00487930432312936	0.00284410736505303
NY.GDP.TOTL.RT.ZS_lag1	0.000390811354062864	0.00468020778961589	0.00319962078568466
FP.CPI.TOTL	0.000383241065634562	0.000377563787650834	0.00065177460449132
SE.SEC.ENRL	0.000369847010881535	0.000353576253492585	0.000711026841263258
SP.DYN.AMRT.MA	0.000366342826617409	0.00115236114096226	0.00094803578835101
EG.ELC.PETR.ZS_lag1	0.000364569510013997	2.85451656483159e-05	5.92522367719382e-05
NE.IMP.GNFS.CN	0.000360627143534509	0.000382841045165648	0.000533270130947443
SP.POP.65UP.MA.ZS_lag1	0.000354044238178269	0.000234358208726089	0.000355513420631629
IT.CEL.SETS.P2	0.000353315585221584	0.000795426632687525	0.000770279078035196
BX.GSR.GNFS.CD_avg2	0.000349330776101678	7.0523350425251e-05	0.000118504473543876
SP.RUR.TOTL	0.000343873997714661	0.00026914013325555	0.000533270130947443
DC.DAC.DEUL.CD_avg2	0.000342293684883578	0.000118738294083331	0.000118504473543876
NY.GSR.NFCY.CN	0.000340802286797826	0.0132411188553533	0.00847306985838715
AG.LND.ARBL.ZS	0.000335615757361684	6.23675888114465e-05	0.000118504473543876
ER.FSH.AQUA.MT_min2	0.00032908133933057	0.00572174652276705	0.0032588730224566
FP.CPI.TOTL_lag1	0.000326951491963126	2.68660382572385e-05	5.92522367719382e-05
EN.GHG.CH4.FE.MT.CE.AR5_max2	0.000316248718275618	1.84704013018515e-05	5.92522367719382e-05
EN.URB.MCTY.TL.ZS	0.000311927473687258	0.0137949910190672	0.00829531314807134
EG.ELC.PETR.ZS_avg2	0.000308984736195506	3.38224231631306e-05	5.92522367719382e-05
SP.POP.0004.MA.5Y_lag1	0.000295034401502576	0.00158533613251865	0.00112579249866682
NE.EXP.GNFS.KD	0.000290666522601107	0.00105281287420553	0.000770279078035196
EN.GHG.CH4.BU.MT.CE.AR5_min2	0.000288102931952677	0.00017558875003838	0.000177756710315814
FM.AST.DOMS.CN	0.000287493585494018	0.0198367312475053	0.0133317532736861
FI.RES.TOTL.MO_min2	0.000280288596099585	5.61308299303018e-05	0.000177756710315814
SP.POP.0014.MA.ZS_rank	0.000280182782675203	0.0039651393963585	0.00225158499733365
IT.CEL.SETS.P2_lag1	0.000276703570517851	0.000145364456998987	0.000177756710315814
TX.VAL.MRCH.R1.ZS	0.000272361970270414	0.00936689221345451	0.00799905196421165
SP.POP.2024.MA.5Y_rank	0.000271279950473492	0.000142965703583162	0.000177756710315814
SH.IMM.MEAS_rank	0.000267984858998577	0.000137688446068347	0.000177756710315814
SP.DYN.CDRT.IN_rank	0.000266948167488081	2.25482821087537e-05	5.92522367719382e-05
SP.POP.0004.FE.5Y_lag1	0.000266477156485547	0.00284588105253462	0.00183681933993008
SP.POP.80UP.MA.5Y	0.000263935565797334	0.000266981255181307	0.000177756710315814
SE.PRM.ENRR	0.000263925396240747	0.000123056050231816	0.000296261183859691
NE.CON.PRVT.ZS	0.000261745029576563	0.000892336270686849	0.000888783551579072
EN.URB.LCTY_ratioavg2	0.000260753073666175	2.59065368909085e-05	5.92522367719382e-05
AG.LND.PRCP.MM_min2	0.000260159467043145	0.000295766296171206	0.000355513420631629
SP.POP.5559.FE.5Y_rank	0.000259702760723373	2.01495286929289e-05	5.92522367719382e-05
SP.RUR.TOTL.ZG	0.000259628762691697	0.000373725782185514	0.000474017894175505
BM.GSR.FCTY.CD_min2	0.000252964476221675	2.11090300592588e-05	5.92522367719382e-05
EN.GHG.CH4.FE.MT.CE.AR5_lag1	0.000251999448205255	2.01495286929289e-05	5.92522367719382e-05
SP.POP.4044.MA.5Y_delta1	0.00024768041858608	0.00268468482299119	0.00254784618119334
BM.TRF.PWKR.CD.DT_min2	0.000246059672737612	0.000372766280819184	0.000533270130947443
AG.LND.AGRI.K2_ratioavg2	0.000241941472190475	0.00142677853173263	0.00118504473543876
NV.AGR.TOTL.CD_lag1	0.000237244389204629	0.000396034188952685	0.000296261183859691
NV.IND.MANF.KD	0.000234433018314932	0.000254507737419018	0.000474017894175505
BX.GRT.TECH.CD.WD	0.000234264973133222	0.000596569974515644	0.000770279078035196
SP.POP.6064.FE.5Y_rank	0.000229101886640662	0.000370847278086524	0.000414765657403567
NE.CON.TOTL.CD_avg2	0.000227578658718981	0.000152560717246461	0.000118504473543876
SP.POP.5054.MA.5Y	0.000221763424520061	0.000922800439067825	0.00065177460449132
SP.POP.1519.FE.5Y_delta1	0.000221215630685834	0.000183984386993767	0.000296261183859691
EN.GHG.N2O.PI.MT.CE.AR5_avg2	0.000219238874760306	0.000233158832018177	0.000177756710315814
SP.POP.5054.FE.5Y	0.000218869327966652	0.00413113313273358	0.00266635065473722
SP.POP.7074.FE.5Y_delta1	0.000216351855000104	0.00146587821241057	0.00154055815607039
SP.POP.1564.TO.ZS_lag1	0.00021612341919497	0.000287130783874236	0.000177756710315814
AG.LND.AGRI.ZS_max2	0.000214597639585491	0.000260984371641745	0.000237008947087753
NE.CON.PRVT.PC.KD_avg2	0.000208827266650366	4.05389327274402e-05	0.000118504473543876
SP.POP.65UP.MA.ZS	0.000207545883685979	0.000191420522582824	0.000118504473543876
EN.GHG.N2O.MT.CE.AR5_avg2	0.000201655998448629	1.91900273265989e-05	5.92522367719382e-05
SP.POP.5054.FE.5Y_lag1	0.000194771444083082	0.00261919885473917	0.00165906262961427
EN.GHG.CH4.TR.MT.CE.AR5_max2	0.000191570038299712	2.25482821087537e-05	5.92522367719382e-05
EN.GHG.N2O.PI.MT.CE.AR5_max2	0.00018961126321401	2.44672848414136e-05	5.92522367719382e-05
SP.POP.4549.FE.5Y_lag1	0.000188665135115181	0.00163211182412724	0.00118504473543876
DC.DAC.JPNL.CD_min2	0.000183985543190394	0.000108183779053701	0.000118504473543876
NE.EXP.GNFS.CN_delta1	0.000181892205766601	0.000346859743928275	0.000592522367719381
IT.CEL.SETS.P2_avg2	0.000180028005632662	0.000315675949522552	0.000355513420631629
NY.GDP.PCAP.KD_delta1	0.000172596740856197	0.00321792770732906	0.00237008947087753
FD.AST.PRVT.GD.ZS	0.000169860600328685	0.0165909780005527	0.0119096995911596
EG.ELC.NUCL.ZS_tend2	0.000169827436875472	0.00295742308637047	0.00219233276056171
EN.GHG.N2O.PI.MT.CE.AR5	0.000168438060117102	0.00340311147103074	0.00207382828701784
ER.FSH.AQUA.MT	0.000168286294087924	0.000227161948478615	0.000177756710315814
SP.DYN.LE00.MA.IN	0.000167306714250198	0.00695734440725844	0.00402915210049179
SP.POP.0004.MA.5Y_rank	0.000166676427526433	0.00354775630200497	0.0020145760502459
TX.VAL.MRCH.R6.ZS_lag1	0.000165470838637954	0.000549314532223894	0.00118504473543876
NE.CON.PRVT.ZS_min2	0.000163920155991985	0.00110582532469526	0.000711026841263258
SP.POP.65UP.TO.ZS	0.00015786343943044	0.000270579385305045	0.000296261183859691
SP.POP.1564.FE.ZS_lag1	0.000155569626144398	0.00125622716386748	0.00100728802512295
AG.LND.AGRI.K2	0.000153418238370111	0.000124735177622893	0.000118504473543876
SP.DYN.AMRT.FE	0.000152633580049723	0.000382361294482483	0.000414765657403567
SE.SEC.ENRL_delta1	0.000152510625532857	0.000558429795204028	0.000592522367719381
EN.URB.LCTY_tend2	0.000144538954938587	3.38224231631306e-05	0.000118504473543876
SM.POP.RHCR.EO_lag1	0.000141060320897211	0.000454084021615647	0.000592522367719381
SP.POP.5559.FE.5Y_lag1	0.00013915089362531	0.00104057923178483	0.000711026841263258
TX.VAL.MRCH.HI.ZS_lag1	0.000137688766326705	0.000264822377107065	0.000414765657403567
SP.POP.7074.MA.5Y_lag1	0.000135843279054003	0.000223323943013295	0.000296261183859691
SP.URB.TOTL_delta1	0.000132171106130607	6.81245970094261e-05	0.000118504473543876
TM.VAL.MANF.ZS.UN	0.000127410951185911	0.000443289631244435	0.000533270130947443
SH.DTH.MORT	0.000125591300667715	0.00139415548527741	0.0012442969722107
SP.POP.DPND.OL	0.000125423454801161	0.000309439190641407	0.000296261183859691
SP.DYN.TO65.FE.ZS_lag1	0.000123026697837042	0.00126054492001597	0.000829531314807134
SH.DYN.MORT.MA_lag1	0.0001228073143543	0.0109958856581412	0.00681400722877289
SP.POP.0014.FE.ZS_lag1	0.000120372388133797	0.000210370674567841	0.000237008947087753
SP.POP.3034.FE.5Y_delta1	0.000120178218495852	0.00192595911756578	0.00183681933993008
BM.TRF.PWKR.CD.DT_max2	0.000111935732549947	0.0033858404464368	0.0020145760502459
EG.USE.PCAP.KG.OE	0.000110134833443892	0.000880102628266143	0.00094803578835101
FM.AST.DOMS.CN_lag1	0.000109808539862368	0.00296030159046946	0.00177756710315814
TM.VAL.AGRI.ZS.UN	0.000108853893849552	0.00013504981731094	0.000296261183859691
IS.AIR.GOOD.MT.K1	0.000107077439229589	0.00587958449752833	0.00462167446821118
IT.MLT.MAIN.P2_min2	0.000104365015130992	0.00017271024593939	0.000118504473543876
AG.LND.AGRI.ZS_min2	0.000102890166130806	8.75544996776075e-05	5.92522367719382e-05
AG.LND.AGRI.ZS_avg2	0.000100262913901016	8.75544996776075e-05	5.92522367719382e-05
SH.DTH.MORT_delta1	0.0001002291417438	0.00132363213485216	0.00148130591929845
DC.DAC.FRAL.CD_rank	0.000100102655581145	0.00320953207037367	0.0020145760502459
NY.GDP.FCST.CD	9.95713561327434e-05	0.000711710138475237	0.00065177460449132
Country_Name	9.68098112245361e-05	6.78847216678437e-05	5.92522367719382e-05
DC.DAC.DEUL.CD_rank	9.54864112723231e-05	0.00417407081887685	0.00272560289150915
SP.RUR.TOTL.ZS_delta1	9.47502408045721e-05	0.00166041711443397	0.00142205368252652
EG.USE.ELEC.KH.PC_tend2	9.44137153656062e-05	0.00174173485523043	0.00177756710315814
NE.CON.TOTL.KD.ZG_min2	9.28958172417435e-05	3.47819245294605e-05	0.000118504473543876
SP.DYN.TO65.FE.ZS	9.27582614376306e-05	0.00356718620467316	0.00225158499733365
SP.DYN.TO65.MA.ZS_lag1	9.23180164746805e-05	0.000468476542110596	0.000533270130947443
TX.VAL.MRCH.R6.ZS	8.30275166671526e-05	0.000619837882649145	0.000888783551579072
NE.CON.PRVT.ZS_avg2	8.27371248071111e-05	0.00097053563204274	0.00065177460449132
BX.GSR.CMCP.ZS_avg2	8.19533751613155e-05	0.000632551275753017	0.000888783551579072
FM.AST.NFRG.CN_min2	7.97221051991541e-05	0.000329348843992754	0.000533270130947443
BX.KLT.DINV.WD.GD.ZS_avg2	7.90161300518377e-05	0.00116507453406614	0.00118504473543876
year_cycle_lag1	7.7985591928984e-05	0.000421221099818846	0.000474017894175505
SM.POP.NETM_lag1	7.43881944593643e-05	0.000114660413276429	0.000177756710315814
SH.MMR.RISK	7.43670808273241e-05	0.00687626654180356	0.00402915210049179
TM.VAL.SERV.CD.WT	7.14437239372921e-05	5.30124504897295e-05	5.92522367719382e-05
IT.CEL.SETS.P2_tend2	7.08715884561385e-05	0.00125670691455065	0.00118504473543876
AG.YLD.CREL.KG_lag1	7.06761628003479e-05	0.0094738766158003	0.00598447591396575
SP.POP.2529.MA.5Y_rank	6.89167210300154e-05	0.000193339525315484	0.000237008947087753
IT.MLT.MAIN_tend2	6.86642992903082e-05	0.00396322039362584	0.00308111631214078
SP.POP.4549.MA.5Y_lag1	6.69526274685468e-05	0.00049294382695201	0.000355513420631629
SP.POP.DPND.YG_lag1	6.65939055772023e-05	0.0015107349012865	0.00094803578835101
BX.GSR.TRVL.ZS_min2	6.58894478779331e-05	0.000125934554330805	0.000118504473543876
TM.VAL.INSF.ZS.WT	6.55898297618871e-05	0.000173909622647303	0.000296261183859691
year_cycle	6.54406166001434e-05	0.00129388759249593	0.00112579249866682
SP.POP.65UP.MA.ZS_delta1	6.52604105614066e-05	0.000946068347201326	0.000829531314807134
MS.MIL.MPRT.KD	6.51040280381754e-05	0.00107752003438853	0.00118504473543876
BM.KLT.DINV.WD.GD.ZS_avg2	6.49695037562203e-05	0.000645504544198471	0.000829531314807134
NE.CON.TOTL.KD.ZG_max2	6.48354727850213e-05	0.000482869062605545	0.000414765657403567
SP.DYN.AMRT.MA_rank	6.46352518143517e-05	0.00427817671712365	0.00242934170764946
EG.ELC.HYRO.ZS	6.45843011019323e-05	0.000246351975805214	0.000592522367719381
SP.POP.0509.MA.5Y	6.27647762919409e-05	0.000477351929749148	0.000296261183859691
SE.ENR.PRIM.FM.ZS_lag1	6.17692210707251e-05	0.00105425212625503	0.00112579249866682
NE.CON.PRVT.ZS_lag1	6.01112147526526e-05	8.53956216033652e-05	5.92522367719382e-05
SP.POP.1014.FE.5Y	5.87837878771944e-05	0.00125214928306058	0.000711026841263258
SH.DYN.MORT	5.85920371596205e-05	0.000392915809512113	0.000355513420631629
AG.LND.TOTL.K2_tend2	5.82707134449177e-05	0.000576660321164297	0.000355513420631629
SH.MMR.RISK_rank	5.79320193209964e-05	9.64298873161595e-05	5.92522367719382e-05
TM.VAL.MRCH.OR.ZS	5.79290109275231e-05	9.64298873161595e-05	5.92522367719382e-05
NE.RSB.GNFS.ZS_lag1	5.64236869796667e-05	0.000766641591697627	0.000770279078035196
NE.DAB.TOTL.CD_min2	5.61790718209029e-05	5.70903312966318e-05	0.000177756710315814
DC.DAC.CANL.CD_max2	5.57382466952625e-05	0.000179666630845282	0.000414765657403567
SP.DYN.IMRT.MA.IN	5.54110086895429e-05	0.00113652936841782	0.000711026841263258
AG.YLD.CREL.KG_max2	5.50392609765131e-05	0.000537800515827935	0.00065177460449132
SP.POP.1519.MA.5Y_lag1	5.41686381482559e-05	0.00133226764714913	0.0012442969722107
AG.PRD.FOOD.XD_avg2	5.40986641662683e-05	0.00012353580091498	0.000237008947087753
BX.KLT.DINV.WD.GD.ZS_min2	5.22298530572615e-05	7.72398599895606e-05	0.000177756710315814
FM.AST.PRVT.GD.ZS	5.01080910445459e-05	0.00392196183487365	0.00278485512828109
SP.POP.5559.FE.5Y_delta1	4.79797909786012e-05	0.00088466025975621	0.000711026841263258
SP.POP.5559.MA.5Y_lag1	4.66480467037015e-05	0.00365354132764285	0.00213308052378977
NY.GDP.TOTL.RT.ZS_rank	4.57685686611638e-05	0.000361492139764807	0.000474017894175505
SE.SEC.ENRL.GC_delta1	4.48422757542562e-05	0.00422876239675765	0.00462167446821118
SH.DYN.MORT.FE_lag1	4.4573874477285e-05	0.000503498341981639	0.000355513420631629
EN.GHG.CH4.PI.MT.CE.AR5_tend2	4.36273397164239e-05	0.00310326729405263	0.00219233276056171
NY.GDP.FCST.CN_delta1	4.27908537101547e-05	9.73893886824895e-05	0.000296261183859691
NE.RSB.GNFS.CD_lag1	4.23716829963569e-05	0.000416903343670361	0.000474017894175505
SP.POP.7579.FE.5Y_delta1	4.19544362720255e-05	0.0017709996469035	0.00130354920898264
TX.VAL.MRCH.R3.ZS_rank	4.15912507462621e-05	0.000561788049986183	0.000888783551579072
EN.GHG.CO2.PC.CE.AR5	4.14038450073795e-05	5.39719518560594e-05	5.92522367719382e-05
SH.DYN.MORT_lag1	4.08427644817016e-05	0.000384999923239891	0.000237008947087753
NE.GDI.FTOT.ZS	3.9675514910144e-05	0.000202694663637201	0.000296261183859691
DT.ODA.ODAT.CD_max2	3.81296912661559e-05	5.39719518560594e-05	5.92522367719382e-05
FS.AST.PRVT.GD.ZS_min2	3.6850564794145e-05	0.0082466743682643	0.00551045801979025
SP.ADO.TFRT	3.63830968435977e-05	0.00839827558414443	0.00562896249333412
SP.POP.TOTL.MA.ZS_lag1	3.63818577362598e-05	0.000471115170868003	0.000474017894175505
NE.CON.PRVT.PC.KD_tend2	3.62435767344026e-05	0.00178491241671528	0.00118504473543876
BX.GSR.FCTY.CD_tend2	3.62362892228036e-05	0.0010902334274924	0.00094803578835101
NY.GDP.PCAP.CD_lag1	3.59598966539827e-05	0.000190221145874912	0.000177756710315814
SP.POP.4549.FE.5Y	3.5531324223347e-05	0.000543317648684332	0.000592522367719381
MS.MIL.XPND.GD.ZS_avg2	3.53127128576381e-05	0.000159996852835518	0.000237008947087753
SP.POP.2024.MA.5Y	3.42627124717848e-05	0.000912006048696613	0.00094803578835101
EG.ELC.HYRO.ZS_tend2	3.42155052792702e-05	0.000260984371641745	0.000355513420631629
EN.POP.DNST_tend2	3.35463144525751e-05	0.000333906475482821	0.000414765657403567
SP.URB.GROW	3.34644657418088e-05	0.00137040782646075	0.000829531314807134
EG.ELC.PETR.ZS_ratioavg2	3.27283918240317e-05	0.000842442199637692	0.00112579249866682
NE.GDI.TOTL.ZS	3.23909730683343e-05	4.05389327274402e-05	0.000118504473543876
SP.POP.5559.MA.5Y_delta1	3.23635606556066e-05	0.0017750775277104	0.0012442969722107
YearsSinceFirst_lag1	3.21125484216334e-05	0.000339183732997636	0.000237008947087753
DT.NFL.UNDP.CD_ratiomax2	3.17149725283462e-05	0.00150329876569744	0.00219233276056171
DT.ODA.ODAT.PC.ZS	3.13468476847028e-05	0.000428177484724738	0.000474017894175505
NV.IND.MANF.ZS_isNA_rank	3.10536840589194e-05	0.000795666508029107	0.00094803578835101
NV.SRV.TOTL.ZS	3.05399274227562e-05	0.00160188753108784	0.00159981039284233
SG.LAW.INDX_rank	3.04639957807895e-05	2.49470355245786e-05	5.92522367719382e-05
NY.GNP.PCAP.CD_delta1	3.01384184850176e-05	0.00331603672203629	0.00242934170764946
IT.CEL.SETS_ratioavg2	2.9996962141872e-05	0.00114444525469004	0.00154055815607039
NY.GSR.NFCY.CN_lag1	2.98416741176899e-05	0.00116267578065031	0.00118504473543876
NE.IMP.GNFS.ZS_delta1	2.9170706495795e-05	0.000504697718689551	0.000474017894175505
NE.IMP.GNFS.KD_delta1	2.89828617115883e-05	0.000248990604562621	0.000177756710315814
AG.LND.AGRI.K2_max2	2.89050963769488e-05	0.00246879701556695	0.00159981039284233
TX.VAL.MRCH.HI.ZS	2.86130150583732e-05	0.000556270917129786	0.00065177460449132
NE.CON.PRVT.PC.KD_delta1	2.82838750071566e-05	0.000227881574503362	0.000177756710315814
TM.VAL.MRCH.R4.ZS	2.74700367023357e-05	9.7629264024072e-05	0.000177756710315814
NE.GDI.TOTL.CD_lag1	2.72780061398358e-05	1.7271024593939e-05	5.92522367719382e-05
NY.GDP.FCST.CN_isNA_rank	2.70614450640347e-05	0.00256354777549203	0.0020145760502459
NE.IMP.GNFS.CD_delta1	2.68957869591808e-05	0.000214688430716325	0.000296261183859691
TX.VAL.FUEL.ZS.UN_delta1	2.65533703193266e-05	0.000228841075869692	0.000474017894175505
SP.POP.2529.MA.5Y	2.61801894219008e-05	0.00210946375387639	0.00183681933993008
AG.PRD.CROP.XD	2.61799949845824e-05	0.000607364364886856	0.000711026841263258
NV.SRV.TOTL.ZS_rank	2.587276874094e-05	0.000196218029414474	0.000237008947087753
AG.PRD.CROP.XD_avg2	2.49605578601623e-05	0.000427457858699991	0.000533270130947443
TM.VAL.FOOD.ZS.UN	2.48877359497149e-05	0.000239635466240904	0.000355513420631629
SP.POP.6569.FE.5Y_delta1	2.40229096914665e-05	0.000188302143142252	0.000237008947087753
TM.VAL.FUEL.ZS.UN_rank	2.38935826634821e-05	0.000237956338849827	0.000296261183859691
SP.POP.2024.MA.5Y_lag1	2.35226560342385e-05	0.00463175297061623	0.00302186407536885
EN.GHG.CH4.FE.MT.CE.AR5_rank	2.28772436192212e-05	0.000148482836439559	0.000237008947087753
TM.VAL.MRCH.R5.ZS_delta1	2.28768981895347e-05	0.00048238931192238	0.000888783551579072
AG.LND.CROP.ZS_min2	2.27510664988374e-05	4.14984340937701e-05	5.92522367719382e-05
TM.VAL.MRCH.R1.ZS_lag1	2.27399130209081e-05	0.000219485937547975	0.000414765657403567
SP.URB.GROW_lag1	2.20813362296746e-05	0.00127133931038718	0.00136280144575458
EN.GHG.CH4.FE.MT.CE.AR5_ratioavg2	2.16860311743447e-05	0.000580978077312782	0.00065177460449132
FM.AST.NFRG.CN_avg2	2.15596205979415e-05	6.33270901777764e-05	0.000118504473543876
EN.GHG.ALL.MT.CE.AR5_tend2	2.14774773889045e-05	0.00111733934109122	0.00154055815607039
SH.DYN.MORT.MA	2.12619511371642e-05	0.00129772559796125	0.000888783551579072
BX.GSR.FCTY.CD	2.04593603175777e-05	0.000189741395191747	0.000355513420631629
SP.DYN.CDRT.IN	2.0355572219767e-05	7.48411065737358e-05	0.000118504473543876
NY.ADJ.DKAP.GN.ZS	2.02692241195334e-05	0.000207252295127268	0.000414765657403567
SP.DYN.IMRT.FE.IN_lag1	1.99957685897059e-05	0.00360964414013326	0.00207382828701784
TX.VAL.FOOD.ZS.UN_rank	1.98372072476258e-05	4.14984340937701e-05	5.92522367719382e-05
EG.ELC.NUCL.ZS_ratioavg2	1.96312598142053e-05	0.00198376907488716	0.00177756710315814
DT.ODA.ODAT.KD_rank	1.95933401736687e-05	0.00394546961834874	0.00242934170764946
TM.VAL.MRCH.WR.ZS	1.95867618198214e-05	0.000776236605360926	0.000888783551579072
SH.DTH.IMRT_delta1	1.93399489849232e-05	0.000810298903865639	0.000829531314807134
IS.AIR.GOOD.MT.K1_avg2	1.90494418394489e-05	0.000642146289416316	0.00065177460449132
MS.MIL.MPRT.KD_tend2	1.87958532668376e-05	0.00247335464705702	0.00237008947087753
AG.LND.AGRI.K2_ratiomax2	1.86638689247289e-05	0.000295526420829623	0.000177756710315814
EN.GHG.ALL.MT.CE.AR5_delta1	1.82449434271466e-05	0.000277535770210937	0.000237008947087753
IT.CEL.SETS.P2_delta1	1.77344939735718e-05	0.000332227348091744	0.000237008947087753
EG.ELC.NUCL.ZS_max2	1.76106487781092e-05	0.000213009303325248	0.000237008947087753
BX.GSR.NFSV.CD_max2	1.73968105764762e-05	1.7271024593939e-05	5.92522367719382e-05
SH.DYN.NMRT_lag1	1.71622575636939e-05	0.000209171297859928	0.000237008947087753
FM.AST.DOMS.CN_ratioavg2	1.70459314820554e-05	0.000469915794160091	0.000770279078035196
NE.TRD.GNFS.ZS_delta1	1.69061150679808e-05	0.000184464137676932	0.000355513420631629
NV.SRV.TOTL.KD.ZG_rank	1.67871283437574e-05	0.000344940741195616	0.000296261183859691
NV.SRV.TOTL.ZS_lag1	1.66147622368602e-05	0.000508775599496454	0.000592522367719381
EG.ELC.NUCL.ZS_rank	1.64085182078733e-05	0.000241314593631981	0.000355513420631629
NY.GDP.TOTL.RT.ZS	1.63469928071635e-05	0.000188781893825417	0.000177756710315814
NV.IND.TOTL.KD_delta1	1.63113908225452e-05	0.000418102720378274	0.000711026841263258
NY.ADJ.DMIN.GN.ZS	1.61253716276393e-05	5.49314532223894e-05	0.000118504473543876
SP.URB.TOTL.IN.ZS_delta1	1.61095200188082e-05	3.28629217968006e-05	5.92522367719382e-05
SP.POP.1519.FE.5Y	1.59904415681475e-05	0.000461040406521539	0.000474017894175505
BM.GSR.FCTY.CD_ratioavg2	1.59094310538233e-05	0.000672610457797292	0.00065177460449132
NE.EXP.GNFS.KD.ZG_lag1	1.58979631485066e-05	0.000497021707758912	0.000829531314807134
NE.GDI.TOTL.ZS_delta1	1.58786992845896e-05	0.000360052887715312	0.000414765657403567
NY.GDP.PCAP.KD.ZG_delta1	1.55462564846818e-05	0.000405869077957567	0.000414765657403567
IT.MLT.MAIN.P2_tend2	1.55041981009463e-05	0.00331435759464521	0.00260709841796528
IT.MLT.MAIN.P2_rank	1.53602436598644e-05	0.000520529491233996	0.000355513420631629
SE.TER.ENRR_delta1	1.53583038634789e-05	0.000613121373084835	0.000829531314807134
NY.GDP.FCST.CN	1.52454054283438e-05	0.000264822377107065	0.000414765657403567
BX.KLT.DINV.WD.GD.ZS_max2	1.51610505491177e-05	0.000297445423562283	0.000711026841263258
EN.GHG.CH4.BU.MT.CE.AR5_tend2	1.5146522108282e-05	0.000288809911265314	0.000533270130947443
DC.DAC.DEUL.CD_isNA_rank	1.49286459343255e-05	0.00222100578771224	0.00171831486638621
SE.PRM.ENRL.FE.ZS_delta1	1.48318426117366e-05	0.00232894969142436	0.00219233276056171
AG.LND.TOTL.K2_ratioavg2	1.47401028431411e-05	0.000192380023949154	0.000118504473543876
SP.URB.TOTL.IN.ZS_lag1	1.47031373823203e-05	0.00108135803985385	0.00106654026189489
DC.DAC.CECL.CD_tend2	1.41441701749637e-05	0.0016038065338205	0.00207382828701784
SP.POP.0014.MA.IN_delta1	1.40672535894965e-05	0.000120657296815991	0.000177756710315814
SP.POP.3539.FE.5Y_delta1	1.40420087340827e-05	0.00102978484141361	0.00130354920898264
SP.DYN.CBRT.IN	1.40100700946993e-05	0.00247383439774018	0.00177756710315814
SP.POP.7579.MA.5Y_delta1	1.38030649347634e-05	0.00110726457674476	0.00094803578835101
BM.GSR.INSF.ZS_max2	1.37529714283006e-05	0.000110822407811109	0.000296261183859691
BM.KLT.DINV.CD.WD_tend2	1.35592047370115e-05	0.000289289661948479	0.000474017894175505
IS.AIR.DPRT_ratioavg2	1.34942942169032e-05	0.000321672833062114	0.000533270130947443
NE.CON.GOVT.ZS_min2	1.33102729125407e-05	0.000291928290705886	0.000296261183859691
NY.ADJ.DKAP.GN.ZS_isNA_rank	1.32866275700074e-05	0.000513573106328103	0.000533270130947443
EN.GHG.CO2.FE.MT.CE.AR5	1.3238250735331e-05	3.26230464552182e-05	5.92522367719382e-05
EN.GHG.N2O.BU.MT.CE.AR5_ratioavg2	1.30900157764846e-05	0.000150401839172219	0.000355513420631629
EN.GHG.CO2.PI.MT.CE.AR5_min2	1.30862319692998e-05	2.5666661549326e-05	5.92522367719382e-05
PA.NUS.FCRF	1.3070907775759e-05	0.000165034235008751	0.000177756710315814
NE.CON.TOTL.KD_tend2	1.29600036153694e-05	9.23520065092573e-05	0.000118504473543876
BX.GSR.FCTY.CD_delta1	1.2929849860955e-05	0.000260264745616998	0.000296261183859691
AG.PRD.LVSK.XD_avg2	1.29285166930271e-05	6.02087107372041e-05	0.000118504473543876
MS.MIL.MPRT.KD_delta1	1.27960249796164e-05	0.00039843294236851	0.000414765657403567
NV.IND.MANF.CD	1.27797150019365e-05	0.000104345773588382	0.000118504473543876
TX.VAL.FOOD.ZS.UN_delta1	1.24570520727694e-05	0.00079686588473702	0.00094803578835101
EG.ELC.FOSL.ZS_tend2	1.23859405594681e-05	8.0358239430133e-05	0.000177756710315814
NY.ADJ.DMIN.CD	1.2302473481993e-05	9.95482667567319e-05	0.000177756710315814
BM.GSR.TRVL.ZS_ratioavg2	1.20012887037249e-05	0.000365809895913292	0.000592522367719381
TM.VAL.TRVL.ZS.WT_delta1	1.18554948223414e-05	0.000425059105284166	0.00065177460449132
EG.ELC.NGAS.ZS_max2	1.18538062304539e-05	2.32679081335012e-05	5.92522367719382e-05
BX.TRF.CURR.CD	1.16447722017532e-05	0.000169351991157235	0.000355513420631629
TX.VAL.MRCH.WR.ZS_delta1	1.13546611193662e-05	0.000365090269888544	0.00094803578835101
MS.MIL.MPRT.KD_min2	1.13497268097532e-05	0.000291208664681139	0.000533270130947443
TM.VAL.SERV.CD.WT_delta1	1.12168495826619e-05	0.000465118287328441	0.000355513420631629
AG.PRD.CROP.XD_tend2	1.12030981215171e-05	0.00125430816113482	0.00136280144575458
SP.POP.3034.MA.5Y_delta1	1.11543014868988e-05	0.0025640275261752	0.00337737749600047
BX.PEF.TOTL.CD.WD_lag1	1.11205074329014e-05	0.000244912723755719	0.000355513420631629
TM.VAL.INSF.ZS.WT_isNA_rank	1.11158020488053e-05	0.00160476603518683	0.00118504473543876
SE.TER.ENRR_isNA_rank	1.0973050181895e-05	0.000173189996622555	0.000355513420631629
FS.AST.PRVT.GD.ZS	1.08983677086774e-05	0.00159397164481562	0.00154055815607039
SP.POP.2529.MA.5Y_lag1	1.07206604417132e-05	0.00030871956461666	0.000237008947087753
PA.NUS.FCRF_lag1	1.06498411109883e-05	0.000661336316742915	0.000592522367719381
EN.GHG.CO2.PI.MT.CE.AR5_avg2	1.04656284909915e-05	2.6626162915656e-05	5.92522367719382e-05
SP.POP.5054.MA.5Y_lag1	1.03965855783915e-05	0.00321384982652215	0.00237008947087753
MS.MIL.MPRT.KD_ratioavg2	1.0249287890209e-05	0.00168920215542387	0.00159981039284233
MS.MIL.XPND.GD.ZS	1.02154634846703e-05	0.000208211796493598	0.000355513420631629
FM.AST.DOMS.CN_isNA_rank	1.0148739244903e-05	0.000310158816666155	0.000533270130947443
NY.GDP.COAL.RT.ZS	1.00370687073375e-05	3.47819245294605e-05	5.92522367719382e-05
TX.VAL.MRCH.R3.ZS_delta1	9.97580319579722e-06	0.00178683141944794	0.00225158499733365
SP.POP.1519.MA.5Y	9.95031507434423e-06	0.000168632365132488	0.000237008947087753
EN.GHG.N2O.FE.MT.CE.AR5_ratioavg2	9.84354186047666e-06	0.00129148883908011	0.00118504473543876
IT.CEL.SETS_avg2	9.7347443443099e-06	2.49470355245786e-05	5.92522367719382e-05
BX.PEF.TOTL.CD.WD_isNA_rank	9.54486257009951e-06	0.000163115232276091	0.000414765657403567
IT.CEL.SETS.P2_max2	9.39788790408093e-06	0.000330788096042249	0.000592522367719381
BX.TRF.CURR.CD_lag1	9.38175223277432e-06	7.58006079400657e-05	0.000177756710315814
EN.GHG.CO2.MT.CE.AR5	9.31596688708391e-06	2.30280327919187e-05	5.92522367719382e-05
NY.GDP.PCAP.CD_delta1	9.08618935933223e-06	0.000433454742239553	0.000474017894175505
EG.ELC.HYRO.ZS_min2	8.8496247537965e-06	0.000327189965918512	0.000711026841263258
NY.GDP.DEFL.KD.ZG_lag1	8.84355223963462e-06	0.00195714291197151	0.00213308052378977
NV.SRV.TOTL.KD.ZG	8.84041289239849e-06	0.000145604332340569	0.000237008947087753
FS.AST.CGOV.GD.ZS_tend2	8.81095407875008e-06	0.000805021646350824	0.00100728802512295
EG.ELC.HYRO.ZS_avg2	8.73954313263352e-06	0.000140566950167337	0.000296261183859691
BM.GSR.MRCH.CD_tend2	8.68522934861595e-06	0.000404909576591237	0.000296261183859691
AG.CON.FERT.ZS_min2	8.6822358335424e-06	3.88598053363628e-05	0.000118504473543876
NE.RSB.GNFS.CD_delta1	8.62760176058699e-06	0.000668292701648807	0.00100728802512295
NY.GDP.DEFL.ZS_delta1	8.62338451576384e-06	0.000201015536246124	0.000296261183859691
TM.VAL.MRCH.R3.ZS_lag1	8.60807757272512e-06	0.000152320841904879	0.000355513420631629
EN.GHG.ALL.PC.CE.AR5	8.56084498238253e-06	3.02242930393933e-05	5.92522367719382e-05
SP.DYN.LE00.IN	8.47470801435903e-06	7.19626024747459e-05	5.92522367719382e-05
SE.SEC.ENRR.MA_lag1	8.46615151988832e-06	0.000738816052074058	0.000770279078035196
BG.GSR.NFSV.GD.ZS_tend2	8.3278664372486e-06	0.000339183732997636	0.000770279078035196
FM.AST.PRVT.GD.ZS_min2	8.30573172327263e-06	0.00500643825416807	0.00319962078568466
TM.VAL.MRCH.R6.ZS	8.18628607309928e-06	0.000686283352267494	0.00130354920898264
TM.VAL.MRCH.CD.WT_lag1	8.17744799006934e-06	0.000537560640486352	0.000355513420631629
BX.TRF.PWKR.CD.DT_delta1	8.11558710066004e-06	1.7750775277104e-05	5.92522367719382e-05
FP.CPI.TOTL.ZG_min2	7.94718232662411e-06	0.000103386272222052	0.000237008947087753
SH.MMR.RISK_delta1	7.93063763023113e-06	0.00287202746476711	0.0020145760502459
DC.DAC.TOTL.CD_max2	7.91874822881789e-06	0.000876744373483988	0.000711026841263258
SP.DYN.AMRT.MA_lag1	7.91468435674118e-06	0.000918242807577758	0.00094803578835101
NE.GDI.FTOT.ZS_isNA_rank	7.75178660607963e-06	0.000183984386993767	0.000355513420631629
FD.AST.PRVT.GD.ZS_avg2	7.72147260123197e-06	0.00631255948908471	0.00385139539017598
SE.PRM.ENRL_delta1	7.66028568124951e-06	0.000639267785317326	0.00094803578835101
SE.SEC.ENRR.MA_delta1	7.52894111909063e-06	0.00112429572599711	0.00112579249866682
IT.MLT.MAIN_delta1	7.49428773892526e-06	0.000346619868586693	0.000296261183859691
BX.GRT.TECH.CD.WD_tend2	7.42915008706533e-06	0.000529404878872547	0.000711026841263258
SE.SEC.ENRL.GC.FE.ZS_isNA_rank	7.42383992899804e-06	0.000416903343670361	0.000711026841263258
NE.RSB.GNFS.CD	7.38183956739821e-06	0.000449766265467162	0.000414765657403567
SE.PRM.ENRR.MA_delta1	7.29966062852949e-06	0.000790629125855875	0.00100728802512295
NE.IMP.GNFS.KD.ZG_delta1	7.20846690093603e-06	0.000234358208726089	0.000592522367719381
EN.GHG.N2O.AG.MT.CE.AR5_rank	7.16004410466872e-06	1.99096533513464e-05	5.92522367719382e-05
SE.PRM.ENRR.MA_lag1	7.1504952010044e-06	0.000289049786606896	0.000592522367719381
MS.MIL.XPND.CD_tend2	7.11260394445665e-06	0.000339903359022383	0.000414765657403567
SM.POP.RHCR.EA	7.10572699634548e-06	0.000889697641929442	0.00118504473543876
SG.LAW.INDX_lag1	7.07125582402478e-06	0.000704993628910928	0.000592522367719381
NE.EXP.GNFS.CD_isNA_rank	7.07013746271219e-06	0.00127901532131782	0.00165906262961427
NY.GDP.COAL.RT.ZS_lag1	7.05596043752354e-06	9.52305106082471e-05	0.000177756710315814
BM.KLT.DINV.CD.WD_min2	6.98291873979925e-06	0.000167193113082993	0.000355513420631629
AG.CON.FERT.ZS	6.9545969079033e-06	0.00406588703982315	0.00266635065473722
AG.LND.ARBL.ZS_tend2	6.94232225049433e-06	0.000860912600939544	0.000829531314807134
BX.GRT.EXTA.CD.WD	6.93315508179142e-06	0.000175828625379963	0.000177756710315814
DC.DAC.FRAL.CD_min2	6.92810885702119e-06	0.00101731132365132	0.00165906262961427
NY.ADJ.DNGY.CD_delta1	6.91833685107073e-06	3.76604286284504e-05	5.92522367719382e-05
FM.AST.NFRG.CN_tend2	6.86372079072738e-06	0.000228361325186527	0.000355513420631629
AG.YLD.CREL.KG_avg2	6.84982566957571e-06	0.000137688446068347	0.000177756710315814
FS.AST.PRVT.GD.ZS_rank	6.78773895281046e-06	9.7629264024072e-05	0.000118504473543876
BX.PEF.TOTL.CD.WD	6.75617701391132e-06	0.00238196214191409	0.00189607157670202
NY.ADJ.NNTY.PC.CD_lag1	6.68881458676519e-06	0.000440411127145445	0.000474017894175505
FM.AST.NFRG.CN_lag1	6.67637334969981e-06	0.000886819137830452	0.000770279078035196
TX.VAL.TRVL.ZS.WT	6.59916305478469e-06	0.00018422426233535	0.000296261183859691
BX.TRF.PWKR.DT.GD.ZS_tend2	6.5090177328869e-06	0.000272738263379287	0.000533270130947443
EN.GHG.CO2.PC.CE.AR5_rank	6.41838015478851e-06	0.000104105898246799	0.000118504473543876
TM.VAL.MRCH.R4.ZS_delta1	6.41280186887885e-06	0.000330068470017501	0.000770279078035196
DC.DAC.FRAL.CD_tend2	6.3827771225992e-06	0.000677887715312107	0.00112579249866682
DT.ODA.ODAT.KD_lag1	6.32206367465299e-06	9.52305106082471e-05	0.000118504473543876
IT.CEL.SETS_tend2	6.31784455157568e-06	0.000377323912309251	0.000414765657403567
TM.VAL.TRAN.ZS.WT_rank	6.19685292446493e-06	2.32679081335012e-05	5.92522367719382e-05
SP.POP.1564.FE.IN_delta1	6.1967420365255e-06	0.00177387815100249	0.00183681933993008
NE.EXP.GNFS.KD_delta1	6.09210447529908e-06	0.000572582440357395	0.00118504473543876
DT.ODA.ALLD.CD_ratioavg2	6.07127147795043e-06	0.00119146082164021	0.00154055815607039
NE.EXP.GNFS.CN	6.05840101868464e-06	0.00016887224047407	0.000414765657403567
DC.DAC.GBRL.CD_isNA_rank	6.02199161846618e-06	0.000341102735730296	0.000414765657403567
SP.POP.2529.FE.5Y_lag1	5.9536948875472e-06	0.000883460883048297	0.00100728802512295
NY.ADJ.DNGY.GN.ZS	5.89690852756696e-06	8.68348736528601e-05	0.000237008947087753
DC.DAC.CECL.CD_ratioavg2	5.85811488390888e-06	0.000520769366575578	0.000711026841263258
NY.GNP.ATLS.CD_delta1	5.84967963478477e-06	0.00174797161411158	0.00118504473543876
EG.ELC.NUCL.ZS_delta1	5.83706526089272e-06	0.000418102720378274	0.000296261183859691
NY.ADJ.DFOR.GN.ZS_rank	5.82463785915642e-06	0.000510694602229114	0.000474017894175505
SP.POP.80UP.MA.5Y_delta1	5.81215970403708e-06	0.00136033306211428	0.00112579249866682
SE.PRM.ENRR_delta1	5.80123148999249e-06	0.00087698424882557	0.00100728802512295
NY.GDP.FCST.KD	5.78849823173055e-06	6.81245970094261e-05	0.000177756710315814
SP.POP.6064.FE.5Y_lag1	5.76839888887005e-06	7.0523350425251e-05	0.000118504473543876
SP.DYN.TFRT.IN_delta1	5.76614744864889e-06	0.000289049786606896	0.000355513420631629
FD.AST.PRVT.GD.ZS_rank	5.7610846910783e-06	0.00025666661549326	0.000296261183859691
SH.DYN.MORT.MA_delta1	5.69256549695148e-06	0.00030104355368602	0.000355513420631629
NY.ADJ.DNGY.CD_isNA_rank	5.58038007341644e-06	0.000628233519604532	0.00118504473543876
EG.USE.ELEC.KH.PC_ratioavg2	5.56247205601892e-06	0.00177123952224508	0.00165906262961427
FP.CPI.TOTL.ZG_lag1	5.55804999159731e-06	0.00123895613927354	0.00112579249866682
BX.KLT.DINV.WD.GD.ZS_lag1	5.55628613860646e-06	0.000534922011728945	0.00100728802512295
SP.ADO.TFRT_lag1	5.53433478130265e-06	0.00568672472289601	0.00367363867986016
SP.POP.0014.TO_delta1	5.53111511170195e-06	0.000315196198839387	0.000237008947087753
FM.AST.NFRG.CN_ratioavg2	5.51476399662983e-06	0.000389077804046793	0.000533270130947443
SE.PRM.ENRR.FE_delta1	5.49843915366969e-06	0.00184919900825939	0.00183681933993008
SP.DYN.TO65.MA.ZS_delta1	5.49072048633443e-06	0.000246591851146796	0.000296261183859691
SH.IMM.MEAS_lag1	5.48240641762486e-06	4.00591820442752e-05	5.92522367719382e-05
FP.CPI.TOTL_avg2	5.48140795276895e-06	0.000375404909576591	0.000414765657403567
SP.POP.1014.MA.5Y_lag1	5.45511797279878e-06	0.0013656103196291	0.00100728802512295
DT.ODA.ODAT.CD_isNA_rank	5.3598477078737e-06	0.000334386226165986	0.000414765657403567
BX.GSR.NFSV.CD_delta1	5.32649592111061e-06	8.46759955786177e-05	5.92522367719382e-05
DC.DAC.FRAL.CD_isNA_rank	5.32416161098002e-06	0.000481669685897633	0.000592522367719381
TM.VAL.OTHR.ZS.WT_lag1	5.25954841095909e-06	0.00149322400135098	0.00154055815607039
NE.CON.PRVT.ZS_max2	5.1931338373085e-06	0.00250837644692806	0.00159981039284233
SP.POP.5559.MA.5Y	5.15341979697678e-06	0.000300084052319691	0.000237008947087753
NY.GSR.NFCY.CD_lag1	5.14780311353585e-06	0.000160716478860266	0.000296261183859691
FM.AST.PRVT.GD.ZS_isNA_rank	5.14620941735169e-06	0.00198089057078817	0.00207382828701784
NY.GNP.PCAP.CD_rank	5.13890492131441e-06	3.31027971383831e-05	5.92522367719382e-05
SE.SEC.ENRR.MA	5.08963209109343e-06	0.000260264745616998	0.000474017894175505
TM.VAL.MANF.ZS.UN_delta1	5.07597288455416e-06	0.000187582517117504	0.000474017894175505
NY.GDP.COAL.RT.ZS_isNA_rank	5.0687565668475e-06	0.00156518660382572	0.00148130591929845
AG.LND.ARBL.HA.PC_ratiomax2	5.06473917739925e-06	6.54859682520188e-05	0.000177756710315814
TX.VAL.MRCH.R3.ZS_lag1	5.05684771300648e-06	0.000536601139120022	0.000533270130947443
NE.CON.PRVT.KD.ZG_isNA_rank	5.0549957409675e-06	0.000308239813933495	0.000533270130947443
SP.POP.1014.FE.5Y_rank	5.05455330357863e-06	3.38224231631306e-05	5.92522367719382e-05
NY.GDP.MKTP.KD.ZG_delta1	5.04736257251997e-06	0.000176068500721545	0.000296261183859691
IT.MLT.MAIN.P2_max2	5.03570087273438e-06	0.000160236728177101	0.000118504473543876
BX.PEF.TOTL.CD.WD_min2	5.02143483245479e-06	0.00143301529061377	0.00112579249866682
EN.GHG.CH4.BU.MT.CE.AR5_rank	5.00263780654607e-06	0.000262183748349658	0.000355513420631629
SP.POP.4549.MA.5Y	4.98232712086958e-06	0.000376604286284504	0.000355513420631629
NE.CON.PRVT.CD_isNA_rank	4.95627217354963e-06	0.000639747536000491	0.000770279078035196
EN.GHG.CO2.MT.CE.AR5_tend2	4.94622097825945e-06	0.000262663499032823	0.000296261183859691
SP.POP.0509.FE.5Y_delta1	4.90851526395564e-06	0.000419541972427769	0.000533270130947443
IT.MLT.MAIN.P2_isNA_rank	4.90381054059452e-06	0.000195738278731309	0.000414765657403567
NY.ADJ.DRES.GN.ZS_isNA_rank	4.8915741076233e-06	0.00156974423531579	0.00231083723410559
BM.GSR.TRAN.ZS	4.82327558289728e-06	0.000302242930393933	0.000414765657403567
SE.PRM.ENRR_lag1	4.81588150805785e-06	0.000240594967607234	0.000592522367719381
FP.CPI.TOTL.ZG_max2	4.77231683650749e-06	8.875387638552e-05	0.000237008947087753
DC.DAC.CECL.CD	4.68491451942589e-06	0.000522448493966656	0.00100728802512295
FM.LBL.BMNY.GD.ZS	4.67516306499831e-06	0.00425251005557432	0.00391064762694792
BX.KLT.DINV.CD.WD_tend2	4.66325224614393e-06	0.00132123338143634	0.00106654026189489
EG.ELC.FOSL.ZS_ratiomax2	4.66177068787579e-06	1.87102766434339e-05	5.92522367719382e-05
NE.RSB.GNFS.ZS_delta1	4.58183173626265e-06	0.000233158832018177	0.000474017894175505
SE.SEC.ENRR.FE_lag1	4.50712825337935e-06	0.000244432973072554	0.000414765657403567
MS.MIL.XPND.GD.ZS_ratioavg2	4.50473441206235e-06	0.000300563803002855	0.000533270130947443
NY.GDP.PCAP.KD_lag1	4.49421777137058e-06	0.000116819291350671	0.000237008947087753
EN.GHG.CH4.BU.MT.CE.AR5	4.45631904649562e-06	0.000297685298903866	0.000474017894175505
IT.MLT.MAIN.P2	4.38377914154647e-06	0.000799504513494427	0.00065177460449132
SE.SEC.ENRR_rank	4.36133745640649e-06	0.000141766326875249	0.000177756710315814
BX.TRF.CURR.CD_tend2	4.35091225913352e-06	0.00148266948632135	0.00165906262961427
SP.POP.3034.MA.5Y_lag1	4.34009182360129e-06	0.000264582501765483	0.000177756710315814
FP.CPI.TOTL.ZG_avg2	4.33022372930332e-06	0.000343021738462956	0.000592522367719381
NY.ADJ.DMIN.GN.ZS_lag1	4.2662032891542e-06	2.18286560840063e-05	5.92522367719382e-05
DT.NFL.UNDP.CD_ratioavg2	4.26200644301842e-06	0.000530364380238877	0.00118504473543876
SM.POP.RHCR.EO_delta1	4.25315625132188e-06	0.00113245148761092	0.0012442969722107
BX.GSR.FCTY.CD_lag1	4.17848010024317e-06	5.15731984402346e-05	5.92522367719382e-05
NV.IND.MANF.CD_isNA_rank	4.17747839526698e-06	0.000319034204304707	0.000414765657403567
SM.POP.NETM	4.17745855006099e-06	0.00358349772790076	0.00367363867986016
SP.POP.0014.FE.IN_delta1	4.14127109426424e-06	4.53364395590899e-05	0.000118504473543876
DC.DAC.GBRL.CD_max2	4.13655130934035e-06	0.000211330175934171	0.000533270130947443
EG.USE.PCAP.KG.OE_isNA_rank	4.13564004699084e-06	0.00321984671006172	0.00278485512828109
TM.VAL.MRCH.AL.ZS_delta1	4.1256810198881e-06	0.000378523289017164	0.000770279078035196
SP.POP.80UP.FE.5Y_delta1	4.10907841972513e-06	0.000511654103595444	0.000414765657403567
IS.AIR.GOOD.MT.K1_rank	4.10356114654848e-06	0.000853476465350487	0.000888783551579072
DC.DAC.JPNL.CD_ratioavg2	4.09360379176119e-06	0.000251389357978446	0.000474017894175505
IT.CEL.SETS	4.05082200226701e-06	3.86199299947803e-05	5.92522367719382e-05
SE.SEC.ENRR.FE_isNA_rank	4.04305040325516e-06	1.70311492523565e-05	5.92522367719382e-05
AG.PRD.FOOD.XD_tend2	4.03197420022811e-06	0.000562267800669348	0.000533270130947443
NE.CON.PRVT.ZS_isNA_rank	4.02931377503208e-06	0.000340143234363966	0.000533270130947443
BX.TRF.PWKR.DT.GD.ZS_ratioavg2	4.02740566238883e-06	0.000142965703583162	0.000355513420631629
TM.VAL.MRCH.R5.ZS	3.99127310697156e-06	0.000731859667168166	0.000533270130947443
IT.MLT.MAIN_lag1	3.98817952726503e-06	1.84704013018515e-05	5.92522367719382e-05
TX.VAL.OTHR.ZS.WT_delta1	3.94762342192262e-06	3.62211765789555e-05	0.000118504473543876
NE.EXP.GNFS.ZS_delta1	3.92785909068462e-06	0.000204613666369861	0.000296261183859691
SP.POP.3539.MA.5Y_delta1	3.92572179412147e-06	0.00012353580091498	0.000296261183859691
MS.MIL.MPRT.KD_isNA_rank	3.92025376037087e-06	0.00030584106051767	0.000474017894175505
FI.RES.TOTL.MO_tend2	3.90491340107271e-06	9.49906352666646e-05	0.000177756710315814
SE.PRM.ENRL_rank	3.89576121778998e-06	0.000191900273265989	0.000296261183859691
DC.DAC.CANL.CD	3.87685726540078e-06	0.000269619883938715	0.000474017894175505
EG.ELC.FOSL.ZS	3.76599272726229e-06	0.000118978169424913	0.000296261183859691
NV.SRV.TOTL.KD_isNA_rank	3.7654542446576e-06	0.000277535770210937	0.000474017894175505
NY.GDP.PCAP.CN	3.73038148655253e-06	7.36417298658233e-05	0.000118504473543876
EN.GHG.CO2.BU.MT.CE.AR5_tend2	3.7297081737248e-06	0.000849158709202002	0.000888783551579072
NE.GDI.FTOT.ZS_lag1	3.72941515869132e-06	0.000116339540667506	0.000296261183859691
NV.IND.MANF.CD_lag1	3.71634554644472e-06	0.00356598682796524	0.00343662973277241
AG.PRD.CROP.XD_rank	3.7148315646392e-06	0.000623915763456047	0.000770279078035196
AG.LND.CROP.ZS_avg2	3.70681978006302e-06	2.30280327919187e-05	5.92522367719382e-05
BM.GSR.FCTY.CD_tend2	3.68306565581856e-06	0.000541878396634837	0.00065177460449132
NV.AGR.TOTL.KD_isNA_rank	3.67422168680137e-06	6.57258435936013e-05	0.000177756710315814
EG.USE.ELEC.KH.PC_delta1	3.63814774916263e-06	0.000202934538978784	0.000237008947087753
NV.IND.TOTL.ZS_rank	3.62704227065027e-06	0.000417383094353526	0.000414765657403567
TG.VAL.TOTL.GD.ZS_rank	3.61342534436596e-06	0.000514772483036016	0.000414765657403567
BX.GRT.EXTA.CD.WD_isNA_rank	3.57829296187537e-06	0.000448806764100832	0.00065177460449132
NE.GDI.FTOT.CD_isNA_rank	3.56040840991946e-06	0.000721065276796954	0.000888783551579072
TM.VAL.MMTL.ZS.UN_isNA_rank	3.53172420238031e-06	0.000125214928306058	0.000237008947087753
Country_Code	3.50792711418197e-06	2.90249163314809e-05	5.92522367719382e-05
EN.GHG.CO2.IP.MT.CE.AR5_ratioavg2	3.50201598615842e-06	0.00062223663606497	0.00100728802512295
FS.AST.CGOV.GD.ZS_ratioavg2	3.49650538792657e-06	0.000415703966962449	0.000592522367719381
TX.VAL.MRCH.R4.ZS_delta1	3.45210108205064e-06	0.00142342027695047	0.00118504473543876
SH.DYN.NMRT_delta1	3.41863821874903e-06	0.00240427054868126	0.00207382828701784
BM.GSR.TRVL.ZS_ratiomax2	3.41286352091086e-06	9.04330037765974e-05	0.000177756710315814
SP.POP.0004.FE.5Y_delta1	3.38801796900184e-06	0.000267700881206055	0.000592522367719381
NE.IMP.GNFS.KD	3.37157808321519e-06	8.80342503607725e-05	0.000237008947087753
BX.GRT.EXTA.CD.WD_lag1	3.34214250207416e-06	8.97133777518499e-05	0.000177756710315814
SP.POP.1564.TO.ZS_delta1	3.31801447577187e-06	0.000294327044121711	0.000414765657403567
TM.VAL.MRCH.OR.ZS_delta1	3.30553638707148e-06	0.00110966333016058	0.000888783551579072
NV.AGR.TOTL.CN_isNA_rank	3.25266813301421e-06	0.0010532926248887	0.00112579249866682
IS.AIR.GOOD.MT.K1_ratioavg2	3.2394543743412e-06	0.001084716294636	0.00106654026189489
SE.PRM.ENRL.FE.ZS_isNA_rank	3.23320050947252e-06	0.000133850440603027	0.000237008947087753
EG.USE.ELEC.KH.PC_lag1	3.21779451286155e-06	0.0019257192422242	0.00154055815607039
NV.IND.TOTL.KD.ZG	3.21289076845562e-06	0.00026338312505757	0.000533270130947443
FS.AST.PRVT.GD.ZS_avg2	3.18613660502422e-06	0.0027297813872087	0.00183681933993008
NV.SRV.TOTL.ZS_isNA_rank	3.17037772127008e-06	0.000286890908532654	0.000533270130947443
DT.ODA.ALLD.KD_ratioavg2	3.15535130131558e-06	0.000377563787650834	0.00065177460449132
DC.DAC.FRAL.CD	3.15222314856683e-06	0.00137136732782707	0.00171831486638621
DC.DAC.CECL.CD_isNA_rank	3.13490499068096e-06	0.000290489038656391	0.000355513420631629
BX.GRT.TECH.CD.WD_isNA_rank	3.1265731700592e-06	0.00294399006724186	0.00195532381347396
NY.GDS.TOTL.ZS	3.10620416336946e-06	0.000162155730909761	0.000355513420631629
TM.VAL.MRCH.HI.ZS_delta1	3.03997731671769e-06	0.000195258528048144	0.000414765657403567
BX.GSR.GNFS.CD_lag1	3.02020139885592e-06	0.000233398707359759	0.000177756710315814
EG.ELC.NGAS.ZS_rank	3.01559304030105e-06	7.9398738063803e-05	0.000118504473543876
SP.POP.5559.FE.5Y	2.98828498842489e-06	0.000912725674721361	0.00065177460449132
SP.POP.2024.FE.5Y_lag1	2.98279981043625e-06	0.00139679411403482	0.00100728802512295
DT.ODA.ALLD.KD_min2	2.95290375657096e-06	5.80498326629617e-05	5.92522367719382e-05
NE.CON.TOTL.CD_ratioavg2	2.94609796433175e-06	0.000123056050231816	0.000177756710315814
NE.CON.GOVT.ZS_max2	2.94065940470233e-06	0.00027009963462188	0.000296261183859691
SE.SEC.ENRR.FE	2.92637278074798e-06	0.000371566904111271	0.000711026841263258
EN.URB.MCTY.TL.ZS_ratioavg2	2.91742164099016e-06	0.00135961343608953	0.00118504473543876
BX.TRF.PWKR.DT.GD.ZS_isNA_rank	2.90703346914403e-06	0.000141046700850502	0.000237008947087753
BM.GSR.NFSV.CD_tend2	2.89795985892246e-06	0.000610962495010593	0.000592522367719381
BM.TRF.PWKR.CD.DT_tend2	2.89710677333482e-06	0.000379003039700329	0.00065177460449132
EN.GHG.N2O.BU.MT.CE.AR5_ratiomax2	2.86569685448133e-06	0.000211090300592588	0.000177756710315814
AG.LND.CREL.HA_ratioavg2	2.85913409047171e-06	0.000385959424606221	0.000533270130947443
NE.CON.PRVT.PC.KD_min2	2.8587216912433e-06	8.80342503607725e-05	0.000237008947087753
SE.TER.ENRR	2.85349891131449e-06	0.000763283336915472	0.00118504473543876
FD.AST.PRVT.GD.ZS_lag1	2.83366924766152e-06	0.00627321993306519	0.00408840433726373
EN.GHG.N2O.WA.MT.CE.AR5_tend2	2.83253743615408e-06	0.0036336316742915	0.00367363867986016
DC.DAC.CECL.CD_delta1	2.82163258199663e-06	0.000130971936504038	0.000237008947087753
FI.RES.XGLD.CD_ratioavg2	2.8129620346062e-06	0.000232439205993429	0.000414765657403567
NY.ADJ.DFOR.CD_rank	2.78947110329071e-06	0.000571383063649483	0.00065177460449132
NV.AGR.TOTL.CN_delta1	2.7563701057321e-06	0.000106984402345789	0.000118504473543876
DT.NFL.UNDP.CD_tend2	2.74517447924584e-06	9.7629264024072e-05	0.000296261183859691
EN.GHG.N2O.WA.MT.CE.AR5_ratioavg2	2.71980406273237e-06	0.00100723655930486	0.00142205368252652
DC.DAC.USAL.CD	2.71266960250054e-06	0.000139367573459425	0.000237008947087753
FM.AST.PRVT.GD.ZS_rank	2.70744288065406e-06	0.000340143234363966	0.000296261183859691
NY.GDP.FCST.CD_lag1	2.70743739951273e-06	4.3897187509595e-05	0.000118504473543876
SP.POP.1014.MA.5Y_delta1	2.6884111341221e-06	0.000204613666369861	0.000414765657403567
DT.ODA.ODAT.GN.ZS_isNA_rank	2.6571606001206e-06	0.00108231754122018	0.000888783551579072
SP.POP.7074.MA.5Y	2.63117074431272e-06	0.000183744511652185	0.000177756710315814
SP.POP.80UP.MA.5Y_rank	2.62769238400255e-06	6.50062175688538e-05	5.92522367719382e-05
AG.LND.CROP.ZS_max2	2.62498281082062e-06	1.89501519850164e-05	5.92522367719382e-05
SH.MMR.RISK.ZS_delta1	2.61029091553087e-06	0.000181105882894777	0.000355513420631629
AG.PRD.FOOD.XD_min2	2.58840453504975e-06	0.000682445346802174	0.000829531314807134
ER.FSH.PROD.MT_ratioavg2	2.58317761771611e-06	0.000190221145874912	0.000355513420631629
EN.GHG.N2O.BU.MT.CE.AR5_tend2	2.57872651279651e-06	0.00112189697258129	0.00130354920898264
SE.PRM.ENRR_isNA_rank	2.57126860033426e-06	0.000193579400657067	0.000296261183859691
BM.TRF.PWKR.CD.DT_avg2	2.5642567638358e-06	0.000412585587521877	0.000533270130947443
NY.GNP.ATLS.CD	2.56135453171575e-06	2.6626162915656e-05	5.92522367719382e-05
NE.CON.PRVT.KD.ZG_min2	2.55738002101414e-06	9.73893886824895e-05	0.000237008947087753
IT.MLT.MAIN.P2_delta1	2.53954397469485e-06	0.0018887784396205	0.00112579249866682
SP.DYN.IMRT.FE.IN_delta1	2.53306484848124e-06	0.000427457858699991	0.000414765657403567
EN.GHG.N2O.PI.MT.CE.AR5_tend2	2.52684771674517e-06	9.7149513340907e-05	0.000118504473543876
DT.NFL.UNDP.CD_isNA_rank	2.52420671934565e-06	7.12429764499985e-05	0.000177756710315814
DC.DAC.USAL.CD_delta1	2.51076693959475e-06	0.000109143280420031	0.000237008947087753
AG.CON.FERT.ZS_rank	2.51050116117405e-06	0.00013025231047929	0.000177756710315814
DC.DAC.JPNL.CD	2.5092359570081e-06	0.000126174429672388	0.000237008947087753
BX.GRT.TECH.CD.WD_ratioavg2	2.50620553371616e-06	0.000386199299947803	0.000474017894175505
TX.VAL.MRCH.R1.ZS_delta1	2.49133201513994e-06	0.000899052780251159	0.0012442969722107
NY.ADJ.AEDU.GN.ZS_isNA_rank	2.47320429939327e-06	0.000559869047253523	0.00065177460449132
DC.DAC.CANL.CD_lag1	2.47204354180315e-06	0.000100747643464644	0.000237008947087753
BM.GSR.TRVL.ZS_isNA_rank	2.45023312079666e-06	0.000783912616291566	0.00094803578835101
TX.VAL.MRCH.R5.ZS_delta1	2.44396742967724e-06	0.000823492047652676	0.00100728802512295
NV.AGR.TOTL.CD	2.42780080592834e-06	0.000107224277687371	0.000177756710315814
EN.GHG.CO2.FE.MT.CE.AR5_tend2	2.41563417545485e-06	5.92492093708741e-05	0.000177756710315814
DC.DAC.DEUL.CD_max2	2.40937003140909e-06	4.4856688875925e-05	0.000118504473543876
FS.AST.PRVT.GD.ZS_isNA_rank	2.37701202479963e-06	7.24423531579109e-05	0.000177756710315814
TX.VAL.MRCH.HI.ZS_rank	2.37628603729352e-06	0.000543557524025914	0.000414765657403567
NY.GDS.TOTL.ZS_lag1	2.36879704562489e-06	0.000451925143541404	0.000592522367719381
NV.IND.MANF.KD_delta1	2.34692830398509e-06	0.000202454788295619	0.000414765657403567
BX.GSR.TRAN.ZS_ratioavg2	2.34124057968427e-06	7.46012312321533e-05	0.000177756710315814
NY.GDP.PCAP.KD.ZG_isNA_rank	2.33506775925134e-06	0.00018230525960269	0.000414765657403567
NY.GSR.NFCY.CD	2.33254214393619e-06	0.00137304645521815	0.00118504473543876
FM.AST.DOMS.CN_max2	2.32104370773918e-06	1.7750775277104e-05	5.92522367719382e-05
IT.CEL.SETS.P2_ratiomax2	2.31580968357436e-06	0.000298165049587031	0.000237008947087753
NY.GDP.MINR.RT.ZS_lag1	2.31383096136099e-06	0.000238915840216156	0.000474017894175505
TX.VAL.MRCH.R3.ZS	2.31248301020515e-06	0.00226730172863766	0.00195532381347396
DT.ODA.ODAT.PC.ZS_isNA_rank	2.29191410495539e-06	0.000328869093309589	0.000770279078035196
BX.PEF.TOTL.CD.WD_ratioavg2	2.26279575549138e-06	0.000160956354201848	0.000177756710315814
BM.KLT.DINV.WD.GD.ZS	2.25256234163434e-06	0.00300323927661273	0.00284410736505303
NV.AGR.TOTL.KD.ZG_delta1	2.24908235244329e-06	0.00026050462095858	0.000474017894175505
NY.GNP.PCAP.CN_isNA_rank	2.2206300430127e-06	0.000109862906444779	0.000296261183859691
EN.GHG.CO2.RT.GDP.KD_max2	2.21747857232742e-06	0.000121616798182321	0.000355513420631629
SH.DYN.MORT_delta1	2.20638003767825e-06	0.000767840968405539	0.000829531314807134
FI.RES.TOTL.CD_ratioavg2	2.19315286881887e-06	0.00163594982959256	0.00213308052378977
SE.SEC.ENRL.GC.FE.ZS_lag1	2.15469458729758e-06	0.000579298949921705	0.00065177460449132
AG.LND.AGRI.K2_avg2	2.1540321257368e-06	0.000208691547176763	0.000118504473543876
SP.DYN.LE00.IN_lag1	2.14272935785294e-06	0.00130036422671866	0.000888783551579072
BX.TRF.PWKR.CD.DT_tend2	2.10769734539272e-06	0.000183984386993767	0.000296261183859691
EN.GHG.CO2.IC.MT.CE.AR5_tend2	2.09564530038439e-06	0.000502778715956892	0.000592522367719381
NY.GDP.PCAP.KN_delta1	2.09429612846116e-06	0.000561548174644601	0.000355513420631629
MS.MIL.MPRT.KD_max2	2.07606217622802e-06	1.70311492523565e-05	5.92522367719382e-05
NE.CON.GOVT.ZS_lag1	2.06718338356242e-06	0.000151121465196966	0.000296261183859691
BX.GSR.TRVL.ZS_ratioavg2	2.0658242477266e-06	0.000539959393902177	0.00065177460449132
NE.DAB.TOTL.CD_isNA_rank	2.04250226698414e-06	0.000127133931038718	0.000237008947087753
BM.GSR.MRCH.CD_isNA_rank	2.03521159186051e-06	0.000164554484325586	0.000296261183859691
TM.VAL.INSF.ZS.WT_delta1	2.0335302493838e-06	0.000170311492523565	0.000355513420631629
SP.POP.3539.FE.5Y_lag1	1.96422703778217e-06	8.20373668212104e-05	0.000237008947087753
NY.GNP.PCAP.CD_isNA_rank	1.96132162169618e-06	0.000260744496300163	0.000474017894175505
NY.ADJ.DMIN.CD_isNA_rank	1.96116480986322e-06	0.000183024885627437	0.000355513420631629
SE.SEC.ENRL_isNA_rank	1.956509498983e-06	0.00127493744051092	0.00118504473543876
DC.DAC.FRAL.CD_avg2	1.95358895102163e-06	3.81401793116153e-05	0.000118504473543876
BX.GSR.TRAN.ZS_lag1	1.92691930224049e-06	5.70903312966318e-05	0.000118504473543876
TM.VAL.FUEL.ZS.UN_delta1	1.91674670735784e-06	0.000119937670791243	0.000177756710315814
DT.ODA.ODAT.CD_ratioavg2	1.90760144831338e-06	8.53956216033652e-05	0.000118504473543876
NY.GNP.MKTP.CD_isNA_rank	1.90465659778592e-06	0.00017654825140471	0.000296261183859691
TM.VAL.MRCH.R3.ZS_delta1	1.90364582439776e-06	0.000384040421873561	0.000829531314807134
SP.POP.1014.FE.5Y_delta1	1.89931543102967e-06	0.000494383079001505	0.00065177460449132
BX.GSR.NFSV.CD_lag1	1.89120472590401e-06	1.94299026681814e-05	5.92522367719382e-05
ER.FSH.AQUA.MT_avg2	1.88889379009548e-06	2.25482821087537e-05	5.92522367719382e-05
MS.MIL.XPND.CD_ratiomax2	1.88864001999168e-06	7.0043599742086e-05	5.92522367719382e-05
FP.CPI.TOTL_ratioavg2	1.87242081547956e-06	0.000316635450888882	0.000533270130947443
BM.GSR.TRAN.ZS_lag1	1.87127717533216e-06	5.58909545887193e-05	0.000118504473543876
EG.ELC.PETR.ZS_ratiomax2	1.86540812748645e-06	0.00013888782277626	0.000177756710315814
FM.AST.PRVT.GD.ZS_avg2	1.86328122424724e-06	0.000545476526758574	0.000414765657403567
DC.DAC.FRAL.CD_ratioavg2	1.85984473888509e-06	0.000345180616537198	0.000592522367719381
FI.RES.TOTL.CD_rank	1.83170706769231e-06	6.74049709846787e-05	0.000118504473543876
SP.POP.2529.FE.5Y	1.82505077776193e-06	0.000586495210169179	0.00094803578835101
SG.LAW.INDX	1.81401802028006e-06	0.00147211497129172	0.00118504473543876
EN.GHG.CH4.BU.MT.CE.AR5_ratioavg2	1.79653710063222e-06	0.000553152537689214	0.0012442969722107
BM.GSR.INSF.ZS_min2	1.78995674351822e-06	0.0001273738063803	0.000355513420631629
SP.POP.2024.FE.5Y_delta1	1.78950144669327e-06	0.000102186895514139	0.000237008947087753
NE.DAB.TOTL.CD	1.77638750875219e-06	5.61308299303018e-05	0.000177756710315814
NY.ADJ.DRES.GN.ZS_lag1	1.77235265888053e-06	0.000326710215235347	0.000355513420631629
SP.DYN.IMRT.IN_rank	1.7559017246814e-06	0.000144165080291074	0.000118504473543876
AG.LND.ARBL.HA.PC_ratioavg2	1.74092828660785e-06	8.61152476281126e-05	0.000237008947087753
SP.POP.DPND_delta1	1.72254430689134e-06	0.000202454788295619	0.000296261183859691
TX.VAL.AGRI.ZS.UN_delta1	1.71276283504454e-06	0.000138408072093095	0.000355513420631629
BX.GSR.FCTY.CD_avg2	1.71245921054151e-06	2.47071601829961e-05	5.92522367719382e-05
SE.PRM.ENRR.MA	1.71168948246657e-06	0.000675728837237864	0.00136280144575458
DC.DAC.CECL.CD_rank	1.70990849167109e-06	5.99688353956216e-05	0.000177756710315814
SP.POP.6569.MA.5Y	1.70825124097263e-06	0.000317115201572047	0.000237008947087753
EN.GHG.CO2.BU.MT.CE.AR5_ratioavg2	1.70205825158383e-06	4.94143203659922e-05	0.000118504473543876
SH.DYN.MORT.FE_delta1	1.69567168058727e-06	0.00371494941508797	0.00260709841796528
BM.GSR.TRVL.ZS_tend2	1.69443319400198e-06	0.000241794344315146	0.000592522367719381
NV.SRV.TOTL.KD.ZG_lag1	1.694360169567e-06	0.000145364456998987	0.000296261183859691
TX.VAL.TRAN.ZS.WT_isNA_rank	1.68843899877617e-06	0.000304161933126593	0.000296261183859691
TM.VAL.MRCH.RS.ZS_delta1	1.68162123587629e-06	0.000810538779207222	0.00106654026189489
FP.CPI.TOTL.ZG_ratioavg2	1.6797104444251e-06	0.000292647916730633	0.000592522367719381
BX.GSR.GNFS.CD_isNA_rank	1.67093595111571e-06	0.000321432957720532	0.00065177460449132
BX.GSR.CMCP.ZS_max2	1.66131646621676e-06	0.00040035194510117	0.000592522367719381
SP.DYN.AMRT.FE_rank	1.65910736982167e-06	0.000171990619914643	0.000355513420631629
TX.VAL.MRCH.R5.ZS_lag1	1.6433734869742e-06	9.6669762657742e-05	0.000237008947087753
DC.DAC.JPNL.CD_lag1	1.64294653825221e-06	0.000149442337805889	0.000414765657403567
BM.GSR.TRAN.ZS_rank	1.63842285538043e-06	8.27569928459578e-05	0.000118504473543876
AG.CON.FERT.ZS_tend2	1.60705733230693e-06	0.00204589678835703	0.00207382828701784
SE.SEC.ENRL.GC_isNA_rank	1.58880934938331e-06	0.000602566858055206	0.000888783551579072
SP.POP.3034.FE.5Y_lag1	1.57946987027617e-06	0.000341582486413461	0.000592522367719381
EG.USE.ELEC.KH.PC_rank	1.56600313412407e-06	0.000276336393503024	0.000355513420631629
EN.GHG.ALL.PC.CE.AR5_max2	1.54025079128504e-06	0.000149202462464307	0.000177756710315814
BX.PEF.TOTL.CD.WD_tend2	1.53552432163831e-06	0.000347099619269858	0.000533270130947443
SP.URB.TOTL_lag1	1.53156851223669e-06	7.50809819153183e-05	0.000118504473543876
FM.AST.PRVT.GD.ZS_lag1	1.4637996234322e-06	0.00117850755319476	0.000888783551579072
NY.GDP.MKTP.CN_isNA_rank	1.44682346729797e-06	0.000599928229297799	0.00065177460449132
BM.GSR.NFSV.CD_ratioavg2	1.43143784175239e-06	0.00040227094783383	0.000414765657403567
NV.AGR.TOTL.KD.ZG	1.42591476780967e-06	0.000509974976204366	0.000770279078035196
SH.MMR.RISK_lag1	1.42540582967368e-06	0.00462815484049249	0.00290335960182497
DT.ODA.ALLD.KD_rank	1.42330771898638e-06	0.00146228008228684	0.00094803578835101
NY.GDP.FRST.RT.ZS_isNA_rank	1.40901929415136e-06	0.00193411487917959	0.00154055815607039
SP.POP.1519.FE.5Y_lag1	1.39871781808389e-06	0.000235557585434002	0.000237008947087753
DC.DAC.USAL.CD_isNA_rank	1.39660301087536e-06	0.00182017409192791	0.00159981039284233
SE.PRM.ENRR.FE_lag1	1.37804962331854e-06	6.52460929104363e-05	0.000177756710315814
FS.AST.PRVT.GD.ZS_max2	1.37676336818062e-06	0.000960220992354693	0.000829531314807134
BX.PEF.TOTL.CD.WD_ratiomax2	1.35244073771256e-06	0.000116099665325923	0.000237008947087753
NY.GDP.FRST.RT.ZS	1.34912222473921e-06	0.000236277211458749	0.000474017894175505
NY.GDP.PCAP.CN_lag1	1.34644473481837e-06	2.37476588166662e-05	5.92522367719382e-05
TX.VAL.OTHR.ZS.WT_isNA_rank	1.31504998495517e-06	0.00039075693143787	0.000533270130947443
SE.PRM.ENRL.FE.ZS_rank	1.30908295762604e-06	3.93395560195278e-05	0.000118504473543876
FM.AST.NFRG.CN_delta1	1.3051035532337e-06	2.63862875740735e-05	5.92522367719382e-05
EG.ELC.HYRO.ZS_rank	1.29397284490093e-06	0.000241794344315146	0.000474017894175505
ER.FSH.CAPT.MT_ratioavg2	1.29375144229605e-06	3.5981301237373e-05	0.000118504473543876
EN.GHG.CO2.BU.MT.CE.AR5_ratiomax2	1.29173033566997e-06	3.28629217968006e-05	5.92522367719382e-05
DT.NFL.UNDP.CD_max2	1.28707339814305e-06	0.000184704013018515	0.000414765657403567
NY.GNP.ATLS.CD_isNA_rank	1.27804430475482e-06	0.000229080951211275	0.000355513420631629
EN.GHG.CH4.IC.MT.CE.AR5_max2	1.27555990527385e-06	0.000248990604562621	0.000177756710315814
EG.USE.PCAP.KG.OE_min2	1.26745579211069e-06	0.000277535770210937	0.000414765657403567
DC.DAC.JPNL.CD_ratiomax2	1.26532349334355e-06	4.58161902422549e-05	0.000118504473543876
NY.GDP.TOTL.RT.ZS_isNA_rank	1.26401935189095e-06	0.000605445362154196	0.000888783551579072
SP.POP.65UP.TO.ZS_delta1	1.26231222465025e-06	0.000657258435936013	0.000474017894175505
FD.AST.PRVT.GD.ZS_isNA_rank	1.24591234225152e-06	0.000583136955387024	0.000770279078035196
SP.DYN.LE00.IN_delta1	1.24478888440386e-06	0.000450965642175074	0.000592522367719381
FI.RES.TOTL.MO_isNA_rank	1.24260922646736e-06	2.54267862077436e-05	5.92522367719382e-05
BM.KLT.DINV.CD.WD_isNA_rank	1.24228922900298e-06	0.000455043522981977	0.000888783551579072
PA.NUS.ATLS_rank	1.23306489626793e-06	1.75108999355215e-05	5.92522367719382e-05
NY.GDP.COAL.RT.ZS_rank	1.23128983449029e-06	4.00591820442752e-05	0.000118504473543876
DT.ODA.ODAT.GN.ZS_delta1	1.21870398173629e-06	4.77351929749148e-05	5.92522367719382e-05
SP.DYN.AMRT.FE_isNA_rank	1.21505831852541e-06	0.000465837913353189	0.000592522367719381
SP.POP.DPND.YG	1.21385367285897e-06	0.000106264776321041	0.000118504473543876
SP.POP.0509.MA.5Y_delta1	1.21314407597861e-06	0.000735937547975068	0.0012442969722107
TM.VAL.TRAN.ZS.WT_lag1	1.20497400748331e-06	0.000269859759280297	0.000296261183859691
TX.VAL.MRCH.HI.ZS_delta1	1.20250167746418e-06	0.000828049679142743	0.000770279078035196
NE.CON.TOTL.KD.ZG_tend2	1.20206082891246e-06	0.00122696237219442	0.00154055815607039
SP.RUR.TOTL_delta1	1.19926613758899e-06	5.99688353956216e-05	0.000177756710315814
TG.VAL.TOTL.GD.ZS	1.19760497249423e-06	2.27881574503362e-05	5.92522367719382e-05
BX.GRT.TECH.CD.WD_lag1	1.17957390768306e-06	0.00130947948969879	0.00142205368252652
NV.AGR.TOTL.KD	1.15995386817232e-06	1.91900273265989e-05	5.92522367719382e-05
TX.VAL.MRCH.R2.ZS_delta1	1.159414843901e-06	0.000405389327274402	0.000888783551579072
TM.VAL.FUEL.ZS.UN_isNA_rank	1.1590289143192e-06	0.000275616767478277	0.000355513420631629
TX.VAL.MRCH.OR.ZS	1.1535712055134e-06	0.000369408026037029	0.000474017894175505
SP.POP.2024.FE.5Y	1.15107249213415e-06	0.00114300600264055	0.00112579249866682
DT.ODA.ALLD.KD_isNA_rank	1.14882598163793e-06	0.000122096548865486	0.000237008947087753
DC.DAC.FRAL.CD_ratiomax2	1.14085966740005e-06	0.00018326476096902	0.000414765657403567
EG.ELC.HYRO.ZS_max2	1.13811193344776e-06	0.00184751988086831	0.00142205368252652
NY.GDP.PCAP.KD.ZG	1.13042374875006e-06	0.000308239813933495	0.000592522367719381
SE.SEC.DURS_rank	1.12779540242975e-06	0.000974613512849642	0.00100728802512295
BX.GSR.NFSV.CD_min2	1.11448890773607e-06	0.000125214928306058	0.000177756710315814
NY.GSR.NFCY.CN_isNA_rank	1.11222128548743e-06	0.000547635404832816	0.00065177460449132
AG.YLD.CREL.KG_ratioavg2	1.10854686381158e-06	0.000919682059627253	0.00171831486638621
AG.PRD.LVSK.XD_lag1	1.10683638459881e-06	4.91744450244097e-05	0.000118504473543876
IS.AIR.GOOD.MT.K1_max2	1.09721583108337e-06	0.000583376830728607	0.000829531314807134
BG.GSR.NFSV.GD.ZS_min2	1.09442151670823e-06	0.00031735507691363	0.000237008947087753
IT.CEL.SETS.P2_ratioavg2	1.08748368415531e-06	0.0010230683318493	0.00148130591929845
NE.CON.TOTL.KD_delta1	1.07984832525144e-06	9.52305106082471e-05	0.000177756710315814
TG.VAL.TOTL.GD.ZS_lag1	1.07555263420511e-06	6.40467162025239e-05	0.000118504473543876
TM.VAL.TRAN.ZS.WT	1.07293993485652e-06	0.000359573137032147	0.000474017894175505
BM.TRF.PWKR.CD.DT	1.06563417311691e-06	0.00464350686235377	0.00290335960182497
NY.ADJ.NNTY.CD_rank	1.0574392641284e-06	2.06292793760938e-05	5.92522367719382e-05
DT.ODA.ALLD.KD	1.05409098195571e-06	0.000104345773588382	0.000237008947087753
EN.GHG.N2O.WA.MT.CE.AR5_delta1	1.05064625661502e-06	0.000780074610826246	0.00094803578835101
NV.AGR.TOTL.ZS_lag1	1.04879969186121e-06	0.000162155730909761	0.000118504473543876
NY.ADJ.DKAP.CD_delta1	1.04447261331417e-06	0.000122096548865486	0.000237008947087753
TX.VAL.OTHR.ZS.WT	1.03551921238328e-06	0.000139607448801007	0.000296261183859691
BM.GSR.MRCH.CD_delta1	1.0337395214431e-06	8.70747489944426e-05	5.92522367719382e-05
EG.ELC.FOSL.ZS_rank	1.02820869209954e-06	7.36417298658233e-05	0.000177756710315814
EG.USE.ELEC.KH.PC_isNA_rank	1.027626874439e-06	0.000544996776075409	0.00100728802512295
TX.VAL.MRCH.AL.ZS_delta1	1.02485560333673e-06	0.000763283336915472	0.000888783551579072
EN.GHG.N2O.TR.MT.CE.AR5_lag1	1.02354707426051e-06	3.43021738462956e-05	5.92522367719382e-05
SP.URB.GROW_delta1	1.02231087362976e-06	0.000253308360711106	0.000414765657403567
NV.AGR.TOTL.ZS_delta1	1.0217081529351e-06	0.000284971905799994	0.000355513420631629
SP.POP.BRTH.MF	1.01341231453863e-06	0.000560348797936688	0.000829531314807134
SP.POP.0014.TO.ZS_delta1	1.00342984629023e-06	5.87694586877092e-05	0.000118504473543876
NV.IND.TOTL.KD.ZG_lag1	1.0027377709829e-06	0.000209411173201511	0.000414765657403567
BX.GSR.TRVL.ZS_avg2	9.93396749998719e-07	4.24579354601001e-05	0.000118504473543876
SP.DYN.IMRT.IN_delta1	9.89045857844899e-07	0.000323351960453192	0.000296261183859691
SE.PRM.DURS_rank	9.68302736001761e-07	3.69408026037029e-05	5.92522367719382e-05
NY.GSR.NFCY.CN_rank	9.66755837413314e-07	0.000117778792717001	0.000177756710315814
EG.ELC.NGAS.ZS_ratioavg2	9.62826127320757e-07	0.000108423654395284	0.000237008947087753
EG.ELC.NUCL.ZS	9.45669361008006e-07	0.000498700835149989	0.000414765657403567
EN.GHG.CH4.TR.MT.CE.AR5_tend2	9.23410921260895e-07	5.44517025392244e-05	0.000118504473543876
BX.GSR.NFSV.CD_isNA_rank	9.22910492048103e-07	0.00047759180509073	0.000592522367719381
SP.POP.6569.MA.5Y_lag1	9.14971819635423e-07	0.000114900288618011	0.000118504473543876
NY.GSR.NFCY.CN_delta1	9.12191777074362e-07	0.00111685959040806	0.00118504473543876
EN.GHG.N2O.TR.MT.CE.AR5_ratioavg2	9.10709516499077e-07	0.000182545134944272	0.000533270130947443
NE.IMP.GNFS.CN_delta1	9.09671015722572e-07	3.90996806779453e-05	0.000118504473543876
SP.POP.TOTL.FE.IN_rank	9.04575586247305e-07	2.30280327919187e-05	5.92522367719382e-05
SG.LAW.INDX_delta1	9.02731557143936e-07	7.02834750836685e-05	5.92522367719382e-05
SP.DYN.AMRT.MA_delta1	9.01145840034552e-07	3.79003039700329e-05	0.000118504473543876
EN.GHG.CH4.PI.MT.CE.AR5_avg2	8.99623094206598e-07	1.65513985691916e-05	5.92522367719382e-05
DC.DAC.DEUL.CD_lag1	8.96980340392239e-07	0.000390037305413123	0.000355513420631629
NE.EXP.GNFS.ZS_lag1	8.94542292204698e-07	0.00106768514538365	0.000770279078035196
SP.DYN.LE00.FE.IN_rank	8.93212239381195e-07	0.000115380039301176	0.000177756710315814
TX.VAL.MRCH.R5.ZS	8.88271096547881e-07	6.71650956430962e-05	0.000118504473543876
BX.GSR.FCTY.CD_ratioavg2	8.88037045793958e-07	0.000154239844637539	0.000414765657403567
BX.GSR.MRCH.CD_ratioavg2	8.83616901398787e-07	5.08535724154871e-05	5.92522367719382e-05
BX.GRT.TECH.CD.WD_delta1	8.72563579204688e-07	6.88442230341736e-05	5.92522367719382e-05
DC.DAC.CECL.CD_ratiomax2	8.69966151004475e-07	0.000154959470662286	0.000296261183859691
SE.SEC.ENRL.GC.FE.ZS	8.63176061401425e-07	0.000399152568393257	0.00094803578835101
TX.VAL.TRVL.ZS.WT_delta1	8.62927887490457e-07	9.7149513340907e-05	0.000296261183859691
IS.AIR.GOOD.MT.K1_tend2	8.55973961388668e-07	0.00159852927630569	0.00183681933993008
DT.ODA.ODAT.PC.ZS_rank	8.55923366821721e-07	0.000199336408855046	0.000177756710315814
PA.NUS.FCRF_isNA_rank	8.55625512449212e-07	0.000633990527802512	0.000592522367719381
NY.ADJ.NNTY.PC.CD_isNA_rank	8.49832793990734e-07	0.000199096533513464	0.000237008947087753
NY.GSR.NFCY.CD_rank	8.49572297931079e-07	0.000642146289416316	0.000711026841263258
NY.ADJ.DFOR.GN.ZS_isNA_rank	8.49435010280122e-07	0.000343981239829286	0.000474017894175505
SP.POP.6569.FE.5Y	8.37226849149628e-07	0.000322872209770027	0.000237008947087753
TX.VAL.MRCH.R6.ZS_delta1	8.36492117633036e-07	5.80498326629617e-05	0.000177756710315814
SP.POP.4044.MA.5Y_lag1	8.32294400528464e-07	0.000112261659860604	0.000177756710315814
DC.DAC.CANL.CD_ratioavg2	8.22199635748217e-07	0.000344460990512451	0.000533270130947443
AG.LND.AGRI.ZS_ratioavg2	8.05410314278795e-07	0.00150233926433111	0.00100728802512295
NY.ADJ.NNTY.PC.CD_delta1	8.03859313805019e-07	0.000854675842058399	0.00118504473543876
EN.GHG.CO2.BU.MT.CE.AR5_delta1	8.02338576043172e-07	0.000249470355245786	0.000177756710315814
BX.TRF.PWKR.CD.DT_ratioavg2	8.02315814529034e-07	0.000310878442690902	0.00065177460449132
BM.GSR.GNFS.CD_isNA_rank	7.99288887565975e-07	0.000973893886824895	0.00100728802512295
SH.MMR.RISK.ZS	7.96377002334022e-07	0.000440171251803863	0.000355513420631629
BM.GSR.MRCH.CD_min2	7.89698049796822e-07	6.38068408609414e-05	5.92522367719382e-05
NV.IND.TOTL.ZS_delta1	7.86248780381806e-07	0.000126174429672388	0.000296261183859691
DT.ODA.ALLD.CD_isNA_rank	7.82992412915396e-07	0.000298165049587031	0.000414765657403567
TX.VAL.MMTL.ZS.UN_lag1	7.77759205151153e-07	0.0004341743682643	0.00065177460449132
TX.VAL.MRCH.WL.CD_delta1	7.76796124075552e-07	0.000115619914642758	0.000237008947087753
SE.PRM.TCHR	7.76230905066305e-07	0.00105233312352237	0.00148130591929845
BM.GSR.GNFS.CD_ratioavg2	7.60565924656401e-07	9.11526298013448e-05	0.000177756710315814
SP.POP.5054.MA.5Y_delta1	7.57557028229154e-07	6.09283367619516e-05	0.000177756710315814
AG.LND.CREL.HA_ratiomax2	7.55283189370968e-07	9.83488900488194e-05	0.000118504473543876
SP.POP.4044.FE.5Y_delta1	7.54395722378666e-07	0.00242729858147318	0.00225158499733365
NE.GDI.FTOT.ZS_delta1	7.53448160395592e-07	0.000551953160981301	0.000592522367719381
FP.CPI.TOTL_tend2	7.52042272464392e-07	4.46168135343425e-05	0.000118504473543876
SP.URB.GROW_rank	7.45183377474408e-07	0.000105305274954712	0.000177756710315814
SP.DYN.AMRT.MA_isNA_rank	7.40929831558673e-07	0.000684604224876416	0.00112579249866682
SE.PRM.AGES_rank	7.35438071152963e-07	0.000695638490589211	0.00118504473543876
EG.USE.PCAP.KG.OE_delta1	7.35169928283826e-07	0.00021996568823114	0.000177756710315814
EN.GHG.CO2.BU.MT.CE.AR5	7.31797005423037e-07	0.00062415563879763	0.000592522367719381
DT.ODA.ALLD.KD_max2	7.23673592861989e-07	0.000123056050231816	0.000177756710315814
NV.IND.TOTL.KD_lag1	7.22604124125176e-07	3.28629217968006e-05	5.92522367719382e-05
SP.POP.5054.MA.5Y_rank	7.22225582668744e-07	0.000185423639043262	0.000237008947087753
NY.ADJ.AEDU.GN.ZS_lag1	7.1936551199511e-07	0.000788949998464798	0.000770279078035196
NE.CON.PRVT.PC.KD_isNA_rank	7.04118817772863e-07	0.00214832355921275	0.00260709841796528
FM.LBL.BMNY.GD.ZS_isNA_rank	6.98160963632253e-07	8.73146243360251e-05	0.000177756710315814
SE.SEC.ENRL.GC	6.97833180820819e-07	0.000622716386748135	0.000711026841263258
NV.IND.TOTL.ZS_isNA_rank	6.95390625816957e-07	0.000279694648285179	0.000414765657403567
FM.AST.DOMS.CN_rank	6.88731882170948e-07	0.000675728837237864	0.00065177460449132
TX.VAL.FUEL.ZS.UN_isNA_rank	6.88465764511801e-07	0.000325990589210599	0.000355513420631629
BM.GSR.TRAN.ZS_min2	6.86996936438711e-07	0.000331267846725414	0.000296261183859691
SM.POP.RHCR.EA_delta1	6.78192319299231e-07	0.000834286438023888	0.0012442969722107
TM.VAL.MRCH.R6.ZS_isNA_rank	6.64559285164391e-07	0.00298836700543462	0.00331812525922854
SP.DYN.CBRT.IN_delta1	6.64081319229899e-07	0.000171031118548313	0.000414765657403567
FI.RES.XGLD.CD_isNA_rank	6.52232178590909e-07	0.000878423500875065	0.000888783551579072
BX.GRT.TECH.CD.WD_ratiomax2	6.51262348584735e-07	5.87694586877092e-05	0.000118504473543876
BM.KLT.DINV.WD.GD.ZS_max2	6.50546829132066e-07	0.00166641399797353	0.00159981039284233
FM.LBL.BMNY.GD.ZS_rank	6.50248015364433e-07	0.00135193742515889	0.00100728802512295
TX.VAL.MANF.ZS.UN_delta1	6.45378413105024e-07	0.00219485937547975	0.00225158499733365
MS.MIL.MPRT.KD_ratiomax2	6.44183846746972e-07	0.000201495286929289	0.000177756710315814
ER.FSH.CAPT.MT_tend2	6.43836672425734e-07	0.000429616736774233	0.000533270130947443
EN.GHG.CO2.RT.GDP.KD_tend2	6.43441396044259e-07	3.74205532868679e-05	0.000118504473543876
TX.VAL.AGRI.ZS.UN_isNA_rank	6.39457051779469e-07	0.000722024778163284	0.000592522367719381
SP.POP.1564.TO_delta1	6.22678095656154e-07	0.000515012358377598	0.000592522367719381
BX.KLT.DINV.CD.WD_max2	6.15324050991554e-07	6.98037244005035e-05	0.000177756710315814
BM.KLT.DINV.WD.GD.ZS_lag1	6.09943914206611e-07	0.000312077819398815	0.000414765657403567
SE.PRM.ENRR.FE	6.07184414083342e-07	0.000482869062605545	0.00100728802512295
FP.CPI.TOTL.ZG_tend2	6.05834127483203e-07	0.000216367558107403	0.000474017894175505
TX.VAL.FUEL.ZS.UN	6.04648777612966e-07	0.000563946928060426	0.000711026841263258
BM.GSR.CMCP.ZS_lag1	6.01552961742048e-07	0.00102666646197304	0.000770279078035196
NY.GDP.TOTL.RT.ZS_delta1	5.97565973263975e-07	0.000996682044275231	0.00112579249866682
FM.AST.NFRG.CN_isNA_rank	5.97329893349372e-07	0.00251581258251712	0.00207382828701784
EN.GHG.CO2.BU.MT.CE.AR5_max2	5.92774547170901e-07	0.000152800592588044	0.000237008947087753
NE.GDI.TOTL.CD_isNA_rank	5.81810039211015e-07	0.000150641714513801	0.000237008947087753
NV.SRV.TOTL.KD.ZG_delta1	5.73198153387403e-07	0.000131451687187203	0.000296261183859691
NY.ADJ.DNGY.CD_lag1	5.72533399390784e-07	0.000130492185820873	0.000237008947087753
NV.IND.MANF.ZS_lag1	5.71826683701027e-07	0.000513333230986521	0.000829531314807134
EG.USE.PCAP.KG.OE_ratioavg2	5.64872478267029e-07	0.00178994979888851	0.00171831486638621
SE.SEC.ENRL.GC.FE.ZS_delta1	5.64065399864249e-07	0.000680766219411096	0.000888783551579072
SM.POP.NETM_delta1	5.61908807592776e-07	0.000594650971782984	0.00094803578835101
BX.GSR.NFSV.CD_tend2	5.60514293838393e-07	0.000292408041389051	0.000355513420631629
SE.PRM.TCHR_delta1	5.55302016551293e-07	0.00129340784181277	0.00142205368252652
NE.CON.GOVT.ZS_avg2	5.52985568016971e-07	0.000284971905799994	0.000355513420631629
AG.PRD.CREL.MT_ratioavg2	5.52107163562677e-07	0.000188781893825417	0.000355513420631629
NY.GDP.MKTP.KD_isNA_rank	5.51674455901776e-07	0.000334626101507569	0.000414765657403567
BM.KLT.DINV.WD.GD.ZS_isNA_rank	5.47534596227102e-07	0.000307040437225583	0.000533270130947443
AG.YLD.CREL.KG	5.42213571531036e-07	0.000339183732997636	0.000296261183859691
EG.ELC.HYRO.ZS_lag1	5.41858414936976e-07	0.000819654042187356	0.00065177460449132
BX.PEF.TOTL.CD.WD_delta1	5.40315905583338e-07	0.000211330175934171	0.000177756710315814
NY.ADJ.NNTY.CD_isNA_rank	5.35542900055905e-07	0.000343981239829286	0.000711026841263258
NY.ADJ.DFOR.CD_isNA_rank	5.34072247241795e-07	0.000428417360066321	0.00065177460449132
EN.GHG.CO2.TR.MT.CE.AR5_tend2	5.33458967046808e-07	0.000659417314010255	0.000533270130947443
NV.IND.MANF.ZS	5.31558967921151e-07	0.000957582363597286	0.000829531314807134
SH.MMR.DTHS	5.31030611250884e-07	0.00026242362369124	0.000237008947087753
FS.AST.CGOV.GD.ZS_rank	5.30701420827603e-07	0.000175828625379963	0.000237008947087753
BM.GSR.INSF.ZS_ratiomax2	5.28961783969537e-07	0.00013792832140993	0.000296261183859691
NV.IND.TOTL.KD_isNA_rank	5.26820490261511e-07	0.00123655738585772	0.00112579249866682
BX.GRT.TECH.CD.WD_max2	5.22563519284424e-07	8.779437501919e-05	0.000177756710315814
SE.SEC.ENRR	5.0737201619778e-07	0.000281373775676257	0.000533270130947443
TX.VAL.MRCH.R1.ZS_rank	5.06740113910107e-07	0.000514532607694433	0.000829531314807134
TM.VAL.MRCH.R2.ZS_delta1	5.04583546282163e-07	0.000600407979980964	0.00106654026189489
EN.URB.MCTY.TL.ZS_isNA_rank	5.04555051485253e-07	0.000734738171267156	0.000829531314807134
EN.GHG.CO2.RT.GDP.KD_ratioavg2	5.02447032835504e-07	0.000518850363842918	0.000888783551579072
EN.POP.DNST	4.99028656110221e-07	2.51869108661611e-05	5.92522367719382e-05
AG.LND.ARBL.HA.PC_tend2	4.96203572781315e-07	0.000198856658171881	0.000414765657403567
NE.CON.TOTL.KD.ZG_rank	4.95727878086759e-07	1.60716478860266e-05	5.92522367719382e-05
NE.EXP.GNFS.KD.ZG_delta1	4.89846853063685e-07	0.000392436058828948	0.000711026841263258
DC.DAC.TOTL.CD_avg2	4.82098997554209e-07	2.44672848414136e-05	5.92522367719382e-05
BX.KLT.DINV.WD.GD.ZS_tend2	4.80609386346982e-07	0.000906249040498634	0.00177756710315814
AG.PRD.FOOD.XD	4.7276834100729e-07	0.000281853526359422	0.000770279078035196
SH.STA.MMRT_lag1	4.71649570284218e-07	9.7629264024072e-05	0.000118504473543876
SH.DTH.NMRT	4.69549955109666e-07	0.000246112100463631	0.000237008947087753
NY.GDP.MKTP.KD.ZG_isNA_rank	4.67479245684603e-07	0.000140327074825755	0.000296261183859691
AG.PRD.CROP.XD_ratioavg2	4.66174876419184e-07	0.000364850394546962	0.000296261183859691
EN.GHG.CH4.MT.CE.AR5_ratioavg2	4.61104293477644e-07	0.000157118348736529	0.000355513420631629
TM.VAL.MRCH.WR.ZS_delta1	4.59567248707421e-07	0.000610242868985845	0.00106654026189489
BX.TRF.CURR.CD_isNA_rank	4.56430902612789e-07	0.000365090269888544	0.000474017894175505
SP.DYN.LE00.FE.IN_delta1	4.55956569412388e-07	0.000319753830329454	0.000592522367719381
EN.GHG.ALL.PC.CE.AR5_min2	4.54547779315367e-07	7.77196106727256e-05	5.92522367719382e-05
FM.AST.DOMS.CN_tend2	4.53893706708463e-07	8.46759955786177e-05	0.000118504473543876
IT.MLT.MAIN_max2	4.53723373503261e-07	2.37476588166662e-05	5.92522367719382e-05
BM.KLT.DINV.CD.WD_lag1	4.52533128723137e-07	0.000654859682520188	0.000711026841263258
TM.VAL.FUEL.ZS.UN	4.48168909546637e-07	0.000230040452577605	0.000296261183859691
SM.POP.RHCR.EA_isNA_rank	4.47770725117756e-07	0.00125958541864964	0.00165906262961427
NY.GDP.FCST.KD_isNA_rank	4.47285876402434e-07	0.000106744527004206	0.000237008947087753
SP.POP.6064.FE.5Y	4.45297357192986e-07	0.000692040360465473	0.000533270130947443
EG.USE.PCAP.KG.OE_ratiomax2	4.3808804421814e-07	0.000268420507230802	0.000237008947087753
SE.ENR.PRIM.FM.ZS_rank	4.3654398295549e-07	5.2772575148147e-05	5.92522367719382e-05
TX.VAL.FOOD.ZS.UN_isNA_rank	4.34087325655688e-07	0.000432495240873223	0.00065177460449132
IS.AIR.GOOD.MT.K1_delta1	4.2966538107327e-07	0.000706432880960422	0.00065177460449132
TM.VAL.MRCH.OR.ZS_lag1	4.29422330696322e-07	3.04641683809758e-05	5.92522367719382e-05
NE.EXP.GNFS.KD.ZG_isNA_rank	4.28820780440242e-07	0.000795666508029107	0.00094803578835101
TX.VAL.MRCH.RS.ZS	4.26776168492591e-07	3.69408026037029e-05	5.92522367719382e-05
EG.USE.ELEC.KH.PC	4.24376809153641e-07	0.000607844115570021	0.000888783551579072
EN.GHG.CO2.PI.MT.CE.AR5	4.23727186951344e-07	8.44361202370352e-05	0.000118504473543876
NE.EXP.GNFS.KD.ZG	4.22428517585142e-07	0.000146803709048482	0.000355513420631629
FM.LBL.BMNY.GD.ZS_tend2	4.20318954286562e-07	0.00013792832140993	0.000296261183859691
FS.AST.CGOV.GD.ZS	4.19562755996957e-07	0.000278255396235684	0.000533270130947443
NE.CON.GOVT.CD	4.18340719813173e-07	0.000130492185820873	0.000177756710315814
BM.GSR.CMCP.ZS_tend2	4.16482196474848e-07	0.000332227348091744	0.00065177460449132
BX.KLT.DINV.CD.WD_delta1	4.14349131057317e-07	7.8918987380638e-05	5.92522367719382e-05
BG.GSR.NFSV.GD.ZS_ratioavg2	4.11975419169065e-07	9.69096379993245e-05	0.000237008947087753
EN.GHG.CO2.BU.MT.CE.AR5_lag1	4.11526904309427e-07	0.00066277556879241	0.00065177460449132
BX.GSR.TRVL.ZS_lag1	4.1077712999439e-07	0.000183744511652185	0.000296261183859691
FI.RES.TOTL.CD_ratiomax2	4.10360675171759e-07	8.70747489944426e-05	5.92522367719382e-05
DT.ODA.ALLD.KD_lag1	3.97408517544997e-07	9.06728791181799e-05	0.000177756710315814
SE.ENR.PRIM.FM.ZS_isNA_rank	3.94865760979971e-07	4.4856688875925e-05	0.000118504473543876
DT.ODA.ODAT.KD_isNA_rank	3.93578923437153e-07	0.000399632319076422	0.000296261183859691
BM.GSR.INSF.ZS	3.92710440743305e-07	0.000215887807424238	0.000474017894175505
AG.LND.CROP.ZS_rank	3.88532869664824e-07	0.000474953176333323	0.000533270130947443
IT.MLT.MAIN_ratioavg2	3.81994690826298e-07	0.000191660397924407	0.000355513420631629
NE.GDI.TOTL.ZS_isNA_rank	3.8060221586865e-07	0.000707872133009917	0.000888783551579072
NV.AGR.TOTL.KD.ZG_lag1	3.80337423881249e-07	0.00140183149620805	0.00118504473543876
DC.DAC.CANL.CD_isNA_rank	3.79118784308901e-07	0.00123631751051614	0.00100728802512295
AG.LND.AGRI.K2_tend2	3.78353790021172e-07	0.000454563772298812	0.000592522367719381
NE.IMP.GNFS.KD.ZG_isNA_rank	3.77524280370728e-07	8.51557462617827e-05	0.000177756710315814
SP.DYN.CDRT.IN_delta1	3.73751321930381e-07	4.31775614848476e-05	0.000118504473543876
NV.AGR.TOTL.ZS_isNA_rank	3.70737102722344e-07	0.00227113973410298	0.00177756710315814
BG.GSR.NFSV.GD.ZS_avg2	3.69733405745033e-07	0.000124735177622893	0.000177756710315814
SP.POP.1564.FE.ZS_delta1	3.63268372618551e-07	0.000674289585188369	0.000829531314807134
NE.EXP.GNFS.CD_tend2	3.59485000255031e-07	0.00045144539285824	0.000592522367719381
SH.IMM.IDPT	3.59342757479444e-07	3.88598053363628e-05	5.92522367719382e-05
SE.ENR.PRIM.FM.ZS	3.59159055963171e-07	0.000339663483680801	0.000474017894175505
BM.TRF.PWKR.CD.DT_ratioavg2	3.58359467317693e-07	0.00193819275998649	0.00159981039284233
DT.ODA.ODAT.PC.ZS_tend2	3.54343308289955e-07	0.000126654180355553	0.000296261183859691
NE.CON.TOTL.KD.ZG_isNA_rank	3.53137359415388e-07	0.000131691562528785	0.000296261183859691
AG.CON.FERT.ZS_delta1	3.51984109462003e-07	0.000562507676010931	0.000533270130947443
TM.VAL.MRCH.R1.ZS	3.51900761080725e-07	0.000185663514384844	0.000296261183859691
EG.USE.ELEC.KH.PC_avg2	3.47250027611145e-07	9.73893886824895e-05	0.000177756710315814
EN.GHG.CH4.IC.MT.CE.AR5_tend2	3.45659591195918e-07	0.00249110542233412	0.00183681933993008
EG.ELC.COAL.ZS_ratioavg2	3.43070862741324e-07	0.000373485906843931	0.000355513420631629
EN.GHG.CO2.IC.MT.CE.AR5_delta1	3.4056430610976e-07	2.18286560840063e-05	5.92522367719382e-05
TM.VAL.FOOD.ZS.UN_delta1	3.39796494581834e-07	0.00034733949461144	0.000592522367719381
FI.RES.TOTL.MO	3.39114364356206e-07	0.000286890908532654	0.000533270130947443
NE.RSB.GNFS.ZS	3.36467099689152e-07	0.00022956070189444	0.000296261183859691
BX.GSR.TRAN.ZS_min2	3.34125441811384e-07	2.42274094998311e-05	5.92522367719382e-05
SH.DTH.IMRT_lag1	3.33321642503033e-07	0.000825890801068501	0.00065177460449132
NY.ADJ.DNGY.GN.ZS_rank	3.32860313926909e-07	5.75700819797967e-05	5.92522367719382e-05
FI.RES.TOTL.CD_tend2	3.29224600982192e-07	9.59501366329946e-05	0.000118504473543876
MS.MIL.XPND.CD_isNA_rank	3.28599932620728e-07	0.00153376293407842	0.0012442969722107
NV.AGR.TOTL.CD_isNA_rank	3.2479596069544e-07	0.000423140102551506	0.000474017894175505
EN.GHG.CH4.BU.MT.CE.AR5_delta1	3.18473685706623e-07	0.000109623031103196	0.000177756710315814
EN.GHG.CO2.PI.MT.CE.AR5_tend2	3.17742361708104e-07	0.00040418995056649	0.000592522367719381
NE.GDI.FTOT.CD_delta1	3.07759607403208e-07	0.000722024778163284	0.000770279078035196
SE.PRM.ENRR.FE_rank	3.07456330220036e-07	3.28629217968006e-05	0.000118504473543876
NE.RSB.GNFS.CD_rank	3.038558534976e-07	4.67756916085849e-05	0.000118504473543876
NE.CON.PRVT.ZS_ratioavg2	2.99697855072333e-07	1.7271024593939e-05	5.92522367719382e-05
TM.VAL.MRCH.HI.ZS_rank	2.99691382114775e-07	4.14984340937701e-05	0.000118504473543876
BM.TRF.PWKR.CD.DT_delta1	2.99644066157989e-07	6.33270901777764e-05	5.92522367719382e-05
IS.AIR.PSGR_tend2	2.98581435573662e-07	0.000729940664435506	0.000711026841263258
IT.CEL.SETS_lag1	2.9804481703544e-07	3.79003039700329e-05	0.000118504473543876
NY.GDP.MKTP.CD_isNA_rank	2.97488577945835e-07	0.000122576299548651	0.000296261183859691
EN.GHG.CO2.IP.MT.CE.AR5_delta1	2.96158913715752e-07	0.000163115232276091	0.000177756710315814
SP.DYN.LE00.MA.IN_delta1	2.95599918719117e-07	0.000292408041389051	0.000474017894175505
TM.VAL.MRCH.R1.ZS_delta1	2.95183560128653e-07	0.000233158832018177	0.000474017894175505
FI.RES.XGLD.CD	2.92796987587394e-07	0.000165034235008751	0.000237008947087753
NY.ADJ.DKAP.GN.ZS_lag1	2.92598254540467e-07	0.000871227240627591	0.000888783551579072
EN.GHG.CH4.WA.MT.CE.AR5_ratioavg2	2.91229586912391e-07	0.000189501519850164	0.000296261183859691
EG.ELC.NGAS.ZS	2.88901583948073e-07	3.21432957720532e-05	5.92522367719382e-05
BX.GSR.CMCP.ZS_tend2	2.87396708934825e-07	8.779437501919e-05	0.000118504473543876
DT.ODA.ODAT.KD_max2	2.84160493382451e-07	4.10186834106052e-05	5.92522367719382e-05
NV.AGR.TOTL.CN_lag1	2.80926664953457e-07	9.23520065092573e-05	0.000177756710315814
SP.POP.1519.MA.5Y_delta1	2.79983258249229e-07	0.000241314593631981	0.000533270130947443
NY.GDP.PETR.RT.ZS	2.78944215789966e-07	0.000149922088489054	0.000237008947087753
BX.GSR.TRVL.ZS_delta1	2.77624482250236e-07	8.39563695538702e-05	0.000118504473543876
TM.VAL.MRCH.R1.ZS_rank	2.75924728376257e-07	4.74953176333323e-05	0.000118504473543876
EG.USE.PCAP.KG.OE_lag1	2.7496842631462e-07	0.000213489054008413	0.000296261183859691
DC.DAC.JPNL.CD_max2	2.71382177908717e-07	4.60560655838374e-05	0.000118504473543876
SE.PRM.TCHR_isNA_rank	2.70713811733915e-07	0.000799504513494427	0.000770279078035196
ER.FSH.AQUA.MT_ratioavg2	2.6832404852132e-07	0.000587934462218674	0.000888783551579072
BX.GRT.EXTA.CD.WD_max2	2.65709662196067e-07	8.32367435291228e-05	0.000177756710315814
AG.YLD.CREL.KG_tend2	2.64840032710793e-07	0.000784392366974731	0.000829531314807134
FI.RES.TOTL.CD	2.64787935517604e-07	7.0043599742086e-05	0.000177756710315814
NY.ADJ.DNGY.GN.ZS_lag1	2.63496465307801e-07	0.000114420537934846	0.000177756710315814
IS.AIR.DPRT_isNA_rank	2.6341220565681e-07	8.875387638552e-05	0.000118504473543876
DC.DAC.CECL.CD_min2	2.62252165346692e-07	0.000291208664681139	0.000533270130947443
NY.GDP.MKTP.KD.ZG_rank	2.61021639194233e-07	9.88286407319844e-05	0.000177756710315814
NY.GDP.MINR.RT.ZS_isNA_rank	2.60725143895346e-07	0.000842682074979275	0.00094803578835101
NY.GDP.PETR.RT.ZS_isNA_rank	2.60161496898673e-07	0.000447847262734502	0.000770279078035196
BX.GSR.CMCP.ZS	2.59451353024578e-07	0.000163834858300838	0.000414765657403567
BM.GSR.TOTL.CD_ratioavg2	2.55121087935236e-07	0.000183504636310602	0.000237008947087753
BM.KLT.DINV.CD.WD	2.54960867423167e-07	0.00125574741318432	0.00118504473543876
NE.EXP.GNFS.CD_delta1	2.54354383913576e-07	6.28473394946114e-05	5.92522367719382e-05
TX.VAL.MRCH.CD.WT	2.51536396887572e-07	1.7750775277104e-05	5.92522367719382e-05
EN.GHG.CO2.RT.GDP.KD_ratiomax2	2.46627360236276e-07	0.00031447657281464	0.000296261183859691
SE.PRM.TCHR_rank	2.46528092946508e-07	0.000591772467683994	0.000829531314807134
EN.GHG.N2O.IC.MT.CE.AR5_tend2	2.46127640340312e-07	0.000888738140563112	0.000829531314807134
AG.YLD.CREL.KG_delta1	2.43799741160179e-07	0.000471594921551168	0.000474017894175505
NE.CON.GOVT.ZS_isNA_rank	2.4345996832334e-07	0.000124015551598145	0.000177756710315814
IT.MLT.MAIN	2.3360551822329e-07	0.000111062283152691	0.000237008947087753
SP.DYN.IMRT.FE.IN	2.32389183864064e-07	7.36417298658233e-05	5.92522367719382e-05
DC.DAC.TOTL.CD_min2	2.30678830465859e-07	8.68348736528601e-05	0.000118504473543876
NE.TRD.GNFS.ZS_isNA_rank	2.29106206473887e-07	0.000269380008597132	0.000474017894175505
NY.GDP.FCST.CD_delta1	2.26952742730397e-07	0.000317834827596795	0.000355513420631629
EN.GHG.CH4.TR.MT.CE.AR5_ratioavg2	2.26413668025809e-07	0.000123775676256563	0.000118504473543876
DC.DAC.GBRL.CD	2.25849547671204e-07	5.03738217323221e-05	0.000118504473543876
EN.GHG.CO2.TR.MT.CE.AR5_lag1	2.25278869755461e-07	0.000632071525069852	0.000711026841263258
SP.POP.0014.FE.IN_lag1	2.21492347785007e-07	0.000556510792471369	0.000533270130947443
NE.CON.TOTL.KD.ZG_lag1	2.20303719159233e-07	0.000479031057140225	0.000592522367719381
TM.VAL.AGRI.ZS.UN_lag1	2.20180412743645e-07	0.000190461021216494	0.000533270130947443
SP.POP.4549.MA.5Y_delta1	2.1732451302381e-07	0.000139367573459425	0.000414765657403567
NY.ADJ.DNGY.GN.ZS_isNA_rank	2.1714493811464e-07	0.000130012435137708	0.000237008947087753
NV.IND.TOTL.KD.ZG_delta1	2.1674112609436e-07	0.000483108937947128	0.00100728802512295
EN.GHG.ALL.PC.CE.AR5_tend2	2.16581331762694e-07	0.000103146396880469	0.000177756710315814
SE.PRM.ENRL.FE.ZS	2.15252092397087e-07	0.00229512726826123	0.00207382828701784
TM.VAL.FOOD.ZS.UN_isNA_rank	2.14425091449399e-07	0.00084220232429611	0.00112579249866682
SP.POP.4044.FE.5Y_lag1	2.11947737568484e-07	0.000702594875495103	0.000533270130947443
BX.GSR.TOTL.CD_ratioavg2	2.11641346237826e-07	0.000154239844637539	0.000296261183859691
SE.PRM.ENRL	2.09365841523057e-07	0.000418822346403021	0.000888783551579072
NV.IND.TOTL.ZS	2.08993619165358e-07	6.86043476925911e-05	0.000118504473543876
FS.AST.CGOV.GD.ZS_lag1	2.07855062703782e-07	0.000106984402345789	0.000177756710315814
DC.DAC.USAL.CD_rank	2.06032923425985e-07	0.000103146396880469	0.000118504473543876
SP.POP.2024.MA.5Y_delta1	2.05101386013331e-07	7.0043599742086e-05	0.000177756710315814
TX.VAL.SERV.CD.WT_isNA_rank	2.04832034648157e-07	5.06136970739046e-05	0.000118504473543876
BX.GSR.TRVL.ZS_tend2	2.04093047287284e-07	0.000196457904756056	0.000355513420631629
AG.YLD.CREL.KG_min2	2.03236448838672e-07	0.000917763056894593	0.000711026841263258
BM.GSR.NFSV.CD_isNA_rank	2.02998340390628e-07	9.04330037765974e-05	0.000177756710315814
DC.DAC.DEUL.CD_ratioavg2	2.02390554248687e-07	3.07040437225583e-05	5.92522367719382e-05
NY.GDP.FCST.KD_delta1	2.02348455439498e-07	0.000145604332340569	0.000177756710315814
BM.KLT.DINV.CD.WD_max2	2.01124629228966e-07	0.000748171190395775	0.000711026841263258
DC.DAC.GBRL.CD_ratioavg2	1.98865906473722e-07	0.000115859789984341	0.000296261183859691
TM.VAL.MRCH.WL.CD	1.97823812325366e-07	2.20685314255887e-05	5.92522367719382e-05
SP.POP.GROW_rank	1.97389900130671e-07	6.64454696183487e-05	0.000118504473543876
BX.GRT.TECH.CD.WD_rank	1.97300496763785e-07	0.000236277211458749	0.000177756710315814
DT.ODA.ALLD.CD_lag1	1.97186758743907e-07	0.000157358224078111	0.000177756710315814
EG.USE.PCAP.KG.OE_tend2	1.97074846865385e-07	0.00118186580797691	0.00118504473543876
EG.USE.ELEC.KH.PC_min2	1.96959552600702e-07	0.000421700850502011	0.00065177460449132
SE.PRM.ENRL_lag1	1.95422145803004e-07	0.000152560717246461	0.000355513420631629
FS.AST.PRVT.GD.ZS_lag1	1.93914065914567e-07	0.000878423500875065	0.000770279078035196
NY.ADJ.NNTY.CD_delta1	1.92902732692001e-07	0.000123295925573398	0.000177756710315814
NE.IMP.GNFS.ZS	1.91363349648408e-07	8.22772421627929e-05	0.000237008947087753
BX.KLT.DINV.CD.WD	1.91119197664992e-07	4.31775614848476e-05	0.000118504473543876
SP.POP.0509.FE.5Y_lag1	1.90142134075833e-07	4.58161902422549e-05	0.000118504473543876
BX.TRF.PWKR.DT.GD.ZS	1.90104306536281e-07	8.05981147717154e-05	0.000118504473543876
NE.CON.GOVT.ZS_rank	1.8985971494852e-07	6.88442230341736e-05	0.000177756710315814
PA.NUS.ATLS_delta1	1.87932758031425e-07	0.000196937655439221	0.000474017894175505
TX.VAL.MMTL.ZS.UN	1.87626512273109e-07	8.70747489944426e-05	0.000237008947087753
SM.POP.RHCR.EO_rank	1.86977663961339e-07	0.000516691485768676	0.000474017894175505
EN.GHG.ALL.MT.CE.AR5_ratioavg2	1.86936101913274e-07	0.000759925082133317	0.000711026841263258
EN.GHG.N2O.TR.MT.CE.AR5_tend2	1.85673337269208e-07	9.37912585587522e-05	0.000177756710315814
BM.TRF.PWKR.CD.DT_lag1	1.84616391560546e-07	0.000160236728177101	0.000296261183859691
NV.AGR.TOTL.CD_delta1	1.84470970106495e-07	0.000249950105928951	0.000533270130947443
EN.GHG.CO2.IC.MT.CE.AR5_ratioavg2	1.84296456658364e-07	0.00301499316835027	0.00284410736505303
TX.VAL.MMTL.ZS.UN_isNA_rank	1.83770823554475e-07	0.000168392489790905	0.000118504473543876
FP.CPI.TOTL_isNA_rank	1.82581735011074e-07	0.00183696536583868	0.00231083723410559
SE.SEC.ENRL_rank	1.82272412652937e-07	0.000984448401854524	0.000711026841263258
SE.SEC.ENRL.GC_lag1	1.82169580761984e-07	0.000101947020172557	0.000177756710315814
AG.PRD.CROP.XD_min2	1.8143588538881e-07	0.000239635466240904	0.000474017894175505
NE.RSB.GNFS.CN_isNA_rank	1.79778738265016e-07	8.05981147717154e-05	0.000237008947087753
SM.POP.RHCR.EA_lag1	1.78879855804022e-07	0.000446168135343425	0.000829531314807134
BM.GSR.TRVL.ZS_rank	1.77759711259605e-07	2.15887807424238e-05	5.92522367719382e-05
SH.DTH.NMRT_lag1	1.77463465314026e-07	0.00017558875003838	0.000177756710315814
NV.SRV.TOTL.ZS_delta1	1.77287651413123e-07	4.91744450244097e-05	0.000118504473543876
EN.GHG.CO2.BU.MT.CE.AR5_min2	1.76029514572897e-07	0.000651981178421198	0.000533270130947443
MS.MIL.MPRT.KD_avg2	1.75600046490384e-07	0.000282333277042587	0.000533270130947443
AG.LND.CROP.ZS_ratioavg2	1.74354202591924e-07	5.3252325831312e-05	0.000118504473543876
DC.DAC.CECL.CD_avg2	1.74217700497927e-07	0.000394834812244773	0.000711026841263258
SH.DTH.MORT_rank	1.7345820310387e-07	9.01931284350149e-05	0.000177756710315814
NV.AGR.TOTL.KD_delta1	1.7157039090941e-07	0.000230280327919187	0.000474017894175505
DC.DAC.TOTL.CD_rank	1.69758176592575e-07	0.00027009963462188	0.000237008947087753
FP.CPI.TOTL.ZG_rank	1.68900582423869e-07	4.62959409254199e-05	5.92522367719382e-05
BX.GSR.FCTY.CD_isNA_rank	1.65943661864603e-07	0.000176068500721545	0.000355513420631629
EN.GHG.CH4.MT.CE.AR5_delta1	1.65800416544873e-07	2.68660382572385e-05	5.92522367719382e-05
EN.GHG.CO2.IP.MT.CE.AR5_tend2	1.65229325365924e-07	4.00591820442752e-05	0.000118504473543876
NE.GDI.FTOT.ZS_rank	1.65027338922583e-07	2.30280327919187e-05	5.92522367719382e-05
SP.POP.0014.TO.ZS_lag1	1.64618581160263e-07	0.000100987518806227	0.000118504473543876
ER.FSH.PROD.MT_tend2	1.64115288037739e-07	0.00097533313887439	0.00118504473543876
SP.POP.1519.FE.5Y_rank	1.6408878238772e-07	0.000196937655439221	0.000414765657403567
ER.FSH.AQUA.MT_tend2	1.63737468836859e-07	0.000366289646596457	0.000711026841263258
BM.GSR.CMCP.ZS_avg2	1.62098686210518e-07	0.000658457812643925	0.00065177460449132
YearsSinceFirst_rank	1.61615752383624e-07	0.000149922088489054	0.000414765657403567
AG.LND.ARBL.ZS_ratioavg2	1.59170699544652e-07	0.000241554468973564	0.000355513420631629
SE.PRM.TCHR_lag1	1.58885572223296e-07	0.000783912616291566	0.000770279078035196
EG.USE.PCAP.KG.OE_avg2	1.58455483110879e-07	7.41214805489883e-05	0.000118504473543876
DC.DAC.CANL.CD_rank	1.58444421988996e-07	0.000134570066627775	0.000237008947087753
NY.ADJ.AEDU.GN.ZS	1.57512507362756e-07	0.000807420399766649	0.00065177460449132
SE.ENR.PRIM.FM.ZS_delta1	1.57376886568567e-07	0.000207732045810433	0.000533270130947443
BM.KLT.DINV.CD.WD_ratiomax2	1.56688684856692e-07	0.000236277211458749	0.000355513420631629
SH.MMR.RISK.ZS_lag1	1.55768562938965e-07	0.000418102720378274	0.000296261183859691
NE.CON.PRVT.PC.KD_max2	1.55714301054833e-07	2.87850409898984e-05	5.92522367719382e-05
NY.GDP.DEFL.KD.ZG	1.55530274970667e-07	0.00120009633393718	0.00130354920898264
TM.VAL.MRCH.OR.ZS_rank	1.55357439557494e-07	0.000342541987779791	0.000237008947087753
TM.VAL.MRCH.R2.ZS	1.54917000398203e-07	0.000168392489790905	0.000237008947087753
BX.GSR.TRAN.ZS_isNA_rank	1.54726198924387e-07	0.000995962418250483	0.00094803578835101
BM.GSR.TRAN.ZS_isNA_rank	1.53414276824457e-07	0.000137208695385182	0.000177756710315814
FM.LBL.BMNY.GD.ZS_ratioavg2	1.53036178561544e-07	0.000103626147563634	0.000296261183859691
BM.GSR.INSF.ZS_avg2	1.5265902170938e-07	7.8918987380638e-05	0.000118504473543876
IS.AIR.DPRT_tend2	1.52504876945655e-07	0.00030871956461666	0.000533270130947443
NE.CON.TOTL.CD_isNA_rank	1.52130282397481e-07	0.000598488977248304	0.00142205368252652
SE.SEC.AGES_rank	1.52020205865272e-07	0.000869068362553348	0.00118504473543876
AG.LND.ARBL.HA_tend2	1.50234179228365e-07	0.00075152944517793	0.00106654026189489
AG.PRD.LVSK.XD_ratioavg2	1.50142752808073e-07	5.82897080045442e-05	0.000118504473543876
AG.PRD.CROP.XD_lag1	1.49675639070804e-07	0.000110102781786361	0.000237008947087753
NE.CON.GOVT.CD_tend2	1.49488303846366e-07	0.000144404955632657	0.000296261183859691
BM.GSR.INSF.ZS_rank	1.48981411723209e-07	2.01495286929289e-05	5.92522367719382e-05
AG.PRD.LVSK.XD_tend2	1.485223209732e-07	3.90996806779453e-05	0.000118504473543876
BX.GSR.MRCH.CD_isNA_rank	1.47336248847411e-07	0.000253308360711106	0.000414765657403567
SP.DYN.TO65.MA.ZS_rank	1.46935429695983e-07	6.83644723510086e-05	5.92522367719382e-05
TM.VAL.MRCH.R6.ZS_delta1	1.46017538040922e-07	8.65949983112776e-05	0.000177756710315814
EN.POP.DNST_delta1	1.45835454284582e-07	1.94299026681814e-05	5.92522367719382e-05
EN.GHG.N2O.TR.MT.CE.AR5_delta1	1.43275607480609e-07	6.62055942767663e-05	0.000118504473543876
TM.VAL.MRCH.AL.ZS_lag1	1.43199879493545e-07	0.000107704028370536	0.000296261183859691
NE.EXP.GNFS.KD.ZG_rank	1.42622772148592e-07	0.000139607448801007	0.000296261183859691
AG.PRD.CREL.MT_tend2	1.42586655677839e-07	0.000746971813687863	0.00106654026189489
EG.ELC.NUCL.ZS_ratiomax2	1.41766964394355e-07	0.000361252264423225	0.000296261183859691
TX.VAL.MMTL.ZS.UN_delta1	1.40709004944639e-07	0.000155439221345451	0.000414765657403567
TX.VAL.AGRI.ZS.UN_lag1	1.40674889123845e-07	0.000497741333783659	0.000770279078035196
FP.CPI.TOTL.ZG_isNA_rank	1.39977398086315e-07	0.00160140778040468	0.00148130591929845
SP.POP.7579.MA.5Y_lag1	1.39411717132498e-07	6.38068408609414e-05	5.92522367719382e-05
NY.ADJ.AEDU.GN.ZS_delta1	1.38934650819394e-07	0.000182785010285855	0.000177756710315814
AG.CON.FERT.ZS_max2	1.38914287978878e-07	3.5981301237373e-05	5.92522367719382e-05
BX.KLT.DINV.CD.WD_isNA_rank	1.38434237669125e-07	0.000301283429027603	0.000533270130947443
NE.EXP.GNFS.ZS_isNA_rank	1.38113625915611e-07	0.000144404955632657	0.000237008947087753
BM.KLT.DINV.WD.GD.ZS_min2	1.36412991361842e-07	0.000217566934815315	0.000355513420631629
FS.AST.CGOV.GD.ZS_isNA_rank	1.36152152909502e-07	0.000247791227854709	0.000414765657403567
TM.VAL.MRCH.R5.ZS_lag1	1.35082345997493e-07	0.000149442337805889	0.000414765657403567
SP.POP.DPND.OL_delta1	1.3428997609404e-07	0.000390996806779453	0.000414765657403567
AG.CON.FERT.ZS_ratioavg2	1.33702427812226e-07	0.000854196091375234	0.00100728802512295
SE.SEC.ENRR.MA_rank	1.33422078369223e-07	0.000467277165402684	0.000592522367719381
MS.MIL.XPND.GD.ZS_delta1	1.33180279292663e-07	1.67912739107741e-05	5.92522367719382e-05
DT.ODA.ODAT.PC.ZS_max2	1.32800996464098e-07	7.77196106727256e-05	5.92522367719382e-05
EN.GHG.CH4.FE.MT.CE.AR5_tend2	1.30400322721678e-07	0.000643105790782646	0.0012442969722107
SP.POP.TOTL.FE.IN_delta1	1.30336401250924e-07	0.000144404955632657	0.000177756710315814
DC.DAC.DEUL.CD_delta1	1.30311765340408e-07	4.07788080690227e-05	0.000118504473543876
SE.PRM.ENRR.FE_isNA_rank	1.30146622356305e-07	0.000125214928306058	0.000237008947087753
EN.GHG.N2O.BU.MT.CE.AR5_delta1	1.30020614485761e-07	0.000490545073536185	0.000711026841263258
FD.AST.PRVT.GD.ZS_max2	1.2865800090424e-07	0.000298884675611778	0.000355513420631629
AG.LND.ARBL.HA.PC	1.28570355893119e-07	8.05981147717154e-05	0.000237008947087753
BX.GSR.CMCP.ZS_min2	1.27546829245534e-07	0.000121856673523903	0.000237008947087753
SP.DYN.TFRT.IN	1.27176403263029e-07	0.000115380039301176	0.000118504473543876
NE.IMP.GNFS.KD_isNA_rank	1.25110653593353e-07	0.0013272302649759	0.00112579249866682
EN.GHG.CH4.IC.MT.CE.AR5_rank	1.2137817913098e-07	8.29968681875403e-05	5.92522367719382e-05
DT.ODA.ODAT.KD_ratioavg2	1.21033615392341e-07	5.70903312966318e-05	0.000118504473543876
TX.VAL.TRAN.ZS.WT	1.20817283744384e-07	0.000114900288618011	0.000177756710315814
AG.LND.ARBL.HA_min2	1.1914938208042e-07	6.45264668856888e-05	0.000118504473543876
NV.IND.MANF.KD_isNA_rank	1.1831438088781e-07	0.000350697749393595	0.00065177460449132
AG.LND.PRCP.MM	1.18165024984111e-07	1.67912739107741e-05	5.92522367719382e-05
SH.DTH.IMRT	1.17474570919984e-07	0.000131931437870368	0.000177756710315814
NY.ADJ.DFOR.GN.ZS	1.16864563619245e-07	1.94299026681814e-05	5.92522367719382e-05
FI.RES.XGLD.CD_tend2	1.16724734131029e-07	0.000207971921152016	0.000296261183859691
DC.DAC.JPNL.CD_tend2	1.16641342144262e-07	0.000478791181798643	0.000770279078035196
TM.VAL.OTHR.ZS.WT_isNA_rank	1.15025122618583e-07	0.000151841091221714	0.000355513420631629
DC.DAC.JPNL.CD_isNA_rank	1.15000862351954e-07	0.00017462924867205	0.000237008947087753
BM.GSR.FCTY.CD_max2	1.13910502303992e-07	0.000168392489790905	0.000414765657403567
NY.GDP.DEFL.KD.ZG_delta1	1.13503530378485e-07	3.83800546531978e-05	0.000118504473543876
DT.ODA.ALLD.CD_rank	1.13185354556478e-07	7.96386134053855e-05	5.92522367719382e-05
FS.AST.CGOV.GD.ZS_delta1	1.12500523878851e-07	8.68348736528601e-05	5.92522367719382e-05
TM.VAL.OTHR.ZS.WT	1.12220218173536e-07	0.000189261644508582	0.000237008947087753
NY.GDP.PCAP.KN_isNA_rank	1.11178204605863e-07	0.00215480019343548	0.00171831486638621
BM.GSR.CMCP.ZS	1.10423615690545e-07	0.000238915840216156	0.000296261183859691
EN.URB.LCTY.UR.ZS_rank	1.0952461670154e-07	1.84704013018515e-05	5.92522367719382e-05
NV.IND.MANF.KD_rank	1.09241767859362e-07	5.2772575148147e-05	0.000118504473543876
NE.GDI.TOTL.CD_delta1	1.09107316369138e-07	8.75544996776075e-05	0.000237008947087753
AG.LND.CREL.HA_tend2	1.07895826006775e-07	0.000401791197150665	0.000888783551579072
NE.CON.TOTL.KD.ZG_ratioavg2	1.071819712987e-07	0.000834046562682305	0.000770279078035196
EN.GHG.N2O.FE.MT.CE.AR5_lag1	1.06921168308095e-07	0.000152320841904879	0.000296261183859691
BX.GSR.GNFS.CD_tend2	1.06753906789252e-07	0.000320953207037367	0.000474017894175505
EN.GHG.N2O.BU.MT.CE.AR5_avg2	1.0612120954843e-07	4.86946943412448e-05	0.000118504473543876
NE.CON.PRVT.KD.ZG_avg2	1.0606187252779e-07	5.85295833461267e-05	0.000118504473543876
SE.PRM.ENRL_isNA_rank	1.05998796605799e-07	0.000105545150296294	0.000177756710315814
EN.GHG.CO2.TR.MT.CE.AR5_ratioavg2	1.05832519712674e-07	0.000338464106972888	0.00065177460449132
NY.GDP.MINR.RT.ZS_delta1	1.03512021073194e-07	0.000252108984003193	0.000296261183859691
NY.GDS.TOTL.CD_isNA_rank	1.0224022194477e-07	0.00121496860511529	0.000888783551579072
DT.ODA.ODAT.CD_rank	1.01923073804595e-07	0.00133562590193128	0.00106654026189489
TM.VAL.FUEL.ZS.UN_lag1	1.01500170357587e-07	1.63115232276091e-05	5.92522367719382e-05
EN.GHG.CH4.AG.MT.CE.AR5_tend2	1.0103840436451e-07	0.000133610565261445	0.000237008947087753
TX.VAL.MRCH.R6.ZS_rank	9.75979351110787e-08	0.000201975037612454	0.000355513420631629
BX.GSR.TRVL.ZS	9.72992830121878e-08	5.78099573213792e-05	0.000118504473543876
FD.AST.PRVT.GD.ZS_ratioavg2	9.65142110874281e-08	0.000513333230986521	0.00065177460449132
EN.URB.MCTY.TL.ZS_ratiomax2	9.63836142411921e-08	1.91900273265989e-05	5.92522367719382e-05
SP.DYN.IMRT.MA.IN_delta1	9.51770705291142e-08	3.57414258957905e-05	5.92522367719382e-05
BX.GSR.MRCH.CD_tend2	9.38651231952205e-08	4.17383094353526e-05	0.000118504473543876
NY.GDP.DEFL.ZS_isNA_rank	9.36640311182789e-08	0.000308239813933495	0.000533270130947443
EN.URB.LCTY.UR.ZS_ratioavg2	9.26732040354922e-08	0.000460560655838374	0.000414765657403567
TM.VAL.MMTL.ZS.UN_rank	9.23892729441181e-08	0.000235317710092419	0.000533270130947443
BM.GSR.FCTY.CD_isNA_rank	9.21457262983257e-08	0.000962619745770518	0.00118504473543876
AG.PRD.CREL.MT_ratiomax2	9.18782326922989e-08	5.01339463907397e-05	5.92522367719382e-05
NV.IND.MANF.KD_lag1	9.08612842207295e-08	0.000214928306057908	0.000296261183859691
IS.AIR.PSGR_lag1	9.06568613218987e-08	0.000139367573459425	0.000177756710315814
DC.DAC.CANL.CD_min2	9.06128863150059e-08	9.11526298013448e-05	0.000296261183859691
NE.RSB.GNFS.CD_isNA_rank	9.03227991126235e-08	7.38816052074058e-05	0.000177756710315814
SP.POP.GROW_delta1	8.99647433295992e-08	3.28629217968006e-05	0.000118504473543876
NE.EXP.GNFS.KD_isNA_rank	8.95189769738411e-08	0.000199816159538211	0.000296261183859691
EG.ELC.FOSL.ZS_max2	8.8939275817584e-08	2.51869108661611e-05	5.92522367719382e-05
SP.POP.1014.MA.5Y	8.86305859019308e-08	0.0028516380607326	0.00171831486638621
SP.POP.6064.MA.5Y_lag1	8.81766641614724e-08	7.58006079400657e-05	5.92522367719382e-05
SP.DYN.IMRT.IN	8.73303929240059e-08	0.000646703920906383	0.000414765657403567
SE.PRM.ENRR.MA_isNA_rank	8.69236496734764e-08	6.42865915441064e-05	0.000118504473543876
NY.GDS.TOTL.ZS_isNA_rank	8.62541772826892e-08	0.000223323943013295	0.000355513420631629
DT.ODA.ALLD.KD_ratiomax2	8.55567127160118e-08	3.93395560195278e-05	0.000118504473543876
NE.CON.TOTL.KD.ZG_ratiomax2	8.5521211391731e-08	0.000263143249715988	0.000177756710315814
DC.DAC.GBRL.CD_lag1	8.51070362287423e-08	0.00120921159691731	0.00213308052378977
AG.PRD.LVSK.XD	8.51055330573365e-08	9.18722558260923e-05	0.000237008947087753
EG.USE.PCAP.KG.OE_rank	8.3157850862595e-08	2.63862875740735e-05	5.92522367719382e-05
TX.VAL.TRAN.ZS.WT_delta1	8.22426213878613e-08	0.000123295925573398	0.000355513420631629
BX.GSR.MRCH.CD_lag1	8.20738474702712e-08	0.000225242945745955	0.000177756710315814
EN.GHG.CH4.PI.MT.CE.AR5_ratioavg2	8.1996054205032e-08	0.00200319897755534	0.00159981039284233
DT.ODA.ALLD.CD	8.17633748910649e-08	7.38816052074058e-05	0.000118504473543876
DC.DAC.CECL.CD_max2	8.17228511587669e-08	0.000140327074825755	0.000177756710315814
IS.AIR.PSGR_ratioavg2	8.07714895741912e-08	0.000529404878872547	0.000888783551579072
TX.VAL.MRCH.R2.ZS_lag1	8.04052167536632e-08	0.000290968789339556	0.00065177460449132
FP.CPI.TOTL.ZG_ratiomax2	7.95121635643912e-08	0.000188781893825417	0.000296261183859691
TM.VAL.OTHR.ZS.WT_rank	7.93617435826461e-08	0.00012449530228131	0.000237008947087753
EN.GHG.CO2.BU.MT.CE.AR5_avg2	7.81762259532418e-08	0.000204613666369861	0.000177756710315814
NY.GDS.TOTL.CD_delta1	7.62964476493095e-08	0.000273218014062452	0.000355513420631629
SP.POP.0014.MA.IN_rank	7.61390284956873e-08	6.57258435936013e-05	0.000118504473543876
FI.RES.TOTL.CD_max2	7.61092553062959e-08	1.70311492523565e-05	5.92522367719382e-05
IS.AIR.PSGR_rank	7.56830180877399e-08	0.000160716478860266	0.000237008947087753
EN.GHG.N2O.IP.MT.CE.AR5_ratioavg2	7.48390732138099e-08	0.000540918895268507	0.000770279078035196
BG.GSR.NFSV.GD.ZS_rank	7.15270707591793e-08	2.32679081335012e-05	5.92522367719382e-05
IS.AIR.PSGR_isNA_rank	7.11788522363356e-08	0.000188062267800669	0.000177756710315814
NV.IND.TOTL.KD.ZG_rank	7.10928317495075e-08	6.18878381282815e-05	0.000118504473543876
NV.IND.MANF.CD_delta1	7.07055468868202e-08	0.000542598022659584	0.00112579249866682
BM.KLT.DINV.WD.GD.ZS_tend2	6.96637602576955e-08	0.000682205471460591	0.000533270130947443
NE.CON.GOVT.ZS	6.89331076718056e-08	0.000285691531824741	0.000414765657403567
NY.GDP.PETR.RT.ZS_lag1	6.85837918426666e-08	3.23831711136357e-05	5.92522367719382e-05
SP.POP.0014.FE.IN	6.8403788204499e-08	0.000495822331050999	0.000592522367719381
TX.VAL.MRCH.WR.ZS	6.80922538694263e-08	0.000290968789339556	0.000533270130947443
NY.ADJ.DNGY.CD_rank	6.79502578071059e-08	2.49470355245786e-05	5.92522367719382e-05
NY.ADJ.DRES.GN.ZS	6.72672179572443e-08	0.000177747628112622	0.000237008947087753
TM.VAL.AGRI.ZS.UN_rank	6.70740801649429e-08	9.01931284350149e-05	0.000177756710315814
FS.AST.PRVT.GD.ZS_tend2	6.65943276255944e-08	0.000385479673923056	0.000533270130947443
DT.NFL.UNDP.CD	6.60067990674423e-08	8.32367435291228e-05	0.000177756710315814
BX.GSR.TRVL.ZS_isNA_rank	6.55483156116277e-08	5.75700819797967e-05	0.000177756710315814
FS.AST.PRVT.GD.ZS_ratioavg2	6.51085029170269e-08	0.000223563818354877	0.000533270130947443
NY.GDP.FRST.RT.ZS_rank	6.49019428740091e-08	7.0043599742086e-05	0.000118504473543876
NV.SRV.TOTL.CD_isNA_rank	6.48129250659206e-08	0.000157358224078111	0.000355513420631629
TX.VAL.TRVL.ZS.WT_isNA_rank	6.46013978079845e-08	0.000688442230341736	0.000770279078035196
TX.VAL.FUEL.ZS.UN_lag1	6.44853177528082e-08	0.000221404940280635	0.000474017894175505
FP.CPI.TOTL.ZG	6.31988811551521e-08	0.000642626040099481	0.00094803578835101
TM.VAL.FOOD.ZS.UN_lag1	6.24907974233839e-08	0.00017462924867205	0.000533270130947443
BX.TRF.PWKR.CD.DT_max2	6.23796664676959e-08	2.87850409898984e-05	5.92522367719382e-05
EG.ELC.HYRO.ZS_ratioavg2	6.22504546134795e-08	0.00110462594798735	0.00112579249866682
NY.GDP.PCAP.KN	6.19203338259274e-08	0.000106984402345789	0.000237008947087753
NE.IMP.GNFS.KD.ZG	6.00874572066018e-08	5.39719518560594e-05	0.000118504473543876
BX.GRT.EXTA.CD.WD_ratioavg2	5.97562849745936e-08	0.00044952639012558	0.000711026841263258
TM.VAL.SERV.CD.WT_isNA_rank	5.9466171954814e-08	0.000210850425251006	0.000414765657403567
AG.PRD.LVSK.XD_min2	5.83062357307069e-08	0.000662055942767663	0.000414765657403567
EN.POP.DNST_min2	5.77047157606795e-08	2.39875341582486e-05	5.92522367719382e-05
EN.GHG.ALL.PC.CE.AR5_ratioavg2	5.76626028316384e-08	4.70155669501673e-05	0.000118504473543876
AG.PRD.FOOD.XD_max2	5.64606203670148e-08	6.2607464153029e-05	0.000177756710315814
BX.GRT.EXTA.CD.WD_rank	5.64019813480527e-08	0.000169591866498818	0.000118504473543876
SP.POP.0014.MA.IN_lag1	5.62157321872687e-08	0.000432255365531641	0.000414765657403567
AG.YLD.CREL.KG_ratiomax2	5.57690128382657e-08	3.31027971383831e-05	5.92522367719382e-05
TM.VAL.TRAN.ZS.WT_delta1	5.51325479191398e-08	0.00102834558936412	0.0012442969722107
NE.EXP.GNFS.CN_lag1	5.50548873825601e-08	0.0002218846909638	0.000414765657403567
SP.POP.TOTL.MA.ZS_rank	5.50081047606729e-08	5.2292824464982e-05	5.92522367719382e-05
SP.POP.BRTH.MF_rank	5.43028586218678e-08	0.000451205517516657	0.00065177460449132
EG.USE.ELEC.KH.PC_max2	5.41169156883802e-08	0.000398193067026927	0.000474017894175505
AG.PRD.FOOD.XD_rank	5.37021820786786e-08	0.00121448885443213	0.00148130591929845
TX.VAL.MRCH.R4.ZS	5.25051279833146e-08	9.93083914151494e-05	0.000177756710315814
TM.VAL.AGRI.ZS.UN_isNA_rank	5.2184458583045e-08	0.00163211182412724	0.00100728802512295
SP.RUR.TOTL_lag1	5.20513929106486e-08	0.000113461036568516	0.000118504473543876
BX.TRF.PWKR.CD.DT_lag1	5.09183462163031e-08	5.80498326629617e-05	0.000177756710315814
SP.POP.GROW_lag1	4.99327479112657e-08	9.40311339003347e-05	0.000177756710315814
SE.SEC.ENRR_lag1	4.90786369346043e-08	0.000187342641775922	0.000355513420631629
NY.GDP.MKTP.KD.ZG	4.83356977115883e-08	8.97133777518499e-05	0.000237008947087753
SP.RUR.TOTL.ZS_lag1	4.79074550013488e-08	0.000477351929749148	0.000770279078035196
BX.GSR.TRAN.ZS_max2	4.77087440237912e-08	2.11090300592588e-05	5.92522367719382e-05
NE.CON.TOTL.KD.ZG_delta1	4.7681937154758e-08	0.000351417375418343	0.000355513420631629
TM.VAL.MMTL.ZS.UN_delta1	4.76715126874273e-08	0.000117299042033836	0.000237008947087753
TM.VAL.MRCH.R6.ZS_rank	4.71446067207426e-08	5.70903312966318e-05	0.000118504473543876
AG.LND.ARBL.ZS_delta1	4.71318757246762e-08	0.000995962418250483	0.000770279078035196
NE.CON.TOTL.KD.ZG	4.70665821714437e-08	3.5501550554208e-05	0.000118504473543876
SP.POP.BRTH.MF_lag1	4.69927714958259e-08	0.000240355092265651	0.000414765657403567
EG.ELC.PETR.ZS_tend2	4.67392774309872e-08	0.000104345773588382	0.000237008947087753
ER.H2O.INTR.PC_tend2	4.65564296006116e-08	0.000123295925573398	0.000237008947087753
TX.VAL.MRCH.AL.ZS	4.62825288390894e-08	0.000562747551352513	0.00094803578835101
DT.ODA.ODAT.GN.ZS_tend2	4.61748026263159e-08	0.000169591866498818	0.000296261183859691
BX.GSR.TOTL.CD_tend2	4.58832827971504e-08	8.97133777518499e-05	0.000237008947087753
MS.MIL.XPND.CD_lag1	4.56207364496325e-08	2.30280327919187e-05	5.92522367719382e-05
DT.NFL.UNDP.CD_lag1	4.4321025945872e-08	0.000145364456998987	0.000237008947087753
TM.VAL.MMTL.ZS.UN	4.34436326986451e-08	0.000511414228253861	0.000414765657403567
SE.SEC.ENRR.FE_delta1	4.32282416346664e-08	3.90996806779453e-05	0.000118504473543876
NE.IMP.GNFS.CD_lag1	4.29473022015929e-08	3.79003039700329e-05	0.000118504473543876
BX.TRF.PWKR.CD.DT_rank	4.1763195841083e-08	3.16635450888882e-05	5.92522367719382e-05
EN.GHG.CO2.TR.MT.CE.AR5_delta1	4.17524070033975e-08	0.000103866022905217	0.000118504473543876
TX.VAL.SERV.CD.WT_rank	4.16145310110346e-08	3.57414258957905e-05	5.92522367719382e-05
NY.ADJ.DKAP.CD_isNA_rank	4.15354049534702e-08	0.00035693450827474	0.00065177460449132
IS.AIR.PSGR	4.12079231786072e-08	0.000279454772943597	0.000533270130947443
TX.VAL.MRCH.RS.ZS_lag1	4.08449753993111e-08	6.35669655193589e-05	0.000177756710315814
FM.LBL.BMNY.GD.ZS_min2	3.99711534868187e-08	7.50809819153183e-05	5.92522367719382e-05
TM.VAL.MRCH.HI.ZS	3.98622049522796e-08	0.000143925204949492	0.000177756710315814
SH.MMR.DTHS_rank	3.97845184745578e-08	0.000100507768123062	0.000177756710315814
NY.ADJ.AEDU.GN.ZS_rank	3.97503553471809e-08	0.000264582501765483	0.000296261183859691
DC.DAC.FRAL.CD_lag1	3.88999187432088e-08	0.000281853526359422	0.000533270130947443
BX.GSR.TRAN.ZS	3.88715313047032e-08	0.000598249101906721	0.000770279078035196
NE.CON.PRVT.KD	3.86575209361828e-08	7.69999846479781e-05	0.000118504473543876
DT.ODA.ODAT.PC.ZS_lag1	3.84571306734531e-08	0.000109383155761614	0.000237008947087753
BX.KLT.DINV.CD.WD_min2	3.81629665713135e-08	8.779437501919e-05	5.92522367719382e-05
IT.MLT.MAIN.P2_ratioavg2	3.77311170129768e-08	0.000170071617181983	0.000355513420631629
NE.CON.GOVT.CD_ratioavg2	3.75383515800204e-08	0.000150161963830637	0.000296261183859691
clase_isNA_rank	3.73339359760293e-08	0.00191252609843716	0.00159981039284233
EG.ELC.COAL.ZS_tend2	3.72625849651795e-08	0.000177028002087875	0.000237008947087753
NE.CON.PRVT.ZS_tend2	3.69895258150894e-08	8.08379901132979e-05	0.000177756710315814
NE.CON.TOTL.KD_isNA_rank	3.66034134223162e-08	0.000501579339248979	0.000414765657403567
NE.CON.PRVT.KD.ZG_lag1	3.65685196078881e-08	2.59065368909085e-05	5.92522367719382e-05
NV.IND.TOTL.KD.ZG_isNA_rank	3.62790074337299e-08	0.000281613651017839	0.000474017894175505
YearsSinceFirst	3.62325026704253e-08	0.000231239829285517	0.000296261183859691
NV.AGR.TOTL.KD.ZG_rank	3.61565052749309e-08	0.000978931268998127	0.00094803578835101
NY.GDP.MKTP.KD.ZG_lag1	3.56510577755211e-08	7.50809819153183e-05	0.000177756710315814
NY.ADJ.DMIN.GN.ZS_rank	3.54528748232361e-08	4.17383094353526e-05	0.000118504473543876
year_cycle_rank	3.54188823687024e-08	0.000138408072093095	0.000237008947087753
BM.GSR.INSF.ZS_isNA_rank	3.50137421803582e-08	0.000325990589210599	0.00065177460449132
TX.VAL.OTHR.ZS.WT_rank	3.47051517335546e-08	3.83800546531978e-05	5.92522367719382e-05
DT.ODA.ODAT.GN.ZS_ratioavg2	3.44161289904713e-08	9.11526298013448e-05	0.000177756710315814
SP.POP.5054.FE.5Y_rank	3.43531577090413e-08	1.7271024593939e-05	5.92522367719382e-05
DC.DAC.GBRL.CD_ratiomax2	3.42645321913748e-08	2.44672848414136e-05	5.92522367719382e-05
FM.LBL.BMNY.GD.ZS_max2	3.41844438523295e-08	0.000251629233320028	0.000296261183859691
FM.AST.NFRG.CN_max2	3.41263776915284e-08	3.93395560195278e-05	0.000118504473543876
AG.PRD.FOOD.XD_ratiomax2	3.39868331189322e-08	8.80342503607725e-05	5.92522367719382e-05
SH.DTH.IMRT_rank	3.30229882220196e-08	6.59657189351838e-05	5.92522367719382e-05
DT.ODA.ODAT.GN.ZS_lag1	3.29844556333788e-08	0.000127853557063465	0.000237008947087753
IT.MLT.MAIN_isNA_rank	3.18442070645806e-08	0.000602566858055206	0.000533270130947443
EN.GHG.N2O.FE.MT.CE.AR5	3.16558457574566e-08	6.83644723510086e-05	0.000118504473543876
BX.TRF.CURR.CD_ratiomax2	3.1510114375257e-08	0.000119697795449661	0.000118504473543876
SE.PRM.ENRL.FE.ZS_lag1	3.1335359879158e-08	0.000187582517117504	0.000414765657403567
IS.AIR.DPRT_rank	3.13151527286385e-08	0.000112501535202186	0.000177756710315814
NV.AGR.TOTL.KD.ZG_isNA_rank	3.07956478040476e-08	0.00131667574994627	0.00142205368252652
EG.ELC.FOSL.ZS_min2	3.05298198220139e-08	8.99532530934324e-05	0.000237008947087753
SE.SEC.ENRR_delta1	3.02818098937841e-08	0.00254987488102183	0.00159981039284233
SH.DTH.NMRT_rank	3.01994304917948e-08	0.000365090269888544	0.000533270130947443
TM.VAL.TRVL.ZS.WT_isNA_rank	2.97678262738274e-08	1.75108999355215e-05	5.92522367719382e-05
BM.GSR.INSF.ZS_tend2	2.9675005949208e-08	0.000160956354201848	0.000296261183859691
TX.VAL.MRCH.OR.ZS_delta1	2.95088091544537e-08	0.000516211735085511	0.00094803578835101
EG.USE.PCAP.KG.OE_max2	2.94207320092901e-08	4.3897187509595e-05	5.92522367719382e-05
DC.DAC.CANL.CD_tend2	2.84280729946221e-08	0.000248510853879456	0.000414765657403567
EN.URB.MCTY.TL.ZS_min2	2.83276153530094e-08	0.00022476319506279	0.000414765657403567
DT.ODA.ODAT.GN.ZS_min2	2.79734543153732e-08	8.32367435291228e-05	0.000237008947087753
BM.KLT.DINV.WD.GD.ZS_rank	2.78912220001486e-08	0.000146323958365317	0.000296261183859691
TX.VAL.OTHR.ZS.WT_lag1	2.75320486365278e-08	7.55607325984832e-05	0.000177756710315814
NV.IND.MANF.ZS_delta1	2.72891176510814e-08	0.000591292717000829	0.00112579249866682
EN.GHG.CO2.PC.CE.AR5_tend2	2.62815425451295e-08	0.000198376907488716	0.000237008947087753
NE.IMP.GNFS.ZS_isNA_rank	2.60942592058033e-08	5.68504559550493e-05	0.000177756710315814
NE.EXP.GNFS.KD_lag1	2.60901911172342e-08	0.000644545042832141	0.000474017894175505
SP.POP.3034.FE.5Y	2.55795452084433e-08	0.000115140163959593	0.000177756710315814
DT.ODA.ODAT.PC.ZS_avg2	2.5241707008416e-08	4.05389327274402e-05	0.000118504473543876
EN.GHG.N2O.TR.MT.CE.AR5_avg2	2.47993405095607e-08	0.000206532669102521	0.000177756710315814
NV.SRV.TOTL.KD.ZG_isNA_rank	2.42737232491833e-08	0.00197201518314962	0.00136280144575458
EN.GHG.CO2.RT.GDP.KD	2.42392224792507e-08	4.02990573858577e-05	0.000118504473543876
TX.VAL.AGRI.ZS.UN	2.39842968755487e-08	0.000822052795603181	0.00100728802512295
NY.GDP.MKTP.KN	2.37487120106937e-08	0.00141094675918819	0.00106654026189489
BX.GSR.CMCP.ZS_lag1	2.36980264291421e-08	0.000437772498388038	0.000533270130947443
NY.ADJ.DRES.GN.ZS_delta1	2.34035470786361e-08	0.000221404940280635	0.000414765657403567
NE.GDI.TOTL.CD_rank	2.29486006081713e-08	2.35077834750837e-05	5.92522367719382e-05
ER.FSH.AQUA.MT_lag1	2.29355605273341e-08	0.00114996238754644	0.00094803578835101
DC.DAC.GBRL.CD_min2	2.28163544104449e-08	5.3732076514477e-05	0.000118504473543876
DC.DAC.CANL.CD_avg2	2.25917880421946e-08	7.74797353311431e-05	0.000177756710315814
IS.AIR.GOOD.MT.K1_min2	2.23374737782083e-08	0.000391956308145783	0.000533270130947443
AG.LND.ARBL.HA_delta1	2.2172181943563e-08	0.000182065384261107	0.000237008947087753
SP.POP.TOTL	2.19928003875976e-08	2.18286560840063e-05	5.92522367719382e-05
NE.EXP.GNFS.CN_isNA_rank	2.1797749643231e-08	7.65202339648132e-05	0.000118504473543876
EN.GHG.CO2.FE.MT.CE.AR5_ratioavg2	2.17337204030638e-08	5.82897080045442e-05	0.000118504473543876
SP.DYN.TO65.FE.ZS_delta1	2.16228571045435e-08	0.000692040360465473	0.00100728802512295
EN.GHG.CO2.PI.MT.CE.AR5_ratioavg2	2.15498919698666e-08	0.000122336424207068	0.000237008947087753
BM.GSR.CMCP.ZS_ratioavg2	2.13598749642507e-08	0.00126510255150603	0.00148130591929845
PA.NUS.FCRF_delta1	2.13114807527638e-08	0.000147043584390064	0.000237008947087753
NE.CON.PRVT.KD.ZG_rank	2.11711352863024e-08	2.5666661549326e-05	5.92522367719382e-05
EG.ELC.PETR.ZS	2.08547391625449e-08	0.000191420522582824	0.000296261183859691
BM.GSR.TRVL.ZS	2.04595383142387e-08	2.30280327919187e-05	5.92522367719382e-05
BM.KLT.DINV.CD.WD_ratioavg2	2.04226798912888e-08	0.000342781863121373	0.000592522367719381
FI.RES.TOTL.CD_isNA_rank	2.03668258571439e-08	0.000107464153028954	0.000237008947087753
EN.GHG.CH4.MT.CE.AR5_tend2	2.02926171723041e-08	0.000178947004820535	0.000414765657403567
NE.IMP.GNFS.CD_isNA_rank	1.98265593219106e-08	0.000130971936504038	0.000118504473543876
TX.VAL.TRVL.ZS.WT_lag1	1.95749653196935e-08	0.000159037351469189	0.000296261183859691
AG.LND.ARBL.HA	1.94649599932834e-08	3.76604286284504e-05	5.92522367719382e-05
NV.IND.TOTL.CN	1.9092362776912e-08	0.000140566950167337	0.000237008947087753
DC.DAC.TOTL.CD_isNA_rank	1.900273509443e-08	6.30872148361939e-05	0.000177756710315814
NY.GDP.FRST.RT.ZS_lag1	1.86816608998808e-08	9.40311339003347e-05	0.000237008947087753
SP.POP.TOTL.FE.ZS_lag1	1.85849424486869e-08	0.000104825524271547	0.000237008947087753
TM.VAL.MRCH.R6.ZS_lag1	1.78676251379311e-08	0.000531803632288372	0.000770279078035196
BM.GSR.FCTY.CD_rank	1.78037788781819e-08	0.000102426770855722	0.000177756710315814
FD.AST.PRVT.GD.ZS_min2	1.77698523535171e-08	0.000100267892781479	0.000237008947087753
TX.VAL.FUEL.ZS.UN_rank	1.77434555359196e-08	0.000147523335073229	0.000237008947087753
IS.AIR.GOOD.MT.K1_isNA_rank	1.76395095495651e-08	0.000356214882249992	0.000592522367719381
BX.TRF.CURR.CD_max2	1.7278382459028e-08	4.24579354601001e-05	0.000118504473543876
NY.GNP.PCAP.CD_lag1	1.72497578049228e-08	1.79906506186865e-05	5.92522367719382e-05
SP.POP.65UP.FE.ZS_delta1	1.657990448339e-08	0.000168392489790905	0.000177756710315814
EN.GHG.N2O.FE.MT.CE.AR5_delta1	1.63293277574841e-08	6.40467162025239e-05	0.000177756710315814
ER.FSH.CAPT.MT_avg2	1.61640609546231e-08	7.72398599895606e-05	0.000118504473543876
BX.GSR.TRAN.ZS_avg2	1.61372446890432e-08	3.57414258957905e-05	0.000118504473543876
ER.FSH.PROD.MT_delta1	1.60675127616835e-08	5.54112039055544e-05	5.92522367719382e-05
NV.AGR.TOTL.ZS	1.59664309920017e-08	0.000267700881206055	0.000237008947087753
NE.IMP.GNFS.CN_isNA_rank	1.5766904661835e-08	4.72554422917498e-05	0.000118504473543876
SP.RUR.TOTL.ZG_delta1	1.56866642527744e-08	0.000153040467929626	0.000237008947087753
SP.POP.0014.MA.IN	1.5671961152611e-08	3.23831711136357e-05	5.92522367719382e-05
SP.POP.4549.MA.5Y_rank	1.56719335483294e-08	5.2292824464982e-05	5.92522367719382e-05
SP.POP.0014.FE.ZS_delta1	1.55871339347931e-08	0.000106984402345789	0.000296261183859691
EN.GHG.CO2.IP.MT.CE.AR5_rank	1.54617200432182e-08	2.08691547176763e-05	5.92522367719382e-05
EN.GHG.N2O.FE.MT.CE.AR5_ratiomax2	1.54418084834124e-08	0.000167193113082993	0.000177756710315814
SP.POP.2529.FE.5Y_delta1	1.541033310958e-08	0.00022476319506279	0.000414765657403567
BM.TRF.PWKR.CD.DT_isNA_rank	1.50906731030164e-08	0.000106024900979459	0.000118504473543876
EN.GHG.N2O.WA.MT.CE.AR5_max2	1.49631852395355e-08	0.0001273738063803	0.000118504473543876
SP.POP.BRTH.MF_delta1	1.49556108314778e-08	0.000243953222389389	0.000237008947087753
EN.GHG.N2O.MT.CE.AR5_ratioavg2	1.48954423964399e-08	0.000588893963585004	0.000592522367719381
BM.GSR.TOTL.CD_isNA_rank	1.48017912388153e-08	0.000165274110350333	0.000355513420631629
SE.SEC.ENRL_lag1	1.41965383442579e-08	3.95794313611103e-05	0.000118504473543876
MS.MIL.XPND.CD	1.41670792382921e-08	0.000303682182443428	0.000237008947087753
NY.GDP.FCST.CN_lag1	1.41194044142924e-08	0.00031159806871565	0.000296261183859691
TM.VAL.OTHR.ZS.WT_delta1	1.36492397145745e-08	6.86043476925911e-05	0.000118504473543876
EN.GHG.CH4.AG.MT.CE.AR5_ratioavg2	1.3558956251332e-08	5.56510792471369e-05	0.000118504473543876
DT.ODA.ALLD.CD_tend2	1.34799485324909e-08	1.70311492523565e-05	5.92522367719382e-05
ER.FSH.AQUA.MT_delta1	1.33588692525206e-08	3.71806779452854e-05	5.92522367719382e-05
EG.USE.ELEC.KH.PC_ratiomax2	1.3320279452774e-08	5.70903312966318e-05	5.92522367719382e-05
SP.POP.TOTL.FE.ZS	1.3177738261733e-08	0.000674769335871534	0.000414765657403567
EN.GHG.CH4.AG.MT.CE.AR5	1.31523833112865e-08	6.1647962786699e-05	5.92522367719382e-05
NE.TRD.GNFS.ZS	1.30652175972188e-08	0.00234574096533513	0.00165906262961427
EN.GHG.N2O.WA.MT.CE.AR5_lag1	1.28752345992074e-08	0.000191180647241242	0.000177756710315814
BG.GSR.NFSV.GD.ZS_isNA_rank	1.2860755001107e-08	0.0010614483865025	0.00065177460449132
EG.ELC.FOSL.ZS_lag1	1.2770529834002e-08	6.06884614203691e-05	0.000118504473543876
MS.MIL.XPND.GD.ZS_isNA_rank	1.27494209384837e-08	2.06292793760938e-05	5.92522367719382e-05
MS.MIL.XPND.CD_ratioavg2	1.26175531313182e-08	0.000267940756547637	0.00065177460449132
TM.VAL.MANF.ZS.UN_lag1	1.24389592692843e-08	0.000427217983358408	0.000592522367719381
SE.SEC.ENRR.FE_rank	1.24208939898672e-08	0.000217327059473733	0.000355513420631629
NY.GDP.PCAP.KN_lag1	1.23654384809842e-08	2.7105913598821e-05	5.92522367719382e-05
NV.IND.TOTL.ZS_lag1	1.21631427333633e-08	0.000662055942767663	0.000533270130947443
BX.KLT.DINV.WD.GD.ZS_delta1	1.20693342586287e-08	8.80342503607725e-05	0.000118504473543876
TX.VAL.MRCH.OR.ZS_rank	1.20183412588454e-08	5.70903312966318e-05	5.92522367719382e-05
FM.AST.NFRG.CN_ratiomax2	1.17816463749182e-08	4.91744450244097e-05	5.92522367719382e-05
NE.DAB.TOTL.CD_rank	1.17541456094191e-08	1.60716478860266e-05	5.92522367719382e-05
TM.VAL.INSF.ZS.WT_rank	1.15373089695228e-08	0.000148722711781142	0.000237008947087753
AG.LND.ARBL.HA.PC_rank	1.13675446886408e-08	2.06292793760938e-05	5.92522367719382e-05
BX.KLT.DINV.WD.GD.ZS_ratiomax2	1.13644440260657e-08	0.000645504544198471	0.000711026841263258
MS.MIL.XPND.GD.ZS_rank	1.13348045319158e-08	6.47663422272713e-05	0.000118504473543876
BM.GSR.CMCP.ZS_rank	1.11940123443801e-08	2.7105913598821e-05	5.92522367719382e-05
BM.GSR.INSF.ZS_ratioavg2	1.11169487460266e-08	0.000134570066627775	0.000237008947087753
EN.GHG.N2O.IC.MT.CE.AR5_ratioavg2	1.10832695507952e-08	4.36573121680125e-05	0.000118504473543876
DC.DAC.DEUL.CD_tend2	1.10439306691258e-08	0.000138168196751512	0.000237008947087753
SP.DYN.TFRT.IN_lag1	1.1015498413166e-08	6.74049709846787e-05	5.92522367719382e-05
FI.RES.TOTL.CD_lag1	1.09912707267656e-08	2.13489054008413e-05	5.92522367719382e-05
TX.VAL.MRCH.CD.WT_delta1	1.05545956392466e-08	2.78255396235684e-05	5.92522367719382e-05
BX.GRT.TECH.CD.WD_avg2	1.05263379125892e-08	7.50809819153183e-05	0.000118504473543876
NY.GDP.DEFL.KD.ZG_rank	1.03838860715396e-08	0.000191900273265989	0.000296261183859691
IS.AIR.DPRT	1.03336558990169e-08	2.80654149651509e-05	5.92522367719382e-05
BX.PEF.TOTL.CD.WD_avg2	1.03265282332143e-08	0.00012449530228131	0.000237008947087753
NV.SRV.TOTL.CD_delta1	1.01228908012082e-08	9.21121311676748e-05	0.000118504473543876
DC.DAC.USAL.CD_min2	1.01087159583428e-08	0.000186143265068009	0.000355513420631629
EN.URB.MCTY.TL.ZS_max2	1.00299821834983e-08	4.72554422917498e-05	0.000118504473543876
AG.LND.ARBL.HA_lag1	9.85702657154874e-09	4.17383094353526e-05	5.92522367719382e-05
FirstYear_rank	9.81421281801408e-09	0.000378763164358746	0.00065177460449132
NE.RSB.GNFS.ZS_isNA_rank	9.80401895695929e-09	5.44517025392244e-05	0.000177756710315814
BM.KLT.DINV.CD.WD_rank	9.72881109186289e-09	4.89345696828272e-05	0.000118504473543876
TX.VAL.SERV.CD.WT_delta1	9.64690770968862e-09	1.67912739107741e-05	5.92522367719382e-05
NE.RSB.GNFS.CN_delta1	9.51785510551793e-09	9.28317571924222e-05	0.000237008947087753
AG.LND.CREL.HA_delta1	9.49093036181232e-09	0.000131451687187203	0.000296261183859691
NY.GDS.TOTL.ZS_rank	9.4788025643551e-09	1.7271024593939e-05	5.92522367719382e-05
TX.VAL.MRCH.R1.ZS_lag1	9.29783548746788e-09	6.50062175688538e-05	0.000177756710315814
BX.KLT.DINV.WD.GD.ZS_isNA_rank	9.29237004767637e-09	8.0358239430133e-05	0.000237008947087753
DC.DAC.TOTL.CD_ratioavg2	9.26055719116536e-09	0.00128405270349105	0.00136280144575458
SP.POP.DPND.YG_delta1	8.99547500867427e-09	0.000109623031103196	0.000118504473543876
BX.GSR.TRVL.ZS_ratiomax2	8.92525111817846e-09	0.000353576253492585	0.000355513420631629
EN.GHG.N2O.IP.MT.CE.AR5_tend2	8.87308044322374e-09	0.000124255426939728	0.000237008947087753
BM.GSR.FCTY.CD	8.81658838885081e-09	0.000149682213147472	0.000296261183859691
NY.GDP.DEFL.KD.ZG_isNA_rank	8.67677715073062e-09	0.00112165709723971	0.000829531314807134
EN.GHG.CO2.PI.MT.CE.AR5_lag1	8.62508100523705e-09	1.7750775277104e-05	5.92522367719382e-05
AG.LND.ARBL.HA_ratioavg2	8.31929339019086e-09	9.06728791181799e-05	0.000177756710315814
EN.URB.MCTY.TL.ZS_avg2	8.22013743987399e-09	0.000109143280420031	0.000177756710315814
SH.DYN.NMRT	8.12578763836179e-09	6.18878381282815e-05	0.000118504473543876
TM.VAL.TRVL.ZS.WT_rank	8.11550646066668e-09	2.03894040345113e-05	5.92522367719382e-05
PA.NUS.ATLS_lag1	8.05417461477092e-09	0.000417383094353526	0.000237008947087753
NE.RSB.GNFS.CN_rank	7.88124075351638e-09	3.79003039700329e-05	0.000118504473543876
SP.POP.3539.MA.5Y_lag1	7.87718193826061e-09	5.34922011728945e-05	5.92522367719382e-05
NE.CON.TOTL.KD.ZG_avg2	7.84698471814469e-09	0.000199576284196629	0.000296261183859691
EN.GHG.CO2.RT.GDP.KD_delta1	7.78064631512783e-09	2.06292793760938e-05	5.92522367719382e-05
SP.POP.DPND.YG_rank	7.73978754202415e-09	4.82149436580798e-05	5.92522367719382e-05
NE.CON.PRVT.KD_isNA_rank	7.68903312691662e-09	2.25482821087537e-05	5.92522367719382e-05
EN.URB.MCTY.TL.ZS_tend2	7.60710716607288e-09	0.000102906521538887	0.000237008947087753
TM.VAL.AGRI.ZS.UN_delta1	7.50623615149922e-09	0.00123487825846664	0.000711026841263258
TM.VAL.MANF.ZS.UN_rank	7.48868569164439e-09	6.98037244005035e-05	0.000177756710315814
ER.FSH.CAPT.MT	7.22530324016822e-09	0.000118978169424913	0.000237008947087753
EN.GHG.N2O.PI.MT.CE.AR5_delta1	7.22135941707863e-09	2.42274094998311e-05	5.92522367719382e-05
EG.ELC.COAL.ZS_ratiomax2	7.20473228924836e-09	0.000178707129478952	0.000177756710315814
BM.KLT.DINV.WD.GD.ZS_ratiomax2	7.11799760710272e-09	0.000126174429672388	0.000237008947087753
BX.GSR.MRCH.CD_max2	7.10205922689287e-09	9.37912585587522e-05	0.000118504473543876
AG.PRD.FOOD.XD_ratioavg2	7.09539431791068e-09	4.65358162670024e-05	0.000118504473543876
SP.DYN.IMRT.IN_lag1	6.96645950946603e-09	7.46012312321533e-05	5.92522367719382e-05
NY.GDS.TOTL.CD_rank	6.75861997256859e-09	3.11837944057232e-05	5.92522367719382e-05
BX.TRF.CURR.CD_min2	6.68749507647432e-09	2.11090300592588e-05	5.92522367719382e-05
BX.KLT.DINV.CD.WD_ratiomax2	6.63701963097559e-09	4.82149436580798e-05	0.000118504473543876
TM.VAL.MRCH.R5.ZS_rank	6.53917628581249e-09	1.7750775277104e-05	5.92522367719382e-05
TM.VAL.MRCH.WR.ZS_lag1	6.53397281712269e-09	0.000109143280420031	0.000177756710315814
TX.VAL.MRCH.WR.ZS_lag1	6.53257569118634e-09	0.000586255334827597	0.00065177460449132
BX.KLT.DINV.WD.GD.ZS_ratioavg2	6.44159374103381e-09	0.000128813058429795	0.000296261183859691
NE.GDI.TOTL.CD	6.42754013480197e-09	2.5666661549326e-05	5.92522367719382e-05
NV.IND.TOTL.CN_isNA_rank	6.20242951394361e-09	0.00027297813872087	0.000414765657403567
NY.ADJ.DMIN.GN.ZS_isNA_rank	5.82048057698677e-09	1.67912739107741e-05	5.92522367719382e-05
EN.GHG.CO2.MT.CE.AR5_avg2	5.81163246509375e-09	0.000318794328963124	0.000296261183859691
NE.CON.GOVT.CD_isNA_rank	5.73424640344338e-09	3.5981301237373e-05	0.000118504473543876
NY.ADJ.DKAP.GN.ZS_delta1	5.71828622632594e-09	9.28317571924222e-05	0.000237008947087753
MS.MIL.XPND.CD_rank	5.66881610734964e-09	0.000163355107617673	0.000296261183859691
NE.IMP.GNFS.KD_lag1	5.64442271823899e-09	0.000433694617581135	0.000296261183859691
NE.GDI.TOTL.ZS_lag1	5.63631516205788e-09	4.36573121680125e-05	5.92522367719382e-05
EN.GHG.CH4.FE.MT.CE.AR5_min2	5.56700771214384e-09	3.28629217968006e-05	5.92522367719382e-05
ER.FSH.CAPT.MT_max2	5.55460606504048e-09	0.000775037228653014	0.000474017894175505
TM.VAL.MRCH.R3.ZS	5.54946824990718e-09	0.000152080966563296	0.000296261183859691
SP.POP.0004.MA.5Y_delta1	5.31063491893685e-09	2.03894040345113e-05	5.92522367719382e-05
TX.VAL.MRCH.WR.ZS_rank	5.29276977296802e-09	0.00012353580091498	0.000177756710315814
BX.GSR.TOTL.CD_delta1	5.25162570684171e-09	9.97881420983143e-05	0.000177756710315814
NY.GDS.TOTL.ZS_delta1	5.17918659585737e-09	5.94890847124566e-05	0.000177756710315814
IS.AIR.DPRT_min2	5.17525680597119e-09	3.38224231631306e-05	0.000118504473543876
BM.GSR.TRVL.ZS_lag1	5.16068745063149e-09	0.000181825508919525	0.000533270130947443
BX.PEF.TOTL.CD.WD_max2	5.11897146792433e-09	7.96386134053855e-05	0.000177756710315814
TX.VAL.MRCH.R2.ZS_rank	5.09674354381703e-09	0.000115619914642758	0.000177756710315814
TX.VAL.MANF.ZS.UN	5.05431801207666e-09	0.000145124581657404	0.000177756710315814
DC.DAC.USAL.CD_lag1	4.94119289351307e-09	7.84392366974731e-05	0.000177756710315814
DT.ODA.ALLD.KD_tend2	4.8532210847455e-09	0.000102426770855722	0.000296261183859691
SP.POP.4549.FE.5Y_delta1	4.83053952886594e-09	0.000123775676256563	0.000177756710315814
SP.POP.1564.MA.IN_delta1	4.77393390336196e-09	0.000112021784519021	0.000177756710315814
NE.DAB.TOTL.CD_ratioavg2	4.75531331739714e-09	3.57414258957905e-05	0.000118504473543876
EN.GHG.N2O.AG.MT.CE.AR5_ratioavg2	4.73398855932384e-09	0.00145556357272253	0.00100728802512295
EN.GHG.N2O.FE.MT.CE.AR5_min2	4.66486572459584e-09	0.000148722711781142	0.000237008947087753
BM.GSR.GNFS.CD_tend2	4.62374214602225e-09	0.000150641714513801	0.000237008947087753
BX.TRF.PWKR.CD.DT_min2	4.59270176298491e-09	4.65358162670024e-05	0.000118504473543876
SP.POP.0004.MA.5Y	4.55050764816517e-09	5.44517025392244e-05	5.92522367719382e-05
EN.GHG.N2O.FE.MT.CE.AR5_tend2	4.50687987833367e-09	7.43613558905708e-05	0.000177756710315814
NY.GDP.PCAP.KD.ZG_lag1	4.34839402891874e-09	4.29376861432651e-05	0.000118504473543876
NE.CON.PRVT.CD_ratioavg2	4.32962242138524e-09	6.28473394946114e-05	0.000177756710315814
EN.GHG.N2O.AG.MT.CE.AR5_lag1	4.30427794962882e-09	1.70311492523565e-05	5.92522367719382e-05
NY.GSR.NFCY.CD_isNA_rank	4.269400101628e-09	8.9233627068685e-05	0.000177756710315814
NV.IND.TOTL.CN_delta1	4.23637634633968e-09	1.63115232276091e-05	5.92522367719382e-05
TX.VAL.MRCH.AL.ZS_rank	4.20408204805521e-09	6.18878381282815e-05	0.000177756710315814
NE.CON.GOVT.ZS_tend2	4.13585245907252e-09	7.55607325984832e-05	0.000177756710315814
TM.VAL.MRCH.R2.ZS_lag1	4.07637724757813e-09	1.60716478860266e-05	5.92522367719382e-05
BM.TRF.PWKR.CD.DT_rank	4.05996280519173e-09	4.4856688875925e-05	0.000118504473543876
TX.VAL.MRCH.R3.ZS_isNA_rank	4.01646520015738e-09	0.000178947004820535	0.000355513420631629
EN.GHG.CO2.MT.CE.AR5_ratioavg2	4.00365869715766e-09	5.85295833461267e-05	5.92522367719382e-05
IS.AIR.DPRT_lag1	3.97178265303211e-09	3.07040437225583e-05	5.92522367719382e-05
SP.POP.1564.MA.ZS_delta1	3.93814739050773e-09	0.000124735177622893	0.000118504473543876
NV.SRV.TOTL.KD	3.8717144212607e-09	4.89345696828272e-05	5.92522367719382e-05
FI.RES.XGLD.CD_delta1	3.86538022451104e-09	2.73457889404035e-05	5.92522367719382e-05
BX.KLT.DINV.CD.WD_lag1	3.8646770470297e-09	0.000111781909177439	0.000177756710315814
BX.GRT.EXTA.CD.WD_tend2	3.81557193383047e-09	8.99532530934324e-05	0.000237008947087753
NY.GDP.FCST.CD_isNA_rank	3.62172906163207e-09	1.99096533513464e-05	5.92522367719382e-05
BM.GSR.CMCP.ZS_min2	3.61690287199575e-09	6.23675888114465e-05	0.000177756710315814
EN.GHG.CO2.IC.MT.CE.AR5_ratiomax2	3.60913926023348e-09	0.000649342549663791	0.000533270130947443
BX.GSR.TRAN.ZS_tend2	3.58309841001345e-09	3.35825478215481e-05	0.000118504473543876
BX.KLT.DINV.CD.WD_ratioavg2	3.57916545456931e-09	0.000127853557063465	0.000237008947087753
BM.KLT.DINV.WD.GD.ZS_ratioavg2	3.441592269776e-09	5.08535724154871e-05	0.000118504473543876
EN.GHG.N2O.IC.MT.CE.AR5_delta1	3.31924266911222e-09	0.000375165034235009	0.000414765657403567
AG.LND.ARBL.HA.PC_lag1	3.30052521014203e-09	0.000142965703583162	0.000177756710315814
EN.GHG.N2O.AG.MT.CE.AR5_delta1	3.27871757811787e-09	0.00120705271884307	0.00094803578835101
EN.GHG.CH4.WA.MT.CE.AR5_min2	3.27094666790563e-09	1.91900273265989e-05	5.92522367719382e-05
DC.DAC.USAL.CD_ratioavg2	3.22815844871651e-09	0.000151121465196966	0.000355513420631629
BG.GSR.NFSV.GD.ZS_delta1	3.20783835093507e-09	2.01495286929289e-05	5.92522367719382e-05
NY.GDP.MKTP.KN_lag1	3.20016546206131e-09	6.1168212103534e-05	0.000118504473543876
TM.VAL.MRCH.R4.ZS_lag1	3.14563974292183e-09	8.13177407964629e-05	0.000177756710315814
TX.VAL.FOOD.ZS.UN_lag1	3.08012108848043e-09	5.85295833461267e-05	0.000177756710315814
NE.EXP.GNFS.CN_rank	3.06371334691015e-09	6.95638490589211e-05	0.000177756710315814
EN.GHG.N2O.FE.MT.CE.AR5_max2	3.05049194738028e-09	0.00022380369369646	0.000355513420631629
BM.GSR.NFSV.CD_delta1	3.01417533788368e-09	8.8274125702355e-05	5.92522367719382e-05
EN.GHG.ALL.PC.CE.AR5_rank	3.01401881606176e-09	0.000115619914642758	0.000118504473543876
NE.IMP.GNFS.CD_rank	2.93269513920432e-09	4.31775614848476e-05	5.92522367719382e-05
BX.TRF.PWKR.CD.DT	2.91041324657e-09	0.000402031072492247	0.000533270130947443
EG.ELC.HYRO.ZS_ratiomax2	2.90298054729454e-09	8.97133777518499e-05	0.000177756710315814
IS.AIR.PSGR_delta1	2.89017931589233e-09	7.96386134053855e-05	0.000118504473543876
SP.POP.1564.TO.ZS	2.87998531812549e-09	3.5021799871043e-05	0.000118504473543876
MS.MIL.XPND.GD.ZS_tend2	2.87115772459353e-09	0.000112981285885351	0.000177756710315814
DT.NFL.UNDP.CD_avg2	2.72195345574162e-09	6.2607464153029e-05	0.000118504473543876
TX.VAL.MRCH.R4.ZS_lag1	2.69712729211162e-09	0.000192380023949154	0.000355513420631629
DT.ODA.ALLD.CD_min2	2.66204551016384e-09	3.83800546531978e-05	5.92522367719382e-05
TX.VAL.FOOD.ZS.UN	2.63722222711456e-09	6.64454696183487e-05	0.000177756710315814
NV.IND.TOTL.CD_delta1	2.61733322864844e-09	8.61152476281126e-05	5.92522367719382e-05
SP.DYN.AMRT.FE_delta1	2.60274924295287e-09	0.000808859651816144	0.000829531314807134
DC.DAC.JPNL.CD_rank	2.54134295469672e-09	0.000116579416009088	0.000118504473543876
NE.IMP.GNFS.ZS_lag1	2.48107281075275e-09	0.000956862737572538	0.000592522367719381
NE.CON.GOVT.CD_delta1	2.47154220148329e-09	1.84704013018515e-05	5.92522367719382e-05
BM.GSR.TOTL.CD_lag1	2.46865616768505e-09	0.000274177515428782	0.000177756710315814
SP.POP.4549.FE.5Y_rank	2.46080315009122e-09	7.41214805489883e-05	0.000118504473543876
NY.ADJ.DKAP.CD	2.42462835528049e-09	0.000234598084067672	0.000177756710315814
TX.VAL.MRCH.AL.ZS_lag1	2.38162264069386e-09	0.000118258543400166	0.000296261183859691
EN.GHG.N2O.TR.MT.CE.AR5_max2	2.36681944420148e-09	4.26978108016826e-05	5.92522367719382e-05
EN.GHG.CH4.WA.MT.CE.AR5_avg2	2.28418109803081e-09	1.91900273265989e-05	5.92522367719382e-05
DT.ODA.ALLD.CD_max2	2.26083600923973e-09	1.79906506186865e-05	5.92522367719382e-05
EG.ELC.COAL.ZS_lag1	2.25340306349746e-09	6.06884614203691e-05	5.92522367719382e-05
IS.AIR.DPRT_delta1	2.23727421258958e-09	0.000189261644508582	0.000177756710315814
SP.POP.6064.MA.5Y	2.23460004973947e-09	0.000152560717246461	0.000118504473543876
BM.KLT.DINV.WD.GD.ZS_delta1	2.22390591692163e-09	2.25482821087537e-05	5.92522367719382e-05
SH.MMR.DTHS_delta1	2.20348724782452e-09	6.95638490589211e-05	0.000177756710315814
EN.URB.LCTY_max2	2.16688508343433e-09	3.38224231631306e-05	5.92522367719382e-05
NY.ADJ.DFOR.CD_lag1	2.11702044620722e-09	6.52460929104363e-05	0.000118504473543876
TM.VAL.MRCH.RS.ZS_lag1	2.11546323623349e-09	3.38224231631306e-05	5.92522367719382e-05
BX.GSR.TRVL.ZS_rank	2.11385306863172e-09	2.03894040345113e-05	5.92522367719382e-05
BM.KLT.DINV.CD.WD_avg2	2.08996633053808e-09	3.26230464552182e-05	0.000118504473543876
ER.H2O.INTR.PC_avg2	2.08326234886607e-09	1.7271024593939e-05	5.92522367719382e-05
NY.GDP.MKTP.CN_delta1	2.01456206991284e-09	5.94890847124566e-05	5.92522367719382e-05
AG.LND.ARBL.ZS_ratiomax2	1.99110237405995e-09	0.000104345773588382	5.92522367719382e-05
NY.ADJ.DNGY.GN.ZS_delta1	1.99098970792418e-09	5.54112039055544e-05	0.000118504473543876
TM.VAL.MANF.ZS.UN_isNA_rank	1.98412357484174e-09	0.000429376861432651	0.000474017894175505
SE.PRM.ENRR.MA_rank	1.95030361562196e-09	3.16635450888882e-05	5.92522367719382e-05
TM.VAL.MRCH.HI.ZS_lag1	1.90707752890814e-09	2.25482821087537e-05	5.92522367719382e-05
AG.LND.TOTL.K2	1.90150491456924e-09	3.57414258957905e-05	5.92522367719382e-05
TX.VAL.TRVL.ZS.WT_rank	1.86926015611149e-09	3.07040437225583e-05	5.92522367719382e-05
AG.LND.ARBL.HA.PC_delta1	1.82718962898758e-09	1.67912739107741e-05	5.92522367719382e-05
NE.CON.PRVT.KD.ZG_tend2	1.82632496953998e-09	8.17974914796279e-05	0.000237008947087753
ER.FSH.AQUA.MT_rank	1.82202960007121e-09	4.437693819276e-05	5.92522367719382e-05
TM.VAL.TRVL.ZS.WT	1.76530939446272e-09	4.02990573858577e-05	0.000118504473543876
SP.RUR.TOTL.ZG_lag1	1.64195048914833e-09	0.000106024900979459	0.000118504473543876
FM.LBL.BMNY.GD.ZS_lag1	1.62188361482273e-09	0.000105785025637877	0.000118504473543876
BX.GSR.CMCP.ZS_ratioavg2	1.58409400227491e-09	1.91900273265989e-05	5.92522367719382e-05
FS.AST.CGOV.GD.ZS_avg2	1.56617623564436e-09	1.65513985691916e-05	5.92522367719382e-05
SE.SEC.ENRR_isNA_rank	1.52838079839287e-09	3.26230464552182e-05	5.92522367719382e-05
NE.IMP.GNFS.KD.ZG_lag1	1.52597488192025e-09	3.69408026037029e-05	0.000118504473543876
BM.GSR.TRAN.ZS_ratioavg2	1.41235890354452e-09	0.000302242930393933	0.000474017894175505
income	1.41024901487896e-09	2.30280327919187e-05	5.92522367719382e-05
AG.LND.CREL.HA_max2	1.38014925697811e-09	0.000124015551598145	0.000177756710315814
BM.GSR.CMCP.ZS_isNA_rank	1.36323189908713e-09	2.6626162915656e-05	5.92522367719382e-05
SH.STA.MMRT_rank	1.34782205537589e-09	1.67912739107741e-05	5.92522367719382e-05
MS.MIL.XPND.CD_delta1	1.31352359112975e-09	6.54859682520188e-05	0.000177756710315814
SP.DYN.CBRT.IN_lag1	1.31197247350722e-09	6.38068408609414e-05	5.92522367719382e-05
BM.GSR.CMCP.ZS_delta1	1.30152129533709e-09	4.10186834106052e-05	5.92522367719382e-05
BM.GSR.CMCP.ZS_ratiomax2	1.24859714056765e-09	0.000141046700850502	0.000177756710315814
TM.VAL.INSF.ZS.WT_lag1	1.24033095219265e-09	0.000120177546132826	0.000177756710315814
IT.MLT.MAIN.P2_lag1	1.23688161852393e-09	6.23675888114465e-05	0.000118504473543876
BM.GSR.FCTY.CD_lag1	1.23012627163046e-09	0.000260024870275415	0.000355513420631629
BM.GSR.TRAN.ZS_tend2	1.20901546599443e-09	0.00014080682550892	0.000237008947087753
BM.GSR.INSF.ZS_lag1	1.16777450183097e-09	0.000188062267800669	0.000355513420631629
NY.GDP.MINR.RT.ZS_rank	1.14517914771456e-09	2.68660382572385e-05	5.92522367719382e-05
DT.ODA.ODAT.PC.ZS_min2	1.13970156173108e-09	8.20373668212104e-05	0.000118504473543876
DC.DAC.TOTL.CD	1.13963934426836e-09	5.03738217323221e-05	0.000118504473543876
SP.POP.0509.FE.5Y	1.12337570875496e-09	5.54112039055544e-05	5.92522367719382e-05
EN.GHG.CH4.IC.MT.CE.AR5_ratioavg2	1.12220582328232e-09	0.000240594967607234	0.000237008947087753
BX.KLT.DINV.WD.GD.ZS	1.11286015461209e-09	0.000212529552642083	0.000296261183859691
IS.AIR.GOOD.MT.K1_lag1	1.10237537572425e-09	5.25326998065645e-05	0.000177756710315814
AG.LND.ARBL.ZS_min2	1.10056040034962e-09	1.84704013018515e-05	5.92522367719382e-05
SE.SEC.ENRL.GC.FE.ZS_rank	1.08748323396108e-09	0.000486707068070865	0.000355513420631629
AG.LND.ARBL.HA_avg2	1.08581724933129e-09	6.50062175688538e-05	5.92522367719382e-05
EN.GHG.CH4.PI.MT.CE.AR5	1.06821237230283e-09	3.07040437225583e-05	5.92522367719382e-05
NY.ADJ.DNGY.CD	1.04353298735408e-09	6.18878381282815e-05	0.000177756710315814
NY.GNP.MKTP.CN_isNA_rank	1.03618197834403e-09	4.84548189996623e-05	0.000118504473543876
NY.GDP.PCAP.KD.ZG_rank	1.02052807088449e-09	0.000123056050231816	0.000237008947087753
EN.URB.LCTY.UR.ZS_min2	1.01814062401766e-09	6.42865915441064e-05	0.000237008947087753
SP.POP.5054.FE.5Y_delta1	1.01055540800577e-09	1.75108999355215e-05	5.92522367719382e-05
SP.DYN.CDRT.IN_lag1	1.00256591327271e-09	0.000746971813687863	0.000533270130947443
TM.VAL.TRVL.ZS.WT_lag1	1.00111190934579e-09	2.99844176978108e-05	5.92522367719382e-05
DC.DAC.JPNL.CD_avg2	9.22790182703277e-10	4.74953176333323e-05	0.000118504473543876
ER.H2O.INTR.PC_max2	8.92194964918532e-10	0.000208691547176763	0.000118504473543876
SP.POP.65UP.FE.IN_lag1	8.77723231612218e-10	5.08535724154871e-05	0.000118504473543876
AG.CON.FERT.ZS_ratiomax2	8.64782742617191e-10	0.000104345773588382	5.92522367719382e-05
EN.URB.MCTY.TL.ZS_delta1	8.61985714141958e-10	4.74953176333323e-05	5.92522367719382e-05
FM.AST.DOMS.CN_avg2	8.46247761503754e-10	3.71806779452854e-05	5.92522367719382e-05
BX.GSR.TRAN.ZS_rank	8.26076918624689e-10	8.17974914796279e-05	0.000177756710315814
NE.CON.PRVT.KD.ZG_max2	8.15407155211661e-10	3.40622985047131e-05	0.000118504473543876
EN.GHG.CH4.IC.MT.CE.AR5_delta1	7.97206400889556e-10	0.000231719579968682	0.000177756710315814
FP.CPI.TOTL.ZG_delta1	7.93647103073639e-10	6.74049709846787e-05	0.000177756710315814
BX.GSR.TOTL.CD	7.80593719768504e-10	6.14080874451165e-05	0.000118504473543876
BM.GSR.GNFS.CD_min2	7.78655412431419e-10	1.91900273265989e-05	5.92522367719382e-05
AG.LND.ARBL.HA.PC_min2	7.78099183077252e-10	0.000301763179710768	0.000414765657403567
SP.POP.7579.FE.5Y_lag1	7.77345133308058e-10	3.19034204304707e-05	5.92522367719382e-05
EN.GHG.CH4.FE.MT.CE.AR5_avg2	7.76077246474228e-10	6.52460929104363e-05	0.000118504473543876
DC.DAC.CECL.CD_lag1	7.6498482330824e-10	6.47663422272713e-05	0.000118504473543876
EN.GHG.N2O.AG.MT.CE.AR5_tend2	7.51338072145835e-10	9.6190011974577e-05	0.000177756710315814
NY.GSR.NFCY.CD_delta1	7.44773005323742e-10	8.53956216033652e-05	5.92522367719382e-05
FS.AST.PRVT.GD.ZS_delta1	7.42398390134669e-10	0.000101227394147809	0.000118504473543876
SE.SEC.ENRL.GC_rank	7.41289659236679e-10	0.000133850440603027	0.000237008947087753
EN.GHG.N2O.MT.CE.AR5_delta1	7.31237788090242e-10	8.779437501919e-05	5.92522367719382e-05
AG.LND.AGRI.K2_delta1	7.27292470795684e-10	1.58317725444441e-05	5.92522367719382e-05
NV.IND.MANF.CD_rank	7.20506562019064e-10	3.67009272621204e-05	5.92522367719382e-05
EN.GHG.CH4.FE.MT.CE.AR5	6.97247305290941e-10	3.95794313611103e-05	5.92522367719382e-05
DT.NFL.UNDP.CD_min2	6.88435978567753e-10	4.41370628511775e-05	0.000118504473543876
EN.GHG.CO2.RT.GDP.KD_min2	6.83138374964678e-10	1.96697780097639e-05	5.92522367719382e-05
BX.GRT.EXTA.CD.WD_delta1	6.56914750357527e-10	5.68504559550493e-05	0.000118504473543876
SP.POP.65UP.FE.ZS_lag1	6.32585739145145e-10	6.90840983757561e-05	0.000118504473543876
DT.ODA.ODAT.PC.ZS_ratioavg2	5.96283906103393e-10	4.94143203659922e-05	0.000118504473543876
DC.DAC.TOTL.CD_tend2	5.93524186539949e-10	6.45264668856888e-05	0.000177756710315814
EN.URB.LCTY.UR.ZS	5.88496664336708e-10	1.84704013018515e-05	5.92522367719382e-05
DC.DAC.FRAL.CD_delta1	5.76248558347407e-10	2.73457889404035e-05	5.92522367719382e-05
AG.PRD.LVSK.XD_rank	5.72512054994313e-10	0.00105545150296294	0.000770279078035196
EN.GHG.CH4.IC.MT.CE.AR5_ratiomax2	5.60086497963796e-10	4.94143203659922e-05	5.92522367719382e-05
EG.ELC.NUCL.ZS_min2	5.57764345543644e-10	0.00125214928306058	0.000711026841263258
EN.GHG.CH4.WA.MT.CE.AR5_tend2	5.46556579766488e-10	2.63862875740735e-05	5.92522367719382e-05
NE.CON.PRVT.KD.ZG_ratioavg2	5.39675550209398e-10	5.42118271976419e-05	0.000118504473543876
SP.POP.0014.MA.ZS_delta1	5.3736907923937e-10	0.000131691562528785	0.000237008947087753
MS.MIL.MPRT.KD_lag1	5.2006682107934e-10	2.25482821087537e-05	5.92522367719382e-05
SP.POP.TOTL.FE.IN	5.17191909095434e-10	1.99096533513464e-05	5.92522367719382e-05
TM.VAL.MRCH.CD.WT_delta1	5.15708394620306e-10	1.75108999355215e-05	5.92522367719382e-05
BX.GSR.NFSV.CD_ratioavg2	5.11171818396308e-10	5.56510792471369e-05	0.000177756710315814
AG.LND.ARBL.HA.PC_avg2	5.07582322620874e-10	8.20373668212104e-05	5.92522367719382e-05
NY.GDP.FCST.KD_lag1	4.98932077355398e-10	1.91900273265989e-05	5.92522367719382e-05
SP.POP.1564.FE.ZS	4.86183828613014e-10	2.51869108661611e-05	5.92522367719382e-05
NY.GDP.FRST.RT.ZS_delta1	4.83456284520048e-10	0.000179906506186865	0.000296261183859691
EN.POP.DNST_max2	4.82361375018055e-10	1.60716478860266e-05	5.92522367719382e-05
SP.POP.TOTL.FE.ZS_delta1	4.52525490634521e-10	9.33115078755872e-05	0.000118504473543876
AG.LND.CREL.HA	4.45693854564488e-10	0.000124975052964475	0.000118504473543876
EN.GHG.N2O.MT.CE.AR5_tend2	4.38061170587413e-10	6.06884614203691e-05	0.000118504473543876
MS.MIL.XPND.CD_min2	4.24486318411703e-10	1.8230525960269e-05	5.92522367719382e-05
TX.VAL.MRCH.RS.ZS_delta1	4.21039557240206e-10	9.93083914151494e-05	0.000237008947087753
FM.LBL.BMNY.GD.ZS_avg2	4.09616606691782e-10	2.15887807424238e-05	5.92522367719382e-05
FM.AST.PRVT.GD.ZS_tend2	4.04892022993596e-10	3.57414258957905e-05	0.000118504473543876
TX.VAL.MANF.ZS.UN_isNA_rank	4.03765779233492e-10	0.000186862891092757	0.000237008947087753
AG.LND.CROP.ZS	4.02420484735582e-10	4.53364395590899e-05	0.000118504473543876
AG.LND.AGRI.K2_lag1	3.8196571210338e-10	2.47071601829961e-05	5.92522367719382e-05
AG.LND.CROP.ZS_tend2	3.69325138544069e-10	2.15887807424238e-05	5.92522367719382e-05
EN.GHG.CH4.BU.MT.CE.AR5_avg2	3.67821629449824e-10	2.6626162915656e-05	5.92522367719382e-05
EN.POP.DNST_rank	3.66794817954351e-10	1.63115232276091e-05	5.92522367719382e-05
NY.GDP.COAL.RT.ZS_delta1	3.57427304238477e-10	7.9398738063803e-05	0.000177756710315814
EN.GHG.N2O.PI.MT.CE.AR5_ratioavg2	3.56221353741178e-10	4.74953176333323e-05	0.000118504473543876
BX.GSR.TRAN.ZS_ratiomax2	3.53364014069874e-10	8.49158709202002e-05	0.000237008947087753
SP.POP.7579.FE.5Y_rank	3.52422106535818e-10	1.75108999355215e-05	5.92522367719382e-05
EN.GHG.N2O.BU.MT.CE.AR5_rank	3.43942693570814e-10	1.99096533513464e-05	5.92522367719382e-05
NY.GDP.PCAP.KN_rank	3.36387931612849e-10	1.60716478860266e-05	5.92522367719382e-05
EN.GHG.CO2.PC.CE.AR5_ratioavg2	3.35054638652076e-10	2.35077834750837e-05	5.92522367719382e-05
NV.IND.TOTL.CD	3.32808925599193e-10	0.000167912739107741	0.000118504473543876
NE.CON.GOVT.ZS_delta1	3.27856606578179e-10	3.38224231631306e-05	5.92522367719382e-05
NY.ADJ.DMIN.CD_rank	2.98073558514808e-10	4.26978108016826e-05	0.000118504473543876
NY.GNP.MKTP.CN	2.89668362864832e-10	3.33426724799656e-05	5.92522367719382e-05
SE.PRM.ENRR_rank	2.83821080532998e-10	6.52460929104363e-05	0.000118504473543876
SP.POP.1564.MA.ZS	2.76755844000516e-10	2.32679081335012e-05	5.92522367719382e-05
SP.POP.3539.MA.5Y	2.74213354112567e-10	0.000104345773588382	5.92522367719382e-05
NY.GNP.MKTP.CD_delta1	2.72723893625899e-10	8.58753722865301e-05	5.92522367719382e-05
SP.POP.7579.FE.5Y	2.69271694780636e-10	3.38224231631306e-05	5.92522367719382e-05
BX.GSR.CMCP.ZS_isNA_rank	2.64260749395189e-10	0.000124735177622893	0.000177756710315814
BM.GSR.FCTY.CD_delta1	2.56568580270927e-10	8.85140010439375e-05	5.92522367719382e-05
AG.PRD.CROP.XD_delta1	2.49401957309804e-10	2.59065368909085e-05	5.92522367719382e-05
EN.GHG.CH4.FE.MT.CE.AR5_delta1	2.49042177399091e-10	3.02242930393933e-05	5.92522367719382e-05
FI.RES.TOTL.MO_lag1	2.45299748493127e-10	1.7271024593939e-05	5.92522367719382e-05
EN.GHG.N2O.BU.MT.CE.AR5	2.45154795206614e-10	3.09439190641408e-05	5.92522367719382e-05
NE.DAB.TOTL.CD_delta1	2.42978847662191e-10	1.58317725444441e-05	5.92522367719382e-05
BX.GSR.CMCP.ZS_rank	2.427555427245e-10	4.79750683164973e-05	0.000118504473543876
SP.POP.0014.TO_lag1	2.27381211653834e-10	3.69408026037029e-05	5.92522367719382e-05
SP.POP.3539.FE.5Y	2.19939460500051e-10	0.000368448524670699	0.000237008947087753
DC.DAC.USAL.CD_ratiomax2	2.06985452415961e-10	2.25482821087537e-05	5.92522367719382e-05
EN.GHG.CH4.TR.MT.CE.AR5_ratiomax2	2.02354949716434e-10	9.18722558260923e-05	0.000118504473543876
SP.POP.TOTL_delta1	1.89059228893356e-10	5.2292824464982e-05	0.000118504473543876
EN.URB.LCTY.UR.ZS_tend2	1.81704945533362e-10	0.000325990589210599	0.000296261183859691
NE.CON.GOVT.ZS_ratioavg2	1.80876835860553e-10	0.000163355107617673	0.000296261183859691
NE.GDI.FTOT.CD	1.78894260294253e-10	9.13925051429273e-05	5.92522367719382e-05
NY.ADJ.DMIN.GN.ZS_delta1	1.68488432015244e-10	2.13489054008413e-05	5.92522367719382e-05
SP.POP.TOTL.MA.ZS	1.64734727253198e-10	0.000313037320765145	0.000177756710315814
NY.GNP.MKTP.CN_delta1	1.62819803453724e-10	3.28629217968006e-05	5.92522367719382e-05
NE.GDI.TOTL.ZS_rank	1.55068191543756e-10	6.50062175688538e-05	5.92522367719382e-05
FI.RES.TOTL.MO_ratioavg2	1.4671182712845e-10	5.92492093708741e-05	5.92522367719382e-05
SP.POP.6569.MA.5Y_delta1	1.46594204699386e-10	0.000120177546132826	0.000118504473543876
SP.POP.3034.FE.5Y_rank	1.45771679521385e-10	1.65513985691916e-05	5.92522367719382e-05
SM.POP.NETM_rank	1.43703391755862e-10	6.57258435936013e-05	5.92522367719382e-05
BX.GSR.FCTY.CD_ratiomax2	1.42135308360123e-10	1.58317725444441e-05	5.92522367719382e-05
AG.PRD.CREL.MT_delta1	1.3822446753468e-10	0.000130971936504038	0.000237008947087753
TM.VAL.TRAN.ZS.WT_isNA_rank	1.28526397553543e-10	2.5666661549326e-05	5.92522367719382e-05
SP.POP.65UP.MA.IN_lag1	1.26961063803037e-10	4.36573121680125e-05	0.000118504473543876
EN.GHG.CH4.AG.MT.CE.AR5_avg2	1.25590454228387e-10	5.34922011728945e-05	0.000118504473543876
EN.GHG.CH4.PI.MT.CE.AR5_ratiomax2	1.24060484612579e-10	0.000313037320765145	0.000177756710315814
TX.VAL.MRCH.OR.ZS_lag1	1.17575800626548e-10	0.000141286576192085	0.000177756710315814
EG.ELC.NGAS.ZS_lag1	1.16055812916124e-10	5.13333230986521e-05	0.000118504473543876
AG.PRD.FOOD.XD_lag1	1.14456670852591e-10	2.20685314255887e-05	5.92522367719382e-05
AG.LND.ARBL.HA_max2	1.08389031797742e-10	4.36573121680125e-05	0.000118504473543876
AG.PRD.CROP.XD_ratiomax2	9.89017583235266e-11	7.74797353311431e-05	0.000118504473543876
ER.H2O.INTR.PC_min2	9.88264396099871e-11	4.36573121680125e-05	5.92522367719382e-05
TM.VAL.MRCH.WL.CD_lag1	9.64181662985943e-11	0.000104345773588382	5.92522367719382e-05
EN.GHG.N2O.FE.MT.CE.AR5_avg2	8.78134942847814e-11	1.67912739107741e-05	5.92522367719382e-05
AG.LND.AGRI.ZS_tend2	8.32310680153511e-11	2.68660382572385e-05	5.92522367719382e-05
DC.DAC.GBRL.CD_rank	8.19721233050942e-11	3.71806779452854e-05	5.92522367719382e-05
BX.KLT.DINV.WD.GD.ZS_rank	8.16798714464276e-11	0.000149922088489054	0.000177756710315814
NE.TRD.GNFS.ZS_rank	7.91739780271755e-11	2.01495286929289e-05	5.92522367719382e-05
AG.LND.CREL.HA_rank	7.625443244628e-11	1.84704013018515e-05	5.92522367719382e-05
EN.GHG.ALL.PC.CE.AR5_ratiomax2	7.51812158736948e-11	0.000142246077558414	0.000118504473543876
AG.PRD.FOOD.XD_delta1	7.36796091950591e-11	0.000208691547176763	0.000118504473543876
EN.GHG.ALL.MT.CE.AR5_ratiomax2	6.9173872610741e-11	8.75544996776075e-05	5.92522367719382e-05
FM.AST.PRVT.GD.ZS_ratioavg2	6.24731691397116e-11	0.000101947020172557	0.000177756710315814
NY.GDP.MKTP.KD	5.58861619586496e-11	9.42710092419172e-05	5.92522367719382e-05
TM.VAL.MMTL.ZS.UN_lag1	5.57904789257933e-11	5.13333230986521e-05	0.000118504473543876
BM.KLT.DINV.CD.WD_delta1	5.39014562837793e-11	6.69252203015137e-05	0.000118504473543876
TM.VAL.MRCH.AL.ZS	5.25832719303738e-11	2.95046670146458e-05	5.92522367719382e-05
NE.RSB.GNFS.CN	4.68722241220175e-11	4.50965642175075e-05	5.92522367719382e-05
SP.URB.TOTL	3.6832795697916e-11	1.79906506186865e-05	5.92522367719382e-05
NY.GDP.PETR.RT.ZS_delta1	3.67872995273003e-11	5.54112039055544e-05	0.000118504473543876
NY.ADJ.NNTY.CD	3.56939958503754e-11	9.13925051429273e-05	5.92522367719382e-05
EG.ELC.HYRO.ZS_delta1	3.19873200345277e-11	5.06136970739046e-05	5.92522367719382e-05
DT.NFL.UNDP.CD_rank	2.97204146879228e-11	2.47071601829961e-05	5.92522367719382e-05
AG.PRD.CREL.MT_avg2	2.84555509234318e-11	2.5666661549326e-05	5.92522367719382e-05
NE.DAB.TOTL.CD_tend2	2.61378175759755e-11	3.38224231631306e-05	5.92522367719382e-05
NY.GDP.MKTP.KD_delta1	2.13065503384796e-11	1.84704013018515e-05	5.92522367719382e-05
NE.CON.PRVT.KD.ZG_ratiomax2	2.04965006166866e-11	3.04641683809758e-05	5.92522367719382e-05
BX.TRF.PWKR.DT.GD.ZS_rank	9.97079415974009e-12	1.58317725444441e-05	5.92522367719382e-05
DT.ODA.ALLD.KD_delta1	5.61285822740335e-12	1.84704013018515e-05	5.92522367719382e-05
EN.GHG.CO2.MT.CE.AR5_max2	3.47433753298495e-12	1.65513985691916e-05	5.92522367719382e-05
EG.ELC.FOSL.ZS_ratioavg2	2.96592009034751e-12	2.5666661549326e-05	5.92522367719382e-05
