Feature	Gain	Cover	Frequency
SP.RUR.TOTL.ZS_rank	0.2026209922786	0.000624863593242756	0.000402722403447304
NY.GDP.PCAP.KD	0.180421629339794	0.00164591000781157	0.00108735048930772
NE.CON.PRVT.PC.KD	0.173262272551772	0.000446542405883618	0.000483266884136765
SP.URB.TOTL.IN.ZS	0.145728728038675	0.000549207463119193	0.000785308686722242
SP.RUR.TOTL.ZS	0.0571529446912105	0.00100018649391747	0.00104707824896299
NY.GDP.PCAP.CD	0.0434026529299851	0.000639341000858993	0.000442994643792034
EN.URB.LCTY_min2	0.0329398988884385	0.000339129381634116	0.000523539124481495
SP.POP.2024.FE.5Y_rank	0.0150101347908406	0.00160971648877098	0.00104707824896299
NY.GNP.PCAP.CD	0.0107781004808068	0.000778588754759253	0.000604083605170956
NY.GDP.DEFL.ZS_lag1	0.00849386997076019	0.000487172549838865	0.000966533768273529
SH.DTH.MORT_lag1	0.00827253735112639	0.00142563547257528	0.00116789496999718
SH.DTH.NMRT_delta1	0.00816402834931613	0.000528736720091933	0.000825580927066973
TX.VAL.MRCH.R2.ZS	0.00759216883212049	0.000515738187447247	0.000986669888445894
SH.IMM.IDPT_rank	0.00571446069834414	0.000494177747072528	0.000483266884136765
MS.MIL.XPND.GD.ZS_max2	0.00559428761877575	0.000135511648708973	0.000382586283274939
NY.GDP.DEFL.ZS	0.00466156224858246	0.000187350108238081	0.00050340300430913
BG.GSR.NFSV.GD.ZS_max2	0.00354997630734182	0.000187505779287718	0.000281905682413113
DT.ODA.ODAT.GN.ZS	0.00329392295247938	0.00123766268013865	0.00116789496999718
FP.CPI.TOTL_rank	0.00292175369016508	0.000563295693111338	0.00100680600861826
SP.RUR.TOTL_rank	0.00288675563984141	0.000203617732925143	0.000362450163102573
TX.VAL.MRCH.RS.ZS_rank	0.00249614389748704	0.000446620241408437	0.000362450163102573
NE.EXP.GNFS.ZS	0.00222974181718596	0.00203104018461341	0.00161088961378922
EN.URB.LCTY_avg2	0.00215002965898903	1.32320392191416e-05	2.01361201723652e-05
SP.POP.80UP.MA.5Y_lag1	0.00212341069811203	0.000225567350923954	0.000281905682413113
FP.CPI.TOTL_max2	0.00187130044384093	0.000173184042721118	0.000463130763964399
SP.POP.4044.MA.5Y	0.00180450895377833	0.00107599829509066	0.000684628085860416
EN.GHG.CH4.WA.MT.CE.AR5	0.00169511482766671	7.25427091308232e-05	0.000181225081551287
DT.ODA.ODAT.GN.ZS_rank	0.00156636974241182	0.00110923406418816	0.000745036446377512
year	0.00153134697465867	0.00112736974147086	0.00100680600861826
EN.URB.LCTY_tend2	0.00136413129792827	0.000187350108238081	0.000302041802585478
BG.GSR.NFSV.GD.ZS	0.00126559591692917	0.000327220546336889	0.00054367524465386
MS.MIL.XPND.GD.ZS_min2	0.00110411809836367	0.00108697310409007	0.00100680600861826
SP.POP.80UP.FE.5Y_lag1	0.00106946152054041	6.90401105139916e-05	0.000161088961378922
SP.DYN.LE00.FE.IN_lag1	0.00101123039164456	0.00154145473350517	0.00100680600861826
SP.POP.6064.FE.5Y_delta1	0.000990697120818058	0.000254132988532336	0.000382586283274939
MS.MIL.XPND.GD.ZS_avg2	0.000960090537944925	0.0104162612733082	0.0086786677942894
FP.CPI.TOTL_min2	0.000930083169341034	0.000186026904316167	0.000342314042930208
AG.LND.AGRI.ZS	0.000877967900613852	0.000799837853034698	0.00106721436913536
AG.LND.ARBL.ZS	0.000867878725312063	7.1219505208909e-05	0.000140952841206556
EG.ELC.PETR.ZS_max2	0.000855053129671315	9.33247942573573e-05	0.000221497321896017
SP.RUR.TOTL	0.000850507661017942	0.000311186428224282	0.000604083605170956
SP.POP.1564.MA.ZS_lag1	0.000750332936087731	6.1645735656236e-05	6.04083605170956e-05
EG.ELC.PETR.ZS_min2	0.00074234537781029	0.000172950536146662	0.000261769562240748
SP.DYN.AMRT.FE_lag1	0.00073035614864527	0.00355630512895634	0.00243647054085619
FM.AST.PRVT.GD.ZS_max2	0.000696773174838348	0.00579680071085628	0.003584229390681
BX.TRF.PWKR.DT.GD.ZS_max2	0.000691364503615111	8.46072154776875e-05	0.000161088961378922
IT.CEL.SETS_max2	0.000691124897137157	5.14492819050151e-05	0.000140952841206556
AG.CON.FERT.ZS_lag1	0.000676900675782479	0.000216771936619466	0.000221497321896017
NE.CON.TOTL.KD.ZG_min2	0.000669309696169759	6.02446962095034e-05	0.000161088961378922
SP.POP.4044.FE.5Y	0.000643455882661405	0.000795323392595226	0.000644355845515686
EG.ELC.PETR.ZS_avg2	0.000609799476324417	0.000166178845487454	0.000201361201723652
SH.DYN.MORT.FE	0.000573189682392916	0.000475575056640911	0.000402722403447304
EN.GHG.CH4.PI.MT.CE.AR5_delta1	0.00056033093870985	0.00231591820544905	0.00151020901292739
NY.ADJ.NNTY.PC.CD	0.000554516735537033	0.000709315137670806	0.000885989287584068
SP.POP.65UP.MA.ZS	0.000521364944884642	0.000347924795938605	0.000241633442068382
AG.PRD.CROP.XD_max2	0.000509452548247489	0.000375167229625073	0.000402722403447304
SH.MMR.DTHS_lag1	0.00050369135712467	0.010145782824564	0.00616165277274375
FM.AST.NFRG.CN	0.000483555519681891	0.00181854920185896	0.00173170633482341
SP.POP.2529.MA.5Y_delta1	0.000481550811912829	0.000189918680557091	0.000322177922757843
SP.POP.80UP.MA.5Y	0.000469405579537681	0.000242613330859201	0.000161088961378922
SM.POP.RHCR.EO	0.000455047214644268	0.000750645801349419	0.000684628085860416
DC.DAC.DEUL.CD	0.000433414520703958	0.000180111404429962	0.000181225081551287
SP.RUR.TOTL.ZG	0.000433177100612316	0.000326208684514249	0.000362450163102573
SP.POP.0004.FE.5Y_rank	0.000432484133925776	0.00189607338457817	0.00112762272965245
TX.VAL.MRCH.OR.ZS_lag1	0.000412318895071657	5.98555185854109e-05	0.000120816721034191
NE.IMP.GNFS.CN	0.000406608007370895	0.000281453257743623	0.000322177922757843
TX.VAL.MANF.ZS.UN_lag1	0.000405248529747188	0.00487515026148066	0.00300028190568241
SE.TER.ENRR_lag1	0.000402321989197357	0.00217814932652034	0.00203374813740888
EG.ELC.PETR.ZS_lag1	0.000402002120172429	6.69385513438926e-05	0.000161088961378922
NV.IND.TOTL.CN_lag1	0.000401327311559965	9.57376955267301e-05	0.000181225081551287
NY.GDP.TOTL.RT.ZS_lag1	0.000390372535612341	0.00384157232741607	0.00275864846361403
NV.IND.MANF.KD	0.000389169217672548	0.000175285601891216	0.000342314042930208
SP.DYN.AMRT.MA	0.000384304751579547	0.00149156216209653	0.00112762272965245
SP.POP.7074.FE.5Y_delta1	0.00038269009193306	0.0016607765930519	0.00181225081551287
FP.CPI.TOTL	0.000378120661163789	0.000242146317710291	0.00054367524465386
SP.POP.6064.MA.5Y_delta1	0.000369814805338845	0.000648369921737937	0.00050340300430913
IT.CEL.SETS.P2	0.000357537574421176	0.000877984719952452	0.000906125407756434
EN.GHG.CO2.FE.MT.CE.AR5_avg2	0.000344995873561265	1.1675328722772e-05	2.01361201723652e-05
EN.URB.MCTY.TL.ZS	0.000344089402960523	0.0108085523183934	0.0067657363779147
SH.IMM.MEAS	0.000343139040457633	9.41809850303605e-05	8.05444806894607e-05
AG.LND.AGRI.K2_min2	0.00033925882550549	0.00751276269100449	0.00449035479843744
SE.SEC.ENRL	0.000320261898751064	0.000155515378587323	0.000362450163102573
SH.IMM.MEAS_rank	0.000320075618292025	7.63566498469287e-05	0.000120816721034191
AG.LND.AGRI.ZS_max2	0.000307295974902525	0.000216771936619466	0.000181225081551287
EN.GHG.CH4.BU.MT.CE.AR5_min2	0.000302747499447381	0.000248450995220587	0.000342314042930208
DC.DAC.DEUL.CD_min2	0.000288959282129177	5.32394989758402e-05	8.05444806894607e-05
SP.POP.0004.MA.5Y_lag1	0.00028642552768805	0.00127650260702307	0.000906125407756434
SP.POP.7074.MA.5Y_delta1	0.000284014180734637	0.000215604403747189	0.000261769562240748
SE.SEC.ENRL_delta1	0.000277924126185698	0.00059544176486137	0.000684628085860416
SP.POP.0004.MA.5Y_rank	0.000276722227858192	0.00203150719776232	0.00120816721034191
NE.CON.PRVT.ZS	0.000272088374773329	0.000748777748753775	0.000604083605170956
SP.POP.65UP.MA.ZS_lag1	0.000267071376319028	0.000134110609262241	0.000181225081551287
ER.FSH.AQUA.MT_min2	0.000265502388872573	0.00373828458598195	0.002315653819822
SP.DYN.AMRT.FE	0.000265247356064822	0.000502350477178468	0.000442994643792034
SP.POP.0014.FE.ZS_lag1	0.000264409071601642	0.000216304923470555	0.000221497321896017
EN.GHG.CH4.WA.MT.CE.AR5_lag1	0.000259086951563546	8.01705905630342e-06	2.01361201723652e-05
SP.POP.5054.MA.5Y	0.000256785319795663	0.000766212906313115	0.00050340300430913
FM.AST.DOMS.CN	0.000251495834382719	0.012953543711341	0.00934315975997745
NE.TRD.GNFS.ZS_lag1	0.000247927150647867	0.000432765517990747	0.000362450163102573
AG.LND.PRCP.MM_min2	0.000246458067755552	0.000152946806268313	0.000161088961378922
SP.POP.1519.FE.5Y_delta1	0.000245377842607811	0.000425293307608173	0.000865853167411703
SP.DYN.LE00.MA.IN_lag1	0.000245271492849779	0.00219636283932786	0.00151020901292739
SP.POP.1564.TO.ZS_lag1	0.000245029377106427	0.000279507369623161	0.000181225081551287
TX.VAL.MRCH.R1.ZS	0.000240128216574248	0.00659025605085586	0.00618178889291611
TM.VAL.MRCH.OR.ZS_lag1	0.000238121880037667	0.00021965185103775	0.000302041802585478
IT.CEL.SETS.P2_max2	0.000237493646608441	0.000131931214567323	0.000261769562240748
EG.ELC.NUCL.ZS_tend2	0.000236040098703712	0.00291595226627471	0.00199347589706415
SM.POP.RHCR.EO_lag1	0.000234715929001674	0.000671720579183481	0.000865853167411703
BX.GRT.TECH.CD.WD	0.000234692748313119	0.000333369552797549	0.000442994643792034
EN.GHG.N2O.PI.MT.CE.AR5_max2	0.00023191056134848	0.000117453806951086	0.000100680600861826
SP.POP.4044.MA.5Y_delta1	0.00023038956279787	0.00166342300089573	0.00142966453223793
EN.GHG.CH4.WA.MT.CE.AR5_max2	0.000221423498394103	1.51779273396036e-05	4.02722403447304e-05
SP.POP.0014.MA.ZS_rank	0.000218528264178254	0.00243780863731479	0.00144980065241029
IT.CEL.SETS.P2_min2	0.000216622124759648	0.000238488048043822	0.000442994643792034
SP.DYN.LE00.FE.IN	0.000207469306887259	0.000291961053594118	0.000241633442068382
NY.GDP.PCAP.KD_delta1	0.00020535542358114	0.00302834676411259	0.00269824010309694
SP.DYN.CDRT.IN_rank	0.000204017689940849	2.98110060054778e-05	6.04083605170956e-05
NE.CON.PRVT.PC.KD_avg2	0.000202107551588898	5.04374200823749e-05	0.000140952841206556
SP.POP.5054.FE.5Y_lag1	0.000201079176669506	0.00156784097641864	0.00106721436913536
AG.LND.AGRI.K2_ratioavg2	0.000197773967359098	0.00109070920928136	0.000825580927066973
BX.KLT.DINV.WD.GD.ZS_avg2	0.000194586835663275	0.00419728067583652	0.00378559059240466
DT.ODA.ODAT.GN.ZS_max2	0.000190909441937611	0.000124225497610294	0.000161088961378922
TM.VAL.MRCH.HI.ZS	0.000190613177700852	8.22721497331331e-05	0.000181225081551287
NE.IMP.GNFS.KD_delta1	0.00018615374174488	0.000346912934115964	0.000382586283274939
SP.DYN.TO65.FE.ZS	0.000183333133194684	0.00273109289483082	0.00187265917602996
NY.GSR.NFCY.CN_lag1	0.000182445636223605	0.000932625258375025	0.000926261527928799
NE.EXP.GNFS.KD	0.000182176275170008	0.000462887866095499	0.00050340300430913
SE.TER.ENRR	0.000180340304466503	0.00065381840847523	0.000885989287584068
SP.POP.1564.FE.ZS_rank	0.000177169888893736	7.78355248184798e-06	2.01361201723652e-05
EN.GHG.CH4.WA.MT.CE.AR5_min2	0.000172636490769836	1.71238154600656e-05	4.02722403447304e-05
AG.CON.FERT.ZS_avg2	0.000169199204457867	1.40103944673264e-05	4.02722403447304e-05
NY.GDP.MKTP.KN_delta1	0.000167077643234947	0.00262072212063821	0.00171157021465104
BM.TRF.PWKR.CD.DT_min2	0.00016520991123354	0.000160341181126068	0.000221497321896017
NY.GSR.NFCY.CN	0.000165014811892427	0.00887356117140597	0.00592001933067537
TX.VAL.MRCH.R6.ZS_lag1	0.000161119292626548	0.000470982760676621	0.000906125407756434
IT.MLT.MAIN.P2_max2	0.000160837422117647	0.00028775793525392	0.000241633442068382
SP.POP.6064.FE.5Y_rank	0.000160056755286843	0.000169214430955375	0.000221497321896017
EN.GHG.CH4.TR.MT.CE.AR5_min2	0.000158684213226589	3.47924795938605e-05	0.000100680600861826
SP.RUR.TOTL.ZG_lag1	0.000153350048216357	3.46368085442235e-05	8.05444806894607e-05
IS.AIR.GOOD.MT.K1	0.000153236671982094	0.00398175410761415	0.00291973742499295
NE.CON.PRVT.ZS_min2	0.000152529050508459	0.00115476784620697	0.000805444806894608
NE.CON.PRVT.ZS_avg2	0.000152441047936077	0.000411360748665666	0.000322177922757843
ER.FSH.AQUA.MT	0.000151188504152794	0.000172794865097025	0.000161088961378922
DC.DAC.JPNL.CD_min2	0.000150406041268835	0.000149366372126663	0.000201361201723652
SP.DYN.LE00.MA.IN	0.000150077315320034	0.0053318891211155	0.00326205146792316
SP.RUR.TOTL.ZS_delta1	0.000146390320947105	0.00344173123642354	0.00243647054085619
SP.POP.4549.MA.5Y_lag1	0.000146170233553122	0.000486316359065862	0.000402722403447304
SP.POP.0004.FE.5Y_lag1	0.000142392609780801	0.00172296717738187	0.00112762272965245
SH.DTH.MORT	0.000142083957749566	0.000910208627227303	0.000805444806894608
SP.POP.5559.FE.5Y_lag1	0.000140791073054944	0.000841324187762948	0.000563811364826225
SP.DYN.AMRT.MA_rank	0.000136088054707299	0.00304726079664348	0.00181225081551287
SM.POP.NETM	0.000132572734626096	0.00774385636419055	0.00511457452378076
year_cycle	0.000128841221260316	0.000829804530089813	0.00100680600861826
SE.ENR.PRIM.FM.ZS_lag1	0.000128084204977542	0.000483669951222033	0.000523539124481495
SP.POP.3034.FE.5Y_delta1	0.000125724213686069	0.0019783455343113	0.00181225081551287
SH.DTH.IMRT	0.0001251031706934	0.000135589484233792	0.000161088961378922
IT.CEL.SETS_lag1	0.000123105308625336	1.69681444104286e-05	4.02722403447304e-05
IT.CEL.SETS.P2_avg2	0.000123077485663358	0.000267520698801115	0.000362450163102573
SH.MMR.RISK	0.000122869511913211	0.00445297037486523	0.00289960130482059
NV.AGR.TOTL.CD_lag1	0.000122813764771899	0.000164622134991085	0.000161088961378922
BM.GSR.NFSV.CD	0.000122468931636057	9.76057481223736e-05	0.000120816721034191
SP.POP.4549.FE.5Y_lag1	0.000121065409685793	0.00125634320609508	0.000845717047239338
NE.CON.TOTL.KD_rank	0.000116991530595174	2.47516968922766e-05	4.02722403447304e-05
SH.DYN.MORT.FE_lag1	0.000115835720845648	0.000182757812273791	0.000140952841206556
BM.TRF.PWKR.CD.DT_max2	0.000114994863822214	0.00329757984445971	0.00203374813740888
SP.POP.2024.MA.5Y_rank	0.000112950256523415	7.08303275848166e-05	0.000120816721034191
TM.VAL.MANF.ZS.UN	0.000111945942766979	0.000242379824284746	0.000442994643792034
EG.ELC.PETR.ZS	0.000111744893780322	0.0003655934600724	0.000523539124481495
SP.POP.5559.MA.5Y	0.00011094270045381	0.000180500582054055	0.000161088961378922
SH.MMR.RISK.ZS_rank	0.000110497316203757	0.000162598411345804	0.000120816721034191
TX.VAL.MRCH.HI.ZS_lag1	0.000108428599993125	0.000206497647343427	0.000402722403447304
IT.CEL.SETS.P2_lag1	0.000108280921273424	0.000110759951816697	0.000100680600861826
NY.GDP.FRST.RT.ZS_lag1	0.000108132419519816	0.00029336209304085	0.000302041802585478
SP.POP.5054.FE.5Y	0.000105550442809661	0.0024125899272736	0.00163102573396158
AG.CON.FERT.ZS_max2	0.000102992055238527	0.000101108346739205	0.000181225081551287
SH.DYN.MORT.MA_lag1	0.000101682364570787	0.00956302825024806	0.00620192501308848
NE.CON.PRVT.ZS_lag1	0.000100024162156386	0.000246582942624944	0.000241633442068382
SP.POP.65UP.TO.ZS	9.9770410882921e-05	0.000103054234859667	0.000140952841206556
SP.POP.4044.MA.5Y_lag1	9.92041124745854e-05	0.00115585754355442	0.000865853167411703
BX.GSR.TRVL.ZS_min2	9.70912844970385e-05	0.000143606543290095	0.000100680600861826
BM.TRF.PWKR.CD.DT	9.47110907309308e-05	0.00413742515725111	0.0027787845837864
SP.POP.1564.FE.ZS_lag1	9.37363489084778e-05	0.0012197605094304	0.000825580927066973
FP.CPI.TOTL_avg2	9.29358954935124e-05	4.2342525501253e-05	0.000100680600861826
FD.AST.PRVT.GD.ZS	9.22322197639608e-05	0.0110727260896273	0.00835648987153155
SE.PRM.ENRR.FE	9.0252366786646e-05	0.000274603731559597	0.000624219725343321
EN.GHG.CO2.FE.MT.CE.AR5_rank	8.91762404568486e-05	7.47221038257406e-06	2.01361201723652e-05
DC.DAC.FRAL.CD_rank	8.79885002192639e-05	0.00334653838957054	0.00243647054085619
IT.MLT.MAIN.P2_tend2	8.74671978875932e-05	0.0028581983068594	0.00221497321896017
SP.POP.1519.MA.5Y_lag1	8.40340187055701e-05	0.00132655084948135	0.00122830333051428
IT.MLT.MAIN_tend2	8.39031899829983e-05	0.00217550291867651	0.00213442873827071
IT.CEL.SETS_min2	8.22997618366922e-05	2.00815654031678e-05	6.04083605170956e-05
AG.LND.TOTL.K2_tend2	8.19589019215666e-05	0.000498380865412726	0.000322177922757843
DT.NFL.UNDP.CD_rank	8.18699301475673e-05	0.000144462734063098	0.000221497321896017
EN.GHG.N2O.WA.MT.CE.AR5_lag1	8.1121242084429e-05	2.92661573317484e-05	4.02722403447304e-05
NE.RSB.GNFS.ZS_rank	8.10528024134369e-05	4.79466832881835e-05	0.000120816721034191
SP.ADO.TFRT_lag1	8.03043653707457e-05	0.00329874737733199	0.00235592606016673
NE.EXP.GNFS.CN_delta1	7.98799485659077e-05	0.000153258148367587	0.000322177922757843
SP.POP.65UP.MA.ZS_delta1	7.85406100680596e-05	0.000290715685197022	0.000201361201723652
SP.DYN.TO65.FE.ZS_lag1	7.8313067997325e-05	0.0016363362382589	0.00110748660948009
NE.TRD.GNFS.ZS	7.82962641559801e-05	0.000879697101498458	0.00104707824896299
NY.GDP.FCST.CN_delta1	7.81493180529406e-05	0.000164544299466266	0.000322177922757843
IT.MLT.MAIN.P2_min2	7.8070768725179e-05	0.000503050996901835	0.000362450163102573
TX.VAL.MANF.ZS.UN	7.75375133110148e-05	0.000242224153235109	0.000342314042930208
AG.CON.FERT.ZS_min2	7.68371602708309e-05	0.000132398227716234	0.000161088961378922
SP.POP.7074.MA.5Y_lag1	7.57863839911432e-05	5.33173345006586e-05	0.000100680600861826
FS.AST.CGOV.GD.ZS_lag1	7.54257909185128e-05	0.000342087131577219	0.000402722403447304
SH.DYN.MORT	7.41756770274111e-05	0.000343643842073588	0.000261769562240748
BX.GSR.CMCP.ZS_avg2	7.39870997957829e-05	0.000498225194363089	0.000644355845515686
SP.DYN.LE00.IN_rank	7.38919373243178e-05	5.44848673729358e-06	2.01361201723652e-05
TX.VAL.MRCH.R3.ZS_lag1	7.34111448980471e-05	0.000736868913456548	0.000724900326205147
NY.ADJ.DNGY.GN.ZS	7.26490763414681e-05	0.000173728891394847	0.000322177922757843
AG.YLD.CREL.KG_max2	7.23439421236483e-05	0.000384585328128109	0.000442994643792034
EG.USE.PCAP.KG.OE_lag1	7.073508553644e-05	0.00024113445588765	0.000362450163102573
SE.PRM.ENRR	6.81035660298017e-05	0.000263473251510554	0.000684628085860416
SP.POP.DPND.OL_delta1	6.79407475502337e-05	0.000235452462575901	0.000221497321896017
SP.URB.GROW	6.77777174550236e-05	0.0013191564746236	0.000865853167411703
FM.AST.NFRG.CN_min2	6.68634984794133e-05	0.000210155917009895	0.000322177922757843
AG.YLD.CREL.KG_lag1	6.67414246854774e-05	0.00585525518999496	0.00416817687567959
SP.POP.6064.MA.5Y	6.6716994862236e-05	7.68236629958395e-05	0.000140952841206556
TX.VAL.MRCH.OR.ZS	6.37444933584958e-05	0.000210467259109169	0.000322177922757843
SP.POP.7074.MA.5Y	6.30089118882044e-05	0.000107413024249502	0.000140952841206556
SH.DYN.NMRT	6.20842842446955e-05	0.000223076614129763	0.000241633442068382
IT.CEL.SETS.P2_tend2	6.1103026024164e-05	0.00111841865611674	0.00106721436913536
NY.ADJ.NNTY.PC.CD_lag1	6.05952366471468e-05	0.000574114831061107	0.000684628085860416
SP.POP.7579.FE.5Y_delta1	5.95281284188596e-05	0.0017837567222651	0.00134912005154847
SP.POP.5054.MA.5Y_lag1	5.93224831654359e-05	0.00329975923915463	0.00241633442068382
DC.DAC.TOTL.CD_lag1	5.89429249250887e-05	0.000246115929476033	0.000241633442068382
NE.IMP.GNFS.CN_delta1	5.83380561986399e-05	0.000163688108693263	0.000302041802585478
NE.EXP.GNFS.ZS_lag1	5.78617904906265e-05	0.00225754156183519	0.00165116185413395
DC.DAC.DEUL.CD_avg2	5.61482676032409e-05	0.000151623602346399	0.000161088961378922
DC.DAC.DEUL.CD_rank	5.54083049016757e-05	0.00411936731549322	0.00314123474688897
TX.VAL.MRCH.HI.ZS	5.51707881563038e-05	0.000380382209787911	0.000624219725343321
TX.VAL.MRCH.R3.ZS_rank	5.4767837325871e-05	0.000386453380723752	0.000604083605170956
SP.POP.1014.FE.5Y	5.43885294282166e-05	0.0011692452538232	0.000724900326205147
NV.IND.TOTL.KD	5.41563239199746e-05	8.16494655345853e-05	0.000140952841206556
TX.VAL.MRCH.R6.ZS	5.33632343480531e-05	0.000253588139858607	0.000604083605170956
SP.ADO.TFRT	5.28462780922739e-05	0.00566751590413279	0.00382586283274939
SE.SEC.ENRL.GC_delta1	5.19754091490155e-05	0.00420444154411982	0.0045104909186098
BM.KLT.DINV.WD.GD.ZS_avg2	5.16040844101116e-05	0.000626420303739125	0.000966533768273529
NY.GDP.PCAP.KD_rank	5.14205652702256e-05	2.22609600980852e-05	2.01361201723652e-05
SP.POP.0509.MA.5Y	5.10378478394238e-05	0.00037119761785933	0.000241633442068382
TM.VAL.SERV.CD.WT	5.09970461982945e-05	3.44033019697681e-05	4.02722403447304e-05
SP.URB.TOTL_delta1	5.04113327032844e-05	6.61601960957078e-06	2.01361201723652e-05
BX.GSR.CMCP.ZS_lag1	5.01522757500282e-05	0.000284021830062633	0.00050340300430913
EG.USE.ELEC.KH.PC_tend2	5.00380137845985e-05	0.00210980973572971	0.00207402037775361
EN.GHG.CH4.PI.MT.CE.AR5_tend2	4.97077691902408e-05	0.00267715287613161	0.00193306753654706
FI.RES.TOTL.MO_min2	4.73341230359236e-05	8.44515444280506e-05	0.000201361201723652
SP.DYN.IMRT.MA.IN	4.72397949969399e-05	0.000665493737198002	0.000402722403447304
YearsSinceFirst_lag1	4.70967885919934e-05	0.00022167557468303	0.000261769562240748
AG.LND.AGRI.K2_max2	4.62973823300295e-05	0.00111125778783344	0.000684628085860416
SP.POP.6569.FE.5Y_delta1	4.61930275694072e-05	0.000760375241951729	0.00116789496999718
NY.GDP.PCAP.CD_lag1	4.47105253451789e-05	0.000506475759993848	0.000523539124481495
TM.VAL.FOOD.ZS.UN	4.40671164301817e-05	0.000300912138948243	0.000382586283274939
TX.VAL.FOOD.ZS.UN_lag1	4.40464121976232e-05	0.000341464447378671	0.000583947484998591
MS.MIL.MPRT.KD	4.39784436503879e-05	0.000914022567943408	0.00100680600861826
SH.DYN.MORT_lag1	4.31783022769948e-05	0.000765668057639386	0.00054367524465386
FM.AST.DOMS.CN_lag1	4.14782117905085e-05	0.000968429599791525	0.000664491965688051
AG.CON.FERT.ZS	4.06406828829581e-05	0.00212171857102694	0.00165116185413395
MS.MIL.XPND.CD_min2	4.03519003503004e-05	0.000102587221710756	0.000100680600861826
NY.GDP.TOTL.RT.ZS_rank	3.88753346615618e-05	0.000153491654942042	0.000221497321896017
SP.POP.DPND.YG_lag1	3.82295986381687e-05	0.000719122413797935	0.000463130763964399
AG.LND.AGRI.ZS_avg2	3.81765673465166e-05	8.4529379952869e-05	0.000100680600861826
NE.CON.PRVT.PC.KD_max2	3.79672252364213e-05	2.20274535236298e-05	8.05444806894607e-05
NY.GDP.DEFL.ZS_delta1	3.74865839709018e-05	0.000189996516081909	0.000221497321896017
BX.GSR.FCTY.CD	3.67694101103677e-05	0.000129985326446861	0.000221497321896017
BX.GSR.FCTY.CD_tend2	3.63645382128828e-05	0.00158083950906332	0.00116789496999718
year_cycle_lag1	3.61498333405588e-05	0.000158006115381514	0.000362450163102573
SP.POP.65UP.TO.ZS_lag1	3.61172716475998e-05	6.07117093584142e-06	2.01361201723652e-05
SP.DYN.IMRT.FE.IN_lag1	3.60326384134748e-05	0.00362487822632142	0.00229551769964963
YearsSinceFirst	3.60305723035537e-05	9.54263534274562e-05	0.000120816721034191
AG.LND.AGRI.K2	3.58344938399452e-05	5.16827884794706e-05	8.05444806894607e-05
SH.DTH.MORT_delta1	3.56865652458733e-05	0.000769404162830673	0.00102694212879062
AG.PRD.LVSK.XD_lag1	3.56321625629888e-05	6.57710184716154e-05	0.000140952841206556
SP.DYN.TO65.MA.ZS_lag1	3.50580259684857e-05	5.15271174298336e-05	8.05444806894607e-05
NE.CON.PRVT.PC.KD_min2	3.48912269379706e-05	3.89955979340584e-05	0.000100680600861826
EN.URB.LCTY_ratioavg2	3.4743025962093e-05	0.00138049086818056	0.00106721436913536
EN.GHG.CH4.TR.MT.CE.AR5_max2	3.42844673780634e-05	5.44848673729358e-06	2.01361201723652e-05
TM.VAL.FUEL.ZS.UN	3.27202560579937e-05	0.000197546561989302	0.000402722403447304
BX.GSR.NFSV.CD	3.21931696830319e-05	5.93106699116816e-05	0.000120816721034191
AG.LND.PRCP.MM_max2	3.21066106743155e-05	1.95367167294384e-05	2.01361201723652e-05
NE.CON.PRVT.CD	3.20599434776148e-05	6.01668606846849e-05	6.04083605170956e-05
MS.MIL.MPRT.KD_tend2	3.2022556833513e-05	0.00269373184291795	0.00237606218033909
TX.VAL.FOOD.ZS.UN	3.20096673858645e-05	0.000121734760816102	0.000181225081551287
NY.GNP.PCAP.CD_delta1	3.17997980374418e-05	0.00265753832387736	0.00195320365671942
NE.GDI.TOTL.ZS_delta1	3.11089333714207e-05	0.000402798840935633	0.000523539124481495
EN.GHG.ALL.MT.CE.AR5_tend2	3.04401847096319e-05	0.000808321925239912	0.00110748660948009
DC.DAC.CECL.CD_max2	3.03480226767339e-05	0.000104533109831218	0.000261769562240748
EN.GHG.CH4.BU.MT.CE.AR5_tend2	3.00886872008775e-05	0.000306282790160718	0.000483266884136765
TX.VAL.MRCH.AL.ZS_rank	2.98700252503857e-05	3.36249467215833e-05	6.04083605170956e-05
DC.DAC.USAL.CD	2.96722591513015e-05	0.000103365576958941	0.000261769562240748
SP.POP.5559.MA.5Y_delta1	2.95431427247924e-05	0.00459377483926186	0.00296000966533768
NE.RSB.GNFS.ZS_lag1	2.90104834956124e-05	0.000504140694249294	0.000402722403447304
SP.POP.DPND.OL	2.84831169408495e-05	3.65826966646855e-05	4.02722403447304e-05
FM.AST.NFRG.CN_lag1	2.80952814881822e-05	0.000577306087578664	0.000745036446377512
NE.RSB.GNFS.CD	2.80446654070531e-05	0.00029032650757293	0.000483266884136765
NV.SRV.TOTL.KD.ZG	2.791692463374e-05	0.000627354330036947	0.000926261527928799
EN.GHG.CH4.FE.MT.CE.AR5_ratioavg2	2.75866136730997e-05	0.0026994138362297	0.0018525230558576
SP.POP.2024.MA.5Y_lag1	2.74624444902053e-05	0.00303083750090678	0.00213442873827071
TM.VAL.MRCH.R4.ZS	2.72540018293815e-05	0.000268532560623755	0.000463130763964399
NE.CON.TOTL.KD.ZG_max2	2.71912701978263e-05	0.000162598411345804	0.000221497321896017
SP.POP.5559.MA.5Y_lag1	2.68168152634987e-05	0.0033687215141438	0.00211429261809834
BM.GSR.FCTY.CD_ratioavg2	2.68003503813687e-05	0.000825679247274433	0.000865853167411703
EN.GHG.N2O.PI.MT.CE.AR5	2.66070364274152e-05	0.00181683682031295	0.00110748660948009
SP.POP.2529.MA.5Y	2.5817786273016e-05	0.00114021260306591	0.00120816721034191
MS.MIL.MPRT.KD_max2	2.58120929357509e-05	1.83691838571612e-05	6.04083605170956e-05
NV.IND.TOTL.KD_delta1	2.52898659538607e-05	0.000361623848306657	0.000684628085860416
TM.VAL.MANF.ZS.UN_lag1	2.52726276438698e-05	0.000274058882885867	0.000302041802585478
NY.GDP.FCST.CN_isNA_rank	2.50967816441863e-05	0.00278526642010448	0.00265796786275221
NE.EXP.GNFS.CN	2.50398993951249e-05	8.75649654207897e-05	0.000181225081551287
NY.GDP.FRST.RT.ZS	2.45393928178589e-05	0.000112238826788248	0.000241633442068382
NV.SRV.TOTL.ZS_lag1	2.36044030440079e-05	0.000435567596884213	0.000684628085860416
FM.AST.NFRG.CN_max2	2.28883730152689e-05	0.000185092878018345	0.000302041802585478
SP.POP.1519.MA.5Y	2.28485844451278e-05	0.000167502049409368	0.000241633442068382
BM.GSR.CMCP.ZS	2.27509271529303e-05	0.000159952003501976	0.000281905682413113
NE.CON.PRVT.KD_tend2	2.23392644049446e-05	3.19125651755767e-05	4.02722403447304e-05
AG.LND.CROP.ZS_min2	2.22249580929657e-05	0.000152246286544946	0.000201361201723652
AG.LND.PRCP.MM	2.2191804792715e-05	0.000124147662085475	0.000221497321896017
NV.SRV.TOTL.ZS	2.17807938838934e-05	0.00121835946998366	0.00114775884982482
NV.SRV.TOTL.KD.ZG_lag1	2.16280570107317e-05	0.000322083401698869	0.000523539124481495
TM.VAL.TRVL.ZS.WT_delta1	2.16194612262088e-05	0.000225878693023228	0.000402722403447304
DC.DAC.DEUL.CD_isNA_rank	2.14304720835194e-05	0.0030544995004516	0.00243647054085619
EN.GHG.N2O.FE.MT.CE.AR5_ratioavg2	2.10388913887123e-05	0.000707369249550344	0.000885989287584068
NE.IMP.GNFS.ZS_delta1	2.09625156786773e-05	0.000624007402469752	0.000664491965688051
SP.POP.3539.FE.5Y_delta1	2.09134778558955e-05	0.00137698826956373	0.0013289839313761
AG.LND.ARBL.ZS_tend2	2.09100324579338e-05	0.000648836934886847	0.000563811364826225
SE.SEC.ENRL.GC	2.06074407034046e-05	0.000342087131577219	0.000684628085860416
NY.GDP.PCAP.CN_lag1	1.99793609769208e-05	6.50704987482491e-05	0.000100680600861826
SH.MMR.RISK_rank	1.99361357017628e-05	4.28873741749824e-05	6.04083605170956e-05
NV.SRV.TOTL.KD.ZG_rank	1.97550620103278e-05	0.000421479366892068	0.00050340300430913
AG.LND.ARBL.HA.PC	1.9726707120647e-05	4.07858150048834e-05	0.000120816721034191
SG.LAW.INDX_lag1	1.9690265532553e-05	0.000412528281537943	0.000362450163102573
DC.DAC.CANL.CD_max2	1.95917162479411e-05	9.41031495055421e-05	0.000161088961378922
IT.CEL.SETS_ratioavg2	1.94436484413683e-05	0.000881331647519646	0.00100680600861826
DC.DAC.CECL.CD_tend2	1.8897515244819e-05	0.00118364482591462	0.00159075349361685
NY.GDP.FCST.CD	1.88707054082409e-05	0.000123524977886927	0.000161088961378922
SP.DYN.AMRT.MA_lag1	1.82989450468723e-05	0.000674600493601764	0.000583947484998591
DT.NFL.UNDP.CD_ratiomax2	1.8086124216578e-05	0.000802562096403345	0.00110748660948009
SH.IMM.MEAS_lag1	1.77161143097862e-05	8.38288602295027e-05	0.000140952841206556
IS.AIR.GOOD.MT.K1_max2	1.76736478296267e-05	0.000431753656168107	0.000624219725343321
EN.GHG.CH4.BU.MT.CE.AR5_lag1	1.74920739171888e-05	3.78280650617812e-05	0.000100680600861826
SP.POP.6064.FE.5Y_lag1	1.74412913040787e-05	0.000172327851948114	0.000140952841206556
SP.POP.1564.TO.ZS_delta1	1.72556316702774e-05	0.000193654785748378	0.000302041802585478
FM.AST.PRVT.GD.ZS	1.66075236177043e-05	0.00157367864078002	0.00126857557085901
AG.PRD.FOOD.XD_min2	1.62387789000041e-05	0.00108276998574987	0.00106721436913536
NE.CON.GOVT.ZS_min2	1.62346119634214e-05	0.000452691412344278	0.00050340300430913
EG.ELC.NUCL.ZS_ratioavg2	1.6009077761916e-05	0.0019345241338385	0.00187265917602996
SP.URB.GROW_lag1	1.59697900552906e-05	0.00102042373037027	0.00120816721034191
NE.CON.GOVT.ZS_max2	1.58396775404806e-05	0.000346835098591146	0.000442994643792034
SH.DTH.IMRT_delta1	1.56294155269562e-05	0.000518073253191801	0.00054367524465386
EG.ELC.NUCL.ZS_max2	1.54735391050486e-05	0.000176297463713857	0.000181225081551287
IT.MLT.MAIN.P2_rank	1.54725267701426e-05	0.000553644088033847	0.000422858523619669
TM.VAL.MRCH.R6.ZS_lag1	1.54692794674484e-05	0.0011233222941803	0.00126857557085901
TM.VAL.MRCH.WR.ZS	1.52436000730143e-05	0.000107957872923231	0.000261769562240748
TX.VAL.FOOD.ZS.UN_delta1	1.50471190523109e-05	0.000689622749891731	0.00106721436913536
NV.IND.TOTL.ZS	1.48951135215621e-05	0.00013823589207762	0.000241633442068382
AG.PRD.FOOD.XD_avg2	1.47837308260338e-05	4.88028740611868e-05	8.05444806894607e-05
NY.GDP.TOTL.RT.ZS	1.45211973493246e-05	0.000192720759450556	0.000261769562240748
AG.LND.TOTL.K2_ratioavg2	1.44556154359678e-05	0.00012492601733366	8.05444806894607e-05
ER.FSH.PROD.MT_ratioavg2	1.43101143730247e-05	0.000337884013237021	0.000483266884136765
EG.USE.ELEC.KH.PC	1.40539326609842e-05	0.000465300767364872	0.000906125407756434
BX.GRT.TECH.CD.WD_tend2	1.39941704991464e-05	0.000465767780513783	0.000583947484998591
FM.AST.DOMS.CN_ratioavg2	1.37611287303795e-05	0.000428095386501639	0.000845717047239338
BX.GSR.CMCP.ZS_max2	1.37248248989543e-05	0.000201126996130952	0.000281905682413113
NE.RSB.GNFS.CD_lag1	1.35908755560886e-05	0.000109125405795509	0.000140952841206556
SM.POP.RHCR.EA_isNA_rank	1.35425827295622e-05	0.00128483100817865	0.00120816721034191
SE.PRM.ENRL.FE.ZS_delta1	1.34538134632523e-05	0.00295868396940005	0.0031210986267166
FP.CPI.TOTL_lag1	1.32237495293221e-05	4.56894530684476e-05	8.05444806894607e-05
FM.LBL.BMNY.GD.ZS	1.31382070235875e-05	0.00344289876929582	0.00332245982844026
EN.GHG.N2O.BU.MT.CE.AR5_ratioavg2	1.31362421396657e-05	0.000172250016423296	0.000281905682413113
NV.IND.MANF.CD	1.2890763041105e-05	0.000254833508255703	0.000322177922757843
SP.POP.TOTL.FE.ZS	1.28763644217546e-05	5.21498016283815e-05	0.000140952841206556
NE.RSB.GNFS.CD_delta1	1.27793569155404e-05	0.00315498516299226	0.00296000966533768
DT.ODA.ODAT.KD_rank	1.25097896689502e-05	0.00296257574564098	0.00191293141637469
NY.GDP.PCAP.CD_delta1	1.23173247523356e-05	0.000511690740156686	0.000563811364826225
SP.POP.2529.FE.5Y	1.23117450630305e-05	0.00123166934472762	0.00155048125327212
MS.MIL.MPRT.KD_lag1	1.22857922957235e-05	8.56190773003278e-05	0.000201361201723652
FS.AST.CGOV.GD.ZS	1.19227429054129e-05	0.000286901744480916	0.000442994643792034
EG.ELC.PETR.ZS_ratioavg2	1.18784763237964e-05	0.000626731645838399	0.000845717047239338
EG.ELC.NGAS.ZS_min2	1.18346203348767e-05	0.000111226964965608	0.000140952841206556
SP.POP.5559.FE.5Y_delta1	1.17759166105112e-05	0.000903203429993639	0.000624219725343321
NE.TRD.GNFS.ZS_delta1	1.1748560527716e-05	0.000167579884934187	0.000241633442068382
DC.DAC.TOTL.CD_max2	1.17272660877946e-05	0.000906939535184926	0.000805444806894608
TX.VAL.MRCH.R3.ZS_delta1	1.12765529656331e-05	0.00371236535621739	0.00334259594861262
NV.IND.MANF.ZS_isNA_rank	1.12706554857425e-05	0.000647124553340841	0.00102694212879062
EG.USE.PCAP.KG.OE_tend2	1.12597298283956e-05	0.00138453831547112	0.00155048125327212
SP.POP.2529.FE.5Y_delta1	1.12148953949512e-05	0.00027748364597788	0.000302041802585478
SH.DYN.NMRT_lag1	1.11943901512441e-05	0.000526479489872197	0.000422858523619669
SP.POP.TOTL.MA.ZS_lag1	1.10930867284728e-05	1.75908286089764e-05	2.01361201723652e-05
NY.GDP.PCAP.KD.ZG_delta1	1.10279600145912e-05	0.000347379947264875	0.000342314042930208
NE.CON.PRVT.PC.KD_tend2	1.10003089853475e-05	0.00134110609262241	0.00104707824896299
BX.PEF.TOTL.CD.WD	1.09034372898413e-05	0.00254514382603947	0.00197333977689179
EN.GHG.CO2.PC.CE.AR5_rank	1.08973566305222e-05	6.80282486913513e-05	0.000100680600861826
TX.VAL.TRVL.ZS.WT	1.08593173746578e-05	0.000315856559713391	0.00050340300430913
TX.VAL.FUEL.ZS.UN	1.07723687472762e-05	0.000484915319619129	0.000825580927066973
BM.GSR.TRVL.ZS_ratioavg2	1.07423472347382e-05	0.00384935587989792	0.00366477387137046
EG.ELC.FOSL.ZS_tend2	1.06501219681789e-05	0.000315467382089299	0.000805444806894608
SP.POP.2024.MA.5Y	1.06183475332637e-05	0.000533329016056223	0.000704764206032782
SE.SEC.ENRR.MA_delta1	1.05916028531368e-05	0.00167899010585943	0.00126857557085901
NV.AGR.TOTL.ZS_delta1	1.04055037521245e-05	0.000187038766138807	0.000302041802585478
NE.CON.TOTL.CD_tend2	1.03821089277861e-05	3.88399268844214e-05	0.000100680600861826
TM.VAL.MRCH.AL.ZS	1.01455243735889e-05	0.000224555489101314	0.000362450163102573
SE.PRM.ENRR.MA_isNA_rank	1.01238532557732e-05	0.000567576646976355	0.000704764206032782
FM.AST.NFRG.CN_tend2	1.00923362476457e-05	0.000382405933433191	0.000865853167411703
FS.AST.PRVT.GD.ZS	9.95681184110049e-06	0.00123735133803937	0.00114775884982482
TM.VAL.MRCH.R5.ZS_delta1	9.87171032981263e-06	0.000609997008002426	0.00118803109016955
SP.POP.1014.MA.5Y_lag1	9.84480041855296e-06	0.0010117061515906	0.000644355845515686
SE.SEC.ENRR	9.77252021014186e-06	0.000427706208877546	0.000483266884136765
TX.VAL.MRCH.R2.ZS_delta1	9.72417837003829e-06	0.000981817310060304	0.00136925617172083
TM.VAL.MMTL.ZS.UN_isNA_rank	9.56775890599818e-06	0.000175285601891216	0.000442994643792034
SE.PRM.ENRR_delta1	9.53803290734025e-06	0.00162294852799012	0.00187265917602996
ER.H2O.INTR.PC_tend2	9.53596497000675e-06	3.65826966646855e-05	8.05444806894607e-05
BX.KLT.DINV.WD.GD.ZS_lag1	9.48408233728806e-06	0.000516360871645795	0.00122830333051428
FS.AST.PRVT.GD.ZS_min2	9.39979766498808e-06	0.00530106625328738	0.003584229390681
FM.AST.DOMS.CN_isNA_rank	9.24957698394683e-06	0.000352517091902895	0.000583947484998591
AG.LND.CROP.ZS_max2	9.01793076943528e-06	7.53447880242884e-05	8.05444806894607e-05
SP.POP.65UP.TO.ZS_delta1	8.98659142886357e-06	0.00109358912369964	0.000785308686722242
SP.POP.1519.FE.5Y	8.89182878329731e-06	0.000163298931069171	0.000221497321896017
NE.CON.PRVT.ZS_max2	8.89103417420088e-06	0.00172592492732497	0.00126857557085901
SP.RUR.TOTL_delta1	8.87486068684591e-06	9.73722415479182e-05	0.000161088961378922
DT.NFL.UNDP.CD_ratioavg2	8.64542591862714e-06	0.00043673512975649	0.00106721436913536
BM.GSR.TRVL.ZS_ratiomax2	8.61779586342403e-06	3.93069400333323e-05	6.04083605170956e-05
EG.USE.ELEC.KH.PC_delta1	8.58246858347391e-06	0.00022782458114369	0.000241633442068382
SM.POP.RHCR.EA	8.3955592464662e-06	0.0021720781555845	0.00159075349361685
FD.AST.PRVT.GD.ZS_lag1	8.36455697647465e-06	0.00634709787132293	0.00422858523619669
TM.VAL.FUEL.ZS.UN_rank	8.32919121201787e-06	0.000134966800035244	0.000201361201723652
SP.POP.0014.FE.IN_delta1	8.31486702123733e-06	0.000138002385503165	0.000261769562240748
SE.PRM.ENRR.MA_lag1	8.26265229727663e-06	0.000322706085897417	0.000765172566549877
BM.KLT.DINV.WD.GD.ZS_min2	8.25953930769342e-06	0.000225723021973591	0.000342314042930208
NV.IND.MANF.KD_delta1	8.1854406914695e-06	0.000136056497382703	0.000281905682413113
AG.PRD.CROP.XD_avg2	8.10194255555153e-06	0.000100096484916565	0.000140952841206556
SE.PRM.ENRR.FE_delta1	7.96982808367688e-06	0.001615709824182	0.00175184245499577
EN.GHG.CO2.PI.MT.CE.AR5_max2	7.91886043367228e-06	7.47221038257406e-06	2.01361201723652e-05
DC.DAC.CECL.CD_lag1	7.84135721775535e-06	6.61601960957078e-05	0.000181225081551287
BG.GSR.NFSV.GD.ZS_tend2	7.83090275203188e-06	0.000391201347737679	0.000946397648101164
EN.GHG.CH4.BU.MT.CE.AR5_max2	7.80138691895633e-06	1.57227760133329e-05	4.02722403447304e-05
FM.AST.NFRG.CN_ratioavg2	7.69960972532645e-06	0.000786839320390012	0.00102694212879062
EN.GHG.N2O.WA.MT.CE.AR5_ratioavg2	7.67158367178457e-06	0.00122552033826696	0.00146993677258266
SP.POP.80UP.MA.5Y_delta1	7.62320875496909e-06	0.000798592484637603	0.000664491965688051
EN.GHG.ALL.MT.CE.AR5_delta1	7.53506376741195e-06	8.13381234353114e-05	0.000120816721034191
SP.DYN.TFRT.IN_delta1	7.5004393770054e-06	0.00024525973870303	0.000302041802585478
AG.LND.ARBL.HA.PC_rank	7.49261680315121e-06	1.29985326446861e-05	4.02722403447304e-05
BX.KLT.DINV.CD.WD_avg2	7.41353362110324e-06	3.19904007003952e-05	0.000100680600861826
NY.GNP.ATLS.CD_delta1	7.33671274102117e-06	0.00198947601436034	0.00142966453223793
NY.ADJ.DMIN.GN.ZS	7.31947570563058e-06	6.9429288138084e-05	0.000181225081551287
IS.AIR.DPRT_ratioavg2	7.28734047625674e-06	0.000464055398967776	0.000724900326205147
EG.ELC.NUCL.ZS_delta1	7.28045990493551e-06	0.000308695691430091	0.000221497321896017
NE.CON.PRVT.KD.ZG_avg2	7.19707793149938e-06	4.66234793662694e-05	8.05444806894607e-05
SE.SEC.ENRR_lag1	7.10438523624016e-06	0.000387309571496755	0.000684628085860416
SE.SEC.ENRR.MA_lag1	6.97800807742433e-06	0.000618403244682822	0.000926261527928799
SH.MMR.RISK_delta1	6.85752930292011e-06	0.00267512915248633	0.00177197857516814
NY.GDP.DEFL.KD.ZG_lag1	6.77758330993178e-06	0.00182874565561018	0.00197333977689179
EN.GHG.N2O.WA.MT.CE.AR5_tend2	6.77610108045372e-06	0.00216740802409539	0.00245660666102855
SH.MMR.RISK.ZS	6.76330770568961e-06	0.000127183247553396	0.000100680600861826
FD.AST.PRVT.GD.ZS_avg2	6.75555502070477e-06	0.00414466386105923	0.00259755950223511
BM.GSR.INSF.ZS_tend2	6.75041055575936e-06	0.000132476063241053	0.000201361201723652
NV.IND.MANF.CD_isNA_rank	6.75040063429678e-06	0.000403577196183818	0.000422858523619669
SE.SEC.ENRR.FE_delta1	6.72705516803859e-06	0.000572791627139193	0.000644355845515686
SE.SEC.ENRR_rank	6.6538188848519e-06	0.000518618101865531	0.000583947484998591
NY.ADJ.AEDU.GN.ZS_isNA_rank	6.62683320129413e-06	0.000641364724504273	0.000745036446377512
NY.ADJ.DNGY.CD_isNA_rank	6.61955359731064e-06	0.000354696486597812	0.000483266884136765
NE.EXP.GNFS.ZS_delta1	6.57371581721728e-06	0.00010344341248376	0.000120816721034191
NY.GNP.PCAP.CD_rank	6.53906731478344e-06	2.96553349558408e-05	6.04083605170956e-05
SP.DYN.LE00.IN	6.51555527357321e-06	5.33951700254771e-05	6.04083605170956e-05
NY.ADJ.DRES.GN.ZS	6.51164227926328e-06	0.000264640784382831	0.000322177922757843
MS.MIL.MPRT.KD_ratioavg2	6.47552137451495e-06	0.00102844078942657	0.000845717047239338
EN.URB.MCTY.TL.ZS_ratioavg2	6.45831206290485e-06	0.000197079548840391	0.000382586283274939
SP.POP.0014.FE.ZS	6.4303138250504e-06	0.000309474046678276	0.000201361201723652
DC.DAC.DEUL.CD_max2	6.41066963358861e-06	5.37843476495695e-05	0.000100680600861826
NE.GDI.FTOT.CD_isNA_rank	6.39288397699597e-06	0.00113289606373297	0.00116789496999718
SP.POP.3034.MA.5Y_rank	6.35774480586771e-06	5.21498016283815e-05	8.05444806894607e-05
BX.GSR.NFSV.CD_tend2	6.35743299878485e-06	0.000276549619680059	0.000281905682413113
NY.GDP.PETR.RT.ZS	6.34860211625692e-06	0.000166178845487454	0.000261769562240748
EN.GHG.CO2.MT.CE.AR5_delta1	6.1367108613612e-06	8.79541430448822e-06	2.01361201723652e-05
BX.KLT.DINV.CD.WD_isNA_rank	6.13296568777091e-06	0.000323173099046328	0.000624219725343321
EG.USE.PCAP.KG.OE_isNA_rank	6.12900191155942e-06	0.00379082356523442	0.00352382103016391
SP.POP.2024.FE.5Y_lag1	6.08418106687484e-06	0.00213316039317526	0.00140952841206556
IT.CEL.SETS.P2_delta1	6.08351535272226e-06	0.000106089820327588	0.000100680600861826
TM.VAL.TRAN.ZS.WT_rank	6.07904538155341e-06	6.28132685285132e-05	0.000120816721034191
BM.GSR.FCTY.CD_tend2	6.05592932092356e-06	0.00198589558021869	0.00163102573396158
TX.VAL.MRCH.WR.ZS_delta1	5.97572540556347e-06	0.00345636431508941	0.0036446377511981
NY.GDP.PCAP.CN	5.96805940349868e-06	1.97702233038939e-05	4.02722403447304e-05
FP.CPI.TOTL.ZG_min2	5.92774023481608e-06	0.00036248003907966	0.000644355845515686
FI.RES.XGLD.CD_tend2	5.90967407437364e-06	0.000191008377904549	0.000281905682413113
BM.GSR.TOTL.CD_rank	5.80916217920735e-06	6.5381840847523e-06	2.01361201723652e-05
BM.KLT.DINV.CD.WD_min2	5.70835267749214e-06	0.000505152556071934	0.000483266884136765
SP.POP.1519.FE.5Y_lag1	5.64062808927015e-06	0.000336482973790288	0.000362450163102573
SE.ENR.PRIM.FM.ZS	5.63913334802537e-06	0.000441638767820054	0.000604083605170956
SP.POP.GROW_delta1	5.61757431941784e-06	0.000187194437188444	0.000241633442068382
BX.TRF.CURR.CD	5.58978897469989e-06	0.000140570957822174	0.000342314042930208
SE.PRM.ENRR.MA_delta1	5.58716188131218e-06	0.00142906023566729	0.00161088961378922
NE.GDI.FTOT.ZS_isNA_rank	5.57248110492143e-06	6.29689395781501e-05	0.000181225081551287
AG.LND.ARBL.HA.PC_min2	5.56198539199104e-06	6.27354330036947e-05	0.000181225081551287
SP.POP.1014.MA.5Y	5.55141179155589e-06	0.00198535073154496	0.00124843945068664
TX.VAL.MRCH.AL.ZS_delta1	5.50739640142487e-06	0.00151771489843554	0.00177197857516814
FM.AST.PRVT.GD.ZS_min2	5.48047442643109e-06	0.00391123512212861	0.00251701502154565
TM.VAL.MRCH.R4.ZS_delta1	5.47990327938161e-06	0.000773607281170871	0.000765172566549877
EN.GHG.N2O.BU.MT.CE.AR5_ratiomax2	5.45559457922991e-06	0.000341230940804215	0.000221497321896017
BM.GSR.NFSV.CD_isNA_rank	5.44377920992339e-06	0.00139239970347778	0.00161088961378922
SE.PRM.ENRR_lag1	5.40508925145696e-06	8.83433206689746e-05	0.000241633442068382
FI.RES.TOTL.CD_ratioavg2	5.38540493522201e-06	0.00156511673304999	0.00173170633482341
EN.GHG.N2O.BU.MT.CE.AR5_tend2	5.38238633864345e-06	0.0025435871155431	0.00273851234344167
SP.POP.4549.FE.5Y	5.31827903940053e-06	0.000255378356929432	0.000261769562240748
TM.VAL.MANF.ZS.UN_isNA_rank	5.29630357339269e-06	0.000121112076617555	0.000181225081551287
DT.ODA.ALLD.CD	5.28186278801428e-06	0.000399918926517349	0.000402722403447304
TX.VAL.MMTL.ZS.UN	5.27083421248469e-06	0.000153880832566135	0.000362450163102573
BX.KLT.DINV.WD.GD.ZS_min2	5.25475305989871e-06	0.000317880283358671	0.000261769562240748
AG.PRD.CROP.XD_rank	5.25140008803096e-06	0.000796257418893048	0.000906125407756434
SP.DYN.IMRT.MA.IN_lag1	5.20203572219432e-06	6.77169065920774e-05	4.02722403447304e-05
SE.SEC.ENRL_isNA_rank	5.1781374788314e-06	0.000574581844210018	0.000563811364826225
DC.DAC.CECL.CD	5.15962489400267e-06	0.000354852157647449	0.000563811364826225
NE.IMP.GNFS.ZS_lag1	5.12191583148808e-06	0.00206458729581018	0.00136925617172083
EG.ELC.NUCL.ZS	5.1093135413994e-06	0.00275685645354574	0.00183238693568523
TM.VAL.MRCH.WR.ZS_delta1	5.10175493312719e-06	0.00050071593115728	0.00102694212879062
DT.ODA.ALLD.KD_lag1	5.0410944281839e-06	0.000229069949540786	0.000302041802585478
NY.GDP.FRST.RT.ZS_delta1	5.03296085091866e-06	0.00162434956743685	0.00195320365671942
NY.ADJ.DNGY.CD	5.01993412925611e-06	6.911794603881e-05	0.000161088961378922
SP.POP.2529.FE.5Y_rank	4.99892964613905e-06	0.000171860838799203	0.000221497321896017
FD.AST.PRVT.GD.ZS_tend2	4.9624202760235e-06	5.96220120109555e-05	0.000161088961378922
NV.SRV.TOTL.ZS_rank	4.96014963574782e-06	0.000161975727147256	0.000140952841206556
NE.IMP.GNFS.KD.ZG_delta1	4.9474358955438e-06	0.0011149160574999	0.00108735048930772
NV.AGR.TOTL.CD_delta1	4.91811304892314e-06	0.000401319965964082	0.000583947484998591
SP.DYN.AMRT.MA_isNA_rank	4.88221597075317e-06	0.000105856313753132	0.000241633442068382
EN.GHG.CO2.BU.MT.CE.AR5_ratioavg2	4.87040913479392e-06	0.000694448552430477	0.000885989287584068
TM.VAL.MRCH.WR.ZS_lag1	4.84861788150245e-06	1.90697035805275e-05	4.02722403447304e-05
IS.AIR.GOOD.MT.K1_ratioavg2	4.84218845331844e-06	0.00113904507019363	0.00110748660948009
ER.H2O.INTR.PC_delta1	4.84064808431533e-06	1.43217365666003e-05	4.02722403447304e-05
SP.DYN.CBRT.IN	4.83290380244968e-06	0.00138469398652076	0.00104707824896299
FS.AST.CGOV.GD.ZS_ratioavg2	4.78148416520712e-06	0.00062922238263259	0.000906125407756434
NY.GDP.MINR.RT.ZS	4.68277814957556e-06	2.98888415302962e-05	8.05444806894607e-05
FS.AST.CGOV.GD.ZS_tend2	4.6769836246339e-06	0.000550452831516289	0.000624219725343321
DT.ODA.ODAT.CD_isNA_rank	4.66014511367738e-06	0.000146719964282834	0.000181225081551287
NV.IND.MANF.ZS_lag1	4.59478804996172e-06	0.000316323572862302	0.000442994643792034
EN.GHG.CO2.RT.GDP.KD_tend2	4.54467817851113e-06	0.000146642128758016	0.000362450163102573
EN.GHG.CO2.BU.MT.CE.AR5_tend2	4.50230678094439e-06	0.000349092328810882	0.000402722403447304
NY.GDP.COAL.RT.ZS	4.49830963485111e-06	3.16790586011213e-05	4.02722403447304e-05
BM.TRF.PWKR.CD.DT_tend2	4.49486853014019e-06	0.000579018469124671	0.000664491965688051
NY.ADJ.NNTY.PC.CD_isNA_rank	4.47265948377847e-06	0.0012050495952397	0.00134912005154847
NV.SRV.TOTL.ZS_isNA_rank	4.46177446398966e-06	0.000704333664082424	0.00114775884982482
MS.MIL.XPND.GD.ZS_isNA_rank	4.44385238395461e-06	2.56857231900983e-05	8.05444806894607e-05
NE.IMP.GNFS.CD_delta1	4.35367237644302e-06	6.58488539964339e-05	6.04083605170956e-05
NY.GSR.NFCY.CD	4.30215439372537e-06	0.00175519108465672	0.00146993677258266
NV.IND.TOTL.CN_isNA_rank	4.29099635656454e-06	8.91995114419778e-05	0.000181225081551287
AG.PRD.FOOD.XD_max2	4.26351679560602e-06	5.58859068196685e-05	0.000181225081551287
EN.GHG.CO2.PC.CE.AR5	4.24788474100407e-06	4.79466832881835e-05	0.000100680600861826
NY.ADJ.DFOR.CD_rank	4.2275040317575e-06	0.00280098919611781	0.0017921146953405
FS.AST.PRVT.GD.ZS_avg2	4.21838205634349e-06	0.00105365949946776	0.000745036446377512
BX.TRF.CURR.CD_avg2	4.2033481770627e-06	1.08969734745872e-05	4.02722403447304e-05
IT.MLT.MAIN_lag1	4.19154677878489e-06	3.63491900902301e-05	6.04083605170956e-05
SP.POP.6569.MA.5Y	4.16728249704724e-06	7.4955610400196e-05	8.05444806894607e-05
FM.AST.PRVT.GD.ZS_lag1	4.15372675300646e-06	0.000726983801804601	0.000684628085860416
DC.DAC.FRAL.CD_tend2	4.13159939167097e-06	0.000449889333450813	0.000805444806894608
NE.EXP.GNFS.CD_isNA_rank	4.12383480423138e-06	0.00531243023991088	0.00537634408602151
DT.NFL.UNDP.CD_tend2	4.07045003180956e-06	0.000167346378359732	0.000442994643792034
SE.PRM.ENRL_delta1	4.05851430933887e-06	0.000618636751257277	0.000926261527928799
SP.POP.7074.FE.5Y	4.05787546636583e-06	7.93922353148494e-06	2.01361201723652e-05
SP.POP.6569.MA.5Y_delta1	3.95733154454731e-06	0.0024606144460866	0.00173170633482341
TX.VAL.OTHR.ZS.WT_delta1	3.95249796501209e-06	9.72165704982812e-05	0.000241633442068382
NY.GDP.FCST.CN	3.93092988188217e-06	4.00852952815171e-05	0.000100680600861826
DT.ODA.ODAT.GN.ZS_tend2	3.90967594470546e-06	0.000253743810908244	0.000563811364826225
SP.POP.5559.FE.5Y	3.81060754355437e-06	0.000217394620818014	0.000201361201723652
FI.RES.TOTL.MO_tend2	3.7969663246111e-06	8.04040971374896e-05	0.000201361201723652
BM.KLT.DINV.CD.WD_tend2	3.78994736469896e-06	5.50297160466652e-05	8.05444806894607e-05
MS.MIL.XPND.CD_lag1	3.76432627447002e-06	2.45181903178211e-05	6.04083605170956e-05
SE.SEC.ENRR.MA	3.74062556830255e-06	0.000212880160378542	0.000402722403447304
BX.KLT.DINV.WD.GD.ZS_tend2	3.71701503874823e-06	0.00058368860061378	0.00126857557085901
SE.PRM.ENRR.FE_lag1	3.7168060749377e-06	0.000338740204010024	0.000644355845515686
BX.TRF.CURR.CD_max2	3.68633150003967e-06	2.9032650757293e-05	8.05444806894607e-05
NY.GDP.PCAP.KD.ZG_isNA_rank	3.68048948376799e-06	0.0012125996411471	0.0013893922918932
SE.SEC.ENRL.GC.FE.ZS_isNA_rank	3.66825031763075e-06	0.000358432591789099	0.000644355845515686
SP.URB.GROW_rank	3.66463908246863e-06	0.000130685846170228	0.000201361201723652
SP.POP.2024.MA.5Y_delta1	3.58727473961898e-06	0.000152012779970491	0.000201361201723652
SP.POP.2529.FE.5Y_lag1	3.5713339602486e-06	0.000125159523908115	0.000201361201723652
BM.GSR.TRAN.ZS	3.54672442303492e-06	0.00044490785986243	0.000604083605170956
BM.GSR.INSF.ZS	3.54443524082877e-06	0.000219418344463295	0.000342314042930208
BX.TRF.CURR.CD_min2	3.50798735170022e-06	3.42476309201311e-05	8.05444806894607e-05
NE.EXP.GNFS.KD.ZG_lag1	3.43204487527482e-06	0.000728618347825789	0.00106721436913536
NY.GDP.MKTP.KN_lag1	3.42956538652783e-06	1.89140325308906e-05	4.02722403447304e-05
FS.AST.PRVT.GD.ZS_rank	3.42035385818839e-06	0.000125081688383297	0.000201361201723652
TM.VAL.MRCH.AL.ZS_delta1	3.37756510699252e-06	0.00463035753592654	0.00334259594861262
TM.VAL.MRCH.R6.ZS	3.37455275698226e-06	0.000500093246958733	0.000785308686722242
NY.GDP.FRST.RT.ZS_isNA_rank	3.37030495954923e-06	0.000221052890484483	0.000322177922757843
NY.ADJ.DKAP.GN.ZS_isNA_rank	3.33399218697231e-06	0.00168109166502953	0.00114775884982482
DT.ODA.ALLD.KD	3.33190589724322e-06	0.000193265608124285	0.000302041802585478
BX.KLT.DINV.CD.WD_max2	3.30499053561724e-06	9.43366560799975e-05	0.000241633442068382
NV.SRV.TOTL.KD_isNA_rank	3.29319039590512e-06	0.000354385144498538	0.000664491965688051
DC.DAC.CECL.CD_delta1	3.29225670699216e-06	0.000210155917009895	0.000221497321896017
NY.ADJ.DRES.GN.ZS_lag1	3.28671942959851e-06	0.000222453929931215	0.000302041802585478
NY.GDP.FCST.KD_delta1	3.27664677287405e-06	0.000239422074341644	0.000382586283274939
NE.CON.PRVT.CD_isNA_rank	3.27270842201158e-06	0.000901413212922814	0.000785308686722242
SH.IMM.IDPT_lag1	3.24383614880751e-06	0.00103832590107852	0.000684628085860416
TM.VAL.MRCH.HI.ZS_delta1	3.22842765548785e-06	0.000135900826333066	0.000302041802585478
AG.LND.AGRI.K2_avg2	3.21632081435337e-06	0.000135433813184155	8.05444806894607e-05
FM.AST.PRVT.GD.ZS_isNA_rank	3.19390748031407e-06	0.00157352296973039	0.00140952841206556
NV.AGR.TOTL.ZS	3.13175083114238e-06	0.000178087680784682	0.000181225081551287
TM.VAL.FUEL.ZS.UN_delta1	3.1255839827174e-06	9.74500770727367e-05	0.000161088961378922
MS.MIL.MPRT.KD_delta1	3.092880827496e-06	0.000307761665132269	0.000322177922757843
NY.GDP.COAL.RT.ZS_delta1	3.08679990338041e-06	0.000632569310199785	0.000523539124481495
IT.CEL.SETS	3.04244839917997e-06	4.35878938983487e-05	8.05444806894607e-05
EG.ELC.HYRO.ZS_rank	3.03777035247387e-06	0.000173339713770754	0.000402722403447304
TM.VAL.MRCH.R5.ZS_lag1	3.01472114337772e-06	9.4258820555179e-05	0.000120816721034191
BX.GSR.GNFS.CD_isNA_rank	3.01008166032273e-06	0.000377113117745535	0.000664491965688051
TM.VAL.MRCH.CD.WT_delta1	3.00905676752512e-06	3.19904007003952e-05	8.05444806894607e-05
SP.POP.6064.FE.5Y	3.00713528541989e-06	9.88511165194693e-05	0.000140952841206556
SH.DYN.NMRT_delta1	2.98004033729451e-06	0.000747065367207769	0.000745036446377512
SP.POP.3034.MA.5Y_delta1	2.96795665332257e-06	0.00200239671148021	0.00261769562240748
TX.VAL.TRAN.ZS.WT_delta1	2.96664350350809e-06	4.30430452246193e-05	0.000100680600861826
NE.DAB.TOTL.CD	2.96357144791225e-06	5.11379398057412e-05	6.04083605170956e-05
BM.KLT.DINV.WD.GD.ZS	2.96147709221446e-06	0.00631681985216854	0.00581933872981354
EN.GHG.CO2.RT.GDP.KD	2.9241408157513e-06	0.000129206971198676	0.000201361201723652
BX.PEF.TOTL.CD.WD_tend2	2.91290381352497e-06	0.000361546012781839	0.000362450163102573
DC.DAC.USAL.CD_tend2	2.89749828020588e-06	8.74871298959713e-05	0.000100680600861826
SP.POP.0014.MA.IN_delta1	2.89247368995563e-06	5.05152556071934e-05	0.000100680600861826
TX.VAL.TRAN.ZS.WT	2.88382373158137e-06	6.98963012869948e-05	0.000221497321896017
TX.VAL.MRCH.R3.ZS	2.87636197004455e-06	0.00169175513192966	0.00161088961378922
NE.CON.TOTL.KD	2.85971928699296e-06	8.63974325485126e-06	2.01361201723652e-05
NY.ADJ.AEDU.GN.ZS_lag1	2.85495412023879e-06	0.000357576401016096	0.000483266884136765
BM.GSR.INSF.ZS_ratioavg2	2.85048103557104e-06	0.000274525896034778	0.000442994643792034
SP.DYN.LE00.IN_lag1	2.81549630120836e-06	0.000609529994853515	0.000442994643792034
NE.DAB.TOTL.CD_avg2	2.80120059237953e-06	2.94996639062038e-05	4.02722403447304e-05
BG.GSR.NFSV.GD.ZS_avg2	2.77718967780845e-06	2.81764599842897e-05	0.000100680600861826
FS.AST.PRVT.GD.ZS_lag1	2.77444817642481e-06	0.00046849202388243	0.000483266884136765
SP.POP.2529.MA.5Y_lag1	2.77329373470886e-06	5.55745647203946e-05	4.02722403447304e-05
FP.CPI.TOTL.ZG_lag1	2.76309658251501e-06	0.000693125348508562	0.000825580927066973
BM.GSR.TRVL.ZS_tend2	2.75972870914303e-06	0.000315311711039662	0.00054367524465386
EN.GHG.CO2.IC.MT.CE.AR5_tend2	2.74416254673962e-06	0.000901724555022088	0.000724900326205147
SP.POP.1564.FE.IN_delta1	2.74232007181994e-06	0.000844982457429416	0.000765172566549877
NY.ADJ.NNTY.CD	2.73091600796659e-06	7.47221038257406e-05	0.000140952841206556
MS.MIL.XPND.GD.ZS_tend2	2.71815490046862e-06	0.00038295078210692	0.000845717047239338
BG.GSR.NFSV.GD.ZS_ratioavg2	2.70148922225074e-06	0.000217939469491743	0.000402722403447304
EG.ELC.NUCL.ZS_ratiomax2	2.66390121772132e-06	0.000167346378359732	0.000140952841206556
NE.CON.TOTL.KD.ZG	2.65333030739839e-06	0.00290505529280012	0.00261769562240748
SH.MMR.RISK_lag1	2.64071810540855e-06	0.00386157605729442	0.00259755950223511
EG.ELC.FOSL.ZS	2.63803075249718e-06	0.000121812596340921	0.000221497321896017
SP.POP.5054.MA.5Y_rank	2.63762502733214e-06	0.000117142464851812	0.000140952841206556
DC.DAC.CECL.CD_ratioavg2	2.63183988670939e-06	0.000261994376539003	0.00054367524465386
BX.GSR.TRVL.ZS_max2	2.61611153997753e-06	9.59712021011856e-05	0.000201361201723652
FI.RES.XGLD.CD_max2	2.60651411665553e-06	4.2186854451616e-05	6.04083605170956e-05
EG.USE.PCAP.KG.OE	2.59232735841943e-06	0.00025086389648996	0.000563811364826225
DC.DAC.CANL.CD_min2	2.55879904706873e-06	0.000101653195412935	0.000221497321896017
NY.ADJ.NNTY.PC.CD_delta1	2.54392588917186e-06	0.0006625359872549	0.000946397648101164
IT.MLT.MAIN.P2_isNA_rank	2.53966738611772e-06	0.00053348468710586	0.000483266884136765
SP.POP.2024.FE.5Y	2.52928400484762e-06	0.000917914344184332	0.000946397648101164
SP.POP.7579.MA.5Y_delta1	2.52493753620826e-06	0.000834396826054103	0.000583947484998591
IT.CEL.SETS.P2_ratioavg2	2.51584487685276e-06	0.000365671295597218	0.000583947484998591
BX.GSR.FCTY.CD_delta1	2.51455571402906e-06	0.000147731826105475	0.000100680600861826
NY.ADJ.DRES.GN.ZS_isNA_rank	2.5143405529465e-06	0.000720289946670212	0.000966533768273529
BX.TRF.PWKR.DT.GD.ZS_tend2	2.48991712272281e-06	0.000163921615267718	0.000362450163102573
FD.AST.PRVT.GD.ZS_isNA_rank	2.47571060208976e-06	0.00262897268626897	0.00241633442068382
FS.AST.PRVT.GD.ZS_isNA_rank	2.47428651003729e-06	0.000166801529686002	0.000221497321896017
TX.VAL.FOOD.ZS.UN_rank	2.45763792580309e-06	1.86026904316167e-05	4.02722403447304e-05
NE.CON.PRVT.PC.KD_isNA_rank	2.43475913364611e-06	0.00165595079051316	0.00207402037775361
AG.CON.FERT.ZS_tend2	2.43455364070135e-06	0.00151187723407415	0.00215456485844308
NY.ADJ.AEDU.GN.ZS_delta1	2.41530831138761e-06	0.000278262001226065	0.000342314042930208
TM.VAL.TRAN.ZS.WT	2.3945548853017e-06	9.73722415479182e-05	0.000161088961378922
IT.MLT.MAIN.P2_avg2	2.3874326191044e-06	4.61564662173585e-05	4.02722403447304e-05
EG.USE.ELEC.KH.PC_max2	2.38598296195955e-06	0.000765590222114567	0.000845717047239338
NE.CON.PRVT.ZS_ratioavg2	2.38254565468779e-06	5.76761238904935e-05	0.000120816721034191
NY.ADJ.DKAP.GN.ZS	2.3609594917831e-06	0.000893084811767237	0.00100680600861826
SP.DYN.IMRT.FE.IN_delta1	2.35791049328827e-06	0.000200815654031678	0.000241633442068382
DC.DAC.FRAL.CD	2.35636582804428e-06	0.00118847062845337	0.00146993677258266
NE.CON.PRVT.KD.ZG_isNA_rank	2.35244347503576e-06	0.00012749458965267	0.000241633442068382
BX.KLT.DINV.CD.WD_tend2	2.3485942441845e-06	0.000668062309517012	0.000604083605170956
DT.ODA.ODAT.PC.ZS_avg2	2.34739060172021e-06	1.330987474396e-05	2.01361201723652e-05
BM.TRF.PWKR.CD.DT_avg2	2.34597141719532e-06	0.000181590279401513	0.000201361201723652
FD.AST.PRVT.GD.ZS_rank	2.34400423488694e-06	2.17161114243559e-05	2.01361201723652e-05
NV.IND.MANF.ZS	2.33367540626029e-06	0.000685263960501896	0.000785308686722242
FS.AST.CGOV.GD.ZS_isNA_rank	2.32430444712294e-06	0.000256078876652798	0.000362450163102573
SP.DYN.TO65.MA.ZS_delta1	2.31884466634691e-06	0.000335704618542103	0.00050340300430913
AG.PRD.CROP.XD	2.31317881268525e-06	0.00036606047322131	0.000684628085860416
BX.TRF.PWKR.DT.GD.ZS_isNA_rank	2.30822761375571e-06	0.000167891227033461	0.000261769562240748
TM.VAL.OTHR.ZS.WT_isNA_rank	2.29792077896562e-06	0.00130109863286571	0.00149007289275502
BX.KLT.DINV.CD.WD_ratioavg2	2.29306839347432e-06	0.000304259066515437	0.000422858523619669
NY.GNP.PCAP.CD_isNA_rank	2.28780329310858e-06	0.00066611642139655	0.000624219725343321
AG.LND.CROP.ZS	2.28682730135458e-06	0.000148354510304022	0.000281905682413113
BX.KLT.DINV.WD.GD.ZS_max2	2.28068735344095e-06	0.000121890431865739	0.000221497321896017
DC.DAC.CECL.CD_min2	2.27576745285207e-06	0.000146719964282834	0.000281905682413113
BX.GSR.NFSV.CD_delta1	2.27544153279764e-06	5.97776830605925e-05	6.04083605170956e-05
DC.DAC.JPNL.CD_ratioavg2	2.26460195510161e-06	6.84174263154437e-05	0.000161088961378922
EN.GHG.N2O.AG.MT.CE.AR5_ratioavg2	2.25901995464169e-06	0.000970375487911987	0.000704764206032782
FP.CPI.TOTL.ZG_avg2	2.25066719348546e-06	0.00103202122356822	0.000986669888445894
BX.TRF.PWKR.DT.GD.ZS_ratioavg2	2.24290470878935e-06	0.000136134332907521	0.000302041802585478
PA.NUS.FCRF	2.23581054662971e-06	0.000167735555983824	0.000140952841206556
DT.ODA.ODAT.PC.ZS_isNA_rank	2.19739211086641e-06	5.47183739473913e-05	0.000120816721034191
DC.DAC.USAL.CD_max2	2.16711763564356e-06	2.81764599842897e-05	6.04083605170956e-05
TX.VAL.MRCH.R5.ZS_delta1	2.15358660006253e-06	0.00117593910895759	0.00140952841206556
EG.ELC.HYRO.ZS	2.13898505238704e-06	0.000488573589285598	0.00054367524465386
SE.SEC.ENRL.GC.FE.ZS_lag1	2.12175835913129e-06	0.00059240617939345	0.000785308686722242
FI.RES.XGLD.CD_isNA_rank	2.12174997294091e-06	0.00137200679597534	0.00112762272965245
BM.GSR.NFSV.CD_min2	2.1111622151786e-06	7.08303275848166e-06	2.01361201723652e-05
NV.IND.MANF.CD_lag1	2.11029973614057e-06	0.00190393477258483	0.00207402037775361
NY.GDP.MKTP.KD.ZG_delta1	2.10532387599733e-06	0.000116831122752538	0.000221497321896017
NY.GDP.COAL.RT.ZS_isNA_rank	2.10298260018583e-06	0.000885067752710934	0.000765172566549877
NY.ADJ.DNGY.GN.ZS_rank	2.09612172239298e-06	6.17235711810545e-05	0.000120816721034191
BM.GSR.MRCH.CD_isNA_rank	2.0891886714719e-06	7.30875578045525e-05	0.000161088961378922
DC.DAC.JPNL.CD_avg2	2.07698775244801e-06	2.34284929703624e-05	6.04083605170956e-05
NY.GDP.TOTL.RT.ZS_isNA_rank	2.07221577968055e-06	0.000769559833880309	0.000986669888445894
SE.TER.ENRR_isNA_rank	2.06633794058517e-06	0.000306749803309629	0.00050340300430913
DC.DAC.GBRL.CD_min2	2.06126437325716e-06	0.000100641333590294	0.000241633442068382
TG.VAL.TOTL.GD.ZS_delta1	2.05196134984068e-06	0.00231412798837822	0.00245660666102855
AG.LND.ARBL.ZS_avg2	2.04763836171129e-06	2.3194986395907e-05	6.04083605170956e-05
EN.POP.DNST_max2	2.0376791917811e-06	2.38955061192733e-05	6.04083605170956e-05
NY.ADJ.NNTY.CD_delta1	2.03127515671907e-06	0.000135122471084881	0.000281905682413113
BX.GRT.EXTA.CD.WD	2.01576555153587e-06	8.73314588463343e-05	0.000100680600861826
Country_Code	2.01517854725696e-06	1.7201650984884e-05	4.02722403447304e-05
ER.FSH.CAPT.MT_tend2	2.01445932909905e-06	0.000295697158785405	0.000402722403447304
SE.TER.ENRR_delta1	2.0139154384539e-06	0.00223450224648892	0.00189279529620233
DC.DAC.USAL.CD_isNA_rank	2.00749749254048e-06	0.00236378705321241	0.00191293141637469
NY.GDP.MKTP.CD_delta1	2.0048931198784e-06	2.99666770551147e-05	4.02722403447304e-05
BX.GRT.TECH.CD.WD_isNA_rank	1.98428814006264e-06	0.00311077458489536	0.00199347589706415
DT.ODA.ALLD.KD_isNA_rank	1.97049938346062e-06	0.0001495220431763	0.000221497321896017
BM.GSR.TRVL.ZS_isNA_rank	1.96890563944759e-06	0.000557613699799589	0.000845717047239338
TX.VAL.MRCH.R6.ZS_delta1	1.96581787770062e-06	9.58933665763671e-05	0.000261769562240748
DT.ODA.ODAT.GN.ZS_isNA_rank	1.95736849281551e-06	0.00095387435665047	0.000825580927066973
DC.DAC.CECL.CD_rank	1.94922069648592e-06	0.00223037696367354	0.00161088961378922
NY.ADJ.DFOR.CD_isNA_rank	1.94757739764836e-06	0.000928577811084464	0.00126857557085901
EG.USE.ELEC.KH.PC_rank	1.91938492246238e-06	0.00022580085749841	0.000402722403447304
SP.POP.3034.MA.5Y_lag1	1.91387805774344e-06	0.000118854846397819	0.000100680600861826
EG.USE.ELEC.KH.PC_isNA_rank	1.90788632498183e-06	0.000307372487508177	0.000664491965688051
DC.DAC.FRAL.CD_min2	1.89648833764364e-06	0.00104252901941872	0.00136925617172083
BM.KLT.DINV.WD.GD.ZS_ratioavg2	1.88668735328824e-06	0.000170771141451745	0.000261769562240748
NY.ADJ.DNGY.CD_lag1	1.88240098939722e-06	3.30022625230354e-05	0.000100680600861826
FP.CPI.TOTL.ZG_isNA_rank	1.88136114388745e-06	0.00248427644563142	0.00283919294430349
SP.POP.0509.FE.5Y_delta1	1.87167831047234e-06	0.000298654908728507	0.000483266884136765
DC.DAC.CANL.CD_lag1	1.86607318847501e-06	0.000212413147229631	0.000463130763964399
DC.DAC.FRAL.CD_ratiomax2	1.85639525750868e-06	8.83433206689746e-05	0.000201361201723652
ER.FSH.AQUA.MT_tend2	1.85382577007945e-06	0.00050126077983101	0.000563811364826225
SP.DYN.CBRT.IN_lag1	1.8463945010645e-06	0.000507798963915762	0.000422858523619669
NY.GNP.ATLS.CD_isNA_rank	1.83908389413652e-06	0.00036606047322131	0.000442994643792034
BX.KLT.DINV.CD.WD_min2	1.83458496984217e-06	0.000415641702530682	0.000604083605170956
DC.DAC.TOTL.CD_ratioavg2	1.82816494679796e-06	0.00116068334609317	0.00157061737344448
NY.GNP.MKTP.CN_isNA_rank	1.82632214389698e-06	9.93959651931987e-05	0.000161088961378922
BM.KLT.DINV.CD.WD_ratioavg2	1.819197598772e-06	0.000187661450337355	0.000382586283274939
EN.POP.DNST_tend2	1.81737442153484e-06	0.000407391136899923	0.000583947484998591
AG.PRD.CROP.XD_ratioavg2	1.81379811660634e-06	0.00287407675392237	0.00203374813740888
EG.USE.ELEC.KH.PC_min2	1.80083350599779e-06	0.000244948396603756	0.000382586283274939
NY.GSR.NFCY.CD_lag1	1.79732595183144e-06	9.29356166332649e-05	8.05444806894607e-05
SP.POP.4549.MA.5Y	1.79026770651544e-06	0.000167657720459005	0.000221497321896017
TM.VAL.MRCH.R2.ZS	1.78904722572245e-06	0.000133721431638148	0.000221497321896017
BX.PEF.TOTL.CD.WD_ratioavg2	1.78715000755737e-06	8.70979522718789e-05	0.000201361201723652
BM.KLT.DINV.CD.WD_lag1	1.77279234947354e-06	0.000560571449742691	0.000644355845515686
DC.DAC.JPNL.CD_tend2	1.74764165145234e-06	0.0002303931534627	0.000463130763964399
SH.MMR.RISK.ZS_lag1	1.74739404739455e-06	0.000248373159695769	0.000181225081551287
DC.DAC.TOTL.CD	1.74392362588736e-06	2.89548152324745e-05	4.02722403447304e-05
EN.GHG.CH4.FE.MT.CE.AR5_rank	1.74290237999047e-06	1.19866708220459e-05	2.01361201723652e-05
BX.TRF.CURR.CD_rank	1.73302173227279e-06	1.27650260702307e-05	4.02722403447304e-05
NE.IMP.GNFS.KD	1.72989429208235e-06	3.46368085442235e-05	0.000100680600861826
NY.ADJ.DNGY.GN.ZS_isNA_rank	1.72640882980875e-06	0.000178476858408774	0.000442994643792034
EG.ELC.FOSL.ZS_ratioavg2	1.72270339494138e-06	9.07562219383474e-05	0.000161088961378922
SH.DYN.MORT.MA	1.71809918806843e-06	0.000527647022744474	0.000463130763964399
SE.SEC.ENRR.FE	1.71526563383478e-06	0.00043159798511847	0.000704764206032782
EG.ELC.HYRO.ZS_max2	1.71413638530762e-06	0.00100820355297377	0.000865853167411703
BX.KLT.DINV.CD.WD	1.70559323036065e-06	0.000208988384137618	0.000362450163102573
IT.MLT.MAIN_delta1	1.70112584549065e-06	0.000162364904771349	0.000161088961378922
TM.VAL.OTHR.ZS.WT	1.69929846128598e-06	0.000145474595885739	0.000261769562240748
BX.TRF.PWKR.CD.DT_ratioavg2	1.69714468890291e-06	0.0001781655163095	0.000422858523619669
BX.TRF.PWKR.DT.GD.ZS	1.69659760349074e-06	4.01631308063356e-05	6.04083605170956e-05
BM.GSR.MRCH.CD_delta1	1.69210577745019e-06	3.8450749260329e-05	4.02722403447304e-05
SP.POP.0014.MA.ZS_delta1	1.68422910795145e-06	5.81431370394044e-05	0.000100680600861826
IT.CEL.SETS_tend2	1.68351197151556e-06	0.000252887620135241	0.000402722403447304
NE.CON.PRVT.ZS_isNA_rank	1.68328478647981e-06	0.000115352247780987	0.000161088961378922
AG.LND.ARBL.HA.PC_ratioavg2	1.67808909295632e-06	0.000157461266707785	0.000261769562240748
NV.IND.TOTL.KD.ZG_lag1	1.67441311168614e-06	0.000196846042265935	0.000463130763964399
SH.DYN.MORT.FE_delta1	1.67202532497014e-06	0.00181528010981659	0.00116789496999718
AG.YLD.CREL.KG_rank	1.67045832548822e-06	2.86434731332006e-05	6.04083605170956e-05
TM.VAL.MRCH.R6.ZS_rank	1.6628809189628e-06	6.99741368118133e-05	0.000161088961378922
DC.DAC.FRAL.CD_isNA_rank	1.66016981789773e-06	0.000417354084076689	0.000805444806894608
BX.GSR.MRCH.CD_delta1	1.65717350321147e-06	6.38251303511534e-06	2.01361201723652e-05
SP.DYN.CDRT.IN	1.64953972726256e-06	0.000749089090853049	0.000523539124481495
SM.POP.NETM_delta1	1.64884461131782e-06	0.000312665303195833	0.000684628085860416
SE.SEC.ENRR.FE_lag1	1.64480846169918e-06	9.27799455836279e-05	0.000241633442068382
AG.LND.CREL.HA_ratioavg2	1.63864923413538e-06	0.000184470193819797	0.000322177922757843
BX.TRF.CURR.CD_tend2	1.63146058069449e-06	0.00100524580303067	0.0013289839313761
NV.IND.MANF.CD_delta1	1.61892225645666e-06	0.00090164671949727	0.00114775884982482
EN.URB.MCTY.TL.ZS_tend2	1.60520502722105e-06	0.000130374504070954	0.000201361201723652
NY.ADJ.DNGY.GN.ZS_lag1	1.59529116226648e-06	0.000195289331769566	0.000382586283274939
DT.ODA.ODAT.CD	1.58611273434245e-06	7.42550906768297e-05	8.05444806894607e-05
TX.VAL.AGRI.ZS.UN_delta1	1.56668058205286e-06	0.000107568695299139	0.000261769562240748
DT.ODA.ODAT.PC.ZS_rank	1.56302734498725e-06	0.000257324245049894	0.000221497321896017
FI.RES.TOTL.MO_ratiomax2	1.56223813572944e-06	9.88511165194693e-06	2.01361201723652e-05
SE.PRM.TCHR_rank	1.56149081869001e-06	0.000670319539736748	0.000825580927066973
BX.GRT.EXTA.CD.WD_isNA_rank	1.56010659208697e-06	0.000961657909132318	0.00108735048930772
NY.ADJ.DMIN.GN.ZS_lag1	1.53755103472394e-06	0.000121501254241647	0.000241633442068382
SP.POP.7074.FE.5Y_lag1	1.53490586132558e-06	3.36249467215833e-05	0.000120816721034191
NV.AGR.TOTL.ZS_isNA_rank	1.52600957553176e-06	0.00272992536195854	0.00197333977689179
SP.POP.DPND_delta1	1.49319765756302e-06	0.000190774871330094	0.000322177922757843
BM.GSR.NFSV.CD_tend2	1.49187928224698e-06	0.000174118069018939	0.000140952841206556
AG.PRD.CROP.XD_min2	1.4884027078938e-06	0.000284644514261181	0.000644355845515686
AG.PRD.CROP.XD_lag1	1.47859129250498e-06	0.000213814186676364	0.00050340300430913
SE.SEC.ENRL.GC_isNA_rank	1.47159972802097e-06	0.00206832340100146	0.00153034513309975
SP.POP.4549.FE.5Y_delta1	1.46498514372575e-06	0.00013566731975861	0.000241633442068382
EN.GHG.CH4.FE.MT.CE.AR5	1.45522835244503e-06	3.8606420309966e-05	6.04083605170956e-05
FI.RES.TOTL.CD	1.45482031900534e-06	0.000512469095404871	0.000604083605170956
EN.URB.LCTY.UR.ZS_rank	1.45476750668953e-06	3.20682362252137e-05	8.05444806894607e-05
NV.AGR.TOTL.KD_isNA_rank	1.4507417286458e-06	0.000301456987621972	0.000442994643792034
BX.GSR.GNFS.CD_ratioavg2	1.43377476644127e-06	1.86026904316167e-05	6.04083605170956e-05
NY.GDP.FCST.KD_isNA_rank	1.42526220046419e-06	0.000122201773965013	0.000181225081551287
BM.GSR.GNFS.CD_tend2	1.41314879383162e-06	0.000114106879383891	0.000302041802585478
BX.GSR.CMCP.ZS	1.41232034528331e-06	4.32765517990748e-05	0.000100680600861826
BM.GSR.MRCH.CD_tend2	1.40779955619523e-06	0.000159796332452339	0.000181225081551287
FI.RES.TOTL.CD_lag1	1.40272998738003e-06	8.01705905630342e-06	2.01361201723652e-05
SH.DTH.IMRT_lag1	1.40221388257645e-06	0.000196145522542569	0.000241633442068382
EN.GHG.ALL.PC.CE.AR5_ratioavg2	1.39814631990759e-06	0.000110370774192604	0.000221497321896017
FI.RES.TOTL.CD_delta1	1.39790125946562e-06	3.68940387639594e-05	6.04083605170956e-05
BX.PEF.TOTL.CD.WD_max2	1.3812114212211e-06	5.05152556071934e-05	0.000100680600861826
EG.ELC.PETR.ZS_ratiomax2	1.37936089743384e-06	2.6775420537557e-05	4.02722403447304e-05
NY.GDP.PETR.RT.ZS_isNA_rank	1.37899067008908e-06	0.00036862904554032	0.000563811364826225
EG.USE.PCAP.KG.OE_min2	1.3765905822358e-06	0.000134811128985607	0.000261769562240748
NV.IND.TOTL.ZS_isNA_rank	1.36150277903159e-06	0.000557146686650678	0.000765172566549877
EG.ELC.HYRO.ZS_ratioavg2	1.3613434244659e-06	0.00332684600179146	0.00233578993999436
DC.DAC.FRAL.CD_ratioavg2	1.36087855015666e-06	8.43737089032321e-05	0.000221497321896017
NY.ADJ.DMIN.CD	1.35313775684132e-06	4.35100583735302e-05	0.000100680600861826
EG.USE.PCAP.KG.OE_ratioavg2	1.34217134399312e-06	0.00173191826273599	0.00159075349361685
TM.VAL.MMTL.ZS.UN_lag1	1.33149051991785e-06	0.000156994253558874	0.000161088961378922
BM.KLT.DINV.CD.WD_max2	1.32856029966121e-06	0.000317724612309034	0.000302041802585478
SP.POP.0509.MA.5Y_delta1	1.32108419193939e-06	0.00069016759856546	0.00128871169103137
SP.RUR.TOTL.ZG_delta1	1.31948766012379e-06	0.000238565883568641	0.00054367524465386
SE.TER.ENRR_rank	1.31609376316505e-06	0.000397428189723158	0.000302041802585478
DC.DAC.DEUL.CD_lag1	1.30656348735323e-06	0.00053963369356652	0.000523539124481495
TM.VAL.MANF.ZS.UN_delta1	1.29567491815833e-06	0.000317024092585668	0.000402722403447304
FI.RES.XGLD.CD_ratioavg2	1.29347185588019e-06	0.000910442133801758	0.00102694212879062
EN.GHG.N2O.PI.MT.CE.AR5_tend2	1.27566327550063e-06	0.000210000245960258	0.000281905682413113
BM.GSR.NFSV.CD_ratioavg2	1.27364755512712e-06	0.00051916295053926	0.000664491965688051
EG.ELC.PETR.ZS_tend2	1.26675853777054e-06	8.36731891798658e-05	0.000221497321896017
SP.POP.1564.MA.ZS_delta1	1.2606063609792e-06	0.000116364109603627	0.000161088961378922
TX.VAL.MANF.ZS.UN_delta1	1.25970488486095e-06	0.00254685620758548	0.00273851234344167
NE.DAB.TOTL.CD_max2	1.25965303362797e-06	2.94996639062038e-05	8.05444806894607e-05
SP.POP.BRTH.MF_delta1	1.25865379532926e-06	9.68273928741888e-05	0.000120816721034191
NE.CON.PRVT.KD.ZG_min2	1.25854410448203e-06	4.84915319619129e-05	0.000100680600861826
TX.VAL.OTHR.ZS.WT	1.25333811252615e-06	8.32840115557734e-05	0.000241633442068382
NE.CON.PRVT.KD_lag1	1.24927139266995e-06	7.62788143221102e-06	2.01361201723652e-05
NE.IMP.GNFS.ZS	1.24342411011912e-06	0.000245882422901578	0.000724900326205147
AG.PRD.LVSK.XD	1.2371416941858e-06	0.000106245491377225	0.000221497321896017
FP.CPI.TOTL.ZG_tend2	1.22698260407221e-06	0.00055450027880685	0.000664491965688051
DC.DAC.CANL.CD_tend2	1.21079070460951e-06	3.24574138493061e-05	8.05444806894607e-05
NY.GNP.PCAP.CN_isNA_rank	1.20843411077237e-06	0.000694604223480113	0.00106721436913536
DC.DAC.GBRL.CD_isNA_rank	1.20785569272533e-06	0.000111226964965608	0.000161088961378922
SP.DYN.AMRT.MA_delta1	1.20490409376424e-06	5.25389792524739e-05	0.000100680600861826
BX.PEF.TOTL.CD.WD_min2	1.19937802410331e-06	0.00190019866739355	0.00140952841206556
SP.POP.1519.MA.5Y_delta1	1.19525100448678e-06	0.00058314375194005	0.00112762272965245
NE.CON.GOVT.ZS_lag1	1.193459321324e-06	4.11749926289758e-05	0.000100680600861826
BM.GSR.TRAN.ZS_lag1	1.18813955485964e-06	0.000106089820327588	0.000161088961378922
EN.GHG.N2O.WA.MT.CE.AR5_delta1	1.18804593136648e-06	0.000724648736060047	0.000885989287584068
BM.GSR.INSF.ZS_max2	1.18182503587981e-06	0.000128039438326399	0.000201361201723652
SM.POP.RHCR.EA_delta1	1.18153707612584e-06	0.00033383656594646	0.000644355845515686
IT.MLT.MAIN_ratioavg2	1.16149441534207e-06	0.0003491701643357	0.000523539124481495
TG.VAL.TOTL.GD.ZS_lag1	1.13178487125195e-06	0.00153530572704451	0.00100680600861826
SP.POP.6569.FE.5Y	1.13172891022381e-06	2.46738613674581e-05	2.01361201723652e-05
NV.IND.TOTL.ZS_lag1	1.12823953703375e-06	0.00030464824413953	0.000281905682413113
SE.PRM.TCHR	1.12633345986323e-06	0.000945545955494892	0.00153034513309975
TM.VAL.MMTL.ZS.UN	1.11873610573663e-06	0.000788162524311926	0.00114775884982482
SP.POP.65UP.MA.IN_delta1	1.11712436245178e-06	6.66272092446187e-05	0.000100680600861826
BX.GSR.CMCP.ZS_ratioavg2	1.10897850638451e-06	5.50297160466652e-05	0.000181225081551287
DC.DAC.FRAL.CD_delta1	1.09852406950806e-06	6.58488539964339e-05	8.05444806894607e-05
SP.POP.3539.MA.5Y	1.09578947668198e-06	0.00020276154215214	0.000201361201723652
MS.MIL.MPRT.KD_avg2	1.0925182388777e-06	7.32432288541895e-05	0.000140952841206556
EG.ELC.FOSL.ZS_max2	1.08979220320848e-06	1.1675328722772e-05	4.02722403447304e-05
NE.CON.TOTL.KD.ZG_lag1	1.08012809939167e-06	0.000845371635053509	0.00100680600861826
TM.VAL.MRCH.HI.ZS_rank	1.07226648853138e-06	5.70534396919457e-05	0.000120816721034191
EG.USE.ELEC.KH.PC_ratioavg2	1.07131747482179e-06	0.00268664881015947	0.00257742338206274
TM.VAL.OTHR.ZS.WT_delta1	1.06889034107446e-06	2.03929075024417e-05	6.04083605170956e-05
NE.IMP.GNFS.KD.ZG_lag1	1.0644053750796e-06	0.00015154576682158	0.000322177922757843
DT.ODA.ODAT.KD	1.05587141493308e-06	2.31171508710885e-05	2.01361201723652e-05
DT.ODA.ODAT.PC.ZS_ratioavg2	1.04881564917112e-06	5.62750844437609e-05	0.000120816721034191
DC.DAC.GBRL.CD_ratiomax2	1.04823194763195e-06	6.25019264292393e-05	0.000161088961378922
TX.VAL.MANF.ZS.UN_isNA_rank	1.04764793682326e-06	0.00144571703797844	0.00134912005154847
clase_isNA_rank	1.04571402830191e-06	0.00127564641625007	0.00134912005154847
SP.POP.0014.TO.ZS_lag1	1.03576706194294e-06	6.70163868687111e-05	0.000100680600861826
SP.DYN.AMRT.FE_delta1	1.03149146911855e-06	0.000229770469264152	0.000422858523619669
TM.VAL.MMTL.ZS.UN_rank	1.02534027746296e-06	0.000310952921649827	0.000523539124481495
NE.CON.GOVT.ZS_tend2	1.02466499854259e-06	0.000112083155738611	0.000201361201723652
PA.NUS.ATLS_delta1	1.02089949328971e-06	0.000578707127025397	0.000463130763964399
SE.SEC.ENRL.GC.FE.ZS_delta1	1.01893978317059e-06	0.000771739228575227	0.00118803109016955
NE.CON.GOVT.ZS_avg2	1.01593376632122e-06	0.000293439928565669	0.000342314042930208
NV.IND.TOTL.KD.ZG_delta1	1.01562094554783e-06	0.000448643965053717	0.000865853167411703
TM.VAL.FUEL.ZS.UN_lag1	1.01055243952029e-06	0.000185248549067982	0.000261769562240748
FP.CPI.TOTL.ZG	1.01050556800794e-06	0.000166334516537091	0.000281905682413113
DC.DAC.DEUL.CD_tend2	1.00453804537722e-06	4.52224399195367e-05	0.000120816721034191
AG.PRD.LVSK.XD_ratioavg2	1.00066135056557e-06	0.000176920147912405	0.000201361201723652
SP.ADO.TFRT_delta1	9.8793000778684e-07	8.19608076338592e-05	0.000161088961378922
TM.VAL.MRCH.R1.ZS_rank	9.82207783980655e-07	0.000169370102005012	0.000281905682413113
BX.KLT.DINV.WD.GD.ZS_isNA_rank	9.736694473836e-07	2.35841640199994e-05	4.02722403447304e-05
SP.POP.3539.MA.5Y_delta1	9.68353269067083e-07	0.000126015714681119	0.000241633442068382
NE.GDI.FTOT.ZS_delta1	9.6828095987205e-07	0.000192798594975374	0.000422858523619669
TM.VAL.MRCH.R1.ZS_delta1	9.67451642091867e-07	0.000153180312842768	0.000382586283274939
TX.VAL.MRCH.R4.ZS_delta1	9.63015125759796e-07	0.0006482142506883	0.000664491965688051
EN.URB.LCTY.UR.ZS_min2	9.60558047411051e-07	5.83766436138598e-06	2.01361201723652e-05
EN.GHG.CO2.IP.MT.CE.AR5_tend2	9.59791466208644e-07	8.56190773003278e-05	0.000181225081551287
NY.GDP.DEFL.ZS_isNA_rank	9.53714598359847e-07	0.00045775072145748	0.000926261527928799
PA.NUS.FCRF_isNA_rank	9.49027313090652e-07	0.000453781109691737	0.000805444806894608
BM.GSR.MRCH.CD_min2	9.48526029704013e-07	1.5567104963696e-05	2.01361201723652e-05
NY.GDP.TOTL.RT.ZS_delta1	9.42783868932073e-07	9.52706823778192e-05	0.000221497321896017
MS.MIL.XPND.GD.ZS_lag1	9.41464622924846e-07	0.00180259291927117	0.00171157021465104
BM.GSR.MRCH.CD_max2	9.36019933064311e-07	6.77169065920774e-06	2.01361201723652e-05
TX.VAL.MRCH.OR.ZS_delta1	9.19312675206485e-07	0.000201827515854318	0.000402722403447304
EN.GHG.CH4.BU.MT.CE.AR5_ratioavg2	9.18703421088745e-07	0.000226267870647321	0.000422858523619669
AG.PRD.CREL.MT_ratioavg2	9.15132470805302e-07	0.000581742712493318	0.000745036446377512
ER.FSH.PROD.MT_tend2	9.13712005233025e-07	0.000715308473081829	0.000765172566549877
SP.POP.65UP.FE.ZS_lag1	9.13208945684944e-07	1.95367167294384e-05	4.02722403447304e-05
EN.GHG.ALL.PC.CE.AR5	9.02608155186152e-07	2.45181903178211e-05	4.02722403447304e-05
BM.KLT.DINV.WD.GD.ZS_rank	8.9836449061743e-07	0.000203072884251414	0.000402722403447304
SE.ENR.PRIM.FM.ZS_delta1	8.97741632494645e-07	0.000445219201961704	0.000745036446377512
EN.GHG.ALL.PC.CE.AR5_tend2	8.97245134306187e-07	0.001449764485269	0.000986669888445894
BX.GRT.TECH.CD.WD_rank	8.96503955382463e-07	0.000107646530823958	8.05444806894607e-05
EN.GHG.N2O.TR.MT.CE.AR5_delta1	8.94035465745687e-07	0.000187583614812536	0.000120816721034191
SP.POP.7579.FE.5Y_lag1	8.93639797519815e-07	3.28465914733985e-05	8.05444806894607e-05
SP.POP.0509.FE.5Y	8.90050505439106e-07	3.92291045085138e-05	4.02722403447304e-05
BM.GSR.GNFS.CD_max2	8.86081272069219e-07	6.77169065920774e-06	2.01361201723652e-05
DC.DAC.DEUL.CD_ratioavg2	8.78234710536377e-07	4.37435649479856e-05	0.000120816721034191
SE.PRM.ENRR.MA	8.72140352214953e-07	0.0013322328427931	0.00223510933913254
EN.GHG.ALL.MT.CE.AR5_ratioavg2	8.66197855117338e-07	0.000518540266340712	0.000624219725343321
TM.VAL.SERV.CD.WT_isNA_rank	8.65719290139906e-07	0.000276627455204877	0.000422858523619669
NE.CON.PRVT.ZS_tend2	8.56272827388846e-07	0.000112005320213792	0.000302041802585478
TM.VAL.MRCH.HI.ZS_lag1	8.55298188406625e-07	0.000156916418034055	0.000181225081551287
NE.RSB.GNFS.ZS_delta1	8.53757423391786e-07	0.000290015165473656	0.000302041802585478
EN.URB.LCTY	8.50689866516505e-07	1.38547234176894e-05	4.02722403447304e-05
NV.SRV.TOTL.KD.ZG_delta1	8.49668478159261e-07	0.000113328524135707	0.000342314042930208
DC.DAC.CECL.CD_isNA_rank	8.42200721301344e-07	0.000869033634598327	0.00112762272965245
TM.VAL.MRCH.RS.ZS_rank	8.37577455870683e-07	0.00646385115855065	0.00545688856671097
FM.AST.PRVT.GD.ZS_rank	8.31043438839296e-07	0.000324807645067516	0.000261769562240748
SP.POP.5054.FE.5Y_delta1	8.27060858572455e-07	1.51779273396036e-05	4.02722403447304e-05
EN.GHG.N2O.TR.MT.CE.AR5_tend2	8.22516080638261e-07	0.00114239199776083	0.000724900326205147
TX.VAL.TRAN.ZS.WT_isNA_rank	8.18568375878857e-07	0.0004013978014889	0.000362450163102573
AG.PRD.CREL.MT_tend2	8.17354820931539e-07	0.000312431796621378	0.00054367524465386
BM.GSR.GNFS.CD_ratioavg2	8.16625084768919e-07	5.21498016283814e-06	2.01361201723652e-05
FM.AST.NFRG.CN_isNA_rank	8.14605346893046e-07	0.00858665942692505	0.0077524062663606
TX.VAL.MRCH.R5.ZS_rank	8.13274009359528e-07	0.000188284134535903	0.000281905682413113
AG.LND.ARBL.ZS_max2	8.11728981593999e-07	2.05485785520787e-05	4.02722403447304e-05
TM.VAL.MRCH.R4.ZS_lag1	8.11207860695277e-07	1.08191379497687e-05	2.01361201723652e-05
SG.LAW.INDX_delta1	8.05337367880163e-07	4.56894530684476e-05	4.02722403447304e-05
DC.DAC.JPNL.CD	8.05056855806745e-07	0.000157616937757422	0.000241633442068382
SP.DYN.CBRT.IN_delta1	8.03721665771999e-07	0.000121423418716828	0.000261769562240748
DT.ODA.ODAT.PC.ZS	8.03257075506708e-07	0.000135200306609699	0.000161088961378922
NE.IMP.GNFS.KD.ZG	8.0229422906502e-07	0.000870512509569878	0.00108735048930772
NE.CON.GOVT.CD_lag1	7.99522702156002e-07	1.10526445242241e-05	4.02722403447304e-05
BX.PEF.TOTL.CD.WD_lag1	7.99337376948502e-07	0.000124536839709568	0.000241633442068382
TM.VAL.SERV.CD.WT_delta1	7.9870097532199e-07	4.28095386501639e-05	6.04083605170956e-05
SE.PRM.ENRR_isNA_rank	7.95347089914116e-07	0.000962747606479776	0.000865853167411703
TX.VAL.SERV.CD.WT_isNA_rank	7.90953993906698e-07	9.08340574631659e-05	0.000201361201723652
NV.SRV.TOTL.CD_isNA_rank	7.89738671668429e-07	0.00022681271932105	0.000302041802585478
TM.VAL.MRCH.R1.ZS	7.77776491887752e-07	0.000166334516537091	0.000281905682413113
EN.URB.LCTY.UR.ZS_max2	7.71938564017346e-07	5.29281568765662e-06	2.01361201723652e-05
BM.KLT.DINV.WD.GD.ZS_lag1	7.71051266781395e-07	0.000459385267478668	0.00054367524465386
NV.IND.TOTL.KD_lag1	7.67249748402047e-07	6.22684198547838e-06	2.01361201723652e-05
NE.CON.TOTL.KD_tend2	7.66883083235115e-07	4.53002754443552e-05	0.000100680600861826
EN.GHG.ALL.PC.CE.AR5_max2	7.59895309712981e-07	7.86917155914831e-05	8.05444806894607e-05
TX.VAL.MRCH.R2.ZS_lag1	7.58645932278007e-07	0.000396416327900517	0.000684628085860416
SP.POP.6569.MA.5Y_lag1	7.58184994772346e-07	3.68162032391409e-05	6.04083605170956e-05
TM.VAL.OTHR.ZS.WT_lag1	7.56517855028619e-07	0.00143334118953231	0.0013289839313761
NY.GDS.TOTL.ZS_lag1	7.54827768149291e-07	5.49518805218467e-05	0.000161088961378922
SE.SEC.ENRL.GC_rank	7.54702326194543e-07	0.000134499786886333	0.000221497321896017
FM.AST.DOMS.CN_max2	7.54506538690316e-07	3.87620913596029e-05	6.04083605170956e-05
SP.POP.0014.TO.ZS_delta1	7.53975739205502e-07	5.61194133941239e-05	0.000100680600861826
ER.FSH.AQUA.MT_ratioavg2	7.49895781323163e-07	0.000367305841618406	0.000644355845515686
TM.VAL.MANF.ZS.UN_rank	7.47825039690884e-07	5.52632226211206e-06	2.01361201723652e-05
NY.GDP.FRST.RT.ZS_rank	7.46220657302415e-07	2.75537757857418e-05	6.04083605170956e-05
NE.CON.TOTL.KD.ZG_rank	7.45808165760608e-07	3.65826966646855e-05	8.05444806894607e-05
TX.VAL.OTHR.ZS.WT_isNA_rank	7.45296453006439e-07	0.00016641235206191	0.000302041802585478
TM.VAL.MRCH.CD.WT	7.42465030701357e-07	3.10563744025734e-05	6.04083605170956e-05
IT.CEL.SETS.P2_rank	7.41152257336286e-07	4.58451241180846e-05	6.04083605170956e-05
BX.GSR.TOTL.CD_isNA_rank	7.40769358249954e-07	6.63937026701633e-05	0.000120816721034191
AG.LND.CREL.HA_ratiomax2	7.38072449710667e-07	8.53077352010538e-05	8.05444806894607e-05
SP.ADO.TFRT_rank	7.3733352392826e-07	4.25760320757084e-05	6.04083605170956e-05
TM.VAL.MRCH.OR.ZS_delta1	7.34734874444039e-07	0.000197235219890028	0.000604083605170956
SP.URB.TOTL.IN.ZS_rank	7.34496371066031e-07	6.77169065920774e-06	2.01361201723652e-05
AG.LND.TOTL.K2	7.31104620501705e-07	6.1490064606599e-06	2.01361201723652e-05
DT.ODA.ALLD.KD_rank	7.23497567697574e-07	0.000937217554339315	0.000624219725343321
NE.GDI.TOTL.ZS_lag1	7.1791419644576e-07	6.1490064606599e-05	0.000120816721034191
BX.KLT.DINV.WD.GD.ZS	7.14557917287534e-07	0.000100563498065476	0.000201361201723652
EN.GHG.CO2.BU.MT.CE.AR5_delta1	7.08611854820452e-07	0.000146097280084287	0.000120816721034191
SP.URB.GROW_delta1	7.08528736399566e-07	6.60823605708893e-05	0.000161088961378922
DC.DAC.JPNL.CD_isNA_rank	7.08353627713332e-07	0.00057294729818883	0.00054367524465386
DT.ODA.ODAT.CD_ratioavg2	7.03586727491258e-07	0.000122513116064287	0.000120816721034191
TM.VAL.MRCH.R3.ZS_delta1	7.02850078720645e-07	0.000657165336042425	0.00136925617172083
AG.LND.CREL.HA_tend2	7.00357710343112e-07	0.000901958061596544	0.00163102573396158
EN.GHG.CO2.BU.MT.CE.AR5	6.99693429015076e-07	6.52261697978861e-05	0.000100680600861826
SH.DYN.NMRT_rank	6.99020146643144e-07	0.00106735855183581	0.000664491965688051
NY.GDP.MKTP.CN_delta1	6.96981852225669e-07	1.27650260702307e-05	4.02722403447304e-05
NY.GSR.NFCY.CD_isNA_rank	6.91016052177077e-07	7.41772551520112e-05	0.000140952841206556
FM.AST.PRVT.GD.ZS_avg2	6.89175910851626e-07	0.000658877717588431	0.000463130763964399
PA.NUS.FCRF_delta1	6.86032407295413e-07	0.000365826966646855	0.000483266884136765
TX.VAL.MMTL.ZS.UN_lag1	6.86003969396227e-07	0.000240044758540192	0.00050340300430913
BX.GRT.TECH.CD.WD_lag1	6.76452780111431e-07	0.00085455622698209	0.00100680600861826
FI.RES.TOTL.CD_tend2	6.76237432074238e-07	0.000124614675234386	0.000140952841206556
NV.AGR.TOTL.KD.ZG_lag1	6.75725876369229e-07	0.000304570408614711	0.000563811364826225
NV.SRV.TOTL.CD_delta1	6.68062739837721e-07	0.000285111527410091	0.000201361201723652
EN.GHG.CH4.BU.MT.CE.AR5_delta1	6.63328053952417e-07	0.000168202569132735	0.000281905682413113
SP.POP.BRTH.MF	6.6190770917233e-07	0.000126249221255574	0.000302041802585478
EN.GHG.CO2.BU.MT.CE.AR5_max2	6.58069563778549e-07	0.000126716234404485	0.000241633442068382
SP.POP.80UP.FE.5Y_delta1	6.56889072312923e-07	0.000255923205603161	0.000261769562240748
FI.RES.TOTL.MO_isNA_rank	6.52159793465708e-07	0.000653195724276682	0.000664491965688051
SP.DYN.IMRT.MA.IN_delta1	6.50595233873863e-07	6.21127488051469e-05	8.05444806894607e-05
TX.VAL.FUEL.ZS.UN_isNA_rank	6.47994017972288e-07	0.000157772608807059	0.000241633442068382
IS.AIR.GOOD.MT.K1_tend2	6.47695794551038e-07	0.00239554394733835	0.00199347589706415
YearsSinceFirst_rank	6.43217492346248e-07	0.000485538003817677	0.000986669888445894
BM.GSR.TRAN.ZS_tend2	6.43113437060079e-07	0.000370030084987053	0.00050340300430913
BX.GRT.TECH.CD.WD_ratioavg2	6.42348286911243e-07	0.000245804587376759	0.000483266884136765
AG.PRD.FOOD.XD_delta1	6.40080705014927e-07	0.000145552431410557	0.000181225081551287
SE.SEC.ENRR.FE_rank	6.34477915306354e-07	8.02484260878527e-05	0.000161088961378922
NV.AGR.TOTL.KD_delta1	6.34242916878086e-07	0.000285812047133458	0.00050340300430913
NY.ADJ.NNTY.CD_isNA_rank	6.32600108317492e-07	0.000307450323032995	0.000583947484998591
TX.VAL.FUEL.ZS.UN_delta1	6.25272456128911e-07	0.000186026904316167	0.000362450163102573
NY.GDS.TOTL.ZS	6.22158977785902e-07	0.000107413024249502	0.000302041802585478
BM.KLT.DINV.CD.WD_isNA_rank	6.19485720050736e-07	0.000392135374035501	0.000604083605170956
TM.VAL.MRCH.R6.ZS_isNA_rank	6.18173779919741e-07	0.00386920393872663	0.00340300430912972
NY.GDP.PETR.RT.ZS_delta1	6.1736946120618e-07	3.90734334588768e-05	0.000100680600861826
BM.KLT.DINV.CD.WD	6.17209281661844e-07	0.00397988605501851	0.00388627119326648
NV.AGR.TOTL.CD_isNA_rank	6.16858982450562e-07	0.000707291414025526	0.000765172566549877
TX.VAL.MRCH.WL.CD_delta1	6.10473229819679e-07	4.92698872100977e-05	0.000120816721034191
AG.LND.AGRI.ZS_ratioavg2	6.09572047378756e-07	0.00048693904326441	0.000422858523619669
NE.RSB.GNFS.CN_isNA_rank	6.0797878254708e-07	0.000148432345828841	0.000362450163102573
NE.GDI.FTOT.CD_delta1	6.00986345891416e-07	0.000551542528863748	0.000664491965688051
EN.GHG.CO2.FE.MT.CE.AR5	6.00448973972829e-07	6.1490064606599e-06	2.01361201723652e-05
TM.VAL.MRCH.OR.ZS_rank	5.93264937732207e-07	0.000260281994992996	0.000241633442068382
DT.ODA.ALLD.CD_ratioavg2	5.92779677949544e-07	0.000620738310427376	0.000865853167411703
EN.URB.LCTY.UR.ZS_ratioavg2	5.92617448967705e-07	0.0029635097719388	0.00239619830051146
MS.MIL.XPND.GD.ZS_ratiomax2	5.87856737636256e-07	9.10675640376213e-06	2.01361201723652e-05
BX.GSR.FCTY.CD_isNA_rank	5.75822792118348e-07	0.000417821097225599	0.000644355845515686
MS.MIL.XPND.GD.ZS	5.73056316431915e-07	2.73202692112864e-05	8.05444806894607e-05
NE.GDI.FTOT.ZS	5.725751282555e-07	3.41697953953126e-05	8.05444806894607e-05
SH.DTH.NMRT	5.70596846109281e-07	0.000312431796621378	0.000362450163102573
BX.GRT.TECH.CD.WD_delta1	5.69718261805651e-07	3.93069400333323e-05	4.02722403447304e-05
TM.VAL.INSF.ZS.WT	5.68513243144517e-07	0.000111071293915971	0.000120816721034191
FI.RES.XGLD.CD	5.67278087262881e-07	0.000180500582054055	0.000281905682413113
EG.ELC.FOSL.ZS_rank	5.64299260613905e-07	0.000480712201278931	0.00050340300430913
BM.TRF.PWKR.CD.DT_lag1	5.60971871290911e-07	0.000255144850354977	0.000362450163102573
NV.IND.TOTL.KD.ZG	5.60297189340081e-07	0.000207509509166067	0.000342314042930208
SH.MMR.DTHS	5.59376119303107e-07	0.000217628127392469	0.000281905682413113
SP.POP.65UP.TO_delta1	5.57795783936622e-07	2.14826048499004e-05	4.02722403447304e-05
TM.VAL.AGRI.ZS.UN_lag1	5.54482525617714e-07	0.000102198044086664	0.000181225081551287
NY.GDP.DEFL.KD.ZG	5.53675339165802e-07	0.000950916606707367	0.000885989287584068
SG.LAW.INDX	5.51876937435465e-07	0.000510678878334046	0.000382586283274939
TM.VAL.AGRI.ZS.UN	5.49700048512376e-07	4.39770715224411e-05	0.000100680600861826
AG.YLD.CREL.KG_min2	5.47592396263366e-07	0.000205174443421513	0.000181225081551287
BX.KLT.DINV.CD.WD_lag1	5.45160755862453e-07	5.78317949401305e-05	0.000100680600861826
SH.DYN.MORT_delta1	5.43491915554706e-07	0.00111086861020934	0.000906125407756434
NY.GDP.MKTP.KD.ZG	5.42287207821642e-07	0.000430897465395104	0.000624219725343321
DT.ODA.ALLD.CD_lag1	5.40355372413141e-07	0.000109358912369964	0.000120816721034191
EN.GHG.CH4.FE.MT.CE.AR5_min2	5.39835622098191e-07	6.04003672591403e-05	8.05444806894607e-05
DT.ODA.ALLD.KD_tend2	5.38571341568163e-07	6.99741368118133e-05	0.000201361201723652
SM.POP.RHCR.EO_delta1	5.28843453924103e-07	0.000673588631779124	0.00106721436913536
BM.TRF.PWKR.CD.DT_delta1	5.25912459720737e-07	5.08265977064673e-05	6.04083605170956e-05
TM.VAL.AGRI.ZS.UN_isNA_rank	5.23503877307154e-07	0.00325438112818546	0.00199347589706415
TM.VAL.MRCH.AL.ZS_rank	5.22032655885789e-07	0.00023498544942699	0.000342314042930208
EN.GHG.CH4.TR.MT.CE.AR5_ratiomax2	5.21869202677626e-07	2.5140874516369e-05	4.02722403447304e-05
DT.NFL.UNDP.CD_avg2	5.13458448393857e-07	0.000131619872468049	0.000201361201723652
BX.TRF.CURR.CD_ratioavg2	5.11040984100148e-07	0.000731731768818528	0.000986669888445894
EN.GHG.CH4.TR.MT.CE.AR5_rank	5.10894024480016e-07	8.63974325485126e-06	2.01361201723652e-05
SP.POP.1564.TO_delta1	5.04371237602621e-07	0.000222920943080126	0.000281905682413113
BX.TRF.CURR.CD_delta1	4.99432828999052e-07	0.000112160991263429	0.000161088961378922
NE.CON.TOTL.KD.ZG_tend2	4.98302338060468e-07	0.000982595665308489	0.00126857557085901
EN.GHG.CO2.IP.MT.CE.AR5_ratioavg2	4.9672386905941e-07	0.000464522412116687	0.000966533768273529
SP.POP.DPND.YG	4.95839844168878e-07	5.08265977064673e-05	4.02722403447304e-05
NE.EXP.GNFS.KD.ZG_delta1	4.94732859402471e-07	0.000166645858636365	0.000422858523619669
SH.IMM.IDPT	4.93431918688114e-07	2.77094468353788e-05	8.05444806894607e-05
DC.DAC.GBRL.CD_max2	4.8656768524946e-07	0.000134110609262241	0.000302041802585478
DC.DAC.USAL.CD_rank	4.85529244306838e-07	0.000345200552569958	0.000261769562240748
SE.PRM.DURS_rank	4.77993455060696e-07	0.000175207766366398	0.000342314042930208
AG.PRD.LVSK.XD_min2	4.72580798768893e-07	0.000936127856991856	0.000684628085860416
DC.DAC.CECL.CD_ratiomax2	4.71691284793997e-07	0.000208210028889433	0.000322177922757843
TM.VAL.INSF.ZS.WT_delta1	4.68421511455458e-07	0.000140415286772538	0.000221497321896017
BM.GSR.TOTL.CD_delta1	4.66686500492358e-07	5.13714463801967e-06	2.01361201723652e-05
FS.AST.PRVT.GD.ZS_ratioavg2	4.62730798015775e-07	0.00100065350706638	0.00183238693568523
TX.VAL.FOOD.ZS.UN_isNA_rank	4.60601135124851e-07	0.000395871479226788	0.000583947484998591
BM.KLT.DINV.WD.GD.ZS_max2	4.58724212969544e-07	0.000767146932610937	0.000785308686722242
NY.GSR.NFCY.CD_delta1	4.57526593286129e-07	7.09859986344536e-05	8.05444806894607e-05
BG.GSR.NFSV.GD.ZS_isNA_rank	4.56468439798897e-07	0.00066510455957391	0.000604083605170956
NE.CON.GOVT.ZS	4.50148184711874e-07	0.000406223604027646	0.000664491965688051
SP.POP.2024.FE.5Y_delta1	4.50066629511034e-07	0.000141971997268907	0.000201361201723652
NY.GDP.PCAP.KN_delta1	4.49704182080082e-07	0.000211012107782899	0.000201361201723652
EG.ELC.PETR.ZS_rank	4.48732247237192e-07	4.49110978202628e-05	0.000100680600861826
BG.GSR.NFSV.GD.ZS_min2	4.4859521384249e-07	0.000182368634649698	0.000161088961378922
TM.VAL.FUEL.ZS.UN_isNA_rank	4.46469153858372e-07	3.21460717500321e-05	4.02722403447304e-05
EG.USE.ELEC.KH.PC_avg2	4.45863386445643e-07	0.000249151514943954	0.000261769562240748
DC.DAC.USAL.CD_delta1	4.43040843101189e-07	5.91549988620446e-06	2.01361201723652e-05
EN.GHG.CO2.BU.MT.CE.AR5_avg2	4.42986165492627e-07	0.000180111404429962	0.000241633442068382
IT.MLT.MAIN_isNA_rank	4.42817469816442e-07	0.00279554070938052	0.00191293141637469
BM.GSR.INSF.ZS_lag1	4.39543161141105e-07	0.000193109937074648	0.000342314042930208
BX.GSR.MRCH.CD_isNA_rank	4.38967020031699e-07	0.00371337721804003	0.00261769562240748
SP.DYN.TFRT.IN_lag1	4.33998006174711e-07	3.93069400333323e-05	8.05444806894607e-05
SP.DYN.TO65.MA.ZS	4.32201321822719e-07	2.59192297645538e-05	2.01361201723652e-05
NY.GSR.NFCY.CN_rank	4.30586362482494e-07	0.000493632898398799	0.000483266884136765
NY.GDP.COAL.RT.ZS_lag1	4.27936304154431e-07	0.000140960135446267	0.000281905682413113
BM.GSR.GNFS.CD_isNA_rank	4.23497202300968e-07	0.00194752266648318	0.00157061737344448
NE.DAB.TOTL.CD_lag1	4.23491044236138e-07	2.83321310339266e-05	8.05444806894607e-05
FM.AST.DOMS.CN_rank	4.20988359919841e-07	0.000826535438047437	0.000845717047239338
NE.GDI.TOTL.CD_isNA_rank	4.20234431812332e-07	1.18309997724089e-05	4.02722403447304e-05
MS.MIL.XPND.GD.ZS_ratioavg2	4.17994829022022e-07	0.000258413942397353	0.00050340300430913
AG.CON.FERT.ZS_ratioavg2	4.17693559548651e-07	0.000667517460843283	0.000704764206032782
SP.POP.0014.TO.ZS	4.16730678854529e-07	6.07117093584142e-06	2.01361201723652e-05
EG.USE.PCAP.KG.OE_rank	4.16429684453762e-07	7.47221038257406e-05	0.000120816721034191
DT.NFL.UNDP.CD_max2	4.13778545512787e-07	4.46775912458074e-05	8.05444806894607e-05
NE.CON.PRVT.CD_min2	4.10123197259705e-07	2.03929075024417e-05	4.02722403447304e-05
FM.LBL.BMNY.GD.ZS_delta1	4.10068645183045e-07	3.51816572179529e-05	8.05444806894607e-05
BX.TRF.PWKR.CD.DT_tend2	4.07315570405294e-07	8.82654851441561e-05	0.000241633442068382
DC.DAC.TOTL.CD_isNA_rank	4.07158250070081e-07	0.000618792422306914	0.000624219725343321
DC.DAC.CANL.CD_ratioavg2	4.06115984611402e-07	0.000148121003729567	0.000422858523619669
NY.GDP.DEFL.ZS_rank	4.03714774975718e-07	3.34692756719463e-05	4.02722403447304e-05
EN.GHG.CH4.MT.CE.AR5_tend2	4.02896570100579e-07	5.09822687561043e-05	0.000120816721034191
AG.LND.ARBL.HA.PC_tend2	4.0128607989456e-07	0.000100797004639931	0.000241633442068382
TX.VAL.MRCH.WR.ZS_lag1	3.98722532067159e-07	0.000230626660037156	0.000261769562240748
AG.LND.CROP.ZS_rank	3.98413808707908e-07	0.000201516173755044	0.000261769562240748
NY.GDP.FCST.CD_delta1	3.97554391231988e-07	0.000619259435455825	0.000664491965688051
FM.LBL.BMNY.GD.ZS_tend2	3.93219746226652e-07	0.000238877225667914	0.000442994643792034
NE.RSB.GNFS.ZS_isNA_rank	3.92833973671134e-07	2.42846837433657e-05	4.02722403447304e-05
SP.POP.1014.MA.5Y_delta1	3.90317111274768e-07	0.000393458577957415	0.000463130763964399
AG.LND.CROP.ZS_ratioavg2	3.88963428956043e-07	0.000174195904543758	0.000261769562240748
BX.GSR.TRAN.ZS_tend2	3.86898734603637e-07	0.000189918680557091	0.000362450163102573
AG.LND.ARBL.HA_ratiomax2	3.86053351039755e-07	5.3706512124751e-06	2.01361201723652e-05
TG.VAL.TOTL.GD.ZS	3.84788804263249e-07	6.91957815636285e-05	0.000161088961378922
EN.GHG.CO2.FE.MT.CE.AR5_ratioavg2	3.78569268779474e-07	0.00018789495691181	0.000442994643792034
NV.IND.TOTL.KD_isNA_rank	3.76962265245463e-07	0.000657087500517606	0.000805444806894608
SP.URB.TOTL.IN.ZS_delta1	3.7597687618954e-07	0.000304803915189167	0.000201361201723652
BX.GRT.EXTA.CD.WD_tend2	3.73216024790567e-07	3.8450749260329e-05	0.000120816721034191
NE.IMP.GNFS.KD.ZG_isNA_rank	3.71345634265753e-07	2.38955061192733e-05	8.05444806894607e-05
BM.GSR.FCTY.CD_isNA_rank	3.68490702476373e-07	0.000510834549383683	0.000664491965688051
NE.GDI.TOTL.CD_delta1	3.68083150918644e-07	0.00023093800213643	0.000342314042930208
NE.EXP.GNFS.KD.ZG_isNA_rank	3.6724002296142e-07	0.000246349436050489	0.000483266884136765
SP.URB.TOTL.IN.ZS_lag1	3.64165014031262e-07	0.00053504139760223	0.000583947484998591
NE.RSB.GNFS.CN_delta1	3.55954532473942e-07	3.41697953953126e-05	8.05444806894607e-05
BX.TRF.CURR.CD_lag1	3.55459902124859e-07	8.15716300097668e-05	0.000140952841206556
NV.SRV.TOTL.ZS_delta1	3.5098154281644e-07	0.000145085418261646	0.000362450163102573
NY.GSR.NFCY.CD_rank	3.50497082297075e-07	0.000338895875059661	0.000342314042930208
NE.CON.GOVT.CD_tend2	3.47481482611261e-07	3.94626110829692e-05	0.000120816721034191
NY.GDS.TOTL.ZS_rank	3.44145255105218e-07	2.14826048499004e-05	6.04083605170956e-05
EG.ELC.COAL.ZS_ratioavg2	3.43104856783784e-07	0.000177932009735045	0.000181225081551287
NV.AGR.TOTL.KD.ZG_delta1	3.41984397708583e-07	0.00194822318620655	0.00199347589706415
TM.VAL.MRCH.R2.ZS_delta1	3.3835910665633e-07	0.00089495286436288	0.0013289839313761
NE.IMP.GNFS.ZS_isNA_rank	3.35235646109847e-07	4.43662491465335e-05	6.04083605170956e-05
NY.GDP.MINR.RT.ZS_lag1	3.32573275060668e-07	0.000427784044402365	0.000745036446377512
BX.TRF.PWKR.CD.DT_min2	3.31857640818782e-07	0.000180111404429962	0.000201361201723652
MS.MIL.XPND.GD.ZS_delta1	3.29169103030559e-07	5.15271174298336e-05	0.000120816721034191
BM.GSR.MRCH.CD_ratioavg2	3.28485775303288e-07	1.11304800490426e-05	4.02722403447304e-05
SP.DYN.LE00.MA.IN_delta1	3.26095334956443e-07	0.000164310792891811	0.000241633442068382
NE.CON.PRVT.KD.ZG_rank	3.25938565448328e-07	0.000103521248008578	0.000161088961378922
EN.GHG.N2O.IC.MT.CE.AR5_tend2	3.25126345423237e-07	0.00164326359996775	0.00122830333051428
AG.PRD.FOOD.XD_tend2	3.24060921032e-07	0.00116192871449027	0.000986669888445894
DT.ODA.ALLD.CD_rank	3.15322004067751e-07	1.97702233038939e-05	4.02722403447304e-05
TX.VAL.MMTL.ZS.UN_rank	3.14163230372825e-07	4.47554267706259e-05	8.05444806894607e-05
SH.STA.MMRT	3.13749672309856e-07	2.58413942397353e-05	8.05444806894607e-05
DT.ODA.ALLD.KD_ratioavg2	3.1346657784422e-07	7.74463471943874e-05	0.000161088961378922
NE.EXP.GNFS.KD_delta1	3.11853369040608e-07	0.000147809661630293	0.000402722403447304
TX.VAL.MRCH.R1.ZS_rank	3.09838958460769e-07	0.000304336902040256	0.000523539124481495
DT.NFL.UNDP.CD_lag1	3.08749759785354e-07	3.276875594858e-05	8.05444806894607e-05
MS.MIL.MPRT.KD_isNA_rank	3.06005697456362e-07	0.000176453134763494	0.000322177922757843
SP.POP.0014.TO_delta1	3.05800325873187e-07	0.000458062063556753	0.000342314042930208
EN.GHG.CH4.MT.CE.AR5_ratioavg2	3.05196631371133e-07	8.14159589601298e-05	0.000221497321896017
NY.GDP.PCAP.KD.ZG_lag1	3.04160781166626e-07	0.000127883767276762	0.000322177922757843
NV.IND.TOTL.KD.ZG_isNA_rank	3.02966922627252e-07	0.00249750848485056	0.00223510933913254
NY.ADJ.DKAP.CD_isNA_rank	3.02390115373579e-07	5.86101501883153e-05	0.000100680600861826
FM.AST.NFRG.CN_delta1	3.01919818718808e-07	6.22684198547838e-06	2.01361201723652e-05
SE.PRM.AGES_rank	3.01694832638543e-07	0.00059544176486137	0.000845717047239338
EN.GHG.CH4.TR.MT.CE.AR5_tend2	2.97478556265121e-07	8.71757877966974e-05	0.000181225081551287
BX.GRT.EXTA.CD.WD_rank	2.95695726986716e-07	0.000245181903178211	0.000161088961378922
EN.GHG.N2O.PI.MT.CE.AR5_delta1	2.95454003940784e-07	5.27724858269293e-05	4.02722403447304e-05
TM.VAL.TRAN.ZS.WT_lag1	2.9504268913279e-07	7.26983801804601e-05	0.000120816721034191
TM.VAL.MMTL.ZS.UN_delta1	2.93916993091624e-07	5.75204528408566e-05	0.000120816721034191
DC.DAC.GBRL.CD_lag1	2.8442507811163e-07	0.00115982715532017	0.00177197857516814
DT.ODA.ODAT.GN.ZS_avg2	2.81923483303772e-07	4.18755123523421e-05	6.04083605170956e-05
TM.VAL.TRVL.ZS.WT_lag1	2.80173783042925e-07	8.8421156193793e-05	0.000181225081551287
SH.DYN.MORT.MA_delta1	2.79556234778512e-07	8.42180378535951e-05	0.000140952841206556
FD.AST.PRVT.GD.ZS_max2	2.76905864564629e-07	0.000149989056325211	0.000140952841206556
NY.GSR.NFCY.CN_delta1	2.76081923641971e-07	0.000806064695020177	0.000986669888445894
EN.GHG.N2O.FE.MT.CE.AR5_max2	2.75434041245557e-07	0.00130615794197891	0.00155048125327212
NV.AGR.TOTL.CD	2.75423618092562e-07	4.91142161604607e-05	6.04083605170956e-05
IS.AIR.PSGR_rank	2.74685821925074e-07	5.47183739473913e-05	0.000100680600861826
SM.POP.RHCR.EA_lag1	2.73535351036997e-07	0.000620271297278465	0.00100680600861826
EN.GHG.N2O.TR.MT.CE.AR5_ratioavg2	2.73421877593798e-07	0.00018789495691181	0.000382586283274939
SM.POP.RHCR.EA_rank	2.72384585691867e-07	7.69793340454765e-05	0.000140952841206556
SP.POP.0004.FE.5Y_delta1	2.72203264727862e-07	9.13010706120768e-05	0.000221497321896017
AG.LND.CREL.HA	2.72034964477869e-07	7.7057169570295e-05	0.000120816721034191
SP.DYN.AMRT.FE_isNA_rank	2.71614725941925e-07	0.000725427091308232	0.000845717047239338
FP.CPI.TOTL_ratioavg2	2.7136969522488e-07	7.1219505208909e-05	8.05444806894607e-05
PA.NUS.ATLS_rank	2.69302587658496e-07	1.5255762864422e-05	4.02722403447304e-05
FI.RES.TOTL.MO	2.69076014772265e-07	0.000567732318025991	0.000825580927066973
NE.EXP.GNFS.KD_isNA_rank	2.68370985685463e-07	0.000417509755126325	0.000583947484998591
BX.GSR.TRVL.ZS_ratiomax2	2.68062754145574e-07	0.00119345210204175	0.000765172566549877
NY.ADJ.DMIN.CD_isNA_rank	2.65646935803434e-07	9.34026297821757e-05	0.000261769562240748
BX.GSR.TOTL.CD_ratioavg2	2.65132580228794e-07	0.000567031798302625	0.000442994643792034
BM.GSR.CMCP.ZS_avg2	2.63168810941278e-07	0.00243368335449941	0.0017921146953405
NY.GSR.NFCY.CN_isNA_rank	2.61271885821322e-07	0.00047362916852045	0.00054367524465386
FM.LBL.BMNY.GD.ZS_rank	2.60373424470263e-07	0.000394703946354511	0.000402722403447304
BM.KLT.DINV.CD.WD_ratiomax2	2.59190291621877e-07	0.000587424705805067	0.000724900326205147
NE.CON.TOTL.CD	2.57431383033389e-07	5.3706512124751e-06	2.01361201723652e-05
TX.VAL.FUEL.ZS.UN_rank	2.57349277679159e-07	8.35175181302288e-05	0.000181225081551287
SE.SEC.ENRR.MA_rank	2.56663297874574e-07	0.00107584262404103	0.0013289839313761
SP.DYN.TO65.FE.ZS_delta1	2.56407399793481e-07	0.000696861453699849	0.000785308686722242
DC.DAC.TOTL.CD_min2	2.54250187634626e-07	8.0948945811219e-05	0.000120816721034191
EN.GHG.CO2.RT.GDP.KD_min2	2.50815983694861e-07	4.63121372669955e-05	0.000100680600861826
TX.VAL.FUEL.ZS.UN_lag1	2.48706185335484e-07	0.000173651055870028	0.000241633442068382
SE.PRM.ENRL	2.48672038269543e-07	0.000284255336637088	0.000624219725343321
DC.DAC.CANL.CD_rank	2.45981128978138e-07	0.000177075818962041	0.000261769562240748
NY.GDP.MKTP.KD.ZG_lag1	2.4516600995064e-07	3.64270256150485e-05	0.000100680600861826
EN.GHG.N2O.BU.MT.CE.AR5_delta1	2.4226223129337e-07	0.000312198290046922	0.000422858523619669
SE.ENR.PRIM.FM.ZS_isNA_rank	2.41608469216542e-07	0.000248684501795043	0.000281905682413113
EG.ELC.NGAS.ZS_ratioavg2	2.39410091922712e-07	4.70904925151803e-05	0.000120816721034191
NE.EXP.GNFS.KD.ZG	2.36458153696813e-07	0.000158239621955969	0.000362450163102573
EG.USE.ELEC.KH.PC_lag1	2.35088547514392e-07	0.000991624586187432	0.000745036446377512
BX.TRF.CURR.CD_isNA_rank	2.34763194190024e-07	0.000606494409385594	0.000583947484998591
EG.ELC.NUCL.ZS_rank	2.34437170041473e-07	2.13269338002635e-05	4.02722403447304e-05
IT.MLT.MAIN.P2_delta1	2.32837176493855e-07	0.000987187961272779	0.000624219725343321
NE.DAB.TOTL.CD_ratioavg2	2.32442745764967e-07	7.64344853717471e-05	0.000201361201723652
SM.POP.NETM_lag1	2.30702990921482e-07	0.00102820728285212	0.000966533768273529
DC.DAC.FRAL.CD_avg2	2.30694097155088e-07	2.03150719776232e-05	6.04083605170956e-05
BX.GSR.TRVL.ZS_tend2	2.2764630834302e-07	4.37435649479856e-05	0.000120816721034191
FI.RES.TOTL.CD_max2	2.26689644570878e-07	1.65789667863362e-05	4.02722403447304e-05
BX.GSR.NFSV.CD_min2	2.25980014861027e-07	1.12861510986796e-05	4.02722403447304e-05
BX.GSR.CMCP.ZS_min2	2.23413587582338e-07	7.43329262016482e-05	0.000140952841206556
NY.GDP.PCAP.KN_isNA_rank	2.22923153939727e-07	0.00116527564205746	0.00124843945068664
TM.VAL.INSF.ZS.WT_isNA_rank	2.19119743346772e-07	0.000660356592559982	0.000724900326205147
NY.GDP.PCAP.KN_lag1	2.189788714212e-07	3.28465914733985e-05	0.000100680600861826
SE.PRM.ENRL_rank	2.18325326807715e-07	6.54596763723415e-05	0.000140952841206556
TX.VAL.SERV.CD.WT_delta1	2.16872022743188e-07	9.57376955267301e-06	2.01361201723652e-05
NE.CON.GOVT.CD_ratioavg2	2.15239740002091e-07	2.21831245732667e-05	6.04083605170956e-05
SP.DYN.LE00.FE.IN_delta1	2.11920469504007e-07	0.000415408195956227	0.000523539124481495
TM.VAL.MRCH.R1.ZS_lag1	2.1099982354158e-07	4.63121372669955e-05	0.000120816721034191
AG.LND.ARBL.HA_ratioavg2	2.10194910932143e-07	0.000102198044086664	0.000161088961378922
NE.CON.TOTL.KD.ZG_ratioavg2	2.09387059909657e-07	0.000739048308151465	0.000664491965688051
FI.RES.TOTL.MO_lag1	2.0854294637207e-07	7.3009722279734e-05	0.000161088961378922
BX.GSR.MRCH.CD_tend2	2.08350326493645e-07	8.21943142083146e-05	0.000140952841206556
SP.DYN.IMRT.FE.IN	2.08125404264242e-07	9.55041889522747e-05	8.05444806894607e-05
BX.GRT.EXTA.CD.WD_ratiomax2	2.07333814615976e-07	9.65160507749149e-05	0.000100680600861826
AG.PRD.FOOD.XD	2.06521195070611e-07	8.38288602295027e-05	0.000181225081551287
SP.POP.DPND.YG_delta1	2.04219407869916e-07	0.000140181780198082	0.000241633442068382
BM.TRF.PWKR.CD.DT_ratioavg2	2.0281147266057e-07	0.000321382881975503	0.000483266884136765
EG.ELC.NGAS.ZS	2.01603504762684e-07	8.49963931017799e-05	0.000241633442068382
EN.GHG.ALL.PC.CE.AR5_min2	2.00983700601795e-07	1.94588812046199e-05	2.01361201723652e-05
NV.IND.TOTL.ZS_rank	2.00910703566287e-07	0.000116286274078809	0.000140952841206556
DC.DAC.CECL.CD_avg2	2.00874586216949e-07	0.000206030634194516	0.000362450163102573
DC.DAC.CANL.CD_isNA_rank	1.99705957791721e-07	0.00151218857617343	0.00122830333051428
PA.NUS.ATLS	1.99271539856734e-07	2.77094468353788e-05	6.04083605170956e-05
EG.USE.PCAP.KG.OE_max2	1.9864946310728e-07	7.80690313929352e-05	0.000181225081551287
SP.POP.0004.MA.5Y	1.95567278911147e-07	2.55300521404614e-05	2.01361201723652e-05
NY.ADJ.DFOR.GN.ZS_isNA_rank	1.94465271517586e-07	0.000589759771549621	0.000825580927066973
NY.GDP.FCST.KD	1.92934532509922e-07	3.93847755581508e-05	8.05444806894607e-05
SP.POP.TOTL.MA.IN_delta1	1.92883220858081e-07	2.70089271120125e-05	8.05444806894607e-05
NE.EXP.GNFS.CN_rank	1.87319590589762e-07	1.42439010417818e-05	4.02722403447304e-05
SP.DYN.TFRT.IN	1.8730164616767e-07	8.82654851441561e-05	0.000140952841206556
BX.GSR.TRVL.ZS_isNA_rank	1.85795863893082e-07	0.000442650629642695	0.000463130763964399
FP.CPI.TOTL.ZG_ratioavg2	1.85512477473721e-07	0.000114651728057621	0.000281905682413113
EN.GHG.CH4.IC.MT.CE.AR5_tend2	1.84883534732566e-07	0.00181948322815678	0.00136925617172083
TX.VAL.TRVL.ZS.WT_delta1	1.84810006116661e-07	5.24611437276554e-05	0.000140952841206556
NY.GNP.PCAP.CD_lag1	1.84358622630593e-07	5.83766436138598e-06	2.01361201723652e-05
SP.POP.1564.FE.IN_lag1	1.83947401346323e-07	8.71757877966974e-06	2.01361201723652e-05
EN.GHG.CH4.AG.MT.CE.AR5_ratioavg2	1.82742778673441e-07	0.000127261083078214	0.000181225081551287
SP.POP.GROW	1.82662579106834e-07	5.3706512124751e-06	2.01361201723652e-05
DT.ODA.ODAT.KD_isNA_rank	1.79929829467461e-07	0.000607661942257872	0.000523539124481495
SP.POP.0014.MA.IN_lag1	1.77226759761026e-07	0.000139636931524353	0.000161088961378922
NE.RSB.GNFS.ZS	1.76867599431347e-07	0.000197001713315572	0.000261769562240748
BX.GSR.TRVL.ZS_ratioavg2	1.75207410358108e-07	0.000313054480819926	0.000463130763964399
SH.DTH.NMRT_rank	1.73586126657761e-07	0.000458062063556753	0.00054367524465386
IT.MLT.MAIN.P2_ratioavg2	1.72980263596685e-07	0.000118621339823363	0.000241633442068382
ER.FSH.PROD.MT_min2	1.72552191019734e-07	9.41809850303605e-06	2.01361201723652e-05
TX.VAL.MMTL.ZS.UN_delta1	1.72513421518485e-07	4.11749926289758e-05	0.000100680600861826
TM.VAL.TRAN.ZS.WT_delta1	1.72066897531406e-07	0.00137979034845719	0.00163102573396158
NE.IMP.GNFS.ZS_rank	1.71730838681883e-07	1.82135128075243e-05	4.02722403447304e-05
NV.AGR.TOTL.CN_isNA_rank	1.70972586746613e-07	0.00181839353080932	0.00161088961378922
TM.VAL.FOOD.ZS.UN_isNA_rank	1.70194344552086e-07	0.000546483219750547	0.000885989287584068
NV.IND.TOTL.CD_isNA_rank	1.68417691953998e-07	0.000164155121842174	0.000241633442068382
SP.POP.0004.MA.5Y_delta1	1.67060730771803e-07	0.000186571752989896	0.000201361201723652
BX.TRF.PWKR.DT.GD.ZS_delta1	1.65828898947628e-07	1.85248549067982e-05	4.02722403447304e-05
DT.NFL.UNDP.CD_isNA_rank	1.64757136184571e-07	0.000182835647798609	0.000241633442068382
BX.TRF.PWKR.DT.GD.ZS_avg2	1.63764956754856e-07	5.11379398057412e-05	8.05444806894607e-05
BM.GSR.MRCH.CD_rank	1.62253644120612e-07	5.44848673729358e-06	2.01361201723652e-05
FD.AST.PRVT.GD.ZS_ratioavg2	1.60844169763566e-07	0.00178811551165494	0.00209415649792598
NE.DAB.TOTL.CD_tend2	1.60029783861624e-07	0.000119399695071548	0.000120816721034191
SP.POP.1564.MA.IN_lag1	1.58794040426674e-07	8.56190773003278e-06	2.01361201723652e-05
NV.IND.MANF.KD_rank	1.56983158528909e-07	3.33914401471278e-05	8.05444806894607e-05
NE.CON.PRVT.KD.ZG_ratioavg2	1.54968322470299e-07	0.000115118741206532	0.000402722403447304
EN.GHG.CH4.BU.MT.CE.AR5	1.53968095659789e-07	0.000427239195728636	0.000644355845515686
NY.GDS.TOTL.CD_delta1	1.52019880250045e-07	0.00034356600654877	0.000463130763964399
BX.KLT.DINV.CD.WD_ratiomax2	1.5068239724425e-07	0.000107490859774321	0.000201361201723652
TX.VAL.MRCH.AL.ZS	1.50244429020168e-07	0.000917291659985784	0.0013893922918932
SP.POP.0014.FE.IN_lag1	1.49819776307499e-07	0.000326987039762434	0.000342314042930208
SE.PRM.ENRR.FE_isNA_rank	1.49441533697328e-07	0.000637862125887442	0.000523539124481495
NE.CON.PRVT.ZS_rank	1.49223084639105e-07	1.57227760133329e-05	4.02722403447304e-05
FM.LBL.BMNY.GD.ZS_ratioavg2	1.49208590338767e-07	0.000217316785293196	0.000382586283274939
NE.DAB.TOTL.CD_min2	1.48730609362553e-07	3.22239072748506e-05	8.05444806894607e-05
SE.PRM.ENRL.FE.ZS	1.48414990099485e-07	0.000747221038257406	0.00112762272965245
IT.MLT.MAIN.P2	1.47906531323399e-07	0.000913244212695223	0.000644355845515686
MS.MIL.XPND.CD_ratioavg2	1.47869748939594e-07	0.000412061268389032	0.00054367524465386
AG.YLD.CREL.KG	1.4541061495412e-07	0.000302780191543886	0.000221497321896017
SP.POP.0014.FE.ZS_delta1	1.44969348374223e-07	0.000295852829835042	0.000604083605170956
EN.URB.MCTY.TL.ZS_isNA_rank	1.44268462344592e-07	0.000692113486685922	0.000926261527928799
BX.PEF.TOTL.CD.WD_ratiomax2	1.440316283765e-07	6.80282486913513e-05	0.000140952841206556
SP.DYN.CDRT.IN_delta1	1.42541929723247e-07	0.000106556833476499	0.000322177922757843
BX.GSR.GNFS.CD_tend2	1.42222100309672e-07	0.000191008377904549	0.000281905682413113
NV.IND.TOTL.CN	1.41258680535409e-07	4.06301439552464e-05	6.04083605170956e-05
BX.GSR.MRCH.CD_ratioavg2	1.41055276231655e-07	0.000300367290274513	0.000241633442068382
DC.DAC.GBRL.CD_ratioavg2	1.39352216806192e-07	6.84952618402622e-05	0.000221497321896017
FI.RES.TOTL.MO_ratioavg2	1.38465209800461e-07	0.000352984105051806	0.000402722403447304
TX.VAL.AGRI.ZS.UN_lag1	1.37722535471696e-07	0.000198869765911216	0.000362450163102573
AG.YLD.CREL.KG_tend2	1.3632738786352e-07	0.00108051275553014	0.00120816721034191
NY.GDP.MINR.RT.ZS_delta1	1.36087221155871e-07	0.00138453831547112	0.00126857557085901
NV.AGR.TOTL.KD.ZG_isNA_rank	1.35892154327244e-07	0.000918459192858061	0.00104707824896299
NE.CON.TOTL.KD_ratioavg2	1.33355552467559e-07	2.81764599842897e-05	6.04083605170956e-05
NE.DAB.TOTL.CD_isNA_rank	1.32253825210725e-07	2.75537757857418e-05	4.02722403447304e-05
SP.POP.BRTH.MF_rank	1.31666415692498e-07	0.000132709569815508	0.000181225081551287
SP.DYN.LE00.IN_delta1	1.31415580036584e-07	0.000170304128302834	0.000261769562240748
TX.VAL.OTHR.ZS.WT_lag1	1.3133162993861e-07	0.000145241089311283	0.000302041802585478
AG.CON.FERT.ZS_rank	1.31175824558385e-07	0.000154270010190227	0.000261769562240748
AG.PRD.CREL.MT	1.30802662052642e-07	5.79874659897674e-05	8.05444806894607e-05
DT.ODA.ODAT.KD_lag1	1.29162243536009e-07	2.53743810908244e-05	2.01361201723652e-05
NY.GDP.MKTP.KD_isNA_rank	1.27988815885322e-07	0.000157227760133329	0.000261769562240748
PA.NUS.ATLS_lag1	1.27415346159037e-07	0.000216538430045011	0.000140952841206556
NE.IMP.GNFS.CN_lag1	1.2726105990345e-07	1.77464996586134e-05	6.04083605170956e-05
FM.LBL.BMNY.GD.ZS_min2	1.26823939761123e-07	8.51520641514169e-05	0.000221497321896017
EN.GHG.CO2.RT.GDP.KD_ratioavg2	1.26294402559053e-07	0.000140570957822174	0.000362450163102573
NV.AGR.TOTL.CN_rank	1.25595846669436e-07	2.29614798214515e-05	6.04083605170956e-05
TM.VAL.MRCH.R3.ZS_lag1	1.23257656971968e-07	0.000213736351151545	0.000463130763964399
SP.DYN.IMRT.IN	1.21655967717007e-07	0.000768703643107306	0.000483266884136765
BX.GSR.FCTY.CD_lag1	1.20147987358306e-07	2.40511771689103e-05	6.04083605170956e-05
EG.USE.PCAP.KG.OE_delta1	1.20094274976972e-07	7.61231432724732e-05	0.000120816721034191
EN.GHG.CO2.TR.MT.CE.AR5_tend2	1.19741876920402e-07	0.00178624745905929	0.00146993677258266
BM.TRF.PWKR.CD.DT_isNA_rank	1.19102894059043e-07	0.00101692113175344	0.000825580927066973
SE.SEC.ENRR_delta1	1.19069820506746e-07	0.00216803070829394	0.00140952841206556
DC.DAC.FRAL.CD_max2	1.18087653814442e-07	8.11046168608559e-05	0.000181225081551287
DC.DAC.GBRL.CD_tend2	1.17299083973251e-07	2.38955061192733e-05	8.05444806894607e-05
SP.POP.1014.FE.5Y_lag1	1.16695327775556e-07	9.09118929879844e-05	0.000120816721034191
MS.MIL.XPND.CD_isNA_rank	1.16597042215357e-07	0.00312556333461087	0.00249687890137328
NY.GDP.MINR.RT.ZS_isNA_rank	1.15384402810906e-07	0.00142470144627745	0.00142966453223793
NE.CON.GOVT.ZS_delta1	1.1423674216207e-07	6.69385513438926e-06	2.01361201723652e-05
TX.VAL.MRCH.R4.ZS	1.13801974827016e-07	8.77206364704267e-05	0.000201361201723652
TX.VAL.MRCH.R1.ZS_delta1	1.13756458919307e-07	0.000193187772599467	0.000402722403447304
SP.POP.0004.FE.5Y	1.13022733457191e-07	5.18384595291075e-05	4.02722403447304e-05
FS.AST.CGOV.GD.ZS_rank	1.11587180343477e-07	0.000252342771461511	0.000241633442068382
TX.VAL.MRCH.R1.ZS_lag1	1.09671564192715e-07	0.000172794865097025	0.000463130763964399
TM.VAL.MRCH.RS.ZS	1.08906258965905e-07	0.000159562825877884	0.000120816721034191
FS.AST.PRVT.GD.ZS_tend2	1.07595224981296e-07	0.000708147604798529	0.000966533768273529
TM.VAL.INSF.ZS.WT_lag1	1.07177034627928e-07	0.000198869765911216	0.000221497321896017
NE.CON.TOTL.CD_isNA_rank	1.069925168794e-07	0.0012951831329795	0.00169143409447868
NE.CON.GOVT.ZS_ratioavg2	1.05025284954369e-07	9.15345771865322e-05	0.000181225081551287
EN.GHG.CO2.IC.MT.CE.AR5_ratioavg2	1.04502985362495e-07	0.00130218833021317	0.00183238693568523
EN.GHG.CO2.IC.MT.CE.AR5_delta1	1.03923250402988e-07	3.97739531822432e-05	6.04083605170956e-05
NY.ADJ.DKAP.CD	1.01767301968832e-07	1.32320392191416e-05	4.02722403447304e-05
NV.AGR.TOTL.KD.ZG_rank	1.01402422189527e-07	0.00049612363519299	0.000624219725343321
DT.ODA.ODAT.CD_rank	1.00712078820378e-07	0.00193701487063269	0.00124843945068664
DT.ODA.ODAT.GN.ZS_ratioavg2	9.9926330847825e-08	4.28873741749824e-05	8.05444806894607e-05
NE.EXP.GNFS.CN_lag1	9.97553627604566e-08	0.000207976522314978	0.000382586283274939
NE.EXP.GNFS.CD_min2	9.89322183568983e-08	1.15974931979535e-05	2.01361201723652e-05
TM.VAL.AGRI.ZS.UN_delta1	9.87708791595919e-08	0.00167284109939877	0.00118803109016955
TM.VAL.MRCH.RS.ZS_delta1	9.83671181420836e-08	0.00136523510531614	0.00134912005154847
SP.POP.0014.FE.IN	9.81524884267242e-08	0.000323250934571147	0.000442994643792034
DT.ODA.ALLD.KD_max2	9.7812214643478e-08	1.330987474396e-05	2.01361201723652e-05
DT.ODA.ODAT.GN.ZS_ratiomax2	9.7689510962246e-08	2.42846837433657e-05	6.04083605170956e-05
IT.MLT.MAIN	9.75370306165834e-08	9.79170902216476e-05	0.000241633442068382
AG.PRD.LVSK.XD_tend2	9.64474175210441e-08	5.74426173160381e-05	0.000140952841206556
FM.AST.NFRG.CN_rank	9.62556616521143e-08	8.13381234353114e-05	8.05444806894607e-05
TX.VAL.TRVL.ZS.WT_rank	9.58692992262999e-08	1.98480588287123e-05	4.02722403447304e-05
EN.GHG.CO2.FE.MT.CE.AR5_ratiomax2	9.50582536419537e-08	3.8450749260329e-05	6.04083605170956e-05
NE.IMP.GNFS.CD_lag1	9.50216207849541e-08	0.000219184837888839	0.000161088961378922
SE.PRM.TCHR_delta1	9.50178235518069e-08	0.00181107699147639	0.00151020901292739
EG.ELC.COAL.ZS_tend2	9.4359985269856e-08	5.37065121247511e-05	8.05444806894607e-05
SP.POP.BRTH.MF_lag1	9.43346716333378e-08	0.000206264140768971	0.000402722403447304
EG.ELC.HYRO.ZS_avg2	9.41825482702552e-08	7.45664327761036e-05	0.000161088961378922
NY.ADJ.DKAP.GN.ZS_delta1	9.38933632447228e-08	7.22313670315492e-05	0.000161088961378922
EN.GHG.CO2.FE.MT.CE.AR5_tend2	9.37577104192194e-08	0.000489274109008964	0.000442994643792034
BM.GSR.CMCP.ZS_lag1	9.36511778712933e-08	0.00106611318343872	0.000745036446377512
SE.PRM.TCHR_lag1	9.29281421130658e-08	0.000382639440007647	0.000483266884136765
SP.POP.TOTL	9.27265235753369e-08	5.13714463801967e-06	2.01361201723652e-05
IS.AIR.GOOD.MT.K1_delta1	9.11999927369216e-08	0.000297954389005141	0.000241633442068382
EN.POP.DNST_delta1	9.06493405260303e-08	7.3165393329371e-05	0.000120816721034191
NE.EXP.GNFS.ZS_isNA_rank	9.04074568009693e-08	8.07154392367635e-05	0.000161088961378922
NY.GDP.PETR.RT.ZS_lag1	9.02276445547198e-08	1.14418221483165e-05	4.02722403447304e-05
TX.VAL.AGRI.ZS.UN_isNA_rank	9.02178452202019e-08	0.00164271875129402	0.00104707824896299
BM.GSR.CMCP.ZS_ratioavg2	9.0067840348305e-08	0.00046748016205979	0.000926261527928799
SP.POP.1564.MA.IN_delta1	9.00587428839931e-08	0.000152246286544946	0.000120816721034191
AG.LND.ARBL.HA.PC_ratiomax2	9.00129003788733e-08	9.33247942573573e-05	0.000120816721034191
EN.GHG.CO2.IP.MT.CE.AR5_ratiomax2	8.99462988563285e-08	1.02742892760393e-05	2.01361201723652e-05
SP.POP.5054.MA.5Y_delta1	8.99048130485805e-08	0.000204863101322239	0.000523539124481495
EN.GHG.N2O.IP.MT.CE.AR5_avg2	8.78875846902494e-08	8.71757877966974e-06	2.01361201723652e-05
IT.MLT.MAIN_rank	8.75397646041428e-08	1.12083155738611e-05	2.01361201723652e-05
SE.PRM.TCHR_isNA_rank	8.75280277316326e-08	0.00033586028959174	0.000402722403447304
EN.GHG.N2O.MT.CE.AR5_ratioavg2	8.71096625704897e-08	0.000199570285634582	0.000302041802585478
EN.GHG.CH4.FE.MT.CE.AR5_tend2	8.69176205839599e-08	0.000157305595658148	0.000362450163102573
SE.SEC.ENRL.GC.FE.ZS	8.68095572738521e-08	0.000221052890484483	0.000664491965688051
EG.ELC.FOSL.ZS_min2	8.59141235780315e-08	0.00013263173429069	0.000281905682413113
NE.EXP.GNFS.CD_tend2	8.53945096263151e-08	0.000176764476862768	0.000281905682413113
AG.PRD.LVSK.XD_rank	8.45133426100906e-08	0.000729163196499519	0.00100680600861826
EN.URB.LCTY.UR.ZS_ratiomax2	8.40158214416053e-08	8.71757877966974e-06	2.01361201723652e-05
BX.GRT.EXTA.CD.WD_ratioavg2	8.39784128369156e-08	0.000112705839937159	0.000221497321896017
DC.DAC.CANL.CD_avg2	8.39161894815806e-08	4.93477227349162e-05	0.000100680600861826
BG.GSR.NFSV.GD.ZS_rank	8.37260038385649e-08	0.00102953048677403	0.000946397648101164
NV.IND.MANF.ZS_delta1	8.30179921662492e-08	0.000115585754355442	0.000241633442068382
SP.POP.1014.FE.5Y_delta1	8.10422036847752e-08	6.43699790248828e-05	0.000181225081551287
BM.GSR.TRAN.ZS_rank	7.70438250177405e-08	1.04299603256763e-05	2.01361201723652e-05
NY.ADJ.DKAP.GN.ZS_lag1	7.68830016537298e-08	0.00175947203852174	0.00112762272965245
NE.CON.PRVT.KD.ZG_lag1	7.67675043419002e-08	0.000112394497837885	0.000281905682413113
EN.URB.MCTY.TL.ZS_min2	7.62384306612553e-08	0.000166023174437817	0.000281905682413113
NE.EXP.GNFS.ZS_rank	7.60478881570131e-08	1.61119536374253e-05	6.04083605170956e-05
BX.GSR.FCTY.CD_ratioavg2	7.59176492271245e-08	0.000176842312387586	0.000362450163102573
EN.GHG.CH4.BU.MT.CE.AR5_rank	7.35291139105399e-08	0.000162598411345804	0.000181225081551287
NY.GDP.PCAP.KD_lag1	7.26977595927775e-08	2.86434731332006e-05	8.05444806894607e-05
SE.SEC.ENRR_isNA_rank	7.25499004184155e-08	5.83766436138598e-05	8.05444806894607e-05
TX.VAL.MRCH.RS.ZS_delta1	7.18036546226193e-08	0.00157936063409177	0.00100680600861826
BX.GRT.TECH.CD.WD_avg2	7.1776985271459e-08	0.000146330786658742	0.000181225081551287
EN.GHG.CH4.AG.MT.CE.AR5	7.17225763540272e-08	0.000214125528775638	0.000221497321896017
SP.POP.1519.FE.5Y_rank	7.16980004553884e-08	0.000275148580233326	0.000563811364826225
NY.ADJ.AEDU.GN.ZS_rank	7.07683342365214e-08	3.87620913596029e-05	8.05444806894607e-05
NE.CON.PRVT.KD.ZG_tend2	7.06693233024566e-08	3.37027822464017e-05	8.05444806894607e-05
SP.POP.3539.MA.5Y_lag1	7.04287078428144e-08	7.55004590739254e-06	2.01361201723652e-05
AG.LND.CREL.HA_min2	6.98130406659165e-08	1.61119536374253e-05	4.02722403447304e-05
BM.GSR.CMCP.ZS_tend2	6.96226990230994e-08	0.000985709086301228	0.00122830333051428
SE.PRM.ENRR_rank	6.80150858383758e-08	9.92402941435617e-05	0.000140952841206556
DC.DAC.USAL.CD_avg2	6.72988997363624e-08	1.43217365666003e-05	4.02722403447304e-05
TM.VAL.MRCH.R2.ZS_lag1	6.66714779102205e-08	3.16790586011213e-05	0.000120816721034191
DT.ODA.ALLD.CD_min2	6.63519551517723e-08	6.61601960957078e-06	2.01361201723652e-05
EN.GHG.CO2.IP.MT.CE.AR5_delta1	6.555365525218e-08	7.78355248184798e-06	2.01361201723652e-05
FM.AST.DOMS.CN_tend2	6.55119098981737e-08	0.000286356895807187	0.000442994643792034
EN.GHG.CO2.PC.CE.AR5_avg2	6.53454983382062e-08	3.73610519128703e-05	4.02722403447304e-05
NY.ADJ.DNGY.CD_delta1	6.52460065879366e-08	3.81394071610551e-05	8.05444806894607e-05
DT.NFL.UNDP.CD	6.50032753309885e-08	8.99000311653441e-05	0.000181225081551287
DC.DAC.JPNL.CD_lag1	6.47598703746348e-08	3.95404466077877e-05	0.000100680600861826
NY.GDP.MKTP.KN_isNA_rank	6.45561033048957e-08	0.00328668287098513	0.00259755950223511
BM.GSR.FCTY.CD_lag1	6.44647966685361e-08	5.23833082028369e-05	0.000120816721034191
SM.POP.RHCR.EO_rank	6.43045697923563e-08	0.000238799390143096	0.000221497321896017
EN.GHG.CO2.RT.GDP.KD_avg2	6.40519098436565e-08	4.71683280399987e-05	0.000100680600861826
AG.LND.ARBL.ZS_ratioavg2	6.32022009525115e-08	5.93106699116816e-05	8.05444806894607e-05
EN.GHG.N2O.FE.MT.CE.AR5_tend2	6.25129493329229e-08	0.000113250688610888	0.000221497321896017
NY.ADJ.DMIN.GN.ZS_delta1	6.24364912498161e-08	2.58413942397353e-05	6.04083605170956e-05
DC.DAC.DEUL.CD_ratiomax2	6.22198315633346e-08	6.69385513438926e-06	2.01361201723652e-05
NY.GDP.FCST.CD_isNA_rank	6.22169682207966e-08	2.05485785520787e-05	4.02722403447304e-05
NE.IMP.GNFS.KD_isNA_rank	6.21130150731874e-08	0.00106338894007007	0.000825580927066973
BM.GSR.CMCP.ZS_min2	6.14467332550482e-08	0.000698106822096945	0.000442994643792034
EG.ELC.NGAS.ZS_rank	6.13040999400768e-08	5.4017854224025e-05	0.000140952841206556
NE.GDI.FTOT.CD_rank	6.1061391116184e-08	5.83766436138598e-06	2.01361201723652e-05
IS.AIR.PSGR_tend2	6.08486391401671e-08	0.000254755672730884	0.000221497321896017
EN.GHG.CO2.BU.MT.CE.AR5_rank	6.08376819147502e-08	2.84099665587451e-05	4.02722403447304e-05
NE.CON.GOVT.ZS_isNA_rank	5.98919205521823e-08	6.67828802942556e-05	0.000181225081551287
BX.GSR.GNFS.CD	5.96849562852734e-08	3.82172426858736e-05	8.05444806894607e-05
BM.KLT.DINV.CD.WD_rank	5.86526501164512e-08	5.16827884794706e-05	0.000100680600861826
EN.GHG.CH4.WA.MT.CE.AR5_delta1	5.85023292762171e-08	1.37768878928709e-05	4.02722403447304e-05
BX.GSR.TRAN.ZS_isNA_rank	5.79171096426331e-08	0.000506086582369756	0.000583947484998591
DC.DAC.TOTL.CD_rank	5.77059289698311e-08	2.28836442966331e-05	2.01361201723652e-05
EG.ELC.HYRO.ZS_tend2	5.76944061749023e-08	0.000463043537145136	0.000845717047239338
NE.GDI.TOTL.ZS_isNA_rank	5.73133987255548e-08	0.000630156408930412	0.000865853167411703
EN.GHG.CO2.RT.GDP.KD_max2	5.71903775881463e-08	9.27799455836279e-05	0.000221497321896017
MS.MIL.MPRT.KD_min2	5.71407079705211e-08	0.000198947601436034	0.000322177922757843
NY.GDP.MKTP.CD_isNA_rank	5.6880750473373e-08	0.000209688903860985	0.000422858523619669
EN.URB.LCTY.UR.ZS_tend2	5.68425063012569e-08	0.000545471357927906	0.000624219725343321
EN.GHG.N2O.IP.MT.CE.AR5_max2	5.68341139638565e-08	5.29281568765662e-06	2.01361201723652e-05
NE.CON.GOVT.CD	5.67757264461231e-08	2.37398350696363e-05	8.05444806894607e-05
BM.GSR.CMCP.ZS_rank	5.60843711770441e-08	6.46034855993382e-06	2.01361201723652e-05
NY.GDS.TOTL.CD_isNA_rank	5.56378510879087e-08	0.0028628684383485	0.00183238693568523
EN.GHG.CH4.WA.MT.CE.AR5_ratioavg2	5.54438687501117e-08	1.51779273396036e-05	4.02722403447304e-05
TM.VAL.MRCH.OR.ZS	5.51282037008522e-08	0.00103887074975225	0.000664491965688051
TX.VAL.MRCH.WR.ZS	5.48268382990665e-08	8.08711102864005e-05	0.000221497321896017
DT.ODA.ODAT.PC.ZS_lag1	5.47527078587173e-08	5.26168147772923e-05	0.000100680600861826
FirstYear_rank	5.44705387852453e-08	0.000622217185398927	0.00108735048930772
BX.GSR.TRVL.ZS_avg2	5.41770830409443e-08	1.14418221483165e-05	4.02722403447304e-05
NE.DAB.TOTL.CD_rank	5.40399611864207e-08	6.77169065920774e-05	0.000100680600861826
AG.LND.AGRI.ZS_tend2	5.39577979847769e-08	0.000294996639062038	0.000583947484998591
NY.ADJ.DMIN.GN.ZS_rank	5.39315505209892e-08	2.66197494879201e-05	4.02722403447304e-05
NE.CON.TOTL.KD.ZG_avg2	5.36099844555995e-08	7.61231432724732e-05	0.000161088961378922
BM.KLT.DINV.WD.GD.ZS_tend2	5.3482706394772e-08	0.000771972735149682	0.000926261527928799
NE.RSB.GNFS.CD_rank	5.33120389503329e-08	3.56486703668637e-05	8.05444806894607e-05
TX.VAL.AGRI.ZS.UN	5.29752932547657e-08	0.000168124733607916	0.000442994643792034
NE.CON.PRVT.PC.KD_delta1	5.27863404832043e-08	7.46442683009221e-05	6.04083605170956e-05
SP.DYN.AMRT.FE_rank	5.2588757513062e-08	0.000234440600753261	0.00050340300430913
BX.PEF.TOTL.CD.WD_delta1	5.2373627065842e-08	7.36324064782819e-05	6.04083605170956e-05
DT.ODA.ALLD.CD_isNA_rank	5.18165240085356e-08	0.000105311465079403	0.000261769562240748
NY.ADJ.DNGY.GN.ZS_delta1	5.12784585898179e-08	8.03262616126711e-05	0.000161088961378922
SE.PRM.ENRL_lag1	5.10703772278466e-08	8.18829721090407e-05	0.000201361201723652
EN.GHG.N2O.AG.MT.CE.AR5_delta1	5.10394494528513e-08	0.00125034987068406	0.000785308686722242
EN.GHG.N2O.FE.MT.CE.AR5	5.0466858430329e-08	0.000121734760816102	0.000221497321896017
BX.GSR.TRAN.ZS_min2	5.0365603162291e-08	2.63084073886462e-05	8.05444806894607e-05
SE.SEC.AGES_rank	5.0156866423349e-08	0.000350337697207977	0.000805444806894608
FP.CPI.TOTL.ZG_max2	4.96102863963173e-08	0.000194977989670292	0.000342314042930208
ER.H2O.INTR.PC_ratiomax2	4.94426588883753e-08	5.52632226211206e-06	2.01361201723652e-05
TX.VAL.MMTL.ZS.UN_isNA_rank	4.87694200618475e-08	9.30134521580833e-05	0.000181225081551287
SH.MMR.DTHS_rank	4.86809567143541e-08	0.000117298135901449	0.000181225081551287
IS.AIR.PSGR_ratioavg2	4.85515299288004e-08	0.000486549865640317	0.000684628085860416
NE.EXP.GNFS.CN_isNA_rank	4.71599666275193e-08	8.63974325485126e-06	2.01361201723652e-05
FM.AST.NFRG.CN_avg2	4.7155981404727e-08	2.55300521404614e-05	8.05444806894607e-05
DT.ODA.ALLD.KD_avg2	4.70745160741058e-08	1.5411433914059e-05	6.04083605170956e-05
AG.LND.ARBL.HA.PC_max2	4.69876924186551e-08	6.99741368118133e-05	0.000120816721034191
TX.VAL.SERV.CD.WT	4.66851041177137e-08	1.330987474396e-05	4.02722403447304e-05
EN.GHG.CO2.TR.MT.CE.AR5_delta1	4.64940017309662e-08	0.000212646653804087	0.000181225081551287
EG.ELC.FOSL.ZS_avg2	4.56119518465714e-08	1.65011312615177e-05	4.02722403447304e-05
EN.GHG.CO2.FE.MT.CE.AR5_lag1	4.52978637959261e-08	2.38176705944548e-05	6.04083605170956e-05
TM.VAL.MRCH.R6.ZS_delta1	4.50437107709977e-08	0.000435645432409031	0.000362450163102573
NV.SRV.TOTL.CD_rank	4.48909181129714e-08	1.60341181126068e-05	2.01361201723652e-05
EN.GHG.N2O.FE.MT.CE.AR5_lag1	4.48045196412295e-08	0.000105233629554585	0.000261769562240748
IS.AIR.GOOD.MT.K1_isNA_rank	4.479204374566e-08	0.000224166311477222	0.000322177922757843
NE.IMP.GNFS.CN_isNA_rank	4.44193267849681e-08	8.81098140945191e-05	0.000140952841206556
AG.PRD.FOOD.XD_rank	4.43674515263108e-08	0.000483747786746852	0.000805444806894608
SP.POP.1564.FE.ZS_delta1	4.3829443176022e-08	0.000121890431865739	0.000261769562240748
PA.NUS.FCRF_lag1	4.33805623464827e-08	0.000277639317027517	0.000281905682413113
NE.IMP.GNFS.KD_lag1	4.33623296880666e-08	0.000628677533958861	0.000422858523619669
MS.MIL.XPND.CD	4.29305159838592e-08	0.000102742892760393	0.000100680600861826
MS.MIL.XPND.CD_rank	4.21895235299704e-08	0.000268143382999663	0.000342314042930208
TX.VAL.MRCH.R2.ZS_rank	4.16668084816653e-08	4.95033937845531e-05	0.000140952841206556
EN.URB.MCTY.TL.ZS_max2	4.15332295016796e-08	8.60860904492386e-05	0.000221497321896017
NY.ADJ.DMIN.GN.ZS_isNA_rank	4.11953454659988e-08	0.000127572425177488	0.000342314042930208
BM.GSR.TRVL.ZS_min2	4.11390150910307e-08	5.36286765999326e-05	0.000120816721034191
DT.ODA.ODAT.PC.ZS_tend2	4.0893285367142e-08	4.45997557209889e-05	0.000100680600861826
SP.POP.0014.TO_lag1	4.06617886853863e-08	3.50259861683159e-05	4.02722403447304e-05
SE.PRM.ENRL.FE.ZS_rank	4.05322426414848e-08	2.34284929703624e-05	4.02722403447304e-05
BX.TRF.PWKR.CD.DT	4.00721629151846e-08	0.000149288536601844	0.000221497321896017
AG.CON.FERT.ZS_delta1	3.98358675477674e-08	0.000121890431865739	0.000181225081551287
BM.GSR.TRVL.ZS	3.90940185091873e-08	3.6660532189504e-05	0.000100680600861826
EG.USE.PCAP.KG.OE_ratiomax2	3.89903598978886e-08	0.000125704372581845	0.000100680600861826
AG.LND.AGRI.ZS_ratiomax2	3.89209298066392e-08	3.38584532960387e-05	2.01361201723652e-05
TM.VAL.MRCH.CD.WT_lag1	3.88910640364741e-08	0.00156457188437626	0.000946397648101164
BG.GSR.NFSV.GD.ZS_delta1	3.86305030052559e-08	6.79504131665328e-05	0.000120816721034191
NE.CON.TOTL.KD.ZG_isNA_rank	3.85777929241431e-08	1.56449404885144e-05	4.02722403447304e-05
TX.VAL.MRCH.RS.ZS	3.73558229869063e-08	0.000349792848534248	0.000382586283274939
NY.ADJ.DFOR.GN.ZS	3.65935079292999e-08	5.83766436138598e-06	2.01361201723652e-05
FS.AST.PRVT.GD.ZS_max2	3.64820777347376e-08	0.000163765944218081	0.000201361201723652
TX.VAL.TRVL.ZS.WT_isNA_rank	3.62618795502374e-08	9.80727612712845e-05	0.000181225081551287
NE.EXP.GNFS.KD_lag1	3.58621310532519e-08	0.00065996741493589	0.000463130763964399
TX.VAL.MRCH.RS.ZS_lag1	3.58241533630243e-08	3.57265058916822e-05	0.000100680600861826
BX.GSR.TRVL.ZS	3.47166696112179e-08	0.000137691043403891	0.000322177922757843
FP.CPI.TOTL_isNA_rank	3.45557562287351e-08	0.0012429554958263	0.00136925617172083
BM.KLT.DINV.WD.GD.ZS_isNA_rank	3.39855199660997e-08	0.00192650707478219	0.0017921146953405
SE.PRM.ENRL.FE.ZS_lag1	3.38521928221636e-08	0.000418910794573058	0.000463130763964399
SE.SEC.DURS_rank	3.34510558767391e-08	0.000175052095316761	0.000302041802585478
AG.YLD.CREL.KG_delta1	3.3275165328833e-08	0.000679893309289421	0.000563811364826225
EN.GHG.CH4.FE.MT.CE.AR5_delta1	3.29413380767984e-08	6.95849591877209e-05	0.000120816721034191
NE.CON.PRVT.KD.ZG_ratiomax2	3.28315312190807e-08	2.24944666725407e-05	6.04083605170956e-05
BX.GSR.TRVL.ZS_lag1	3.26794954594487e-08	9.37918074062681e-05	0.000261769562240748
EN.GHG.N2O.BU.MT.CE.AR5	3.20388034791234e-08	8.34396826054103e-05	0.000120816721034191
EN.GHG.CO2.PI.MT.CE.AR5_min2	3.1925683688449e-08	1.94588812046199e-05	4.02722403447304e-05
TX.VAL.MRCH.OR.ZS_rank	3.18465003619563e-08	0.000361935190405931	0.00050340300430913
EN.GHG.CO2.PC.CE.AR5_max2	3.17587190709715e-08	1.54892694388775e-05	4.02722403447304e-05
FM.LBL.BMNY.GD.ZS_isNA_rank	3.17334567492773e-08	1.42439010417818e-05	4.02722403447304e-05
EN.GHG.CO2.TR.MT.CE.AR5_ratioavg2	3.15964108912303e-08	0.000222064752307123	0.000463130763964399
TX.VAL.MRCH.HI.ZS_delta1	3.07871134482571e-08	0.0013558170068131	0.00128871169103137
NE.GDI.TOTL.ZS	3.04299320386211e-08	4.58451241180846e-05	0.000140952841206556
EG.USE.PCAP.KG.OE_avg2	3.02018220639656e-08	1.69681444104286e-05	4.02722403447304e-05
TM.VAL.TRAN.ZS.WT_isNA_rank	3.00783341515571e-08	0.000125237359432934	0.000302041802585478
EN.GHG.CO2.BU.MT.CE.AR5_lag1	2.98386900842833e-08	0.000106946011100591	0.000100680600861826
EN.GHG.CO2.PI.MT.CE.AR5_tend2	2.96262955105158e-08	5.00482424582825e-05	0.000120816721034191
SE.PRM.ENRR.MA_rank	2.93933405146465e-08	8.44515444280506e-05	0.000161088961378922
EN.URB.LCTY_delta1	2.93667516695209e-08	1.23758484461383e-05	2.01361201723652e-05
BX.KLT.DINV.WD.GD.ZS_ratioavg2	2.92052313282715e-08	0.00209603284783684	0.00219483709878781
BX.KLT.DINV.CD.WD_rank	2.91690463602377e-08	3.05115257288441e-05	8.05444806894607e-05
EN.GHG.CO2.BU.MT.CE.AR5_min2	2.90971751189205e-08	0.000408247327672926	0.000322177922757843
AG.LND.ARBL.HA.PC_lag1	2.87538895976857e-08	2.68532560623755e-05	4.02722403447304e-05
NY.ADJ.DMIN.CD_delta1	2.87537240324564e-08	3.50259861683159e-05	6.04083605170956e-05
NY.GDP.MKTP.CN_isNA_rank	2.87009925841254e-08	0.000885690436909481	0.000885989287584068
AG.PRD.CROP.XD_tend2	2.84256673603321e-08	0.00250856112937478	0.00203374813740888
NY.GNP.MKTP.CN_delta1	2.80354041580592e-08	5.60415778693054e-06	2.01361201723652e-05
AG.LND.AGRI.ZS_delta1	2.77271071532414e-08	2.68532560623755e-05	6.04083605170956e-05
SE.SEC.ENRL.GC.FE.ZS_rank	2.76017493915395e-08	0.00170529851324807	0.00130884781120374
EN.GHG.N2O.IC.MT.CE.AR5_ratioavg2	2.74743753761103e-08	7.72906761447504e-05	0.000181225081551287
SP.POP.65UP.FE.ZS_delta1	2.7302980050118e-08	0.00082941535246572	0.00054367524465386
DC.DAC.TOTL.CD_avg2	2.71863858882684e-08	2.82542955091082e-05	2.01361201723652e-05
NE.CON.GOVT.CD_isNA_rank	2.71198264062452e-08	0.00108907466326017	0.00104707824896299
EN.GHG.CO2.MT.CE.AR5_tend2	2.69920781694741e-08	5.44848673729358e-06	2.01361201723652e-05
TM.VAL.TRVL.ZS.WT_isNA_rank	2.69017520310309e-08	5.580807129485e-05	0.000120816721034191
EN.GHG.N2O.IP.MT.CE.AR5_tend2	2.67627560733537e-08	5.27724858269293e-05	0.000161088961378922
MS.MIL.MPRT.KD_ratiomax2	2.67618313368035e-08	0.000139948273623627	0.000100680600861826
EN.GHG.N2O.IP.MT.CE.AR5_ratiomax2	2.67557987387643e-08	0.000913477719269679	0.00104707824896299
SE.PRM.ENRL_isNA_rank	2.65908225492377e-08	0.000100018649391747	0.000140952841206556
TM.VAL.MRCH.AL.ZS_lag1	2.63141149415038e-08	0.000101419688838479	0.000140952841206556
IS.AIR.GOOD.MT.K1_rank	2.63056877462753e-08	0.000101186182264024	0.000120816721034191
FM.LBL.BMNY.GD.ZS_avg2	2.61321266920513e-08	0.000184937206968708	0.000140952841206556
NY.GDP.DEFL.KD.ZG_rank	2.60872708201212e-08	3.68162032391409e-05	0.000100680600861826
NY.GDS.TOTL.ZS_delta1	2.59589954511184e-08	0.000719822933521301	0.000724900326205147
BX.GSR.TRAN.ZS_lag1	2.58964824290557e-08	6.07117093584142e-06	2.01361201723652e-05
BM.GSR.CMCP.ZS_isNA_rank	2.58123128978865e-08	2.52187100411874e-05	6.04083605170956e-05
ER.FSH.CAPT.MT_ratioavg2	2.57230615941397e-08	0.000388321433319396	0.000644355845515686
AG.YLD.CREL.KG_avg2	2.57049424563881e-08	0.000177698503160589	0.000140952841206556
EN.GHG.CH4.IC.MT.CE.AR5_delta1	2.50713861880552e-08	0.000214748212974186	0.000221497321896017
SP.POP.TOTL.FE.ZS_lag1	2.48855513821082e-08	3.72053808632333e-05	6.04083605170956e-05
EN.GHG.CH4.PI.MT.CE.AR5_ratioavg2	2.48186908224041e-08	0.0014775517676292	0.00116789496999718
SE.SEC.ENRL_rank	2.47047606818172e-08	0.000444051669089427	0.000342314042930208
FS.AST.CGOV.GD.ZS_ratiomax2	2.46842807036198e-08	1.23758484461383e-05	2.01361201723652e-05
IS.AIR.PSGR_lag1	2.46622305395158e-08	2.14826048499004e-05	4.02722403447304e-05
EN.GHG.CH4.TR.MT.CE.AR5_ratioavg2	2.46333534868943e-08	0.000315233875514843	0.000523539124481495
BM.GSR.TRAN.ZS_ratioavg2	2.46261439210931e-08	0.000152168451020128	0.000302041802585478
EN.GHG.CO2.MT.CE.AR5_ratioavg2	2.44636298774302e-08	0.000276627455204877	0.000644355845515686
DT.ODA.ODAT.KD_ratioavg2	2.44003071402601e-08	2.53743810908244e-05	6.04083605170956e-05
FM.AST.PRVT.GD.ZS_tend2	2.42486645428289e-08	6.59266895212524e-05	0.000120816721034191
BX.PEF.TOTL.CD.WD_isNA_rank	2.40768684463545e-08	0.00043829184025286	0.000966533768273529
IS.AIR.DPRT_min2	2.39714620938862e-08	8.79541430448822e-06	2.01361201723652e-05
BM.GSR.FCTY.CD_avg2	2.39598226873547e-08	2.37398350696363e-05	6.04083605170956e-05
NY.GDP.MKTP.KD.ZG_isNA_rank	2.39521118322082e-08	0.000571701929791734	0.000805444806894608
SP.POP.3034.FE.5Y_lag1	2.393140382309e-08	6.08673804080512e-05	0.000120816721034191
NY.GDP.PCAP.KN	2.37185461413712e-08	4.76353411889096e-05	0.000140952841206556
EN.GHG.CO2.PC.CE.AR5_tend2	2.32729287953046e-08	0.00015613806278587	0.000201361201723652
TX.VAL.MRCH.AL.ZS_lag1	2.32375035949797e-08	0.000196456864641843	0.000463130763964399
TM.VAL.MRCH.R3.ZS	2.31275305936312e-08	8.77206364704267e-05	0.000221497321896017
NV.AGR.TOTL.CN_delta1	2.310549633014e-08	5.65085910182163e-05	0.000100680600861826
EN.GHG.CH4.TR.MT.CE.AR5_delta1	2.27741496311634e-08	2.57635587149168e-05	4.02722403447304e-05
SP.POP.4044.FE.5Y_delta1	2.26477194260805e-08	0.000270400613219399	0.000442994643792034
BX.GSR.NFSV.CD_rank	2.25735050655671e-08	1.77464996586134e-05	6.04083605170956e-05
NY.GDP.MKTP.CN_lag1	2.24960738933946e-08	1.03521248008578e-05	2.01361201723652e-05
EN.GHG.CO2.RT.GDP.KD_lag1	2.22510410808045e-08	6.93514526132655e-05	0.000221497321896017
BM.GSR.TOTL.CD_tend2	2.22382565750165e-08	0.000128817793574584	0.000120816721034191
BX.KLT.DINV.CD.WD_delta1	2.21189206751664e-08	5.54967291955761e-05	4.02722403447304e-05
BX.GRT.TECH.CD.WD_max2	2.21011617815507e-08	0.000220819383910027	0.000281905682413113
ER.FSH.PROD.MT	2.20635182806552e-08	8.79541430448822e-06	2.01361201723652e-05
EN.GHG.CO2.PI.MT.CE.AR5	2.19986821758076e-08	8.79541430448822e-06	2.01361201723652e-05
NE.CON.PRVT.PC.KD_lag1	2.18027899123715e-08	1.39325589425079e-05	4.02722403447304e-05
AG.LND.ARBL.HA_tend2	2.14377871849164e-08	0.00040497823563055	0.000483266884136765
EN.GHG.CO2.PI.MT.CE.AR5_ratioavg2	2.14350520030552e-08	0.000116831122752538	0.000241633442068382
SP.POP.6569.FE.5Y_lag1	2.121036838553e-08	1.28428615950492e-05	2.01361201723652e-05
BX.GSR.MRCH.CD_lag1	2.0909325794768e-08	0.00125276277195343	0.000745036446377512
NY.ADJ.DRES.GN.ZS_rank	2.07432294186791e-08	1.81356772827058e-05	2.01361201723652e-05
SP.DYN.IMRT.IN_delta1	2.07142666381326e-08	3.72832163880518e-05	6.04083605170956e-05
BM.KLT.DINV.WD.GD.ZS_ratiomax2	2.0655783399573e-08	0.000169058759905738	0.000241633442068382
NY.GNP.ATLS.CD	2.05868229723835e-08	5.29281568765662e-06	2.01361201723652e-05
EN.GHG.N2O.TR.MT.CE.AR5	2.05383758637237e-08	4.56116175436292e-05	4.02722403447304e-05
ER.FSH.PROD.MT_lag1	2.05313178052529e-08	8.4840722052143e-06	2.01361201723652e-05
year_cycle_rank	2.04675052030234e-08	0.000176686641337949	0.000322177922757843
NE.GDI.TOTL.CD	2.04037991098202e-08	9.59712021011856e-05	0.000181225081551287
DC.DAC.GBRL.CD	2.01166262347566e-08	3.51816572179529e-05	0.000100680600861826
SP.DYN.TO65.FE.ZS_rank	2.00080979695621e-08	4.71683280399987e-05	0.000120816721034191
NY.ADJ.AEDU.GN.ZS	1.98676876585989e-08	0.000496901990441175	0.000583947484998591
TX.VAL.MRCH.R5.ZS	1.97979675814544e-08	0.000111071293915971	0.000342314042930208
BM.GSR.TRVL.ZS_max2	1.95167506732379e-08	4.58451241180846e-05	0.000100680600861826
NV.SRV.TOTL.CD	1.9353591603603e-08	2.66197494879201e-05	4.02722403447304e-05
BX.GSR.MRCH.CD_max2	1.9134171551786e-08	4.0396637380791e-05	6.04083605170956e-05
NE.IMP.GNFS.KD.ZG_rank	1.91261534849325e-08	1.06634669001317e-05	4.02722403447304e-05
FM.AST.PRVT.GD.ZS_delta1	1.90538889645098e-08	3.82172426858736e-05	4.02722403447304e-05
ER.FSH.AQUA.MT_delta1	1.82990883167869e-08	5.3706512124751e-06	2.01361201723652e-05
NY.GDP.PCAP.KD.ZG	1.79855771065606e-08	0.000623540389320842	0.000825580927066973
AG.LND.CREL.HA_avg2	1.75780912343758e-08	1.87583614812536e-05	4.02722403447304e-05
EN.GHG.CH4.IC.MT.CE.AR5_ratioavg2	1.73816690175193e-08	0.000176219628189038	0.000342314042930208
NE.CON.PRVT.KD_avg2	1.73238597316689e-08	6.38251303511534e-06	2.01361201723652e-05
SP.POP.1519.MA.5Y_rank	1.7187606712536e-08	1.71238154600656e-05	4.02722403447304e-05
EN.GHG.CO2.PI.MT.CE.AR5_delta1	1.70302972267596e-08	1.80578417578873e-05	4.02722403447304e-05
NE.CON.PRVT.PC.KD_rank	1.69679589430908e-08	1.56449404885144e-05	4.02722403447304e-05
AG.YLD.CREL.KG_ratioavg2	1.69185343356705e-08	0.000233428738930621	0.00050340300430913
NE.CON.PRVT.KD.ZG	1.66606440380809e-08	4.83358609122759e-05	0.000100680600861826
BM.GSR.TRAN.ZS_delta1	1.65535379721138e-08	3.89177624092399e-05	6.04083605170956e-05
EN.GHG.N2O.IP.MT.CE.AR5_ratioavg2	1.64955239899218e-08	0.00380701335439666	0.00394667955378358
DC.DAC.FRAL.CD_lag1	1.63838243353714e-08	0.000155593214112141	0.000322177922757843
NY.ADJ.DKAP.CD_rank	1.62891253884055e-08	5.68199331174902e-06	2.01361201723652e-05
BX.GRT.TECH.CD.WD_min2	1.61443501084431e-08	0.000108891899221053	0.000201361201723652
DT.ODA.ODAT.PC.ZS_delta1	1.59675784922196e-08	1.08969734745872e-05	2.01361201723652e-05
TX.VAL.MRCH.R5.ZS_lag1	1.58880210621442e-08	1.72794865097025e-05	6.04083605170956e-05
SP.RUR.TOTL.ZS_lag1	1.57607621655835e-08	0.000422102051090616	0.000724900326205147
EN.GHG.N2O.TR.MT.CE.AR5_avg2	1.53751085352553e-08	6.30467751029686e-05	0.000100680600861826
BM.GSR.TRAN.ZS_isNA_rank	1.53320113374495e-08	5.49518805218467e-05	0.000120816721034191
EN.GHG.CO2.TR.MT.CE.AR5_lag1	1.53043618928673e-08	0.000192098075252008	0.000221497321896017
NE.GDI.TOTL.CD_rank	1.52709939831665e-08	7.94700708396678e-05	0.000100680600861826
NY.GDP.PCAP.CN_delta1	1.52517496776862e-08	0.000686042315750081	0.000463130763964399
NE.CON.GOVT.ZS_rank	1.51385817108408e-08	7.26205446556416e-05	0.000221497321896017
TX.VAL.SERV.CD.WT_rank	1.48312581750288e-08	3.47924795938605e-05	6.04083605170956e-05
MS.MIL.XPND.CD_tend2	1.47949542312488e-08	0.000743017919917208	0.000604083605170956
EN.GHG.N2O.MT.CE.AR5_tend2	1.47889406838733e-08	0.000157539102232603	0.000261769562240748
TM.VAL.TRVL.ZS.WT	1.45043253739937e-08	2.35841640199994e-05	6.04083605170956e-05
SE.SEC.ENRL.GC_lag1	1.43603286821884e-08	2.22609600980852e-05	8.05444806894607e-05
BX.GRT.EXTA.CD.WD_max2	1.4325869724108e-08	6.72498934431665e-05	6.04083605170956e-05
NY.GDS.TOTL.ZS_isNA_rank	1.42885287977344e-08	4.10971571041573e-05	0.000100680600861826
SP.POP.0509.FE.5Y_rank	1.40859596355539e-08	2.29614798214515e-05	2.01361201723652e-05
DC.DAC.GBRL.CD_avg2	1.40489160703867e-08	9.41031495055421e-05	0.000181225081551287
EG.ELC.FOSL.ZS_lag1	1.39972160360083e-08	7.40215841023743e-05	0.000100680600861826
NV.IND.MANF.KD_isNA_rank	1.38808141972552e-08	0.00028417750111227	0.00054367524465386
NE.CON.PRVT.CD_ratioavg2	1.36610460018658e-08	0.000343254664449496	0.000684628085860416
FI.RES.XGLD.CD_delta1	1.34362033142313e-08	7.00519723366318e-06	2.01361201723652e-05
TX.VAL.TRVL.ZS.WT_lag1	1.33331283857543e-08	0.000101419688838479	0.000261769562240748
SP.POP.2529.MA.5Y_rank	1.32955269177995e-08	0.00129253672513568	0.000986669888445894
AG.LND.CROP.ZS_avg2	1.31633930963742e-08	5.68199331174902e-06	2.01361201723652e-05
NY.GDS.TOTL.CD_lag1	1.31612730905007e-08	9.96294717676541e-06	2.01361201723652e-05
BM.GSR.TOTL.CD_lag1	1.30713917243061e-08	0.000417743261700781	0.000281905682413113
SP.POP.0014.MA.IN_rank	1.2968027158229e-08	1.93810456798015e-05	4.02722403447304e-05
NE.CON.GOVT.CD_max2	1.2544817685551e-08	2.59970652893722e-05	6.04083605170956e-05
BX.GSR.CMCP.ZS_tend2	1.24925371500532e-08	6.50704987482491e-05	0.000140952841206556
DC.DAC.JPNL.CD_max2	1.23962550992165e-08	1.14418221483165e-05	2.01361201723652e-05
BX.GSR.TRVL.ZS_delta1	1.23763467800392e-08	9.41809850303605e-06	2.01361201723652e-05
NE.GDI.FTOT.ZS_rank	1.23694064682522e-08	5.37843476495695e-05	8.05444806894607e-05
SP.POP.GROW_lag1	1.23582203026451e-08	5.65085910182163e-05	0.000100680600861826
SH.DTH.NMRT_lag1	1.22689302717878e-08	0.000121734760816102	0.000120816721034191
DT.NFL.UNDP.CD_min2	1.21527864582625e-08	3.54151637924083e-05	0.000100680600861826
IS.AIR.GOOD.MT.K1_avg2	1.20523710980323e-08	0.000313132316344744	0.000362450163102573
AG.LND.CREL.HA_lag1	1.1982817555468e-08	1.74351575593395e-05	4.02722403447304e-05
FI.RES.TOTL.CD_isNA_rank	1.18904321926852e-08	2.95774994310223e-05	6.04083605170956e-05
SE.SEC.ENRL_lag1	1.18462353059721e-08	2.42846837433657e-05	6.04083605170956e-05
NV.IND.TOTL.KD.ZG_rank	1.17220186676112e-08	9.33247942573573e-05	0.000201361201723652
SP.POP.3539.FE.5Y_rank	1.13892478606229e-08	1.1363986623498e-05	4.02722403447304e-05
BM.GSR.TRVL.ZS_rank	1.12285646881997e-08	4.15641702530682e-05	8.05444806894607e-05
NE.GDI.FTOT.ZS_lag1	1.12133536675427e-08	5.76761238904935e-05	8.05444806894607e-05
EN.GHG.CH4.BU.MT.CE.AR5_ratiomax2	1.10487604388604e-08	1.30763681695046e-05	2.01361201723652e-05
ER.H2O.INTR.PC_ratioavg2	1.0977929918321e-08	8.17273010594038e-06	2.01361201723652e-05
EN.GHG.N2O.FE.MT.CE.AR5_ratiomax2	1.08446138916583e-08	9.01335377397996e-05	0.000120816721034191
NY.ADJ.NNTY.PC.CD_rank	1.08016507424163e-08	7.55004590739254e-05	0.000100680600861826
BX.GSR.GNFS.CD_delta1	1.07215642500593e-08	4.81023543378205e-05	6.04083605170956e-05
NV.IND.MANF.KD_lag1	1.05764721316273e-08	6.75612355424404e-05	0.000181225081551287
BM.GSR.TRVL.ZS_avg2	1.05574140947561e-08	6.84952618402622e-06	2.01361201723652e-05
NY.GDP.DEFL.KD.ZG_delta1	1.05518160478492e-08	4.93477227349162e-05	0.000120816721034191
DC.DAC.CANL.CD_delta1	1.0531668079265e-08	1.20645063468644e-05	4.02722403447304e-05
EG.ELC.HYRO.ZS_min2	1.0495160009295e-08	7.43329262016482e-05	0.000201361201723652
EN.GHG.N2O.PI.MT.CE.AR5_ratioavg2	1.04663992652678e-08	2.38955061192733e-05	6.04083605170956e-05
FM.AST.PRVT.GD.ZS_ratioavg2	1.02955752333634e-08	5.75204528408566e-05	0.000140952841206556
NY.GDP.MKTP.KN	1.02677428795518e-08	0.000134110609262241	0.000281905682413113
NV.IND.TOTL.CD_delta1	1.025382776372e-08	3.67383677143225e-05	6.04083605170956e-05
NE.RSB.GNFS.CN_rank	1.01857316075522e-08	6.1490064606599e-05	0.000201361201723652
BM.GSR.FCTY.CD	1.01725915749631e-08	2.11712627506265e-05	6.04083605170956e-05
TM.VAL.FOOD.ZS.UN_rank	9.93152816196235e-09	2.42846837433657e-05	4.02722403447304e-05
NV.SRV.TOTL.CD_lag1	9.8615626094813e-09	2.01594009279863e-05	4.02722403447304e-05
AG.LND.AGRI.K2_tend2	9.79452265659845e-09	0.000578317949401305	0.000745036446377512
SP.POP.7579.MA.5Y_lag1	9.4174284564606e-09	1.21423418716828e-05	2.01361201723652e-05
EN.GHG.N2O.TR.MT.CE.AR5_lag1	9.24432939047287e-09	2.68532560623755e-05	0.000100680600861826
NV.IND.MANF.ZS_rank	8.95906312704186e-09	7.86138800666646e-06	2.01361201723652e-05
EG.USE.ELEC.KH.PC_ratiomax2	8.93610037361058e-09	5.73647817912196e-05	4.02722403447304e-05
EG.ELC.HYRO.ZS_lag1	8.59908270726415e-09	7.86917155914831e-05	0.000120816721034191
NY.ADJ.DRES.GN.ZS_delta1	8.49217799692567e-09	0.000301690494196428	0.00054367524465386
SP.POP.0014.MA.ZS_lag1	8.48508530110663e-09	1.05856313753132e-05	2.01361201723652e-05
BX.TRF.PWKR.CD.DT_lag1	8.29536830802215e-09	1.71238154600656e-05	4.02722403447304e-05
DC.DAC.USAL.CD_ratiomax2	8.25420616660754e-09	2.09377561761711e-05	6.04083605170956e-05
FS.AST.PRVT.GD.ZS_delta1	8.24660634096535e-09	8.14937944849483e-05	0.000120816721034191
DC.DAC.USAL.CD_ratioavg2	8.20025563548479e-09	1.98480588287123e-05	6.04083605170956e-05
TM.VAL.AGRI.ZS.UN_rank	8.16652057314077e-09	6.60045250460709e-05	0.000100680600861826
TM.VAL.MRCH.R3.ZS_rank	8.13388063212861e-09	6.40586369256089e-05	0.000140952841206556
BX.GSR.TRAN.ZS_ratioavg2	8.12690235516017e-09	0.000100952675689568	0.000302041802585478
NE.CON.TOTL.KD_min2	8.03728441148696e-09	6.5381840847523e-06	2.01361201723652e-05
BX.GSR.MRCH.CD	7.87141028062463e-09	2.64640784382831e-05	4.02722403447304e-05
BX.KLT.DINV.WD.GD.ZS_ratiomax2	7.79614680421671e-09	0.000689856256466186	0.00054367524465386
SP.POP.4549.FE.5Y_rank	7.75837867121e-09	1.66568023111547e-05	2.01361201723652e-05
IS.AIR.GOOD.MT.K1_min2	7.68596846547092e-09	0.000228992114015968	0.000281905682413113
BX.GRT.EXTA.CD.WD_lag1	7.64766105040533e-09	9.20015903354431e-05	0.000140952841206556
SP.POP.5054.FE.5Y_rank	7.64208490376863e-09	1.3465545793597e-05	2.01361201723652e-05
FS.AST.CGOV.GD.ZS_delta1	7.63895544832245e-09	2.24166311477222e-05	2.01361201723652e-05
TX.VAL.MRCH.R4.ZS_lag1	7.62938410388536e-09	0.000109825925518875	0.000241633442068382
IS.AIR.DPRT_tend2	7.62577598030806e-09	0.000690634611714371	0.000704764206032782
BX.GSR.FCTY.CD_rank	7.53426120080843e-09	1.21423418716828e-05	4.02722403447304e-05
NY.GDP.DEFL.KD.ZG_isNA_rank	7.32219714247884e-09	0.00169767063181586	0.00122830333051428
SP.POP.3034.FE.5Y	7.28942354948012e-09	5.23054726780184e-05	0.000100680600861826
IT.CEL.SETS_rank	7.2082302717874e-09	7.39437485775558e-06	2.01361201723652e-05
BM.GSR.MRCH.CD	7.14107680073323e-09	6.38251303511534e-06	2.01361201723652e-05
SP.POP.TOTL.FE.ZS_delta1	7.10198946416548e-09	0.000136834852630887	0.000140952841206556
SM.POP.NETM_rank	7.09671757847941e-09	8.56190773003278e-05	0.000181225081551287
FP.CPI.TOTL_tend2	6.98987128452779e-09	5.21498016283814e-06	2.01361201723652e-05
NY.ADJ.DFOR.CD_lag1	6.9418722303333e-09	0.000179488720231414	0.000261769562240748
SH.MMR.RISK.ZS_delta1	6.77732342686353e-09	0.000488651424810416	0.000644355845515686
BX.GSR.CMCP.ZS_isNA_rank	6.72418669840132e-09	0.000179410884706596	0.000302041802585478
BX.GSR.TOTL.CD	6.58894347402582e-09	4.95812293093716e-05	6.04083605170956e-05
NE.CON.TOTL.KD.ZG_ratiomax2	6.52171437513908e-09	8.17273010594038e-06	2.01361201723652e-05
NE.IMP.GNFS.CD_isNA_rank	6.45590011325112e-09	6.43699790248828e-05	8.05444806894607e-05
EN.GHG.CH4.AG.MT.CE.AR5_tend2	6.44555236886711e-09	7.22313670315492e-05	0.000120816721034191
NE.EXP.GNFS.CD_lag1	6.4166965102653e-09	0.000215760074796826	0.000161088961378922
TX.VAL.MRCH.R3.ZS_isNA_rank	6.35587551788649e-09	6.66272092446187e-05	0.000181225081551287
TM.VAL.FOOD.ZS.UN_lag1	6.2511825073501e-09	5.27724858269293e-05	0.000120816721034191
FP.CPI.TOTL.ZG_delta1	6.12515556291282e-09	8.8421156193793e-05	0.000100680600861826
NE.CON.PRVT.KD_isNA_rank	6.10942828358559e-09	3.12898809770289e-05	8.05444806894607e-05
BX.GRT.TECH.CD.WD_ratiomax2	6.09854676222633e-09	5.51853870963022e-05	8.05444806894607e-05
NE.CON.TOTL.KD_isNA_rank	6.09774237099068e-09	0.00121042024645218	0.00104707824896299
AG.LND.CREL.HA_delta1	6.00681624007468e-09	6.53040053227045e-05	0.000140952841206556
ER.FSH.CAPT.MT_delta1	5.9717030764397e-09	1.26871905454122e-05	2.01361201723652e-05
NE.CON.PRVT.KD.ZG_max2	5.9535790887988e-09	8.25056563075886e-06	2.01361201723652e-05
ER.FSH.CAPT.MT_lag1	5.95085215819444e-09	0.000643310612624735	0.000382586283274939
SP.DYN.CDRT.IN_lag1	5.94328758029289e-09	0.000618091902583548	0.000463130763964399
FI.RES.TOTL.MO_max2	5.68678633896751e-09	2.27279732469961e-05	6.04083605170956e-05
FD.AST.PRVT.GD.ZS_min2	5.65100172318195e-09	5.27724858269293e-05	8.05444806894607e-05
BM.GSR.TOTL.CD_ratioavg2	5.44439096050766e-09	0.000394781781879329	0.000745036446377512
SP.DYN.LE00.MA.IN_rank	5.38304231545419e-09	9.02892087894365e-06	2.01361201723652e-05
EG.ELC.NUCL.ZS_min2	5.31561426854273e-09	0.00138002385503165	0.000825580927066973
TX.VAL.MRCH.HI.ZS_rank	5.30861320425052e-09	5.71312752167642e-05	4.02722403447304e-05
TX.VAL.OTHR.ZS.WT_rank	5.29415216486587e-09	2.80986244594712e-05	8.05444806894607e-05
SH.DTH.IMRT_rank	5.18813604482992e-09	2.14826048499004e-05	2.01361201723652e-05
BX.GSR.TOTL.CD_lag1	5.14649827208994e-09	0.000119555366121185	8.05444806894607e-05
TX.VAL.MRCH.R6.ZS_rank	5.11656097434526e-09	1.12083155738611e-05	2.01361201723652e-05
BX.GSR.NFSV.CD_ratioavg2	5.10707632912493e-09	4.75575056640911e-05	0.000120816721034191
TM.VAL.FOOD.ZS.UN_delta1	5.04436887477607e-09	0.000130218833021317	0.000261769562240748
NV.IND.TOTL.CD	5.03004622206584e-09	0.00015925148377861	0.000120816721034191
EN.GHG.CO2.PC.CE.AR5_lag1	5.00485674460965e-09	2.00815654031678e-05	6.04083605170956e-05
NE.CON.PRVT.ZS_ratiomax2	4.99548971179071e-09	6.84952618402622e-06	2.01361201723652e-05
SP.POP.3034.FE.5Y_rank	4.90164363483132e-09	5.7598288365675e-05	0.000120816721034191
BX.PEF.TOTL.CD.WD_rank	4.85369486178284e-09	0.00126622831774703	0.000785308686722242
TM.VAL.OTHR.ZS.WT_rank	4.82984873304323e-09	2.96553349558408e-05	6.04083605170956e-05
NV.AGR.TOTL.CN_lag1	4.78900555807889e-09	6.41364724504273e-05	0.000120816721034191
NY.GNP.MKTP.CD_delta1	4.67525500873725e-09	0.000177231490011678	0.000281905682413113
NE.CON.TOTL.KD.ZG_delta1	4.48784149074281e-09	6.28132685285132e-05	0.000120816721034191
FI.RES.TOTL.CD_min2	4.44787706910727e-09	3.83729137355105e-05	4.02722403447304e-05
NY.GNP.MKTP.CN_rank	4.39261463395406e-09	8.68644456974234e-05	0.000120816721034191
NE.EXP.GNFS.CD	4.37176220542705e-09	1.66568023111547e-05	6.04083605170956e-05
BX.GSR.TRAN.ZS	4.31641891016809e-09	9.02892087894365e-06	2.01361201723652e-05
EN.GHG.N2O.WA.MT.CE.AR5_max2	4.20713750095642e-09	4.54559464939922e-05	4.02722403447304e-05
NY.ADJ.DKAP.CD_delta1	4.10757694439887e-09	2.66197494879201e-05	6.04083605170956e-05
NY.GNP.MKTP.CD_isNA_rank	4.06369771764754e-09	3.61156835157746e-05	0.000100680600861826
BX.GSR.GNFS.CD_lag1	4.05576413680467e-09	0.000323640112195239	0.000201361201723652
NV.IND.TOTL.CN_delta1	4.0408942547067e-09	0.000221130726009301	0.000161088961378922
ER.H2O.INTR.PC_max2	4.02625286303633e-09	0.000135433813184155	8.05444806894607e-05
EG.ELC.NGAS.ZS_tend2	3.99281008345777e-09	0.000182757812273791	0.000201361201723652
IS.AIR.DPRT_rank	3.99047387131252e-09	1.1363986623498e-05	2.01361201723652e-05
SH.STA.MMRT_lag1	3.63799573505356e-09	9.16124127113507e-05	0.000120816721034191
IS.AIR.DPRT	3.63662269304848e-09	3.23017427996691e-05	8.05444806894607e-05
TX.VAL.MRCH.WR.ZS_rank	3.61451831046156e-09	1.46330786658742e-05	4.02722403447304e-05
EN.GHG.N2O.AG.MT.CE.AR5_tend2	3.61163602818472e-09	0.000109670254469238	0.000302041802585478
BM.GSR.GNFS.CD_delta1	3.46608306805095e-09	3.11342099273919e-05	8.05444806894607e-05
IT.MLT.MAIN.P2_lag1	3.40725750541832e-09	8.87324982930669e-05	6.04083605170956e-05
AG.LND.AGRI.ZS_min2	3.39922397239504e-09	6.45256500745197e-05	0.000140952841206556
SE.ENR.PRIM.FM.ZS_rank	3.38091940497828e-09	4.04744729056095e-05	4.02722403447304e-05
NE.RSB.GNFS.CD_isNA_rank	3.36616477377251e-09	1.98480588287123e-05	6.04083605170956e-05
NE.GDI.FTOT.CD	3.34299326022452e-09	4.06301439552464e-05	4.02722403447304e-05
AG.LND.AGRI.ZS_lag1	3.33636783744302e-09	3.98517887070616e-05	4.02722403447304e-05
BM.GSR.INSF.ZS_min2	3.30306578361933e-09	4.93477227349162e-05	0.000100680600861826
NE.EXP.GNFS.KD.ZG_rank	3.29308620200775e-09	5.49518805218467e-05	0.000140952841206556
AG.PRD.CROP.XD_delta1	3.28609421480901e-09	0.000273047021063227	0.000201361201723652
NY.ADJ.DKAP.GN.ZS_rank	3.26650264602789e-09	3.12898809770289e-05	6.04083605170956e-05
SP.RUR.TOTL_lag1	3.22246148712601e-09	8.76428009456082e-05	0.000201361201723652
SP.POP.0014.MA.IN	3.07391772268763e-09	4.34322228487117e-05	4.02722403447304e-05
DT.ODA.ALLD.CD_avg2	3.06626960535204e-09	1.68124733607916e-05	2.01361201723652e-05
BX.GSR.FCTY.CD_min2	3.0444952604021e-09	6.07117093584142e-06	2.01361201723652e-05
EN.GHG.N2O.FE.MT.CE.AR5_min2	3.00908758313701e-09	2.14826048499004e-05	6.04083605170956e-05
BM.GSR.TRVL.ZS_lag1	2.96128611676579e-09	2.66197494879201e-05	8.05444806894607e-05
NY.GDP.PCAP.KD.ZG_rank	2.93255026217393e-09	0.000188128463486266	0.000261769562240748
BX.KLT.DINV.WD.GD.ZS_delta1	2.88684207158495e-09	7.93922353148494e-05	0.000140952841206556
NE.CON.TOTL.CD_ratioavg2	2.86506447087989e-09	5.31616634510217e-05	0.000161088961378922
NY.ADJ.DMIN.CD_lag1	2.80558653288254e-09	5.91549988620446e-06	2.01361201723652e-05
DC.DAC.USAL.CD_min2	2.77357527074066e-09	8.42180378535951e-05	0.000140952841206556
NV.IND.TOTL.CN_rank	2.75160989726645e-09	6.77169065920774e-06	2.01361201723652e-05
NY.ADJ.NNTY.CD_rank	2.70420155913052e-09	9.57376955267301e-06	2.01361201723652e-05
SP.POP.4549.MA.5Y_delta1	2.70074793655674e-09	6.1801406705873e-05	0.000201361201723652
NV.AGR.TOTL.KD	2.66228907941047e-09	2.13269338002635e-05	4.02722403447304e-05
SP.POP.4044.FE.5Y_lag1	2.61642346564594e-09	0.000107646530823958	0.000100680600861826
SP.DYN.IMRT.FE.IN_rank	2.60949165156346e-09	1.10526445242241e-05	2.01361201723652e-05
BX.GSR.TOTL.CD_tend2	2.59578718010026e-09	0.000109281076845146	0.000140952841206556
AG.LND.CREL.HA_max2	2.5435681359569e-09	5.82988080890414e-05	0.000100680600861826
NY.GDP.MKTP.KD_delta1	2.50213268567868e-09	1.67346378359732e-05	2.01361201723652e-05
BX.GSR.TRAN.ZS_rank	2.38641948096867e-09	6.13343935569621e-05	0.000201361201723652
NV.AGR.TOTL.ZS_lag1	2.29659241382645e-09	2.36619995448179e-05	4.02722403447304e-05
SP.POP.1564.FE.ZS	2.25583620303355e-09	3.12898809770289e-05	6.04083605170956e-05
AG.LND.ARBL.HA_delta1	2.24924056907481e-09	6.87287684147176e-05	6.04083605170956e-05
TM.VAL.MRCH.R5.ZS	2.20082992960651e-09	0.000820075089487503	0.000805444806894608
BM.GSR.CMCP.ZS_ratiomax2	2.17945849951009e-09	0.000262383554163095	0.000362450163102573
BG.GSR.NFSV.GD.ZS_lag1	2.17713722936439e-09	7.65123208965656e-05	0.000181225081551287
IS.AIR.PSGR_isNA_rank	2.11832066760025e-09	4.38992359976226e-05	6.04083605170956e-05
DC.DAC.TOTL.CD_ratiomax2	2.112868547323e-09	1.61119536374253e-05	2.01361201723652e-05
NE.CON.PRVT.PC.KD_ratioavg2	2.10471905594121e-09	1.65011312615177e-05	4.02722403447304e-05
BM.TRF.PWKR.CD.DT_ratiomax2	2.0934162427911e-09	0.00028106408011953	0.000181225081551287
DT.ODA.ODAT.PC.ZS_min2	2.07675281964147e-09	1.37768878928709e-05	2.01361201723652e-05
AG.PRD.LVSK.XD_avg2	2.02943102886474e-09	8.40623668039582e-06	2.01361201723652e-05
FM.LBL.BMNY.GD.ZS_lag1	2.00715782331867e-09	7.00519723366318e-06	2.01361201723652e-05
DT.NFL.UNDP.CD_delta1	1.99824657962972e-09	1.88361970060721e-05	4.02722403447304e-05
NY.GDP.MKTP.KN_rank	1.9826167180327e-09	6.58488539964339e-05	0.000100680600861826
TM.VAL.TRVL.ZS.WT_rank	1.90758205335814e-09	1.41660655169633e-05	4.02722403447304e-05
NY.GNP.ATLS.CD_lag1	1.89429420273267e-09	5.83766436138598e-06	2.01361201723652e-05
EN.GHG.CO2.PC.CE.AR5_min2	1.84036892933443e-09	5.52632226211206e-06	2.01361201723652e-05
ER.FSH.PROD.MT_max2	1.79333094514329e-09	1.89918680557091e-05	4.02722403447304e-05
SE.PRM.ENRL.FE.ZS_isNA_rank	1.74826990037966e-09	3.91512689836953e-05	8.05444806894607e-05
SG.LAW.INDX_rank	1.71498688032332e-09	2.80207889346527e-05	2.01361201723652e-05
EN.GHG.CO2.PC.CE.AR5_ratioavg2	1.70774225308285e-09	4.54559464939922e-05	0.000100680600861826
NE.TRD.GNFS.ZS_isNA_rank	1.67382063576763e-09	4.45219201961704e-05	0.000100680600861826
DT.ODA.ODAT.GN.ZS_delta1	1.63575453602501e-09	1.15974931979535e-05	4.02722403447304e-05
EN.GHG.CO2.RT.GDP.KD_rank	1.60862728809389e-09	2.22609600980852e-05	6.04083605170956e-05
NV.SRV.TOTL.KD.ZG_isNA_rank	1.56853390563207e-09	0.00049355506287398	0.000664491965688051
AG.LND.CROP.ZS_tend2	1.55106259271117e-09	1.02742892760393e-05	4.02722403447304e-05
EG.ELC.NGAS.ZS_max2	1.53656923975447e-09	4.29652096998008e-05	8.05444806894607e-05
FI.RES.XGLD.CD_ratiomax2	1.53454807252051e-09	2.27279732469961e-05	2.01361201723652e-05
BX.GRT.EXTA.CD.WD_delta1	1.5215162746838e-09	1.29206971198676e-05	4.02722403447304e-05
FI.RES.TOTL.MO_avg2	1.48658435512748e-09	6.38251303511534e-06	2.01361201723652e-05
IS.AIR.DPRT_isNA_rank	1.46286135559481e-09	0.000121501254241647	0.000161088961378922
NE.RSB.GNFS.CN	1.4525238744601e-09	1.66568023111547e-05	4.02722403447304e-05
BM.GSR.FCTY.CD_delta1	1.30789407132152e-09	0.000176375299238675	0.000140952841206556
DT.ODA.ALLD.KD_delta1	1.29426601231402e-09	1.01964537512209e-05	2.01361201723652e-05
EN.GHG.N2O.AG.MT.CE.AR5	1.27081033830689e-09	2.66197494879201e-05	6.04083605170956e-05
DC.DAC.CANL.CD	1.25074692772796e-09	4.95033937845531e-05	0.000140952841206556
EN.GHG.N2O.FE.MT.CE.AR5_delta1	1.18856732001033e-09	7.16086828330014e-06	2.01361201723652e-05
AG.CON.FERT.ZS_ratiomax2	1.17870981845369e-09	3.38584532960387e-05	2.01361201723652e-05
EN.GHG.N2O.IP.MT.CE.AR5_delta1	1.17193722219119e-09	0.000114573892532802	8.05444806894607e-05
TM.VAL.MRCH.R4.ZS_rank	1.16231955082687e-09	0.00169813764496477	0.00155048125327212
SP.POP.TOTL.FE.ZS_rank	1.1550531695479e-09	1.33877102687785e-05	2.01361201723652e-05
MS.MIL.MPRT.KD_rank	1.12905697183907e-09	0.000440471234947777	0.000563811364826225
IS.AIR.DPRT_avg2	1.12079386249984e-09	5.44848673729358e-06	2.01361201723652e-05
AG.PRD.CREL.MT_lag1	1.11151196154591e-09	7.3165393329371e-06	2.01361201723652e-05
AG.LND.TOTL.K2_min2	1.10473003769406e-09	0.00162520575820986	0.000966533768273529
BX.KLT.DINV.WD.GD.ZS_rank	1.10405573214179e-09	5.57302357700315e-05	8.05444806894607e-05
NE.CON.PRVT.CD_tend2	1.03522653081549e-09	9.88511165194693e-06	2.01361201723652e-05
NV.AGR.TOTL.KD.ZG	1.02896780939949e-09	0.000596920639832921	0.000906125407756434
AG.LND.ARBL.HA_min2	9.97445676429916e-10	1.08969734745872e-05	4.02722403447304e-05
NE.GDI.TOTL.CD_lag1	9.7938062927208e-10	2.43625192681842e-05	8.05444806894607e-05
EN.GHG.CO2.IC.MT.CE.AR5_ratiomax2	9.56170122097664e-10	0.000188361970060721	0.000221497321896017
NY.GDP.MINR.RT.ZS_rank	9.40611126443295e-10	1.81356772827058e-05	4.02722403447304e-05
BX.GSR.TOTL.CD_ratiomax2	9.27799965604256e-10	0.000372442986256426	0.000221497321896017
SP.POP.80UP.FE.5Y	9.21613456607916e-10	1.68124733607916e-05	4.02722403447304e-05
NY.GDP.FCST.KD_lag1	9.03275982110763e-10	7.23870380811862e-06	2.01361201723652e-05
EN.GHG.N2O.MT.CE.AR5_delta1	8.84756177427523e-10	2.55300521404614e-05	4.02722403447304e-05
ER.FSH.PROD.MT_ratiomax2	8.71048718082781e-10	2.86434731332006e-05	2.01361201723652e-05
EN.GHG.CO2.MT.CE.AR5_avg2	8.68389408921966e-10	8.87324982930669e-06	2.01361201723652e-05
BX.TRF.PWKR.CD.DT_avg2	8.67597856986509e-10	3.00445125799332e-05	8.05444806894607e-05
IS.AIR.PSGR	8.62251864018263e-10	2.21831245732667e-05	6.04083605170956e-05
DC.DAC.JPNL.CD_rank	8.57874208099446e-10	6.84952618402622e-06	2.01361201723652e-05
IS.AIR.GOOD.MT.K1_lag1	8.54353254763963e-10	2.60749008141907e-05	6.04083605170956e-05
BM.GSR.GNFS.CD_min2	7.81034156412378e-10	6.46034855993382e-06	2.01361201723652e-05
BX.GSR.CMCP.ZS_rank	7.44871347751014e-10	0.00010546713612904	0.000140952841206556
IS.AIR.DPRT_lag1	7.29344504431109e-10	1.50222562899666e-05	2.01361201723652e-05
DT.ODA.ODAT.CD_min2	6.76731040275771e-10	6.5381840847523e-06	2.01361201723652e-05
ER.FSH.AQUA.MT_lag1	6.59285175459807e-10	1.44774076162372e-05	2.01361201723652e-05
NE.CON.PRVT.KD_rank	6.43760945116904e-10	6.07117093584142e-06	2.01361201723652e-05
EN.GHG.N2O.IC.MT.CE.AR5_delta1	6.40710130957724e-10	4.91142161604607e-05	6.04083605170956e-05
TX.VAL.TRAN.ZS.WT_lag1	6.36598156268764e-10	4.14863347282497e-05	0.000100680600861826
BM.TRF.PWKR.CD.DT_rank	6.27840983040467e-10	2.13269338002635e-05	4.02722403447304e-05
EN.GHG.ALL.PC.CE.AR5_delta1	5.88086992942243e-10	6.77169065920774e-05	4.02722403447304e-05
BM.GSR.INSF.ZS_isNA_rank	5.81704934055126e-10	2.75537757857418e-05	6.04083605170956e-05
AG.PRD.FOOD.XD_ratiomax2	5.81484710963121e-10	2.79429534098342e-05	2.01361201723652e-05
BX.GSR.NFSV.CD_max2	5.60970819721519e-10	9.33247942573573e-05	0.000120816721034191
NV.IND.MANF.CD_rank	5.49126084018738e-10	1.59562825877884e-05	4.02722403447304e-05
TM.VAL.MRCH.RS.ZS_lag1	5.18286661493148e-10	3.53373282675898e-05	4.02722403447304e-05
EN.GHG.N2O.IP.MT.CE.AR5_lag1	5.11518754055161e-10	5.91549988620446e-06	2.01361201723652e-05
EN.GHG.CH4.IC.MT.CE.AR5	5.00239388582141e-10	8.63974325485126e-06	2.01361201723652e-05
TG.VAL.TOTL.GD.ZS_rank	4.81147860107292e-10	6.21127488051469e-05	4.02722403447304e-05
EN.GHG.N2O.AG.MT.CE.AR5_rank	4.77285229222751e-10	9.65160507749149e-06	2.01361201723652e-05
DC.DAC.TOTL.CD_tend2	4.74967774547768e-10	3.28465914733985e-05	6.04083605170956e-05
NY.GDP.MKTP.CN	4.66705888819633e-10	8.00149195133972e-05	0.000100680600861826
AG.LND.ARBL.ZS_delta1	4.48467264218013e-10	8.56190773003278e-05	0.000100680600861826
NV.IND.TOTL.ZS_delta1	4.46638270463045e-10	3.56486703668637e-05	0.000100680600861826
NY.GDP.FCST.KD_rank	4.40450177724599e-10	5.29281568765662e-06	2.01361201723652e-05
EN.GHG.CH4.IC.MT.CE.AR5_ratiomax2	4.17259201131465e-10	2.04707430272602e-05	2.01361201723652e-05
SP.POP.3034.MA.5Y	4.10809729333429e-10	1.83691838571612e-05	4.02722403447304e-05
BX.TRF.PWKR.CD.DT_delta1	4.06551598154973e-10	1.24536839709568e-05	4.02722403447304e-05
NE.EXP.GNFS.CD_delta1	3.93251882496995e-10	1.26871905454122e-05	4.02722403447304e-05
EN.POP.DNST_min2	3.92212713865407e-10	7.78355248184798e-06	2.01361201723652e-05
SP.POP.TOTL_delta1	3.85324240603718e-10	9.07562219383474e-05	0.000100680600861826
NY.GDP.MKTP.KD	3.63331752358772e-10	0.00038551935442593	0.000261769562240748
IT.MLT.MAIN_max2	3.59858965320651e-10	1.9147539105346e-05	6.04083605170956e-05
ER.FSH.CAPT.MT_max2	3.57217728987472e-10	3.38584532960387e-05	2.01361201723652e-05
SP.POP.1564.FE.IN	3.547096754918e-10	1.26871905454122e-05	4.02722403447304e-05
SH.IMM.MEAS_delta1	3.51278722547247e-10	4.36657294231672e-05	8.05444806894607e-05
BX.GSR.TRAN.ZS_ratiomax2	3.35369702509483e-10	8.17273010594038e-06	2.01361201723652e-05
DC.DAC.TOTL.CD_delta1	3.26225711132593e-10	9.57376955267301e-06	2.01361201723652e-05
IT.MLT.MAIN_ratiomax2	3.09430874692158e-10	3.15233875514843e-05	4.02722403447304e-05
SE.SEC.ENRR.MA_isNA_rank	3.00533765821291e-10	0.000348936657761245	0.000463130763964399
NE.CON.GOVT.CD_min2	2.96754313190701e-10	5.52632226211206e-06	2.01361201723652e-05
IS.AIR.DPRT_delta1	2.90404239254081e-10	0.000117920820099997	0.000100680600861826
TM.VAL.MRCH.WL.CD_lag1	2.77124268066496e-10	0.000169292266480193	0.000100680600861826
EG.ELC.NGAS.ZS_ratiomax2	2.73528909756671e-10	1.08191379497687e-05	2.01361201723652e-05
NY.GDP.COAL.RT.ZS_rank	2.64460028040371e-10	1.05856313753132e-05	4.02722403447304e-05
BX.PEF.TOTL.CD.WD_avg2	2.56969401811417e-10	1.84470193819797e-05	6.04083605170956e-05
BM.GSR.CMCP.ZS_max2	2.51100091872351e-10	0.00013208688561696	0.000241633442068382
EN.GHG.CH4.MT.CE.AR5	2.49638122945433e-10	6.38251303511534e-06	2.01361201723652e-05
DT.ODA.ODAT.PC.ZS_max2	2.48235797904249e-10	1.36990523680524e-05	4.02722403447304e-05
EG.ELC.HYRO.ZS_ratiomax2	2.43305773911809e-10	0.000157772608807059	0.000100680600861826
SP.POP.7579.FE.5Y	2.42865893194823e-10	8.0948945811219e-06	2.01361201723652e-05
FI.RES.TOTL.MO_delta1	2.40356095608091e-10	8.32840115557734e-06	2.01361201723652e-05
EN.POP.DNST_rank	2.2996353724668e-10	5.3706512124751e-06	2.01361201723652e-05
EN.GHG.CH4.AG.MT.CE.AR5_max2	2.2696900872906e-10	1.08969734745872e-05	2.01361201723652e-05
AG.PRD.CREL.MT_min2	2.19194558536788e-10	1.05856313753132e-05	2.01361201723652e-05
FI.RES.XGLD.CD_rank	2.12175636268732e-10	1.25315194957752e-05	4.02722403447304e-05
AG.PRD.FOOD.XD_lag1	2.07817522384692e-10	0.000141271477545541	0.000201361201723652
BX.GSR.TRAN.ZS_delta1	2.02861635508441e-10	1.45552431410557e-05	4.02722403447304e-05
FS.AST.CGOV.GD.ZS_min2	1.97258016816703e-10	0.000985709086301228	0.000745036446377512
AG.PRD.LVSK.XD_delta1	1.88776109671304e-10	2.83321310339266e-05	6.04083605170956e-05
SP.POP.1564.TO	1.83536856971597e-10	6.30467751029686e-06	2.01361201723652e-05
EN.GHG.N2O.BU.MT.CE.AR5_min2	1.81069536848982e-10	2.55300521404614e-05	4.02722403447304e-05
BM.GSR.TRVL.ZS_delta1	1.78104044919821e-10	2.07042496017156e-05	4.02722403447304e-05
NY.GDP.MKTP.KD.ZG_rank	1.75005344876471e-10	2.35063284951809e-05	2.01361201723652e-05
SP.POP.0014.FE.ZS_rank	1.73920093693994e-10	2.84878020835636e-05	6.04083605170956e-05
BM.GSR.CMCP.ZS_delta1	1.72387518033839e-10	9.34026297821757e-05	0.000140952841206556
EN.GHG.CH4.PI.MT.CE.AR5_ratiomax2	1.69185997607086e-10	8.53077352010538e-05	8.05444806894607e-05
EN.URB.LCTY.UR.ZS	1.67993479542073e-10	1.51000918147851e-05	2.01361201723652e-05
EN.GHG.CH4.FE.MT.CE.AR5_avg2	1.65862212906769e-10	5.91549988620446e-06	2.01361201723652e-05
EN.GHG.ALL.PC.CE.AR5_lag1	1.62651695141381e-10	8.0948945811219e-06	2.01361201723652e-05
NY.GNP.MKTP.CN	1.56124712397964e-10	7.86138800666646e-06	2.01361201723652e-05
NE.CON.PRVT.KD	1.54140265370111e-10	5.91549988620446e-06	2.01361201723652e-05
SP.POP.TOTL.MA.ZS_delta1	1.51215576324882e-10	6.07117093584142e-06	2.01361201723652e-05
BM.GSR.TOTL.CD_isNA_rank	1.46573709103821e-10	0.00109351128817482	0.000906125407756434
EG.ELC.HYRO.ZS_delta1	1.41182710282786e-10	0.000104299603256763	0.000181225081551287
BM.GSR.TRAN.ZS_max2	1.38657969042661e-10	7.86138800666646e-06	2.01361201723652e-05
NY.ADJ.DKAP.CD_lag1	1.30988467634091e-10	1.53335983892405e-05	2.01361201723652e-05
EN.URB.MCTY.TL.ZS_avg2	1.29000977728167e-10	4.32765517990748e-05	0.000100680600861826
TM.VAL.MRCH.R2.ZS_rank	1.28310390536885e-10	6.38251303511534e-06	2.01361201723652e-05
EN.GHG.CH4.IC.MT.CE.AR5_min2	1.27322144940789e-10	3.05893612536626e-05	6.04083605170956e-05
MS.MIL.XPND.CD_delta1	1.22104017228071e-10	0.000135433813184155	8.05444806894607e-05
BX.GSR.TRAN.ZS_max2	1.16180755396101e-10	5.91549988620446e-06	2.01361201723652e-05
EN.GHG.CH4.BU.MT.CE.AR5_avg2	1.10687841713677e-10	9.80727612712845e-06	2.01361201723652e-05
EG.ELC.FOSL.ZS_delta1	1.00881596528771e-10	2.98888415302962e-05	8.05444806894607e-05
AG.LND.TOTL.K2_max2	9.80613939804268e-11	0.000237009173072271	0.000140952841206556
EN.GHG.N2O.IC.MT.CE.AR5_max2	9.40266014425069e-11	4.07858150048834e-05	8.05444806894607e-05
EN.GHG.CH4.PI.MT.CE.AR5_avg2	8.57297659621159e-11	5.13714463801967e-06	2.01361201723652e-05
SP.POP.0509.FE.5Y_lag1	8.36767812109945e-11	5.44848673729358e-06	2.01361201723652e-05
BX.TRF.PWKR.CD.DT_max2	8.33965670738267e-11	1.5567104963696e-05	4.02722403447304e-05
EN.GHG.CO2.RT.GDP.KD_ratiomax2	8.10549305131243e-11	1.86026904316167e-05	4.02722403447304e-05
BM.KLT.DINV.WD.GD.ZS_delta1	8.06527579650552e-11	8.10267813360374e-05	6.04083605170956e-05
TM.VAL.MRCH.WL.CD_delta1	7.42681409987286e-11	1.3621216843234e-05	4.02722403447304e-05
AG.SRF.TOTL.K2	7.31756847770354e-11	2.4985203466732e-05	2.01361201723652e-05
EN.GHG.CH4.AG.MT.CE.AR5_lag1	6.92164337755146e-11	1.01186182264024e-05	2.01361201723652e-05
EN.GHG.CO2.IC.MT.CE.AR5_min2	6.90439204208023e-11	1.53335983892405e-05	2.01361201723652e-05
AG.PRD.FOOD.XD_ratioavg2	6.84419341216585e-11	1.31542036943231e-05	4.02722403447304e-05
IS.AIR.PSGR_delta1	6.78231388289786e-11	1.67346378359732e-05	2.01361201723652e-05
EN.URB.MCTY.TL.ZS_lag1	6.75927513512212e-11	2.44403547930027e-05	4.02722403447304e-05
ER.FSH.PROD.MT_delta1	5.71832779033247e-11	0.000105934149277951	0.000100680600861826
FI.RES.TOTL.CD_rank	5.56338254419716e-11	9.96294717676541e-06	2.01361201723652e-05
SP.POP.3539.FE.5Y_lag1	5.56189627529503e-11	5.60415778693054e-06	2.01361201723652e-05
BM.GSR.TRAN.ZS_min2	5.54119846423186e-11	1.20645063468644e-05	2.01361201723652e-05
FM.AST.DOMS.CN_delta1	5.51003989831923e-11	3.6660532189504e-05	4.02722403447304e-05
BM.GSR.GNFS.CD	5.2909640517195e-11	6.84952618402622e-06	2.01361201723652e-05
EG.ELC.COAL.ZS_max2	5.0677621027403e-11	5.44848673729358e-06	2.01361201723652e-05
NE.TRD.GNFS.ZS_rank	5.05217160325634e-11	1.18309997724089e-05	4.02722403447304e-05
NV.SRV.TOTL.KD_delta1	4.98668728836477e-11	3.80615716362366e-05	6.04083605170956e-05
AG.PRD.CREL.MT_avg2	4.35327829679184e-11	2.41290126937287e-05	4.02722403447304e-05
BX.TRF.CURR.CD_ratiomax2	4.2673791265069e-11	1.62676246870623e-05	2.01361201723652e-05
EN.GHG.CH4.WA.MT.CE.AR5_rank	4.25795629541243e-11	5.91549988620446e-06	2.01361201723652e-05
SH.IMM.IDPT_delta1	4.20209030231325e-11	0.000818362707941496	0.000906125407756434
BX.GSR.NFSV.CD_lag1	4.19176203652548e-11	1.24536839709568e-05	2.01361201723652e-05
EN.GHG.CO2.PC.CE.AR5_delta1	3.74035762096938e-11	3.54929993172268e-05	4.02722403447304e-05
BX.GSR.NFSV.CD_isNA_rank	3.68450231492047e-11	1.75908286089764e-05	2.01361201723652e-05
BX.TRF.PWKR.CD.DT_rank	3.35535773469868e-11	2.66197494879201e-05	4.02722403447304e-05
BX.GSR.FCTY.CD_avg2	3.13705172104539e-11	6.1490064606599e-06	2.01361201723652e-05
EN.GHG.N2O.WA.MT.CE.AR5_min2	3.0964643208263e-11	9.10675640376213e-06	2.01361201723652e-05
AG.LND.CROP.ZS_ratiomax2	3.09375466051492e-11	2.03929075024417e-05	4.02722403447304e-05
EN.GHG.CH4.MT.CE.AR5_min2	3.00097723111751e-11	7.55004590739254e-06	2.01361201723652e-05
EN.GHG.N2O.FE.MT.CE.AR5_avg2	2.84778663596717e-11	8.79541430448822e-06	2.01361201723652e-05
AG.LND.AGRI.K2_delta1	2.34811963468954e-11	3.77502295369627e-05	4.02722403447304e-05
SP.POP.TOTL.FE.IN_delta1	2.34743056864108e-11	7.72128406199319e-05	8.05444806894607e-05
SH.MMR.DTHS_delta1	2.33414196771286e-11	5.25389792524739e-05	8.05444806894607e-05
IS.AIR.DPRT_ratiomax2	2.15551506978756e-11	2.34284929703624e-05	4.02722403447304e-05
EN.GHG.ALL.MT.CE.AR5_ratiomax2	1.80007211617089e-11	1.65789667863362e-05	2.01361201723652e-05
EN.URB.LCTY.UR.ZS_delta1	1.68883923336305e-11	5.64307554933978e-05	6.04083605170956e-05
BX.GSR.GNFS.CD_max2	1.48690160908254e-11	8.40623668039582e-06	2.01361201723652e-05
SP.POP.80UP.MA.5Y_rank	1.21388047014989e-11	7.03633144359057e-05	0.000140952841206556
IT.CEL.SETS_delta1	1.15772519603935e-11	1.04299603256763e-05	2.01361201723652e-05
AG.LND.ARBL.ZS_min2	1.08946816242638e-11	2.73202692112864e-05	6.04083605170956e-05
TM.VAL.MRCH.WR.ZS_rank	1.07247808516061e-11	7.00519723366318e-06	2.01361201723652e-05
EN.GHG.N2O.MT.CE.AR5_avg2	9.89950429307532e-12	1.03521248008578e-05	2.01361201723652e-05
SP.POP.4044.FE.5Y_rank	9.58333190353469e-12	2.7086762636831e-05	4.02722403447304e-05
BM.GSR.TRAN.ZS_ratiomax2	9.11241388946754e-12	1.61119536374253e-05	4.02722403447304e-05
EN.GHG.CH4.FE.MT.CE.AR5_lag1	8.88437289204469e-12	0.000659500401786979	0.000583947484998591
BM.GSR.FCTY.CD_rank	8.82909131283485e-12	1.19866708220459e-05	2.01361201723652e-05
MS.MIL.XPND.GD.ZS_rank	8.80378698445479e-12	1.05856313753132e-05	2.01361201723652e-05
NE.CON.PRVT.ZS_delta1	5.4993517323213e-12	6.61601960957078e-06	2.01361201723652e-05
EN.GHG.N2O.BU.MT.CE.AR5_lag1	4.63790542667992e-12	1.36990523680524e-05	2.01361201723652e-05
AG.PRD.CROP.XD_ratiomax2	3.96256066707142e-12	2.79429534098342e-05	2.01361201723652e-05
ER.FSH.AQUA.MT_rank	3.60469498297899e-12	1.1675328722772e-05	2.01361201723652e-05
FM.LBL.BMNY.GD.ZS_max2	2.69360744608656e-12	1.58784470629699e-05	2.01361201723652e-05
FS.AST.CGOV.GD.ZS_avg2	2.54512698290194e-12	2.44403547930027e-05	4.02722403447304e-05
AG.LND.ARBL.ZS_lag1	2.42089218956417e-12	8.4840722052143e-06	2.01361201723652e-05
EN.GHG.N2O.PI.MT.CE.AR5_rank	1.83886775508887e-12	1.66568023111547e-05	2.01361201723652e-05
EN.URB.MCTY.TL.ZS_rank	1.70034600840472e-12	6.84952618402622e-06	2.01361201723652e-05
BX.TRF.PWKR.DT.GD.ZS_ratiomax2	1.55017259994773e-12	8.01705905630342e-06	2.01361201723652e-05
EN.GHG.CO2.BU.MT.CE.AR5_ratiomax2	1.057848099593e-12	2.14047693250819e-05	2.01361201723652e-05
EN.GHG.CH4.MT.CE.AR5_max2	7.62002309343338e-13	1.15974931979535e-05	2.01361201723652e-05
EN.GHG.ALL.PC.CE.AR5_ratiomax2	4.26434691188192e-13	0.000191786733152734	0.000140952841206556
NY.ADJ.NNTY.CD_lag1	1.08674576503696e-13	9.34026297821757e-06	2.01361201723652e-05
BM.KLT.DINV.CD.WD_avg2	3.34220094771765e-14	6.22684198547838e-06	2.01361201723652e-05
